period,grid_cell,CTI
P1,56,8.319422056576038
P1,57,8.447217587082594
P1,128,8.47800945964428
P1,198,8.35364643389112
P1,199,8.564846012975252
P1,203,8.050514933021107
P1,270,8.252923396116778
P1,271,8.303891590618461
P1,272,8.29896239302127
P1,274,8.518115184282388
P1,276,8.421370810503543
P1,341,8.396012296668298
P1,342,8.152556761796106
P1,343,8.236355468475557
P1,344,8.164217362279057
P1,345,8.065986188226674
P1,347,8.042426451458171
P1,412,8.302116847238281
P1,413,8.536486475189607
P1,414,8.530201359887185
P1,415,8.513663808796588
P1,416,8.49535786657378
P1,417,8.1684146457659
P1,418,8.191226962575874
P1,483,8.129708901682067
P1,484,8.099192960153609
P1,485,8.129149201227818
P1,486,8.197346009674039
P1,487,8.188390724364735
P1,554,8.132814961814361
P1,555,8.105912333821442
P1,556,8.035657788195996
P1,557,8.013009421494852
P1,558,8.044210538054989
P1,559,8.090492743812849
P1,560,8.0346619496618
P1,561,7.967087690382686
P1,563,8.10206342682487
P1,564,8.035005428905993
P1,592,8.842065849714315
P1,593,9.17801884296667
P1,625,8.119374148099094
P1,626,8.131014196396048
P1,627,8.149499660832372
P1,628,8.120765684111554
P1,629,8.1803483740665
P1,630,8.199931867601784
P1,634,8.43831075190174
P1,635,8.26690074906704
P1,636,8.074991868738548
P1,637,8.186843504776242
P1,640,8.511819305565036
P1,663,8.603272520768197
P1,664,8.56436129808293
P1,665,8.624144260115287
P1,666,8.480329170011732
P1,696,8.21599599918727
P1,698,8.172957889744815
P1,699,8.25095855886161
P1,700,7.949480914865714
P1,701,7.967441897788869
P1,702,7.9680833353483616
P1,704,8.212367900670257
P1,705,8.29829529993215
P1,706,8.273571596019204
P1,708,8.142925600774586
P1,710,8.21338729613441
P1,711,8.273826514300065
P1,712,8.22513137706149
P1,716,8.725081044278264
P1,717,8.47926893296146
P1,735,9.063214417535333
P1,736,9.162310313229137
P1,737,8.72238817193464
P1,738,9.245840194808766
P1,772,7.86900440007405
P1,773,7.8407096411293
P1,774,7.885038740593003
P1,775,7.856490876555869
P1,776,7.881137361613401
P1,777,7.944078487528165
P1,778,7.898014932878673
P1,783,8.052038581892363
P1,784,8.149945269863437
P1,787,8.198595505101126
P1,788,8.385337285133167
P1,804,8.599003416905607
P1,805,9.809988294123063
P1,806,9.798758775150532
P1,807,9.712493166149647
P1,808,9.844351326693086
P1,809,8.456450302865749
P1,810,8.480222044632853
P1,811,8.512393891146635
P1,812,8.49494699880202
P1,813,8.645864460377968
P1,845,8.228833143441662
P1,846,8.225287442799035
P1,847,8.199720518880529
P1,848,8.128230490520966
P1,849,8.187269170189808
P1,850,8.312257227129587
P1,851,8.090585736262204
P1,855,8.052420632920441
P1,856,8.057633644793126
P1,857,8.189022551561363
P1,858,8.499819549324515
P1,859,8.275747153383078
P1,860,8.24161886095371
P1,876,8.20122526050264
P1,877,8.246273520925122
P1,878,8.292583512982972
P1,879,8.258105104986775
P1,881,8.32206150883657
P1,882,8.301829020701952
P1,883,8.178291114949209
P1,884,8.47002086364015
P1,885,8.432144580235944
P1,916,8.143016380366705
P1,917,8.124832748798678
P1,918,7.816445768281659
P1,920,7.8109600437466655
P1,921,7.844421327239125
P1,922,7.937558438998178
P1,923,7.970710178579739
P1,927,7.822617328168575
P1,929,7.821674496765757
P1,931,7.854150236353981
P1,947,8.787882916864653
P1,948,8.66032400843378
P1,949,8.873981036309774
P1,950,8.584969673940526
P1,951,8.453620219603547
P1,952,8.533823823796158
P1,953,8.645292552133643
P1,955,9.627344196835603
P1,956,9.502080639790382
P1,985,7.8299610063181495
P1,986,7.831689707178408
P1,987,7.842932264145577
P1,988,7.886301066772735
P1,989,7.868452564467653
P1,991,7.892457620064734
P1,992,7.92487624575227
P1,993,7.921751483851755
P1,994,7.9503635681103955
P1,995,8.009683058939716
P1,996,8.0120897737508
P1,997,8.140821852565908
P1,999,8.181856321624338
P1,1001,8.02759600523657
P1,1002,7.959819820364733
P1,1003,7.970053468155901
P1,1018,8.588790786365323
P1,1019,8.796809173253235
P1,1021,8.287604359255544
P1,1022,8.14214318002762
P1,1023,8.179936540763075
P1,1025,8.17362463618455
P1,1027,8.136381609478224
P1,1028,8.117200755343768
P1,1029,8.133806058643822
P1,1055,8.105352759026212
P1,1057,8.195816277336263
P1,1058,8.298940490628873
P1,1061,8.074188876712121
P1,1063,8.053621441765454
P1,1064,8.123863272754335
P1,1065,8.099010035535615
P1,1066,8.080769732295233
P1,1068,7.797713385028844
P1,1069,7.807151713970643
P1,1070,7.846979517306847
P1,1073,7.901658310345533
P1,1075,7.913751201503102
P1,1076,7.885493797157908
P1,1089,8.620325803553028
P1,1090,8.640841468790644
P1,1091,8.70305634006345
P1,1092,8.679328415691298
P1,1093,8.707012295991705
P1,1094,8.787637937444847
P1,1095,8.949428507860494
P1,1096,8.97856445999319
P1,1097,8.80562682206398
P1,1098,8.91477270830799
P1,1100,8.654445400704452
P1,1101,8.432513042896732
P1,1103,9.455039455062186
P1,1126,7.840754196323051
P1,1127,7.8416143100922975
P1,1128,7.837927485121457
P1,1129,7.853864744283516
P1,1130,7.833268081233311
P1,1131,7.918280791329995
P1,1133,8.002186968422095
P1,1134,8.039236403892966
P1,1137,8.110630762009277
P1,1138,8.064603461650774
P1,1139,8.09206132759435
P1,1140,8.115253317373815
P1,1142,8.272183861904677
P1,1143,8.369105641032647
P1,1144,8.315642981247457
P1,1145,8.514532860160594
P1,1161,8.596062632625673
P1,1162,8.421563108566616
P1,1163,8.450221959828596
P1,1164,8.391079400546529
P1,1165,8.342226695692585
P1,1166,8.241508714732685
P1,1167,8.240390774523549
P1,1168,8.279854835673293
P1,1169,8.254721540293076
P1,1170,8.253119546861885
P1,1171,8.240828404362668
P1,1172,8.247562307119196
P1,1173,8.232229806900689
P1,1175,8.194890776343954
P1,1196,8.494943127087517
P1,1197,8.669755094772482
P1,1198,8.80451395673578
P1,1199,8.769061154755866
P1,1200,8.87660628638182
P1,1201,8.177890514014393
P1,1202,8.100330420219567
P1,1203,8.195254583359546
P1,1204,8.065379784912501
P1,1205,8.080140760384447
P1,1206,8.118416140207826
P1,1207,8.112488841540346
P1,1208,8.133589635679833
P1,1209,8.077987953264069
P1,1210,8.065920058862794
P1,1211,8.021703974123652
P1,1212,8.119734139222427
P1,1213,7.8760207560821565
P1,1214,7.890203914863939
P1,1215,7.922325034198413
P1,1216,7.947322020940517
P1,1234,8.704027933417084
P1,1235,8.737792047543426
P1,1236,8.701582264116476
P1,1237,8.70809216771347
P1,1238,8.787742165579363
P1,1239,8.92542924255709
P1,1240,8.948415581393819
P1,1241,9.108188942649521
P1,1242,9.019513851139646
P1,1243,9.375655432162372
P1,1244,9.459848163374895
P1,1246,9.5118693589085
P1,1247,9.196991679585565
P1,1248,9.301137109803136
P1,1249,9.350344466449206
P1,1268,7.978203196812335
P1,1269,8.078392183528972
P1,1270,8.055784371547787
P1,1271,8.026604819390098
P1,1272,7.94771359620454
P1,1273,7.898102077477026
P1,1274,7.910302569387743
P1,1275,7.931302053087965
P1,1276,7.962710782030922
P1,1277,7.98633727424527
P1,1279,8.060849056487452
P1,1280,8.0763826349678
P1,1281,8.128029567805813
P1,1282,8.171873641518282
P1,1283,8.216652319442067
P1,1284,8.265207093092755
P1,1286,8.265228614756055
P1,1287,8.375434968895389
P1,1288,8.46462695813481
P1,1289,8.46542353005303
P1,1305,8.713547320745443
P1,1306,8.792051183755397
P1,1307,8.950954015080459
P1,1308,9.321922983002882
P1,1309,8.829979256470734
P1,1312,8.207860412458519
P1,1313,8.272890402817689
P1,1314,8.283289872075844
P1,1315,8.286173602735895
P1,1316,8.307463772349834
P1,1319,8.329856586403269
P1,1320,8.297888010787615
P1,1321,8.27679365444182
P1,1322,8.237462193290918
P1,1328,8.299278561499035
P1,1339,8.138694942632926
P1,1340,8.233611232131167
P1,1341,8.20770481319895
P1,1344,8.237513670898297
P1,1345,8.20582343478449
P1,1346,8.302924160454037
P1,1348,8.148248780423122
P1,1349,8.172261771417576
P1,1351,8.22332833522892
P1,1352,8.242210812031736
P1,1353,8.361737468314493
P1,1354,8.420297244752568
P1,1355,8.510583988557684
P1,1357,8.289432010115942
P1,1358,8.686051063148806
P1,1359,9.030940105199168
P1,1360,8.040459624428067
P1,1361,8.116175014217543
P1,1377,8.627458654556703
P1,1379,8.777187080756525
P1,1380,8.6754517792274
P1,1381,8.798328304727637
P1,1382,8.607833240317238
P1,1383,9.378249052100404
P1,1384,8.845072776037762
P1,1385,8.51781258044532
P1,1386,8.58718450835905
P1,1393,8.445619425078563
P1,1400,8.52847050595887
P1,1410,8.05395434732262
P1,1412,8.01175516814483
P1,1413,7.9996548033389105
P1,1414,8.048753696709326
P1,1415,8.10562710172577
P1,1416,8.236881117486604
P1,1417,8.271545690166807
P1,1418,8.536058324245289
P1,1419,8.371516559344688
P1,1420,8.371920298576162
P1,1421,8.231575560194024
P1,1422,8.270763068005547
P1,1423,8.284515831914193
P1,1424,8.24455903412294
P1,1425,8.338066142583841
P1,1426,8.445838972193112
P1,1427,8.399322800506386
P1,1428,8.486767803351633
P1,1429,8.196837330311416
P1,1430,8.170086833618187
P1,1448,9.311075454311409
P1,1449,8.64297626654184
P1,1450,8.569590193568509
P1,1452,8.479534354618758
P1,1453,8.387445348089996
P1,1454,8.475585802886098
P1,1455,8.365664684681864
P1,1456,8.518398949369208
P1,1462,8.848010251869457
P1,1465,8.618651612104369
P1,1466,8.50143418919088
P1,1468,8.596501921392136
P1,1471,8.501051563591682
P1,1476,8.56198682564852
P1,1479,8.417622234236358
P1,1480,8.318648564674675
P1,1481,8.328050363951306
P1,1482,8.336122239201968
P1,1483,8.212060803227134
P1,1484,8.216718809830581
P1,1485,8.200326942713298
P1,1486,8.190297785039787
P1,1487,8.288067235066817
P1,1488,8.4117051363892
P1,1489,8.503191464983802
P1,1490,8.389981600676867
P1,1491,8.75710275798624
P1,1492,8.495327551662113
P1,1493,8.241647815518931
P1,1494,8.472570839650663
P1,1495,8.753778326501138
P1,1496,8.761912157347146
P1,1497,9.135390575191357
P1,1498,8.556362028652236
P1,1499,8.531570720475827
P1,1500,8.585145043868398
P1,1502,8.807976399220236
P1,1518,9.127815915557608
P1,1520,9.162412124705916
P1,1521,9.106221397934927
P1,1522,9.297998310259317
P1,1523,9.373593832898951
P1,1528,9.863025170949811
P1,1529,9.83476759498791
P1,1533,8.672991504544578
P1,1536,8.746775208925037
P1,1537,8.544114214786678
P1,1538,8.479056229399111
P1,1539,8.552415489794889
P1,1540,8.627353863345538
P1,1542,8.843206684318499
P1,1550,8.443823368696483
P1,1551,8.404245635277862
P1,1552,8.443420726479967
P1,1553,8.475267212690543
P1,1554,8.435480152736558
P1,1555,8.6810902446354
P1,1556,8.805178464292164
P1,1557,8.789738953455702
P1,1558,8.808459365435263
P1,1559,8.800316613865425
P1,1560,8.770392023414143
P1,1561,8.772340967627091
P1,1562,8.778205129546919
P1,1563,8.787784240396372
P1,1564,8.800821340062525
P1,1565,8.816987016885832
P1,1566,8.60720910546347
P1,1567,8.61835127563246
P1,1568,8.741268934064536
P1,1569,8.739099039742182
P1,1570,8.801705269894844
P1,1571,8.870798152646527
P1,1586,9.676274435577323
P1,1587,9.534826248066947
P1,1588,9.578905407197974
P1,1589,9.697971985581804
P1,1590,9.637530083095642
P1,1591,9.372194118413827
P1,1592,8.435470261752853
P1,1593,8.56857140970719
P1,1594,10.022292905134643
P1,1602,9.206185604817424
P1,1608,8.465651877593379
P1,1609,8.868155141751366
P1,1610,9.181960498051025
P1,1612,9.207492289746385
P1,1613,8.920803080580107
P1,1614,8.506740825843055
P1,1616,8.483444041161263
P1,1617,8.514014227088584
P1,1618,8.503340851845744
P1,1619,8.582365393322341
P1,1620,8.560039361754182
P1,1621,8.697563644424795
P1,1622,8.728685629873318
P1,1623,8.699332873814754
P1,1624,8.879350286440966
P1,1625,8.869878932741484
P1,1626,8.747112320027384
P1,1627,8.21572062379387
P1,1629,8.830129165996793
P1,1630,8.822237167436823
P1,1631,8.818907792522452
P1,1632,8.669128100167056
P1,1633,8.862949277638688
P1,1634,8.94221566604845
P1,1635,8.930348632931299
P1,1636,8.918895391114342
P1,1637,8.971281178364427
P1,1639,8.627140378982928
P1,1640,8.80068582530705
P1,1641,8.946910698801007
P1,1642,8.987913095528263
P1,1658,8.798686579800528
P1,1659,10.228552243723996
P1,1660,9.802598642746668
P1,1661,9.81470926523368
P1,1662,9.81774557488077
P1,1666,9.555044161193429
P1,1669,9.565181361494997
P1,1672,8.936514762849173
P1,1674,9.533401964860534
P1,1675,9.216697954064927
P1,1676,9.170836136911998
P1,1678,9.44310469360343
P1,1679,9.343109965470287
P1,1680,9.4998915857546
P1,1681,9.719408274121877
P1,1684,9.053260975416292
P1,1685,9.465262541240676
P1,1686,9.38320150850369
P1,1687,9.149310077580635
P1,1688,9.281680257054163
P1,1689,9.305257295358796
P1,1692,9.334384836195035
P1,1693,8.822348720939543
P1,1694,8.571575599623179
P1,1695,8.552015625201632
P1,1696,8.654187646069552
P1,1697,8.709564395506717
P1,1698,8.71412391620769
P1,1699,8.733481981963939
P1,1700,8.795075756739735
P1,1701,8.985511239958646
P1,1702,9.228088749865979
P1,1703,9.41021717555918
P1,1704,9.435661215143504
P1,1705,8.734671355270159
P1,1706,8.7445369023351
P1,1707,8.900583930760588
P1,1708,9.167148283629466
P1,1710,9.275614107476489
P1,1711,8.850994280451562
P1,1712,8.924574747942058
P1,1731,10.25922162065005
P1,1732,9.784545394522508
P1,1733,10.111633549237032
P1,1734,10.152416410929842
P1,1738,10.105936002771834
P1,1739,10.091579412272486
P1,1743,9.988244814026784
P1,1748,9.839212728904373
P1,1749,9.806310939991022
P1,1753,9.662405990994438
P1,1755,9.582249878312044
P1,1756,9.539965466456175
P1,1757,9.496204223554805
P1,1758,9.451028206656982
P1,1759,9.404594694953818
P1,1760,9.357193110775443
P1,1761,9.30926643632505
P1,1762,9.26140399126882
P1,1764,9.168726654330154
P1,1765,9.125441247610365
P1,1766,9.08520534688848
P1,1767,9.048732655457513
P1,1769,8.989447334360934
P1,1770,8.967440218297694
P1,1772,8.939427501354086
P1,1773,8.933272293465857
P1,1774,8.932052604290133
P1,1775,8.93540779175975
P1,1776,8.942881510086353
P1,1777,8.953949013138054
P1,1778,8.968893228284559
P1,1779,9.007591987892555
P1,1782,9.030104319510633
P1,1783,9.022692876861468
P1,1803,10.29246715673723
P1,1804,10.27933086478729
P1,1805,10.26015494060104
P1,1806,10.240235655183666
P1,1807,10.219565711011825
P1,1809,10.175944236183716
P1,1815,10.026026738134815
P1,1816,9.998066342017834
P1,1819,9.908433150375417
P1,1820,9.87647606721745
P1,1821,9.843384562459471
P1,1823,9.773547154759031
P1,1824,9.736677297254712
P1,1825,9.698432647468096
P1,1826,9.658770969667108
P1,1828,9.575122387173149
P1,1829,9.531176791464953
P1,1830,9.4859347685143
P1,1831,9.43959694071051
P1,1832,9.39249408791707
P1,1833,9.34510688452215
P1,1834,9.298057625677682
P1,1835,9.252072174959448
P1,1836,9.20792731053843
P1,1837,9.166405328950855
P1,1838,9.12826315120108
P1,1839,9.094201590397057
P1,1840,9.064822490944026
P1,1841,9.040583886302931
P1,1842,9.0217713559113335
P1,1843,9.008490114049227
P1,1844,9.000668159938883
P1,1845,8.998061569785586
P1,1846,9.00026654147033
P1,1847,9.006750223279818
P1,1848,9.016902868287579
P1,1849,9.030100226153847
P1,1850,9.045760946869155
P1,1851,9.067074573971842
P1,1852,9.079641083938673
P1,1853,9.14072113129425
P1,1854,9.145458562634182
P1,1855,9.180252713982853
P1,1856,9.200493290357073
P1,1875,10.32793923496184
P1,1876,10.316650310852015
P1,1877,10.298634827278494
P1,1878,10.279142434096439
P1,1879,10.258862398644242
P1,1880,10.237785390702536
P1,1881,10.215902240731777
P1,1882,10.19320332676516
P1,1884,10.145313217074666
P1,1892,9.917394012005445
P1,1895,9.814107948410442
P1,1896,9.777076918604976
P1,1897,9.738661011543822
P1,1899,9.657591656893214
P1,1900,9.614972101920413
P1,1901,9.571059144763275
P1,1902,9.526007851111613
P1,1903,9.480070560496443
P1,1904,9.433624317185567
P1,1905,9.387185360358998
P1,1906,9.34139744903422
P1,1907,9.296992765864921
P1,1908,9.254741847947523
P1,1909,9.215414386298878
P1,1910,9.179754382781905
P1,1911,9.148451699359653
P1,1912,9.122097676402916
P1,1913,9.101133591828907
P1,1914,9.085806926316854
P1,1916,9.071933830918093
P1,1917,9.072756389497915
P1,1918,9.078020846846092
P1,1919,9.087050395596501
P1,1920,9.099166992465078
P1,1921,9.113761645610689
P1,1922,9.13033679330026
P1,1923,9.148520493345481
P1,1924,9.17550124338337
P1,1925,9.196134783265922
P1,1926,9.21061954743575
P1,1927,9.225736564900226
P1,1928,9.242226579170572
P1,1950,10.320641975544264
P1,1951,10.30086163111927
P1,1952,10.280249535504474
P1,1953,10.258794287200601
P1,1967,9.8593345375565
P1,1968,9.822297044826856
P1,1969,9.783881623381218
P1,1970,9.744081135220865
P1,1971,9.70292443225352
P1,1972,9.660487801401123
P1,1973,9.6169078856329
P1,1974,9.572397479140442
P1,1975,9.527264445497753
P1,1976,9.481929393714305
P1,1977,9.436931828311643
P1,1978,9.3929144002132
P1,1979,9.350586648429049
P1,1980,9.310686461075655
P1,1981,9.273957718425319
P1,1982,9.241136957185603
P1,1983,9.212921121287529
P1,1984,9.189902944682746
P1,1985,9.172489813996565
P1,1986,9.160834177746263
P1,1987,9.15479907909466
P1,1988,9.153973934719838
P1,1989,9.157743478818052
P1,1990,9.16539269398586
P1,1991,9.176214486457983
P1,1992,9.189589744569037
P1,1993,9.205027296915677
P1,1994,9.22216856559048
P1,1995,9.24076881822032
P1,1996,9.260665725091902
P1,1997,9.278862550123849
P1,1998,9.284866974407112
P1,2024,10.325918913723168
P1,2027,10.260553983198003
P1,2028,10.236955233539245
P1,2039,9.91006756189793
P1,2040,9.873224207030232
P1,2041,9.835032694879677
P1,2044,9.712820036645514
P1,2045,9.66996598072314
P1,2046,9.6264448142771
P1,2047,9.582615645663779
P1,2048,9.538929355871616
P1,2049,9.495925420358493
P1,2050,9.454214798407596
P1,2051,9.414454962926714
P1,2052,9.377335401484359
P1,2053,9.343580008791173
P1,2054,9.313937616498988
P1,2055,9.289121720771277
P1,2056,9.26969961586758
P1,2057,9.25597561790944
P1,2058,9.24792100974518
P1,2059,9.245180991409626
P1,2060,9.247157322855907
P1,2061,9.25313558349384
P1,2062,9.262410476043632
P1,2063,9.274371848810143
P1,2064,9.288539678935726
P1,2065,9.304558442635678
P1,2066,9.322168980228904
P1,2067,9.341172467568871
P1,2068,9.361275607401181
P1,2069,9.357837955069916
P1,2111,9.967270893075895
P1,2112,9.93087453589041
P1,2113,9.893189606809809
P1,2114,9.854274358877158
P1,2116,9.77328130772466
P1,2117,9.731640928778514
P1,2118,9.689650078981135
P1,2119,9.647704107524225
P1,2120,9.606259903079964
P1,2121,9.565825869020053
P1,2122,9.526950270636098
P1,2123,9.490219324578016
P1,2124,9.456276792705264
P1,2125,9.425845214621582
P1,2126,9.399693060196196
P1,2127,9.378516697884647
P1,2128,9.362780672137562
P1,2129,9.352600781221017
P1,2130,9.347727764898337
P1,2131,9.347632241820035
P1,2132,9.351645684121605
P1,2133,9.359096941980102
P1,2134,9.369400620561125
P1,2135,9.38208653339477
P1,2136,9.396785802602043
P1,2137,9.413197412660796
P1,2138,9.431053525542197
P1,2139,9.450092923623217
P1,2140,9.470219475781871
P1,2171,10.368119453166353
P1,2182,10.066384994081064
P1,2183,10.031988027981798
P1,2184,9.99634819124312
P1,2186,9.921606125709179
P1,2187,9.88278381706919
P1,2188,9.843294291504996
P1,2189,9.803447078843721
P1,2191,9.72418099921408
P1,2193,9.64830222394722
P1,2194,9.612755745827485
P1,2195,9.579469600006494
P1,2196,9.54905579043171
P1,2197,9.522241754456099
P1,2198,9.499781838293275
P1,2199,9.48227881226701
P1,2200,9.470016545777677
P1,2201,9.462900641224202
P1,2202,9.460525214508655
P1,2203,9.462312753997487
P1,2204,9.467653568618475
P1,2205,9.47599457483928
P1,2206,9.486866422101738
P1,2207,9.499867656061811
P1,2208,9.514633578920145
P1,2209,9.530810482827928
P1,2210,9.548044150351032
P1,2211,9.565982491030994
P1,2212,9.584287722402934
P1,2213,9.608836295387118
P1,2214,9.65518600949542
P1,2240,10.486417096958592
P1,2241,10.469227220080048
P1,2250,10.260112207367973
P1,2254,10.13862571872202
P1,2255,10.105258034603619
P1,2257,10.035197137592673
P1,2258,9.998775295426832
P1,2259,9.961716928907029
P1,2260,9.924320979154832
P1,2261,9.88693565314393
P1,2262,9.849936702492588
P1,2263,9.813703505372692
P1,2264,9.778600358623487
P1,2265,9.744974371218584
P1,2266,9.71318578481763
P1,2267,9.683675730831633
P1,2268,9.657030885773068
P1,2269,9.633960055721765
P1,2270,9.615142252710712
P1,2271,9.601025208604476
P1,2272,9.591705280819653
P1,2273,9.586947202599147
P1,2274,9.586301096970253
P1,2275,9.589235403330132
P1,2276,9.595227318293526
P1,2277,9.603795738142663
P1,2278,9.614494262935859
P1,2279,9.626892071568736
P1,2280,9.640563083312712
P1,2281,9.655090525264798
P1,2282,9.670083658673116
P1,2283,9.685198763529234
P1,2284,9.700156534933967
P1,2285,9.714750719645272
P1,2286,9.73504686856722
P1,2312,10.551814424589915
P1,2313,10.534723162064415
P1,2320,10.387810931251273
P1,2326,10.219961189398406
P1,2327,10.188018433643252
P1,2328,10.155089590848073
P1,2329,10.12134222937287
P1,2330,10.08701057326775
P1,2331,10.052389970989115
P1,2332,10.017819909185672
P1,2333,9.983657562831713
P1,2334,9.950246878882409
P1,2335,9.917891071965634
P1,2336,9.88684052961334
P1,2337,9.857312743410485
P1,2338,9.829557958320251
P1,2339,9.803954776654882
P1,2340,9.78106232122552
P1,2341,9.76154193529451
P1,2342,9.745961976904495
P1,2343,9.734615996044008
P1,2344,9.727466823403377
P1,2345,9.72421446739437
P1,2346,9.724412293725537
P1,2347,9.72756321497179
P1,2348,9.73316996882704
P1,2349,9.74074900454906
P1,2350,9.749830791316313
P1,2351,9.759964145856161
P1,2352,9.770730236265045
P1,2353,9.781762575762075
P1,2354,9.79276554888867
P1,2355,9.803524831380878
P1,2356,9.813906393481536
P1,2357,9.823844623367103
P1,2358,9.83899284667499
P1,2359,9.879057595669622
P1,2384,10.622460724896307
P1,2385,10.606663554940956
P1,2386,10.589968540329659
P1,2390,10.513717623677453
P1,2392,10.469565541112877
P1,2393,10.44589462099184
P1,2394,10.421129393511658
P1,2395,10.395254098680569
P1,2397,10.340190199498497
P1,2398,10.311083345537705
P1,2399,10.281056653133607
P1,2400,10.25028262318848
P1,2401,10.21900029334128
P1,2402,10.187508338112591
P1,2403,10.156144867253937
P1,2405,10.095153536192361
P1,2406,10.066085246662192
P1,2407,10.038207767418749
P1,2408,10.011602552550059
P1,2409,9.986333963368411
P1,2410,9.962553120368085
P1,2411,9.940603664174354
P1,2412,9.92103410972275
P1,2413,9.90445616922726
P1,2414,9.891327373942847
P1,2415,9.881807824211073
P1,2416,9.87575598844862
P1,2417,9.872816959783524
P1,2418,9.87252722602632
P1,2419,9.874391229639253
P1,2420,9.877923281934509
P1,2421,9.882668165490092
P1,2422,9.888214563824045
P1,2423,9.894207830461838
P1,2424,9.90036172940395
P1,2425,9.906465795780779
P1,2426,9.912385217457325
P1,2427,9.918052121548863
P1,2428,9.923449586541011
P1,2429,9.92863132714172
P1,2430,9.93229618198775
P1,2431,9.943254485665022
P1,2456,10.685579128689293
P1,2457,10.685166862383912
P1,2458,10.670103224827214
P1,2462,10.600131708920966
P1,2464,10.559321712764316
P1,2466,10.514395937591505
P1,2468,10.465331644324154
P1,2469,10.439344497862416
P1,2470,10.412526289018297
P1,2471,10.38505742665487
P1,2472,10.357185456983443
P1,2473,10.329216522001682
P1,2474,10.301491256277892
P1,2475,10.274345534306942
P1,2476,10.248061160901997
P1,2478,10.198666834225731
P1,2479,10.175541893524079
P1,2480,10.153324333774638
P1,2481,10.131949033394966
P1,2482,10.11153189469739
P1,2483,10.092448635571564
P1,2484,10.075269844611306
P1,2485,10.060552394959439
P1,2486,10.048626861960077
P1,2487,10.039512223849336
P1,2488,10.032964170782991
P1,2489,10.028583918014519
P1,2490,10.025920616992718
P1,2491,10.024539594935673
P1,2492,10.024058149962446
P1,2493,10.02416049312068
P1,2494,10.02460149925395
P1,2495,10.025204500771721
P1,2496,10.025855344512136
P1,2497,10.02649344155589
P1,2498,10.027100044033027
P1,2499,10.027684304736841
P1,2500,10.028268547404569
P1,2501,10.028874977282943
P1,2502,10.029526383691724
P1,2503,10.033806517770511
P1,2530,10.742135853701276
P1,2531,10.731161206852436
P1,2532,10.727114138324177
P1,2535,10.67585129701625
P1,2539,10.594442036155531
P1,2540,10.571867595182049
P1,2541,10.548584565148811
P1,2542,10.524782957294597
P1,2544,10.476708830944661
P1,2545,10.453090110541652
P1,2546,10.430183502997163
P1,2547,10.408226545796357
P1,2548,10.387314075243513
P1,2549,10.367364641218192
P1,2550,10.348141251178784
P1,2551,10.329333442069869
P1,2552,10.310678922805923
P1,2553,10.292094222268252
P1,2554,10.273775968530366
P1,2555,10.256197350319242
P1,2556,10.23994563465815
P1,2557,10.225482904181433
P1,2558,10.212990214174713
P1,2559,10.202364823579241
P1,2560,10.193319440311688
P1,2561,10.185500289299004
P1,2562,10.17857384783572
P1,2563,10.172271584635121
P1,2564,10.166402254212095
P1,2565,10.160845172412936
P1,2566,10.15553524887731
P1,2567,10.15044678625035
P1,2568,10.145579542490232
P1,2569,10.140947777633732
P1,2570,10.13657155147074
P1,2571,10.132469501784703
P1,2572,10.128653068085828
P1,2573,10.12505623201176
P1,2574,10.122310223711999
P1,2575,10.146068333506614
P1,2576,10.12657819804922
P1,2605,10.804869795870388
P1,2606,10.794365753759577
P1,2607,10.778561709357204
P1,2608,10.761939168239634
P1,2609,10.744512796077778
P1,2610,10.726324444240712
P1,2611,10.707456227038582
P1,2612,10.688044146718605
P1,2613,10.668288270424402
P1,2614,10.648453602274106
P1,2615,10.628855134959354
P1,2616,10.609822011627216
P1,2617,10.591639546176248
P1,2618,10.574475057669977
P1,2619,10.558306224851872
P1,2620,10.542885823514647
P1,2621,10.527778133674207
P1,2622,10.512472689839564
P1,2623,10.496534673005211
P1,2624,10.479736457045457
P1,2625,10.462142744254107
P1,2626,10.444124799490197
P1,2627,10.42625298796648
P1,2628,10.409079729632474
P1,2629,10.39294300391833
P1,2630,10.377907857215472
P1,2631,10.363838638035023
P1,2632,10.350518446162052
P1,2633,10.337745931559335
P1,2634,10.325385003651522
P1,2635,10.31337409084892
P1,2636,10.30171144044553
P1,2637,10.290431488347195
P1,2638,10.279582517006544
P1,2639,10.269210728635498
P1,2640,10.25935162152068
P1,2641,10.250026939942266
P1,2642,10.241244702639259
P1,2643,10.233000366098475
P1,2644,10.225278155685544
P1,2645,10.218052361727656
P1,2646,10.211288790772347
P1,2647,10.203798791038734
P1,2648,10.17333115192381
P1,2678,10.885998117672584
P1,2679,10.887921882456991
P1,2680,10.874103097634386
P1,2681,10.859709764761078
P1,2682,10.844835212135544
P1,2683,10.829626135786087
P1,2684,10.814290720785836
P1,2685,10.799095755140616
P1,2686,10.784345536809846
P1,2687,10.770337072860759
P1,2688,10.757290718007212
P1,2689,10.745264608352114
P1,2691,10.723279601840584
P1,2692,10.709641777463867
P1,2693,10.700190061835325
P1,2694,10.6866282961539
P1,2695,10.67123826555388
P1,2696,10.654042005828188
P1,2697,10.63535859918463
P1,2698,10.61572570867866
P1,2699,10.595739531281591
P1,2700,10.57586553477017
P1,2701,10.556337124318935
P1,2702,10.53718723109865
P1,2703,10.51835366103891
P1,2704,10.499777953609613
P1,2705,10.481458012810991
P1,2706,10.463455455446022
P1,2707,10.445875631839112
P1,2708,10.428838426650533
P1,2709,10.412452254750173
P1,2710,10.396797459184562
P1,2711,10.381920208994524
P1,2712,10.367834623486624
P1,2713,10.354529464016604
P1,2714,10.341975991451898
P1,2715,10.330134736457735
P1,2716,10.318960270871214
P1,2717,10.30840416633792
P1,2718,10.29841693375371
P1,2719,10.289317085039519
P1,2750,10.955448800441939
P1,2751,10.965474649943939
P1,2752,10.9627893764724
P1,2753,10.962039992066488
P1,2755,10.946447153561994
P1,2756,10.902837403323606
P1,2757,10.907074766453277
P1,2758,10.933136651627372
P1,2759,10.925667182227953
P1,2765,10.866344949618327
P1,2766,10.86319264815555
P1,2767,10.84588548832765
P1,2768,10.826215773226437
P1,2769,10.804706156247695
P1,2770,10.781950655297818
P1,2771,10.758483304037613
P1,2773,10.710705304000987
P1,2774,10.68667520053141
P1,2775,10.662660459900765
P1,2776,10.638783624382171
P1,2777,10.615217290505205
P1,2778,10.592160771707388
P1,2779,10.56980653874535
P1,2780,10.548311023151971
P1,2781,10.527777310598124
P1,2782,10.508251358650204
P1,2783,10.489729254775968
P1,2784,10.472170913742472
P1,2785,10.45551542165097
P1,2786,10.439694423548845
P1,2787,10.424641707312086
P1,2788,10.410298733560408
P1,2789,10.39661687895024
P1,2790,10.376806902204848
P1,2791,10.344680349776619
P1,2826,11.05288289682225
P1,2827,11.060842678759355
P1,2838,11.034673360027199
P1,2839,11.013672079453386
P1,2840,10.990206784481458
P1,2841,10.964853878925203
P1,2842,10.938154393885226
P1,2843,10.910547836104927
P1,2844,10.882341585956677
P1,2845,10.853749924227685
P1,2846,10.824966167207
P1,2847,10.796213899722432
P1,2848,10.767755338374679
P1,2849,10.739866380645593
P1,2850,10.712798871314044
P1,2851,10.686747395940735
P1,2852,10.66183037064461
P1,2853,10.638088118590094
P1,2854,10.615495308463586
P1,2855,10.593981998392003
P1,2856,10.573456797027614
P1,2857,10.553826967863108
P1,2858,10.535012612320726
P1,2859,10.516954230127055
P1,2860,10.499614409741163
P1,2861,10.48106508345452
P1,2862,10.452113899333622
P1,2909,11.240177695011043
P1,2910,11.195734077080743
P1,2911,11.170255594349015
P1,2912,11.142543331419043
P1,2913,11.113117054287411
P1,2914,11.082423016030825
P1,2915,11.050816946422653
P1,2916,11.0185776127646
P1,2917,10.98595882635616
P1,2918,10.953238538074753
P1,2919,10.920731631288517
P1,2920,10.888765668752676
P1,2921,10.857638858640096
P1,2922,10.8275810950146
P1,2923,10.79873128760958
P1,2924,10.771135204962263
P1,2925,10.744760989025181
P1,2926,10.71952533054752
P1,2927,10.695322244461241
P1,2928,10.672047960084864
P1,2929,10.649618323373547
P1,2930,10.627977796002575
P1,2931,10.60710088428975
P1,2932,10.586987773135656
P1,2933,10.565366654331235
P1,2981,11.388484247917642
P1,2982,11.343656906212155
P1,2983,11.31383929525996
P1,2984,11.28223071208233
P1,2985,11.249236250244094
P1,2986,11.21518375580631
P1,2987,11.180335972173618
P1,2988,11.144929040792537
P1,2989,11.109224220393378
P1,2990,11.073533463071776
P1,2991,11.038202740520253
P1,2992,11.003567110592536
P1,2993,10.969902588336902
P1,2994,10.937393923690184
P1,2995,10.906125740669225
P1,2996,10.876094809277042
P1,2997,10.847235844051783
P1,2998,10.81945189024471
P1,2999,10.792641934081784
P1,3000,10.766721364072646
P1,3001,10.741633814834788
P1,3002,10.71735485790668
P1,3003,10.69388901812951
P1,3004,10.669144341518075
P1,3005,10.649121853839567
P1,3052,11.53952572602732
P1,3053,11.508909722292271
P1,3054,11.477203330772154
P1,3055,11.443859687608084
P1,3056,11.40922208808087
P1,3057,11.373531322848716
P1,3058,11.336964441191684
P1,3059,11.299668419615871
P1,3060,11.261815429781386
P1,3061,11.22365043294406
P1,3062,11.185496584405255
P1,3063,11.147715995960203
P1,3064,11.110650222358826
P1,3065,11.074568678778142
P1,3066,11.039641281510088
P1,3067,11.005937479975465
P1,3068,10.973444956589173
P1,3069,10.942098311279326
P1,3070,10.911808984560988
P1,3071,10.882490422347244
P1,3072,10.854075533205162
P1,3073,10.826525843382532
P1,3074,10.799833126005739
P1,3075,10.770629776303474
P1,3076,10.740445297902257
P1,3078,10.707616141125532
P1,3079,10.684412914640667
P1,3124,11.629368039991466
P1,3125,11.596186770086614
P1,3126,11.593994734938049
P1,3127,11.5589198506151
P1,3128,11.522069055571984
P1,3129,11.48432549383242
P1,3130,11.445716003934788
P1,3131,11.406288141432134
P1,3133,11.325630073416155
P1,3134,11.285017649514597
P1,3135,11.244745160071206
P1,3136,11.205191803118572
P1,3137,11.16665042077205
P1,3138,11.129301392827681
P1,3139,11.093216373339686
P1,3140,11.058381902163504
P1,3141,11.024731457515719
P1,3142,10.992176863663836
P1,3143,10.96063354183818
P1,3144,10.930037358405395
P1,3145,10.900353013444725
P1,3146,10.868710218970774
P1,3147,10.832509129324057
P1,3150,10.766721937507096
P1,3151,10.745611113255716
P1,3199,11.656479072245626
P1,3200,11.617816748910702
P1,3202,11.537296792314788
P1,3203,11.495065784154278
P1,3204,11.449835976851153
P1,3205,11.388947887809074
P1,3206,11.359352275761067
P1,3207,11.325019091052706
P1,3208,11.283173293290762
P1,3209,11.242441752520417
P1,3210,11.203007334868355
P1,3211,11.164932663380082
P1,3212,11.12819049372328
P1,3213,11.092700570784842
P1,3214,11.057475661792138
P1,3215,11.024850512577453
P1,3216,10.99065370511259
P1,3217,10.956437993051084
P1,3218,10.92068749050885
P1,3221,10.83508751588761
P1,3222,10.819265877016468
P1,3270,11.757290005085514
P1,3271,11.73218897608688
P1,3272,11.694612879933516
P1,3273,11.643454978645218
P1,3275,11.536627186255096
P1,3278,11.412822625800999
P1,3279,11.387683580201982
P1,3280,11.34442127914851
P1,3281,11.302082068069264
P1,3282,11.261159616590264
P1,3283,11.221698047608742
P1,3284,11.183648354711629
P1,3285,11.146555690535608
P1,3286,11.10857074898089
P1,3287,11.069332553836068
P1,3293,10.862968281406037
P1,3294,10.860298616763247
P1,3295,10.848018525103129
P1,3343,11.772092291668619
P1,3344,11.739293516289456
P1,3345,11.721519848630292
P1,3351,11.414363931490842
P1,3352,11.380535266428788
P1,3353,11.334912876660942
P1,3354,11.303171464609145
P1,3355,11.261805972103327
P1,3356,11.218661458623055
P1,3357,11.182124510469533
P1,3426,11.33916279666331
P1,3427,11.314548192131445
P1,3497,11.41109722930209
P1,3498,11.374044027407292
P1,3499,11.34219687870129
P1,3568,11.457231883927768
P1,3569,11.436313108313374
P1,3570,11.394898260957554
P1,3571,11.365564660324186
P1,3641,11.444173661592206
P1,3642,11.41837386495274
P2,56,8.319615578408387
P2,57,8.4557812433323
P2,128,8.480666408586705
P2,198,8.352292178228852
P2,199,8.571097997572807
P2,203,8.054501202021063
P2,270,8.251938092539454
P2,271,8.306482732614839
P2,272,8.303567643794548
P2,274,8.536108349293007
P2,276,8.441015520139254
P2,341,8.407141469052489
P2,342,8.156891277366652
P2,343,8.243675263658819
P2,344,8.172404173667804
P2,345,8.071027639436988
P2,347,8.049580976348508
P2,412,8.296592364157277
P2,413,8.539137254750967
P2,414,8.536016777187912
P2,415,8.520928919699642
P2,416,8.505494092874125
P2,417,8.175989623778054
P2,418,8.201031603172975
P2,483,8.133866201512223
P2,484,8.103218916861664
P2,485,8.135310903249758
P2,486,8.209478423118679
P2,487,8.201468915819218
P2,554,8.134667383569822
P2,555,8.10938182821505
P2,556,8.039095062430915
P2,557,8.017389542812863
P2,558,8.050816889777323
P2,559,8.098800622193256
P2,560,8.040716875017036
P2,561,7.973160903703104
P2,563,8.111963672686771
P2,564,8.044698653824607
P2,592,8.81399601379255
P2,593,9.154764574701419
P2,625,8.113300115837182
P2,626,8.127204205015424
P2,627,8.14522854661253
P2,628,8.118014859117014
P2,629,8.180006437508021
P2,630,8.201944838742115
P2,634,8.45824310282648
P2,635,8.280099126364517
P2,636,8.084746890213749
P2,637,8.197671739293533
P2,640,8.539631485380466
P2,663,8.585932875259903
P2,664,8.547083176292725
P2,665,8.606103588706986
P2,666,8.463978994818351
P2,696,8.205472035533637
P2,698,8.163413578521352
P2,699,8.244625130969728
P2,700,7.951237369030729
P2,701,7.972131571356224
P2,702,7.971716508413044
P2,704,8.225350433372109
P2,705,8.315991270190013
P2,706,8.297648941799455
P2,708,8.1639646560846
P2,710,8.238723773398577
P2,711,8.301884067586021
P2,712,8.250720801274072
P2,716,8.75996582983142
P2,717,8.511781916855591
P2,735,9.043331902102054
P2,736,9.137263927866785
P2,737,8.702642414361307
P2,738,9.211544049436014
P2,772,7.874698056871696
P2,773,7.847471873638711
P2,774,7.8915362186991045
P2,775,7.864418279510176
P2,776,7.890746411321597
P2,777,7.956419234503423
P2,778,7.9095253459091905
P2,783,8.068095623048501
P2,784,8.170029937362287
P2,787,8.225233255083438
P2,788,8.413456030037267
P2,804,8.582690269790293
P2,805,9.790258923489294
P2,806,9.783317810949887
P2,807,9.691167439065012
P2,808,9.821162625518072
P2,809,8.440240438859135
P2,810,8.459551178807642
P2,811,8.493353229097455
P2,812,8.477056655802672
P2,813,8.629130116225848
P2,845,8.23611411155724
P2,846,8.233356565989563
P2,847,8.209913247404826
P2,848,8.138167968386568
P2,849,8.201987963549366
P2,850,8.335635623152875
P2,851,8.106758981216599
P2,855,8.06540900170836
P2,856,8.071349000470537
P2,857,8.206944209551457
P2,858,8.525220188814291
P2,859,8.296500331434187
P2,860,8.26295065688728
P2,876,8.198468787875854
P2,877,8.239831476954594
P2,878,8.285811692597028
P2,879,8.250914548377056
P2,881,8.31344664401339
P2,882,8.29438828739734
P2,883,8.173708261794225
P2,884,8.451065337849801
P2,885,8.414546581084927
P2,916,8.138812139020692
P2,917,8.121687165551545
P2,918,7.824433122923195
P2,920,7.8205896955524015
P2,921,7.853204952279491
P2,922,7.944929716909737
P2,923,7.982195900693771
P2,927,7.835596450942507
P2,929,7.8358662783412365
P2,931,7.86739693403447
P2,947,8.768623789340639
P2,948,8.639412502830503
P2,949,8.856693508107998
P2,950,8.563035540702607
P2,951,8.436866958845165
P2,952,8.512624587160744
P2,953,8.621959208428542
P2,955,9.599590501246364
P2,956,9.472369497184847
P2,985,7.834807060481323
P2,986,7.8373096615999005
P2,987,7.849144359865981
P2,988,7.892486088785304
P2,989,7.876365005907681
P2,991,7.900790661552795
P2,992,7.9347714518514145
P2,993,7.932132639413333
P2,994,7.959637201827468
P2,995,8.021296626623437
P2,996,8.025649037597379
P2,997,8.163382818465031
P2,999,8.205155789190096
P2,1001,8.045071801397551
P2,1002,7.9724036042242155
P2,1003,7.983286235036034
P2,1018,8.573348879671101
P2,1019,8.782174141556297
P2,1021,8.283153209937714
P2,1022,8.139109215641826
P2,1023,8.176009634395644
P2,1025,8.168905709374025
P2,1027,8.130796976284016
P2,1028,8.112432350835515
P2,1029,8.129340334285779
P2,1055,8.102305392579716
P2,1057,8.194867509856056
P2,1058,8.300644566783406
P2,1061,8.080400773385811
P2,1063,8.061949646576217
P2,1064,8.135311522734456
P2,1065,8.111830676427099
P2,1066,8.092825454291996
P2,1068,7.809109846246097
P2,1069,7.8192432875352065
P2,1070,7.859735303435562
P2,1073,7.916291169437945
P2,1075,7.928717846527805
P2,1076,7.89935180930729
P2,1089,8.600529304947257
P2,1090,8.61915004458737
P2,1091,8.678769798449903
P2,1092,8.655920839945287
P2,1093,8.682725748666261
P2,1094,8.762121018210093
P2,1095,8.92263638680476
P2,1096,8.95353845837345
P2,1097,8.783261209923205
P2,1098,8.892133408968045
P2,1100,8.63739850348921
P2,1101,8.420213773933328
P2,1103,9.427069801950061
P2,1126,7.845213571979339
P2,1127,7.846269865987073
P2,1128,7.842663824986633
P2,1129,7.858713291389138
P2,1130,7.839887583298304
P2,1131,7.922915407795212
P2,1133,8.009503758868762
P2,1134,8.045962076438471
P2,1137,8.125553022405407
P2,1138,8.079230865835964
P2,1139,8.107677505621242
P2,1140,8.133401888176158
P2,1142,8.294056104588812
P2,1143,8.39301100716384
P2,1144,8.343762941564865
P2,1145,8.54576827173869
P2,1161,8.578843969870423
P2,1162,8.409622005994514
P2,1163,8.436448266534342
P2,1164,8.384435980325724
P2,1165,8.336170684880534
P2,1166,8.23739516107972
P2,1167,8.236191550156068
P2,1168,8.272228219421025
P2,1169,8.24614381309483
P2,1170,8.24386766909178
P2,1171,8.232737079312194
P2,1172,8.239013633740868
P2,1173,8.223641578682795
P2,1175,8.189120670652912
P2,1196,8.485874540152242
P2,1197,8.670473398325608
P2,1198,8.811864784415302
P2,1199,8.778943460303378
P2,1200,8.887097923512435
P2,1201,8.17785359448507
P2,1202,8.104440529057879
P2,1203,8.197460566472337
P2,1204,8.074539326620977
P2,1205,8.088392718564876
P2,1206,8.127430647351114
P2,1207,8.121656420598036
P2,1208,8.144780085588184
P2,1209,8.08980486123655
P2,1210,8.079105561731998
P2,1211,8.035432625832863
P2,1212,8.136083171726959
P2,1213,7.886051807411336
P2,1214,7.902339853783112
P2,1215,7.936608634127159
P2,1216,7.962898707728153
P2,1234,8.682073962955972
P2,1235,8.716203201633062
P2,1236,8.679444944564926
P2,1237,8.686270151811115
P2,1238,8.764390614644665
P2,1239,8.901994909656826
P2,1240,8.926049343986628
P2,1241,9.085735460318158
P2,1242,8.997863177673603
P2,1243,9.34817847584061
P2,1244,9.434157608362476
P2,1246,9.484969949846471
P2,1247,9.172214244648483
P2,1248,9.275879284654906
P2,1249,9.325278030585215
P2,1268,7.98086692104991
P2,1269,8.082805061673481
P2,1270,8.059490139938514
P2,1271,8.03019004624565
P2,1272,7.952646973547928
P2,1273,7.903744022620359
P2,1274,7.916421576850537
P2,1275,7.93715242783881
P2,1276,7.968966560762924
P2,1277,7.994669889142322
P2,1279,8.071285380337855
P2,1280,8.088655683696546
P2,1281,8.144857506387185
P2,1282,8.191869707726516
P2,1283,8.240070152318694
P2,1284,8.289297041658717
P2,1286,8.289232818620965
P2,1287,8.401870834187637
P2,1288,8.496100188791216
P2,1289,8.499134543388736
P2,1305,8.694828212130927
P2,1306,8.775004994414001
P2,1307,8.932923899553163
P2,1308,9.306303916578553
P2,1309,8.82377885042575
P2,1312,8.20175531870495
P2,1313,8.26462213040146
P2,1314,8.27542395936861
P2,1315,8.278071875895954
P2,1316,8.297887983781035
P2,1319,8.319890952030445
P2,1320,8.287766621035043
P2,1321,8.267115410070184
P2,1322,8.22915435061952
P2,1328,8.288548822553446
P2,1339,8.12884587486997
P2,1340,8.220809362226737
P2,1341,8.197046226552079
P2,1344,8.233720444307561
P2,1345,8.203422421255574
P2,1346,8.306726220013962
P2,1348,8.156895504883927
P2,1349,8.179908673561865
P2,1351,8.235932549629368
P2,1352,8.2558260125669
P2,1353,8.378204883006578
P2,1354,8.43880193086471
P2,1355,8.531980579271098
P2,1357,8.306465907906881
P2,1358,8.700290175729602
P2,1359,9.04832618750605
P2,1360,8.059644078906116
P2,1361,8.136888899147975
P2,1377,8.611160090569902
P2,1379,8.757934861778837
P2,1380,8.655866581089995
P2,1381,8.777271363859727
P2,1382,8.597991166758495
P2,1383,9.349954817019624
P2,1384,8.82588788363154
P2,1385,8.503085250778737
P2,1386,8.571531339850367
P2,1393,8.43081506454441
P2,1400,8.508971364735098
P2,1410,8.056476248405966
P2,1412,8.014732344976348
P2,1413,8.003417290573976
P2,1414,8.055108625683884
P2,1415,8.11564377595669
P2,1416,8.24964216333786
P2,1417,8.282693274339632
P2,1418,8.554590081875238
P2,1419,8.387273076912324
P2,1420,8.391446150288832
P2,1421,8.248479768387389
P2,1422,8.29166320960725
P2,1423,8.307844693787901
P2,1424,8.268741548693225
P2,1425,8.363725985063065
P2,1426,8.475951287959703
P2,1427,8.426265459432075
P2,1428,8.5097830848158
P2,1429,8.211290941339698
P2,1430,8.184631001292912
P2,1448,9.30183408930725
P2,1449,8.63525457636603
P2,1450,8.56081295978699
P2,1452,8.469639048484899
P2,1453,8.380367588399139
P2,1454,8.461421038062236
P2,1455,8.359206174277153
P2,1456,8.505476334719262
P2,1462,8.83183243394322
P2,1465,8.603948723709147
P2,1466,8.490123205831011
P2,1468,8.58680388304309
P2,1471,8.48212980310597
P2,1476,8.545351484040589
P2,1479,8.40757377884053
P2,1480,8.31296610749235
P2,1481,8.322410956733217
P2,1482,8.3310359511725
P2,1483,8.206245603505089
P2,1484,8.212373304080522
P2,1485,8.19896804390805
P2,1486,8.190659786299404
P2,1487,8.29281571801295
P2,1488,8.421150410901758
P2,1489,8.515121660545034
P2,1490,8.399070988720627
P2,1491,8.771678110432136
P2,1492,8.51807254054509
P2,1493,8.264801018669589
P2,1494,8.49600477796288
P2,1495,8.783247695344848
P2,1496,8.789355141245748
P2,1497,9.15559597702094
P2,1498,8.580869222355643
P2,1499,8.558207167727513
P2,1500,8.615984019479482
P2,1502,8.848050578338402
P2,1518,9.105936648325178
P2,1520,9.14135318999597
P2,1521,9.086468045648473
P2,1522,9.279681399710524
P2,1523,9.364895681028099
P2,1528,9.847665994183219
P2,1529,9.818711044028516
P2,1533,8.667746463345773
P2,1536,8.737624064350427
P2,1537,8.530283618956208
P2,1538,8.464913335298583
P2,1539,8.53685162963876
P2,1540,8.613438982396595
P2,1542,8.82524865072316
P2,1550,8.435295364481448
P2,1551,8.397663987475982
P2,1552,8.441931670707236
P2,1553,8.476044269928755
P2,1554,8.435924945254209
P2,1555,8.68810890681456
P2,1556,8.812395345515332
P2,1557,8.798493431909195
P2,1558,8.81977069471206
P2,1559,8.812165580404315
P2,1560,8.7830924148636
P2,1561,8.78626587692403
P2,1562,8.793360120626863
P2,1563,8.804232843794379
P2,1564,8.818704405382656
P2,1565,8.836514627560152
P2,1566,8.623230726249517
P2,1567,8.641775785828235
P2,1568,8.771377672401124
P2,1569,8.767031683672446
P2,1570,8.831913263970286
P2,1571,8.907337535612593
P2,1586,9.65291549013312
P2,1587,9.51205711373955
P2,1588,9.557133138108048
P2,1589,9.67650852825813
P2,1590,9.619340421468138
P2,1591,9.3624643399752685
P2,1592,8.435550376170104
P2,1593,8.558425120515258
P2,1594,10.013191299259896
P2,1602,9.197911787051497
P2,1608,8.457266667248357
P2,1609,8.856221443532744
P2,1610,9.170001087333869
P2,1612,9.191535619472663
P2,1613,8.903085859205566
P2,1614,8.489745069786268
P2,1616,8.467438824827516
P2,1617,8.497912312486797
P2,1618,8.489009797853065
P2,1619,8.57056536278132
P2,1620,8.551820741052227
P2,1621,8.697223714402119
P2,1622,8.73078216508713
P2,1623,8.705070009053346
P2,1624,8.889113604108603
P2,1625,8.88006784106018
P2,1626,8.759263604334835
P2,1627,8.21902570541046
P2,1629,8.839211070936761
P2,1630,8.832517079848758
P2,1631,8.830342623539464
P2,1632,8.684592684809006
P2,1633,8.88402982338501
P2,1634,8.965983271574853
P2,1635,8.956272428393211
P2,1636,8.94595732283999
P2,1637,9.00093785998344
P2,1639,8.653801705179866
P2,1640,8.827618780924606
P2,1641,8.97769901142794
P2,1642,9.015157956220722
P2,1658,8.78968413615231
P2,1659,10.223419901028858
P2,1660,9.797447214539803
P2,1661,9.809781286059401
P2,1662,9.812375367046297
P2,1666,9.537480402973122
P2,1669,9.545671493472412
P2,1672,8.92244982931088
P2,1674,9.516425332647858
P2,1675,9.212134030604314
P2,1676,9.173653191018527
P2,1678,9.432177201822698
P2,1679,9.342109091384076
P2,1680,9.493476627296872
P2,1681,9.71640675321552
P2,1684,9.045660583291093
P2,1685,9.450577720222837
P2,1686,9.388971708897138
P2,1687,9.156071280439955
P2,1688,9.288034466294853
P2,1689,9.310680385752294
P2,1692,9.34010299927249
P2,1693,8.818940505945681
P2,1694,8.563910213116907
P2,1695,8.543793019188719
P2,1696,8.649964867266817
P2,1697,8.71207743679924
P2,1698,8.718714679616728
P2,1699,8.737855056339564
P2,1700,8.801728902709103
P2,1701,8.996651144464042
P2,1702,9.23683356999937
P2,1703,9.411994287681381
P2,1704,9.445190737805202
P2,1705,8.748144522972007
P2,1706,8.772620844419263
P2,1707,8.917743704110302
P2,1708,9.192881564839595
P2,1710,9.302551241981368
P2,1711,8.87018653309416
P2,1712,8.943023877795799
P2,1731,10.25588595263926
P2,1732,9.783961999352146
P2,1733,10.111872496557242
P2,1734,10.153203892080406
P2,1738,10.104866140096838
P2,1739,10.08635098608986
P2,1743,9.98112956967904
P2,1748,9.829248758286836
P2,1749,9.79583191413836
P2,1753,9.650552696233724
P2,1755,9.570316630856789
P2,1756,9.528196014006356
P2,1757,9.484758709221907
P2,1758,9.440087217548202
P2,1759,9.394360379541
P2,1760,9.34788862832463
P2,1761,9.301130951040756
P2,1762,9.254679779846951
P2,1764,9.165445250547364
P2,1765,9.124062815635497
P2,1766,9.085722423130884
P2,1767,9.0510331849844
P2,1769,8.994700438678137
P2,1770,8.973846959061886
P2,1772,8.94779133973562
P2,1773,8.942603559413397
P2,1774,8.942438466006168
P2,1775,8.946996353243554
P2,1776,8.955878551931951
P2,1777,8.968604790381919
P2,1778,8.985419733128769
P2,1779,9.026106775690513
P2,1782,9.055800170298378
P2,1783,9.048756576864285
P2,1803,10.291176573668059
P2,1804,10.27799853205905
P2,1805,10.258678548495004
P2,1806,10.238612613657303
P2,1807,10.217785870162258
P2,1809,10.173790013457277
P2,1815,10.021882440708199
P2,1816,9.993455392665533
P2,1819,9.902321980339002
P2,1820,9.86987585847576
P2,1821,9.836326994855508
P2,1823,9.765735132966832
P2,1824,9.72859866785276
P2,1825,9.690179617037654
P2,1826,9.650449079627165
P2,1828,9.567039859301195
P2,1829,9.523438929444225
P2,1830,9.478718784053623
P2,1831,9.433099159352423
P2,1832,9.386924129839084
P2,1833,9.340675888751301
P2,1834,9.294959251720954
P2,1835,9.250457458882076
P2,1836,9.20787794270442
P2,1837,9.16791318363561
P2,1838,9.131226049306974
P2,1839,9.098443456283901
P2,1840,9.070137240529398
P2,1841,9.046790702896399
P2,1842,9.02876235573496
P2,1843,9.016254413430545
P2,1844,9.00928967938003
P2,1845,9.00770241702078
P2,1846,9.011148786506833
P2,1847,9.019136798474852
P2,1848,9.031069717857289
P2,1849,9.04629655965675
P2,1850,9.064166382664915
P2,1851,9.08784841857969
P2,1852,9.10210661268132
P2,1853,9.167166350780759
P2,1854,9.172764951193944
P2,1855,9.209311938850615
P2,1856,9.23043973415561
P2,1875,10.328634917642463
P2,1876,10.317544021665986
P2,1877,10.299451506335284
P2,1878,10.279859054621143
P2,1879,10.25948140833734
P2,1880,10.238301437001585
P2,1881,10.216301950550212
P2,1882,10.19346554358848
P2,1884,10.145210019273636
P2,1892,9.91451679841516
P2,1895,9.810243631308095
P2,1896,9.77300737525083
P2,1897,9.734472062828196
P2,1899,9.653475445127869
P2,1900,9.611079301054868
P2,1901,9.567539347477268
P2,1902,9.52302935080624
P2,1903,9.477814278749877
P2,1904,9.432270884923373
P2,1905,9.3868956646707
P2,1906,9.342288851799292
P2,1907,9.299115524678339
P2,1908,9.258062498723868
P2,1909,9.219814453071953
P2,1910,9.185052360519759
P2,1911,9.154449486892274
P2,1912,9.128639798276044
P2,1913,9.108158577176187
P2,1914,9.093372786057051
P2,1916,9.0811853651588
P2,1917,9.083293562163503
P2,1918,9.090171864610287
P2,1919,9.101115949060503
P2,1920,9.11537665744433
P2,1921,9.132241426199293
P2,1922,9.151098986049377
P2,1923,9.171476779441502
P2,1924,9.200555328731358
P2,1925,9.22316197329377
P2,1926,9.239026319589321
P2,1927,9.255380703838895
P2,1928,9.272737944190897
P2,1950,10.323908520785205
P2,1951,10.304085794204717
P2,1952,10.283439229498294
P2,1953,10.261949424654054
P2,1967,9.85985936688713
P2,1968,9.8227009037611
P2,1969,9.78424249621855
P2,1970,9.744490171743765
P2,1971,9.703486784171373
P2,1972,9.66132444847609
P2,1973,9.618156166772133
P2,1974,9.574206648935872
P2,1975,9.529783151395337
P2,1976,9.485284855944846
P2,1977,9.441204304589638
P2,1978,9.398113409261619
P2,1979,9.35663663457785
P2,1980,9.317429672131365
P2,1981,9.28118147853692
P2,1982,9.248627504641613
P2,1983,9.22053256989199
P2,1984,9.197616740992933
P2,1985,9.180441629205067
P2,1986,9.169300840162066
P2,1987,9.164155564342366
P2,1988,9.164636922718763
P2,1989,9.170112255694823
P2,1990,9.17979316004099
P2,1991,9.192855191566775
P2,1992,9.208541949228193
P2,1993,9.226234852751158
P2,1994,9.245480815542873
P2,1995,9.265981306506118
P2,1996,9.287555122340448
P2,1997,9.307143867941884
P2,1998,9.314050594803707
P2,2024,10.332030512485082
P2,2027,10.266804111814473
P2,2028,10.243239536808696
P2,2039,9.915429306809548
P2,2040,9.878576427636231
P2,2041,9.840445444657114
P2,2044,9.718961356796648
P2,2045,9.676569004637571
P2,2046,9.633622125382312
P2,2047,9.590456983068517
P2,2048,9.547474931117103
P2,2049,9.505140059439192
P2,2050,9.463972868010414
P2,2051,9.424545314624945
P2,2052,9.387493750010817
P2,2053,9.353551971996986
P2,2054,9.323562089329823
P2,2055,9.298405101403318
P2,2056,9.278848051805898
P2,2057,9.265372299829528
P2,2058,9.258060650380134
P2,2059,9.256585901038074
P2,2060,9.260296111666332
P2,2061,9.268357690896798
P2,2062,9.279906509791699
P2,2063,9.294167183529833
P2,2064,9.310520759525051
P2,2065,9.328520453306192
P2,2066,9.34786782790498
P2,2067,9.368366885256423
P2,2068,9.389750585405329
P2,2069,9.386978655348276
P2,2111,9.97791740235956
P2,2112,9.941655912380222
P2,2113,9.904169867217774
P2,2114,9.86552877762291
P2,2116,9.785335953904488
P2,2117,9.744214264363722
P2,2118,9.702789812469478
P2,2119,9.661404421985027
P2,2120,9.62043573311197
P2,2121,9.580296965508303
P2,2122,9.541445995481103
P2,2123,9.504413285462135
P2,2124,9.469856525685364
P2,2125,9.438609541285086
P2,2126,9.41164535698501
P2,2127,9.389908750080235
P2,2128,9.374082578803813
P2,2129,9.364410442588156
P2,2130,9.36065671047481
P2,2131,9.362203339825491
P2,2132,9.36822357761976
P2,2133,9.377857997036179
P2,2134,9.39034046700271
P2,2135,9.405057457551255
P2,2136,9.421551561691341
P2,2137,9.43949074551581
P2,2138,9.458623285185022
P2,2139,9.478732851073998
P2,2140,9.499724669108934
P2,2171,10.38164539752745
P2,2182,10.08249086485119
P2,2183,10.048363340710349
P2,2184,10.013043124702119
P2,2186,9.939131068216685
P2,2187,9.900821758186044
P2,2188,9.861891179983335
P2,2189,9.822610003405867
P2,2191,9.744220915329933
P2,2193,9.6682578780617
P2,2194,9.63210986244962
P2,2195,9.59784478043906
P2,2196,9.566194309042485
P2,2197,9.538114817787685
P2,2198,9.514648695578765
P2,2199,9.496655040840674
P2,2200,9.484561779542917
P2,2201,9.478276478874134
P2,2202,9.477276527244149
P2,2203,9.480800773809955
P2,2204,9.488040814277621
P2,2205,9.498266576401129
P2,2206,9.510874554268128
P2,2207,9.525382028716413
P2,2208,9.541397167867444
P2,2209,9.558585231678613
P2,2210,9.576640548302052
P2,2211,9.59526843061804
P2,2212,9.614178790579997
P2,2213,9.63922571655571
P2,2214,9.685633476253313
P2,2240,10.503160606144368
P2,2241,10.486274818120126
P2,2250,10.280489012637904
P2,2254,10.160668372278046
P2,2255,10.127795852758682
P2,2257,10.058900434545112
P2,2258,10.023147126671931
P2,2259,9.986785398764725
P2,2260,9.950062115467295
P2,2261,9.913246424193439
P2,2262,9.876613581338106
P2,2263,9.840434710161183
P2,2264,9.804978939592745
P2,2265,9.770538382837936
P2,2266,9.737491157078262
P2,2267,9.706401231213507
P2,2268,9.678092673129617
P2,2269,9.653581983305704
P2,2270,9.63382813766843
P2,2271,9.619433949321799
P2,2272,9.610489571640445
P2,2273,9.606626752739427
P2,2274,9.607205742160406
P2,2275,9.611509608619201
P2,2276,9.618866239517097
P2,2277,9.62868868960509
P2,2278,9.640466773357652
P2,2279,9.65374584922787
P2,2280,9.668111693590257
P2,2281,9.683184875817526
P2,2282,9.698621930096566
P2,2283,9.714120447674016
P2,2284,9.729425856786259
P2,2285,9.744337303903292
P2,2286,9.764670239738185
P2,2312,10.573009517793134
P2,2313,10.556114975729763
P2,2320,10.412470346785444
P2,2326,10.248296428544455
P2,2327,10.217117371266035
P2,2328,10.185020602793665
P2,2329,10.152164054183375
P2,2330,10.118748120612983
P2,2331,10.085002943204461
P2,2332,10.05117057591006
P2,2333,10.017487546594483
P2,2334,9.984172968660605
P2,2335,9.951426720915032
P2,2336,9.919445611854613
P2,2337,9.888471518232922
P2,2338,9.858881023185623
P2,2339,9.831286929523685
P2,2340,9.806552423297088
P2,2341,9.785620420752968
P2,2342,9.769216053171476
P2,2343,9.757623571621986
P2,2344,9.750672267247609
P2,2345,9.747887603834423
P2,2346,9.748674495803101
P2,2347,9.752437154148696
P2,2348,9.758620430178071
P2,2349,9.766707384990791
P2,2350,9.776211148459158
P2,2351,9.786678466252681
P2,2352,9.797703462781692
P2,2353,9.808943170992682
P2,2354,9.820127956788669
P2,2355,9.831063771418414
P2,2356,9.841625988249138
P2,2357,9.851746311713587
P2,2358,9.866909242767756
P2,2359,9.906381880376028
P2,2384,10.648140625288137
P2,2385,10.63272862663294
P2,2386,10.616466649647318
P2,2390,10.54238387635901
P2,2392,10.499534048769917
P2,2393,10.476562346272114
P2,2394,10.452531777125488
P2,2395,10.427433847129265
P2,2397,10.374100949133028
P2,2398,10.345975304742913
P2,2399,10.317017479355897
P2,2400,10.287388829664815
P2,2401,10.257288695974431
P2,2402,10.226938523777122
P2,2403,10.196560592612354
P2,2405,10.136494968304527
P2,2406,10.107100722116382
P2,2407,10.078272901554072
P2,2408,10.05012124824734
P2,2409,10.022839795796324
P2,2410,9.996804808238327
P2,2411,9.972642719806464
P2,2412,9.951164431338599
P2,2413,9.933131808215334
P2,2414,9.918998737827948
P2,2415,9.908809934250828
P2,2416,9.902284469808954
P2,2417,9.898972389475038
P2,2418,9.898375297940925
P2,2419,9.899998859850715
P2,2420,9.903363022373519
P2,2421,9.908005828857211
P2,2422,9.913498315401176
P2,2423,9.91946808003093
P2,2424,9.925620610973112
P2,2425,9.931749220285976
P2,2426,9.937730363245663
P2,2427,9.943506678961334
P2,2428,9.949063416891255
P2,2429,9.95444268372072
P2,2430,9.958349166922876
P2,2431,9.96933565037602
P2,2456,10.71526495291675
P2,2457,10.716123972431674
P2,2458,10.701562055466063
P2,2462,10.634018613753065
P2,2464,10.594694207699643
P2,2466,10.55147185831097
P2,2468,10.504420703117946
P2,2469,10.479596217797281
P2,2470,10.454057872763762
P2,2471,10.42797442465493
P2,2472,10.401549016250108
P2,2473,10.374999958694088
P2,2474,10.348535033386417
P2,2475,10.322324841666942
P2,2476,10.296480667722467
P2,2478,10.24599271559041
P2,2479,10.22128870520714
P2,2480,10.19694038482562
P2,2481,10.17309433388044
P2,2482,10.150119178392988
P2,2483,10.128622395558976
P2,2484,10.109316317464632
P2,2485,10.092773495458207
P2,2486,10.079247270920758
P2,2487,10.0686662758516
P2,2488,10.060747361641926
P2,2489,10.055115533548244
P2,2490,10.05137367554297
P2,2491,10.049128778822894
P2,2492,10.048004017011214
P2,2493,10.047655633454704
P2,2494,10.047795398773841
P2,2495,10.048209285054273
P2,2496,10.048763429904982
P2,2497,10.049394627905881
P2,2498,10.050089055933016
P2,2499,10.050856596710277
P2,2500,10.05170830575195
P2,2501,10.052642123618664
P2,2502,10.053648324137352
P2,2503,10.05813699795242
P2,2530,10.777706940606528
P2,2531,10.767691910989164
P2,2532,10.764758017750136
P2,2535,10.715653144822786
P2,2539,10.638148756742819
P2,2540,10.61684726204447
P2,2541,10.594986769975922
P2,2542,10.572745974742062
P2,2544,10.527967471800272
P2,2545,10.50583976645601
P2,2546,10.484086689693234
P2,2547,10.462754871151084
P2,2548,10.441781519590693
P2,2549,10.421001352800833
P2,2550,10.400194842121655
P2,2551,10.379171736931667
P2,2552,10.357863886303575
P2,2553,10.33640891939439
P2,2554,10.315204023548159
P2,2555,10.29486050663812
P2,2556,10.276015265522751
P2,2557,10.259107500954812
P2,2558,10.244280713510085
P2,2559,10.231435339225982
P2,2560,10.22034049960594
P2,2561,10.210722667832707
P2,2562,10.20231075608948
P2,2563,10.194854762934467
P2,2564,10.188137660041694
P2,2565,10.181987530009401
P2,2566,10.176286608291393
P2,2567,10.1709716821812
P2,2568,10.166023874803454
P2,2569,10.161450613264284
P2,2570,10.157265467733847
P2,2571,10.153471667721655
P2,2572,10.150053004492797
P2,2573,10.146906413984347
P2,2574,10.144591564070915
P2,2575,10.16817647867151
P2,2576,10.149367952591511
P2,2605,10.847774949660392
P2,2606,10.838196835238493
P2,2607,10.823194173415057
P2,2608,10.807459146233626
P2,2609,10.791029688841666
P2,2610,10.773973852681063
P2,2611,10.756398124855517
P2,2612,10.738451996244718
P2,2613,10.720324647472967
P2,2614,10.702230228390878
P2,2615,10.684380747832757
P2,2616,10.666948807346378
P2,2617,10.650024437595361
P2,2618,10.633572288659673
P2,2619,10.617401892188985
P2,2620,10.601173683206039
P2,2621,10.58446168055928
P2,2622,10.566865052304935
P2,2623,10.548125108295684
P2,2624,10.52820910687275
P2,2625,10.507358752081448
P2,2626,10.486085036793657
P2,2627,10.465046482544139
P2,2628,10.444829111715729
P2,2629,10.425776257348723
P2,2630,10.407971259987685
P2,2631,10.39133026714171
P2,2632,10.375708954708228
P2,2633,10.360969828625182
P2,2634,10.347008028029087
P2,2635,10.333753953521763
P2,2636,10.3211684246233
P2,2637,10.309237009294074
P2,2638,10.297963864778316
P2,2639,10.287363744883761
P2,2640,10.27745204587334
P2,2641,10.268234538295571
P2,2642,10.259699272492048
P2,2643,10.251812676629532
P2,2644,10.244520512134015
P2,2645,10.237752900593929
P2,2646,10.23143173982408
P2,2647,10.224344198994585
P2,2648,10.194922616843375
P2,2678,10.933640484219847
P2,2679,10.93686599270509
P2,2680,10.923966529256488
P2,2681,10.910627879000211
P2,2682,10.896970073972353
P2,2683,10.883154501199192
P2,2684,10.869378115681805
P2,2685,10.855855045899323
P2,2686,10.842784162963055
P2,2687,10.830304167400776
P2,2688,10.818440175914036
P2,2689,10.807049775653116
P2,2691,10.784110586109048
P2,2692,10.768823149027112
P2,2693,10.756979731962826
P2,2694,10.740518075299727
P2,2695,10.721875299796789
P2,2696,10.701238060184325
P2,2697,10.679066010923481
P2,2698,10.65600808883838
P2,2699,10.632729500295879
P2,2700,10.609721349474105
P2,2701,10.587224027197877
P2,2702,10.565288799344154
P2,2703,10.543893762707215
P2,2704,10.523032006273324
P2,2705,10.502745006826245
P2,2706,10.483114747162112
P2,2707,10.464239175594662
P2,2708,10.446209248785095
P2,2709,10.429094933811928
P2,2710,10.412939640526712
P2,2711,10.39775961850144
P2,2712,10.383545356937223
P2,2713,10.370263634095137
P2,2714,10.357860196599932
P2,2715,10.346263679981138
P2,2716,10.335391251533828
P2,2717,10.32515575293879
P2,2718,10.315473315406043
P2,2719,10.306669296195372
P2,2750,11.005994076184988
P2,2751,11.017267324549879
P2,2752,11.015556746412384
P2,2753,11.016157704158033
P2,2755,11.00309456407163
P2,2756,10.960547117726229
P2,2757,10.96655504046149
P2,2758,10.994463389314795
P2,2759,10.987890499571646
P2,2765,10.92029122480189
P2,2766,10.91407197623186
P2,2767,10.893382757514413
P2,2768,10.870305592776406
P2,2769,10.845466279165779
P2,2770,10.819525223872091
P2,2771,10.793035736936838
P2,2773,10.739633051748749
P2,2774,10.712983335363333
P2,2775,10.686512948311014
P2,2776,10.660396399687688
P2,2777,10.634854146689895
P2,2778,10.610111237534083
P2,2779,10.586357501633556
P2,2780,10.56372439974918
P2,2781,10.542280327513588
P2,2782,10.522038690762479
P2,2783,10.502971548170297
P2,2784,10.485023365886986
P2,2785,10.468122135846027
P2,2786,10.452187521784676
P2,2787,10.437137048612994
P2,2788,10.422891373530955
P2,2789,10.409378884882685
P2,2790,10.39019277518356
P2,2791,10.359420748935696
P2,2826,11.111194692778351
P2,2827,11.119530621478424
P2,2838,11.081310893685709
P2,2839,11.057261978345272
P2,2840,11.030845475161001
P2,2841,11.0026688039506
P2,2842,10.97326912296138
P2,2843,10.943050802028829
P2,2844,10.912277214974566
P2,2845,10.881140299188392
P2,2846,10.849849927107378
P2,2847,10.818680045968247
P2,2848,10.787955292940064
P2,2849,10.758000832267548
P2,2850,10.729088970614612
P2,2851,10.701406007320257
P2,2852,10.67504598382515
P2,2853,10.650025261046183
P2,2854,10.626306966678758
P2,2855,10.603825567682279
P2,2856,10.582505753320957
P2,2857,10.562273947940163
P2,2858,10.543063689288575
P2,2859,10.524817238985635
P2,2860,10.507485451549597
P2,2861,10.489248139734817
P2,2862,10.461540818679316
P2,2909,11.283459624011229
P2,2910,11.238361170975509
P2,2911,11.210440804338742
P2,2912,11.1803614085907
P2,2913,11.148615124417933
P2,2914,11.115609134296548
P2,2915,11.081652651296896
P2,2916,11.046989218330294
P2,2917,11.011869735368624
P2,2918,10.976607506965879
P2,2919,10.941577497057423
P2,2920,10.907167766994494
P2,2921,10.87371673287963
P2,2922,10.84146800626231
P2,2923,10.810557151157282
P2,2924,10.781026629727082
P2,2925,10.752855645889598
P2,2926,10.725991370752181
P2,2927,10.700372941914445
P2,2928,10.675945299048156
P2,2929,10.652664037483
P2,2930,10.630494435755736
P2,2931,10.609407960335854
P2,2932,10.58937862428275
P2,2933,10.568473745821192
P2,2981,11.428663038678156
P2,2982,11.382759241506585
P2,2983,11.350967573393207
P2,2984,11.317340409703613
P2,2985,11.282249021020379
P2,2986,11.245985579273581
P2,2987,11.208774512668812
P2,2988,11.170829699813066
P2,2989,11.1324251024306
P2,2990,11.093921710719108
P2,2991,11.055733730068543
P2,2992,11.01826028943573
P2,2993,10.981822394398394
P2,2994,10.946631331412775
P2,2995,10.912792262013099
P2,2996,10.880330867118676
P2,2997,10.849226870865357
P2,2998,10.81944254940742
P2,2999,10.790940918951112
P2,3000,10.763693481058015
P2,3001,10.737680257962133
P2,3002,10.712885750565567
P2,3003,10.689294016558796
P2,3004,10.665025991188264
P2,3005,10.645753241655026
P2,3052,11.576621801128132
P2,3053,11.545405883393629
P2,3054,11.511957219767686
P2,3055,11.476738210311634
P2,3056,11.440060087134848
P2,3057,11.402142365232512
P2,3058,11.363132997408634
P2,3059,11.323150064281487
P2,3060,11.282363201023
P2,3061,11.241058500517612
P2,3062,11.199637647806314
P2,3063,11.158554408062848
P2,3064,11.118229613709808
P2,3065,11.07898733529924
P2,3066,11.041032033428866
P2,3067,11.004461911913104
P2,3068,10.969301331008841
P2,3069,10.935535489946309
P2,3070,10.903137140267901
P2,3071,10.872081892957688
P2,3072,10.842353239356662
P2,3073,10.813940626024609
P2,3074,10.786834394671954
P2,3075,10.758106985563796
P2,3076,10.729497747816694
P2,3078,10.6954203241775
P2,3079,10.674068701513843
P2,3124,11.661859007185093
P2,3125,11.628321307581535
P2,3126,11.622203371740875
P2,3127,11.585012205550727
P2,3128,11.54579859520057
P2,3129,11.505434736515499
P2,3130,11.46393610637713
P2,3131,11.421351528699082
P2,3133,11.333778504196786
P2,3134,11.289599579804118
P2,3135,11.24582622216764
P2,3136,11.202909510586464
P2,3137,11.161178794190729
P2,3138,11.12082825830546
P2,3139,11.081940590619329
P2,3140,11.044526525407036
P2,3141,11.008562670777366
P2,3142,10.974018334860043
P2,3143,10.94086931676923
P2,3144,10.909100988553257
P2,3145,10.878704778631446
P2,3146,10.847339304651202
P2,3147,10.813221169549335
P2,3150,10.747248839942142
P2,3151,10.727574272984414
P2,3199,11.673620691228162
P2,3200,11.632192004225555
P2,3202,11.545430840430347
P2,3203,11.499891142391487
P2,3204,11.452091237442746
P2,3205,11.388536997472958
P2,3206,11.354301600557228
P2,3207,11.315792823749137
P2,3208,11.270853879539683
P2,3209,11.227237686420851
P2,3210,11.185110705770105
P2,3211,11.144526953091729
P2,3212,11.105473843535702
P2,3213,11.06791211806955
P2,3214,11.031009947293805
P2,3215,10.996927843312386
P2,3216,10.961990657235113
P2,3217,10.927897074080368
P2,3218,10.893690341313695
P2,3221,10.808091537838878
P2,3222,10.79288115958661
P2,3270,11.767852949809326
P2,3271,11.74007212268611
P2,3272,11.69931559581598
P2,3273,11.647405901723657
P2,3275,11.535011469592398
P2,3278,11.397203477671
P2,3279,11.369853750798683
P2,3280,11.32391990734378
P2,3281,11.279115192873487
P2,3282,11.235882172270676
P2,3283,11.194246630288482
P2,3284,11.154173698703966
P2,3285,11.115430747652924
P2,3286,11.07660579796517
P2,3287,11.0369189472946
P2,3293,10.832270105607728
P2,3294,10.82908619297037
P2,3295,10.816781382871907
P2,3343,11.773055982433588
P2,3344,11.736935703176908
P2,3345,11.716409968581415
P2,3351,11.391955122901463
P2,3352,11.355930777698374
P2,3353,11.30762370228474
P2,3354,11.272898674836783
P2,3355,11.23032679245019
P2,3356,11.186026025326349
P2,3357,11.148059213964615
P2,3426,11.305631176476398
P2,3427,11.280457247652382
P2,3497,11.3767971101689
P2,3498,11.33862795961212
P2,3499,11.305675316099581
P2,3568,11.42346358672787
P2,3569,11.401755988764807
P2,3570,11.35894582866703
P2,3571,11.328825126050418
P2,3641,11.409299606622792
P2,3642,11.38264718246156
P3,56,8.322576679980875
P3,57,8.464975852668502
P3,128,8.473750963595608
P3,198,8.35348092786882
P3,199,8.572211884663748
P3,203,8.064784884198541
P3,270,8.257053604747458
P3,271,8.314032736621682
P3,272,8.31328610689954
P3,274,8.553453065875097
P3,276,8.468101442476156
P3,341,8.40405194950631
P3,342,8.16256648096816
P3,343,8.252297085007097
P3,344,8.181410753792042
P3,345,8.081714474912713
P3,347,8.063484157147045
P3,412,8.29197211015516
P3,413,8.534680917313318
P3,414,8.534383060812166
P3,415,8.520930560180298
P3,416,8.509382278164114
P3,417,8.18660920233696
P3,418,8.213163706039753
P3,483,8.143083944104946
P3,484,8.113907788896356
P3,485,8.14855334080371
P3,486,8.22679565179375
P3,487,8.220050431953222
P3,554,8.140760887651156
P3,555,8.116653565029994
P3,556,8.044587620855696
P3,557,8.023916232759063
P3,558,8.06292167547697
P3,559,8.113257975452708
P3,560,8.051449086692532
P3,561,7.983996922510568
P3,563,8.13196602299454
P3,564,8.064714972754178
P3,592,8.774675835082524
P3,593,9.102636510978032
P3,625,8.115589048231362
P3,626,8.130555705059294
P3,627,8.150676101030186
P3,628,8.125543942369182
P3,629,8.186538897885589
P3,630,8.210443190857305
P3,634,8.491662835383542
P3,635,8.309530841457418
P3,636,8.104062872319798
P3,637,8.21772437389086
P3,640,8.587827065056826
P3,663,8.55500419492501
P3,664,8.515628721486804
P3,665,8.573311980217328
P3,666,8.437096782392354
P3,696,8.198568191968326
P3,698,8.160968825518932
P3,699,8.24224416458128
P3,700,7.960492279329062
P3,701,7.984200323656879
P3,702,7.98309029075309
P3,704,8.245428023504767
P3,705,8.33756666006812
P3,706,8.335107194898251
P3,708,8.207357353428952
P3,710,8.298634423261792
P3,711,8.36886793083844
P3,712,8.316683926151299
P3,716,8.832796093537022
P3,717,8.593173352430439
P3,735,8.995424794561792
P3,736,9.078886039202077
P3,737,8.663072974454652
P3,738,9.152950532369987
P3,772,7.880720825902581
P3,773,7.855175988185636
P3,774,7.900712102895514
P3,775,7.8742913798329655
P3,776,7.903923999466304
P3,777,7.974001962019489
P3,778,7.927823724290913
P3,783,8.100307816279287
P3,784,8.206170894597795
P3,787,8.28797231503794
P3,788,8.481502229388093
P3,804,8.558250567438595
P3,805,9.750751703821768
P3,806,9.746691353968343
P3,807,9.63880620091525
P3,808,9.763085808434678
P3,809,8.409069412554318
P3,810,8.428423250942847
P3,811,8.460716585258492
P3,812,8.44944130457389
P3,813,8.596757133059244
P3,845,8.251503515373404
P3,846,8.251531821348202
P3,847,8.231205446833734
P3,848,8.159939936001809
P3,849,8.231255224736756
P3,850,8.375495330014653
P3,851,8.136325164099933
P3,855,8.090173702856735
P3,856,8.098369970625582
P3,857,8.250839878669776
P3,858,8.590494501291468
P3,859,8.351567034899222
P3,860,8.319381632306134
P3,876,8.186506317423074
P3,877,8.223871379110232
P3,878,8.268477646708808
P3,879,8.234058987292437
P3,881,8.293610689243318
P3,882,8.275100607934084
P3,883,8.159599744145584
P3,884,8.422158766134196
P3,885,8.389640661257351
P3,916,8.139750006346373
P3,917,8.122891829984923
P3,918,7.838406362301068
P3,920,7.835174873323487
P3,921,7.868524607557888
P3,922,7.9640825167073395
P3,923,8.007984672320704
P3,927,7.855267199983404
P3,929,7.856441461284935
P3,931,7.891024061466061
P3,947,8.726145237111705
P3,948,8.601174563951263
P3,949,8.813007373760321
P3,950,8.527942645390665
P3,951,8.408045747901262
P3,952,8.479591304021596
P3,953,8.583404896999927
P3,955,9.534963667532827
P3,956,9.40565963141888
P3,985,7.839221770493529
P3,986,7.842941306633961
P3,987,7.856407906021256
P3,988,7.904022999908609
P3,989,7.889517959107843
P3,991,7.917207777780295
P3,992,7.953520218595833
P3,993,7.95150614234136
P3,994,7.980469335703346
P3,995,8.04758082671618
P3,996,8.053125741073538
P3,997,8.205777951659806
P3,999,8.251595270973091
P3,1001,8.078431085392458
P3,1002,7.993851196900046
P3,1003,8.005575033361728
P3,1018,8.548852014842307
P3,1019,8.750395267016943
P3,1021,8.266863050716983
P3,1022,8.126309989968263
P3,1023,8.16182127584732
P3,1025,8.154451931867339
P3,1027,8.117037867762944
P3,1028,8.098701860540574
P3,1029,8.114023119372524
P3,1055,8.103460786170238
P3,1057,8.202376547107406
P3,1058,8.308592165900764
P3,1061,8.09352017812487
P3,1063,8.07760964745086
P3,1064,8.158173231280028
P3,1065,8.133439818477575
P3,1066,8.114265244228891
P3,1068,7.828178021080237
P3,1069,7.838384736431021
P3,1070,7.881908218522317
P3,1073,7.944621223169089
P3,1075,7.959615588155755
P3,1076,7.92814601008567
P3,1089,8.567389499765243
P3,1090,8.5839385293129
P3,1091,8.639408278100897
P3,1092,8.61718020120768
P3,1093,8.64276174701353
P3,1094,8.718279130891805
P3,1095,8.871099827908669
P3,1096,8.899886349709245
P3,1097,8.73707187084051
P3,1098,8.843538743504142
P3,1100,8.603855722052717
P3,1101,8.39987196010873
P3,1103,9.35958322111151
P3,1126,7.848151521591291
P3,1127,7.849675615730587
P3,1128,7.847214333862779
P3,1129,7.8640598195723825
P3,1130,7.8471611496335525
P3,1131,7.934630597450482
P3,1133,8.027896155965498
P3,1134,8.065424218070392
P3,1137,8.153502483103681
P3,1138,8.10796440664799
P3,1139,8.137290862398428
P3,1140,8.165137029540615
P3,1142,8.336426364362643
P3,1143,8.440597206234065
P3,1144,8.395577515874027
P3,1145,8.620657633624726
P3,1161,8.554915611601249
P3,1162,8.389544114595127
P3,1163,8.415103939393049
P3,1164,8.36258278158922
P3,1165,8.317797779275013
P3,1166,8.223748131604214
P3,1167,8.221988063186329
P3,1168,8.255090344599324
P3,1169,8.229215010491563
P3,1170,8.22654304544438
P3,1171,8.213690655384791
P3,1172,8.219574367947699
P3,1173,8.20440190073024
P3,1175,8.170858578472018
P3,1196,8.466446066339813
P3,1197,8.650792656295476
P3,1198,8.794715210818017
P3,1199,8.768055306644923
P3,1200,8.88092509987374
P3,1201,8.187531123240552
P3,1202,8.115655221454762
P3,1203,8.211628619070844
P3,1204,8.090592808704066
P3,1205,8.104104956641317
P3,1206,8.147433665687066
P3,1207,8.142782151678242
P3,1208,8.170138596402635
P3,1209,8.112079149528917
P3,1210,8.101396785345619
P3,1211,8.05626265749723
P3,1212,8.166093884864543
P3,1213,7.907551854409696
P3,1214,7.928048172239611
P3,1215,7.9661629007971735
P3,1216,7.998802114910497
P3,1234,8.64484811632693
P3,1235,8.677025168109456
P3,1236,8.641609874885347
P3,1237,8.647839347053923
P3,1238,8.72247002297566
P3,1239,8.855444009332274
P3,1240,8.881546783765947
P3,1241,9.037011189244588
P3,1242,8.950068680774606
P3,1243,9.291142235471549
P3,1244,9.37421805031514
P3,1246,9.42195299915868
P3,1247,9.11565324111687
P3,1248,9.21803875610609
P3,1249,9.262437736662335
P3,1268,7.988416191338444
P3,1269,8.092946386661964
P3,1270,8.07010520804766
P3,1271,8.042850048870044
P3,1272,7.965896283594214
P3,1273,7.91592780532876
P3,1274,7.93015926004567
P3,1275,7.951809529073716
P3,1276,7.9846836603723474
P3,1277,8.015382589315443
P3,1279,8.094868657374336
P3,1280,8.115240963990503
P3,1281,8.176400133722606
P3,1282,8.2268548747395709
P3,1283,8.282192101123814
P3,1284,8.335873121609543
P3,1286,8.339444360815003
P3,1287,8.461695628148112
P3,1288,8.568850943981825
P3,1289,8.574361012445147
P3,1305,8.668152231398848
P3,1306,8.747761914128247
P3,1307,8.898261055636818
P3,1308,9.259559577149634
P3,1309,8.801304165940156
P3,1312,8.185140950623902
P3,1313,8.245659571117665
P3,1314,8.255200002343493
P3,1315,8.2597951841062809
P3,1316,8.280908562808342
P3,1319,8.3034437265998
P3,1320,8.267971555342584
P3,1321,8.247544968520234
P3,1322,8.211857216672687
P3,1328,8.273514292666349
P3,1339,8.115196174704046
P3,1340,8.205053675057727
P3,1341,8.183720425563017
P3,1344,8.233000447306289
P3,1345,8.206704509273472
P3,1346,8.315560439452458
P3,1348,8.176741275492134
P3,1349,8.200988641380548
P3,1351,8.268371724273322
P3,1352,8.290258209886392
P3,1353,8.419102019432346
P3,1354,8.489147012899966
P3,1355,8.592175738160858
P3,1357,8.350428768303917
P3,1358,8.752725967957074
P3,1359,9.100274317723027
P3,1360,8.096200463434409
P3,1361,8.180385150957067
P3,1377,8.581192288236814
P3,1379,8.721214598116214
P3,1380,8.62234307172727
P3,1381,8.738837499047555
P3,1382,8.572018151002945
P3,1383,9.29686902822932
P3,1384,8.78913973199556
P3,1385,8.474429053066196
P3,1386,8.539162605060342
P3,1393,8.409638628193452
P3,1400,8.484977156559653
P3,1410,8.065573070247298
P3,1412,8.028230345538708
P3,1413,8.01753149991409
P3,1414,8.072685517902809
P3,1415,8.13714077050256
P3,1416,8.275337832240009
P3,1417,8.310339624484666
P3,1418,8.595976580245907
P3,1419,8.423749707964982
P3,1420,8.4175339017244
P3,1421,8.277280793044058
P3,1422,8.32313529504685
P3,1423,8.345426187885357
P3,1424,8.311787967189936
P3,1425,8.41729955446947
P3,1426,8.547828463072692
P3,1427,8.499146272706694
P3,1428,8.589189082130243
P3,1429,8.26735344751462
P3,1430,8.238362668896244
P3,1448,9.261417706555632
P3,1449,8.610969771739608
P3,1450,8.53922045847748
P3,1452,8.44665237697901
P3,1453,8.360242228273314
P3,1454,8.439295109338165
P3,1455,8.34045962339472
P3,1456,8.478330360943138
P3,1462,8.802199509990453
P3,1465,8.573870025923775
P3,1466,8.467107088726962
P3,1468,8.567872167549039
P3,1471,8.45196701940159
P3,1476,8.51653503677351
P3,1479,8.394541647797382
P3,1480,8.303051393977116
P3,1481,8.315035001237788
P3,1482,8.326237441950521
P3,1483,8.20296319476747
P3,1484,8.210969414344707
P3,1485,8.203528750069392
P3,1486,8.19918773729786
P3,1487,8.309657158837245
P3,1488,8.436858518562623
P3,1489,8.532597179292672
P3,1490,8.414899105696536
P3,1491,8.815544256190295
P3,1492,8.552313320151232
P3,1493,8.307464694824969
P3,1494,8.560107562371142
P3,1495,8.837433605119221
P3,1496,8.838808848562474
P3,1497,9.184647102296587
P3,1498,8.637910946994545
P3,1499,8.622385808522377
P3,1500,8.687949047737973
P3,1502,8.924280820091637
P3,1518,9.068765235200674
P3,1520,9.102273396351805
P3,1521,9.047481107277614
P3,1522,9.232697556255511
P3,1523,9.317893612670977
P3,1528,9.793214120241418
P3,1529,9.762312156838567
P3,1533,8.650556816273323
P3,1536,8.715599482101435
P3,1537,8.515614927414978
P3,1538,8.444739360186833
P3,1539,8.51048952740962
P3,1540,8.587015453780596
P3,1542,8.779706163922604
P3,1550,8.4261612168946165
P3,1551,8.39260360327976
P3,1552,8.442984072381698
P3,1553,8.479019419923151
P3,1554,8.436642882725657
P3,1555,8.688951659375887
P3,1556,8.813542405914312
P3,1557,8.8064730312014
P3,1558,8.835655642178246
P3,1559,8.835173321032133
P3,1560,8.81415113122436
P3,1561,8.825416496318487
P3,1562,8.840361188882275
P3,1563,8.8584874777822
P3,1564,8.879261561982295
P3,1565,8.902137925027349
P3,1566,8.673905700316466
P3,1567,8.703270443409417
P3,1568,8.839354392395336
P3,1569,8.834196665485024
P3,1570,8.902381325198526
P3,1571,8.981383589292824
P3,1586,9.607782247910857
P3,1587,9.46851491757994
P3,1588,9.512519001521131
P3,1589,9.628038261765061
P3,1590,9.569348695182844
P3,1591,9.31578597294647
P3,1592,8.432057666307369
P3,1593,8.546801776762935
P3,1594,9.971588494896533
P3,1602,9.161116340774242
P3,1608,8.450938685079054
P3,1609,8.821510736420048
P3,1610,9.118393035839711
P3,1612,9.135014482112837
P3,1613,8.857697285724134
P3,1614,8.465647129863394
P3,1616,8.445308978155396
P3,1617,8.477340797242487
P3,1618,8.470203689205567
P3,1619,8.55587895885022
P3,1620,8.542413868840825
P3,1621,8.689263175250673
P3,1622,8.722224249999401
P3,1623,8.702127854328213
P3,1624,8.892708690628018
P3,1625,8.883656587665946
P3,1626,8.775810527245369
P3,1627,8.229881441185647
P3,1629,8.854283638453646
P3,1630,8.855721059886188
P3,1631,8.861897182519105
P3,1632,8.733349048154919
P3,1633,8.937129915963538
P3,1634,9.021954904497415
P3,1635,9.016093231972718
P3,1636,9.005168439232913
P3,1637,9.061862022928587
P3,1639,8.729095465089983
P3,1640,8.898398662686677
P3,1641,9.04166446490932
P3,1642,9.073280766599483
P3,1658,8.770862853510293
P3,1659,10.196645492652777
P3,1660,9.761180732348157
P3,1661,9.772577426707434
P3,1662,9.773730237566065
P3,1666,9.4937176097283409
P3,1669,9.495842569423878
P3,1672,8.885384442051881
P3,1674,9.4635718491495
P3,1675,9.17478706190633
P3,1676,9.147988571014272
P3,1678,9.376031847406791
P3,1679,9.299254798058335
P3,1680,9.441314438341568
P3,1681,9.664087188993163
P3,1684,9.015970554356226
P3,1685,9.389643403055238
P3,1686,9.362300799857039
P3,1687,9.135729536018216
P3,1688,9.268510176820863
P3,1689,9.292926500410884
P3,1692,9.315354674766333
P3,1693,8.803888861676661
P3,1694,8.553570078020474
P3,1695,8.532349257267132
P3,1696,8.64122273503294
P3,1697,8.711231749833873
P3,1698,8.728970895175124
P3,1699,8.744772055809326
P3,1700,8.806589847504144
P3,1701,9.010951280166411
P3,1702,9.252579025354144
P3,1703,9.435493511740082
P3,1704,9.482813992007483
P3,1705,8.794827092834502
P3,1706,8.832333388532508
P3,1707,8.98266218651307
P3,1708,9.2387654730473
P3,1710,9.347389631280812
P3,1711,8.927556434347931
P3,1712,8.997273357624007
P3,1731,10.23024409131424
P3,1732,9.74774484114009
P3,1733,10.076933692675569
P3,1734,10.119418860118618
P3,1738,10.068997870366395
P3,1739,10.047501348173833
P3,1743,9.934042226688348
P3,1748,9.772379140979359
P3,1749,9.73738219427772
P3,1753,9.588446322781
P3,1755,9.508622488308095
P3,1756,9.467396116652713
P3,1757,9.425339678127047
P3,1758,9.382552028434729
P3,1759,9.339229033341
P3,1760,9.295696617817635
P3,1761,9.252421072334547
P3,1762,9.209989256856991
P3,1764,9.13034555036447
P3,1765,9.094520022127767
P3,1766,9.06226115794159
P3,1767,9.034206137871989
P3,1769,8.992872432233817
P3,1770,8.980351218898527
P3,1772,8.972142481760416
P3,1773,8.976011397408842
P3,1774,8.98451620407635
P3,1775,8.996929767495274
P3,1776,9.012467921042692
P3,1777,9.030398901517483
P3,1778,9.050854305575548
P3,1779,9.093745756680608
P3,1782,9.125543010300179
P3,1783,9.118652098267939
P3,1803,10.266755531489279
P3,1804,10.252566142863415
P3,1805,10.231823692855514
P3,1806,10.210267568677216
P3,1807,10.187878261084627
P3,1809,10.140529146024422
P3,1815,9.976971205395227
P3,1816,9.946487346499953
P3,1819,9.849432644626711
P3,1820,9.815207077211893
P3,1821,9.78004202594679
P3,1823,9.706895800355229
P3,1824,9.668924428085633
P3,1825,9.630037252160653
P3,1826,9.590257001445885
P3,1828,9.508170728586775
P3,1829,9.465998607552176
P3,1830,9.423241611224858
P3,1831,9.380133176427254
P3,1832,9.337032428958011
P3,1833,9.29443700730959
P3,1834,9.252966509354856
P3,1835,9.2133214590471
P3,1836,9.176235316417197
P3,1837,9.142437420989843
P3,1838,9.112628954305652
P3,1839,9.087455622144546
P3,1840,9.067464220147205
P3,1841,9.053050650225805
P3,1842,9.044410227027639
P3,1843,9.041490632814442
P3,1844,9.043957656181798
P3,1845,9.051204996823667
P3,1846,9.062432893164209
P3,1847,9.076781963039947
P3,1848,9.093473028991239
P3,1849,9.111900748576726
P3,1850,9.131657730187012
P3,1851,9.156266385991056
P3,1852,9.170811106969904
P3,1853,9.23580973494697
P3,1854,9.241439752031798
P3,1855,9.27803594610716
P3,1856,9.299244581009141
P3,1875,10.305744975018268
P3,1876,10.293661084908628
P3,1877,10.274230036525648
P3,1878,10.253205577180207
P3,1879,10.231332444456923
P3,1880,10.208589178210724
P3,1881,10.184955726406143
P3,1882,10.160413740337349
P3,1884,10.108540719289184
P3,1892,9.86244926687343
P3,1895,9.753966405970306
P3,1896,9.715867786637812
P3,1897,9.67683794777518
P3,1899,9.596185739861836
P3,1900,9.554723109952517
P3,1901,9.512666261923448
P3,1902,9.470206856017148
P3,1903,9.427625372364188
P3,1904,9.38532005113581
P3,1905,9.343819999569382
P3,1906,9.303771416428399
P3,1907,9.265899624771626
P3,1908,9.230962680093306
P3,1909,9.199712291369213
P3,1910,9.172861382176809
P3,1911,9.151042317394504
P3,1912,9.134747545765185
P3,1913,9.12426159435896
P3,1914,9.119595692542623
P3,1916,9.12618028553686
P3,1917,9.135971500140155
P3,1918,9.148911977212013
P3,1919,9.164197173682696
P3,1920,9.181225753640428
P3,1921,9.199620045173715
P3,1922,9.219181066936546
P3,1923,9.23981793657412
P3,1924,9.26897803557642
P3,1925,9.291707050494196
P3,1926,9.307708638619625
P3,1927,9.324212411035392
P3,1928,9.341674345435258
P3,1950,10.299152205898244
P3,1951,10.277898065993192
P3,1952,10.255762039000583
P3,1953,10.23272091009567
P3,1967,9.806713824425946
P3,1968,9.768701742395901
P3,1969,9.729755766830232
P3,1970,9.689947283569278
P3,1971,9.649379921722009
P3,1972,9.608196132115404
P3,1973,9.566585595560296
P3,1974,9.524799022179463
P3,1975,9.48316892127718
P3,1976,9.442132032775667
P3,1977,9.402241144226254
P3,1978,9.364155055435452
P3,1979,9.328606428405614
P3,1980,9.296359345502717
P3,1981,9.268167982115086
P3,1982,9.244731833862444
P3,1983,9.226632060406246
P3,1984,9.214247279648516
P3,1985,9.207667680833298
P3,1986,9.206636984130498
P3,1987,9.210560173895134
P3,1988,9.21860311982637
P3,1989,9.229862515478832
P3,1990,9.243538504217147
P3,1991,9.259042398053372
P3,1992,9.276014337521055
P3,1993,9.29427253655726
P3,1994,9.31373637308125
P3,1995,9.334357302646655
P3,1996,9.356071457614476
P3,1997,9.375820074999545
P3,1998,9.382843021956175
P3,2024,10.306683172285556
P3,2027,10.236884290649202
P3,2028,10.211684997490986
P3,2039,9.8660614481897
P3,2040,9.828409083849724
P3,2041,9.789842333620639
P3,2044,9.669923677246462
P3,2045,9.629209154537968
P3,2046,9.588594371451864
P3,2047,9.548460134931855
P3,2048,9.509271288762042
P3,2049,9.471587730272242
P3,2050,9.43606008963736
P3,2051,9.403405108098909
P3,2052,9.374366882269555
P3,2053,9.34966995402974
P3,2054,9.329955325121926
P3,2055,9.315687946138592
P3,2056,9.307051680213574
P3,2057,9.30387556204757
P3,2058,9.305637589464633
P3,2059,9.311566474928664
P3,2060,9.32081193272086
P3,2061,9.332613693591398
P3,2062,9.346404819798954
P3,2063,9.361827953134847
P3,2064,9.378686467682858
P3,2065,9.396870192382845
P3,2066,9.416287560781116
P3,2067,9.436818521750151
P3,2068,9.458168356293392
P3,2069,9.455445290847182
P3,2111,9.933048017670169
P3,2112,9.896096338722511
P3,2113,9.858284561517646
P3,2114,9.819758361764103
P3,2116,9.741421826171855
P3,2117,9.702182704386514
P3,2118,9.663364043580454
P3,2119,9.625379303680008
P3,2120,9.588700790386332
P3,2121,9.553871273411914
P3,2122,9.521504821933211
P3,2123,9.492267630816379
P3,2124,9.466840969474635
P3,2125,9.44586649532357
P3,2126,9.429861339994707
P3,2127,9.41910577894229
P3,2128,9.413550467256028
P3,2129,9.412803868452507
P3,2130,9.416221673717617
P3,2131,9.423062501000365
P3,2132,9.432640867503705
P3,2133,9.444420367160728
P3,2134,9.458030501078415
P3,2135,9.473226995649473
P3,2136,9.489829498913604
P3,2137,9.507664422629302
P3,2138,9.526526887888442
P3,2139,9.546164940286879
P3,2140,9.566427262292985
P3,2171,10.358225144145544
P3,2182,10.04371919402343
P3,2183,10.008781122378666
P3,2184,9.972948755283708
P3,2186,9.89921655257365
P3,2187,9.861770312485293
P3,2188,9.82433781001128
P3,2189,9.787279445487806
P3,2191,9.715880420896607
P3,2193,9.65105654970916
P3,2194,9.62236292375962
P3,2195,9.596886801290093
P3,2196,9.57518714928769
P3,2197,9.557766017054956
P3,2198,9.544974739949856
P3,2199,9.53690908394334
P3,2200,9.533363159913787
P3,2201,9.533882171120405
P3,2202,9.53788522019428
P3,2203,9.544792803996799
P3,2204,9.554107702278056
P3,2205,9.565435323727028
P3,2206,9.578459715671299
P3,2207,9.592902523413725
P3,2208,9.60848733147259
P3,2209,9.624920457832449
P3,2210,9.641889787252127
P3,2211,9.659078079634927
P3,2212,9.676184617441715
P3,2213,9.698744094294396
P3,2214,9.741173003392088
P3,2240,10.487513068093033
P3,2241,10.46945167998581
P3,2250,10.251778239650871
P3,2254,10.127782650175398
P3,2255,10.09434911702068
P3,2257,10.025365728076986
P3,2258,9.990258235765289
P3,2259,9.955133842771723
P3,2260,9.920346205698237
P3,2261,9.886272996901555
P3,2262,9.853297623415209
P3,2263,9.821799929188655
P3,2264,9.792156945574222
P3,2265,9.76474826372481
P3,2266,9.739960773665707
P3,2267,9.718192307613464
P3,2268,9.699845918672626
P3,2269,9.685285566449831
P3,2270,9.674742456943541
P3,2271,9.668227747968041
P3,2272,9.665521516070287
P3,2273,9.666241372809585
P3,2274,9.669937273744177
P3,2275,9.676161591235378
P3,2276,9.684497377492232
P3,2277,9.694555816750858
P3,2278,9.705963595353234
P3,2279,9.718356006748197
P3,2280,9.731381004143403
P3,2281,9.74471133161212
P3,2282,9.758059119734957
P3,2283,9.771187944525526
P3,2284,9.783918941278436
P3,2285,9.796129447291
P3,2286,9.813759334294218
P3,2312,10.561765157061977
P3,2313,10.543681430179957
P3,2320,10.391573237073688
P3,2326,10.222098747763575
P3,2327,10.190712367554692
P3,2328,10.15876461728412
P3,2329,10.126501031275522
P3,2330,10.094221901822724
P3,2331,10.062266447139821
P3,2332,10.030989281277026
P3,2333,10.00073568235073
P3,2334,9.971821564992368
P3,2335,9.944520950730446
P3,2336,9.919063162199963
P3,2337,9.895645045511417
P3,2338,9.874463666500596
P3,2339,9.855761569851989
P3,2340,9.839846256457694
P3,2341,9.827035319557211
P3,2342,9.817542443563944
P3,2343,9.811390919372535
P3,2344,9.808410689953432
P3,2345,9.808294468146284
P3,2346,9.810660300971135
P3,2347,9.815092624970172
P3,2348,9.82116394584308
P3,2349,9.828450898297435
P3,2350,9.836553747973863
P3,2351,9.845118389125982
P3,2352,9.853854070792929
P3,2353,9.86254110474102
P3,2354,9.871027347727578
P3,2355,9.879216254495343
P3,2356,9.887051104440793
P3,2357,9.894499897086302
P3,2358,9.90679578845191
P3,2359,9.94149869241909
P3,2384,10.641604681930056
P3,2385,10.625039354101038
P3,2386,10.607629175952031
P3,2390,10.529088273067606
P3,2392,10.484200358537253
P3,2393,10.46030720957403
P3,2394,10.4354517099552
P3,2395,10.409656615587375
P3,2397,10.355473996929982
P3,2398,10.327297766891517
P3,2399,10.298623758473983
P3,2400,10.26969133920261
P3,2401,10.24078884252503
P3,2402,10.212234288428848
P3,2403,10.184347658780206
P3,2405,10.131690353374655
P3,2406,10.107316215227058
P3,2407,10.084373746751146
P3,2408,10.062872301640594
P3,2409,10.042811706786205
P3,2410,10.024264981425198
P3,2411,10.007444221558565
P3,2412,9.992688318038443
P3,2413,9.980350317761832
P3,2414,9.97065567587614
P3,2415,9.963629129801527
P3,2416,9.959109667198595
P3,2417,9.956806774310634
P3,2418,9.956355005108117
P3,2419,9.957355633170879
P3,2420,9.959411944503149
P3,2421,9.96216301271682
P3,2422,9.96531214723658
P3,2423,9.968642380253396
P3,2424,9.97201503809845
P3,2425,9.975354088236616
P3,2426,9.97862353936325
P3,2427,9.981805899615807
P3,2428,9.984887342994037
P3,2429,9.987891383952013
P3,2430,9.989627191390133
P3,2431,9.998148919628683
P3,2456,10.712659133401399
P3,2457,10.713236298745429
P3,2458,10.697594483321845
P3,2462,10.626069262904846
P3,2464,10.585151868005047
P3,2466,10.540817611298902
P3,2468,10.493395333502711
P3,2469,10.468771194968534
P3,2470,10.443762669016692
P3,2471,10.41860228321584
P3,2472,10.393562773518141
P3,2473,10.36893330299943
P3,2474,10.344986560571794
P3,2475,10.321942902358368
P3,2476,10.299936826388823
P3,2478,10.259009826795557
P3,2479,10.239813821731422
P3,2480,10.221225140857594
P3,2481,10.203178971723839
P3,2482,10.185803438033865
P3,2483,10.16941814489868
P3,2484,10.15443454112137
P3,2485,10.14120208552347
P3,2486,10.12989496524287
P3,2487,10.120492838564338
P3,2488,10.112827480009923
P3,2489,10.10664374536181
P3,2490,10.101649769118431
P3,2491,10.097556352336397
P3,2492,10.09410983247334
P3,2493,10.091116179307324
P3,2494,10.088450598974338
P3,2495,10.086050620806088
P3,2496,10.083896946445279
P3,2497,10.081990150613132
P3,2498,10.080331137017344
P3,2499,10.078910132691863
P3,2500,10.077704792137474
P3,2501,10.07668457198378
P3,2502,10.075826466318627
P3,2503,10.078564399715816
P3,2530,10.777657572529582
P3,2531,10.766840547841023
P3,2532,10.763612438291933
P3,2535,10.712453387418938
P3,2539,10.63449309280278
P3,2540,10.613703693959526
P3,2541,10.592686867432151
P3,2542,10.57166569060296
P3,2544,10.530614169637701
P3,2545,10.511045193969201
P3,2546,10.492314592226327
P3,2547,10.474433149926785
P3,2548,10.457264595860579
P3,2549,10.440526593065636
P3,2550,10.423847460151745
P3,2551,10.406888006003198
P3,2552,10.389482996326256
P3,2553,10.371717923653625
P3,2554,10.353898835156617
P3,2555,10.33644464124858
P3,2556,10.319751442578722
P3,2557,10.3040843434036
P3,2558,10.289544342994779
P3,2559,10.276103453022207
P3,2560,10.263662125177916
P3,2561,10.25209555379232
P3,2562,10.24128326551782
P3,2563,10.231128324679327
P3,2564,10.22156914120759
P3,2565,10.21258196655092
P3,2566,10.204173021514467
P3,2567,10.19636335039338
P3,2568,10.189172184512662
P3,2569,10.18260418839456
P3,2570,10.176643442977653
P3,2571,10.171254022125847
P3,2572,10.166384919492772
P3,2573,10.16192115545013
P3,2574,10.15841932908117
P3,2575,10.178769915711394
P3,2576,10.160647568251408
P3,2605,10.850603854399106
P3,2606,10.84087751203108
P3,2607,10.825689574997893
P3,2608,10.80998076427736
P3,2609,10.793818972905122
P3,2610,10.777302430520505
P3,2611,10.760566814597295
P3,2612,10.743787867007956
P3,2613,10.72717455967474
P3,2614,10.710948635222397
P3,2615,10.69531005673627
P3,2616,10.68039287437493
P3,2617,10.666218792592515
P3,2618,10.652655961193842
P3,2619,10.639393998184188
P3,2620,10.625957603906496
P3,2621,10.61178919162504
P3,2622,10.596406815142368
P3,2623,10.579576149790666
P3,2624,10.561384557800606
P3,2625,10.542164882206468
P3,2626,10.522344841953798
P3,2627,10.502323098982085
P3,2628,10.482399845991468
P3,2629,10.462760813844517
P3,2630,10.443508724258427
P3,2631,10.424712317562658
P3,2632,10.406440686431319
P3,2633,10.388774005548262
P3,2634,10.371800186423233
P3,2635,10.355608063136614
P3,2636,10.340280645122222
P3,2637,10.325887937179926
P3,2638,10.312479527831877
P3,2639,10.300078645978205
P3,2640,10.288679245841116
P3,2641,10.278246444680809
P3,2642,10.268719703294535
P3,2643,10.260018055299234
P3,2644,10.25204696850009
P3,2645,10.244706364630186
P3,2646,10.237898852312014
P3,2647,10.230593727585362
P3,2648,10.202720836736738
P3,2678,10.941171493186308
P3,2679,10.945450403370113
P3,2680,10.933101379985686
P3,2681,10.920594056511735
P3,2682,10.90806459677859
P3,2683,10.895681012161086
P3,2684,10.883631811152359
P3,2685,10.872099884239946
P3,2686,10.861221848595461
P3,2687,10.851038434581083
P3,2688,10.841444701593081
P3,2689,10.832149976015836
P3,2691,10.812317982697811
P3,2692,10.797822481537562
P3,2693,10.786309619776347
P3,2694,10.769786056166215
P3,2695,10.75095759465085
P3,2696,10.730234174983076
P3,2697,10.708089975164253
P3,2698,10.684920375117864
P3,2699,10.66101912782579
P3,2700,10.636611819569833
P3,2701,10.611900515255913
P3,2702,10.587103762995131
P3,2703,10.562474905893165
P3,2704,10.53829150710846
P3,2705,10.514827051997575
P3,2706,10.49232221345786
P3,2707,10.470965800097536
P3,2708,10.45088663989475
P3,2709,10.432153841710832
P3,2710,10.414782599574055
P3,2711,10.398742920735812
P3,2712,10.383968894437485
P3,2713,10.370367143916354
P3,2714,10.357824720725546
P3,2715,10.3462176328727
P3,2716,10.335420601145646
P3,2717,10.325317117111535
P3,2718,10.31580782081521
P3,2719,10.307293725409128
P3,2750,11.017746788427836
P3,2751,11.030640610651677
P3,2752,11.030122066834902
P3,2753,11.032599208109254
P3,2755,11.022933235659323
P3,2756,10.980838594343064
P3,2757,10.989693516247248
P3,2758,11.021366533116726
P3,2759,11.016331608516445
P3,2765,10.945559488006383
P3,2766,10.937204643765567
P3,2767,10.914782780420897
P3,2768,10.89030780863189
P3,2769,10.864204178537587
P3,2770,10.83674661294378
P3,2771,10.808159992021599
P3,2773,10.748690795788825
P3,2774,10.718521781721726
P3,2775,10.688624025124794
P3,2776,10.659421481715604
P3,2777,10.631283852932034
P3,2778,10.604493550133615
P3,2779,10.579232667325051
P3,2780,10.55558719483754
P3,2781,10.533562362692743
P3,2782,10.51310279082644
P3,2783,10.494112337500635
P3,2784,10.476470676187956
P3,2785,10.46004607332259
P3,2786,10.444705473568659
P3,2787,10.430323102939388
P3,2788,10.416787781033161
P3,2789,10.404008157258703
P3,2790,10.385921996156183
P3,2791,10.356874682469968
P3,2826,11.136544137253173
P3,2827,11.145745737946436
P3,2838,11.093569856729124
P3,2839,11.066729559005095
P3,2840,11.037928225097641
P3,2841,11.007452091020298
P3,2842,10.975495094330228
P3,2843,10.942301400366675
P3,2844,10.90821994888866
P3,2845,10.873696507989191
P3,2846,10.839235510560078
P3,2847,10.805345429123397
P3,2848,10.772480713629724
P3,2849,10.74099632426994
P3,2850,10.711125595533636
P3,2851,10.682982174917615
P3,2852,10.656579393454606
P3,2853,10.631858077313696
P3,2854,10.608714959332763
P3,2855,10.587026493552605
P3,2856,10.566665801855295
P3,2857,10.547512969069057
P3,2858,10.529460413954316
P3,2859,10.51241534880663
P3,2860,10.49630070229265
P3,2861,10.479365036546776
P3,2862,10.453362396503104
P3,2909,11.280186648788112
P3,2910,11.236062345342196
P3,2911,11.204826407724847
P3,2912,11.171926551522432
P3,2913,11.137514550301029
P3,2914,11.101743120599863
P3,2915,11.064880002810554
P3,2916,11.02731869138111
P3,2917,10.989541261003195
P3,2918,10.952063524055294
P3,2919,10.915374164407984
P3,2920,10.879880621814028
P3,2921,10.845875144456882
P3,2922,10.813526962266858
P3,2923,10.78289663687468
P3,2924,10.753963111190746
P3,2925,10.726653920245493
P3,2926,10.70087178075648
P3,2927,10.676513955299582
P3,2928,10.653483523436396
P3,2929,10.63169384556744
P3,2930,10.611068803117004
P3,2931,10.591541499464912
P3,2932,10.573053159697707
P3,2933,10.553736095107444
P3,2981,11.410189517463946
P3,2982,11.363669996526196
P3,2983,11.328861449886206
P3,2984,11.292779459160844
P3,2985,11.255430258259464
P3,2986,11.216900612199344
P3,2987,11.177425389580698
P3,2988,11.137371926655891
P3,2989,11.097194017969073
P3,2990,11.05737381076656
P3,2991,11.01836144286321
P3,2992,10.980526014662981
P3,2993,10.944129140756468
P3,2994,10.909323097916964
P3,2995,10.876167128524886
P3,2996,10.844652545562232
P3,2997,10.814728788480755
P3,2998,10.786325368814246
P3,2999,10.759367097294522
P3,3000,10.733782095658247
P3,3001,10.709504014064366
P3,3002,10.68647111982189
P3,3003,10.66462491109237
P3,3004,10.64226085892906
P3,3005,10.624565500167437
P3,3052,11.544254025750858
P3,3053,11.512119096733661
P3,3054,11.475702284005289
P3,3055,11.438392205460621
P3,3056,11.40005237105592
P3,3057,11.360544142147752
P3,3058,11.319878880124724
P3,3059,11.278245900628583
P3,3060,11.235985825182427
P3,3061,11.193542119397854
P3,3062,11.151398160137221
P3,3063,11.110011053097598
P3,3064,11.06975912165474
P3,3065,11.030914609867992
P3,3066,10.993641957877884
P3,3067,10.958013985631059
P3,3068,10.924036464572186
P3,3069,10.891673451342127
P3,3070,10.860868411456899
P3,3071,10.831558520945906
P3,3072,10.803681777772042
P3,3073,10.77717861114219
P3,3074,10.751990863701387
P3,3075,10.725559453341534
P3,3076,10.699617395782399
P3,3078,10.666679767466812
P3,3079,10.647441672635017
P3,3124,11.616188076389703
P3,3125,11.5825517764736
P3,3126,11.569972247966318
P3,3127,11.531619766858674
P3,3128,11.491434725762039
P3,3129,11.449982145375857
P3,3130,11.407256408407878
P3,3131,11.363456635719693
P3,3133,11.274222037331581
P3,3134,11.229791363836307
P3,3135,11.186146266155529
P3,3136,11.143682242508996
P3,3137,11.102677306152943
P3,3138,11.063294532439858
P3,3139,11.025602764615515
P3,3140,10.989604436626323
P3,3141,10.955262422537638
P3,3142,10.922521159758736
P3,3143,10.891320031269261
P3,3144,10.861599328105486
P3,3145,10.833300996710449
P3,3146,10.804437903143084
P3,3147,10.77372322487598
P3,3150,10.711492377543687
P3,3151,10.693540488365453
P3,3199,11.60716819596526
P3,3200,11.565215776898114
P3,3202,11.47684900239979
P3,3203,11.430610820536605
P3,3204,11.383000644688941
P3,3205,11.320600593435193
P3,3206,11.285265453090716
P3,3207,11.246440335620791
P3,3208,11.202333161525384
P3,3209,11.159768624105165
P3,3210,11.118890717129517
P3,3211,11.079750837333957
P3,3212,11.042338447207891
P3,3213,11.006608547629897
P3,3214,10.971806950526876
P3,3215,10.939802601647939
P3,3216,10.907325291789878
P3,3217,10.87593730441284
P3,3218,10.844951818643295
P3,3221,10.765017347941866
P3,3222,10.750889505965343
P3,3270,11.691899420707026
P3,3271,11.663533085037667
P3,3272,11.622321553359669
P3,3273,11.571883818908368
P3,3275,11.459916966828473
P3,3278,11.320350120129786
P3,3279,11.293296168905
P3,3280,11.248492637711246
P3,3281,11.205010321038689
P3,3282,11.163256861754466
P3,3283,11.12326494333054
P3,3284,11.085010065679668
P3,3285,11.048332202320111
P3,3286,11.012014038400526
P3,3287,10.975149214943968
P3,3293,10.786068638644018
P3,3294,10.782835730058812
P3,3295,10.77117674794498
P3,3343,11.690778380885002
P3,3344,11.65407388465029
P3,3345,11.632653144604348
P3,3351,11.31225951625886
P3,3352,11.277102740270776
P3,3353,11.230223892890367
P3,3354,11.196321665460895
P3,3355,11.155753382297927
P3,3356,11.113770467886692
P3,3357,11.077846764935549
P3,3426,11.226666352476956
P3,3427,11.20261106416633
P3,3497,11.295208945304198
P3,3498,11.2584910405576
P3,3499,11.226925195853262
P3,3568,11.340691863030196
P3,3569,11.319876303567279
P3,3570,11.278732306650468
P3,3571,11.2496454565476
P3,3641,11.327942219458135
P3,3642,11.302323194658106
P4,56,8.315720795958828
P4,57,8.45912205761732
P4,128,8.46055454647909
P4,198,8.344898039116854
P4,199,8.564004228226727
P4,203,8.066559515323156
P4,270,8.25329202800607
P4,271,8.308904012707814
P4,272,8.309279626542931
P4,274,8.549820743166277
P4,276,8.469590816130454
P4,341,8.3936764445126
P4,342,8.161460408210429
P4,343,8.252927540195518
P4,344,8.181341501675416
P4,345,8.080455249313713
P4,347,8.065426911892489
P4,412,8.283709975245515
P4,413,8.52168870013516
P4,414,8.522683583781125
P4,415,8.508510075509815
P4,416,8.497663632039599
P4,417,8.191121905663792
P4,418,8.219737707560345
P4,483,8.138227921453776
P4,484,8.110097219291823
P4,485,8.145418129993015
P4,486,8.224093887965717
P4,487,8.21987053811691
P4,554,8.134289310115719
P4,555,8.111403882875859
P4,556,8.04096459642734
P4,557,8.021588818179177
P4,558,8.062099453486404
P4,559,8.112297944253484
P4,560,8.051628917645294
P4,561,7.9872459335610015
P4,563,8.136795214203918
P4,564,8.071055825083661
P4,592,8.72808068811329
P4,593,9.043524648474957
P4,625,8.115021051991569
P4,626,8.129089130918807
P4,627,8.149401485405726
P4,628,8.125707649243113
P4,629,8.183947994836117
P4,630,8.207585824281963
P4,634,8.491215524123017
P4,635,8.312991651444147
P4,636,8.107548092131738
P4,637,8.21830760182786
P4,640,8.589964067980036
P4,663,8.52094196348908
P4,664,8.481781976138988
P4,665,8.535253305031745
P4,666,8.411077565461214
P4,696,8.188660964751456
P4,698,8.155350951777532
P4,699,8.231667475016469
P4,700,7.957455489351135
P4,701,7.983636099843847
P4,702,7.984042319438174
P4,704,8.248096000345548
P4,705,8.339330362867292
P4,706,8.335991296023915
P4,708,8.211955376081967
P4,710,8.308249710967912
P4,711,8.379300768181448
P4,712,8.32737532444825
P4,716,8.839483103199955
P4,717,8.6080533065534
P4,735,8.941240302655133
P4,736,9.011190245468528
P4,737,8.620861400722845
P4,738,9.086817130879425
P4,772,7.883146210742149
P4,773,7.8587593928978485
P4,774,7.903974256645896
P4,775,7.877449844186297
P4,776,7.907526010472569
P4,777,7.974940237150583
P4,778,7.934086576657879
P4,783,8.114329847160581
P4,784,8.21945576211791
P4,787,8.302957285366379
P4,788,8.490748393963427
P4,804,8.53749360639271
P4,805,9.688775739228449
P4,806,9.682992884778473
P4,807,9.578100808067349
P4,808,9.696851512908259
P4,809,8.38153081741729
P4,810,8.401558110468876
P4,811,8.43213228030399
P4,812,8.41989911622473
P4,813,8.558049331943703
P4,845,8.25055629095826
P4,846,8.25308428103238
P4,847,8.233158303131315
P4,848,8.161260199423948
P4,849,8.234526703828456
P4,850,8.381952228857951
P4,851,8.143056016342952
P4,855,8.099969180522836
P4,856,8.108906440184468
P4,857,8.264868515352495
P4,858,8.601824272294921
P4,859,8.36205125099533
P4,860,8.331223874055862
P4,876,8.178106264362484
P4,877,8.211588256426992
P4,878,8.254002329868042
P4,879,8.220800871608533
P4,881,8.27693812253907
P4,882,8.259083015519755
P4,883,8.149821259856838
P4,884,8.395253845536809
P4,885,8.364686493266877
P4,916,8.132557664758068
P4,917,8.11551577299295
P4,918,7.843481060004158
P4,920,7.842129646005467
P4,921,7.875519142548552
P4,922,7.970807914200248
P4,923,8.01738917408058
P4,927,7.863628749912674
P4,929,7.86328355293006
P4,931,7.90034757621413
P4,947,8.678474603433848
P4,948,8.568272371639342
P4,949,8.762983522098395
P4,950,8.501497094662787
P4,951,8.386609447971667
P4,952,8.454266798031071
P4,953,8.550760364301222
P4,955,9.455654532225186
P4,956,9.325526968286285
P4,985,7.841288996075792
P4,986,7.845043736518506
P4,987,7.859061225458201
P4,988,7.907648351510527
P4,989,7.894168176442618
P4,991,7.92341647280904
P4,992,7.959658709345682
P4,993,7.957957533874622
P4,994,7.988502206283423
P4,995,8.058294362287032
P4,996,8.063761268092497
P4,997,8.218908808396412
P4,999,8.264019793845629
P4,1001,8.089693560613838
P4,1002,8.001103356638056
P4,1003,8.012985062411005
P4,1018,8.527930469730777
P4,1019,8.712943661947575
P4,1021,8.252441855654162
P4,1022,8.117488037066563
P4,1023,8.151596584579508
P4,1025,8.142905727762054
P4,1027,8.104904580432066
P4,1028,8.08689801069876
P4,1029,8.102509444415894
P4,1055,8.097619892268263
P4,1057,8.19688238668962
P4,1058,8.299993726419503
P4,1061,8.095077872442387
P4,1063,8.081855248878954
P4,1064,8.16109197245194
P4,1065,8.13514441480432
P4,1066,8.117434551284296
P4,1068,7.835504730747069
P4,1069,7.84544399819808
P4,1070,7.890745818745059
P4,1073,7.955262233351797
P4,1075,7.970535824081841
P4,1076,7.9393874604637675
P4,1089,8.534151805158707
P4,1090,8.547392834274396
P4,1091,8.595368380470942
P4,1092,8.575268205833853
P4,1093,8.597964327941186
P4,1094,8.666904847979637
P4,1095,8.804356583065871
P4,1096,8.830198015546355
P4,1097,8.685224450002483
P4,1098,8.785502470189003
P4,1100,8.565580215549213
P4,1101,8.377962746356863
P4,1103,9.272758412130806
P4,1126,7.850588283667758
P4,1127,7.851711022505778
P4,1128,7.849248222895694
P4,1129,7.865198539890264
P4,1130,7.850387393695811
P4,1131,7.937505871671551
P4,1133,8.032333918374885
P4,1134,8.070760478665692
P4,1137,8.162097828548166
P4,1138,8.11731760193075
P4,1139,8.146543477456461
P4,1140,8.172396174547051
P4,1142,8.340077154573189
P4,1143,8.442738068310717
P4,1144,8.401772485258173
P4,1145,8.626947025760328
P4,1161,8.532700120308801
P4,1162,8.37297315942931
P4,1163,8.397190514069692
P4,1164,8.341795074991927
P4,1165,8.29984564380235
P4,1166,8.213944995557284
P4,1167,8.211955431318518
P4,1168,8.24081095255924
P4,1169,8.21359567444212
P4,1170,8.209205393603757
P4,1171,8.195674914635495
P4,1172,8.200807550152161
P4,1173,8.185972539957783
P4,1175,8.1549769761505555
P4,1196,8.44176610695403
P4,1197,8.622446071416197
P4,1198,8.762020847413865
P4,1199,8.73887794659726
P4,1200,8.848534602885682
P4,1201,8.18205601589976
P4,1202,8.11455913440639
P4,1203,8.206383618464614
P4,1204,8.095847359986129
P4,1205,8.10558303809058
P4,1206,8.151575861963547
P4,1207,8.14609638466864
P4,1208,8.175720268597917
P4,1209,8.1158331695554
P4,1210,8.105032434204235
P4,1211,8.060893074228979
P4,1212,8.170540512494007
P4,1213,7.916906325787008
P4,1214,7.9382515083098495
P4,1215,7.977803658950371
P4,1216,8.012047619554853
P4,1234,8.604494913585047
P4,1235,8.633031708834466
P4,1236,8.599760791489976
P4,1237,8.607067141349127
P4,1238,8.672704588210252
P4,1239,8.792446088830097
P4,1240,8.816378408062493
P4,1241,8.962021369144484
P4,1242,8.886915193818814
P4,1243,9.211914394614343
P4,1244,9.287389965480031
P4,1246,9.325746688231385
P4,1247,9.032847402047995
P4,1248,9.131863850429598
P4,1249,9.17413161171759
P4,1268,7.987358981280913
P4,1269,8.0893827043062
P4,1270,8.0659413579545145
P4,1271,8.040830444637932
P4,1272,7.966650222210311
P4,1273,7.9189387011704255
P4,1274,7.932923972180922
P4,1275,7.955109544890702
P4,1276,7.989215127302819
P4,1277,8.022623913399173
P4,1279,8.101981644195998
P4,1280,8.123981773251698
P4,1281,8.185397704463607
P4,1282,8.234680865672395
P4,1283,8.289158740371661
P4,1284,8.341056724036667
P4,1286,8.345169427147308
P4,1287,8.465339617700385
P4,1288,8.574695864278501
P4,1289,8.582660034027061
P4,1305,8.641323623587553
P4,1306,8.713282959699221
P4,1307,8.8510059836801
P4,1308,9.188461329630847
P4,1309,8.762296471330378
P4,1312,8.169386212258386
P4,1313,8.228932954484472
P4,1314,8.23754527448313
P4,1315,8.244185374564823
P4,1316,8.264848767215822
P4,1319,8.284390003337705
P4,1320,8.250072200164503
P4,1321,8.233443553077551
P4,1322,8.199861325502606
P4,1328,8.25718792524216
P4,1339,8.098707143478439
P4,1340,8.183841645065014
P4,1341,8.163521572767054
P4,1344,8.216156009343182
P4,1345,8.191329990361687
P4,1346,8.301209163440786
P4,1348,8.181569796901858
P4,1349,8.20499997896983
P4,1351,8.266946475371398
P4,1352,8.291054574567482
P4,1353,8.41568405336915
P4,1354,8.483205971542693
P4,1355,8.586326368149285
P4,1357,8.348351228853272
P4,1358,8.740572516893472
P4,1359,9.088610028633946
P4,1360,8.107702974551929
P4,1361,8.18790515341543
P4,1377,8.548151499295779
P4,1379,8.67272207852498
P4,1380,8.586872126630618
P4,1381,8.689669578254279
P4,1382,8.539088307776206
P4,1383,9.20937472448602
P4,1384,8.748068736430541
P4,1385,8.455876722853702
P4,1386,8.517322553352443
P4,1393,8.38442988609704
P4,1400,8.459091138875202
P4,1410,8.065104310203182
P4,1412,8.031387027846662
P4,1413,8.021224394847442
P4,1414,8.076626867261403
P4,1415,8.142394489285056
P4,1416,8.282133560766129
P4,1417,8.313686442127292
P4,1418,8.592807217420887
P4,1419,8.423769193681078
P4,1420,8.419533424194409
P4,1421,8.283990736254461
P4,1422,8.328508940444525
P4,1423,8.349044547571795
P4,1424,8.317435787196176
P4,1425,8.419993506681422
P4,1426,8.553445830543756
P4,1427,8.50222219052917
P4,1428,8.590634083597484
P4,1429,8.267960319793838
P4,1430,8.239218173821946
P4,1448,9.195364241279837
P4,1449,8.581262576394048
P4,1450,8.51548676902626
P4,1452,8.425691880596135
P4,1453,8.34367427185998
P4,1454,8.423047972266806
P4,1455,8.323385793623025
P4,1456,8.451408788562883
P4,1462,8.753977121707237
P4,1465,8.53828429461169
P4,1466,8.441620491401466
P4,1468,8.541313929407176
P4,1471,8.419755787579627
P4,1476,8.481808920194709
P4,1479,8.373769503439368
P4,1480,8.285843777465587
P4,1481,8.298515766405538
P4,1482,8.310316013690205
P4,1483,8.190332964654603
P4,1484,8.199324994303367
P4,1485,8.19452386166011
P4,1486,8.190580213419974
P4,1487,8.300282940163418
P4,1488,8.422442405644553
P4,1489,8.51707451217116
P4,1490,8.400747845688882
P4,1491,8.795600377991683
P4,1492,8.552119285753744
P4,1493,8.315805340927813
P4,1494,8.56582863824663
P4,1495,8.840421893476428
P4,1496,8.838878023806936
P4,1497,9.177040456342423
P4,1498,8.636307359424297
P4,1499,8.621208043929975
P4,1500,8.690510561585938
P4,1502,8.941626083291512
P4,1518,9.010511116630223
P4,1520,9.039917310531044
P4,1521,8.987416104566183
P4,1522,9.158394235479344
P4,1523,9.248337049517103
P4,1528,9.703626112952652
P4,1529,9.67229394453309
P4,1533,8.622243432614397
P4,1536,8.680781655609964
P4,1537,8.493676854677105
P4,1538,8.42371527576614
P4,1539,8.484914973352758
P4,1540,8.557974256545219
P4,1542,8.72547791366625
P4,1550,8.409769921808573
P4,1551,8.378941458342933
P4,1552,8.431683167875262
P4,1553,8.467035296475224
P4,1554,8.421829386706724
P4,1555,8.666077404496017
P4,1556,8.78057299243565
P4,1557,8.775277386224413
P4,1558,8.806735658512048
P4,1559,8.80765245008203
P4,1560,8.788220598177928
P4,1561,8.801443353305428
P4,1562,8.818504709025584
P4,1563,8.838936038417398
P4,1564,8.862226797142293
P4,1565,8.88783387361687
P4,1566,8.66914462867731
P4,1567,8.701779279274902
P4,1568,8.84277532406239
P4,1569,8.837819560321078
P4,1570,8.91108948469636
P4,1571,8.997602163835932
P4,1586,9.52670260109928
P4,1587,9.38900929792899
P4,1588,9.429347649427175
P4,1589,9.541126160214718
P4,1590,9.488806357935657
P4,1591,9.25289328732568
P4,1592,8.431523319115469
P4,1593,8.532247116069982
P4,1594,9.885661736369187
P4,1602,9.110279896099808
P4,1608,8.434275393360076
P4,1609,8.775178809712092
P4,1610,9.051968146376431
P4,1612,9.056899813805153
P4,1613,8.801532264816684
P4,1614,8.441541640811655
P4,1616,8.42128119900205
P4,1617,8.452834487991291
P4,1618,8.447572593700626
P4,1619,8.533804172233879
P4,1620,8.524662148905076
P4,1621,8.66921192638807
P4,1622,8.699536605132314
P4,1623,8.680116552290642
P4,1624,8.862026520720397
P4,1625,8.852685767661201
P4,1626,8.763545685570552
P4,1627,8.223298578689416
P4,1629,8.821630039353575
P4,1630,8.824919789511847
P4,1631,8.83298698745751
P4,1632,8.719157813561903
P4,1633,8.930945419728495
P4,1634,9.020682579819539
P4,1635,9.016369683608326
P4,1636,9.0086127706156
P4,1637,9.067454145660058
P4,1639,8.736491461269301
P4,1640,8.901879227793136
P4,1641,9.044317652731696
P4,1642,9.073451958276852
P4,1658,8.739805587134521
P4,1659,10.115849960239524
P4,1660,9.698923933824043
P4,1661,9.709507740550105
P4,1662,9.70740977606275
P4,1666,9.421976598194957
P4,1669,9.413724129430708
P4,1672,8.84065510186
P4,1674,9.377974393670812
P4,1675,9.112532271685799
P4,1676,9.095884657052741
P4,1678,9.298624792744805
P4,1679,9.233217485607623
P4,1680,9.370936116163305
P4,1681,9.592119133547229
P4,1684,8.970441539374589
P4,1685,9.305637669807451
P4,1686,9.320255164636714
P4,1687,9.09940155133088
P4,1688,9.230760691292812
P4,1689,9.25474428180317
P4,1692,9.270996733363427
P4,1693,8.768893804235368
P4,1694,8.530426587962571
P4,1695,8.50783675337321
P4,1696,8.613775487330546
P4,1697,8.683679584139519
P4,1698,8.704522127792277
P4,1699,8.71944364818766
P4,1700,8.776396109791968
P4,1701,8.97742547845352
P4,1702,9.20847897429681
P4,1703,9.397776721276555
P4,1704,9.472384964876918
P4,1705,8.78135884365684
P4,1706,8.836631455428206
P4,1707,8.963539500273106
P4,1708,9.241275844427996
P4,1710,9.358418644076275
P4,1711,8.920940836242819
P4,1712,8.988194397015425
P4,1731,10.148725821770036
P4,1732,9.698490802215737
P4,1733,10.004527066601348
P4,1734,10.046077317352562
P4,1738,10.010867303980522
P4,1739,9.95731545317088
P4,1743,9.840298003683708
P4,1748,9.676312778366563
P4,1749,9.641312856748867
P4,1753,9.494841845294374
P4,1755,9.41817387600137
P4,1756,9.37907039873486
P4,1757,9.339490230066126
P4,1758,9.299507233225055
P4,1759,9.259282265997816
P4,1760,9.21910000011188
P4,1761,9.17938125525298
P4,1762,9.140662772300528
P4,1764,9.068678436106689
P4,1765,9.036659262280649
P4,1766,9.008090344605604
P4,1767,8.983539265815285
P4,1769,8.94846922433067
P4,1770,8.938680908443104
P4,1772,8.935276463161431
P4,1773,8.941349082335986
P4,1774,8.952064330635743
P4,1775,8.966831119853271
P4,1776,8.984996602801075
P4,1777,9.005919412984376
P4,1778,9.029654023751982
P4,1779,9.075705054278988
P4,1782,9.121037596416487
P4,1783,9.114763792062018
P4,1803,10.184523276598227
P4,1804,10.16939920726447
P4,1805,10.147471278814068
P4,1806,10.124729680977516
P4,1807,10.10115881841681
P4,1809,10.051479918095236
P4,1815,9.881792153938887
P4,1816,9.850527421452089
P4,1819,9.751841475264655
P4,1820,9.717377350104327
P4,1821,9.682167900743432
P4,1823,9.60963833099934
P4,1824,9.572395294577724
P4,1825,9.534560942175457
P4,1826,9.496185723348935
P4,1828,9.418023343917017
P4,1829,9.378362299554006
P4,1830,9.338452908032169
P4,1831,9.298492680996198
P4,1832,9.258798145791742
P4,1833,9.219819039582433
P4,1834,9.182120871229493
P4,1835,9.146342697960115
P4,1836,9.113150112668505
P4,1837,9.083202371282297
P4,1838,9.057134485519278
P4,1839,9.035535807445378
P4,1840,9.018911064400509
P4,1841,9.007630904397075
P4,1842,9.001883770314434
P4,1843,9.001634887333777
P4,1844,9.006606650910545
P4,1845,9.016301751965809
P4,1846,9.030073405351025
P4,1847,9.047221887377642
P4,1848,9.067086882411308
P4,1849,9.089111540627968
P4,1850,9.11286750980941
P4,1851,9.14193477097479
P4,1852,9.159903291443557
P4,1853,9.234190494006711
P4,1854,9.242057698084983
P4,1855,9.283997678717162
P4,1856,9.308218811581346
P4,1875,10.223323418294207
P4,1876,10.210062327699246
P4,1877,10.189388355464713
P4,1878,10.16711093152861
P4,1879,10.14398573893407
P4,1880,10.11999598883203
P4,1881,10.095127725509512
P4,1882,10.069370134987478
P4,1884,10.015160747896761
P4,1892,9.76297916849144
P4,1895,9.654979822781756
P4,1896,9.617603438621021
P4,1897,9.579631065482996
P4,1899,9.502196388192692
P4,1900,9.462913786299213
P4,1901,9.423406747132834
P4,1902,9.383840984321905
P4,1903,9.344460714568113
P4,1904,9.30562070877611
P4,1905,9.267800267057982
P4,1906,9.231588917749626
P4,1907,9.197649298947606
P4,1908,9.166674618180693
P4,1909,9.13935491589464
P4,1910,9.116348424551036
P4,1911,9.098240856646893
P4,1912,9.085485474498215
P4,1913,9.07833574555259
P4,1914,9.076788793065184
P4,1916,9.08912061620874
P4,1917,9.101772778569861
P4,1918,9.117782048190167
P4,1919,9.136480526282197
P4,1920,9.157336930568613
P4,1921,9.179971734901969
P4,1922,9.204127545819322
P4,1923,9.229617178940645
P4,1924,9.263930706377165
P4,1925,9.2921244061808
P4,1926,9.312276693279754
P4,1927,9.332737576559607
P4,1928,9.353161350439583
P4,1950,10.212720344264397
P4,1951,10.190142834198127
P4,1952,10.166686344548797
P4,1953,10.14233329648524
P4,1967,9.706248969372929
P4,1968,9.668966600267211
P4,1969,9.631097715652885
P4,1970,9.592738283857207
P4,1971,9.554006658422693
P4,1972,9.515046940575292
P4,1973,9.476036070701026
P4,1974,9.437198841137656
P4,1975,9.398831499655126
P4,1976,9.361326575690638
P4,1977,9.325185595006186
P4,1978,9.29100999112485
P4,1979,9.259472416419213
P4,1980,9.231280085098042
P4,1981,9.20713794950148
P4,1982,9.187703849634966
P4,1983,9.173520624204041
P4,1984,9.16492784262179
P4,1985,9.1619810518707
P4,1986,9.164415935937264
P4,1987,9.171684911475852
P4,1988,9.183064341924547
P4,1989,9.197795997503032
P4,1990,9.21521216223772
P4,1991,9.234805761252941
P4,1992,9.256233436982745
P4,1993,9.279267094733632
P4,1994,9.303725033335693
P4,1995,9.32941126412925
P4,1996,9.356078170250218
P4,1997,9.380254277869316
P4,1998,9.390258664153793
P4,2024,10.217418954764979
P4,2027,10.143509930407477
P4,2028,10.116993889207421
P4,2039,9.76454394981191
P4,2040,9.727653914244655
P4,2041,9.690211053121766
P4,2044,9.575994914022631
P4,2045,9.537954441902231
P4,2046,9.500366530186275
P4,2047,9.463574590442375
P4,2048,9.427997143745124
P4,2049,9.394140862698299
P4,2050,9.36260013913785
P4,2051,9.33403948469313
P4,2052,9.309162425613035
P4,2053,9.288666816333404
P4,2054,9.273173727883428
P4,2055,9.263122250671326
P4,2056,9.258658469489905
P4,2057,9.259575408777824
P4,2058,9.265345953996396
P4,2059,9.275244145667783
P4,2060,9.288506149268027
P4,2061,9.304468006539201
P4,2062,9.322635527129497
P4,2063,9.3426763509707
P4,2064,9.364356998118573
P4,2065,9.38746389439386
P4,2066,9.41174217686734
P4,2067,9.436868679850505
P4,2068,9.462331393948595
P4,2069,9.461998842346556
P4,2111,9.831144825578512
P4,2112,9.795029740689873
P4,2113,9.75843313415267
P4,2114,9.721517732284775
P4,2116,9.64760532403828
P4,2117,9.611156839967574
P4,2118,9.575478013425357
P4,2119,9.540939635491497
P4,2120,9.507961728404451
P4,2121,9.477030640513773
P4,2122,9.448710048517883
P4,2123,9.423635349001849
P4,2124,9.402485269612683
P4,2125,9.38591932987536
P4,2126,9.374467385909705
P4,2127,9.368390836722375
P4,2128,9.367585323722166
P4,2129,9.371591851274843
P4,2130,9.379719309761496
P4,2131,9.391218289952583
P4,2132,9.405428726559089
P4,2133,9.421850321072005
P4,2134,9.440128836674894
P4,2135,9.459988188040455
P4,2136,9.481153137684952
P4,2137,9.50329872583455
P4,2138,9.526040969266832
P4,2139,9.548962967749198
P4,2140,9.571628819190076
P4,2171,10.26536424805917
P4,2182,9.941816194300948
P4,2183,9.90747533101008
P4,2184,9.872618170067977
P4,2186,9.802044989599645
P4,2187,9.766794064056965
P4,2188,9.731954443331508
P4,2189,9.697859250797807
P4,2191,9.633315069750513
P4,2193,9.57619272892798
P4,2194,9.551557875343049
P4,2195,9.5302973669092
P4,2196,9.513042328033801
P4,2197,9.50037141534341
P4,2198,9.49265944065946
P4,2199,9.489939348275005
P4,2200,9.4918702402843
P4,2201,9.497838894677686
P4,2202,9.507133553349894
P4,2203,9.519098068650312
P4,2204,9.533206854496422
P4,2205,9.549055677635803
P4,2206,9.566303432904617
P4,2207,9.58461121062449
P4,2208,9.603611246091077
P4,2209,9.62291383378628
P4,2210,9.64214003968005
P4,2211,9.660960015037567
P4,2212,9.679120107034187
P4,2213,9.701921620180988
P4,2214,9.742694896324318
P4,2240,10.400394607383278
P4,2241,10.3808235507152
P4,2250,10.151901658643412
P4,2254,10.027643552594617
P4,2255,9.995009824487848
P4,2257,9.928861188443609
P4,2258,9.89580688772205
P4,2259,9.863148065788133
P4,2260,9.831208742233333
P4,2261,9.800318466272198
P4,2262,9.77079515966689
P4,2263,9.742943160980591
P4,2264,9.717073220637804
P4,2265,9.693541163064308
P4,2266,9.672787203115028
P4,2267,9.655342505008331
P4,2268,9.641766488083189
P4,2269,9.632506268584674
P4,2270,9.627732599614808
P4,2271,9.62725507702777
P4,2272,9.630577462406924
P4,2273,9.637051315561193
P4,2274,9.646031068265682
P4,2275,9.656960710450944
P4,2276,9.669383322460503
P4,2277,9.68290754365232
P4,2278,9.697172291418871
P4,2279,9.711833372828249
P4,2280,9.726572754363197
P4,2281,9.741117673968626
P4,2282,9.755255794579387
P4,2283,9.768839116395267
P4,2284,9.781776810005637
P4,2285,9.794021716588388
P4,2286,9.81097918834216
P4,2312,10.476598327402632
P4,2313,10.457031782106533
P4,2320,10.295636178386035
P4,2326,10.125400863747481
P4,2327,10.095135158298842
P4,2328,10.064744352623995
P4,2329,10.034479031094824
P4,2330,10.004625396095523
P4,2331,9.97548594554386
P4,2332,9.947354181397511
P4,2333,9.92049185860047
P4,2334,9.895118973026236
P4,2335,9.871426084301884
P4,2336,9.849614749553508
P4,2337,9.829957373584026
P4,2338,9.81284047797624
P4,2339,9.798740238219155
P4,2340,9.788108272211245
P4,2341,9.781207965013985
P4,2342,9.777992261371354
P4,2343,9.778101687479568
P4,2344,9.780976936753005
P4,2345,9.786005957776723
P4,2346,9.79262894272743
P4,2347,9.800378330413777
P4,2348,9.808875532540677
P4,2349,9.817815644985092
P4,2350,9.826956788457068
P4,2351,9.836114195170621
P4,2352,9.845153339566082
P4,2353,9.853979517796253
P4,2354,9.862525760502118
P4,2355,9.870742535671704
P4,2356,9.878591611854661
P4,2357,9.886044422579843
P4,2358,9.89790943204568
P4,2359,9.930490554871064
P4,2384,10.559276445633143
P4,2385,10.541165442229987
P4,2386,10.522259809351032
P4,2390,10.438523427814673
P4,2392,10.391825402665912
P4,2393,10.367335611350999
P4,2394,10.342143008582244
P4,2395,10.316314163264519
P4,2397,10.263148623318212
P4,2398,10.236100522856088
P4,2399,10.20900370462964
P4,2400,10.182104337560022
P4,2401,10.155673711322757
P4,2402,10.129983337551666
P4,2403,10.105274456950996
P4,2405,10.059467154196705
P4,2406,10.038537566191941
P4,2407,10.018983404454424
P4,2408,10.000906579382919
P4,2409,9.984538302550966
P4,2410,9.970240276600205
P4,2411,9.958410084352892
P4,2412,9.949332702580048
P4,2413,9.943054416842314
P4,2414,9.939342820275366
P4,2415,9.937752196336978
P4,2416,9.937751294893605
P4,2417,9.938843183121516
P4,2418,9.940633916492311
P4,2419,9.942849535898759
P4,2420,9.94532276621965
P4,2421,9.947968254376278
P4,2422,9.950754600464165
P4,2423,9.953676296280708
P4,2424,9.956729547297961
P4,2425,9.959896753075217
P4,2426,9.963142088056514
P4,2427,9.966416694959287
P4,2428,9.96966905678476
P4,2429,9.97289112566143
P4,2430,9.974962316057661
P4,2431,9.98328186116444
P4,2456,10.633176463637271
P4,2457,10.632996679745165
P4,2458,10.615979582464009
P4,2462,10.5400017961111
P4,2464,10.497858212476105
P4,2466,10.453340612834081
P4,2468,10.407125253857668
P4,2469,10.383729411967343
P4,2470,10.360404340769998
P4,2471,10.337388939284965
P4,2472,10.314934004009181
P4,2473,10.293270827614208
P4,2474,10.272574558578873
P4,2475,10.252932546876115
P4,2476,10.234329252146628
P4,2478,10.199786970858133
P4,2479,10.18363076603259
P4,2480,10.16826464619906
P4,2481,10.153931692428399
P4,2482,10.140953233186401
P4,2483,10.129584317912594
P4,2484,10.119904569315517
P4,2485,10.111780519528994
P4,2486,10.10490305404007
P4,2487,10.098887007072209
P4,2488,10.093386822481472
P4,2489,10.088174770709244
P4,2490,10.083159947210136
P4,2491,10.078362093343149
P4,2492,10.073867108524956
P4,2493,10.069783361790577
P4,2494,10.066206515187677
P4,2495,10.063195584354244
P4,2496,10.060762229162824
P4,2497,10.058873625496894
P4,2498,10.057465742512413
P4,2499,10.056460872965067
P4,2500,10.055783048970154
P4,2501,10.055367505910905
P4,2502,10.055172297694327
P4,2503,10.058251369365953
P4,2530,10.700011156928994
P4,2531,10.688292274520098
P4,2532,10.684848302822164
P4,2535,10.632044679066514
P4,2539,10.555812117508484
P4,2540,10.536421704766619
P4,2541,10.517253350469193
P4,2542,10.498532401287527
P4,2544,10.463277600855106
P4,2545,10.447020509910093
P4,2546,10.431685934470389
P4,2547,10.41711360999274
P4,2548,10.403022606267946
P4,2549,10.389076629265105
P4,2550,10.374998070955982
P4,2551,10.360688043836424
P4,2552,10.346268558947932
P4,2553,10.33199372000123
P4,2554,10.318090738890307
P4,2555,10.304654015383663
P4,2556,10.291632667174492
P4,2557,10.278872356592919
P4,2558,10.266188892173638
P4,2559,10.253456672425365
P4,2560,10.240672081626052
P4,2561,10.227961494352144
P4,2562,10.215540434696221
P4,2563,10.203654485145329
P4,2564,10.192528634424233
P4,2565,10.182334788027834
P4,2566,10.173175847356427
P4,2567,10.165082996477093
P4,2568,10.158024044769746
P4,2569,10.15191991132326
P4,2570,10.146664365757243
P4,2571,10.142141754358386
P4,2572,10.138239446292244
P4,2573,10.134800485370176
P4,2574,10.132275863672335
P4,2575,10.152157408223035
P4,2576,10.135800100999168
P4,2605,10.778027746065623
P4,2606,10.768546168947676
P4,2607,10.753515393722749
P4,2608,10.738267547994823
P4,2609,10.72290846248688
P4,2610,10.707573624289038
P4,2611,10.692430285548868
P4,2612,10.67767229677243
P4,2613,10.663503093419449
P4,2614,10.650104506617568
P4,2615,10.637593920555307
P4,2616,10.625977538858596
P4,2617,10.615110831324031
P4,2618,10.604679419249315
P4,2619,10.594217347576475
P4,2620,10.583181389897367
P4,2621,10.57108435873794
P4,2622,10.557645230425285
P4,2623,10.542865711913606
P4,2624,10.52695992984039
P4,2625,10.510178315814086
P4,2626,10.492673012420168
P4,2627,10.474491598554806
P4,2628,10.455641077327673
P4,2629,10.436151838378178
P4,2630,10.416131964666244
P4,2631,10.395803044075755
P4,2632,10.375495095358099
P4,2633,10.35559826003846
P4,2634,10.336496336799007
P4,2635,10.318511945356304
P4,2636,10.30187713912641
P4,2637,10.286726410888212
P4,2638,10.273103161018968
P4,2639,10.260973119581735
P4,2640,10.25024159521258
P4,2641,10.240772549100333
P4,2642,10.232407382228102
P4,2643,10.224981531069375
P4,2644,10.218337691999215
P4,2645,10.212335209600473
P4,2646,10.206855623648735
P4,2647,10.200793544421458
P4,2648,10.175281190241797
P4,2678,10.877220438955053
P4,2679,10.883543555116564
P4,2680,10.872197155857156
P4,2681,10.8610505539256
P4,2682,10.850264768885202
P4,2683,10.840017535675193
P4,2684,10.830481135876846
P4,2685,10.821785892633768
P4,2686,10.813973044885945
P4,2687,10.806945281747442
P4,2688,10.800425767591129
P4,2689,10.793939042994008
P4,2691,10.778360515841724
P4,2692,10.765115119737205
P4,2693,10.754816641240133
P4,2694,10.73920719884286
P4,2695,10.721229387083605
P4,2696,10.70123092783574
P4,2697,10.679500584435607
P4,2698,10.656223947340477
P4,2699,10.631558826576757
P4,2700,10.605712667367238
P4,2701,10.578979592514886
P4,2702,10.55175317109501
P4,2703,10.524513922977775
P4,2704,10.497782878001576
P4,2705,10.47205368799727
P4,2706,10.447731728937905
P4,2707,10.425101273704131
P4,2708,10.40432227215353
P4,2709,10.385444971483508
P4,2710,10.368430005111236
P4,2711,10.353168043950589
P4,2712,10.33949881544471
P4,2713,10.32723087195032
P4,2714,10.316162023526351
P4,2715,10.30609839807597
P4,2716,10.296869354830456
P4,2717,10.288336250329019
P4,2718,10.280394698432648
P4,2719,10.273092598056738
P4,2750,10.961526664332503
P4,2751,10.977219088078641
P4,2752,10.978552539730364
P4,2753,10.983853166255681
P4,2755,10.978951342265885
P4,2756,10.937058296731713
P4,2757,10.950115455770277
P4,2758,10.987811574376202
P4,2759,10.985425018551469
P4,2765,10.919759635881414
P4,2766,10.91099390675911
P4,2767,10.887573081156878
P4,2768,10.86171401859789
P4,2769,10.833782799646134
P4,2770,10.804060007265573
P4,2771,10.772849537249197
P4,2773,10.707590881656202
P4,2774,10.674565282840694
P4,2775,10.642047092859782
P4,2776,10.61060067842569
P4,2777,10.580698527480601
P4,2778,10.552676568660763
P4,2779,10.526724823121226
P4,2780,10.502905084676497
P4,2781,10.481178817039451
P4,2782,10.461433401348227
P4,2783,10.44350409302293
P4,2784,10.427194228507993
P4,2785,10.412295676812096
P4,2786,10.398608468468446
P4,2787,10.385956559976577
P4,2788,10.3741971093154
P4,2789,10.363222600828328
P4,2790,10.347060910420723
P4,2791,10.320279478353495
P4,2826,11.101966229683336
P4,2827,11.112529816941768
P4,2838,11.06689107699092
P4,2839,11.037276247697612
P4,2840,11.005442144540256
P4,2841,10.971760263392184
P4,2842,10.93653313160595
P4,2843,10.900112334943751
P4,2844,10.862937623180569
P4,2845,10.825532314766312
P4,2846,10.788476708921776
P4,2847,10.752355495153738
P4,2848,10.717687460157292
P4,2849,10.684865145716861
P4,2850,10.654128795718194
P4,2851,10.62557713616762
P4,2852,10.599198996856652
P4,2853,10.574907143033842
P4,2854,10.552564730186672
P4,2855,10.532004542852096
P4,2856,10.513044984147125
P4,2857,10.495505151590018
P4,2858,10.479218275449394
P4,2859,10.464041375072851
P4,2860,10.4498596595574
P4,2861,10.434953311605904
P4,2862,10.411120069048412
P4,2909,11.249873388676871
P4,2910,11.204867191519137
P4,2911,11.169990078842677
P4,2912,11.133491704081491
P4,2913,11.095605288725876
P4,2914,11.056539983782276
P4,2915,11.016589751078202
P4,2916,10.976156841348741
P4,2917,10.93573752880768
P4,2918,10.895882831786698
P4,2919,10.857133550299995
P4,2920,10.819947656783677
P4,2921,10.784650191186735
P4,2922,10.751422955994459
P4,2923,10.72032723679028
P4,2924,10.691339039287238
P4,2925,10.664379489184833
P4,2926,10.639334576411848
P4,2927,10.616067462857625
P4,2928,10.594428675912269
P4,2929,10.574266800628166
P4,2930,10.555438971467707
P4,2931,10.537819060533526
P4,2932,10.521301999687855
P4,2933,10.504017491359676
P4,2981,11.373750438069933
P4,2982,11.325292233276745
P4,2983,11.286846134781175
P4,2984,11.24730979572965
P4,2985,11.20669985896298
P4,2986,11.165085768353896
P4,2987,11.122671395126417
P4,2988,11.0798049277122
P4,2989,11.036956304038954
P4,2990,10.994663936741556
P4,2991,10.953456127777589
P4,2992,10.913774368281066
P4,2993,10.875928886043512
P4,2994,10.840096369164723
P4,2995,10.806346322427705
P4,2996,10.774674180723613
P4,2997,10.74502651368453
P4,2998,10.71731562943608
P4,2999,10.691428322283354
P4,3000,10.667234147924805
P4,3001,10.64459538549293
P4,3002,10.62337761700797
P4,3003,10.603458594702717
P4,3004,10.583298812355006
P4,3005,10.567482552328544
P4,3052,11.501645021855065
P4,3053,11.468099653478685
P4,3054,11.428208870517775
P4,3055,11.387574886109478
P4,3056,11.34605328477776
P4,3057,11.303478006446499
P4,3058,11.259821564842179
P4,3059,11.215245324587341
P4,3060,11.170098087001248
P4,3061,11.124880235611712
P4,3062,11.080169028367294
P4,3063,11.03652176389237
P4,3064,10.994393753555995
P4,3065,10.954099730981635
P4,3066,10.915820111783095
P4,3067,10.879632151339678
P4,3068,10.845543176223986
P4,3069,10.813513459904325
P4,3070,10.783468328426977
P4,3071,10.75530527962932
P4,3072,10.728901565935955
P4,3073,10.704124120851704
P4,3074,10.680840497188358
P4,3075,10.656775374435947
P4,3076,10.633546560497118
P4,3078,10.603272245638394
P4,3079,10.586336099831367
P4,3124,11.5658448554956
P4,3125,11.531180423304061
P4,3126,11.512624257389898
P4,3127,11.471278491046018
P4,3128,11.42817491575956
P4,3129,11.38385299520896
P4,3130,11.338281092256052
P4,3131,11.291654676219212
P4,3133,11.197022360069047
P4,3134,11.150204362595968
P4,3135,11.104504142187249
P4,3136,11.060374472974509
P4,3137,11.018117466724599
P4,3138,10.977902350294627
P4,3139,10.939801893013023
P4,3140,10.903825321430539
P4,3141,10.869938374952028
P4,3142,10.83807262701991
P4,3143,10.808130909922454
P4,3144,10.77999425399762
P4,3145,10.753531786337344
P4,3146,10.726938623339933
P4,3147,10.699152259546805
P4,3150,10.642466284716878
P4,3151,10.626465694897169
P4,3199,11.538423643395555
P4,3200,11.493915891743502
P4,3202,11.40053953029437
P4,3203,11.351888345608407
P4,3204,11.302391826732817
P4,3205,11.238061658052171
P4,3206,11.200116310649241
P4,3207,11.159174943469509
P4,3208,11.113678482020932
P4,3209,11.070081197521803
P4,3210,11.0285354321157
P4,3211,10.98910733659608
P4,3212,10.95180687686656
P4,3213,10.91660393444819
P4,3214,10.882788750059126
P4,3215,10.852067043030322
P4,3216,10.821343113778564
P4,3217,10.792024843299311
P4,3218,10.763443590205094
P4,3221,10.690456484793529
P4,3222,10.677750152693672
P4,3270,11.619197167026933
P4,3271,11.588903111357256
P4,3272,11.54553927949165
P4,3273,11.494152716214153
P4,3275,11.378144246397925
P4,3278,11.23133766645212
P4,3279,11.203303272390999
P4,3280,11.157311856755731
P4,3281,11.11292576615407
P4,3282,11.070572065329854
P4,3283,11.030314848918998
P4,3284,10.992166865073873
P4,3285,10.956013714920067
P4,3286,10.92068115574515
P4,3287,10.885244432937682
P4,3293,10.70989484436879
P4,3294,10.70720678517462
P4,3295,10.697068387387258
P4,3343,11.613145232411993
P4,3344,11.57474592250582
P4,3345,11.552159821010365
P4,3351,11.221615252733253
P4,3352,11.185557462477645
P4,3353,11.137709563100874
P4,3354,11.103262805058762
P4,3355,11.062371667855313
P4,3356,11.02040964718625
P4,3357,10.98486311240025
P4,3426,11.13455542871503
P4,3427,11.11007851585563
P4,3497,11.206215525826913
P4,3498,11.168531842308347
P4,3499,11.136370974180979
P4,3568,11.25407871065278
P4,3569,11.2328872678951
P4,3570,11.190717291095075
P4,3571,11.160636178887831
P4,3641,11.242496695707983
P4,3642,11.216197459717577
P5,56,8.350540369151185
P5,57,8.504111395866634
P5,128,8.490560414221491
P5,198,8.380076316829083
P5,199,8.603637950853724
P5,203,8.097221799584975
P5,270,8.288019386071493
P5,271,8.34833262228549
P5,272,8.350508381906833
P5,274,8.60382353298952
P5,276,8.530363086884284
P5,341,8.417232494447923
P5,342,8.188896312721258
P5,343,8.284203943512468
P5,344,8.21911552909155
P5,345,8.11946248143351
P5,347,8.111937960714615
P5,412,8.307168274687568
P5,413,8.559406453180758
P5,414,8.56436964393528
P5,415,8.547964902473778
P5,416,8.539612930297253
P5,417,8.229254519942662
P5,418,8.262610525878163
P5,483,8.178301143700553
P5,484,8.145321692053065
P5,485,8.183154934966188
P5,486,8.271194447712416
P5,487,8.265917293861271
P5,554,8.171421997391889
P5,555,8.150606854864787
P5,556,8.076461579312012
P5,557,8.055295413454616
P5,558,8.1025283839702
P5,559,8.15955389147733
P5,560,8.097871725294198
P5,561,8.023639110014207
P5,563,8.187583486394194
P5,564,8.122874685067703
P5,592,8.71549665616663
P5,593,8.990967961571856
P5,625,8.135058968833194
P5,626,8.151436649190488
P5,627,8.17876536833338
P5,628,8.157214529912986
P5,629,8.217290352523413
P5,630,8.245396664613782
P5,634,8.557997911991668
P5,635,8.371520248583517
P5,636,8.156263495710949
P5,637,8.265127108835598
P5,640,8.663839650793124
P5,663,8.50593094764705
P5,664,8.465868834035007
P5,665,8.521376057687885
P5,666,8.393792236907569
P5,696,8.202707618989365
P5,698,8.174626318824627
P5,699,8.250470440984914
P5,700,7.986353851507142
P5,701,8.022954468088264
P5,702,8.023982250345568
P5,704,8.295013442269662
P5,705,8.39152894335775
P5,706,8.405292767102587
P5,708,8.27902131729415
P5,710,8.383504045379981
P5,711,8.458574574758579
P5,712,8.403425584912785
P5,716,8.920386843637694
P5,717,8.697821223272326
P5,735,8.897891583847978
P5,736,8.954380655342462
P5,737,8.601112654641371
P5,738,9.0198125305256
P5,772,7.915638863877125
P5,773,7.895965929085258
P5,774,7.946690793562585
P5,775,7.918629797083435
P5,776,7.952727050689408
P5,777,8.026488471668399
P5,778,7.987001704215187
P5,783,8.17907264277978
P5,784,8.278918740419266
P5,787,8.385892376545534
P5,788,8.570592413814165
P5,804,8.53306098399079
P5,805,9.608236331362953
P5,806,9.608390735181853
P5,807,9.494400558667795
P5,808,9.601039299097678
P5,809,8.340428426785559
P5,810,8.37348584017967
P5,811,8.410169386928835
P5,812,8.391661563929727
P5,813,8.537154278614102
P5,845,8.30239272083312
P5,846,8.304249899139561
P5,847,8.288612685346932
P5,848,8.217326524513096
P5,849,8.299179103871662
P5,850,8.454985832450088
P5,851,8.20734996633329
P5,855,8.160104740988613
P5,856,8.170840196447534
P5,857,8.339097459162952
P5,858,8.689817878964439
P5,859,8.440658219294761
P5,860,8.413035502674662
P5,876,8.166910444651355
P5,877,8.194784150670998
P5,878,8.231710569649408
P5,879,8.201964604370616
P5,881,8.25132957740588
P5,882,8.233538488569462
P5,883,8.140060109299903
P5,884,8.368629310946083
P5,885,8.332198036360857
P5,916,8.161476172243306
P5,917,8.145690392716151
P5,918,7.8905413389611
P5,920,7.894332974073594
P5,921,7.924434691430821
P5,922,8.020654511781519
P5,923,8.078558387742188
P5,927,7.915952328942189
P5,929,7.913166260792901
P5,931,7.95516447237819
P5,947,8.652898776433267
P5,948,8.534319301309214
P5,949,8.730223256222967
P5,950,8.470083154302522
P5,951,8.353040488138062
P5,952,8.420524151546669
P5,953,8.520639863485632
P5,955,9.356733673673912
P5,956,9.235912714014122
P5,985,7.8744334075262294
P5,986,7.880202998068396
P5,987,7.897633881445444
P5,988,7.95367326850381
P5,989,7.943361085971704
P5,991,7.976986445293334
P5,992,8.017674508663223
P5,993,8.016533325388947
P5,994,8.05102370692749
P5,995,8.126599236233439
P5,996,8.13129843811072
P5,997,8.287922561205715
P5,999,8.333817378125612
P5,1001,8.160067295572325
P5,1002,8.054007818007213
P5,1003,8.068045026489264
P5,1018,8.513323668386706
P5,1019,8.695154681291342
P5,1021,8.222551976930667
P5,1022,8.106086379824767
P5,1023,8.137228286111103
P5,1025,8.126081127338804
P5,1027,8.089221718098836
P5,1028,8.073159741540357
P5,1029,8.08928908722035
P5,1055,8.116587759799202
P5,1057,8.229451110601573
P5,1058,8.342704103180992
P5,1061,8.141251063035632
P5,1063,8.132798387828572
P5,1064,8.219789942644029
P5,1065,8.19059987515854
P5,1066,8.174731230127712
P5,1068,7.8912987868560505
P5,1069,7.899780851521901
P5,1070,7.948107524861588
P5,1073,8.01771473521416
P5,1075,8.034577165347054
P5,1076,8.001223369275804
P5,1089,8.483200142979223
P5,1090,8.496688215551092
P5,1091,8.546738437094389
P5,1092,8.52903938441331
P5,1093,8.557690286848175
P5,1094,8.632436882896629
P5,1095,8.769131556166334
P5,1096,8.793319251897913
P5,1097,8.653157074661669
P5,1098,8.757107572761932
P5,1100,8.54042154855344
P5,1101,8.361499364354446
P5,1103,9.191527231786583
P5,1126,7.880283298908344
P5,1127,7.883338298343102
P5,1128,7.884024765158004
P5,1129,7.901717463005905
P5,1130,7.890036001357061
P5,1131,7.984419975457064
P5,1133,8.090604796886609
P5,1134,8.129010972487698
P5,1137,8.223789798564662
P5,1138,8.182998023638598
P5,1139,8.2103653047966
P5,1140,8.235670179030535
P5,1142,8.403061052685711
P5,1143,8.511251368231601
P5,1144,8.47522073990648
P5,1145,8.713938931588695
P5,1161,8.517212060049387
P5,1162,8.353709520934121
P5,1163,8.376499231957732
P5,1164,8.29940876003325
P5,1165,8.269484605926058
P5,1166,8.199895631551392
P5,1167,8.19744046673626
P5,1168,8.221309120798576
P5,1169,8.192662664087246
P5,1170,8.184148789135193
P5,1171,8.168900746550534
P5,1172,8.172642320260648
P5,1173,8.159741527998673
P5,1175,8.133678306903255
P5,1196,8.451768366198829
P5,1197,8.641901604141522
P5,1198,8.784385445429969
P5,1199,8.767670294594405
P5,1200,8.880582360949623
P5,1201,8.219732733680772
P5,1202,8.157180337630736
P5,1203,8.252726043392453
P5,1204,8.151523121267648
P5,1205,8.157701710329095
P5,1206,8.213207184883025
P5,1207,8.207901945501051
P5,1208,8.241589654171287
P5,1209,8.178217438166582
P5,1210,8.16869031247575
P5,1211,8.122795940989256
P5,1212,8.240213076666727
P5,1213,7.980150328892253
P5,1214,8.001084829364661
P5,1215,8.039358321980211
P5,1216,8.076641630597662
P5,1234,8.56709811345405
P5,1235,8.60049294560738
P5,1236,8.561298990808814
P5,1237,8.571882310222957
P5,1238,8.641760155921482
P5,1239,8.768177605363665
P5,1240,8.789705166416615
P5,1241,8.928585088625626
P5,1242,8.856406252321092
P5,1243,9.137658110352984
P5,1244,9.200990386656239
P5,1246,9.23926509678213
P5,1247,8.975435108916352
P5,1248,9.072763341278764
P5,1249,9.10755353381388
P5,1268,8.02212692517441
P5,1269,8.131424797205396
P5,1270,8.110044713990467
P5,1271,8.088217469422244
P5,1272,8.015982871919897
P5,1273,7.968585745834102
P5,1274,7.98554643551799
P5,1275,8.010499246664644
P5,1276,8.048090076953034
P5,1277,8.085706207901051
P5,1279,8.166113072413753
P5,1280,8.192703484988236
P5,1281,8.254330910690223
P5,1282,8.302465874111153
P5,1283,8.35911384310952
P5,1284,8.412383278305624
P5,1286,8.418380088849162
P5,1287,8.544878341766944
P5,1288,8.65925675694742
P5,1289,8.665456125124578
P5,1305,8.618713816489144
P5,1306,8.689865960489634
P5,1307,8.824977011425368
P5,1308,9.144422000409476
P5,1309,8.736864698187732
P5,1312,8.143754727830522
P5,1313,8.202599317330312
P5,1314,8.208919264429836
P5,1315,8.221235474758782
P5,1316,8.243222563835188
P5,1319,8.262960596219772
P5,1320,8.228395348157312
P5,1321,8.215899778206364
P5,1322,8.186197080249153
P5,1328,8.25232315688706
P5,1339,8.100177940755945
P5,1340,8.187198077732996
P5,1341,8.17000614409579
P5,1344,8.240301552143348
P5,1345,8.223480915594644
P5,1346,8.341581672687381
P5,1348,8.24713577661503
P5,1349,8.269751353122135
P5,1351,8.33443376141207
P5,1352,8.35875723148923
P5,1353,8.48281086820611
P5,1354,8.552840976779619
P5,1355,8.659532293387894
P5,1357,8.416473167598772
P5,1358,8.806272031016379
P5,1359,9.14165558432818
P5,1360,8.17628641914073
P5,1361,8.254722916041388
P5,1377,8.506954899488871
P5,1379,8.647727855523978
P5,1380,8.557003537799996
P5,1381,8.669268982239194
P5,1382,8.519793327586463
P5,1383,9.143735971261203
P5,1384,8.721376708005327
P5,1385,8.420250405322227
P5,1386,8.47863203183447
P5,1393,8.362574882548538
P5,1400,8.447680608520391
P5,1410,8.102668501069036
P5,1412,8.078621552032182
P5,1413,8.073731084674904
P5,1414,8.133146074039814
P5,1415,8.203165374563929
P5,1416,8.349974393554165
P5,1417,8.377583323828944
P5,1418,8.651476691986677
P5,1419,8.486161759713584
P5,1420,8.47873782839738
P5,1421,8.348121303570613
P5,1422,8.394308257830591
P5,1423,8.42130208109495
P5,1424,8.394092544292597
P5,1425,8.500205495853285
P5,1426,8.639430824627196
P5,1427,8.593298798424128
P5,1428,8.68121051452951
P5,1429,8.360578579420139
P5,1430,8.330958173284136
P5,1448,9.155025242586838
P5,1449,8.55796158278921
P5,1450,8.48787151602347
P5,1452,8.395614770259275
P5,1453,8.32111038774948
P5,1454,8.4036122675946
P5,1455,8.295887607973297
P5,1456,8.42350555640975
P5,1462,8.743339265407252
P5,1465,8.520520858158852
P5,1466,8.432310860520882
P5,1468,8.552554950441026
P5,1471,8.395378876722372
P5,1476,8.473921627393544
P5,1479,8.383092587995657
P5,1480,8.292798244142295
P5,1481,8.311225181065764
P5,1482,8.32817171985447
P5,1483,8.207170178776487
P5,1484,8.22097200813924
P5,1485,8.222730641336211
P5,1486,8.223879908956002
P5,1487,8.3403108932313
P5,1488,8.462320705255147
P5,1489,8.559671610145434
P5,1490,8.4458260663412
P5,1491,8.872103411109341
P5,1492,8.621123937985875
P5,1493,8.394859520235622
P5,1494,8.641506268736613
P5,1495,8.901500448450314
P5,1496,8.89194196239232
P5,1497,9.232582490717324
P5,1498,8.71594819584935
P5,1499,8.703181902163495
P5,1500,8.77428946699364
P5,1502,9.033156589927644
P5,1518,8.966191245356564
P5,1520,8.99360953520582
P5,1521,8.943096889067874
P5,1522,9.108185331305775
P5,1523,9.204068114524278
P5,1528,9.600934455945076
P5,1529,9.570610129043844
P5,1533,8.622191953887846
P5,1536,8.693525081976068
P5,1537,8.493175005804378
P5,1538,8.40782160981684
P5,1539,8.462036135617655
P5,1540,8.538196801014205
P5,1542,8.70205185973046
P5,1550,8.426270356155001
P5,1551,8.398447994631328
P5,1552,8.4570526505771
P5,1553,8.496652353755154
P5,1554,8.451126425455358
P5,1555,8.695093062553777
P5,1556,8.82746806438936
P5,1557,8.828461623220797
P5,1558,8.860498597201051
P5,1559,8.867585331415922
P5,1560,8.860831448273894
P5,1561,8.879895475393544
P5,1562,8.902040754799122
P5,1563,8.926595300253648
P5,1564,8.952950634518322
P5,1565,8.980604257657372
P5,1566,8.736401132006737
P5,1567,8.777389394808795
P5,1568,8.921848825627874
P5,1569,8.922167040259149
P5,1570,9.002120404729009
P5,1571,9.093433519652336
P5,1586,9.46164046461793
P5,1587,9.330645581858311
P5,1588,9.36398513395108
P5,1589,9.465480937873068
P5,1590,9.417065158742501
P5,1591,9.213166546845201
P5,1592,8.435997780354755
P5,1593,8.523453672852035
P5,1594,9.787995307440276
P5,1602,9.079757090771713
P5,1608,8.437009784076842
P5,1609,8.775139878411073
P5,1610,9.022534630270796
P5,1612,9.019326141482525
P5,1613,8.781812914093509
P5,1614,8.427176181400501
P5,1616,8.41312812576761
P5,1617,8.452049578277755
P5,1618,8.452333893741756
P5,1619,8.54757746002957
P5,1620,8.54206016621914
P5,1621,8.692831327480405
P5,1622,8.721950978681825
P5,1623,8.70620306633329
P5,1624,8.883528540987873
P5,1625,8.87284480867012
P5,1626,8.810994563193816
P5,1627,8.25877206669685
P5,1629,8.880539598234625
P5,1630,8.89060607340641
P5,1631,8.905183109184808
P5,1632,8.7898580963083
P5,1633,9.001774550214646
P5,1634,9.097497553704361
P5,1635,9.094505401808625
P5,1636,9.090354115170443
P5,1637,9.150399831593948
P5,1639,8.835996735367964
P5,1640,8.992180923190876
P5,1641,9.13015306694338
P5,1642,9.15525195471846
P5,1658,8.713312507175353
P5,1659,10.026501834188995
P5,1660,9.642393679912441
P5,1661,9.651489545138196
P5,1662,9.644828130480148
P5,1666,9.357912222360426
P5,1669,9.341799013487448
P5,1672,8.81577343452704
P5,1674,9.307219357844527
P5,1675,9.084401412507852
P5,1676,9.083590412722327
P5,1678,9.24261678071701
P5,1679,9.204380026736361
P5,1680,9.328806925018757
P5,1681,9.525919169562313
P5,1684,8.96802421705887
P5,1685,9.255945804035225
P5,1686,9.311832455564124
P5,1687,9.106111670855089
P5,1688,9.230164817198192
P5,1689,9.25422481329146
P5,1692,9.25866992228996
P5,1693,8.794349322664555
P5,1694,8.550735671806912
P5,1695,8.524000347705273
P5,1696,8.635989526002943
P5,1697,8.710547862735204
P5,1698,8.737491039377414
P5,1699,8.747541921211692
P5,1700,8.801551686320797
P5,1701,8.997291730451675
P5,1702,9.219277468603597
P5,1703,9.411215867398854
P5,1704,9.500945609940956
P5,1705,8.824676817952659
P5,1706,8.906828704456279
P5,1707,9.055497422976387
P5,1708,9.317408158100353
P5,1710,9.442309547359487
P5,1711,8.990816098531818
P5,1712,9.050266513866621
P5,1731,10.061275948234487
P5,1732,9.652852941979146
P5,1733,9.926620017111384
P5,1734,9.965276343180504
P5,1738,9.948001678465223
P5,1739,9.858726264950349
P5,1743,9.740453910782184
P5,1748,9.582847585811594
P5,1749,9.550542302802656
P5,1753,9.42074756957436
P5,1755,9.356186613387186
P5,1756,9.324027323900388
P5,1757,9.291912405043597
P5,1758,9.259831894818355
P5,1759,9.227831315417157
P5,1760,9.19604265282403
P5,1761,9.164703753542566
P5,1762,9.134165271929541
P5,1764,9.077435868038888
P5,1765,9.052460768762307
P5,1766,9.030679691373122
P5,1767,9.012827293767202
P5,1769,8.991493584052602
P5,1770,8.98886762943706
P5,1772,8.999802475836901
P5,1773,9.012525105791914
P5,1774,9.029164160833156
P5,1775,9.048925930521914
P5,1776,9.07108446737324
P5,1777,9.095071823592505
P5,1778,9.121079835733191
P5,1779,9.168758497171924
P5,1782,9.218434395442676
P5,1783,9.212193660804578
P5,1803,10.09935934957934
P5,1804,10.082939400503408
P5,1805,10.059283096921696
P5,1806,10.034894862346288
P5,1807,10.009775031591095
P5,1809,9.95736598088428
P5,1815,9.784181807670768
P5,1816,9.75332943522572
P5,1819,9.65828395526537
P5,1820,9.625963390066406
P5,1821,9.593429010625991
P5,1823,9.528000136024435
P5,1824,9.4952515732327
P5,1825,9.462573055081203
P5,1826,9.430020348578841
P5,1828,9.365412177158657
P5,1829,9.333372284252267
P5,1830,9.301526222713859
P5,1831,9.269941623934644
P5,1832,9.23877210617246
P5,1833,9.208283743137473
P5,1834,9.178869931272152
P5,1835,9.151055117108672
P5,1836,9.125486060809
P5,1837,9.102904394931835
P5,1838,9.08409254183812
P5,1839,9.069791408187376
P5,1840,9.060598916703468
P5,1841,9.056869252591715
P5,1842,9.058641142170966
P5,1843,9.06562177839434
P5,1844,9.077237307311266
P5,1845,9.092739906601096
P5,1846,9.111345042978282
P5,1847,9.13236072170539
P5,1848,9.155268090376282
P5,1849,9.1797300931110275
P5,1850,9.205537408681067
P5,1851,9.236455822720684
P5,1852,9.255656839875444
P5,1853,9.332107919122521
P5,1854,9.340332397229275
P5,1855,9.38208637779185
P5,1856,9.40566951777878
P5,1875,10.141016263753645
P5,1876,10.126545817235913
P5,1877,10.104201532896928
P5,1878,10.080275178321466
P5,1879,10.055598511945545
P5,1880,10.030172275792706
P5,1881,10.004002328159242
P5,1882,9.977100026536066
P5,1884,9.921172684458247
P5,1892,9.674362694680935
P5,1895,9.576097529679515
P5,1896,9.543219874378138
P5,1897,9.510424093540715
P5,1899,9.445394925188934
P5,1900,9.413286116651323
P5,1901,9.381510744288397
P5,1902,9.350125204139621
P5,1903,9.319231449068418
P5,1904,9.28901531322024
P5,1905,9.25978032498727
P5,1906,9.231971522230708
P5,1907,9.206184010674917
P5,1908,9.183146091666407
P5,1909,9.163664562860388
P5,1910,9.1485295336201915
P5,1911,9.1383930605519
P5,1912,9.1336491125789685
P5,1913,9.134351033084933
P5,1914,9.140199630659588
P5,1916,9.164844980367576
P5,1917,9.182149552228966
P5,1918,9.201885653045473
P5,1919,9.22358762682063
P5,1920,9.246952379974433
P5,1921,9.271773602129603
P5,1922,9.297859711598957
P5,1923,9.32497324818605
P5,1924,9.360346415029964
P5,1925,9.389127769306663
P5,1926,9.409242098266672
P5,1927,9.429143965751281
P5,1928,9.448537248240013
P5,1950,10.12948220801126
P5,1951,10.105363037494534
P5,1952,10.080480703996042
P5,1953,10.054836896114194
P5,1967,9.630924212549704
P5,1968,9.598118292315391
P5,1969,9.56541036413151
P5,1970,9.532912397688696
P5,1971,9.500734778414444
P5,1972,9.468980873230656
P5,1973,9.437748461404777
P5,1974,9.407144495671183
P5,1975,9.37731519654729
P5,1976,9.34848676046834
P5,1977,9.32100765841949
P5,1978,9.295381203822394
P5,1979,9.272272244275559
P5,1980,9.252467242983073
P5,1981,9.236776090751423
P5,1982,9.22589096663398
P5,1983,9.220243068860748
P5,1984,9.219906501861166
P5,1985,9.224588825618618
P5,1986,9.23371527908216
P5,1987,9.246572858025083
P5,1988,9.262460067343701
P5,1989,9.280794296218547
P5,1990,9.301150795881773
P5,1991,9.323235054569036
P5,1992,9.346814381421927
P5,1993,9.371646164942009
P5,1994,9.397434777990005
P5,1995,9.423829388890557
P5,1996,9.450453053492112
P5,1997,9.473944965327112
P5,1998,9.483519932842956
P5,2024,10.135539173512308
P5,2027,10.058324534800281
P5,2028,10.031086387609168
P5,2039,9.693588674590622
P5,2040,9.661120226773251
P5,2041,9.628780035969402
P5,2044,9.534038448116144
P5,2045,9.50374317594788
P5,2046,9.47435824894919
P5,2047,9.44607830709083
P5,2048,9.419174333472627
P5,2049,9.39404448232328
P5,2050,9.371249050338184
P5,2051,9.351499424490894
P5,2052,9.335575435992428
P5,2053,9.324176708499483
P5,2054,9.317758518182304
P5,2055,9.316421254131726
P5,2056,9.319900455491808
P5,2057,9.327658551648884
P5,2058,9.339033297636888
P5,2059,9.35337959546747
P5,2060,9.370158123307652
P5,2061,9.388956358527897
P5,2062,9.409455444888136
P5,2063,9.431371927661756
P5,2064,9.454406174093034
P5,2065,9.47821990007047
P5,2066,9.50244688656267
P5,2067,9.526723787173257
P5,2068,9.550603973034256
P5,2069,9.550253879044938
P5,2111,9.765274958284568
P5,2112,9.733487267095384
P5,2113,9.701887221884371
P5,2114,9.670662539278904
P5,2116,9.610175943987844
P5,2117,9.58134283249523
P5,2118,9.55373487837496
P5,2119,9.52759232651414
P5,2120,9.50323072097967
P5,2121,9.481093752550693
P5,2122,9.46177428970658
P5,2123,9.445964252802662
P5,2124,9.434320467884266
P5,2125,9.42729296116481
P5,2126,9.425003566747618
P5,2127,9.427233741477341
P5,2128,9.433512464251931
P5,2129,9.443249479130207
P5,2130,9.455854417735928
P5,2131,9.470806624695367
P5,2132,9.487671428724607
P5,2133,9.506079202312531
P5,2134,9.525690596966623
P5,2135,9.54616901725154
P5,2136,9.567172813452766
P5,2137,9.588367162075
P5,2138,9.609445254022006
P5,2139,9.630146305988015
P5,2140,9.650268840969467
P5,2171,10.191188408248992
P5,2182,9.877927207641667
P5,2183,9.847163243690156
P5,2184,9.816493883168272
P5,2186,9.75627142016912
P5,2187,9.727205324603764
P5,2188,9.699181877024925
P5,2189,9.672455209733078
P5,2191,9.623918716758835
P5,2193,9.584179041001915
P5,2194,9.56881666496839
P5,2195,9.557205496465416
P5,2196,9.549748326757102
P5,2197,9.546567318833768
P5,2198,9.547489145498847
P5,2199,9.552122218474478
P5,2200,9.559959001261204
P5,2201,9.570458619741503
P5,2202,9.583099374040934
P5,2203,9.597405842882093
P5,2204,9.612957509851883
P5,2205,9.629385292415366
P5,2206,9.646362897950867
P5,2207,9.663600178430679
P5,2208,9.680842394865948
P5,2209,9.697873593931599
P5,2210,9.714519079654096
P5,2211,9.730643471636283
P5,2212,9.746144648803787
P5,2213,9.765804300081866
P5,2214,9.8014791017949765
P5,2240,10.335398590942267
P5,2241,10.314758263453186
P5,2250,10.085163367796204
P5,2254,9.969533900366358
P5,2255,9.940309746268932
P5,2257,9.882774041543541
P5,2258,9.85497416724999
P5,2259,9.82819464032681
P5,2260,9.8027159001748565
P5,2261,9.778804529693321
P5,2262,9.756722285618153
P5,2263,9.736755015458558
P5,2264,9.719247524784668
P5,2265,9.704612341776876
P5,2266,9.693273992654072
P5,2267,9.68554706421783
P5,2268,9.681521382170049
P5,2269,9.681042576806817
P5,2270,9.683779363499848
P5,2271,9.689297241063533
P5,2272,9.697102694001867
P5,2273,9.706678840610781
P5,2274,9.717529603505715
P5,2275,9.729223137349122
P5,2276,9.741416619772682
P5,2277,9.753855254854471
P5,2278,9.766353458278319
P5,2279,9.778772379759928
P5,2280,9.791003062985501
P5,2281,9.80295656292018
P5,2282,9.814558484171958
P5,2283,9.825746016868564
P5,2284,9.836467178149551
P5,2285,9.846682254589822
P5,2286,9.861213945442508
P5,2312,10.417951333865725
P5,2313,10.397205629153282
P5,2320,10.233194280546243
P5,2326,10.072598279428613
P5,2327,10.045516453218701
P5,2328,10.018860754070788
P5,2329,9.992902032491548
P5,2330,9.967924556944856
P5,2331,9.944206412121689
P5,2332,9.9220059224791
P5,2333,9.90156127151418
P5,2334,9.883104339875512
P5,2335,9.866882300711485
P5,2336,9.853170580217729
P5,2337,9.842248699276297
P5,2338,9.834319784633612
P5,2339,9.829412689653969
P5,2340,9.827353219332782
P5,2341,9.827824348127445
P5,2342,9.830434748816593
P5,2343,9.834744562284623
P5,2344,9.840284209189472
P5,2345,9.846602730408264
P5,2346,9.85333026270098
P5,2347,9.860217385149765
P5,2348,9.867132467326769
P5,2349,9.874026719712925
P5,2350,9.880890650844128
P5,2351,9.887720779411499
P5,2352,9.894502751776738
P5,2353,9.901207925328647
P5,2354,9.907797887711746
P5,2355,9.914232258574543
P5,2356,9.920476476431942
P5,2357,9.926507395660012
P5,2358,9.936511090858236
P5,2359,9.964565952100148
P5,2384,10.506408089288525
P5,2385,10.487138350199471
P5,2386,10.467224425561724
P5,2390,10.381264088171044
P5,2392,10.334789510644775
P5,2393,10.310820207543065
P5,2394,10.286456049340002
P5,2395,10.26179466452809
P5,2397,10.21212276914265
P5,2398,10.18747462261205
P5,2399,10.163254661265597
P5,2400,10.139723356776354
P5,2401,10.117145800416367
P5,2402,10.09576980989581
P5,2403,10.075810599346985
P5,2405,10.040834803212409
P5,2406,10.026113399237921
P5,2407,10.013428101658636
P5,2408,10.002920381212743
P5,2409,9.994681654246328
P5,2410,9.988672812569577
P5,2411,9.984680132582302
P5,2412,9.98236408213007
P5,2413,9.981347750881907
P5,2414,9.981260174099063
P5,2415,9.98174389345276
P5,2416,9.982481220754062
P5,2417,9.983243909206596
P5,2418,9.983928754295698
P5,2419,9.984551489198155
P5,2420,9.985203758320237
P5,2421,9.985998406941142
P5,2422,9.98702681242499
P5,2423,9.988338439225092
P5,2424,9.989940365695727
P5,2425,9.99180875115767
P5,2426,9.993903913801892
P5,2427,9.996183104381325
P5,2428,9.998608285941009
P5,2429,10.00117996363803
P5,2430,10.002933127049543
P5,2431,10.010210581008991
P5,2456,10.584515815568672
P5,2457,10.583977451142307
P5,2458,10.56591392885257
P5,2462,10.487299063527493
P5,2464,10.445008410494863
P5,2466,10.401365309489925
P5,2468,10.35729789129731
P5,2469,10.335537037259476
P5,2470,10.314252646955488
P5,2471,10.293685878146748
P5,2472,10.274066356571666
P5,2473,10.25558640622091
P5,2474,10.238383642440061
P5,2475,10.222538000458968
P5,2476,10.208082381937434
P5,2478,10.183354185587294
P5,2479,10.173083355829347
P5,2480,10.16419892223942
P5,2481,10.156614157282146
P5,2482,10.1501045735923
P5,2483,10.144328983542202
P5,2484,10.138933341169292
P5,2485,10.133636215219122
P5,2486,10.128242243046255
P5,2487,10.122631314856458
P5,2488,10.116767678615844
P5,2489,10.110716216550902
P5,2490,10.104635441587492
P5,2491,10.098739025879299
P5,2492,10.093242456605136
P5,2493,10.088317762866106
P5,2494,10.084070126646012
P5,2495,10.080537327885004
P5,2496,10.077704290484048
P5,2497,10.075522574016235
P5,2498,10.073927143495352
P5,2499,10.072847294496302
P5,2500,10.072212374788467
P5,2501,10.071954486720582
P5,2502,10.072017339348697
P5,2503,10.07492908423226
P5,2530,10.653431580092011
P5,2531,10.640788180521156
P5,2532,10.636885301983195
P5,2535,10.58219964121857
P5,2539,10.506506744757159
P5,2540,10.488004244680505
P5,2541,10.470066394481057
P5,2542,10.452904060760552
P5,2544,10.42154566910207
P5,2545,10.407486827979042
P5,2546,10.39445709638558
P5,2547,10.382327435819878
P5,2548,10.370929629999415
P5,2549,10.360092948086756
P5,2550,10.34967791157355
P5,2551,10.339586864769991
P5,2552,10.329727158657784
P5,2553,10.319940525976005
P5,2554,10.30997617412956
P5,2555,10.299566667374426
P5,2556,10.288541700235104
P5,2557,10.276871181972364
P5,2558,10.26463559949477
P5,2559,10.251991455791485
P5,2560,10.239159528708887
P5,2561,10.226415951418698
P5,2562,10.214065394947271
P5,2563,10.202398291065794
P5,2564,10.191648813867692
P5,2565,10.181968978518281
P5,2566,10.173424184878279
P5,2567,10.166005757000958
P5,2568,10.159651383154474
P5,2569,10.154265425657002
P5,2570,10.149735153853607
P5,2571,10.145942604827397
P5,2572,10.142773267776867
P5,2573,10.140075329310864
P5,2574,10.138206663301613
P5,2575,10.155590142319703
P5,2576,10.141886295270448
P5,2605,10.731749509306429
P5,2606,10.721393226608322
P5,2607,10.705546805045913
P5,2608,10.689680879795016
P5,2609,10.673938222671726
P5,2610,10.658488185718884
P5,2611,10.64352003378074
P5,2612,10.629225692164539
P5,2613,10.615770227428838
P5,2614,10.60325408868716
P5,2615,10.591677559991401
P5,2616,10.580920334243759
P5,2617,10.570745309548942
P5,2618,10.560828000512648
P5,2619,10.55080590521765
P5,2620,10.540338338968597
P5,2621,10.529164550229178
P5,2622,10.517141201307902
P5,2623,10.504231770109586
P5,2624,10.490435579612397
P5,2625,10.475705849274982
P5,2626,10.459950012993101
P5,2627,10.443125922046232
P5,2628,10.425325810844509
P5,2629,10.406770779425417
P5,2630,10.387757622225346
P5,2631,10.368620209831908
P5,2632,10.349712841493135
P5,2633,10.3313935589324
P5,2634,10.313995496810547
P5,2635,10.297792621898985
P5,2636,10.282972937853051
P5,2637,10.269627829648742
P5,2638,10.257758327596303
P5,2639,10.24729327331901
P5,2640,10.238112632001052
P5,2641,10.230070554843785
P5,2642,10.223015040231477
P5,2643,10.216802710272908
P5,2644,10.211308216873512
P5,2645,10.206428563911093
P5,2646,10.202083320553232
P5,2647,10.19727519561112
P5,2648,10.175747079667827
P5,2678,10.831407871511663
P5,2679,10.836800685909106
P5,2680,10.824472358676699
P5,2681,10.812591439117078
P5,2682,10.80132998738557
P5,2683,10.790841041516265
P5,2684,10.781220883133502
P5,2685,10.77246438966019
P5,2686,10.764426442807496
P5,2687,10.756804938755916
P5,2688,10.74915699232435
P5,2689,10.740950802311334
P5,2691,10.72077577193683
P5,2692,10.705637606690631
P5,2693,10.69332781601904
P5,2694,10.676741500670657
P5,2695,10.658498611449835
P5,2696,10.638818518858304
P5,2697,10.617836040889099
P5,2698,10.595639645131689
P5,2699,10.572381191003261
P5,2700,10.54832919069152
P5,2701,10.52383560825955
P5,2702,10.499282716333688
P5,2703,10.475054026107536
P5,2704,10.451521511511944
P5,2705,10.429029527597443
P5,2706,10.40787020896739
P5,2707,10.38825798587098
P5,2708,10.37031315650335
P5,2709,10.354060220848085
P5,2710,10.339441000131803
P5,2711,10.326338059523277
P5,2712,10.314601824780524
P5,2713,10.304075166436984
P5,2714,10.294611325648741
P5,2715,10.286083767249751
P5,2716,10.278388899711144
P5,2717,10.271443968865952
P5,2718,10.265182670072013
P5,2719,10.259411338389782
P5,2750,10.91616149825779
P5,2751,10.93104198377904
P5,2752,10.931465935767463
P5,2753,10.935864191156382
P5,2755,10.929477931665872
P5,2756,10.886898074938125
P5,2757,10.898711734101134
P5,2758,10.933209996995615
P5,2759,10.927535500121733
P5,2765,10.834166502393337
P5,2766,10.82203816490722
P5,2767,10.797716241906684
P5,2768,10.772084442891758
P5,2769,10.74534346281195
P5,2770,10.71764805113566
P5,2771,10.689223163436187
P5,2773,10.631493044891835
P5,2774,10.602909727578405
P5,2775,10.574984027627954
P5,2776,10.548045620959838
P5,2777,10.522390399781989
P5,2778,10.498258295071457
P5,2779,10.475812440573199
P5,2780,10.455128598457623
P5,2781,10.436198975997739
P5,2782,10.418949035285413
P5,2783,10.403261707145255
P5,2784,10.389001954142108
P5,2785,10.37603604298603
P5,2786,10.364242949310292
P5,2787,10.353518336308802
P5,2788,10.343773381035476
P5,2789,10.334931140310173
P5,2790,10.321882696099934
P5,2791,10.299823970106933
P5,2826,11.0523519047225
P5,2827,11.062499081193025
P5,2838,10.95124147070246
P5,2839,10.921795674581801
P5,2840,10.89148509303096
P5,2841,10.860434749743828
P5,2842,10.828760554959798
P5,2843,10.796664364834035
P5,2844,10.764420985721678
P5,2845,10.732329640093033
P5,2846,10.700690639398994
P5,2847,10.669804573922805
P5,2848,10.639968805184692
P5,2849,10.611459725331867
P5,2850,10.584506694542792
P5,2851,10.559269411526124
P5,2852,10.535827184906294
P5,2853,10.51418273736688
P5,2854,10.49427796269485
P5,2855,10.476015690943878
P5,2856,10.459280886529442
P5,2857,10.443956617198014
P5,2858,10.429933142416985
P5,2859,10.41711099061283
P5,2860,10.405400152393105
P5,2861,10.393427816557825
P5,2862,10.374512952943126
P5,2909,11.10498774907957
P5,2910,11.065081465969195
P5,2911,11.03202388181352
P5,2912,10.998472473891225
P5,2913,10.964412234957827
P5,2914,10.929877978648365
P5,2915,10.895010342836828
P5,2916,10.860020865829952
P5,2917,10.825154674796034
P5,2918,10.790684487443283
P5,2919,10.756913971034503
P5,2920,10.724165234245355
P5,2921,10.69274781110671
P5,2922,10.662922526006035
P5,2923,10.634874275694354
P5,2924,10.608700863661024
P5,2925,10.584418197070708
P5,2926,10.561977468731014
P5,2927,10.541287625059523
P5,2928,10.522236695223615
P5,2929,10.504707830093281
P5,2930,10.488588750918783
P5,2931,10.473775493567192
P5,2932,10.460172381703874
P5,2933,10.446562827872887
P5,2981,11.207048421400089
P5,2982,11.163571643697647
P5,2983,11.128043074806449
P5,2984,11.092140477269062
P5,2985,11.05572634059589
P5,2986,11.018778341818882
P5,2987,10.981403380003794
P5,2988,10.943792906694737
P5,2989,10.906196551713817
P5,2990,10.86892022746193
P5,2991,10.832319225897338
P5,2992,10.796769202009857
P5,2993,10.762622396060314
P5,2994,10.73016658936367
P5,2995,10.699599291928495
P5,2996,10.67102080705781
P5,2997,10.644443693883488
P5,2998,10.619812960822726
P5,2999,10.597030235849417
P5,3000,10.575976000256317
P5,3001,10.556526220823269
P5,3002,10.538562293675117
P5,3003,10.521975176690903
P5,3004,10.505678587347779
P5,3005,10.493217623548365
P5,3052,11.313663485364152
P5,3053,11.283205634612736
P5,3054,11.24601869534017
P5,3055,11.208634692460583
P5,3056,11.170797681066805
P5,3057,11.132325065628269
P5,3058,11.093198329929224
P5,3059,11.053537949589726
P5,3060,11.01355626410264
P5,3061,10.973538595460282
P5,3062,10.933838550382909
P5,3063,10.894859291010203
P5,3064,10.857013243454446
P5,3065,10.820673536374933
P5,3066,10.786134322323777
P5,3067,10.753589253140992
P5,3068,10.7231290276424
P5,3069,10.694754283350926
P5,3070,10.66839798574352
P5,3071,10.643950854356646
P5,3072,10.621284278944849
P5,3073,10.600267315557808
P5,3074,10.580776790284377
P5,3075,10.561140061170505
P5,3076,10.542798393239025
P5,3078,10.517999761891508
P5,3079,10.505130330568377
P5,3124,11.364128802810757
P5,3125,11.332883074086114
P5,3126,11.312322843070522
P5,3127,11.274177105387837
P5,3128,11.2347828971981
P5,3129,11.194657474024234
P5,3130,11.153813795658206
P5,3131,11.112391225060634
P5,3133,11.028804829362741
P5,3134,10.987334047123255
P5,3135,10.946636317212622
P5,3136,10.907141570465477
P5,3137,10.869229365906067
P5,3138,10.833191267920482
P5,3139,10.799212476041873
P5,3140,10.767372336432997
P5,3141,10.73765960754366
P5,3142,10.709996526902868
P5,3143,10.68426522333638
P5,3144,10.660331045081607
P5,3145,10.638059578103617
P5,3146,10.616053194391338
P5,3147,10.59363015591247
P5,3150,10.548010307698346
P5,3151,10.535601287156705
P5,3199,11.327108604565357
P5,3200,11.286688354333133
P5,3202,11.20334094720902
P5,3203,11.160540402903427
P5,3204,11.11731185321315
P5,3205,11.061202848444296
P5,3206,11.02730557589505
P5,3207,10.990696670989445
P5,3208,10.950096987899094
P5,3209,10.911112395884922
P5,3210,10.874031912011416
P5,3211,10.839034001799837
P5,3212,10.806189357715628
P5,3213,10.775478225118597
P5,3214,10.746271273540826
P5,3215,10.719964455171365
P5,3216,10.693910532039261
P5,3217,10.669279362816035
P5,3218,10.645522178154303
P5,3221,10.586354267894178
P5,3222,10.57636560646077
P5,3270,11.396314230174005
P5,3271,11.368693969739214
P5,3272,11.329786143275058
P5,3273,11.284379206114153
P5,3275,11.18268136873786
P5,3278,11.05409987481863
P5,3279,11.0292232668822
P5,3280,10.988158021526703
P5,3281,10.948445363384186
P5,3282,10.91063347203055
P5,3283,10.874897945971359
P5,3284,10.84130425335762
P5,3285,10.809722610306666
P5,3286,10.779027091294184
P5,3287,10.748475928211604
P5,3293,10.602801340270224
P5,3294,10.601085539203018
P5,3295,10.593687208442196
P5,3343,11.390085667853997
P5,3344,11.356264100095453
P5,3345,11.336849981335142
P5,3351,11.046639566485032
P5,3352,11.014470121015714
P5,3353,10.97165484777671
P5,3354,10.941318158527483
P5,3355,10.904587489300667
P5,3356,10.86717664475709
P5,3357,10.83594109216578
P5,3426,10.972547025612712
P5,3427,10.950113492334275
P5,3497,11.042980016974207
P5,3498,11.008063244920262
P5,3499,10.978680757258928
P5,3568,11.09017770720727
P5,3569,11.071031657165788
P5,3570,11.032146295957068
P5,3571,11.003647620905284
P5,3641,11.083092590084135
P5,3642,11.058738484216807
