grid_cell,centroid_lon,centroid_lat,delta_t_mean,delta_t_extreme,delta_t_std,tmp_P1,tmp_P2,tmp_P3,tmp_P4,tmp_P5,tmx_P1,tmx_P2,tmx_P3,tmx_P4,tmx_P5
56,122.6259880512578,53.26185729168209,1.1033329963684082,0.6933330297470093,82.75005364423146,-4.106666564941406,-4.079999923706055,-3.9666666984558105,-3.7099997997283936,-2.9900002479553223,3.6683335304260254,3.6483333110809326,3.7200000286102295,3.9666664600372314,4.351666450500488
57,123.50381425901432,53.28723680119337,0.7700001001358032,0.5174999237060547,77.00001001358032,-3.076666831970215,-3.0899999141693115,-3.3366665840148926,-2.7716665267944336,-2.31333327293396,4.328333854675293,4.326666831970215,3.945000410079956,4.631666660308838,4.845000267028809
128,122.62003628231469,52.82123800100551,0.6208336353302002,0.030832767486572266,49.66650136374907,-4.313333511352539,-4.288333415985107,-4.733333587646484,-4.109999656677246,-3.679999828338623,3.7116668224334717,3.7300002574920654,3.179999828338623,3.6549999713897705,3.751666307449341
198,120.96829322790097,52.282076961806844,0.9875001907348633,0.7625002861022949,17.173950541522235,-3.625,-3.510000228881836,-3.898333787918091,-3.130000114440918,-2.5799999237060547,4.34999942779541,4.581666946411133,4.034999847412109,4.829999923706055,5.228333473205566
199,121.72172099819515,52.27498606676315,0.9216670989990234,0.2749999761581421,55.300078678206134,-4.925000190734863,-4.891666889190674,-5.136667251586914,-4.566666603088379,-3.986666440963745,3.318333864212036,3.304999828338623,2.933333396911621,3.370000123977661,3.5866668224334717
203,125.31498213467323,52.27498606676315,0.9225000143051147,0.40166664123535156,85.15439720058102,-2.3933334350585938,-2.4149999618530273,-2.311666488647461,-2.065000057220459,-1.4816666841506958,4.863333702087402,4.75333309173584,4.761666297912598,4.858333587646484,5.210000038146973
270,120.8482612732761,51.70552270449054,0.809999942779541,0.13249993324279785,21.130387729969772,-3.700000286102295,-3.62333345413208,-4.131666660308838,-3.1549997329711914,-2.8516669273376465,4.46999979019165,4.484999656677246,3.8349997997283936,4.681666374206543,4.609999656677246
271,121.72172099819515,51.72191801112358,0.9391665458679199,0.30083298683166504,15.873172579423285,-4.9816670417785645,-4.863333225250244,-5.273333549499512,-4.4916672706604,-3.9833335876464844,3.2933335304260254,3.375,2.8466668128967285,3.4816665649414062,3.6349997520446777
272,122.62003628231469,51.72191801112358,0.75,0.3474999666213989,75.0,-5.703333377838135,-5.703333377838135,-5.980000019073486,-5.381667137145996,-4.953333377838135,2.259999990463257,2.205000400543213,1.8516666889190674,2.4533333778381348,2.580000162124634
274,124.41666685055372,51.72191801112358,0.528333306312561,0.028333544731140137,26.416847965381383,-3.858333110809326,-3.818333387374878,-4.326666831970215,-3.7916667461395264,-3.309999942779541,3.878333330154419,3.821666717529297,3.2250003814697266,3.6500003337860107,3.878333568572998
276,126.17024356538282,51.702582948461824,0.5599997639656067,0.6016669273376465,42.000491744284034,-0.9000000953674316,-0.9266664385795593,-1.4200000762939453,-0.8083332180976868,-0.3533335030078888,5.473333358764648,5.446666717529297,4.888333797454834,5.660000324249268,6.061666965484619
341,120.05288481088691,51.1289574617765,0.8441665172576904,0.4608330726623535,15.5846446382119,-3.2816665172576904,-3.1733334064483643,-3.5333335399627686,-2.7750000953674316,-2.383333444595337,4.486666202545166,4.5550007820129395,4.018333435058594,4.850000381469727,4.981666564941406
342,120.82340571407563,51.1620009602833,0.6724996566772461,0.08666622638702393,67.24996566772461,-4.164999961853027,-4.146666526794434,-4.798333644866943,-3.7900002002716064,-3.4833335876464844,3.8350002765655518,3.698333740234375,2.9583334922790527,3.9233334064483643,3.8533332347869873
343,121.72172099819515,51.1620009602833,0.7083327770233154,0.47833383083343506,53.12405900759946,-4.96999979019165,-4.99666690826416,-5.464999675750732,-4.706666469573975,-4.27500057220459,2.994999885559082,2.8983333110809326,2.2866663932800293,3.2249999046325684,3.4250004291534424
344,122.62003628231469,51.1620009602833,0.7074997425079346,0.27249956130981445,40.42818217735453,-4.741666793823242,-4.706666469573975,-5.241666793823242,-4.320000648498535,-4.016666889190674,3.398333787918091,3.3633334636688232,2.6416666507720947,3.5816664695739746,3.6533331871032715
345,123.51835156643419,51.1620009602833,0.5991665124893188,0.1874997615814209,59.916651248931885,-3.9700000286102295,-3.9583334922790527,-4.523333549499512,-3.6433334350585938,-3.3650002479553223,4.023333549499512,4.011666774749756,3.3399996757507324,4.15166711807251,4.204999923706055
347,125.31498213467323,51.1620009602833,0.4474998116493225,0.5916669368743896,44.74998116493225,-1.7966667413711548,-1.7849998474121094,-2.2699999809265137,-1.78000009059906,-1.3433334827423096,5.075000286102295,5.078332901000977,4.513333320617676,5.273333549499512,5.668333530426025
412,119.34348521922756,50.476663395402674,0.6899997778236866,0.11083483695983887,34.50002179296903,-0.7683332562446594,-0.7283332943916321,-1.3849998712539673,-0.35833320021629333,-0.05833349749445915,6.429999351501465,6.4549994468688965,5.668333530426025,6.5833330154418945,6.5533342361450195
413,119.92545525326737,50.594981556312646,0.7058333158493042,0.2758340835571289,29.206851646318906,-1.9549999237060547,-2.003333330154419,-2.5099997520446777,-1.6799999475479126,-1.2733333110809326,5.561666488647461,5.456665992736816,4.741666793823242,5.641666889190674,5.785000324249268
414,120.82340571407563,50.59520423372765,0.6750000715255737,0.25333380699157715,57.85720416483595,-3.375,-3.3516666889190674,-4.00166654586792,-2.988333225250244,-2.68833327293396,4.5149993896484375,4.461666584014893,3.603332996368408,4.671666622161865,4.741666793823242
415,121.72172099819515,50.59520423372765,0.7350001335144043,0.6033332347869873,29.399893188884015,-4.543333530426025,-4.493333339691162,-5.0316667556762695,-4.085000038146973,-3.7833333015441895,3.4050002098083496,3.358333110809326,2.6533331871032715,3.8216662406921387,3.984999895095825
416,122.62003628231469,50.59520423372765,0.48000025749206543,0.21833300590515137,19.199937057735223,-3.7766671180725098,-3.7266669273376465,-4.314999580383301,-3.6716666221618652,-3.2716667652130127,4.146666526794434,4.12000036239624,3.385000705718994,4.184999942779541,4.351666450500488
417,123.51835156643419,50.59520423372765,0.5966664552688599,0.33083319664001465,59.666645526885986,-2.6533331871032715,-2.6433331966400146,-3.2150001525878906,-2.3533332347869873,-2.051666736602783,5.270000457763672,5.235000133514404,4.605000019073486,5.506666660308838,5.583333492279053
418,124.41666685055372,50.59520423372765,0.540833592414856,0.4649994373321533,30.90470092165585,-2.1700000762939453,-2.134999990463257,-2.7266666889190674,-1.9049999713897705,-1.6116664409637451,5.3516669273376465,5.328333854675293,4.610000133514404,5.660000324249268,5.804999828338623
483,118.46972250206176,49.791925528401364,0.7333331108093262,0.4308335781097412,27.499956414159364,-0.4666665196418762,-0.41333311796188354,-1.0816667079925537,-0.0033333837054669857,0.2933332920074463,6.433333396911621,6.421666622161865,5.5849995613098145,6.766667366027832,6.858333587646484
484,119.13284538063802,49.9216220029174,0.693333363160491,0.3941664695739746,27.733327914279005,-0.7433333396911621,-0.6933333277702332,-1.3583334684371948,-0.3183332681655884,-0.024999970570206642,6.148333549499512,6.126667022705078,5.2916669845581055,6.423333644866943,6.5316667556762695
485,119.9250904299561,50.021499450700304,0.6874999701976776,0.3624999523162842,43.420928700496916,-1.1850000619888306,-1.153333306312561,-1.8149999380111694,-0.7866665124893188,-0.4816667139530182,6.006666660308838,5.9683332443237305,5.135000228881836,6.241666316986084,6.349999904632568
486,120.82340571407563,50.021499450700304,0.6666668653488159,0.27499961853027344,50.0000625849367,-2.506666660308838,-2.4800000190734863,-3.129999876022339,-2.12333345413208,-1.8266664743423462,5.133333683013916,5.093333721160889,4.263333320617676,5.323333263397217,5.388333320617676
487,121.72172099819515,50.021499450700304,0.6183328628540039,0.5183331966400146,26.500005108974424,-4.009999752044678,-4.056666374206543,-4.653332710266113,-3.8383336067199707,-3.4150002002716064,3.885000228881836,3.741666316986084,2.9566667079925537,4.006666660308838,4.331666469573975
554,117.19879746264533,49.400794096827376,0.7733333669602871,0.34166574478149414,17.185186672235286,0.0966665968298912,0.1866665929555893,-0.3816666603088379,0.6483332514762878,0.9149999618530273,6.821667671203613,6.87166690826416,6.141666889190674,7.2133331298828125,7.188333034515381
555,118.16546798198165,49.407414090645936,0.687499925494194,0.3574998378753662,20.12201210792196,0.12500014901161194,0.19333326816558838,-0.5000001788139343,0.5749999284744263,0.8466666340827942,6.8666672706604,6.895000457763672,6.090000152587891,7.21999979019165,7.238333702087402
556,119.0267751458366,49.440860638347424,0.7016666829586029,0.4199998378753662,23.388934972199348,-0.44333338737487793,-0.3833335041999817,-1.0700000524520874,-0.008333319798111916,0.2883332371711731,6.2783331871032715,6.2816667556762695,5.413333415985107,6.606666564941406,6.699999809265137
557,119.9250904299561,49.440860638347424,0.6725000664591789,0.4075007438659668,32.28008015174902,-0.573333203792572,-0.53166663646698,-1.2233333587646484,-0.18000002205371857,0.12000014632940292,6.108333110809326,6.073333263397217,5.211666584014893,6.37666654586792,6.498333930969238
558,120.82340571407563,49.440860638347424,0.6050002574920654,0.3216664791107178,60.50002574920654,-0.9716668128967285,-0.9583333134651184,-1.6800000667572021,-0.7633335590362549,-0.35999980568885803,5.909999847412109,5.849999904632568,4.954999923706055,5.973333358764648,6.201666355133057
559,121.72172099819515,49.440860638347424,0.6933332681655884,0.511667013168335,26.00013858155077,-1.9783332347869873,-1.9250001907348633,-2.506666660308838,-1.5599998235702515,-1.258333444595337,4.771666526794434,4.7316670417785645,3.9883339405059814,5.103333473205566,5.263333797454834
560,122.62003628231469,49.440860638347424,0.6333330273628235,0.4458341598510742,14.07401545079158,-0.7633329629898071,-0.8533332943916321,-1.4199999570846558,-0.6466665863990784,-0.17500010132789612,6.419999599456787,6.241666316986084,5.518333435058594,6.4850006103515625,6.77666711807251
561,123.51835156643419,49.440860638347424,0.49833323806524277,0.191666841506958,49.83332380652428,0.23500001430511475,0.2483334094285965,-0.3900001347064972,0.27166682481765747,0.7399999499320984,8.069999694824219,7.9766669273376465,7.160000801086426,7.9200005531311035,8.21500015258789
563,125.31498213467326,49.440860638347424,0.46583327651023865,0.5991661548614502,12.42216344789823,0.9516670107841492,0.8766666650772095,0.25999999046325684,1.0150001049041748,1.380000114440918,7.423333644866943,7.248333930969238,6.458333492279053,7.62000036239624,7.934999942779541
564,126.21329741879276,49.440860638347424,0.46666665375232697,0.6049997806549072,17.49997220006454,0.08833353966474533,0.03500012308359146,-0.5850000977516174,0.16166672110557556,0.5283334851264954,6.418333530426025,6.271666526794434,5.5316667556762695,6.6566667556762695,6.949999809265137
592,86.92038426779793,48.81714642002576,0.7841669768095016,0.9366660118103027,78.41669768095016,0.16999979317188263,0.18500001728534698,-0.4133332669734955,0.4883332848548889,0.9616668820381165,5.833333969116211,5.826666831970215,5.173333644866943,6.15000057220459,6.766666412353516
593,87.51750421515183,48.81971384764546,0.7966666221618652,0.9791666269302368,53.111580888196585,-3.0466666221618652,-3.016666889190674,-3.633333683013916,-2.7216665744781494,-2.2350001335144043,2.743333339691162,2.7850000858306885,2.120000123977661,3.118333339691162,3.743333339691162
625,116.39460587608608,48.83263639573477,0.7883333563804626,0.4716672897338867,17.518512533527602,1.0633333921432495,1.1533334255218506,0.5866668820381165,1.6216665506362915,1.8966667652130127,7.615000247955322,7.651666164398193,6.934999942779541,8.076666831970215,8.105000495910645
626,117.23014457759756,48.85326434139967,0.6858329176902771,0.42833375930786133,16.137215248102123,1.5199999809265137,1.6050001382827759,0.8999999761581421,1.9733335971832275,2.248332977294922,8.09000015258789,8.140000343322754,7.270000457763672,8.446667671203613,8.543334007263184
627,118.12845986171706,48.85326434139967,0.5550000965595245,0.1725001335144043,12.807715558832289,0.5900000333786011,0.6766665577888489,-0.1316663771867752,1.0099999904632568,1.1883333921432495,7.391667366027832,7.426667213439941,6.466667175292969,7.613333702087402,7.581667423248291
628,119.0267751458366,48.85326434139967,0.6824999749660492,0.42166733741760254,18.19997329715734,-0.41666680574417114,-0.34166669845581055,-1.0483331680297852,0.008333420380949974,0.30333322286605835,6.323333263397217,6.329999923706055,5.460000038146973,6.638333320617676,6.748333930969238
629,119.9250904299561,48.85326434139967,0.6249999403953552,0.3641672134399414,26.785839912227484,-0.3549997806549072,-0.3083333373069763,-1.0216665267944336,-0.09333349019289017,0.29333338141441345,6.335000038146973,6.306666374206543,5.429999828338623,6.4800004959106445,6.685000419616699
630,120.82340571407563,48.85326434139967,0.6208332180976868,0.4033334255218506,62.08332180976868,-1.5999997854232788,-1.5883333683013916,-2.2150001525878906,-1.3516666889190674,-0.9733333587646484,5.09833288192749,5.058333396911621,4.2833333015441895,5.211667060852051,5.481666564941406
634,124.41666685055372,48.85326434139967,0.4408336281776428,0.5674991607666016,7.666663211328809,1.4383333921432495,1.5533335208892822,0.8750001192092896,1.6400001049041748,1.9366670846939087,8.20666790008545,8.244999885559082,7.438333988189697,8.630000114440918,8.793333053588867
635,125.31498213467323,48.85326434139967,0.46000009775161743,0.551666259765625,18.40015306596857,1.633333444595337,1.6833330392837524,1.0349998474121094,1.6666667461395264,2.118333339691162,7.87833309173584,7.851666450500488,7.050000190734863,7.991666316986084,8.416666030883789
636,126.21329741879276,48.85326434139967,0.4816668629646301,0.5399997234344482,24.083007250803906,1.1183336973190308,1.0783331394195557,0.45833340287208557,1.209999918937683,1.5800002813339233,7.240000247955322,7.1666669845581055,6.4033331871032715,7.4549994468688965,7.743333339691162
637,127.11161270291227,48.85326434139967,0.4525001123547554,0.5683333873748779,12.627877519424652,0.24833326041698456,0.3200001120567322,-0.24833333492279053,0.306666761636734,0.7366667985916138,6.543333530426025,6.523333549499512,5.7950005531311035,6.685000419616699,7.1016669273376465
640,129.74978890357295,48.8156476885638,0.5525000691413879,0.5725002288818359,55.250006914138794,0.27500009536743164,0.28333330154418945,-0.1533333957195282,0.42166653275489807,0.8316667675971985,6.300000190734863,6.265000343322754,5.654999732971191,6.486667633056641,6.8550004959106445
663,85.91403161482862,48.1666332575863,0.7691669464111328,0.929166316986084,15.131043280865992,5.631667137145996,5.529999732971191,5.058333396911621,5.960000514984131,6.350000381469727,11.066666603088379,10.951667785644531,10.420000076293945,11.388334274291992,11.938333511352539
664,86.70494138203597,48.24542684123918,0.7150005102157593,0.8758320808410645,6.042263595160837,3.200000047683716,3.436666488647461,2.7400002479553223,3.5583336353302,4.033333778381348,8.796667098999023,9.001667976379395,8.233332633972168,9.14333438873291,9.774999618530273
665,87.5854653835774,48.25850293624259,0.7874998822808266,0.9458334445953369,49.736718273188465,0.06333336234092712,0.09500010311603546,-0.5233333110809326,0.4033333361148834,0.8666666150093079,5.868333339691162,5.90000057220459,5.241666316986084,6.231666564941406,6.830000400543213
666,88.37023631929351,48.17729154222778,0.7850000858306885,0.9449999332427979,33.64289290567812,-2.5183334350585938,-2.4716668128967285,-3.0916664600372314,-2.181666851043701,-1.7100000381469727,3.376667022705078,3.426666736602783,2.756666660308838,3.7233333587646484,4.3466668128967285
696,115.74076704484135,48.17980940524789,0.571666955947876,0.2566666603088379,9.527791685541489,2.0966668128967285,2.2166666984558105,1.4016667604446411,2.5466666221618652,2.7283337116241455,8.625,8.701666831970215,7.759999752044678,8.98666763305664,8.920000076293945
698,117.23014457759756,48.25868973324162,0.7649998664855957,0.5183334350585938,17.000058280307083,1.3300001621246338,1.4199998378753662,0.8349998593330383,1.871666669845581,2.1399998664855957,7.9033331871032715,7.953333377838135,7.210000038146973,8.366666793823242,8.446666717529297
699,118.13010294352483,48.27411166076685,0.6883333921432495,0.44333314895629883,15.296271669563007,0.6616665124893188,0.7516666650772095,0.03833353519439697,1.0733332633972168,1.3949999809265137,7.521666526794434,7.568333625793457,6.698332786560059,7.813333034515381,7.988333225250244
700,119.0267751458366,48.25868973324162,0.6758331656455994,0.4141662120819092,18.860478423375245,-0.2916664779186249,-0.21999987959861755,-0.9183335304260254,0.12833337485790253,0.41999998688697815,6.566667079925537,6.571667671203613,5.699999809265137,6.861666679382324,6.983333587646484
701,119.9250904299561,48.25868973324162,0.6716667264699936,0.4008331298828125,18.318186029915577,-0.7816666960716248,-0.7083333730697632,-1.4083331823349,-0.371666818857193,-0.07333330810070038,6.021666526794434,6.023333549499512,5.151666641235352,6.286667346954346,6.423333168029785
702,120.82340571407563,48.25868973324162,0.6300001740455627,0.4025001525878906,53.999790533118755,-1.6733334064483643,-1.649999976158142,-2.2833333015441895,-1.4266667366027832,-1.0316665172576904,4.965000152587891,4.936666488647461,4.186666488647461,5.104999542236328,5.353333473205566
704,122.62003628231469,48.25868973324162,0.5841667056083679,0.34416675567626953,46.732935336667985,1.9016666412353516,1.9266668558120728,1.2916667461395264,2.120000123977661,2.49833345413208,8.511667251586914,8.456666946411133,7.6449995040893555,8.608332633972168,8.828333854675293
705,123.51835156643419,48.25868973324162,0.6700000762939453,0.4741663932800293,57.42804593942862,2.753333568572998,2.7300000190734863,1.996666669845581,3.06333327293396,3.4116668701171875,9.603334426879883,9.46833324432373,8.536666870117188,9.790000915527344,10.010000228881836
706,124.41666685055372,48.25868973324162,0.6683332920074463,0.5799999237060547,66.83332920074463,2.9700002670288086,2.9566664695739746,2.2283334732055664,3.2883331775665283,3.631666660308838,9.59000015258789,9.510000228881836,8.773332595825195,9.916666030883789,10.130000114440918
708,126.21329741879276,48.25868973324162,0.4974997043609619,0.5333337783813477,39.79982452459517,2.0300002098083496,2.005000114440918,1.3916666507720947,2.1583335399627686,2.5149998664855957,7.788332939147949,7.681666374206543,6.896666526794434,7.951666355133057,8.268333435058594
710,128.0099279870318,48.25868973324162,0.6041665822267532,0.6441667079925537,12.71935248993226,0.3483335077762604,0.44333308935165405,-0.0466664619743824,0.595000147819519,0.9999998807907104,6.681666374206543,6.690001010894775,6.0366668701171875,6.948333740234375,7.330000400543213
711,128.90824327115132,48.25868973324162,0.6083332002162933,0.6424999237060547,11.06059620860528,0.43333345651626587,0.5433335304260254,0.06499996781349182,0.6950002312660217,1.096666693687439,6.789999961853027,6.805000305175781,6.136666774749756,7.038332939147949,7.440000057220459
712,129.80655855527084,48.25868973324162,0.5308333933353424,0.5591657161712646,53.08333933353424,0.34666651487350464,0.35833311080932617,-0.11333321034908295,0.5016668438911438,0.8833332061767578,6.425000190734863,6.363333225250244,5.646667003631592,6.5966668128967285,6.953332424163818
716,133.48180480723113,48.04970621356855,0.5691665410995483,0.5049996376037598,15.883758994780283,2.5350003242492676,2.6066668033599854,2.2316665649414062,2.745000123977661,3.140000104904175,7.90000057220459,7.930000305175781,7.323333740234375,7.996665954589844,8.420000076293945
717,134.26502508655216,48.1583027702985,0.5833336114883423,0.3208343982696533,8.3333310626819,2.6599998474121094,2.799999952316284,2.183333396911621,3.009999990463257,3.313333511352539,7.7216668128967285,7.7699995040893555,6.828333854675293,7.861667633056641,8.066667556762695
735,85.9057616561927,47.66575732713293,0.7858331203460693,0.900001049041748,13.666633495457617,6.211667060852051,6.0966668128967285,5.65000057220459,6.551667213439941,6.940000057220459,11.701666831970215,11.561666488647461,11.040000915527344,11.99333381652832,12.531667709350586
736,86.68742491753382,47.65711872820361,0.7158331871032715,0.869999885559082,5.335381651852194,5.809999465942383,6.078333854675293,5.381666660308838,6.204999923706055,6.659999847412109,11.356667518615723,11.570000648498535,10.801666259765625,11.710000991821289,12.333333969116211
737,87.58574020165334,47.65711872820361,0.8100004196166992,0.8291678428649902,81.00004196166992,5.2083330154418945,5.2183332443237305,4.595000267028809,5.550000190734863,6.023333549499512,11.056666374206543,11.061666488647461,10.366666793823242,11.276666641235352,11.888334274291992
738,88.48405548577286,47.65711872820361,0.7900004386901855,0.836667537689209,27.88227770344752,3.671666383743286,3.7283332347869873,3.1033334732055664,4.013333320617676,4.490000247955322,9.701666831970215,9.731666564941406,9.03166675567627,9.951666831970215,10.55333423614502
772,119.14461179231826,47.746832981076295,0.6683334857225418,0.5341672897338867,13.827576968539258,-0.5600001811981201,-0.4633334279060364,-1.183333158493042,-0.13666673004627228,0.15666668117046356,6.398333549499512,6.409999847412109,5.568333625793457,6.768333435058594,6.938333988189697
773,119.9250904299561,47.65711872820361,0.5841667056083679,0.37583279609680176,10.462697242633126,-1.6933332681655884,-1.5816667079925537,-2.37333345413208,-1.2433332204818726,-1.0533332824707031,5.2699995040893555,5.285000324249268,4.324999809265137,5.573333263397217,5.653332710266113
774,120.82340571407563,47.65711872820361,0.654166579246521,0.3141665458679199,9.691340298676161,-2.43833327293396,-2.303333044052124,-2.943333387374878,-2.005000114440918,-1.716666579246521,4.323333740234375,4.398333549499512,3.5516669750213623,4.518333435058594,4.675000190734863
775,121.72172099819515,47.65711872820361,0.5875000357627869,0.5250000953674316,8.924051607062019,0.5933333039283752,0.7249999642372131,0.06833358108997345,0.9566665887832642,1.246666669845581,6.858333587646484,6.914999961853027,6.27500057220459,7.238333702087402,7.4116668701171875
776,122.62003628231469,47.65711872820361,0.6416668891906738,0.383333683013916,34.99981793591344,3.375,3.3383331298828125,2.758333683013916,3.6166672706604004,3.99833345413208,9.811666488647461,9.678332328796387,8.949999809265137,9.8916654586792,10.12833309173584
777,123.51835156643419,47.65711872820361,0.6233339309692383,0.5158329010009766,12.896608196365502,4.0316667556762695,4.12833309173584,3.456666946411133,4.428333282470703,4.703333854675293,10.318333625793457,10.346667289733887,9.676667213439941,10.708333015441895,10.848333358764648
778,124.41666685055372,47.65711872820361,0.48000001907348633,0.3725008964538574,13.714346049046322,4.065000057220459,4.134999752044678,3.4266669750213623,4.150000095367432,4.579999923706055,10.161665916442871,10.149999618530273,9.25666618347168,10.213334083557129,10.52833366394043
783,128.90824327115132,47.65711872820361,0.4791666269302368,0.48166656494140625,7.87671146976232,1.4800000190734863,1.6016666889190674,1.0133333206176758,1.6416667699813843,2.0199999809265137,7.849999904632568,7.883333683013916,7.09833288192749,7.974999904632568,8.348333358764648
784,129.80655855527084,47.65711872820361,0.507500097155571,0.4650001525878906,5.2956623551701805,0.3583334982395172,0.5499998331069946,-0.009999888949096203,0.5983336567878723,0.9616667628288269,6.453333854675293,6.7133331298828125,5.880000114440918,6.683333396911621,7.048333644866943
787,132.56093963875017,47.59131145915964,0.590833306312561,0.639167308807373,7.966292965579317,3.0366666316986084,3.184999942779541,2.7783334255218506,3.311666965484619,3.7016665935516357,8.241666793823242,8.433333396911621,7.775000095367432,8.508333206176758,8.976667404174805
788,133.39981969174895,47.65711872820361,0.5658332109451294,0.6299996376037598,14.446841148916613,3.0400002002716064,3.118333339691162,2.7300000190734863,3.24833345413208,3.6449999809265137,8.170000076293945,8.266667366027832,7.615000247955322,8.405000686645508,8.848333358764648
804,83.19545008831771,46.925180777739406,0.7050001621246338,0.9541645050048828,3.180453181921339,6.686666965484619,7.130000114440918,6.49666690826416,7.224999904632568,7.613333702087402,12.760000228881836,13.191667556762695,12.451665878295898,13.345001220703125,13.929998397827148
805,83.98253854029164,46.85777678553751,0.7141666412353516,0.9508333206176758,2.7380198059622636,4.956666946411133,5.478333473205566,4.8566670417785645,5.5716657638549805,5.931666851043701,10.74333381652832,11.268333435058594,10.575000762939453,11.375001907348633,11.956666946411133
806,84.91359827764438,46.859687925056605,0.6658331453800201,0.7749998569488525,3.716279710364543,0.9150001406669617,1.2733333110809326,0.6150000691413879,1.3033334016799927,1.7599998712539673,6.550000190734863,6.900000095367432,6.134999752044678,6.926667213439941,7.5
807,85.84648414140125,47.01863791029721,0.8458333909511566,1.0274989604949951,18.454552311544685,1.0099999904632568,0.9183333516120911,0.3833332657814026,1.346666693687439,1.8100000619888306,6.651667594909668,6.52666711807251,5.918333530426025,6.9683332443237305,7.616666316986084
808,86.68742491753382,47.04853609489743,0.7533328533172607,0.9475007057189941,6.366205611242633,5.313333988189697,5.550000190734863,4.863333225250244,5.736666679382324,6.184999942779541,10.861666679382324,11.036666870117188,10.283334732055664,11.263333320617676,11.89666748046875
809,87.58574020165334,47.04853609489743,0.8141663074493408,0.8650012016296387,81.41663074493408,6.888333797454834,6.896666526794434,6.288333415985107,7.241666316986084,7.706666469573975,12.763333320617676,12.75,12.070000648498535,13.018331527709961,13.621667861938477
810,88.48405548577286,47.04853609489743,0.8108334541320801,0.8641657829284668,51.2103900015058,6.054999828338623,6.086666584014893,5.465000629425049,6.401666164398193,6.881666660308838,12.16333293914795,12.168333053588867,11.469999313354492,12.40666675567627,13.029998779296875
811,89.38237076989238,47.04853609489743,0.7941664457321167,0.9766664505004883,41.43442403736714,2.7683331966400146,2.806666851043701,2.1783335208892822,3.120000123977661,3.5816664695739746,9.331666946411133,9.261667251586914,8.508333206176758,9.655000686645508,10.273333549499512
812,90.24011320475564,47.028391080479636,0.8608331680297852,0.9208333492279053,21.978773592084078,-2.0450000762939453,-2.123333215713501,-2.7233333587646484,-1.616666555404663,-1.223333477973938,4.4166669845581055,4.325000286102295,3.640000104904175,4.789999961853027,5.2916669845581055
813,90.82158165956677,46.83991145494528,0.8041668049991131,0.868333101272583,18.921589927366412,-0.7033334970474243,-0.7883334159851074,-1.3900001049041748,-0.2566664218902588,0.058333348482847214,5.900000095367432,5.800000190734863,5.0933332443237305,6.300000190734863,6.7183332443237305
845,120.03510788525112,47.0862193370112,0.6791667938232422,0.3233327865600586,9.367819078092783,-2.7783336639404297,-2.633333683013916,-3.2750000953674316,-2.319999933242798,-2.0266668796539307,4.210000038146973,4.293334007263184,3.4449996948242188,4.425000190734863,4.574999809265137
846,120.82340571407563,47.04853609489743,0.6308333873748779,0.37583327293395996,8.70114416174963,-1.6600000858306885,-1.5149999856948853,-2.174999952316284,-1.2416669130325317,-0.9566666483879089,4.928333759307861,4.949999809265137,4.140000343322754,5.204999923706055,5.315000057220459
847,121.72172099819515,47.04853609489743,0.7241665720939636,0.7175002098083496,19.311004229522737,1.8916664123535156,1.9666668176651,1.3333333730697632,2.3933334350585938,2.6533331871032715,8.13166618347168,8.119999885559082,7.49666690826416,8.686666488647461,8.84333324432373
848,122.62003628231469,47.04853609489743,0.6549999713897705,0.3666667938232422,43.66635937375825,4.236666679382324,4.206666469573975,3.6399998664855957,4.50333309173584,4.87666654586792,10.484999656677246,10.361666679382324,9.643333435058594,10.600000381469727,10.789999961853027
849,123.51835156643419,47.04853609489743,0.6441667079925537,0.49666690826416016,64.41667079925537,4.890000343322754,4.875000476837158,4.2916669845581055,5.1583333015441895,5.52666711807251,10.893332481384277,10.80333423614502,10.260000228881836,11.110001564025879,11.345000267028809
850,124.41666685055372,47.04853609489743,0.6049997806549072,0.4608330726623535,60.49997806549072,4.698333740234375,4.684999942779541,4.091666221618652,4.935000419616699,5.296666622161865,10.649999618530273,10.5649995803833,9.986665725708008,10.829999923706055,11.06833267211914
851,125.31498213467323,47.04853609489743,0.5174999237060547,0.5308341979980469,12.673424107247122,4.130000114440918,4.211667060852051,3.3983333110809326,4.375,4.688333511352539,9.713334083557129,9.714999198913574,8.730000495910645,9.981667518615723,10.245000839233398
855,128.90824327115132,47.04853609489743,0.6208334565162659,0.6333329677581787,35.47623134798587,0.6100000143051147,0.6449999809265137,-0.0033332824241369963,0.9133332371711731,1.24833345413208,6.828333377838135,6.768333435058594,5.936666965484619,7.109999656677246,7.431666374206543
856,129.80655855527084,47.04853609489743,0.6216667890548706,0.4224998950958252,41.44416275927839,1.584999918937683,1.6150001287460327,0.9916666746139526,1.8883335590362549,2.2216668128967285,7.688333988189697,7.699999809265137,6.761666774749756,7.803333282470703,8.116666793823242
857,130.70487383939036,47.04853609489743,0.6516661643981934,0.7641668319702148,12.21875223517631,3.7933335304260254,3.9000000953674316,3.315000057220459,4.15166711807251,4.498332977294922,9.296666145324707,9.484999656677246,8.691667556762695,9.800000190734863,10.154999732971191
858,131.60318912350988,47.04853609489743,0.5649999380111694,0.7133331298828125,11.299982595468624,3.924999952316284,4.025000095367432,3.573333263397217,4.148333549499512,4.539999961853027,9.066667556762695,9.203332901000977,8.535000801086426,9.40999984741211,9.848333358764648
859,132.5015044076294,47.04853609489743,0.6399997472763062,0.8175010681152344,9.365858892120142,3.6433334350585938,3.7799999713897705,3.2199997901916504,3.9649996757507324,4.351666450500488,8.693333625793457,8.87833309173584,8.09333324432373,9.154999732971191,9.603334426879883
860,133.39981969174895,47.04853609489743,0.6274999380111694,0.7108335494995117,7.9263046624072615,3.371666669845581,3.5300002098083496,2.8983330726623535,3.756666660308838,4.078333377838135,8.496667861938477,8.651666641235352,7.789999961853027,8.90000057220459,9.285000801086426
876,83.11049774530622,46.42516013734052,0.7166664600372314,0.9141654968261719,2.7044006654124955,7.265000343322754,7.7950005531311035,7.1700005531311035,7.888333320617676,8.24666690826416,13.350000381469727,13.864999771118164,13.1683349609375,13.914999008178711,14.521665573120117
877,83.99247906517525,46.432929570401384,0.7133340835571289,1.0083332061767578,2.658386881237383,6.893333435058594,7.430000305175781,6.815000057220459,7.520000457763672,7.875000953674316,12.613333702087402,13.130000114440918,12.46500015258789,13.283334732055664,13.880000114440918
878,84.89079434929477,46.432929570401384,0.6649994850158691,0.9149990081787109,3.694445106718907,6.051667213439941,6.4116668701171875,5.773333549499512,6.451666355133057,6.896666526794434,11.370000839233398,11.730001449584961,11.004999160766602,11.798334121704102,12.46500015258789
879,85.7891096334143,46.432929570401384,0.731666088104248,0.9858331680297852,5.353650069257635,8.7333345413208,9.006668090820312,8.363332748413086,9.191667556762695,9.601667404174805,13.96833324432373,14.226666450500488,13.510000228881836,14.459999084472656,15.083333015441895
881,87.58574020165334,46.432929570401384,0.8124997615814209,1.1216673851013184,57.35128994799818,7.428333282470703,7.456667423248291,6.836667060852051,7.77666711807251,8.255000114440918,13.100000381469727,13.133334159851074,12.416666030883789,13.565000534057617,14.238334655761719
882,88.48405548577286,46.432929570401384,0.7391672134399414,0.9708328247070312,4.203797162839764,6.295000076293945,6.646666526794434,5.998333930969238,6.791666507720947,7.210000514984131,12.320001602172852,12.571666717529297,11.793333053588867,12.794999122619629,13.416666984558105
883,89.38237076989238,46.432929570401384,0.7974996566772461,1.0216665267944336,63.80094605935759,5.065000057220459,5.089999675750732,4.4666666984558105,5.418333530426025,5.874999523162842,11.55666732788086,11.536666870117188,10.763334274291992,11.925000190734863,12.568333625793457
884,90.2806860540119,46.432929570401384,0.7916669845581055,1.0391664505004883,18.2693560456006,4.081666469573975,3.9950003623962402,3.3983333110809326,4.501666069030762,4.830000400543213,10.65666675567627,10.515000343322754,9.805000305175781,11.170000076293945,11.625
885,90.85298257785247,46.45790096260353,0.7991664409637451,0.860832691192627,17.436352665172,3.2216668128967285,3.130000114440918,2.5366666316986084,3.6566669940948486,3.9749999046325684,9.995000839233398,9.883334159851074,9.1850004196167,10.40000057220459,10.800000190734863
916,119.00873357391136,46.397846166082076,0.7116666855290532,0.5300006866455078,9.282608435005105,-0.1283332109451294,0.025000130757689476,-0.6166666746139526,0.37666669487953186,0.6600001454353333,6.775000095367432,6.865000247955322,6.078333854675293,7.233333587646484,7.350000858306885
917,119.95010177131829,46.41015562645002,0.7083331942558289,0.7749998569488525,10.119046666184152,-0.2866666913032532,-0.14666670560836792,-0.7716668248176575,0.20833329856395721,0.4916664958000183,6.4800004959106445,6.506666660308838,5.62333345413208,7.031667232513428,7.268333435058594
918,120.82340571407563,46.432929570401384,0.6724998354911804,0.5641679763793945,67.24998354911804,1.9516668319702148,1.9433332681655884,1.3716669082641602,2.25166654586792,2.619999885559082,8.399999618530273,8.274999618530273,7.5450005531311035,8.651666641235352,8.901667594909668
920,122.62003628231469,46.43292957040138,0.5499999523162842,0.46416664123535156,15.000013004662172,5.558333396911621,5.631666660308838,4.845000267028809,5.865000247955322,6.144999980926514,11.370000839233398,11.325000762939453,10.55666732788086,11.686666488647461,11.811667442321777
921,123.51835156643419,46.4329295704014,0.623333215713501,0.5149993896484375,62.3333215713501,5.835000038146973,5.825000286102295,5.241666793823242,6.1066670417785645,6.453333377838135,11.666666984558105,11.58666706085205,11.016666412353516,11.864999771118164,12.141666412353516
922,124.41666685055372,46.432929570401384,0.6141660213470459,0.5416650772094727,61.41660213470459,5.65000057220459,5.641666889190674,5.050000190734863,5.918333530426025,6.259999752044678,11.445001602172852,11.375,10.78166675567627,11.671667098999023,11.951665878295898
923,125.31498213467323,46.432929570401384,0.5083327293395996,0.6249995231628418,23.461662044984376,4.970000267028809,5.013333320617676,4.3983330726623535,5.140000343322754,5.499999523162842,10.4833345413208,10.430000305175781,9.684999465942383,10.806666374206543,11.081666946411133
927,128.90824327115132,46.432929570401384,0.4500000476837158,0.7116670608520508,7.5000079472935495,2.4850001335144043,2.6050000190734863,1.8933334350585938,2.6600000858306885,2.995000123977661,8.399999618530273,8.469999313354492,7.6666669845581055,8.809999465942383,9.146666526794434
929,130.70487383939036,46.432929570401384,0.6633332967758179,0.8299994468688965,14.74075398622999,3.8633334636688232,3.9533333778381348,3.3899998664855957,4.2183332443237305,4.571666717529297,9.388334274291992,9.558333396911621,8.77833366394043,9.858333587646484,10.303333282470703
931,132.5015044076294,46.432929570401384,0.6766674518585205,1.0183348655700684,9.666687102564364,4.013333320617676,4.1533331871032715,3.6066670417785645,4.353333473205566,4.760000705718994,9.081666946411133,9.198332786560059,8.501667022705078,9.58666706085205,10.158334732055664
947,82.4897768333536,45.77478480430008,0.6925003528594971,1.0708322525024414,2.816952591361256,7.353333473205566,7.84499979019165,7.288333892822266,8.013334274291992,8.291666984558105,13.628334045410156,14.070001602172852,13.405001640319824,14.333333969116211,14.920000076293945
948,83.09416378105573,45.81028997508631,0.7183331847190857,1.1466667652130127,2.6770176594836785,1.1233333349227905,1.6600000858306885,1.0416666269302368,1.758333444595337,2.109999895095825,7.108333587646484,7.65500020980835,6.933333396911621,7.893333435058594,8.52833366394043
949,83.99247906517525,45.81028997508631,0.5616668462753296,0.9283337593078613,3.149536721064034,2.501666784286499,2.858333110809326,2.253333568572998,3.049999952316284,3.241666793823242,8.280000686645508,8.619999885559082,7.953333377838135,8.90666675567627,9.378334045410156
950,84.89079434929477,45.81028997508631,0.7591662406921387,1.0766677856445312,4.720203858970862,7.493333339691162,7.815000057220459,7.168334007263184,8.00333309173584,8.41333293914795,12.636667251586914,12.966665267944336,12.231666564941406,13.216665267944336,13.878334045410156
951,85.7891096334143,45.81028997508631,0.7466669082641602,1.077500343322754,5.090915593240177,10.488333702087402,10.78166675567627,10.139999389648438,10.966667175292969,11.381667137145996,15.578332901000977,15.823333740234375,15.113332748413086,16.116666793823242,16.77833366394043
952,86.68742491753382,45.81028997508631,0.8041682243347168,1.3433351516723633,9.368978639482236,9.66333293914795,9.834999084472656,9.25666618347168,10.116666793823242,10.55333423614502,15.019999504089355,15.089999198913574,14.420000076293945,15.660000801086426,16.398334503173828
953,87.58574020165334,45.81028997508631,0.7533330917358398,1.2900004386901855,4.565656156980609,7.710000038146973,8.039999961853027,7.418333530426025,8.22166633605957,8.62833309173584,13.361666679382324,13.591667175292969,12.888333320617676,14.103334426879883,14.766667366027832
955,89.38237076989238,45.81028997508631,0.7916672229766846,0.8341655731201172,59.37403665623603,5.438333034515381,5.465000152587891,4.8433332443237305,5.796667098999023,6.24333381652832,11.905000686645508,11.963333129882812,11.251667022705078,12.225000381469727,12.768332481384277
956,90.26959692641908,45.815557637080644,0.7858331203460693,1.0749988555908203,16.54389170251319,4.683333396911621,4.588333606719971,3.9883339405059814,5.101666450500488,5.421666622161865,10.928333282470703,10.788333892822266,10.070000648498535,11.451666831970215,11.933332443237305
985,116.43440554552899,45.769338757864524,0.5641670227050781,0.505833625793457,21.838693898646092,2.2716665267944336,2.323333263397217,1.6266666650772095,2.7033333778381348,2.8616669178009033,9.01500129699707,8.926666259765625,8.013333320617676,9.338334083557129,9.476667404174805
986,117.23014457759756,45.81028997508631,0.6633332371711731,0.5699992179870605,11.705854881241512,1.119999885559082,1.2333334684371948,0.588333249092102,1.5883333683013916,1.8399999141693115,7.9633331298828125,7.936667442321777,7.0883331298828125,8.313333511352539,8.519999504089355
987,118.12845986171706,45.81028997508631,0.6400002837181091,0.48583364486694336,15.360043430431915,1.556666612625122,1.6399997472763062,0.9933333396911621,1.9800001382827759,2.2383334636688232,8.369999885559082,8.395000457763672,7.539999485015869,8.704999923706055,8.86833381652832
988,119.0267751458366,45.81028997508631,0.5708330869674683,0.3516659736633301,17.564079521696073,1.4333335161209106,1.4983335733413696,0.8566667437553406,1.6949999332427979,2.0366666316986084,8.095000267028809,8.331666946411133,7.423333644866943,8.358333587646484,8.5649995803833
989,119.9250904299561,45.81028997508631,0.6966666579246521,0.5083332061767578,9.086972138408445,1.0333335399627686,1.1866666078567505,0.5400000810623169,1.5350000858306885,1.8066667318344116,7.77500057220459,7.888333320617676,7.109999656677246,8.241666793823242,8.34000015258789
991,121.72172099819512,45.810289975086306,0.5600004196166992,0.4458327293395996,14.000023841880648,5.210000038146973,5.289999961853027,4.511666774749756,5.535000324249268,5.810000419616699,11.326666831970215,11.298334121704102,10.36833381652832,11.606666564941406,11.758333206176758
992,122.62003628231469,45.81028997508631,0.6466662883758545,0.5974993705749512,64.66662883758545,6.216667652130127,6.220000267028809,5.641667366027832,6.5199995040893555,6.865000247955322,12.11500072479248,11.989999771118164,11.364999771118164,12.413333892822266,12.649999618530273
993,123.51835156643419,45.81028997508631,0.5983331203460693,0.6783328056335449,59.833312034606934,6.195000648498535,6.191667079925537,5.603333950042725,6.455000400543213,6.7916669845581055,11.750000953674316,11.643333435058594,11.05666732788086,12.126667022705078,12.375
994,124.41666685055372,45.81028997508631,0.5325005054473877,0.5608325004577637,23.666398228306825,5.994999885559082,6.0400004386901855,5.431667327880859,6.191666603088379,6.5500006675720215,11.551666259765625,11.513333320617676,10.825000762939453,11.808334350585938,12.093332290649414
995,125.31498213467323,45.81028997508631,0.6016666889190674,0.7174992561340332,27.769105494239465,5.473333358764648,5.516666889190674,4.921667098999023,5.74833345413208,6.0966668128967285,10.910000801086426,10.848333358764648,10.135000228881836,11.335000038146973,11.59666633605957
996,126.21329741879276,45.81028997508631,0.5083329677581787,0.7166666984558105,20.33304723485824,5.243332862854004,5.293333530426025,4.541666507720947,5.473333835601807,5.776666164398193,10.585000038146973,10.518333435058594,9.67500114440918,11.041666030883789,11.268333435058594
997,127.11161270291227,45.81028997508631,0.39583301544189453,0.5083322525024414,10.555573922663173,4.141666889190674,4.2166666984558105,3.4083335399627686,4.228332996368408,4.574999809265137,9.788333892822266,9.741666793823242,8.815000534057617,10.001666069030762,10.273332595825195
999,128.90824327115132,45.81028997508631,0.6500002145767212,0.7308340072631836,13.928624890476081,3.633333683013916,3.7266666889190674,3.133333444595337,3.995000123977661,4.330000400543213,9.636667251586914,9.648332595825195,8.883333206176758,10.078333854675293,10.373333930969238
1001,130.70487383939036,45.81028997508631,0.9116666316986084,1.2216668128967285,9.596487969904056,3.9616665840148926,4.151666641235352,3.804999828338623,4.433333396911621,4.9683332443237305,9.443333625793457,9.540000915527344,9.066667556762695,10.114999771118164,10.713334083557129
1002,131.60318912350988,45.81028997508631,0.9900000095367432,1.1983327865600586,34.941063119009755,4.353333473205566,4.410000324249268,4.261666774749756,4.811666488647461,5.37166690826416,9.643333435058594,9.726667404174805,9.373333930969238,10.213334083557129,10.883333206176758
1003,132.5015044076294,45.81028997508631,0.9325003623962402,1.3208327293395996,19.631531395874116,4.271666526794434,4.366666793823242,4.1533331871032715,4.720000267028809,5.251667022705078,9.241666793823242,9.273333549499512,8.886667251586914,9.8583345413208,10.578332901000977
1018,81.34731204983994,45.053165163352595,0.728333368897438,1.020000696182251,4.505154172613304,-1.0299999713897705,-0.7066665887832642,-1.3149998188018799,-0.5116667747497559,-0.13999991118907928,5.4083333015441895,5.728333473205566,5.036666393280029,5.960000038146973,6.588334083557129
1019,82.21419247651669,45.095296652992374,0.7074997425079346,1.068333625793457,2.9377187224972703,5.7950005531311035,6.276666641235352,5.728333473205566,6.451666831970215,6.743333339691162,12.031667709350586,12.561666488647461,11.926666259765625,12.795000076293945,13.36500072479248
1021,83.99247906517525,45.18061132785785,0.7375001907348633,1.117499828338623,2.6261098121915065,6.191666603088379,6.753334045410156,6.1533331871032715,6.868333339691162,7.210000514984131,11.826665878295898,12.404999732971191,11.711668014526367,12.588334083557129,13.233332633972168
1022,84.89079434929477,45.18061132785785,0.7566661834716797,1.147498607635498,4.450975552289378,10.345000267028809,10.6850004196167,10.05333423614502,10.873333930969238,11.271666526794434,15.356668472290039,15.688334465026855,14.97166633605957,15.981668472290039,16.670000076293945
1023,85.7891096334143,45.18061132785785,0.741666316986084,1.3424997329711914,3.8034136619838854,10.739999771118164,11.130000114440918,10.39333438873291,11.206666946411133,11.676666259765625,15.820001602172852,16.13833236694336,15.313333511352539,16.55666732788086,17.321666717529297
1025,87.58574020165334,45.18061132785785,0.8358321189880371,1.2774991989135742,9.552356662906469,8.583333969116211,8.758334159851074,8.171666145324707,9.045000076293945,9.50666618347168,14.110000610351562,14.208333969116211,13.539999008178711,14.753334045410156,15.436666488647461
1027,89.38237076989238,45.18061132785785,0.7741656303405762,0.9275002479553223,4.165910997867705,5.134999752044678,5.506666660308838,4.90333366394043,5.711666584014893,6.094998836517334,11.394999504089355,11.673332214355469,11.003332138061523,11.901666641235352,12.461666107177734
1028,90.280079781943,45.18018877226891,0.8274996280670166,1.0574989318847656,11.413789474722694,5.1666669845581055,5.311666965484619,4.723333358764648,5.631666660308838,6.066666603088379,11.271666526794434,11.323332786560059,10.616666793823242,11.74666690826416,12.354998588562012
1029,91.11924389018857,45.03682262394007,0.7916667461395264,0.8249998092651367,13.970602961161577,3.8466668128967285,3.7333335876464844,3.1516666412353516,4.275000095367432,4.581666946411133,10.485000610351562,10.345001220703125,9.693333625793457,10.875,11.24000072479248
1055,114.61875009255158,45.096011210306386,0.5333335306495428,0.5091671943664551,16.00002564865533,-0.021666627377271652,0.04499995708465576,-0.6816667318344116,0.38333314657211304,0.5450001955032349,6.386666774749756,6.5283331871032715,5.606666564941406,6.796666622161865,6.966667175292969
1057,116.33182929347802,45.18061132785785,0.5466668605804443,0.3924999237060547,15.619014856847024,2.738333225250244,2.808333396911621,2.1033334732055664,3.1649999618530273,3.320000171661377,9.348333358764648,9.576667785644531,8.606666564941406,9.77166748046875,9.855000495910645
1058,117.23014457759756,45.18061132785785,0.5816665887832642,0.5108327865600586,18.368436110661463,2.3566668033599854,2.4200000762939453,1.721666693687439,2.798333168029785,2.9700000286102295,9.186666488647461,9.125,8.219999313354492,9.498332977294922,9.666666030883789
1061,119.9250904299561,45.18061132785785,0.5300000309944153,0.42333173751831055,10.600048637610463,1.7616668939590454,1.8616664409637451,1.1466665267944336,2.0866668224334717,2.3416666984558105,8.331666946411133,8.3583345413208,7.400000095367432,8.614999771118164,8.768332481384277
1063,121.72172099819515,45.18061132785785,0.5099995136260986,0.49416494369506836,6.12,6.64666748046875,6.813333988189697,6.013333320617676,6.988333702087402,7.240000247955322,12.750000953674316,12.871665954589844,11.791666030883789,13.135000228881836,13.304998397827148
1064,122.62003628231469,45.18061132785785,0.5825004577636719,0.497499942779541,13.706040750381474,6.8033342361450195,6.888333320617676,6.100000381469727,7.150000095367432,7.4283342361450195,12.668333053588867,12.623333930969238,11.780000686645508,13.019999504089355,13.143333435058594
1065,123.51835156643419,45.18061132785785,0.5924999713897705,0.6091666221618652,15.127650249274092,6.53000020980835,6.608333587646484,5.818333625793457,6.861666679382324,7.1616668701171875,12.151666641235352,12.136666297912598,11.30333423614502,12.524999618530273,12.75333309173584
1066,124.4166668505537,45.18061132785784,0.5641670227050781,0.5699996948242188,6.2109904877895135,6.538332939147949,6.720000267028809,5.863333225250244,6.898333549499512,7.193333625793457,12.081666946411133,12.171667098999023,11.243332862854004,12.483333587646484,12.696666717529297
1068,126.21329741879276,45.18061132785785,0.5049998760223389,0.6250004768371582,20.200110626853714,5.428333759307861,5.478333473205566,4.741666793823242,5.678333759307861,5.958333492279053,10.90999984741211,10.84333324432373,9.991665840148926,11.298334121704102,11.501667022705078
1069,127.11161270291227,45.18061132785785,0.36333370208740234,0.4916672706604004,24.222462409002766,4.256666660308838,4.286666393280029,3.488333225250244,4.345000267028809,4.635000228881836,10.016666412353516,9.916666984558105,8.985000610351562,10.238332748413086,10.458333969116211
1070,128.0099279870318,45.18061132785785,0.5041663646697998,0.7274994850158691,14.75612853703639,3.7766666412353516,3.8449997901916504,3.1200003623962402,3.996666669845581,4.314999580383301,9.890000343322754,9.831666946411133,8.956666946411133,10.25333309173584,10.588333129882812
1073,130.69971981771184,45.184596299341166,1.0400006771087646,1.33250093460083,15.600080824264445,3.9116668701171875,4.044999599456787,3.816667079925537,4.4816670417785645,5.018333911895752,9.430000305175781,9.484999656677246,9.136667251586914,10.171667098999023,10.790000915527344
1075,132.53934003056156,45.30072740850681,0.9491665363311768,1.0058345794677734,15.602767751114037,4.805000305175781,4.926666736602783,4.7216668128967285,5.28000020980835,5.815000057220459,9.665000915527344,9.753332138061523,9.394999504089355,10.166666030883789,10.715001106262207
1076,133.01573445121124,45.29575085566888,0.9708330631256104,1.0300002098083496,14.03619034487513,4.490000247955322,4.62833309173584,4.434999942779541,4.978333473205566,5.529999732971191,9.273333549499512,9.380001068115234,9.033333778381348,9.825000762939453,10.356667518615723
1089,80.57044385834435,44.58246346072545,0.7358334064483643,1.1766667366027832,4.671957287508534,-2.2750000953674316,-1.9600000381469727,-2.558333396911621,-1.75,-1.381666660308838,4.071666717529297,4.388333320617676,3.754999876022339,4.821667194366455,5.4066667556762695
1090,81.29753321281669,44.54389096157551,0.7258334159851074,1.046666145324707,4.421313280063204,2.1349997520446777,2.4633336067199707,1.8583333492279053,2.6649999618530273,3.0250000953674316,8.661666870117188,8.978334426879883,8.296667098999023,9.233332633972168,9.866666793823242
1091,82.19584849693621,44.54389096157551,0.7133350372314453,1.1566662788391113,2.9722321563391585,8.954999923706055,9.434999465942383,8.89666748046875,9.608333587646484,9.908334732055664,15.14666748046875,15.630000114440918,15.013333320617676,15.911666870117188,16.545000076293945
1092,83.09416378105573,44.54389096157551,0.7791662216186523,1.3025016784667969,2.931037575427091,9.65333366394043,10.184999465942383,9.578333854675293,10.328333854675293,10.698332786560059,15.3583345413208,15.906664848327637,15.191665649414062,16.233333587646484,16.935001373291016
1093,83.99247906517525,44.54389096157551,0.7516670227050781,1.2658319473266602,2.766873900787396,9.90999984741211,10.453332901000977,9.864999771118164,10.583333969116211,10.933333396911621,15.411666870117188,15.966669082641602,15.276666641235352,16.280000686645508,16.954999923706055
1094,84.89079434929477,44.54389096157551,0.7708330154418945,1.129164695739746,3.291820917891513,10.510001182556152,10.978333473205566,10.350000381469727,11.065000534057617,11.515000343322754,15.686666488647461,16.185001373291016,15.438333511352539,16.28499984741211,17.064998626708984
1095,85.7891096334143,44.54389096157551,0.7366666793823242,1.3241662979125977,4.376244971956263,10.89333438873291,11.230000495910645,10.594999313354492,11.40000057220459,11.798334121704102,16.108333587646484,16.343332290649414,15.614999771118164,16.82000160217285,17.549999237060547
1096,86.68742491753382,44.54389096157551,0.7508344650268555,1.2408332824707031,4.482580549656394,10.449999809265137,10.785000801086426,10.166666030883789,10.975000381469727,11.368334770202637,15.675000190734863,15.91333293914795,15.208333969116211,16.38166618347168,17.03499984741211
1097,87.58574020165334,44.54389096157551,0.7658329010009766,1.2233338356018066,4.235009334556846,9.241666793823242,9.603334426879883,8.986666679382324,9.800000190734863,10.188333511352539,14.710000991821289,14.9833345413208,14.280000686645508,15.455001831054688,16.07000160217285
1098,88.48405548577286,44.54389096157551,0.7724995613098145,1.201667308807373,4.311610923481867,8.273332595825195,8.631667137145996,8.03166675567627,8.84666633605957,9.22499942779541,14.013333320617676,14.293333053588867,13.614999771118164,14.728334426879883,15.355000495910645
1100,90.2806860540119,44.54389096157551,0.8324999809265137,1.0708327293395996,10.741821560194671,8.091666221618652,8.246667861938477,7.6616668701171875,8.565000534057617,9.001667022705078,14.496667861938477,14.574999809265137,13.871667861938477,14.9833345413208,15.606666564941406
1101,91.17900133813141,44.54389096157551,0.7741663455963135,1.0441670417785645,4.402838512323407,7.158333778381348,7.510000705718994,6.941666603088379,7.778334140777588,8.108333587646484,13.686666488647461,13.96166706085205,13.278332710266113,14.363332748413086,14.86833381652832
1103,92.97563190637047,44.54389096157551,0.8633337020874023,1.3933320045471191,24.666784741144415,8.635000228881836,8.704999923706055,8.141667366027832,9.184999465942383,9.533333778381348,15.090001106262207,15.046667098999023,14.464999198913574,15.908334732055664,16.461666107177734
1126,113.65301107345489,44.51662216025089,0.5050000548362732,0.4441671371459961,1.6203210274285276,1.649999976158142,2.2733333110809326,1.4000002145767212,2.441666841506958,2.4666666984558105,8.146666526794434,8.851666450500488,7.836667060852051,8.931666374206543,8.943333625793457
1127,114.53519872523898,44.54389096157551,0.6116666793823242,0.5916669368743896,1.9417993642926856,0.9466667175292969,1.5766665935516357,0.9583333730697632,1.8283332586288452,1.8733333349227905,7.510000705718994,8.219999313354492,7.408333778381348,8.390000343322754,8.456666946411133
1128,115.43351400935852,44.54389096157551,0.5174994468688965,0.5774993896484375,12.176383801098401,1.871666669845581,1.956667184829712,1.2400001287460327,2.2800002098083496,2.431666374206543,8.480000495910645,8.648333549499512,7.723333835601807,8.913334846496582,9.141666412353516
1129,116.33182929347802,44.54389096157551,0.568333625793457,0.3708333969116211,15.5000227581588,3.0216667652130127,3.0950000286102295,2.384999990463257,3.4566664695739746,3.626667022705078,9.811667442321777,9.859999656677246,8.901666641235352,10.111666679382324,10.206666946411133
1130,117.23014457759756,44.54389096157551,0.5741661787033081,0.5450000762939453,16.023177519103903,2.178333282470703,2.250000238418579,1.5499999523162842,2.6116669178009033,2.788332939147949,8.703333854675293,8.853333473205566,7.9166669845581055,9.181666374206543,9.323333740234375
1131,118.12845986171706,44.54389096157551,0.5941666960716248,0.4591660499572754,6.541282380895198,1.721666693687439,1.9033334255218506,1.2483335733413696,2.243333339691162,2.4066667556762695,8.353333473205566,8.501667022705078,7.609999656677246,8.760000228881836,8.886666297912598
1133,119.9250904299561,44.54389096157551,0.5808336734771729,0.4874997138977051,11.426314086178351,3.938333511352539,4.039999485015869,3.4200000762939453,4.263333320617676,4.570000171661377,10.533333778381348,10.565000534057617,9.693334579467773,10.808333396911621,11.036666870117188
1134,120.82340571407563,44.54389096157551,0.5608336925506592,0.3491673469543457,5.955765476766178,6.358333587646484,6.546666622161865,5.7649993896484375,6.7816667556762695,7.013333797454834,12.59333324432373,12.741666793823242,11.71500015258789,12.875,13.016667366027832
1137,123.51835156643419,44.54389096157551,0.5966660976409912,0.7424993515014648,6.392840812427037,6.948333740234375,7.135000705718994,6.304999828338623,7.335000038146973,7.638333320617676,12.543334007263184,12.645001411437988,11.684999465942383,13.101667404174805,13.33666706085205
1138,124.41666685055372,44.54389096157551,0.5783333778381348,0.7516674995422363,6.425915525791548,6.724999904632568,6.90500020980835,6.070000171661377,7.098333835601807,7.393333435058594,12.244999885559082,12.344999313354492,11.353334426879883,12.783332824707031,13.046667098999023
1139,125.31498213467323,44.54389096157551,0.6100003719329834,0.7375001907348633,61.00003719329834,6.083333492279053,6.103333473205566,5.470000267028809,6.3466668128967285,6.703333854675293,11.558332443237305,11.500001907348633,10.723333358764648,11.975000381469727,12.266667366027832
1140,126.21329741879276,44.54389096157551,0.5833337306976318,0.6916670799255371,19.44447623361864,5.635000228881836,5.695000171661377,4.945000171661377,5.958333492279053,6.248333930969238,11.335000038146973,11.315000534057617,10.413333892822266,11.780000686645508,12.016667366027832
1142,128.0099279870318,44.54389096157551,0.5250002145767212,0.8158326148986816,18.52928108920014,2.754999876022339,2.811666965484619,2.1050000190734863,2.991666555404663,3.3083336353302,8.796667098999023,8.721667289733887,7.9033331871032715,9.234999656677246,9.574999809265137
1143,128.90824327115132,44.54389096157551,0.5691665410995483,0.8991670608520508,27.31994186412456,2.6533334255218506,2.695000171661377,2.058333396911621,2.871666669845581,3.243333339691162,8.638334274291992,8.610000610351562,7.861666679382324,9.09000015258789,9.523334503173828
1144,129.80655855527084,44.54389096157551,0.9391663074493408,1.2800006866455078,10.339435092904408,4.005000114440918,4.186666965484619,3.7950000762939453,4.533333778381348,5.034999847412109,9.780000686645508,9.899999618530273,9.376665115356445,10.543333053588867,11.120000839233398
1145,130.67266316622576,44.52925365650356,1.0308330059051514,1.3591670989990234,31.717910721490664,3.0900001525878906,3.1550002098083496,2.9583334922790527,3.620000123977661,4.1533331871032715,8.660000801086426,8.644999504089355,8.32833480834961,9.385000228881836,10.011667251586914
1161,80.67543360366552,43.94148370985015,0.730832576751709,1.1383352279663086,5.128669568970998,10.446667671203613,10.731666564941406,10.15333366394043,10.973333358764648,11.319999694824219,17.094999313354492,17.404998779296875,16.7983341217041,17.81166648864746,18.388334274291992
1162,81.29753321281669,43.90012963839316,0.7191667556762695,1.1583337783813477,4.76796282245827,9.458333969116211,9.760000228881836,9.17833423614502,9.984999656677246,10.328333854675293,16.116666793823242,16.433334350585938,15.800000190734863,16.83333396911621,17.433334350585938
1163,82.19584849693621,43.90012963839316,0.7241668701171875,1.0733327865600586,4.079807653561499,6.974999904632568,7.330000400543213,6.7216668128967285,7.521666526794434,7.876667022705078,13.366666793823242,13.719999313354492,13.0166654586792,13.90666675567627,14.616665840148926
1164,83.09416378105573,43.90012963839316,0.7716667056083679,1.1133332252502441,2.9490468754804917,1.8333336114883423,2.3566665649414062,1.7650001049041748,2.5149998664855957,2.866666793823242,8.024999618530273,8.695000648498535,8.001667022705078,8.795000076293945,9.473333358764648
1165,83.99247906517525,43.90012963839316,0.7483336925506592,1.2191665172576904,2.737806415146675,-2.758333444595337,-2.2116668224334717,-2.7899999618530273,-2.073333263397217,-1.7366664409637451,3.6016669273376465,4.183333396911621,3.4816670417785645,4.40500020980835,5.111666679382324
1166,84.89079434929477,43.90012963839316,0.7841663360595703,1.1425002217292786,3.2787433035135742,-5.8466668128967285,-5.368333339691162,-5.986667156219482,-5.275000095367432,-4.823333740234375,0.5416666269302368,1.0299999713897705,0.28833335638046265,1.126666784286499,1.9283335208892822
1167,85.7891096334143,43.90012963839316,0.7283333465456963,1.1608331203460693,3.1214299104809182,-0.2916666269302368,0.17499984800815582,-0.41833335161209106,0.29500001668930054,0.6699999570846558,5.910000324249268,6.2816667556762695,5.613333702087402,6.603333473205566,7.256666660308838
1168,86.68742491753382,43.90012963839316,0.7550003528594971,1.3616666793823242,4.355769429157387,5.900000095367432,6.24666690826416,5.640000343322754,6.451666355133057,6.828333854675293,11.561666488647461,11.815000534057617,11.126667022705078,12.358332633972168,13.050000190734863
1169,87.58574020165334,43.90012963839316,0.6499996185302734,1.141667366027832,4.482756579531515,7.363333225250244,7.6533331871032715,7.056666374206543,7.65500020980835,8.158332824707031,12.804998397827148,13.024999618530273,12.336666107177734,13.245000839233398,14.056666374206543
1170,88.48405548577286,43.90012963839316,0.7825001180171967,1.239999771118164,4.100435446871437,0.261666476726532,0.6433333158493042,0.06833330541849136,0.8850000500679016,1.2350000143051147,6.306666851043701,6.613333225250244,5.951666831970215,7.038333892822266,7.699999809265137
1171,89.38237076989238,43.90012963839316,0.8416670560836792,1.2058334350585938,9.181831186480354,3.513333559036255,3.696666717529297,3.1050000190734863,3.9883334636688232,4.446667194366455,10.043333053588867,10.168333053588867,9.46833324432373,10.59333324432373,11.311666488647461
1172,90.2806860540119,43.90012963839316,0.8141672611236572,1.224165916442871,10.072189335150233,4.804999828338623,4.966666221618652,4.378333568572998,5.2783331871032715,5.700000286102295,11.218334197998047,11.399999618530273,10.716666221618652,11.876666069030762,12.533332824707031
1173,91.17900133813141,43.90012963839316,0.7683336734771729,1.2266654968261719,4.432704594565969,5.688333511352539,6.034999370574951,5.463333606719971,6.323333263397217,6.630000114440918,12.15000057220459,12.446667671203613,11.768333435058594,12.99333381652832,13.524999618530273
1175,92.97563190637047,43.90012963839316,0.7816658020019531,1.2158331871032715,4.936837635409232,4.5416669845581055,4.858333587646484,4.320000171661377,5.105000019073486,5.481666088104248,11.03499984741211,11.390000343322754,10.816666603088379,11.885000228881836,12.428333282470703
1196,111.9969999272614,43.9350891746222,0.47333335876464844,0.4983344078063965,1.5351349010704862,5.236666679382324,5.853333473205566,4.950000286102295,6.02666711807251,6.018333435058594,12.178333282470703,12.855000495910645,11.916666030883789,13.026666641235352,13.01500129699707
1197,112.73856815699993,43.90012963839316,0.5199999809265137,0.5441665649414062,1.7142859388558422,4.965000152587891,5.571666717529297,4.730000019073486,5.733333587646484,5.788333415985107,11.655000686645508,12.34666633605957,11.380000114440918,12.473333358764648,12.545000076293945
1198,113.63688344111945,43.90012963839316,0.5133336782455444,0.5016665458679199,1.9012334613874973,3.6533329486846924,4.193333625793457,3.573333263397217,4.436666011810303,4.436666965484619,10.213333129882812,10.846667289733887,10.066667556762695,11.05000114440918,11.03166675567627
1199,114.53519872523898,43.90012963839316,0.5100001096725464,0.6474990844726562,1.6906070383491434,2.9783332347869873,3.581666946411133,2.745000123977661,3.771667003631592,3.7900002002716064,9.543334007263184,10.188334465026855,9.176667213439941,10.441666603088379,10.513333320617676
1200,115.43351400935852,43.90012963839316,0.501666784286499,0.480832576751709,1.7005663050514863,3.0216667652130127,3.611666440963745,2.7866668701171875,3.81499981880188,3.818333387374878,9.670000076293945,10.338334083557129,9.335000991821289,10.468332290649414,10.484999656677246
1201,116.33182929347802,43.90012963839316,0.7708332538604736,0.7483320236206055,8.043480099712902,2.509999990463257,2.7016665935516357,2.080000162124634,3.1150002479553223,3.37666654586792,9.088334083557129,9.345000267028809,8.49666690826416,9.703333854675293,9.964999198913574
1202,117.23014457759756,43.90012963839316,0.8091667294502258,0.7558333873748779,9.613844067460528,1.1383332014083862,1.3066668510437012,0.7116667032241821,1.7666666507720947,2.0316667556762695,7.548333644866943,7.74666690826416,6.9716668128967285,8.076666831970215,8.40333366394043
1203,118.12845986171706,43.90012963839316,0.8175005912780762,0.7991666793823242,9.712894453572035,4.630000114440918,4.798333168029785,4.223333835601807,5.274999618530273,5.531667232513428,11.065000534057617,11.183334350585938,10.375,11.676667213439941,11.923334121704102
1204,119.0267751458366,43.90012963839316,0.5641663074493408,0.3791661262512207,5.78631600826517,5.663333415985107,5.858333587646484,5.056666851043701,6.133333206176758,6.324999809265137,12.533333778381348,12.635000228881836,11.551666259765625,12.833333969116211,12.963333129882812
1205,119.9250904299561,43.90012963839316,0.5850009918212891,0.3900003433227539,17.550297550926985,6.8650007247924805,6.931666374206543,6.215000152587891,7.238333225250244,7.483334541320801,13.579999923706055,13.600000381469727,12.638333320617676,13.8149995803833,13.980000495910645
1206,120.82340571407563,43.90012963839316,0.6024994850158691,0.6208338737487793,11.476334934922207,8.020001411437988,8.125,7.326666355133057,8.436666488647461,8.675000190734863,14.280000686645508,14.398333549499512,13.355000495910645,14.790000915527344,14.960000991821289
1207,121.72172099819515,43.90012963839316,0.7433338165283203,0.6974997520446777,27.875044703526214,7.875,7.928333282470703,7.363333702087402,8.396666526794434,8.645000457763672,13.883334159851074,13.795000076293945,12.965001106262207,14.35999870300293,14.536666870117188
1208,122.62003628231469,43.90012963839316,0.5316665172576904,0.7758326530456543,4.253340250664236,7.743333339691162,7.993332862854004,7.173333644866943,8.135000228881836,8.399999618530273,13.541668891906738,13.683332443237305,12.761667251586914,14.164999008178711,14.388333320617676
1209,123.51835156643419,43.90012963839316,0.6033337116241455,0.8016653060913086,60.33337116241455,7.3433332443237305,7.3299994468688965,6.683333396911621,7.631666660308838,7.940000057220459,12.908334732055664,12.815000534057617,12.035000801086426,13.396665573120117,13.66333293914795
1210,124.41666685055372,43.90012963839316,0.5058331489562988,0.6508321762084961,24.28091739339422,7.26666784286499,7.308332920074463,6.653334140777588,7.441666603088379,7.793333530426025,12.766667366027832,12.721667289733887,11.9350004196167,13.036666870117188,13.394999504089355
1211,125.31498213467323,43.90012963839316,0.6424994468688965,0.8358340263366699,64.24994468688965,6.5316667556762695,6.550000190734863,5.849999904632568,6.90500020980835,7.183332920074463,11.989999771118164,11.931666374206543,11.098333358764648,12.583333969116211,12.796667098999023
1212,126.21329741879276,43.90012963839316,0.5574989318847656,0.6758337020874023,8.25922943245878,5.858333587646484,5.99333381652832,5.188333511352539,6.175000190734863,6.483332633972168,11.703333854675293,11.755000114440918,10.82499885559082,12.166666984558105,12.405000686645508
1213,127.11161270291227,43.90012963839316,0.6816668510437012,0.7766666412353516,27.26657002803792,4.326666355133057,4.37666654586792,3.7183334827423096,4.691666603088379,5.0333333015441895,10.433332443237305,10.420000076293945,9.626666069030762,10.945001602172852,11.203332901000977
1214,128.0099279870318,43.90012963839316,0.5800001621246338,0.8733344078063965,38.66640705714059,3.934999942779541,3.9650001525878906,3.2833335399627686,4.205000400543213,4.53000020980835,9.986666679382324,10.00666618347168,9.183332443237305,10.46166706085205,10.870000839233398
1215,128.90824327115132,43.90012963839316,0.5741667747497559,0.8008341789245605,32.809673024523164,3.7150001525878906,3.75,3.075000047683716,3.9783332347869873,4.306666851043701,9.726667404174805,9.738333702087402,8.943334579467773,10.263334274291992,10.533334732055664
1216,129.80655855527084,43.90012963839316,0.9258328676223755,1.2649998664855957,11.946232755027172,3.4800002574920654,3.635000228881836,3.1666665077209473,3.984999895095825,4.483333110809326,9.21166706085205,9.341667175292969,8.741666793823242,9.928333282470703,10.541666984558105
1234,81.29753321281669,43.24933166475007,0.7275002002716064,1.1399998664855957,4.823204629481808,2.558333396911621,2.8600001335144043,2.2866668701171875,3.081666946411133,3.436666965484619,9.081666946411133,9.398333549499512,8.776666641235352,9.72166633605957,10.380000114440918
1235,82.19584849693621,43.24933166475007,0.7233331203460693,1.0566668510437012,4.3399966526047455,5.913333415985107,6.24666690826416,5.65500020980835,6.456666469573975,6.803333282470703,12.333333969116211,12.773333549499512,12.116666793823242,12.965001106262207,13.610000610351562
1236,83.09416378105573,43.24933166475007,0.7600001692771912,1.0833330154418945,2.98039217977879,1.9616667032241821,2.4716668128967285,1.880000352859497,2.62333345413208,2.9766669273376465,8.308333396911621,8.96166706085205,8.27833366394043,9.038333892822266,9.71833324432373
1237,83.99247906517525,43.24933166475007,0.7816668059676886,1.0791678428649902,3.3500013582677606,0.04666664078831673,0.5133332014083862,-0.09333349764347076,0.616666853427887,1.06166672706604,6.431666374206543,7.053333282470703,6.3566670417785645,7.03000020980835,7.821667671203613
1238,84.89079434929477,43.24933166475007,0.7933332920074463,1.1425000429153442,3.282756722413834,-4.288333415985107,-3.804999828338623,-4.4166669845581055,-3.7033329010009766,-3.253333330154419,2.1449999809265137,2.629999876022339,1.9299999475479126,2.6616666316986084,3.5299999713897705
1239,85.7891096334143,43.24933166475007,0.7183337211608887,1.1624997854232788,3.0567375023080934,-4.615000247955322,-4.144999980926514,-4.7183332443237305,-4.0283331871032715,-3.6616663932800293,2.0,2.375000238418579,1.698333501815796,2.6833336353302,3.3499999046325684
1240,86.68742491753382,43.24933166475007,0.8441665172576904,1.2441661357879639,4.068272746283542,-1.7066665887832642,-1.2916666269302368,-1.7616668939590454,-0.9850000143051147,-0.6550000905990601,4.783333778381348,5.108333110809326,4.571666717529297,5.5966668128967285,6.189999580383301
1241,87.58574020165334,43.24933166475007,0.8958334922790527,1.4425010681152344,4.182880616288908,4.098333358764648,4.526666641235352,4.071666717529297,4.868333339691162,5.208333492279053,10.151666641235352,10.489999771118164,9.956666946411133,11.073333740234375,11.763334274291992
1242,88.48405548577286,43.24933166475007,0.7899999618530273,1.2491660118103027,3.983204066029707,7.7300004959106445,8.126666069030762,7.555000305175781,8.37833309173584,8.71833324432373,13.721667289733887,14.043333053588867,13.388334274291992,14.429998397827148,15.13166618347168
1243,89.38237076989238,43.24933166475007,0.822500467300415,1.4350008964538574,9.055041826013234,5.369999885559082,5.551666736602783,4.9666666984558105,5.840000152587891,6.283333778381348,11.713333129882812,11.856667518615723,11.211666107177734,12.498332977294922,13.220001220703125
1244,90.2806860540119,43.24933166475007,0.8033328056335449,1.0799994468688965,3.8253936176493295,5.005000114440918,5.425000190734863,4.873333930969238,5.683333396911621,6.0183329582214355,11.648333549499512,11.991666793823242,11.291666030883789,12.298333168029785,12.899999618530273
1246,92.07731662225093,43.24933166475007,0.7533330917358398,1.1991682052612305,4.388337055431486,8.02833366394043,8.371667861938477,7.809999942779541,8.633333206176758,8.953333854675293,14.655000686645508,14.963333129882812,14.296667098999023,15.456666946411133,16.00833511352539
1247,92.97563190637047,43.24933166475007,0.7649998664855957,0.9349985122680664,6.557134566024163,6.664999961853027,6.898333549499512,6.2183332443237305,7.3550004959106445,7.546666622161865,13.520001411437988,13.800000190734863,12.998333930969238,14.188333511352539,14.594999313354492
1248,93.87394719048999,43.24933166475007,0.6241669654846191,0.7941656112670898,4.832253836995745,3.504999876022339,3.763333559036255,3.5983338356018066,3.988333225250244,4.258333683013916,10.125000953674316,10.430001258850098,10.176667213439941,10.626666069030762,11.071666717529297
1249,94.7722624746095,43.24933166475007,0.8991668224334717,1.0133323669433594,5.3681518816534695,3.803332805633545,4.138333320617676,3.7099997997283936,4.603333473205566,4.869999885559082,10.204999923706055,10.601667404174805,10.13166618347168,10.99333381652832,11.416666030883789
1268,111.85198069558065,43.23987055820486,0.490833044052124,0.5924983024597168,1.6315772788909697,5.768333435058594,6.37000036239624,5.4716668128967285,6.556666374206543,6.559999942779541,12.52500057220459,13.230001449584961,12.261667251586914,13.4350004196167,13.469999313354492
1269,112.73856815699993,43.24933166475007,0.5016660690307617,0.5749993324279785,1.6358691764910764,5.268333911895752,5.881666660308838,4.99666690826416,6.050000190734863,6.076666355133057,11.859999656677246,12.530000686645508,11.658333778381348,12.751665115356445,12.769999504089355
1270,113.63688344111945,43.24933166475007,0.5341665744781494,0.606666088104248,2.953920331615399,4.810000419616699,5.171666622161865,4.788332939147949,5.450000286102295,5.525000095367432,11.281667709350586,11.728333473205566,11.258333206176758,12.013333320617676,12.111666679382324
1271,114.53519872523898,43.24933166475007,0.6449999809265137,0.6058335304260254,3.685710159617659,3.8366665840148926,4.186666965484619,3.4749999046325684,4.5283331871032715,4.6566667556762695,10.414999961853027,10.879999160766602,9.914999961853027,11.104999542236328,11.25333309173584
1272,115.43351400935852,43.24933166475007,0.6633332967758179,0.6425004005432129,3.8640811420214534,3.2366669178009033,3.5799999237060547,2.888333559036255,3.938333034515381,4.071666717529297,9.809999465942383,10.238333702087402,9.333333969116211,10.510000228881836,10.666666984558105
1273,116.33182929347802,43.24933166475007,0.7708334922790527,0.7724981307983398,7.52032955274984,1.8450000286102295,2.049999952316284,1.4466664791107178,2.450000047683716,2.7183334827423096,8.341667175292969,8.620000839233398,7.800000190734863,8.97166633605957,9.253332138061523
1274,117.23014457759756,43.24933166475007,0.7974996566772461,0.37000083923339844,8.469014897560283,2.0966668128967285,2.2850003242492676,1.7083333730697632,2.7233333587646484,2.988333225250244,8.835000038146973,9.074999809265137,8.274999618530273,9.165000915527344,9.325000762939453
1275,118.12845986171706,43.24933166475007,0.8183333873748779,0.567500114440918,9.442291345146035,5.026666641235352,5.200000286102295,4.6566667556762695,5.660000324249268,5.931666851043701,11.693333625793457,11.855000495910645,11.11833381652832,12.100000381469727,12.341667175292969
1276,119.0267751458366,43.24933166475007,0.8166666030883789,0.5241670608520508,37.69254808750385,6.851666450500488,6.808333396911621,6.2916669845581055,7.390000343322754,7.646666526794434,13.773333549499512,13.6850004196167,12.969999313354492,14.123333930969238,14.253334045410156
1277,119.9250904299561,43.24933166475007,0.8608331680297852,0.6824979782104492,68.86507724585161,7.3516669273376465,7.326666355133057,6.796666622161865,7.926667213439941,8.199999809265137,13.92500114440918,13.853334426879883,13.081666946411133,14.363332748413086,14.57166576385498
1279,121.72172099819515,43.24933166475007,0.7299995422363281,0.8233332633972168,72.99995422363281,8.030000686645508,8.046667098999023,7.523333549499512,8.541666984558105,8.768333435058594,14.016667366027832,14.036666870117188,13.239999771118164,14.683334350585938,14.850000381469727
1280,122.62003628231469,43.24933166475007,0.7474997043609619,0.7566661834716797,74.74997043609619,7.619999885559082,7.635000705718994,7.086666107177734,8.130000114440918,8.375,13.646665573120117,13.566667556762695,12.751666069030762,14.155000686645508,14.363332748413086
1281,123.51835156643413,43.24933166475005,0.5074999332427979,0.5541667938232422,15.615597925362952,7.960000514984131,8.024999618530273,7.3600006103515625,8.148333549499512,8.5,13.670000076293945,13.691667556762695,12.753334045410156,13.89666748046875,14.235000610351562
1282,124.41666685055367,43.249331664750066,0.6808335781097412,0.8358335494995117,13.84739187570616,7.6166672706604,7.518333435058594,6.876667022705078,7.966666221618652,8.248333930969238,13.13166618347168,12.933334350585938,12.220000267028809,13.605000495910645,13.86833381652832
1283,125.31498213467323,43.24933166475007,0.6066672801971436,0.8358340263366699,30.33375454491268,6.304999828338623,6.265000343322754,5.631667137145996,6.558332920074463,6.891667366027832,12.018333435058594,11.89333438873291,11.135000228881836,12.513334274291992,12.791667938232422
1284,126.21329741879276,43.24933166475007,0.5349998474121094,0.5233345031738281,9.441222504586076,5.27666711807251,5.389999866485596,4.683332920074463,5.566666603088379,5.868333339691162,11.293333053588867,11.319999694824219,10.445000648498535,11.626667022705078,11.830000877380371
1286,128.0099279870318,43.24933166475007,0.5933332443237305,0.984166145324707,59.33332443237305,3.7850003242492676,3.7983336448669434,3.141666889190674,4.061666965484619,4.385000228881836,9.876667976379395,9.675000190734863,8.92833423614502,10.351667404174805,10.760000228881836
1287,128.90824327115132,43.24933166475007,0.90583336353302,1.3408336639404297,16.223844651073414,3.7200000286102295,3.831666946411133,3.3366668224334717,4.168333530426025,4.681666851043701,9.614999771118164,9.65333366394043,9.058333396911621,10.353334426879883,10.975000381469727
1288,129.80282953456566,43.25764311816396,0.9733333587646484,1.342498779296875,32.44473408144451,4.961667060852051,5.021666526794434,4.6666669845581055,5.473333835601807,5.965000152587891,10.710000991821289,10.61833381652832,10.111666679382324,11.383334159851074,12.00666618347168
1289,130.6892633290516,43.258387339853094,1.0633331537246704,1.2874994277954102,16.358987196910093,3.2150001525878906,3.3450000286102295,3.0466668605804443,3.7699999809265137,4.3433332443237305,8.355000495910645,8.513333320617676,8.123333930969238,9.004999160766602,9.72166633605957
1305,80.5331751534424,42.57090486771486,0.7199997901916504,1.1574993133544922,5.204818238850627,3.4900002479553223,3.766666889190674,3.205000400543213,4.00333309173584,4.348333358764648,10.021666526794434,10.346667289733887,9.758333206176758,10.715001106262207,11.341666221618652
1306,81.29753321281669,42.59150500572618,0.7208330035209656,1.1491668224334717,4.887000174974875,1.4266667366027832,1.721666932106018,1.158333420753479,1.9516668319702148,2.294999837875366,7.974999904632568,8.3100004196167,7.683333396911621,8.638333320617676,9.291666984558105
1307,82.19584849693621,42.59150500572618,0.7125000357627869,1.1441662311553955,4.296483636634186,-2.325000047683716,-1.9933334589004517,-2.580000400543213,-1.7850000858306885,-1.4466667175292969,4.3600006103515625,4.801666736602783,4.136666774749756,5.081666946411133,5.724999904632568
1308,83.09416378105573,42.59150500572618,0.6925003528594971,1.1008338332176208,3.476991494735834,-5.163333415985107,-4.765000343322754,-5.356666088104248,-4.563333034515381,-4.271666526794434,1.5016666650772095,2.049999713897705,1.3633333444595337,2.2716667652130127,2.876667022705078
1309,83.99247906517525,42.59150500572618,0.7608333826065063,1.2675005197525024,3.181185530398375,-2.93500018119812,-2.456666946411133,-3.0466666221618652,-2.3483335971832275,-1.9350001811981201,3.609999895095825,4.188333034515381,3.4783332347869873,4.388333320617676,5.1666669845581055
1312,86.68742491753382,42.59150500572618,0.8416666984558105,1.7958335876464844,3.94531090001763,-1.7666667699813843,-1.3399999141693115,-1.7933334112167358,-1.0350000858306885,-0.7116666436195374,4.691666603088379,5.039999961853027,4.713333606719971,5.9300007820129395,6.6616668701171875
1313,87.58574020165334,42.59150500572618,0.8858335018157959,1.7916655540466309,4.1042551992833065,4.9816670417785645,5.413332939147949,4.9683332443237305,5.74833345413208,6.083333492279053,11.231666564941406,11.588334083557129,11.251667022705078,12.484999656677246,13.201665878295898
1314,88.48405548577286,42.59150500572618,0.9075002670288086,1.6249990463256836,4.204646579797364,11.711668014526367,12.143333435058594,11.703332901000977,12.478333473205566,12.835000991821289,17.926666259765625,18.25666618347168,17.73666763305664,19.005001068115234,19.716665267944336
1315,89.38237076989238,42.59150500572618,0.6208324432373047,0.7375011444091797,4.461096720255472,15.845001220703125,16.123332977294922,15.583333969116211,16.10500144958496,16.604999542236328,22.516666412353516,22.878334045410156,22.260000228881836,22.68666648864746,23.435001373291016
1316,90.2806860540119,42.59150500572618,0.8166689872741699,1.4825000762939453,3.7984661345303814,13.061666488647461,13.491665840148926,12.94666576385498,13.748333930969238,14.093335151672363,19.248332977294922,19.630001068115234,19.066667556762695,20.301668167114258,20.921667098999023
1319,92.97563190637047,42.59150500572618,0.41333436965942383,0.7816677093505859,3.179504014613266,13.370000839233398,13.630000114440918,13.405000686645508,13.605000495910645,13.913334846496582,20.123332977294922,20.369998931884766,20.138334274291992,20.5,21.02833366394043
1320,93.87394719048999,42.59150500572618,0.7333316802978516,0.9083347320556641,5.432077311066842,10.671667098999023,10.941667556762695,10.230000495910645,11.358333587646484,11.539999008178711,17.700000762939453,18.049999237060547,17.323331832885742,18.475000381469727,18.783334732055664
1321,94.7722624746095,42.59150500572618,0.8958332538604736,0.7699999809265137,5.569955068538638,4.753333568572998,5.074999809265137,4.668333053588867,5.52833366394043,5.809999942779541,11.570000648498535,11.976667404174805,11.519999504089355,12.145000457763672,12.543334007263184
1322,95.67057775872902,42.59150500572618,0.8516674041748047,0.8866662979125977,5.268054707570515,7.2216668128967285,7.544999599456787,7.131666660308838,7.99500036239624,8.235000610351562,13.99333381652832,14.360000610351562,13.91333293914795,14.683332443237305,15.063333511352539
1328,101.02375502830922,42.437641356510476,0.8308329582214355,0.9024982452392578,5.569832973707344,9.595000267028809,9.893333435058594,9.629999160766602,10.373333930969238,10.574999809265137,16.933334350585938,17.185001373291016,16.805002212524414,17.588333129882812,17.961666107177734
1339,110.9422339890988,42.59128760984968,0.48833370208740234,0.42333459854125977,1.6098941262467872,6.723333835601807,7.3299994468688965,6.416666507720947,7.506667137145996,7.515000343322754,13.421666145324707,14.125,13.061666488647461,14.183334350585938,14.196667671203613
1340,111.84025287288041,42.59150500572618,0.4983341693878174,0.5066666603088379,1.642861465835502,5.801666736602783,6.408332824707031,5.513333320617676,6.5833330154418945,6.603333950042725,12.469999313354492,13.126667976379395,12.250000953674316,13.279998779296875,13.305000305175781
1341,112.73856815699993,42.59150500572618,0.5358335971832275,0.668332576751709,2.136214190867346,5.723333835601807,6.225000381469727,5.62833309173584,6.501666069030762,6.510000705718994,12.083333969116211,12.683333396911621,12.075000762939453,13.031667709350586,13.051666259765625
1344,115.43351400935852,42.59150500572618,0.6725006103515625,0.5766663551330566,3.788735629404867,3.308333158493042,3.6633331775665283,2.9700000286102295,4.010000228881836,4.158333778381348,9.863333702087402,10.323333740234375,9.563333511352539,10.526666641235352,10.670000076293945
1345,116.33182929347802,42.59150500572618,0.8600000143051147,0.5566668510437012,6.531651907335362,2.265000104904175,2.5283331871032715,2.0416667461395264,3.013333320617676,3.256666660308838,9.041666984558105,9.444999694824219,8.765000343322754,9.601667404174805,9.800000190734863
1346,117.23014457759753,42.59150500572617,0.8449999094009399,0.3583335876464844,6.3374996982514675,1.6966667175292969,1.9633333683013916,1.4833333492279053,2.431666851043701,2.674999952316284,8.461668014526367,8.801666259765625,7.944999694824219,8.816667556762695,8.99000072479248
1348,119.02677514583662,42.59150500572619,0.5799992084503174,0.16500139236450195,29.00033379030816,7.458334445953369,7.498333930969238,6.826666355133057,7.824999809265137,8.058333396911621,14.296667098999023,14.339999198913574,13.425000190734863,14.33666706085205,14.4833345413208
1349,119.92509042995613,42.591505005726184,0.6241660118103027,0.5074996948242188,27.741252516689627,8.033333778381348,8.078332901000977,7.369999885559082,8.441667556762695,8.679999351501465,14.485000610351562,14.536666870117188,13.529998779296875,14.801666259765625,15.018333435058594
1351,121.72172099819512,42.59150500572617,0.6158342361450195,0.6799988746643066,29.560494392309455,8.126667022705078,8.168333053588867,7.37833309173584,8.524999618530273,8.763334274291992,14.024999618530273,14.071667671203613,13.003334045410156,14.551666259765625,14.72833251953125
1352,122.62003628231479,42.59150500572619,0.7525005340576172,0.7624993324279785,75.25005340576172,8.02833366394043,8.033332824707031,7.501667022705078,8.529999732971191,8.783333778381348,13.893333435058594,13.821667671203613,13.068333625793457,14.391667366027832,14.619999885559082
1353,123.51835156643413,42.59150500572614,0.5725002288818359,0.6850013732910156,36.15889651849175,8.405000686645508,8.436666488647461,7.706666469573975,8.738334655761719,8.99333381652832,14.123332023620605,14.126666069030762,13.208333969116211,14.568331718444824,14.8100004196167
1354,124.41666685055367,42.59150500572617,0.5741658210754395,0.8216671943664551,57.416582107543945,7.815000057220459,7.8000006675720215,7.0933332443237305,8.121667861938477,8.38166618347168,13.616666793823242,13.58666706085205,12.67833423614502,14.258333206176758,14.423334121704102
1355,125.3149821346733,42.59150500572618,0.6400003433227539,0.7608323097229004,64.00003433227539,6.103333473205566,6.113333702087402,5.430000305175781,6.446666717529297,6.748333930969238,12.258333206176758,12.186667442321777,11.33666706085205,12.748332977294922,12.983332633972168
1357,127.11161270291227,42.59150500572618,0.7099995613098145,0.9275012016296387,23.666862701465494,4.526666641235352,4.466667175292969,3.870000123977661,4.885000228881836,5.206666469573975,10.728333473205566,10.453332901000977,9.758333206176758,11.176667213439941,11.51833438873291
1358,128.0099279870318,42.59150500572618,0.8891665935516357,1.3708324432373047,14.226665496826172,3.7283332347869873,3.8533332347869873,3.308333158493042,4.173333168029785,4.679999828338623,9.530000686645508,9.548334121704102,8.953333854675293,10.41333293914795,10.90999984741211
1359,128.8937674453087,42.60165678720912,0.6099997758865356,0.8183331489562988,60.999977588653564,2.9633333683013916,2.9633336067199707,2.31333327293396,3.246666669845581,3.573333263397217,8.960000038146973,8.723333358764648,7.973333835601807,9.286667823791504,9.65999984741211
1360,129.58599097017577,42.68677562277046,0.6066665649414062,0.7808332443237305,60.666656494140625,5.4816670417785645,5.488333225250244,4.8333330154418945,5.74500036239624,6.0916666984558105,11.203332901000977,11.055000305175781,10.266667366027832,11.579999923706055,11.90999984741211
1361,130.48234378358893,42.77421233740516,0.9275004863739014,0.9800000190734863,22.714087196165096,6.498332977294922,6.580000400543213,6.241666793823242,6.910000801086426,7.466667175292969,11.813333511352539,11.733332633972168,11.256667137145996,12.230000495910645,12.75333309173584
1377,80.4252834827464,41.90783570222138,0.7183334678411484,1.0866672992706299,6.157143590644864,-0.64000004529953,-0.40666669607162476,-0.9249998331069946,-0.12999998033046722,0.19500009715557098,5.889999866485596,6.3333330154418945,5.680000305175781,6.705000400543213,7.198333740234375
1379,82.19584849693621,41.92666139845996,0.6208333969116211,1.0066661834716797,5.866104978598783,10.379999160766602,10.591667175292969,10.058334350585938,10.916666984558105,11.106666564941406,16.788333892822266,17.18166732788086,16.5766658782959,17.523334503173828,17.991666793823242
1380,83.09416378105573,41.92666139845996,0.6891679763793945,1.1658334732055664,2.7658829338120188,11.469999313354492,11.968334197998047,11.40000057220459,12.126667022705078,12.408334732055664,17.61166763305664,18.296667098999023,17.6683349609375,18.476667404174805,19.1200008392334
1381,83.99247906517525,41.92666139845996,0.7191667556762695,1.205000877380371,3.357977468050051,11.298333168029785,11.726666450500488,11.210000991821289,11.883334159851074,12.231666564941406,17.546667098999023,18.15999984741211,17.596668243408203,18.358333587646484,19.058334350585938
1382,84.89079434929477,41.92666139845996,0.7433319091796875,1.1274995803833008,3.430769704785841,11.753334045410156,12.186666488647461,11.641666412353516,12.268333435058594,12.713332176208496,18.075000762939453,18.6299991607666,17.9233341217041,18.603334426879883,19.479999542236328
1383,85.7891096334143,41.92666139845996,0.7599997520446777,1.4883317947387695,3.3529362266095863,11.399999618530273,11.853333473205566,11.285000801086426,11.949999809265137,12.386666297912598,17.61166763305664,18.11833381652832,17.404998779296875,18.435001373291016,19.35333251953125
1384,86.68742491753382,41.92666139845996,0.8058338165283203,1.4483346939086914,3.883527897784723,10.716666221618652,11.131667137145996,10.71500015258789,11.425000190734863,11.730000495910645,17.251667022705078,17.73499870300293,17.178333282470703,18.206666946411133,18.941667556762695
1385,87.58574020165334,41.92666139845996,0.5066657066345215,1.1700000762939453,2.9803935318289554,9.36500072479248,9.704999923706055,9.07833480834961,9.583333015441895,10.041666030883789,16.21000099182129,16.600000381469727,15.860000610351562,16.69666862487793,17.575000762939453
1386,88.48405548577286,41.92666139845996,0.8716669082641602,1.531667709350586,4.118103708509612,8.75333309173584,9.176667213439941,8.756667137145996,9.501667022705078,9.83666706085205,15.661666870117188,16.141666412353516,15.620000839233398,16.689998626708984,17.433334350585938
1393,94.77226247460953,41.92666139845996,0.881666898727417,0.9066653251647949,5.877766245408465,7.326666355133057,7.626667022705078,7.248332977294922,8.05333423614502,8.358333587646484,14.600000381469727,14.916666984558105,14.523333549499512,15.253334045410156,15.664999008178711
1400,101.06046946344617,41.92666139845996,0.8116679191589355,0.8333349227905273,6.087493428605148,9.90999984741211,10.176667213439941,9.925000190734863,10.658333778381348,10.855001449584961,17.38833236694336,17.51833152770996,17.219999313354492,17.905000686645508,18.286666870117188
1410,110.04362230464137,41.92666139845996,0.3100001811981201,0.6008338928222656,1.1137727372014237,5.144999980926514,5.701666831970215,4.876667022705078,5.689999580383301,5.733333587646484,11.521666526794434,12.15666675567627,11.264999389648438,12.263333320617676,12.440000534057617
1412,111.84025287288041,41.92666139845996,0.28750061988830566,0.559999942779541,1.0815058830282327,4.884999752044678,5.4166669845581055,4.625,5.393333911895752,5.438333988189697,10.980000495910645,11.616666793823242,10.856666564941406,11.76833438873291,11.858333587646484
1413,112.73856815699993,41.92666139845996,0.5233340263366699,0.8091669082641602,4.757576283015514,4.634999752044678,4.855000019073486,4.224999904632568,4.99666690826416,5.268333911895752,10.651666641235352,10.930000305175781,10.231666564941406,11.25333309173584,11.600000381469727
1414,113.63688344111945,41.92666139845996,0.4908332824707031,0.5725007057189941,4.062066407267389,4.179999828338623,4.421666622161865,3.760000228881836,4.503333568572998,4.791666507720947,10.15333366394043,10.501666069030762,9.730000495910645,10.569998741149902,10.90000057220459
1415,114.53519872523898,41.92666139845997,0.8433334827423096,0.5783329010009766,6.657914797742044,3.8666672706604004,4.119999885559082,3.5583336353302,4.611666679382324,4.836667060852051,10.193334579467773,10.573333740234375,9.84333324432373,10.761666297912598,10.96166706085205
1416,115.43351400935853,41.92666139845998,0.8725000619888306,1.069166660308838,6.933785224026943,3.5516669750213623,3.803333282470703,3.2850003242492676,4.310000419616699,4.550000190734863,9.505000114440918,9.906667709350586,9.364999771118164,10.545000076293945,10.77500057220459
1417,116.331829293478,41.92666139845996,0.8966668844223022,0.6049990653991699,6.89743782547576,2.419999837875366,2.679999828338623,2.205000162124634,3.188333511352539,3.446666717529297,9.02166748046875,9.381667137145996,8.7333345413208,9.591666221618652,9.806666374206543
1418,117.2301445775976,41.92666139845996,0.8708333969116211,0.4633331298828125,6.741939294600601,4.74666690826416,5.005000114440918,4.546666622161865,5.498332977294922,5.74666690826416,11.373332977294922,11.790000915527344,11.061666488647461,11.831666946411133,12.045000076293945
1419,118.12845986171706,41.92666139845996,0.8183326721191406,0.5466656684875488,6.635123275172145,4.800000190734863,5.046667098999023,4.570000171661377,5.494999885559082,5.741666316986084,11.193333625793457,11.583333969116211,10.820000648498535,11.658334732055664,11.934999465942383
1420,119.02677514583667,41.92666139845996,0.5391674041748047,0.4158320426940918,3.6553712863285166,8.579999923706055,8.875,8.166666984558105,9.041666030883789,9.266667366027832,15.066665649414062,15.3583345413208,14.316667556762695,15.410000801086426,15.628332138061523
1421,119.925090429956,41.926661398459956,0.6191666126251221,0.47916650772094727,15.163123507464865,7.5233330726623535,7.6050004959106445,6.836667060852051,7.943333625793457,8.183333396911621,13.988332748413086,14.126667976379395,13.158334732055664,14.350000381469727,14.536666870117188
1422,120.82340571407559,41.92666139845994,0.6266670227050781,0.7625002861022949,26.85690930641272,9.553333282470703,9.600000381469727,8.826665878295898,9.980001449584961,10.203333854675293,15.513333320617676,15.628334045410156,14.65666675567627,16.15999984741211,16.33333396911621
1423,121.72172099819515,41.92666139845996,0.7549991607666016,0.996666431427002,75.49991607666016,9.4399995803833,9.420001029968262,8.926667213439941,9.945000648498535,10.184999465942383,14.791666984558105,14.725000381469727,14.020001411437988,15.513333320617676,15.755000114440918
1424,122.62003628231469,41.92666139845996,0.7399997711181641,0.8824996948242188,40.3633999167707,9.59000015258789,9.553333282470703,8.871667861938477,10.024999618530273,10.311666488647461,14.994999885559082,14.95000171661377,14.083333969116211,15.60333251953125,15.855000495910645
1425,123.51835156643419,41.92666139845996,0.5608339309692383,0.7716665267944336,32.04779291553133,8.791666030883789,8.826665878295898,8.140000343322754,9.125,9.369999885559082,14.466669082641602,14.496665954589844,13.616665840148926,15.03166675567627,15.253334045410156
1426,124.41666685055372,41.92666139845996,0.7641658782958984,1.0024995803833008,9.652652628535634,7.265000343322754,7.106667518615723,6.710000038146973,7.65166711807251,7.949999809265137,13.266668319702148,13.098333358764648,12.515000343322754,13.908334732055664,14.1850004196167
1427,125.31498213467323,41.92666139845996,0.7483334541320801,0.9633331298828125,7.483305994773884,5.4916672706604,5.291666507720947,4.876667022705078,5.840000629425049,6.140000343322754,11.763334274291992,11.49333381652832,10.911666870117188,12.328333854675293,12.591667175292969
1428,126.21241742183055,41.92729743213694,0.5783331394195557,0.72833251953125,57.833313941955566,4.631666660308838,4.641666412353516,4.025000095367432,4.946666717529297,5.214999675750732,10.815000534057617,10.798334121704102,10.040000915527344,11.328333854675293,11.53499984741211
1429,127.1314378326078,41.95053035244625,0.6350003480911255,0.8616671562194824,63.50003480911255,3.9716670513153076,3.9716663360595703,3.3466668128967285,4.301666736602783,4.6066670417785645,10.071666717529297,10.015000343322754,9.273333549499512,10.550000190734863,10.905000686645508
1430,127.92669354099488,41.961172216350825,0.5824997425079346,0.6350007057189941,9.319995880126953,2.1050000190734863,2.2300000190734863,1.538333535194397,2.4583332538604736,2.749999761581421,8.25,8.34333324432373,7.471667289733887,8.573333740234375,8.93166732788086
1448,79.50090264457765,41.25481646431225,0.6999988555908203,0.9791669845581055,9.333341810459926,10.636667251586914,10.786666870117188,10.326666831970215,11.03833293914795,11.411665916442871,17.274999618530273,17.60333251953125,17.02833366394043,17.971668243408203,18.418333053588867
1449,80.39921792869717,41.25481646431225,0.706667423248291,1.1541662216186523,6.144920865934412,11.119999885559082,11.350000381469727,10.84333324432373,11.620000839233398,11.941667556762695,17.905000686645508,18.323333740234375,17.691667556762695,18.726665496826172,19.268333435058594
1450,81.29753321281669,41.25481646431225,0.6891674995422363,1.0991649627685547,4.6201198753296575,11.638333320617676,11.936666488647461,11.408334732055664,12.175000190734863,12.476667404174805,18.46500015258789,18.950000762939453,18.328332901000977,19.308334350585938,19.806665420532227
1452,83.09416378105573,41.25481646431225,0.6858325004577637,1.1158332824707031,2.9927257140598047,13.198333740234375,13.65666675567627,13.103334426879883,13.795001029968262,14.113332748413086,19.5483341217041,20.22333335876465,19.553333282470703,20.38333511352539,21.001667022705078
1453,83.99247906517525,41.25481646431225,0.7108335494995117,1.1658353805541992,3.3715390704512043,12.771666526794434,13.193333625793457,12.690000534057617,13.364999771118164,13.693333625793457,19.23000144958496,19.84499740600586,19.283334732055664,20.018335342407227,20.70333480834961
1454,84.89079434929477,41.25481646431225,0.7399997711181641,1.0766630172729492,3.4687367286999824,12.426666259765625,12.853334426879883,12.326665878295898,12.943333625793457,13.380000114440918,18.993335723876953,19.543333053588867,18.86666488647461,19.498332977294922,20.34499740600586
1455,85.7891096334143,41.25481646431225,0.7608327865600586,1.4974994659423828,3.445273599613061,12.899999618530273,13.341667175292969,12.789999008178711,13.441667556762695,13.88166618347168,19.356666564941406,19.848331451416016,19.15999984741211,20.155000686645508,21.099998474121094
1456,86.68742491753382,41.25481646431225,0.6566667556762695,1.3616695404052734,4.746989031595348,12.226667404174805,12.503334045410156,12.033332824707031,12.658334732055664,13.02166748046875,19.053333282470703,19.406665802001953,18.816667556762695,19.76333236694336,20.5916690826416
1462,92.07731662225093,41.25481646431225,0.3791661262512207,0.5541667938232422,3.0537030280919373,10.965001106262207,11.213333129882812,10.975000381469727,11.21500015258789,11.46833324432373,18.376667022705078,18.63833236694336,18.36166763305664,18.5483341217041,19.06166648864746
1465,94.7722624746095,41.25481646431225,0.8600001335144043,1.0550007820129395,5.931036183723737,6.75,7.039999961853027,6.675000190734863,7.4283342361450195,7.755000114440918,14.058332443237305,14.388333320617676,14.02166748046875,14.701667785644531,15.27833366394043
1466,95.67057775872902,41.25481646431225,0.7566666603088379,0.8749985694885254,4.495056937284007,5.078333854675293,5.414999961853027,5.0333333015441895,5.568333625793457,6.003333568572998,12.245000839233398,12.548333168029785,12.148333549499512,12.731666564941406,13.271665573120117
1468,97.46720832696808,41.25481646431225,0.7941668033599854,0.7649993896484375,8.286940080357255,5.671666622161865,5.863333702087402,5.570000648498535,6.2183332443237305,6.561666965484619,12.755001068115234,12.841667175292969,12.524999618530273,13.133333206176758,13.563333511352539
1471,100.16215417932663,41.25481646431225,0.8008341789245605,0.8183355331420898,10.115771721126336,9.684999465942383,9.84333324432373,9.734999656677246,10.216665267944336,10.565000534057617,17.209999084472656,17.219999313354492,17.05500030517578,17.498332977294922,18.033334732055664
1476,104.65301825389886,41.25414743364127,0.35249996185302734,0.3891639709472656,2.1692254422104065,10.079999923706055,10.405000686645508,9.551667213439941,10.40666675567627,10.595000267028809,16.98166847229004,17.193334579467773,16.364999771118164,17.163333892822266,17.476665496826172
1479,107.34867645228282,41.25481646431225,0.4566669464111328,0.570833683013916,2.854171137019288,7.1666669845581055,7.486666679382324,6.840001106262207,7.551667213439941,7.783333778381348,13.444999694824219,13.736666679382324,13.260000228881836,13.826667785644531,14.161666870117188
1480,108.24699173640234,41.25481646431225,0.3991663455963135,0.6341671943664551,5.150526519801021,7.691666603088379,7.8466668128967285,7.630000114440918,7.948333740234375,8.168333053588867,14.046666145324707,14.268333435058594,13.973335266113281,14.431666374206543,14.791666984558105
1481,109.14530702052186,41.25481646431225,0.4024996757507324,0.658332347869873,1.7822894980215622,5.846667289733887,6.298333168029785,5.726666450500488,6.40166711807251,6.474999904632568,12.019999504089355,12.530000686645508,11.880000114440918,12.723333358764648,12.933332443237305
1482,110.04362230464137,41.25481646431225,0.4116671085357666,0.679166316986084,1.8571456229019605,4.650000095367432,5.0933332443237305,4.534999847412109,5.199999809265137,5.283333778381348,10.729999542236328,11.285000801086426,10.693334579467773,11.521666526794434,11.686666488647461
1483,110.9419375887609,41.25481646431225,0.41416633129119873,0.674166202545166,2.424393130460814,3.8533337116241455,4.194999694824219,3.8450000286102295,4.2166666984558105,4.438333034515381,9.806666374206543,10.27166748046875,9.888334274291992,10.416666030883789,10.713333129882812
1484,111.84025287288041,41.25481646431225,0.6174997091293335,0.9083333015441895,5.3309295952066575,3.4083333015441895,3.640000104904175,3.0466666221618652,3.8466668128967285,4.141666412353516,9.213333129882812,9.556666374206543,8.976667404174805,9.928333282470703,10.293333053588867
1485,112.73856815699993,41.25481646431225,0.6158332824707031,0.8424997329711914,5.911995001224517,3.0466668605804443,3.255000352859497,2.6683335304260254,3.4700000286102295,3.766666889190674,8.855000495910645,9.15666675567627,8.539999961853027,9.505000114440918,9.848333358764648
1486,113.63688344111951,41.25481646431225,0.5516667366027832,0.4825005531311035,4.940298571196761,4.945000171661377,5.168333530426025,4.560000419616699,5.318333625793457,5.608333587646484,11.238332748413086,11.613333702087402,10.940000534057617,11.588333129882812,11.908333778381348
1487,114.53519872523898,41.25481646431224,0.8683335781097412,1.1016664505004883,7.0405492396051015,4.488333702087402,4.735000133514404,4.228333473205566,5.2216668128967285,5.4800004959106445,10.246667861938477,10.643333435058594,10.135000228881836,11.266667366027832,11.546667098999023
1488,115.43351400935852,41.25481646431225,0.8624997138977051,1.08583402633667,6.764700602497504,3.556666851043701,3.811666965484619,3.2900002002716064,4.288333415985107,4.546666622161865,9.28833293914795,9.690000534057617,9.173334121704102,10.308333396911621,10.575000762939453
1489,116.331829293478,41.254816464312285,0.8375000953674316,0.5050005912780762,7.444464224406495,3.888333797454834,4.113333225250244,3.6050000190734863,4.5883331298828125,4.838333606719971,10.380000114440918,10.773332595825195,10.01833438873291,10.86833381652832,11.081666946411133
1490,117.23014457759756,41.25481646431225,0.8475010395050049,0.49249982833862305,6.561289488985077,7.0083327293396,7.266666412353516,6.803333282470703,7.726666450500488,7.9850006103515625,13.579999923706055,14.008334159851074,13.255000114440918,14.050000190734863,14.286666870117188
1491,118.12845986171706,41.25481646431225,0.830833911895752,0.46166515350341797,6.602669283908886,7.231666564941406,7.483332633972168,7.009999752044678,7.941667079925537,8.188333511352539,13.658332824707031,14.051668167114258,13.225000381469727,14.073333740234375,14.316665649414062
1492,119.02677514583652,41.25481646431225,0.5416674613952637,0.35916709899902344,3.735638156185565,8.486666679382324,8.776666641235352,8.081666946411133,8.954999923706055,9.173334121704102,14.915000915527344,15.363332748413086,14.423334121704102,15.319999694824219,15.498333930969238
1493,119.9250904299561,41.25481646431225,0.7158336639404297,0.7508316040039062,71.58336639404297,8.748333930969238,8.733332633972168,8.236666679382324,9.260000228881836,9.456666946411133,14.938333511352539,15.103334426879883,14.296667098999023,15.579999923706055,15.771665573120117
1494,120.82216989505226,41.25588716926287,0.6400003433227539,0.7299990653991699,38.39840933798707,9.75666618347168,9.790000915527344,9.033333778381348,10.199999809265137,10.413333892822266,15.533334732055664,15.589999198913574,14.578333854675293,16.088335037231445,16.29166603088379
1495,121.71997996611455,41.2651205477055,0.6108341217041016,0.8675007820129395,34.90495912806539,10.411666870117188,10.446666717529297,9.788333892822266,10.828333854675293,11.040000915527344,15.431666374206543,15.4566650390625,14.585000991821289,16.11333465576172,16.31166648864746
1496,122.62003628231469,41.25481646431225,0.8558335304260254,0.9725003242492676,7.082784475444447,9.626666069030762,9.385000228881836,8.953333854675293,9.968334197998047,10.361666679382324,14.71166706085205,14.426666259765625,13.774999618530273,15.146665573120117,15.541666984558105
1497,123.51835156643419,41.25481646431225,0.8550004959106445,1.0066652297973633,6.749984942026803,7.323333740234375,7.069999694824219,6.658333778381348,7.664999485015869,8.051667213439941,12.911666870117188,12.635000228881836,11.996667861938477,13.416666984558105,13.779998779296875
1498,124.41666685055372,41.25481646431225,0.7666659355163574,0.9175000190734863,8.070145058475129,6.516667366027832,6.326666831970215,5.943333625793457,6.8983330726623535,7.188333034515381,12.37166690826416,12.143333435058594,11.546667098999023,12.898333549499512,13.175000190734863
1499,125.31498213467323,41.25481646431225,0.7799994945526123,1.02166748046875,5.707318817698584,6.128333568572998,5.8550004959106445,5.473333358764648,6.418333530426025,6.771666526794434,12.186666488647461,11.84000015258789,11.313333511352539,12.708333969116211,13.035000801086426
1500,126.0842883269079,41.320702301277144,0.773334264755249,1.013333797454834,5.590378327884166,5.516666412353516,5.240000247955322,4.883333683013916,5.810000419616699,6.151667594909668,11.559999465942383,11.210000038146973,10.730001449584961,12.043333053588867,12.398333549499512
1502,127.89547759389878,41.4968853546392,0.631666898727417,0.972501277923584,63.1666898727417,2.321666717529297,2.304999828338623,1.688333511352539,2.6433334350585938,2.945000171661377,8.246665954589844,8.21833324432373,7.415000915527344,8.798333168029785,9.205000877380371
1518,77.7042720763386,40.575989819444416,0.7258337140083313,1.0908331871032715,9.168434604858474,1.4950001239776611,1.653333306312561,1.2483333349227905,1.93666672706604,2.3000004291534424,7.466667175292969,7.695000648498535,7.305000305175781,8.168333053588867,8.671667098999023
1520,79.50090264457765,40.575989819444416,0.6958332061767578,1.208333969116211,8.978453208638404,10.96833324432373,11.123333930969238,10.670000076293945,11.378332138061523,11.741666793823242,17.56833267211914,17.858333587646484,17.33500099182129,18.398334503173828,18.921667098999023
1521,80.39921792869717,40.575989819444416,0.669166088104248,1.166666030883789,9.674691319724515,12.256667137145996,12.395000457763672,11.946667671203613,12.646666526794434,12.994999885559082,19.068334579467773,19.364999771118164,18.780000686645508,19.808332443237305,20.383333206176758
1522,81.29753321281669,40.575989819444416,0.6583313941955566,1.0541667938232422,4.759038968649282,12.3583345413208,12.635000228881836,12.119999885559082,12.876666069030762,13.154998779296875,19.43666648864746,19.89499855041504,19.293333053588867,20.261667251586914,20.719999313354492
1523,82.19584849693621,40.575989819444416,0.6474995613098145,0.9958353042602539,4.3407815871493645,13.068333625793457,13.366666793823242,12.848333358764648,13.611666679382324,13.864999771118164,19.86166763305664,20.329999923706055,19.72166633605957,20.551666259765625,21.0916690826416
1528,86.68742491753382,40.575989819444416,0.38666582107543945,0.901667594909668,3.17808138646224,12.4833345413208,12.726667404174805,12.135000228881836,12.808332443237305,12.991666793823242,19.604999542236328,19.975000381469727,19.30500030517578,20.11833381652832,20.691667556762695
1529,87.58574020165334,40.575989819444416,0.6599993705749512,1.1391668319702148,4.771096671894659,12.190000534057617,12.466666221618652,12.005000114440918,12.628332138061523,12.988332748413086,20.025001525878906,20.4233341217041,19.89666748046875,20.583332061767578,21.36333465576172
1533,91.17900133813141,40.575989819444416,0.13916587829589844,0.592498779296875,1.2370174457046945,13.253332138061523,13.478334426879883,13.230001449584961,13.201665878295898,13.504999160766602,20.51500129699707,20.66666603088379,20.246667861938477,20.52666664123535,21.183332443237305
1536,93.87394719048999,40.575989819444416,0.6783332824707031,0.8816671371459961,5.898562022125288,9.108333587646484,9.338333129882812,8.856666564941406,9.49666690826416,9.901666641235352,16.82833480834961,17.021665573120117,16.518333435058594,17.1733341217041,17.80666732788086
1537,94.7722624746095,40.575989819444416,0.6383342742919922,0.7866678237915039,4.910259325826211,8.819999694824219,9.079999923706055,8.744999885559082,9.15333366394043,9.588334083557129,16.489999771118164,16.709999084472656,16.376667022705078,16.78499984741211,17.386667251586914
1538,95.67057775872902,40.575989819444416,0.8116660118103027,0.9350008964538574,8.696385419061485,8.510000228881836,8.696667671203613,8.37833309173584,9.023333549499512,9.414999961853027,15.898333549499512,16.018335342407227,15.693333625793457,16.318334579467773,16.893335342407227
1539,96.56889304284854,40.575989819444416,0.7699992656707764,0.8400006294250488,7.0,7.555000305175781,7.775000095367432,7.408333778381348,8.065000534057617,8.434999465942383,14.65666675567627,14.790000915527344,14.41333293914795,15.033334732055664,15.563334465026855
1540,97.46720832696808,40.575989819444416,0.7591671943664551,0.7950000762939453,6.7481700002966996,7.345000267028809,7.569999694824219,7.226666450500488,7.865000247955322,8.216667175292969,14.393333435058594,14.506668090820312,14.146665573120117,14.748332023620605,15.245000839233398
1542,99.26383889520712,40.575989819444416,0.793332576751709,0.8258333206176758,10.818181818181818,7.498333930969238,7.645000457763672,7.538333892822266,8.011667251586914,8.364999771118164,14.71166706085205,14.726666450500488,14.601667404174805,15.016667366027832,15.545000076293945
1550,106.45036116816328,40.575989819444416,0.47916650772094727,0.6649980545043945,5.927790657204712,7.193332672119141,7.3550004959106445,7.166666507720947,7.489999294281006,7.75333309173584,13.371667861938477,13.555000305175781,13.658332824707031,13.805000305175781,14.128332138061523
1551,107.34867645228282,40.575989819444416,0.4549989700317383,0.8150005340576172,2.814423076923077,9.190000534057617,9.513334274291992,8.883333206176758,9.574999809265137,9.806666374206543,15.671666145324707,15.898333549499512,15.433332443237305,16.239999771118164,16.600000381469727
1552,108.24699173640234,40.575989819444416,0.40416669845581055,0.692500114440918,5.1052492094564075,8.645000457763672,8.80333423614502,8.585000038146973,8.896666526794434,9.128334045410156,15.074999809265137,15.056666374206543,15.055000305175781,15.441667556762695,15.758333206176758
1553,109.14530702052186,40.575989819444416,0.3600001335144043,0.6174993515014648,4.153828801566953,7.4583330154418945,7.631667137145996,7.390000343322754,7.686666965484619,7.90500020980835,13.57166576385498,13.806668281555176,13.486666679382324,13.954999923706055,14.306666374206543
1554,110.04362230464137,40.575989819444416,0.6300003528594971,0.9483342170715332,4.846178957812555,6.248333930969238,6.5083327293396,6.291666507720947,6.676667213439941,7.008333683013916,12.251666069030762,12.348333358764648,12.231667518615723,12.813334465026855,13.248333930969238
1555,110.9419375887609,40.575989819444416,0.6374995708465576,0.8833332061767578,4.872606172153329,5.588333606719971,5.850000381469727,5.636667251586914,6.034999370574951,6.356666564941406,11.481666564941406,11.725000381469727,11.751665115356445,12.116666793823242,12.486666679382324
1556,111.84025287288043,40.57598981944442,0.5966672897338867,0.9416666030883789,4.36585476482061,6.960000038146973,7.233333587646484,6.953333854675293,7.381666660308838,7.693334102630615,12.889999389648438,13.253334045410156,12.951665878295898,13.611666679382324,14.013333320617676
1557,112.73856815699993,40.575989819444416,0.6158332824707031,0.8308334350585938,5.818912538071981,4.756667137145996,4.9683332443237305,4.40333366394043,5.181667327880859,5.478333473205566,10.66333293914795,10.978333473205566,10.380000114440918,11.3100004196167,11.651666641235352
1558,113.63688344111941,40.57598981944441,0.5683338642120361,0.7616662979125977,6.089281654486051,4.861666679382324,5.048333644866943,4.428333282470703,5.2316670417785645,5.52333402633667,10.766668319702148,11.083333969116211,10.47166633605957,11.366665840148926,11.686667442321777
1559,114.53519872523903,40.575989819444416,0.8449995517730713,1.0824999809265137,8.047558497292265,7.811666965484619,8.021668434143066,7.5,8.510000228881836,8.761667251586914,13.666666984558105,14.018333435058594,13.498333930969238,14.644999504089355,14.925000190734863
1560,115.43351400935846,40.575989819444416,0.8308334350585938,0.8541674613952637,8.669569154679392,6.37333345413208,6.565000057220459,6.038332939147949,7.048333644866943,7.300000190734863,12.331666946411133,12.640000343322754,12.151666641235352,13.096667289733887,13.340001106262207
1561,116.33182929347794,40.57598981944444,0.8575007915496826,1.1116666793823242,7.736844143188726,7.498332977294922,7.71999979019165,7.21999979019165,8.206666946411133,8.466667175292969,13.449999809265137,13.6899995803833,13.179998397827148,14.436666488647461,14.681666374206543
1562,117.2301445775976,40.57598981944442,0.815000057220459,0.9991655349731445,7.191183833521965,9.12166690826416,9.348333358764648,8.84333324432373,9.796667098999023,10.050000190734863,15.080001831054688,15.298334121704102,14.67833423614502,15.925000190734863,16.18833351135254
1563,118.12845986171706,40.575989819444416,0.679166316986084,0.8591690063476562,18.95371738060069,9.520001411437988,9.591667175292969,9.11833381652832,10.073332786560059,10.235000610351562,15.363332748413086,15.441667556762695,14.973333358764648,16.016666412353516,16.261669158935547
1564,119.0267751458366,40.575989819444416,0.8041672706604004,0.8624997138977051,7.043796596011277,8.399999618530273,8.62833309173584,8.171667098999023,9.073333740234375,9.318333625793457,14.498332023620605,14.716665267944336,14.051666259765625,15.226666450500488,15.469998359680176
1565,119.92509042995613,40.57598981944442,0.7074995040893555,0.8399996757507324,11.957689269998871,8.860000610351562,8.978334426879883,8.25666618347168,9.398333549499512,9.626667022705078,14.735000610351562,14.895001411437988,13.991666793823242,15.451665878295898,15.655000686645508
1566,120.61234233380678,40.68549259791854,0.7458333969116211,0.8700008392333984,22.948531353619533,9.726667404174805,9.661666870117188,9.194999694824219,10.216666221618652,10.440000534057617,15.113332748413086,15.066667556762695,14.3583345413208,15.7333345413208,15.960000991821289
1567,122.02589094299846,40.72590444389098,0.7608327865600586,1.08250093460083,16.017648121749954,10.253334045410156,10.158334732055664,9.713334083557129,10.693333625793457,10.966667175292969,14.763333320617676,14.635000228881836,14.10333251953125,15.520001411437988,15.781667709350586
1568,122.62548561802468,40.57713045674373,0.6483335494995117,0.9899997711181641,64.83335494995117,9.524999618530273,9.52833366394043,8.888333320617676,9.934999465942383,10.175000190734863,14.233332633972168,14.263333320617676,13.486666679382324,14.97166633605957,15.238332748413086
1569,123.51835156643419,40.575989819444416,0.6300008296966553,0.7958331108093262,41.99842649840266,7.2583327293396,7.288333892822266,6.653334140777588,7.683333396911621,7.903334140777588,12.559999465942383,12.505000114440918,11.800000190734863,13.116666793823242,13.328332901000977
1570,124.39390369952042,40.59409763666985,0.7175004482269287,0.9025006294250488,57.39981689522974,7.789999485015869,7.7649993896484375,7.261666774749756,8.228333473205566,8.494999885559082,13.311666488647461,13.193333625793457,12.59666633605957,13.858332633972168,14.155000686645508
1571,125.20295537831663,40.746934829261306,0.7191658020019531,0.962501049041748,5.7152168311278855,7.783333778381348,7.5316667556762695,7.135000705718994,8.085000991821289,8.376666069030762,13.595001220703125,13.25999927520752,12.800000190734863,14.130000114440918,14.39000129699707
1586,74.25934101094575,39.837567898663394,0.6116666793823242,0.9174990653991699,36.700035762820974,1.6733334064483643,1.7066667079925537,1.4516665935516357,1.9266666173934937,2.301666736602783,7.193333625793457,7.305000305175781,7.063333988189697,7.965001106262207,8.166666030883789
1587,75.00937408415673,39.890168402415775,0.5741667747497559,0.72833251953125,27.560425726710918,5.388333320617676,5.429999351501465,5.154999732971191,5.618332862854004,5.983333110809326,11.18166732788086,11.291666030883789,11.136667251586914,11.748332977294922,11.964999198913574
1588,75.90764150809956,39.8902051834657,0.5558328628540039,0.6000008583068848,21.51628027170703,8.616666793823242,8.668333053588867,8.394999504089355,8.8583345413208,9.198332786560059,14.535000801086426,14.668333053588867,14.45666790008545,14.963333129882812,15.201667785644531
1589,76.80595679221908,39.8902051834657,0.5258331298828125,0.7508335113525391,6.247532717693049,12.15333366394043,12.321666717529297,11.820000648498535,12.396666526794434,12.763333320617676,18.246667861938477,18.4950008392334,17.878332138061523,18.71500015258789,19.121667861938477
1590,77.7042720763386,39.8902051834657,0.5249996185302734,0.7258338928222656,5.625001277243606,12.300000190734863,12.486666679382324,11.978333473205566,12.568333625793457,12.918333053588867,18.6299991607666,18.944997787475586,18.338333129882812,19.053333282470703,19.51333236694336
1591,78.60258736045813,39.8902051834657,0.5191659927368164,0.6625022888183594,5.148773774957203,13.371667861938477,13.573333740234375,13.061665534973145,13.648333549499512,13.991666793823242,20.141666412353516,20.51333236694336,19.856664657592773,20.523334503173828,20.990001678466797
1592,79.50090264457765,39.8902051834657,0.7216658592224121,0.9691648483276367,6.0139117926383925,13.283334732055664,13.523333549499512,13.141667366027832,13.8149995803833,14.125,20.176668167114258,20.601669311523438,20.100000381469727,20.898334503173828,21.358333587646484
1593,80.39921792869717,39.8902051834657,0.7183332443237305,0.9883337020874023,5.671078686031366,13.040000915527344,13.293333053588867,12.911666870117188,13.588333129882812,13.885000228881836,20.075000762939453,20.51500129699707,20.001667022705078,20.799999237060547,21.283334732055664
1594,81.29753321281669,39.8902051834657,0.5158352851867676,0.8899993896484375,3.578029443575301,12.878332138061523,13.166666984558105,12.731666564941406,13.186666488647461,13.538334846496582,20.09833335876465,20.558332443237305,20.033334732055664,20.68833351135254,21.218332290649414
1602,88.48405548577286,39.8902051834657,0.36916637420654297,1.1391639709472656,3.434103369351147,12.708333969116211,12.923334121704102,12.679999351501465,13.155000686645508,13.1850004196167,20.438335418701172,20.636669158935547,20.32000160217285,21.151668548583984,21.676666259765625
1608,93.87394719048999,39.8902051834657,0.15166664123535156,0.34833335876464844,1.4218761175881554,8.67833423614502,8.891667366027832,8.733332633972168,8.756668090820312,8.936667442321777,16.773334503173828,16.950000762939453,16.75833511352539,16.795000076293945,17.21000099182129
1609,94.7722624746095,39.8902051834657,0.5483334064483643,0.679166316986084,5.306432894260209,7.184999942779541,7.391667366027832,6.950000762939453,7.443333625793457,7.836667060852051,15.148333549499512,15.293333053588867,14.86500072479248,15.324999809265137,15.899999618530273
1610,95.67057775872902,39.8902051834657,0.4458334445953369,0.5275006294250488,3.9051080714211133,2.141666889190674,2.3700003623962402,2.070000171661377,2.2833333015441895,2.701667070388794,9.601667404174805,9.779999732971191,9.498332977294922,9.623332023620605,10.218334197998047
1612,97.46720832696808,39.8902051834657,0.7158332467079163,0.703333854675293,8.676762363984073,1.3766666650772095,1.5416667461395264,1.255000114440918,1.816666841506958,2.174999952316284,8.375000953674316,8.425000190734863,8.140000343322754,8.698333740234375,9.103334426879883
1613,98.3655236110876,39.8902051834657,0.7599997520446777,0.7599983215332031,7.475388230438392,6.090000152587891,6.293334007263184,6.029999732971191,6.62833309173584,6.951666831970215,13.043333053588867,13.143335342407227,12.876667976379395,13.368334770202637,13.85333251953125
1614,99.26383889520712,39.8902051834657,0.8241662979125977,0.8483319282531738,13.186660766601562,8.261667251586914,8.386667251586914,8.303333282470703,8.829999923706055,9.148333549499512,15.476667404174805,15.480000495910645,15.393333435058594,15.829999923706055,16.3266658782959
1616,101.06046946344617,39.8902051834657,0.6374993324279785,0.8208332061767578,4.999992520204797,9.223333358764648,9.478333473205566,9.238333702087402,9.78166675567627,9.988332748413086,16.691665649414062,16.73666763305664,16.448333740234375,17.075000762939453,17.53499984741211
1617,101.95878474756569,39.8902051834657,0.6800003051757812,0.6483345031738281,5.368448791212101,9.335000991821289,9.588333129882812,9.361666679382324,9.941665649414062,10.141667366027832,16.818334579467773,16.9950008392334,16.73666763305664,17.15166664123535,17.555002212524414
1618,102.8571000316852,39.8902051834657,0.5274991989135742,0.6341676712036133,9.173917370175642,8.210000991821289,8.325000762939453,8.140000343322754,8.506667137145996,8.795000076293945,15.261667251586914,15.25,15.158334732055664,15.430000305175781,15.89000129699707
1619,103.75541531580473,39.8902051834657,0.7033333778381348,0.9058351516723633,6.91801548700583,8.563333511352539,8.766667366027832,8.816667556762695,9.24666690826416,9.36833381652832,15.576665878295898,15.625,15.598333358764648,16.13333511352539,16.506668090820312
1620,104.65373059992424,39.8902051834657,0.8041667938232422,0.8425016403198242,7.148137159326919,8.713333129882812,8.938333511352539,8.908334732055664,9.323332786560059,9.630000114440918,15.434999465942383,15.610000610351562,15.49000072479248,15.913334846496582,16.365001678466797
1621,105.55204588404376,39.8902051834657,0.4766674041748047,0.5200014114379883,6.651168361100761,10.385000228881836,10.52833366394043,10.343334197998047,10.661667823791504,10.933334350585938,17.376667022705078,17.3700008392334,17.130001068115234,17.511667251586914,17.893335342407227
1622,106.45036116816328,39.8902051834657,0.46250009536743164,0.4983339309692383,6.235947254386359,10.026666641235352,10.175000190734863,9.99666690826416,10.301666259765625,10.563333511352539,16.866668701171875,16.8700008392334,16.65500259399414,17.003334045410156,17.366668701171875
1623,107.34867645228282,39.8902051834657,0.46416664123535156,0.6324992179870605,5.2055808381952655,7.581666469573975,7.760000705718994,7.538333892822266,7.841666221618652,8.135000228881836,13.909998893737793,14.158334732055664,14.088333129882812,14.274999618530273,14.666666030883789
1624,108.24699173640234,39.8902051834657,0.5849993228912354,0.8558335304260254,4.7432422766805145,7.9033331871032715,8.149999618530273,7.955000400543213,8.271665573120117,8.611665725708008,14.241666793823242,14.306666374206543,14.335000991821289,14.704999923706055,15.130000114440918
1625,109.14530702052186,39.8902051834657,0.5875000953674316,0.83416748046875,4.378896601236108,7.193333625793457,7.461666107177734,7.259999752044678,7.5833330154418945,7.914999961853027,13.094999313354492,13.280000686645508,13.280000686645508,13.589999198913574,14.02166748046875
1626,110.04362230464137,39.8902051834657,0.2800006866455078,0.579167366027832,2.5074685501020575,7.823333740234375,8.046667098999023,7.664999961853027,7.943333625793457,8.215001106262207,13.388333320617676,13.66333293914795,13.255000114440918,13.736666679382324,14.105000495910645
1627,110.9419375887609,39.8902051834657,0.45416736602783203,0.7483334541320801,4.29135653396291,8.045000076293945,8.25666618347168,7.923333644866943,8.290000915527344,8.605000495910645,13.866665840148926,14.186666488647461,13.823333740234375,14.360000610351562,14.774999618530273
1629,112.73856815699993,39.8902051834657,0.6566660404205322,0.9808349609375,6.061531791462269,6.24500036239624,6.461667060852051,5.9383344650268555,6.726666450500488,7.009999752044678,12.11500072479248,12.276665687561035,11.760000228881836,12.8100004196167,13.176668167114258
1630,113.6368834411194,39.8902051834657,0.8541667461395264,1.1716666221618652,11.781611841348035,5.350000381469727,5.49500036239624,5.011666774749756,6.025000095367432,6.27666711807251,11.091666221618652,11.321666717529297,10.779999732971191,12.035000801086426,12.37833309173584
1631,114.53519872523897,39.89020518346567,0.8749995231628418,1.142500400543213,11.931823058566495,5.293333530426025,5.440000057220459,4.925000190734863,5.990000247955322,6.241666316986084,11.061666488647461,11.373333930969238,10.750000953674316,12.063333511352539,12.360000610351562
1632,115.4335140093583,39.890205183465675,0.8699996471405029,1.2816658020019531,12.731780928023893,7.641667366027832,7.7783331871032715,7.256666660308838,8.323333740234375,8.579999923706055,13.208333969116211,13.348333358764648,12.808334350585938,14.24333381652832,14.559999465942383
1633,116.3318292934779,39.890205183465646,0.7058334350585938,1.1633329391479492,5.923092313232764,12.998333930969238,13.236666679382324,12.953333854675293,13.58666706085205,13.823333740234375,18.263334274291992,18.45333480834961,18.185001373291016,19.168333053588867,19.52166748046875
1634,117.23014457759714,39.89020518346546,0.6858329772949219,0.8000001907348633,14.438693356355532,13.391667366027832,13.486666679382324,13.026667594909668,13.956666946411133,14.125,18.73499870300293,18.854999542236328,18.32000160217285,19.36833381652832,19.594999313354492
1635,118.12845986171706,39.89020518346571,0.8191676139831543,1.27166748046875,7.6201246423739715,12.149999618530273,12.36500072479248,11.895000457763672,12.823333740234375,13.076667785644531,17.20833396911621,17.405000686645508,16.98166847229004,18.206668853759766,18.57833480834961
1636,119.00073545077201,39.90789231187076,0.7633328437805176,1.2308349609375,76.33328437805176,11.299999237060547,11.286667823791504,10.820000648498535,11.825000762939453,12.056666374206543,16.418331146240234,16.450000762939453,16.038333892822266,17.351665496826172,17.665000915527344
1637,119.7804023709991,40.1006206181111,0.7166671752929688,0.7333345413208008,13.437522351763107,9.676667213439941,9.783333778381348,9.079999923706055,10.226667404174805,10.446667671203613,15.376666069030762,15.626666069030762,14.605000495910645,15.99333381652832,16.235000610351562
1639,121.85466958923632,39.80204695682132,0.7558331489562988,1.0975017547607422,27.484212716522464,10.591666221618652,10.64666748046875,10.126667022705078,11.119998931884766,11.375,14.4350004196167,14.583333015441895,13.960000991821289,15.344999313354492,15.606668472290039
1640,122.60493927939766,39.903840186787164,0.7725000381469727,1.176666259765625,18.176259396387298,10.090001106262207,10.005000114440918,9.60666561126709,10.513333320617676,10.820000648498535,13.89000129699707,13.933332443237305,13.430000305175781,14.696667671203613,15.088333129882812
1641,123.48726626738137,40.009069455030215,0.8600006103515625,1.4141664505004883,8.190443320224158,8.675000190734863,8.464999198913574,8.065000534057617,9.039999961853027,9.430000305175781,12.936666488647461,12.651666641235352,12.173334121704102,13.793333053588867,14.208333015441895
1642,124.1510042904868,40.067070772951645,0.7916660308837891,1.137500286102295,6.012631914415882,9.01500129699707,8.751667022705078,8.375000953674316,9.328332901000977,9.675000190734863,13.963333129882812,13.6850004196167,13.253334045410156,14.595001220703125,14.96166706085205
1658,74.147793195727,39.20028357467078,0.5624997615814209,0.8724998235702515,14.361687880835419,-2.613333225250244,-2.5349998474121094,-2.9183332920074463,-2.3416666984558105,-2.011666774749756,2.7750003337860107,2.940000057220459,2.563333511352539,3.630000352859497,3.7300000190734863
1659,75.00932622398004,39.197490485790226,0.5783333778381348,0.755000114440918,34.6995393814551,8.16333293914795,8.196666717529297,7.926667213439941,8.39333438873291,8.758333206176758,14.091667175292969,14.201665878295898,14.056668281555176,14.6899995803833,14.901666641235352
1660,75.90764150809956,39.197490485790226,0.6349992752075195,0.7525005340576172,63.49992752075195,12.230001449584961,12.223333358764648,11.983333587646484,12.508333206176758,12.861666679382324,18.356666564941406,18.435001373291016,18.28499984741211,18.968334197998047,19.148334503173828
1661,76.80595679221908,39.197490485790226,0.524998664855957,0.6316680908203125,6.702147605249702,13.193334579467773,13.350000381469727,12.858332633972168,13.436666488647461,13.796666145324707,19.39666748046875,19.68000030517578,19.058334350585938,19.7983341217041,20.170001983642578
1662,77.7042720763386,39.197490485790226,0.5199999809265137,0.6375017166137695,6.239916459245272,13.338333129882812,13.50500202178955,13.010000228881836,13.589999198913574,13.941667556762695,19.803333282470703,20.114999771118164,19.47166633605957,20.156667709350586,20.596668243408203
1666,81.29753321281669,39.197490485790226,0.516664981842041,0.9300003051757812,3.52270769190755,13.079999923706055,13.373333930969238,12.949999809265137,13.385000228881836,13.743331909179688,20.2549991607666,20.684999465942383,20.13333511352539,20.774999618530273,21.399999618530273
1669,83.99247906517525,39.197490485790226,0.5325002670288086,1.0683355331420898,3.610170368215175,12.410000801086426,12.705000877380371,12.279999732971191,12.738332748413086,13.090001106262207,20.190000534057617,20.520000457763672,19.991666793823242,20.685001373291016,21.423336029052734
1672,86.68742491753382,39.197490485790226,0.5850005149841309,1.4183349609375,4.2289343513555435,12.261667251586914,12.53833293914795,12.09000015258789,12.710000038146973,12.985000610351562,20.060001373291016,20.336666107177734,19.760000228881836,20.815000534057617,21.616668701171875
1674,88.48405548577286,39.197490485790226,0.17833185195922852,0.9324979782104492,1.6211966864192606,13.276667594909668,13.496667861938477,13.22833251953125,13.398333549499512,13.5649995803833,20.968332290649414,21.270000457763672,20.93833351135254,21.399999618530273,22.051664352416992
1675,89.38237076989238,39.197490485790226,0.1808333396911621,0.7966651916503906,1.7360027099650726,12.116666793823242,12.324999809265137,11.984999656677246,12.156667709350586,12.401666641235352,19.773334503173828,19.993335723876953,19.670001983642578,20.0,20.68000030517578
1676,90.2806860540119,39.197490485790226,-0.02166604995727539,0.5124993324279785,-0.2203326544467074,6.824999809265137,7.021666526794434,6.858333587646484,6.794999599456787,6.90166711807251,14.276667594909668,14.455001831054688,14.181666374206543,14.350000381469727,14.878334045410156
1678,92.07731662225093,39.197490485790226,-0.009166955947875977,0.3383331298828125,-0.09401997823668219,5.436666965484619,5.631667137145996,5.5099992752075195,5.435000419616699,5.525000095367432,13.338333129882812,13.485000610351562,13.331666946411133,13.441667556762695,13.75
1679,92.97563190637048,39.19749048579023,-0.02499985694885254,0.2691669464111328,-0.263156309683054,3.6700000762939453,3.8600001335144043,3.693333387374878,3.5916664600372314,3.7400002479553223,11.726667404174805,11.875,11.676667213439941,11.736666679382324,12.070000648498535
1680,93.87394719049,39.19749048579023,-0.3733331561088562,-0.16750025749206543,-3.796609686626956,-2.0333333015441895,-1.8366667032241821,-2.0366663932800293,-2.430000066757202,-2.308333158493042,5.813333511352539,5.99500036239624,5.769999980926514,5.4766669273376465,5.736666679382324
1681,94.7722624746095,39.197490485790226,0.257500022649765,0.46250033378601074,2.5537186491955146,-0.7150000333786011,-0.5133333206176758,-0.6349999904632568,-0.5350000262260437,-0.3566666543483734,6.9716668128967285,7.073333740234375,6.888333797454834,7.1100006103515625,7.4850006103515625
1684,97.46720832696808,39.197490485790226,0.22083353996276855,0.2325000762939453,3.732397657990917,-3.008333444595337,-2.890000104904175,-3.244999647140503,-3.133333444595337,-2.7283332347869873,3.886666774749756,3.9016671180725098,3.5416667461395264,3.609999895095825,4.126667022705078
1685,98.3655236110876,39.19749048579022,0.03500032424926758,0.03166675567626953,0.35593540878673263,-3.9100003242492676,-3.7133336067199707,-4.116666316986084,-3.943333387374878,-3.7766666412353516,2.7866663932800293,2.883333683013916,2.4850001335144043,2.521667003631592,2.866666793823242
1686,99.26383889520712,39.19749048579023,0.2866666316986084,0.2825007438659668,2.819671170040875,2.743333339691162,2.946666717529297,2.641666889190674,2.940000057220459,3.131666660308838,9.773332595825195,9.861666679382324,9.526666641235352,9.718334197998047,10.100000381469727
1687,100.16215417932663,39.197490485790226,0.46000051498413086,0.5383319854736328,4.312489662355776,7.983333587646484,8.196667671203613,7.885000705718994,8.364999771118164,8.55000114440918,15.486666679382324,15.55333423614502,15.21166706085205,15.666666984558105,16.058332443237305
1688,101.06046946344617,39.197490485790226,0.8983340263366699,0.7708325386047363,6.822790402897239,7.8433332443237305,8.106666564941406,8.061666488647461,8.550000190734863,8.873333930969238,15.373333930969238,15.441667556762695,15.403332710266113,15.841665267944336,16.178333282470703
1689,101.95878474756569,39.197490485790226,0.8608336448669434,0.8433327674865723,6.496849280066793,8.311666488647461,8.576666831970215,8.518333435058594,8.989999771118164,9.305000305175781,15.666666984558105,15.856666564941406,15.768333435058594,16.088333129882812,16.604999542236328
1692,104.65373059992424,39.197490485790226,0.5508337020874023,0.7666664123535156,12.471735187424425,9.980000495910645,10.068333625793457,9.946666717529297,10.288333892822266,10.575000762939453,16.873334884643555,16.75666618347168,16.5433349609375,17.041667938232422,17.581666946411133
1693,105.55204588404376,39.197490485790226,0.8166670799255371,0.8974990844726562,7.101437557272166,9.210000038146973,9.440000534057617,9.421667098999023,9.864999771118164,10.141667366027832,15.886667251586914,15.991666793823242,15.918333053588867,16.43833351135254,16.836666107177734
1694,106.45036116816328,39.197490485790226,0.4616670608520508,0.5541667938232422,5.65304668706355,8.238332748413086,8.401666641235352,8.17833423614502,8.475000381469727,8.78166675567627,14.735000610351562,14.75666618347168,14.481666564941406,14.870000839233398,15.300000190734863
1695,107.34867645228282,39.197490485790226,0.5625,0.6941666603088379,4.856077259367204,8.709999084472656,8.941667556762695,8.75666618347168,9.051667213439941,9.388333320617676,15.286666870117188,15.398333549499512,15.195001602172852,15.594999313354492,16.036666870117188
1696,108.24699173640234,39.197490485790226,0.5758333206176758,0.7091665267944336,4.345921863303968,7.823333740234375,8.088333129882812,7.891667366027832,8.184999465942383,8.53166675567627,14.291666984558105,14.4833345413208,14.335000991821289,14.675000190734863,15.096667289733887
1697,109.14530702052186,39.19749048579022,0.556666374206543,0.801666259765625,5.387086651961644,8.076666831970215,8.283333778381348,8.006667137145996,8.410000801086426,8.736666679382324,14.171667098999023,14.291666030883789,14.125,14.604998588562012,15.033332824707031
1698,110.04362230464137,39.197490485790226,0.4291667938232422,0.5491676330566406,4.055130030457585,8.326666831970215,8.53833293914795,8.21166706085205,8.531667709350586,8.861666679382324,14.404998779296875,14.466667175292969,14.07166576385498,14.563333511352539,14.985000610351562
1699,110.9419375887609,39.197490485790226,0.48833417892456055,0.7266659736633301,4.507709372290275,8.193333625793457,8.40999984741211,8.083333969116211,8.466666221618652,8.790000915527344,14.27833366394043,14.33166790008545,13.954998970031738,14.589999198913574,15.03166675567627
1700,111.84025287288041,39.197490485790226,0.6583330631256104,0.9266653060913086,5.064105315088793,6.461667060852051,6.7216668128967285,6.259999752044678,6.948333740234375,7.25,12.298334121704102,12.608333587646484,12.045000076293945,12.976667404174805,13.379999160766602
1701,112.73856815699993,39.197490485790226,0.5958335399627686,0.8749990463256836,4.673210876390543,7.451666831970215,7.706666469573975,7.40500020980835,7.914999961853027,8.175000190734863,13.351667404174805,13.668333053588867,13.308334350585938,14.045001029968262,14.38499927520752
1702,113.63688344111945,39.19749048579021,0.6658329963684082,0.9058341979980469,6.495903870040333,5.214999675750732,5.4200005531311035,4.973333358764648,5.691666603088379,5.983333110809326,10.696666717529297,10.988332748413086,10.5,11.381667137145996,11.748333930969238
1703,114.53519872523894,39.19749048579022,0.6341667175292969,1.0850014686584473,6.855876197251348,8.713334083557129,8.898333549499512,8.461666107177734,9.156667709350586,9.440000534057617,14.403332710266113,14.706666946411133,14.320001602172852,15.199999809265137,15.64000129699707
1704,115.43351400935846,39.197490485790226,0.5808334350585938,1.0299997329711914,4.555571346293374,11.875000953674316,12.130000114440918,11.626667022705078,12.301667213439941,12.583333969116211,17.375001907348633,17.604999542236328,17.19333267211914,18.178333282470703,18.520000457763672
1705,116.33182929347797,39.197490485790226,0.682499885559082,1.0925006866455078,5.150954396268785,13.675000190734863,13.9399995803833,13.633334159851074,14.253334045410156,14.489999771118164,18.68000030517578,18.924999237060547,18.63833236694336,19.595001220703125,19.895000457763672
1706,117.22811942118358,39.19904247634852,0.6833338737487793,0.7808313369750977,25.624586499776488,13.876666069030762,13.930000305175781,13.494999885559082,14.423334121704102,14.58666706085205,18.88166618347168,18.93000030517578,18.428333282470703,19.459999084472656,19.686664581298828
1707,118.14480720010033,39.3189207712947,0.8224987983703613,1.0549993515014648,7.896000512696094,12.538333892822266,12.74666690826416,12.298334121704102,13.219999313354492,13.464999198913574,17.638334274291992,17.895000457763672,17.505001068115234,18.523334503173828,18.821666717529297
1708,118.85978714318792,39.35643137479748,0.8049988746643066,1.274169921875,7.918001416437238,11.77833366394043,11.981667518615723,11.524999618530273,12.436666488647461,12.684999465942383,16.689998626708984,16.88833236694336,16.466665267944336,17.691669464111328,18.063335418701172
1710,121.19495217085127,39.00802925609208,0.7933330535888672,1.1541662216186523,21.63623595505618,11.171667098999023,11.245000839233398,10.726667404174805,11.761667251586914,12.001667022705078,14.933334350585938,15.078332901000977,14.451665878295898,15.870000839233398,16.15999984741211
1711,121.74797157941651,39.25228723413623,0.7233328819274902,1.0658340454101562,21.700007152564194,11.470000267028809,11.536666870117188,10.92833423614502,11.995000839233398,12.226666450500488,14.944999694824219,15.10333251953125,14.388333320617676,15.815000534057617,16.09000015258789
1712,122.40786611290778,39.40946029764842,0.7216668128967285,1.0658340454101562,18.82605017974649,11.300000190734863,11.376667022705078,10.755001068115234,11.8100004196167,12.0600004196167,14.778332710266113,14.949999809265137,14.23499870300293,15.676668167114258,15.930000305175781
1731,75.08297402548096,38.52881378024169,0.5958333611488342,0.8416664600372314,47.666487058688894,-1.5199999809265137,-1.494999885559082,-1.758333444595337,-1.2700001001358032,-0.9116665720939636,4.029999732971191,4.0966668128967285,3.756666660308838,4.606666088104248,4.904999732971191
1732,75.90764150809956,38.49787796933202,0.5858334302902222,0.7991669178009033,46.86671911880409,0.29666668176651,0.3216666579246521,0.04833333566784859,0.5349999666213989,0.8950001001358032,5.981666564941406,6.043333530426025,5.676667213439941,6.488333225250244,6.811666965484619
1733,76.80595679221908,38.49787796933202,0.5149998664855957,0.5508337020874023,5.327576766555679,11.068333625793457,11.261667251586914,10.950000762939453,11.335000991821289,11.680000305175781,17.32833480834961,17.616666793823242,17.17166519165039,17.663333892822266,18.023334503173828
1734,77.7042720763386,38.49787796933202,0.44499921798706055,0.4275016784667969,4.6842126397261445,13.285000801086426,13.475000381469727,13.231666564941406,13.605000495910645,13.824999809265137,19.844999313354492,20.14000129699707,19.74333381652832,20.14666748046875,20.420001983642578
1738,81.29753321281669,38.49787796933202,0.5158329010009766,0.8733339309692383,3.7065793170557884,13.425000190734863,13.703333854675293,13.291666984558105,13.713333129882812,14.079999923706055,20.523334503173828,20.8700008392334,20.33333396911621,20.97333335876465,21.57000160217285
1739,82.19584849693621,38.49787796933202,0.6691665649414062,0.954167366027832,3.8792127377266694,13.058332443237305,13.40333366394043,13.041666984558105,13.576665878295898,13.899999618530273,20.81166648864746,21.310001373291016,20.823335647583008,21.424999237060547,22.01500129699707
1743,85.7891096334143,38.49787796933202,0.467498779296875,1.1366682052612305,2.4933141412651505,11.309999465942383,11.685001373291016,11.221667289733887,11.691666603088379,11.964999198913574,19.358333587646484,19.875001907348633,19.32833480834961,20.011667251586914,20.75333595275879
1748,90.2806860540119,38.49787796933202,0.11416667699813843,0.5208320617675781,1.0300751556218826,1.971666693687439,2.193333387374878,1.9616668224334717,1.9266666173934937,2.196666717529297,9.385000228881836,9.476667404174805,9.05666732788086,9.443334579467773,9.951665878295898
1749,91.17900133813141,38.49787796933202,-0.18916654586791992,0.07083272933959961,-2.0088463758722312,2.506666660308838,2.695000171661377,2.505000114440918,2.3000001907348633,2.4116668701171875,9.986666679382324,10.098333358764648,9.851666450500488,9.690000534057617,10.113332748413086
1753,94.77226247460953,38.49787796933202,0.06916674971580505,0.34583330154418945,0.6859512828053396,0.596666693687439,0.7983333468437195,0.6416666507720947,0.6100000143051147,0.7666667699813843,8.204999923706055,8.363333702087402,8.231666564941406,8.27500057220459,8.630000114440918
1755,96.56889304284853,38.49787796933202,0.3924994468688965,0.529999852180481,3.8925533071979497,-5.0,-4.798333168029785,-4.881666660308838,-4.680000305175781,-4.506667137145996,1.7033332586288452,1.846666693687439,1.8250000476837158,1.9883334636688232,2.304999828338623
1756,97.46720832696808,38.49787796933202,0.25750041007995605,0.2541666030883789,2.8878636116911904,-4.644999980926514,-4.466667175292969,-4.808333396911621,-4.651667594909668,-4.298333168029785,2.138333559036255,2.2366669178009033,1.9450000524520874,2.0350000858306885,2.441666841506958
1757,98.3655236110876,38.49787796933202,-4.76837158203125e-07,0.021666765213012695,-5.8388023448630215e-06,-4.510000228881836,-4.34666633605957,-4.696666717529297,-4.601666450500488,-4.428333759307861,2.0466666221618652,2.116666793823242,1.81333327293396,1.7850000858306885,2.1033334732055664
1758,99.26383889520712,38.49787796933202,0.1550002098083496,0.19083315134048462,1.2916696469017477,-5.448333263397217,-5.208333492279053,-5.313333511352539,-5.271667003631592,-5.173333168029785,1.0150001049041748,1.1500002145767212,1.0183334350585938,0.9849998354911804,1.2733333110809326
1759,100.16215417932663,38.49787796933202,0.2100001573562622,0.45083320140838623,1.8529384849864996,-2.7316670417785645,-2.504999876022339,-2.6066668033599854,-2.5433335304260254,-2.4083333015441895,3.7300002574920654,3.8416666984558105,3.698333263397217,3.9016671180725098,4.236666679382324
1760,101.06046946344617,38.49787796933202,0.2724998667836189,0.2416670322418213,2.4586462718323654,0.21500007808208466,0.43666666746139526,0.3416665494441986,0.43833333253860474,0.5983332395553589,6.944999694824219,6.884999752044678,6.900000095367432,7.0,7.1566667556762695
1761,101.95878474756569,38.49787796933202,0.16416668891906738,0.32416677474975586,5.628566056860725,2.8983333110809326,2.8399999141693115,2.7850003242492676,3.0250000953674316,3.0333333015441895,9.436666488647461,9.17833423614502,9.061665534973145,9.361665725708008,9.631667137145996
1762,102.8571000316852,38.49787796933202,0.33333349227905273,0.27916765213012695,10.000014305128389,8.901666641235352,8.835000038146973,8.80666732788086,9.086666107177734,9.201666831970215,15.901667594909668,15.783332824707031,15.7333345413208,15.8916654586792,16.121667861938477
1764,104.65373059992424,38.49787796933202,0.4658327102661133,0.5858306884765625,7.657568821721954,10.335000991821289,10.456666946411133,10.291666030883789,10.570000648498535,10.861666679382324,16.865001678466797,16.873332977294922,16.650001525878906,16.990001678466797,17.454998016357422
1765,105.55204588404376,38.49787796933202,0.7333335876464844,0.698333740234375,7.457627776161381,9.175000190734863,9.37166690826416,9.363333702087402,9.731667518615723,10.006667137145996,15.681665420532227,15.844999313354492,15.623333930969238,16.079998016357422,16.461666107177734
1766,106.45036116816328,38.49787796933202,0.7883334159851074,1.0158348083496094,7.754152029229536,10.058334350585938,10.261666297912598,10.271666526794434,10.680000305175781,10.948333740234375,16.459999084472656,16.47833251953125,16.441665649414062,17.016666412353516,17.485000610351562
1767,107.34867645228282,38.49787796933202,0.7733335494995117,0.8666682243347168,7.483862929498953,8.448332786560059,8.654999732971191,8.61833381652832,9.063334465026855,9.324999809265137,14.911666870117188,15.068333625793457,14.91333293914795,15.473333358764648,15.856668472290039
1769,109.14530702052186,38.49787796933202,0.5966668128967285,0.8100008964538574,5.343261466459991,9.168333053588867,9.391667366027832,9.136667251586914,9.563333511352539,9.876667022705078,15.573331832885742,15.633334159851074,15.26500129699707,15.988334655761719,16.413333892822266
1770,110.04362230464139,38.49787796933202,0.6399998664855957,0.8483343124389648,6.095235716459054,9.170000076293945,9.380000114440918,9.114999771118164,9.613332748413086,9.914999961853027,15.52166748046875,15.63166618347168,15.2333345413208,16.0,16.42500114440918
1772,111.84025287288041,38.49787796933202,0.6599996089935303,0.7950010299682617,5.42465417875906,7.193333625793457,7.436666965484619,7.1700005531311035,7.7183332443237305,7.974999904632568,13.135000228881836,13.364999771118164,12.958333969116211,13.736666679382324,14.045001029968262
1773,112.73856815699993,38.49787796933202,0.6333327293395996,0.7708339691162109,4.367841228603845,9.068334579467773,9.358332633972168,9.06833267211914,9.568333625793457,9.84666633605957,15.160000801086426,15.358332633972168,14.933334350585938,15.686666488647461,16.030000686645508
1774,113.63688344111945,38.49787796933202,0.6533346176147461,1.2024993896484375,4.50574175896451,10.81833267211914,11.108333587646484,10.819999694824219,11.353333473205566,11.616667747497559,16.18833351135254,16.566667556762695,16.211666107177734,17.166667938232422,17.579999923706055
1775,114.53519872523898,38.49787796933202,0.641664981842041,1.0666656494140625,5.42247698104084,14.194999694824219,14.431668281555176,13.943333625793457,14.633333206176758,14.954998970031738,19.42500114440918,19.741666793823242,19.31166648864746,20.19499969482422,20.649999618530273
1776,115.43351400935852,38.49787796933202,0.6808328628540039,1.129166603088379,5.71325106437466,14.101666450500488,14.340001106262207,13.846667289733887,14.58666706085205,14.901666641235352,19.149999618530273,19.485000610351562,19.060001373291016,19.983333587646484,20.446666717529297
1777,116.33182929347802,38.49787796933202,0.7591681480407715,1.1966657638549805,6.84961817282251,14.053332328796387,14.274999618530273,13.805002212524414,14.60999870300293,14.923334121704102,18.825000762939453,19.138334274291992,18.74333381652832,19.72833251953125,20.178333282470703
1778,117.19606211349272,38.484419821991175,0.793332576751709,0.9599971771240234,9.519972763113474,13.888333320617676,14.055000305175781,13.483332633972168,14.521665573120117,14.764999389648438,18.94500160217285,19.11833381652832,18.463333129882812,19.645000457763672,19.99166488647461
1779,117.76128056688434,38.22139190176955,0.8233332633972168,0.9716663360595703,5.811755083356614,13.273332595825195,13.556666374206543,13.05333423614502,13.976666450500488,14.238332748413086,18.40999984741211,18.70333480834961,18.116666793823242,19.1733341217041,19.52833366394043
1782,121.09710835058704,38.69710904849821,0.7966670989990234,1.161665916442871,26.5566505595117,11.801668167114258,11.861665725708008,11.345000267028809,12.373333930969238,12.628334045410156,15.356668472290039,15.466667175292969,14.83666706085205,16.27666664123535,16.573333740234375
1783,121.3744435909699,38.831015037886615,0.7966670989990234,1.161665916442871,26.5566505595117,11.801668167114258,11.861665725708008,11.345000267028809,12.373333930969238,12.628334045410156,15.356668472290039,15.466667175292969,14.83666706085205,16.27666664123535,16.573333740234375
1803,75.21016357482502,37.81558003289568,0.5041666948236525,0.6741666793823242,5.1709439340328975,-0.18499994277954102,0.009999926201999187,-0.3000001609325409,0.08333326876163483,0.4166666865348816,5.393333435058594,5.671667098999023,5.226666450500488,5.926666736602783,6.206666946411133
1804,75.90764150809956,37.79140429115398,0.3566667854320258,0.43166685104370117,3.3968274549925326,0.006666666362434626,0.21666660904884338,-0.03166671097278595,0.18333326280117035,0.4683334231376648,5.651666641235352,5.935000419616699,5.578333377838135,6.021666526794434,6.225000381469727
1805,76.80595679221908,37.79140429115398,0.49500083923339844,0.4091663360595703,5.120715850121347,9.558333396911621,9.751666069030762,9.450000762939453,9.805000305175781,10.15000057220459,15.790000915527344,16.03499984741211,15.625,16.071666717529297,16.321666717529297
1806,77.7042720763386,37.79140429115398,0.4391660690307617,0.3725013732910156,4.355383000255365,12.455000877380371,12.65666675567627,12.430001258850098,12.736666679382324,12.994999885559082,18.96500015258789,19.290000915527344,18.961666107177734,19.226665496826172,19.500001907348633
1807,78.60258736045813,37.79140429115398,0.5116658210754395,0.4416666030883789,4.38572018294253,13.83666706085205,14.069999694824219,13.74000072479248,14.119999885559082,14.464999198913574,20.360000610351562,20.713335037231445,20.248332977294922,20.566665649414062,20.978334426879883
1809,80.39921792869717,37.79140429115398,0.5108323097229004,0.6525001525878906,4.05960415474571,13.985000610351562,14.236666679382324,13.86500072479248,14.268333435058594,14.621665954589844,20.450000762939453,20.755001068115234,20.270000457763672,20.770000457763672,21.255001068115234
1815,85.7891096334143,37.79140429115398,0.25500011444091797,0.7974996566772461,3.1875044703526214,8.733333587646484,8.893333435058594,8.380000114440918,8.976667404174805,9.068333625793457,16.971668243408203,17.1299991607666,16.505001068115234,17.28999900817871,17.84833335876465
1816,86.68742491753382,37.79140429115398,0.16666674613952637,0.7216660976409912,1.5873020558489743,-0.988333523273468,-0.7783334851264954,-1.0600000619888306,-0.8266667127609253,-0.7166667580604553,6.830000400543213,6.99666690826416,6.581666469573975,7.231666564941406,7.634999752044678
1819,89.38237076989238,37.79140429115398,-0.3241667151451111,0.11583304405212402,-1.9162582716938505,-2.0816664695739746,-1.7433334589004517,-2.1399998664855957,-2.4666666984558105,-2.236666679382324,5.349999904632568,5.595000267028809,5.02500057220459,5.141666889190674,5.5883331298828125
1820,90.2806860540119,37.79140429115398,-0.3449999690055847,-4.76837158203125e-07,-1.5000001295753376,-2.2766668796539307,-1.8166669607162476,-2.051666736602783,-2.4066667556762695,-2.391666889190674,5.088334083557129,5.4116668701171875,4.998333930969238,5.051666736602783,5.25
1821,91.17900133813144,37.79140429115399,-0.4233333468437195,-0.22166728973388672,-1.9843752924935298,1.2183332443237305,1.6449998617172241,1.3866666555404663,0.971666693687439,1.0083332061767578,8.734999656677246,9.035000801086426,8.648333549499512,8.491666793823242,8.66333293914795
1823,92.97563190637047,37.79140429115398,-0.21416640281677246,0.03500032424926758,-2.76343371511018,4.073333263397217,4.228333473205566,4.005000114440918,3.816666841506958,3.936666965484619,11.954999923706055,12.038334846496582,11.739999771118164,11.706666946411133,12.031667709350586
1824,93.87394719048999,37.79140429115398,-0.07833361625671387,0.15166616439819336,-0.7121244632867549,4.413333415985107,4.633333206176758,4.401666164398193,4.275000095367432,4.444999694824219,12.411665916442871,12.511667251586914,12.188333511352539,12.20000171661377,12.613332748413086
1825,94.7722624746095,37.79140429115398,-0.10666680335998535,0.17333316802978516,-1.049183903194034,3.2333335876464844,3.436666488647461,3.2799999713897705,3.048333168029785,3.2283332347869873,10.836668014526367,10.986665725708008,10.853334426879883,10.733333587646484,11.085000038146973
1826,95.67057775872902,37.79140429115398,0.10500025749206543,0.0991666316986084,0.750001277241431,-2.37166690826416,-2.0916666984558105,-2.176666736602783,-2.2833333015441895,-2.12666654586792,4.90500020980835,5.026666641235352,4.9800004959106445,4.811666965484619,5.065000057220459
1828,97.46720832696808,37.79140429115398,0.1508331298828125,0.33916664123535156,1.0584786711461498,-3.8566665649414062,-3.571666717529297,-3.6833336353302,-3.7883334159851074,-3.563333511352539,2.705000162124634,2.9166667461395264,2.880000352859497,2.809999942779541,3.1500000953674316
1829,98.3655236110876,37.79140429115398,0.3974999189376831,0.1949995756149292,2.926378709784432,-4.213333606719971,-3.941666841506958,-4.0,-3.945000171661377,-3.6800003051757812,2.448333501815796,2.5383334159851074,2.559999942779541,2.4600002765655518,2.688333034515381
1830,99.26383889520712,37.79140429115398,0.17416667938232422,0.10416674613952637,1.5035978923102256,-4.513333320617676,-4.2816667556762695,-4.373332977294922,-4.323333263397217,-4.223333358764648,2.0833332538604736,2.0816667079925537,2.134999990463257,2.0983333587646484,2.18666672706604
1831,100.16215417932663,37.79140429115398,0.2716665267944336,0.26333343982696533,2.6290273458049156,-3.051666736602783,-2.8449997901916504,-2.929999828338623,-2.809999942779541,-2.676666736602783,3.4666666984558105,3.609999895095825,3.4783332347869873,3.5099997520446777,3.801666736602783
1832,101.06046946344617,37.79140429115398,0.22416675090789795,0.14500045776367188,3.493507892893702,-2.383333444595337,-2.255000114440918,-2.299999713897705,-2.1150002479553223,-2.0950000286102295,4.005000114440918,4.058333396911621,3.9633331298828125,4.0183329582214355,4.176667213439941
1833,101.95878474756569,37.79140429115398,0.20250004529953003,0.12749981880187988,5.926836246404092,-1.721666693687439,-1.7899999618530273,-1.8333332538604736,-1.6566665172576904,-1.5533332824707031,4.49833345413208,4.4066667556762695,4.320000171661377,4.333333492279053,4.579999923706055
1834,102.8571000316852,37.79140429115398,0.2691664695739746,0.5100011825561523,6.872289655340338,7.103333950042725,7.025000095367432,6.983333587646484,7.231667518615723,7.333333492279053,13.680000305175781,13.433332443237305,13.328333854675293,13.671667098999023,14.066667556762695
1835,103.75541531580473,37.79140429115398,0.27083253860473633,0.554999828338623,5.909102258658538,8.65666675567627,8.565000534057617,8.513334274291992,8.753334045410156,8.88166618347168,15.15666675567627,14.89000129699707,14.780000686645508,15.14666748046875,15.578333854675293
1836,104.65373059992424,37.79140429115398,0.6408343315124512,0.7925004959106445,7.767690662659307,9.414999961853027,9.579999923706055,9.616666793823242,9.938333511352539,10.138334274291992,15.693333625793457,15.748333930969238,15.733332633972168,16.123332977294922,16.513334274291992
1837,105.55204588404376,37.79140429115398,0.7199997901916504,0.8591651916503906,7.5789618981172415,9.851667404174805,10.041666984558105,10.035000801086426,10.40333366394043,10.666666984558105,16.20166778564453,16.26333236694336,16.148334503173828,16.65999984741211,17.091665267944336
1838,106.45036116816328,37.79140429115398,0.4458346366882324,0.4975004196166992,5.515505636536317,10.286666870117188,10.448332786560059,10.226666450500488,10.513334274291992,10.813334465026855,16.58333396911621,16.601665496826172,16.28666877746582,16.72166633605957,17.09000015258789
1839,107.34867645228282,37.79140429115398,0.4416675567626953,0.5808343887329102,4.491533313936572,9.149999618530273,9.34666633605957,9.113333702087402,9.396665573120117,9.690000534057617,15.47833251953125,15.613332748413086,15.271665573120117,15.701665878295898,16.126667022705078
1840,108.24699173640235,37.79140429115398,0.6158337593078613,0.7424983978271484,5.912013110371567,9.138333320617676,9.34666633605957,9.12166690826416,9.541666030883789,9.858333587646484,15.55000114440918,15.568334579467773,15.214999198913574,15.851666450500488,16.301666259765625
1841,109.14530702052186,37.79140429115398,0.6033334732055664,0.8208322525024414,5.656256705528932,9.230000495910645,9.443333625793457,9.203332901000977,9.64333438873291,9.940000534057617,15.5600004196167,15.58166790008545,15.248333930969238,15.980000495910645,16.391666412353516
1842,110.04362230464137,37.79140429115398,0.5875005722045898,0.6775007247924805,5.9243633635943995,9.925000190734863,10.123333930969238,9.856666564941406,10.321666717529297,10.61166763305664,16.541667938232422,16.546667098999023,16.286666870117188,16.845001220703125,17.221668243408203
1843,110.94193758876088,37.79140429115397,0.6175007820129395,0.8008308410644531,6.22691580875812,10.144999504089355,10.343332290649414,10.076667785644531,10.563333511352539,10.861666679382324,16.541667938232422,16.686668395996094,16.280000686645508,16.99333381652832,17.41499900817871
1844,111.84025287288041,37.79140429115398,0.5291669368743896,0.5916662216186523,3.5474954806928487,6.723333835601807,7.021666526794434,6.723333835601807,7.118333339691162,7.40166711807251,12.444999694824219,12.781667709350586,12.305000305175781,12.86500072479248,13.204999923706055
1845,112.73856815699993,37.79140429115398,0.6658334732055664,0.8216676712036133,4.672518103090575,10.048334121704102,10.333333969116211,10.053335189819336,10.573332786560059,10.856667518615723,16.09166717529297,16.36833381652832,15.946667671203613,16.691667556762695,17.051668167114258
1846,113.63688344111951,37.79140429115398,0.6875014305114746,1.2258338928222656,4.824557881175861,10.239999771118164,10.52500057220459,10.244998931884766,10.795000076293945,11.070001602172852,15.385000228881836,15.760000228881836,15.41333293914795,16.36166763305664,16.7983341217041
1847,114.53519872523898,37.79140429115398,1.0633316040039062,1.579167366027832,15.190517711171662,14.270001411437988,14.410000801086426,13.976666450500488,15.1083345413208,15.403332710266113,19.225000381469727,19.450000762939453,18.946666717529297,20.44500160217285,20.916667938232422
1848,115.43351400935852,37.79140429115398,1.0633344650268555,1.6291675567626953,16.3590973781123,14.216667175292969,14.34666633605957,13.911666870117188,15.05333423614502,15.345001220703125,19.03499984741211,19.226665496826172,18.810001373291016,20.319997787475586,20.760000228881836
1849,116.33182929347802,37.79140429115398,0.837498664855957,1.1883325576782227,6.320759198479876,14.135000228881836,14.399999618530273,13.916666984558105,14.791666984558105,15.104998588562012,18.981666564941406,19.241666793823242,18.564998626708984,19.795000076293945,20.299999237060547
1850,117.23014457759756,37.79140429115398,0.8241682052612305,1.194167137145996,8.040668409642814,13.746665954589844,13.951665878295898,13.441665649414062,14.449999809265137,14.673334121704102,18.649999618530273,18.848331451416016,18.155000686645508,19.53999900817871,19.94333267211914
1851,118.11952184177386,37.75789688663777,0.8274989128112793,1.3675012588500977,6.245266722567504,13.206666946411133,13.471667289733887,12.986666679382324,13.89666748046875,14.166666030883789,17.98499870300293,18.200000762939453,17.57000160217285,19.001667022705078,19.46000099182129
1852,118.81183235760908,37.77612038801182,0.8399991989135742,1.381667137145996,6.810771312584574,13.023333549499512,13.270001411437988,12.779999732971191,13.6850004196167,13.986666679382324,17.70833396911621,17.90833282470703,17.268335342407227,18.703332901000977,19.190000534057617
1853,120.27570256275236,37.54207252184061,0.8200006484985352,1.1774988174438477,19.679865418507244,12.649999618530273,12.733333587646484,12.215001106262207,13.194999694824219,13.511667251586914,16.76500129699707,16.78333282470703,16.204998016357422,17.55500030517578,17.9516658782959
1854,120.77334839029187,37.604058266737006,0.8241658210754395,0.9074993133544922,26.730192851950942,12.5600004196167,12.621665954589844,12.125,13.096667289733887,13.414999008178711,16.46000099182129,16.4950008392334,15.824999809265137,16.97833251953125,17.385000228881836
1855,121.6562053402167,37.49852734243046,0.7841672897338867,1.2508316040039062,37.64060425726711,13.151667594909668,13.193333625793457,12.748332977294922,13.606668472290039,13.95666790008545,16.096668243408203,16.061664581298828,15.561668395996094,16.684999465942383,17.329998016357422
1856,122.19804630974411,37.447606875230626,0.7908339500427246,0.8949995040893555,41.261326035576566,12.786666870117188,12.824999809265137,12.391667366027832,13.223333358764648,13.596667289733887,15.568333625793457,15.498333930969238,14.96833324432373,15.921667098999023,16.428333282470703
1875,75.09454051938708,37.183915901525914,0.5616663694381714,0.7091668844223022,42.12539451214606,-2.4733331203460693,-2.446666717529297,-2.7333333492279053,-2.263333320617676,-1.8983335494995117,3.0400002002716064,3.135000228881836,2.7249999046325684,3.515000104904175,3.7966670989990234
1876,75.91626844227284,37.08768825256086,0.3499997854232788,0.39749956130981445,3.5000011920940324,-1.7416664361953735,-1.5416666269302368,-1.7716667652130127,-1.5699999332427979,-1.2916667461395264,3.8566665649414062,4.12166690826416,3.821666717529297,4.199999809265137,4.386666297912598
1877,76.80595679221908,37.07811061967602,0.48000025749206543,0.2774991989135742,5.05263276773771,5.438333034515381,5.62833309173584,5.3383331298828125,5.6700005531311035,6.013333320617676,11.568334579467773,11.803333282470703,11.40333366394043,11.580000877380371,11.963333129882812
1878,77.7042720763386,37.07811061967602,0.4866676330566406,0.33916664123535156,4.492306067115039,8.328332901000977,8.545000076293945,8.236666679382324,8.578332901000977,8.923334121704102,14.710000991821289,15.055000305175781,14.626666069030762,14.888333320617676,15.221667289733887
1879,78.60258736045813,37.07811061967602,0.49833250045776367,0.39499950408935547,4.2714342351032215,12.405000686645508,12.638333320617676,12.308333396911621,12.676667213439941,13.019999504089355,18.803333282470703,19.103334426879883,18.663333892822266,18.983333587646484,19.34833335876465
1880,79.50090264457765,37.07811061967602,0.5083351135253906,0.4458351135253906,4.066680908203125,14.024999618530273,14.274999618530273,13.943333625793457,14.316667556762695,14.658334732055664,20.13833236694336,20.450000762939453,20.011667251586914,20.325000762939453,20.740001678466797
1881,80.39921792869717,37.07811061967602,0.49249935150146484,0.5049982070922852,3.812900081954504,14.151667594909668,14.410000801086426,14.039999008178711,14.423334121704102,14.773333549499512,20.430002212524414,20.73666763305664,20.246667861938477,20.651668548583984,21.088333129882812
1882,81.29753321281669,37.07811061967602,0.5149989128112793,0.6308345794677734,5.517878947341532,13.401667594909668,13.588333129882812,13.241665840148926,13.628334045410156,14.00999927520752,20.393333435058594,20.641666412353516,20.168333053588867,20.626667022705078,21.148334503173828
1884,83.09416378105573,37.07811061967602,0.47499990463256836,0.9958343505859375,5.27779573282188,11.6850004196167,11.864999771118164,11.460000038146973,11.985000610351562,12.25,19.823333740234375,20.118331909179688,19.588333129882812,20.42999839782715,20.96666717529297
1892,90.28068605401192,37.078110619676025,-0.2516666650772095,-0.03333282470703125,-1.776472271191575,-2.131666421890259,-1.8483333587646484,-2.178333282470703,-2.430000066757202,-2.241666555404663,5.1483330726623535,5.374999523162842,4.978333473205566,4.845000267028809,5.228333473205566
1895,92.97563190637047,37.07811061967602,-0.2866666316986084,0.08666658401489258,-2.6874962281484063,3.7816665172576904,3.995000123977661,3.7116665840148926,3.378333330154419,3.6016666889190674,11.376667976379395,11.479999542236328,11.166666030883789,11.113333702087402,11.515000343322754
1896,93.87394719048999,37.07811061967602,-0.0033333301544189453,0.28583288192749023,-0.013422812348488121,4.175000190734863,4.671666622161865,4.5283331871032715,4.494999885559082,4.420000076293945,11.923334121704102,12.265000343322754,12.065000534057617,12.281667709350586,12.380000114440918
1897,94.7722624746095,37.07811061967602,0.05333304405212402,0.3166675567626953,0.6037700710127207,5.236666679382324,5.413333415985107,5.2300004959106445,5.239999771118164,5.37833309173584,12.72833251953125,12.838333129882812,12.690000534057617,12.809999465942383,13.100000381469727
1899,96.56889304284854,37.07811061967602,0.3000004291534424,0.38416624069213867,1.9148923542365117,3.9549994468688965,4.268333435058594,4.195000171661377,4.168333053588867,4.4116668701171875,10.856667518615723,11.048334121704102,11.008334159851074,11.088333129882812,11.33666706085205
1900,97.46720832696808,37.07811061967602,0.1875002384185791,0.30249881744384766,2.184469363436117,4.019999980926514,4.191666603088379,4.091666221618652,4.106666564941406,4.293333530426025,10.77833366394043,10.866666793823242,10.843334197998047,10.876667976379395,11.124999046325684
1901,98.3655236110876,37.07811061967602,0.12916676700115204,-0.08333373069763184,3.0392145519313636,-0.2883334755897522,-0.20333337783813477,-0.2766667604446411,-0.34999996423721313,-0.11666665971279144,6.363333702087402,6.27666711807251,6.28000020980835,6.0366668701171875,6.236666679382324
1902,99.26383889520712,37.07811061967602,0.7633334472775459,0.5166666507720947,4.978259587192651,-1.038333535194397,-0.7316667437553406,-0.699999988079071,-0.30666661262512207,-0.12166669219732285,5.701666831970215,5.781667232513428,5.811666488647461,6.0933332443237305,6.258333683013916
1903,100.16215417932663,37.07811061967602,0.3266667053103447,0.25499939918518066,3.1111120177956795,-0.06833328306674957,0.14166668057441711,0.0700000673532486,0.2333332747220993,0.36333340406417847,6.6700005531311035,6.789999961853027,6.669999599456787,6.698333740234375,6.984999656677246
1904,101.06046946344617,37.07811061967602,0.11083334684371948,-0.12999963760375977,1.985076761959461,-1.5466666221618652,-1.4350000619888306,-1.50166654586792,-1.4133334159851074,-1.3799999952316284,5.005000114440918,5.0883331298828125,5.021666526794434,4.888333320617676,4.9166669845581055
1905,101.95878474756569,37.07811061967602,0.2183334082365036,-0.04333353042602539,5.695644061385938,-0.30833324790000916,-0.3850000500679016,-0.43833333253860474,-0.23499998450279236,-0.12833324074745178,6.065000057220459,5.974999904632568,5.960000038146973,5.921666622161865,5.976666450500488
1906,102.8571000316852,37.07811061967602,0.3391668200492859,0.6099998950958252,5.024698422285624,0.8966666460037231,1.0316665172576904,0.971666693687439,1.1799999475479126,1.3033334016799927,6.431666374206543,6.401666164398193,6.28000020980835,6.598333835601807,7.026666164398193
1907,103.75541531580473,37.07811061967602,0.22999978065490723,0.5349998474121094,4.758608953015169,5.643333435058594,5.546666622161865,5.481666564941406,5.698332786560059,5.824999809265137,11.460000991821289,11.210000991821289,11.059999465942383,11.444998741149902,11.870000839233398
1908,104.65373059992424,37.07811061967602,0.3408336639404297,0.3708329200744629,5.9275537790456605,8.515000343322754,8.40000057220459,8.366666793823242,8.625000953674316,8.798334121704102,14.54333209991455,14.475000381469727,14.253334045410156,14.601667404174805,14.879999160766602
1909,105.55204588404376,37.07811061967602,0.7491674423217773,0.9575004577636719,14.26991825613079,9.488333702087402,9.59333324432373,9.641666412353516,10.063333511352539,10.290000915527344,15.478334426879883,15.469999313354492,15.503334045410156,16.0916690826416,16.43166732788086
1910,106.45036116816327,37.07811061967602,0.752500057220459,0.9158334732055664,4.988973156844831,8.378334045410156,8.679999351501465,8.648332595825195,8.99333381652832,9.28166675567627,14.194999694824219,14.383333206176758,14.315000534057617,14.851666450500488,15.204999923706055
1911,107.34867645228282,37.07811061967602,0.7758336067199707,0.7824983596801758,4.97862945793363,8.11833381652832,8.429999351501465,8.430000305175781,8.75666618347168,9.050000190734863,14.266667366027832,14.571667671203613,14.311666488647461,14.795000076293945,15.201665878295898
1912,108.24699173640234,37.07811061967602,0.5958333015441895,0.638333797454834,5.542656015045932,8.430000305175781,8.644999504089355,8.418333053588867,8.823333740234375,9.133333206176758,14.475001335144043,14.688333511352539,14.295000076293945,14.791666984558105,15.220001220703125
1913,109.14530702052186,37.07811061967602,0.5925002098083496,0.578333854675293,5.345851528384279,9.091666221618652,9.313333511352539,9.063333511352539,9.476667404174805,9.795000076293945,15.458333969116211,15.694999694824219,15.334999084472656,15.741666793823242,16.155000686645508
1914,110.04362230464137,37.07811061967602,0.5650005340576172,0.7483329772949219,5.380932053296519,10.586666107177734,10.796667098999023,10.516667366027832,10.97166633605957,11.256667137145996,16.866666793823242,17.030000686645508,16.614999771118164,17.2983341217041,17.696666717529297
1916,111.84025287288041,37.07811061967602,0.557499885559082,0.6475000381469727,3.696136823469904,10.05333423614502,10.355000495910645,10.068333625793457,10.47166633605957,10.761667251586914,16.06333351135254,16.275001525878906,15.860000610351562,16.48166847229004,16.816667556762695
1917,112.73856815699993,37.07811061967602,0.6950006484985352,0.6958332061767578,5.02410153530089,9.303333282470703,9.579999923706055,9.321666717529297,9.861666679382324,10.136667251586914,15.199999809265137,15.468335151672363,15.043333053588867,15.696667671203613,16.030000686645508
1918,113.63688344111945,37.07811061967602,0.7008333206176758,0.573333740234375,4.918131198886376,8.646666526794434,8.931666374206543,8.65999984741211,9.204999923706055,9.489999771118164,14.103334426879883,14.456666946411133,14.111666679382324,14.526667594909668,14.853334426879883
1919,114.53519872523898,37.07811061967602,0.7158336639404297,1.2733345031738281,6.092185572365431,14.688333511352539,14.923334121704102,14.485000610351562,15.196667671203613,15.52166748046875,19.616666793823242,19.899999618530273,19.331666946411133,20.516666412353516,21.031667709350586
1920,115.43351400935852,37.07811061967602,1.0816669464111328,1.6508331298828125,17.078903779551272,14.401666641235352,14.52833366394043,14.104998588562012,15.253334045410156,15.546667098999023,19.165000915527344,19.35333251953125,18.82833480834961,20.43166732788086,20.90999984741211
1921,116.33182929347802,37.07811061967602,1.0508337020874023,1.2083349227905273,15.962089496023525,14.430000305175781,14.561666488647461,14.063333511352539,15.269999504089355,15.546667098999023,19.381664276123047,19.558332443237305,18.920001983642578,20.31166648864746,20.678333282470703
1922,117.23014457759756,37.07811061967602,0.8191657066345215,1.0000019073486328,9.543707119246688,14.128334045410156,14.300000190734863,13.698333740234375,14.708333015441895,15.033332824707031,19.116666793823242,19.3266658782959,18.584999084472656,19.801666259765625,20.221668243408203
1923,118.12845986171706,37.07811061967602,0.7933340072631836,0.9058332443237305,8.98106342780027,13.713333129882812,13.89000129699707,13.41833209991455,14.36833381652832,14.595001220703125,19.029998779296875,19.125001907348633,18.469999313354492,19.625,19.983333587646484
1924,118.96492958505569,37.00713116403455,0.794166088104248,0.9033336639404297,9.435598914515243,13.565000534057617,13.7333345413208,13.27166748046875,14.208333969116211,14.443333625793457,18.79666519165039,18.876667022705078,18.183334350585938,19.364999771118164,19.739999771118164
1925,119.98088085586191,37.02983669432528,0.8125004768371582,1.0324993133544922,15.476126465699675,13.019999504089355,13.125,12.64666748046875,13.648333549499512,13.885000228881836,17.498332977294922,17.513336181640625,16.866666793823242,18.139999389648438,18.538333892822266
1926,120.82340571407563,37.07811061967602,0.7858333587646484,1.2683334350585938,21.930217703731305,11.96500015258789,12.036666870117188,11.556666374206543,12.454999923706055,12.786666870117188,15.533334732055664,15.469999313354492,14.86833381652832,16.27833366394043,16.770000457763672
1927,121.68864427738737,37.13320114804453,0.7841672897338867,1.2508316040039062,37.64060425726711,13.151667594909668,13.193333625793457,12.748332977294922,13.606668472290039,13.95666790008545,16.096668243408203,16.061664581298828,15.561668395996094,16.684999465942383,17.329998016357422
1928,122.34726400734631,37.13988999687413,0.7908339500427246,0.8949995040893555,41.261326035576566,12.786666870117188,12.824999809265137,12.391667366027832,13.223333358764648,13.596667289733887,15.568333625793457,15.498333930969238,14.96833324432373,15.921667098999023,16.428333282470703
1950,77.7042720763386,36.358042728037645,0.4808332920074463,0.3491666316986084,5.601942718416938,-4.226666450500488,-4.054999828338623,-4.249999523162842,-3.9633336067199707,-3.6599998474121094,2.118333339691162,2.380000114440918,2.06333327293396,2.3400001525878906,2.5983333587646484
1951,78.60258736045813,36.358042728037645,0.43666672706604004,0.14499974250793457,3.7971016596004934,-3.5183334350585938,-3.2883334159851074,-3.570000171661377,-3.2950000762939453,-2.9666666984558105,3.115000009536743,3.4150002002716064,3.008333206176758,3.0966665744781494,3.4099998474121094
1952,79.50090264457765,36.358042728037645,0.39999979734420776,0.10666656494140625,3.2876710919461676,1.913333535194397,2.1566667556762695,1.9516668319702148,2.0266666412353516,2.434999942779541,8.710000991821289,9.003334045410156,8.676667213439941,8.555000305175781,8.963334083557129
1953,80.39921792869717,36.358042728037645,0.4116666316986084,0.1316676139831543,3.3378407375260246,2.0966668128967285,2.3433332443237305,2.143333673477173,2.2183332443237305,2.631666660308838,9.026666641235352,9.323332786560059,9.00333309173584,8.869999885559082,9.30666732788086
1967,92.97563190637047,36.358042728037645,0.1025000810623169,-0.0841667652130127,0.40065151133201965,-4.426666736602783,-3.9149997234344482,-4.044999599456787,-4.053333759307861,-4.068333148956299,2.941667079925537,3.1433334350585938,2.9566664695739746,2.941666603088379,2.9583334922790527
1968,93.87394719048999,36.358042728037645,-0.1508331298828125,-0.1791670322418213,-1.660548712867389,-1.3966667652130127,-1.2150001525878906,-1.3599998950958252,-1.5983333587646484,-1.4566665887832642,5.989999771118164,5.815000057220459,5.616666316986084,5.4916672706604,5.72333288192749
1969,94.7722624746095,36.358042728037645,-0.16749989986419678,0.18166589736938477,-1.6611527062030873,3.109999895095825,3.311666965484619,3.1683335304260254,2.944999933242798,3.0433335304260254,10.1850004196167,10.318334579467773,10.218334197998047,10.166666030883789,10.433333396911621
1970,95.67057775872902,36.358042728037645,-0.1333332061767578,0.2841663360595703,-1.3559305595965474,2.196666717529297,2.3933334350585938,2.25,2.058333396911621,2.1616668701171875,9.073333740234375,9.184999465942383,9.094999313354492,9.071666717529297,9.41333293914795
1971,96.56889304284854,36.358042728037645,0.2658332586288452,0.1141672134399414,1.7821248158913257,3.260000228881836,3.558333158493042,3.4566664695739746,3.4183335304260254,3.674999952316284,10.190000534057617,10.338333129882812,10.30333423614502,10.101667404174805,10.378334045410156
1972,97.46720832696808,36.358042728037645,0.2958335876464844,0.14916658401489258,2.204970003696227,5.223333358764648,5.491666793823242,5.414999961853027,5.420000076293945,5.65333366394043,12.021666526794434,12.143333435058594,12.128334045410156,11.973333358764648,12.231666564941406
1973,98.3655236110876,36.358042728037645,0.3816666603088379,0.2241668701171875,3.5781203550346117,1.5983331203460693,1.81166672706604,1.7716667652130127,1.8583333492279053,2.0866665840148926,8.011667251586914,8.066667556762695,8.081666946411133,8.103334426879883,8.263334274291992
1974,99.26383889520712,36.358042728037645,0.3850000500679016,0.4508333206176758,2.1192662657516204,-1.8450000286102295,-1.4816666841506958,-1.5583332777023315,-1.5449999570846558,-1.278333306312561,4.716666221618652,4.961667060852051,4.983333587646484,4.9800004959106445,5.289999961853027
1975,100.16215417932663,36.358042728037645,0.32249999046325684,0.16666746139526367,2.263159039498869,2.37333345413208,2.6583333015441895,2.5966668128967285,2.6583333015441895,2.8383333683013916,9.65999984741211,9.846667289733887,9.823333740234375,9.696666717529297,9.920001029968262
1976,101.06046946344617,36.358042728037645,0.15499979257583618,-0.2216658592224121,3.5769167814055596,1.4550001621246338,1.541666865348816,1.475000023841858,1.4983333349227905,1.653333306312561,8.668333053588867,8.728333473205566,8.716667175292969,8.483333587646484,8.476667404174805
1977,101.95878474756569,36.358042728037645,0.2999997138977051,-0.08916616439819336,8.571399377388438,3.6083335876464844,3.6783337593078613,3.6483333110809326,3.813333511352539,3.943333387374878,10.65999984741211,10.701666831970215,10.728333473205566,10.625,10.591667175292969
1978,102.8571000316852,36.358042728037645,0.1808338165283203,-0.14333295822143555,6.575738660008323,5.941666603088379,5.99666690826416,5.929999828338623,6.028332710266113,6.15000057220459,12.486666679382324,12.453332901000977,12.398332595825195,12.338332176208496,12.326666831970215
1979,103.75541531580473,36.358042728037645,0.11583375930786133,-0.14083337783813477,1.252254017021759,8.811666488647461,8.626666069030762,8.55666732788086,8.684999465942383,8.835000038146973,15.00999927520752,14.725000381469727,14.61500072479248,14.666666030883789,14.726666450500488
1980,104.65373059992424,36.358042728037645,0.43666648864746094,0.532498836517334,3.9697077412586808,8.266666412353516,8.046667098999023,8.03166675567627,8.410000801086426,8.59333324432373,13.721667289733887,13.440000534057617,13.296667098999023,13.821667671203613,14.113332748413086
1981,105.55204588404376,36.35804272803766,0.5466663837432861,0.5258331298828125,3.904756957985569,6.223333835601807,5.943333625793457,5.936666488647461,6.393332481384277,6.630000114440918,11.480000495910645,11.105000495910645,11.01500129699707,11.539999961853027,11.818333625793457
1982,106.45036116816328,36.35804272803764,0.7333340644836426,0.7516674995422363,4.631584495059464,7.87833309173584,8.194999694824219,8.163333892822266,8.471667289733887,8.770000457763672,13.341665267944336,13.675000190734863,13.579999923706055,13.885000228881836,14.260000228881836
1983,107.34867645228282,36.35804272803764,0.16083431243896484,0.14083147048950195,2.718315307619155,9.894999504089355,10.013333320617676,9.703333854675293,9.82166576385498,10.11500072479248,15.460000991821289,15.568333625793457,15.198333740234375,15.269999504089355,15.654998779296875
1984,108.24699173640234,36.358042728037645,0.2116680145263672,0.2633342742919922,2.886366000832293,9.751666069030762,9.898333549499512,9.573333740234375,9.751667022705078,10.036667823791504,15.176666259765625,15.356666564941406,14.945001602172852,15.123332023620605,15.530000686645508
1985,109.14530702052186,36.358042728037645,0.12583303451538086,0.1508312225341797,1.2276455291058213,10.426667213439941,10.63166618347168,10.25666618347168,10.355000495910645,10.654999732971191,16.22333526611328,16.43166732788086,15.9783353805542,16.101665496826172,16.47833251953125
1986,110.04362230464136,36.35804272803764,0.34166765213012695,0.34583377838134766,3.4745685453954738,11.521666526794434,11.718334197998047,11.406667709350586,11.635001182556152,11.961668014526367,17.496667861938477,17.645000457763672,17.278331756591797,17.531665802001953,17.916667938232422
1987,110.94193758876088,36.35804272803764,0.554166316986084,0.5216646194458008,3.80001831064666,10.753334999084473,11.045000076293945,10.770000457763672,11.15666675567627,11.453333854675293,16.493335723876953,16.850000381469727,16.524999618530273,16.84166717529297,17.19333267211914
1988,111.84025287288041,36.358042728037645,0.7033348083496094,0.6091651916503906,4.906983552456486,12.418333053588867,12.704999923706055,12.455000877380371,12.976667404174805,13.26500129699707,18.31166648864746,18.71000099182129,18.32833480834961,18.793333053588867,19.119998931884766
1989,112.73856815699993,36.358042728037645,0.7291665077209473,0.6658334732055664,5.5732144223865525,10.578332901000977,10.840001106262207,10.600000381469727,11.151668548583984,11.438333511352539,16.21000099182129,16.584999084472656,16.243335723876953,16.738332748413086,17.06333351135254
1990,113.63688344111941,36.35804272803762,0.7208337783813477,0.7975006103515625,5.0584853636010765,11.548334121704102,11.833333969116211,11.605000495910645,12.081665992736816,12.411667823791504,16.858333587646484,17.213333129882812,16.82833480834961,17.353334426879883,17.83333396911621
1991,114.53519872523897,36.35804272803766,0.7374987602233887,0.9241676330566406,5.236675932540825,14.893333435058594,15.175000190734863,14.938333511352539,15.438331604003906,15.771665573120117,20.081666946411133,20.383333206176758,19.941665649414062,20.64333152770996,21.156667709350586
1992,115.4335140093584,36.35804272803764,0.753333568572998,1.0899991989135742,7.533414714395388,14.731668472290039,14.931666374206543,14.676668167114258,15.258334159851074,15.585000991821289,19.666667938232422,19.933332443237305,19.50666618347168,20.38833236694336,20.889999389648438
1993,116.33182929347797,36.35804272803764,0.7716646194458008,0.8924999237060547,7.847434778392008,14.835000991821289,15.031667709350586,14.773333549499512,15.373332023620605,15.704998970031738,19.755001068115234,20.01333236694336,19.6200008392334,20.354999542236328,20.77666664123535
1994,117.23014457759756,36.358042728037645,0.8124985694885254,0.9533329010009766,7.558154389357842,13.481668472290039,13.696667671203613,13.196667671203613,14.149999618530273,14.401666641235352,18.125,18.391666412353516,17.77833366394043,18.873332977294922,19.211666107177734
1995,118.12845986171706,36.358042728037645,0.7841672897338867,1.033334732055664,8.79440201929453,12.21166706085205,12.390000343322754,11.9399995803833,12.855000495910645,13.085000991821289,17.009998321533203,17.143333435058594,16.496667861938477,17.71000099182129,18.110000610351562
1996,119.0267751458366,36.358042728037645,0.8516664505004883,0.899165153503418,17.033588921950102,13.480000495910645,13.579998970031738,13.11500072479248,14.125,14.38166618347168,18.036666870117188,18.045000076293945,17.373332977294922,18.536664962768555,18.939998626708984
1997,119.90429364743613,36.37582446958123,0.837498664855957,0.8624973297119141,18.272596754057428,13.550000190734863,13.641667366027832,13.180000305175781,14.173334121704102,14.433332443237305,17.541667938232422,17.57666778564453,16.935001373291016,18.053333282470703,18.42166519165039
1998,120.63521252907444,36.46514627078322,0.8449993133544922,1.0183372497558594,31.68750447035262,12.829999923706055,12.883333206176758,12.465001106262207,13.398333549499512,13.701665878295898,16.36666488647461,16.433330535888672,15.998333930969238,16.926666259765625,17.4183349609375
2024,79.50090264457765,35.63125108320182,0.40416574478149414,0.022499900311231613,3.4892022064877324,-6.951666355133057,-6.71999979019165,-6.90500020980835,-6.824999809265137,-6.431667327880859,0.07499996572732925,0.34000009298324585,0.03166656941175461,-0.17333337664604187,0.22999992966651917
2027,82.19584849693621,35.63125108320182,0.5258328914642334,0.47999995946884155,5.78898008572561,-5.889999866485596,-5.7083330154418945,-6.056666851043701,-5.536666393280029,-5.273333549499512,1.616666555404663,1.899999976158142,1.4266667366027832,1.9500004053115845,2.238333225250244
2028,83.09416378105573,35.63125108320182,0.043332815170288086,0.5324998497962952,0.36619352238956326,-5.909999847412109,-5.673333644866943,-5.87666654586792,-5.994999885559082,-5.748333930969238,1.7000001668930054,2.0250000953674316,1.721666693687439,1.9633334875106812,2.3949999809265137
2039,92.97563190637047,35.63125108320182,0.07750058174133301,0.3316664695739746,0.24668648388984216,-5.448333263397217,-4.820000648498535,-4.931667327880859,-5.0916666984558105,-5.056666374206543,1.6733334064483643,2.0400002002716064,1.8966667652130127,2.0850000381469727,2.18833327293396
2040,93.87394719048999,35.63125108320182,0.20583415031433105,0.39416664838790894,0.6693790807358642,-5.3033342361450195,-4.688333988189697,-4.768333435058594,-4.823334217071533,-4.789999961853027,1.783333420753479,2.1483335494995117,2.0199999809265137,2.241666555404663,2.3600001335144043
2041,94.7722624746095,35.63125108320182,-0.1908332109451294,0.2049999237060547,-1.9243715056096573,-3.2916665077209473,-3.0933334827423096,-3.2249999046325684,-3.4616668224334717,-3.383333206176758,3.3949999809265137,3.565000057220459,3.4583332538604736,3.4733333587646484,3.684999942779541
2044,97.46720832696808,35.63125108320182,0.3233330249786377,0.1791667938232422,3.2881316070216275,-2.698333263397217,-2.50166654586792,-2.570000171661377,-2.5,-2.2766668796539307,3.9716668128967285,4.003333568572998,4.009999752044678,3.9033331871032715,4.1666669845581055
2045,98.3655236110876,35.63125108320182,0.375,0.18833327293395996,3.4615379536646396,-1.3200000524520874,-1.1033333539962769,-1.153333306312561,-1.06333327293396,-0.8366667032241821,5.223333358764648,5.28000020980835,5.2783331871032715,5.310000419616699,5.440000057220459
2046,99.26383889520712,35.63125108320182,0.11666584014892578,-0.04499971866607666,0.4545422456058216,-4.818333148956299,-4.304999828338623,-4.4800004959106445,-4.553333282470703,-4.445000648498535,2.071666717529297,2.365000009536743,2.2766666412353516,2.113333225250244,2.1733336448669434
2047,100.16215417932663,35.63125108320182,0.019166946411132812,-0.24916601181030273,0.18400254516407383,1.943333387374878,2.1516668796539307,2.0316662788391113,1.9216667413711548,2.066667079925537,9.600000381469727,9.71833324432373,9.636667251586914,9.283333778381348,9.410000801086426
2048,101.06046946344617,35.63125108320182,0.2291664481163025,0.06666755676269531,7.857110743720585,1.3866666555404663,1.445000171661377,1.399999976158142,1.531666874885559,1.6449998617172241,8.893333435058594,8.833333969116211,8.82499885559082,8.795000076293945,8.930001258850098
2049,101.95878474756569,35.6312510832018,0.3050002455711365,0.18583297729492188,11.43749455176992,1.0183331966400146,1.0716665983200073,1.0433334112167358,1.2216668128967285,1.3500001430511475,8.181666374206543,8.123333930969238,8.136666297912598,8.146666526794434,8.338333129882812
2050,102.8571000316852,35.63125108320182,0.2866666316986084,-0.06583261489868164,15.636478314584824,4.261666774749756,4.298333168029785,4.241666316986084,4.425000190734863,4.566666603088379,11.045000076293945,10.966666221618652,10.923333168029785,10.936666488647461,10.940000534057617
2051,103.75541531580473,35.63125108320182,0.2908332347869873,0.1033334732055664,2.6240575301859232,6.15500020980835,5.933333396911621,5.910000801086426,6.171666622161865,6.335000038146973,12.225000381469727,11.805000305175781,11.808333396911621,11.90999984741211,12.11833381652832
2052,104.65373059992424,35.63125108320182,0.40416669845581055,0.38916635513305664,3.0503107534737093,7.335000038146973,7.069999694824219,7.043333530426025,7.398333549499512,7.606666564941406,12.548334121704102,12.15000057220459,12.071666717529297,12.498333930969238,12.738333702087402
2053,105.55204588404376,35.63125108320182,0.7049987316131592,0.7474989891052246,4.499996195444577,7.3666672706604,7.680000305175781,7.65166711807251,7.930000305175781,8.22833251953125,12.434999465942383,12.65000057220459,12.519999504089355,12.9399995803833,13.289999008178711
2054,106.45036116816328,35.63125108320182,-0.0733327865600586,-0.08499908447265625,-1.5714183534797226,7.078333377838135,7.171666622161865,6.7950005531311035,6.838334083557129,7.051667213439941,12.15000057220459,12.166666984558105,11.698333740234375,11.786667823791504,12.073334693908691
2055,107.34867645228282,35.63125108320182,0.6574997901916504,0.6550025939941406,5.441396183974271,10.230000495910645,10.47166633605957,10.3100004196167,10.71166706085205,11.008333206176758,15.539999008178711,15.739999771118164,15.510000228881836,15.899999618530273,16.295001983642578
2056,108.24699173640234,35.63125108320182,0.4658341407775879,0.5025014877319336,3.0216262360389843,10.216666221618652,10.524999618530273,10.343334197998047,10.550000190734863,10.83666706085205,15.261665344238281,15.563333511352539,15.321667671203613,15.5433349609375,15.915000915527344
2057,109.14530702052186,35.63125108320182,0.5583329200744629,0.5700006484985352,5.317455415733807,11.475000381469727,11.6850004196167,11.441667556762695,11.895000457763672,12.138333320617676,16.950000762939453,17.17999839782715,16.858333587646484,17.3316650390625,17.635000228881836
2058,110.04362230464137,35.6312510832018,0.3424997329711914,0.3708324432373047,3.5128232716459955,10.761667251586914,10.956666946411133,10.664999961853027,10.941667556762695,11.201666831970215,16.138334274291992,16.366666793823242,15.988332748413086,16.286666870117188,16.623332977294922
2059,110.9419375887609,35.63125108320182,0.7158336639404297,0.7599992752075195,7.3418952228177945,12.546667098999023,12.741666793823242,12.518333435058594,13.0816650390625,13.360000610351562,18.198331832885742,18.398334503173828,18.125,18.700000762939453,19.058332443237305
2060,111.84025287288041,35.63125108320182,0.6899995803833008,0.660832405090332,4.813947144301911,12.046667098999023,12.333333969116211,12.118332862854004,12.585000991821289,12.880000114440918,17.56166648864746,17.903331756591797,17.646665573120117,18.046667098999023,18.39333152770996
2061,112.73856815699993,35.63125108320182,0.7066669464111328,0.6516656875610352,4.930231010805344,11.438333511352539,11.725000381469727,11.495000839233398,11.973333358764648,12.288333892822266,16.858333587646484,17.26500129699707,16.92999839782715,17.351667404174805,17.713333129882812
2062,113.63688344111945,35.63125108320182,0.7374997138977051,0.6758337020874023,5.057135383458401,12.390000343322754,12.68166732788086,12.451667785644531,12.945001602172852,13.273333549499512,17.7016658782959,18.170001983642578,17.78333282470703,18.23000144958496,18.61166763305664
2063,114.53519872523898,35.63125108320182,0.7566676139831543,0.8600015640258789,5.404773825702229,15.081666946411133,15.361666679382324,15.143335342407227,15.646665573120117,15.978334426879883,20.22833251953125,20.581666946411133,20.10666847229004,20.75,21.26500129699707
2064,115.43351400935869,35.631251083201825,0.8066678047180176,1.0599994659423828,6.1266355935579435,14.826667785644531,15.089999198913574,14.871665954589844,15.421666145324707,15.76500129699707,19.813335418701172,20.036666870117188,19.593334197998047,20.461666107177734,20.985000610351562
2065,116.33182929347805,35.631251083201825,0.8733344078063965,0.9708347320556641,6.238066368531657,14.928332328796387,15.208333969116211,14.888334274291992,15.681666374206543,15.941667556762695,19.996665954589844,20.281665802001953,19.801666259765625,20.703332901000977,21.110000610351562
2066,117.23014457759756,35.63125108320182,0.8033342361450195,1.0799980163574219,7.088279843147815,14.239999771118164,14.466665267944336,13.96166706085205,14.898333549499512,15.15666675567627,19.041667938232422,19.221668243408203,18.678333282470703,19.80500030517578,20.211666107177734
2067,118.12845986171706,35.63125108320182,0.8125,1.0216646194458008,8.193260501615633,12.938333511352539,13.136667251586914,12.654999732971191,13.561666488647461,13.850000381469727,17.65999984741211,17.816667556762695,17.176666259765625,18.30500030517578,18.759998321533203
2068,119.0259319901902,35.631947679542264,0.8358330726623535,1.1250009536743164,15.430864034508561,12.840001106262207,12.948333740234375,12.484999656677246,13.463333129882812,13.730000495910645,16.606666564941406,16.760000228881836,16.27833366394043,17.38166618347168,17.808334350585938
2069,119.73521038494334,35.77315917428712,0.8391671180725098,0.8916654586791992,15.984060090280742,13.501666069030762,13.606666564941406,13.158332824707031,14.106666564941406,14.393333435058594,17.100000381469727,17.14666748046875,16.613332748413086,17.608333587646484,18.014999389648438
2111,92.97563190637047,34.89779093037981,0.49916744232177734,0.5458333492279053,1.7669627274046917,-4.998333930969238,-4.433333396911621,-4.5283331871032715,-4.264999866485596,-4.216666221618652,2.128333330154419,2.446666955947876,2.3433334827423096,2.7266669273376465,2.8333334922790527
2112,93.87394719048999,34.89779093037981,0.4541665315628052,0.3933330774307251,1.6076682970550469,-3.636666774749756,-3.0716664791107178,-3.200000286102295,-3.0,-2.9000000953674316,3.4633336067199707,3.6833336353302,3.5466666221618652,3.8566670417785645,3.9666666984558105
2113,94.7722624746095,34.89779093037981,-0.1808333396911621,-0.11333286762237549,-1.3478280185167086,-3.124999761581421,-2.8566668033599854,-2.9716668128967285,-3.238333225250244,-3.1716666221618652,3.7266666889190674,3.7966666221618652,3.698333263397217,3.4850001335144043,3.648333787918091
2114,95.67057775872902,34.89779093037981,-0.13750004768371582,-0.1475001573562622,-1.0,-4.126667022705078,-3.8516669273376465,-3.9666666984558105,-4.196666240692139,-4.126667022705078,2.7766666412353516,2.9050004482269287,2.7883331775665283,2.6033332347869873,2.693333387374878
2116,97.46720832696808,34.89779093037981,0.3275001049041748,0.07249963283538818,2.079365367701933,-3.6616668701171875,-3.3466668128967285,-3.426666736602783,-3.3933334350585938,-3.176666736602783,3.43500018119812,3.446666717529297,3.3499999046325684,3.325000047683716,3.5133330821990967
2117,98.3655236110876,34.89779093037981,0.42750024795532227,0.31333374977111816,2.714286795548915,-2.9883334636688232,-2.6733334064483643,-2.7350001335144043,-2.6449999809265137,-2.4033331871032715,3.696666717529297,3.813333034515381,3.8266663551330566,3.9066665172576904,4.068333625793457
2118,99.26383889520712,34.89779093037981,0.21499967575073242,-0.00583338737487793,0.6581629003793779,-5.704999923706055,-5.051667213439941,-5.266666889190674,-5.200000286102295,-5.163333892822266,1.2400000095367432,1.6583335399627686,1.5716665983200073,1.5083333253860474,1.443333387374878
2119,100.16215417932663,34.89779093037981,0.2508334517478943,0.028333425521850586,0.7659035635200696,-1.8950001001358032,-1.2400000095367432,-1.4550000429153442,-1.3966666460037231,-1.316666603088379,5.8466668128967285,6.239999771118164,6.079999923706055,6.021667003631592,6.071666717529297
2120,101.06046946344617,34.89779093037981,0.18083325028419495,0.10750007629394531,0.5665793855448867,-0.3499999940395355,0.28833332657814026,0.0350000336766243,0.06666667759418488,0.14999991655349731,7.383333683013916,7.794999599456787,7.623333930969238,7.636666774749756,7.696666717529297
2121,101.95878474756569,34.89779093037981,0.6549999713897705,0.4700005054473877,13.100019729167995,0.2883334457874298,0.3883332908153534,0.35333332419395447,0.6766666173934937,0.9933333396911621,7.9916672706604,7.858332633972168,7.908333778381348,8.133333206176758,8.395000457763672
2122,102.8571000316852,34.89779093037981,0.26999980211257935,0.040833473205566406,26.999980211257935,1.7383333444595337,1.751666784286499,1.6783332824707031,1.8233333826065063,2.0149998664855957,9.026666641235352,8.864999771118164,8.838334083557129,8.873333930969238,8.986666679382324
2123,103.75541531580473,34.89779093037981,0.5016665458679199,0.3100004196166992,7.341455840843513,3.4200000762939453,3.2833333015441895,3.260000228881836,3.6466667652130127,3.8533332347869873,9.649999618530273,9.353334426879883,9.405000686645508,9.686666488647461,9.811667442321777
2124,104.65373059992424,34.89779093037981,0.3683333396911621,0.4033317565917969,36.83333396911621,7.693333625793457,7.680000305175781,7.5416669845581055,7.643333435058594,8.055000305175781,12.820001602172852,12.680000305175781,12.47166633605957,12.69666576385498,13.153332710266113
2125,105.55204588404376,34.89779093037981,0.7000007629394531,0.7866663932800293,5.384656014789384,10.256668090820312,10.516666412353516,10.343332290649414,10.768333435058594,11.086668014526367,15.269999504089355,15.49333381652832,15.21166706085205,15.7933349609375,16.168333053588867
2126,106.45036116816328,34.89779093037983,0.6808333396911621,0.7358331680297852,4.233172542404037,8.77166748046875,9.09333324432373,9.02166748046875,9.280000686645508,9.613333702087402,13.626666069030762,13.921666145324707,13.77833366394043,14.091665267944336,14.50999927520752
2127,107.34867645228282,34.89779093037981,0.6274986267089844,0.5483312606811523,3.942407937782358,11.360000610351562,11.678333282470703,11.561666488647461,11.756667137145996,12.146665573120117,16.360002517700195,16.606666564941406,16.40999984741211,16.5049991607666,17.031665802001953
2128,108.24699173640235,34.89779093037981,0.38916635513305664,0.4224996566772461,2.5801200686648604,12.235001564025879,12.536666870117188,12.32166576385498,12.446666717529297,12.77500057220459,16.885000228881836,17.229999542236328,16.90166664123535,17.106666564941406,17.479999542236328
2129,109.14530702052186,34.89779093037981,0.09166622161865234,0.11916637420654297,0.5188666004491277,14.861666679382324,15.214999198913574,14.908334732055664,14.826665878295898,15.129999160766602,20.03499984741211,20.406667709350586,20.005001068115234,19.981664657592773,20.34000015258789
2130,110.04362230464139,34.89779093037983,0.7166657447814941,0.7508335113525391,7.288088991906741,14.75,14.946667671203613,14.718332290649414,15.268333435058594,15.5649995803833,20.143333435058594,20.38833236694336,20.121667861938477,20.661666870117188,21.016666412353516
2131,110.9419375887609,34.89779093037981,0.7166666984558105,0.611668586730957,7.413782217289431,14.283332824707031,14.476666450500488,14.268333435058594,14.805000305175781,15.09666633605957,19.841665267944336,20.075000762939453,19.823333740234375,20.244998931884766,20.57000160217285
2132,111.84025287288041,34.89779093037981,0.48833322525024414,0.8025016784667969,3.2921187222538326,14.089999198913574,14.386667251586914,13.96833324432373,14.373333930969238,14.726666450500488,19.15999984741211,19.395000457763672,18.934999465942383,19.616668701171875,20.080001831054688
2133,112.73856815699993,34.89779093037981,0.7000007629394531,1.2308349609375,4.827607979321639,15.550000190734863,15.839999198913574,15.635000228881836,16.071666717529297,16.395000457763672,20.521665573120117,20.72333335876465,20.44000244140625,21.338335037231445,21.853334426879883
2134,113.63688344111945,34.89779093037981,0.5391669273376465,0.9475011825561523,5.015524988578044,15.535000801086426,15.75,15.50666618347168,15.795000076293945,16.18166732788086,20.478334426879883,20.606666564941406,20.28499984741211,20.918333053588867,21.490001678466797
2135,114.53519872523891,34.8977909303798,0.8391671180725098,1.330831527709961,6.254681608006625,15.260000228881836,15.528332710266113,15.324999809265137,15.880000114440918,16.233333587646484,20.128334045410156,20.310001373291016,20.038333892822266,21.011667251586914,21.549999237060547
2136,115.43351400935839,34.89779093037983,0.8250007629394531,1.1583356857299805,6.0365651124167865,15.238332748413086,15.511667251586914,15.308334350585938,15.866666793823242,16.200000762939453,19.97333335876465,20.183330535888672,19.935001373291016,20.768333435058594,21.23666763305664
2137,116.33182929347818,34.89779093037983,0.8233342170715332,1.0874996185302734,9.68633489848926,15.369999885559082,15.539999008178711,15.081666946411133,15.97833251953125,16.27833366394043,20.18166732788086,20.276668548583984,19.831668853759766,20.8700008392334,21.316667556762695
2138,117.23014457759756,34.89779093037981,0.8024997711181641,1.0458335876464844,12.839996337890625,15.223333358764648,15.348333358764648,14.90666675567627,15.75666618347168,16.088333129882812,19.899999618530273,19.988332748413086,19.546667098999023,20.49333381652832,20.989999771118164
2139,118.12845986171706,34.89779093037981,0.7266678810119629,1.072500228881836,5.518996831145315,15.0166654586792,15.279998779296875,14.99000072479248,15.501666069030762,15.875,19.406667709350586,19.63166618347168,19.351665496826172,20.061668395996094,20.59166717529297
2140,118.96034491020995,34.88678949516058,0.7033329010009766,0.9683332443237305,10.82041726576484,14.491666793823242,14.621667861938477,14.225000381469727,14.994999885559082,15.260000228881836,18.68833351135254,18.80500030517578,18.51333236694336,19.31166648864746,19.71500015258789
2171,82.19584849693621,34.15772237235127,0.3041665554046631,-0.03583347797393799,4.620251697600724,-5.6616668701171875,-5.53000020980835,-5.664999961853027,-5.348333835601807,-5.2916669845581055,2.006666660308838,2.068333387374878,1.7999999523162842,1.9350000619888306,2.00166654586792
2182,92.07731662225093,34.15772237235127,0.29166650772094727,0.3941667079925537,0.9114580267729219,-4.223333358764648,-3.5833334922790527,-3.669999599456787,-3.686666965484619,-3.6116669178009033,3.00166654586792,3.553333282470703,3.4883334636688232,3.6766669750213623,3.6716666221618652
2183,92.97563190637047,34.15772237235127,0.4266664981842041,0.305833101272583,1.4382007392042664,-3.5483336448669434,-2.9549999237060547,-3.1066670417785645,-2.926666498184204,-2.825000286102295,3.936666965484619,4.198333740234375,4.035000324249268,4.316667079925537,4.37333345413208
2184,93.87394719048999,34.15772237235127,0.45166683197021484,0.42250001430511475,1.5755808537818705,-3.830000400543213,-3.256666660308838,-3.391666889190674,-3.196666717529297,-3.0916666984558105,3.2300000190734863,3.5383331775665283,3.3499999046325684,3.7216668128967285,3.806666612625122
2186,95.67057775872902,34.15772237235127,0.38833320140838623,0.17333316802978516,1.301675736563679,-3.8316664695739746,-3.234999895095825,-3.31000018119812,-3.318333387374878,-3.1449999809265137,3.121666431427002,3.705000400543213,3.631666660308838,3.488333225250244,3.5866665840148926
2187,96.56889304284854,34.15772237235127,0.33333373069763184,0.05999976396560669,1.0869580090386572,-5.2866668701171875,-4.673333644866943,-4.766666412353516,-4.831666946411133,-4.646666526794434,1.6683334112167358,2.2816667556762695,2.178333282470703,1.9283332824707031,2.0349998474121094
2188,97.46720832696808,34.15772237235127,0.310833215713501,0.08749973773956299,1.0749274644165452,-5.5883331298828125,-5.009999752044678,-5.130000591278076,-5.183333396911621,-4.988333225250244,1.3216665983200073,1.8966668844223022,1.7900002002716064,1.556666612625122,1.6966664791107178
2189,98.3655236110876,34.15772237235126,0.2883336544036865,0.03083348274230957,0.9774019655384217,-4.2316670417785645,-3.641666889190674,-3.7683329582214355,-3.8450005054473877,-3.6483333110809326,2.6716666221618652,3.246666431427002,3.12333345413208,2.8499999046325684,2.990000009536743
2191,100.16215417932663,34.15772237235127,0.2849999666213989,0.05083322525024414,0.8636361501762311,-2.883333444595337,-2.2233333587646484,-2.419999837875366,-2.3416666984558105,-2.2683334350585938,4.650000095367432,5.061666965484619,4.951666831970215,4.87166690826416,4.9066667556762695
2193,101.95878474756569,34.15772237235126,0.18666664138436317,-0.20083332061767578,0.5863873173463466,-0.7050000429153442,-0.06833333522081375,-0.3383333086967468,-0.3149999678134918,-0.20000004768371582,7.025000095367432,7.526666164398193,7.268333435058594,7.12833309173584,7.074999809265137
2194,102.8571000316852,34.15772237235127,0.6358335018157959,0.4591665267944336,4.360003531321679,1.1466667652130127,1.43833327293396,1.4183332920074463,1.653333306312561,1.9283335208892822,8.433332443237305,8.558334350585938,8.546667098999023,8.758333206176758,8.954999923706055
2195,103.75541531580473,34.15772237235127,0.6525000333786011,0.5091657638549805,4.278694496275584,2.9333336353302,3.238333225250244,3.188333511352539,3.426666736602783,3.7383334636688232,9.245000839233398,9.456666946411133,9.268333435058594,9.644999504089355,9.859999656677246
2196,104.65373059992424,34.15772237235127,0.24916577339172363,0.09083271026611328,7.666632432234164,5.578333854675293,5.643333911895752,5.473333358764648,5.4716668128967285,5.859999656677246,10.764999389648438,10.746667861938477,10.518333435058594,10.55333423614502,10.84666633605957
2197,105.55204588404376,34.15772237235127,0.6600017547607422,0.7816677093505859,4.08250402609737,9.803333282470703,10.126665115356445,10.046667098999023,10.305000305175781,10.625000953674316,14.60999870300293,14.823333740234375,14.690000534057617,15.010002136230469,15.498333930969238
2198,106.45036116816328,34.15772237235127,0.7275009155273438,0.8475003242492676,6.466663840969779,9.574999809265137,9.800000190734863,9.641667366027832,10.088334083557129,10.415000915527344,14.24333381652832,14.355000495910645,14.13166618347168,14.643333435058594,15.14666748046875
2199,107.34867645228282,34.15772237235127,0.7466669082641602,0.7616672515869141,4.7158061485086495,10.958333969116211,11.274999618530273,11.190000534057617,11.508333206176758,11.863333702087402,15.556666374206543,15.869999885559082,15.766667366027832,16.018333435058594,16.475000381469727
2200,108.24699173640234,34.15772237235127,0.06750059127807617,0.11333274841308594,0.4378442913745055,14.795001029968262,15.10333251953125,14.771665573120117,14.723333358764648,15.016667366027832,19.520000457763672,19.860000610351562,19.4233341217041,19.46666717529297,19.803333282470703
2201,109.14530702052186,34.15772237235127,0.05666637420654297,0.08916664123535156,0.45333099365234375,14.183334350585938,14.433334350585938,13.878332138061523,14.048334121704102,14.36500072479248,19.010000228881836,19.281667709350586,18.628332138061523,18.873332977294922,19.235000610351562
2202,110.04362230464137,34.15772237235127,0.29833316802978516,0.1333332061767578,2.355255232645686,11.320000648498535,11.573334693908691,11.28166675567627,11.421667098999023,11.745000839233398,16.05666732788086,16.273334503173828,15.96833324432373,15.931666374206543,16.2983341217041
2203,110.9419375887609,34.15772237235127,0.2891669273376465,0.16083240509033203,2.360547448238816,12.00666618347168,12.251666069030762,11.954999923706055,12.09000015258789,12.418333053588867,17.11166763305664,17.306665420532227,17.00833511352539,16.994998931884766,17.369998931884766
2204,111.84025287288041,34.15772237235127,0.7283329963684082,0.9399986267089844,5.081372487050596,13.291666030883789,13.578333854675293,13.391667366027832,13.835000991821289,14.16333293914795,18.28499984741211,18.545001983642578,18.308332443237305,18.916667938232422,19.354999542236328
2205,112.73856815699993,34.15772237235127,0.7383317947387695,1.274165153503418,5.337375561867468,14.770001411437988,15.046666145324707,14.846667289733887,15.301666259765625,15.646665573120117,19.560001373291016,19.741666793823242,19.46500015258789,20.40166664123535,20.924999237060547
2206,113.63688344111945,34.15772237235127,0.5183329582214355,0.9499998092651367,4.8593543945605,15.644998550415039,15.858332633972168,15.60333251953125,15.871667861938477,16.26999855041504,20.49333381652832,20.619998931884766,20.295000076293945,20.93833351135254,21.50666618347168
2207,114.53519872523898,34.15772237235127,0.7616667747497559,1.2233333587646484,5.193204391688694,15.5,15.79333209991455,15.5,16.01500129699707,16.40833282470703,20.25833511352539,20.47833251953125,20.131664276123047,21.03499984741211,21.59166717529297
2208,115.43351400935852,34.15772237235128,0.7566661834716797,1.0441675186157227,5.279062649704583,15.573333740234375,15.860000610351562,15.574999809265137,16.086666107177734,16.47333335876465,20.33500099182129,20.553333282470703,20.228334426879883,20.973331451416016,21.48833465576172
2209,116.33182929347805,34.15772237235126,0.6466655731201172,0.9191675186157227,5.105240174672489,15.680000305175781,15.933334350585938,15.658332824707031,16.07833480834961,16.453332901000977,20.389999389648438,20.581666946411133,20.318334579467773,20.885000228881836,21.405000686645508
2210,117.2301445775975,34.157722372351216,0.6216654777526855,0.8591670989990234,4.782020386529778,15.545001029968262,15.805002212524414,15.480001449584961,15.838335037231445,16.296667098999023,20.060001373291016,20.288333892822266,19.961668014526367,20.404998779296875,21.033334732055664
2211,118.12845986171712,34.15772237235128,0.8300018310546875,1.1991682052612305,14.228819932642317,15.350000381469727,15.466665267944336,15.056666374206543,15.908332824707031,16.23833465576172,19.636667251586914,19.711666107177734,19.303333282470703,20.38833236694336,20.873334884643555
2212,119.0267751458366,34.15772237235127,0.6316671371459961,0.7774991989135742,4.986831802439392,14.953332901000977,15.206666946411133,14.79333209991455,15.355000495910645,15.71166706085205,19.075000762939453,19.399999618530273,19.083332061767578,19.53999900817871,20.014999389648438
2213,119.88273307532573,34.11129333024729,0.5891661643981934,0.6841659545898438,10.552228608518162,14.751666069030762,14.863332748413086,14.411666870117188,15.0600004196167,15.396665573120117,18.75,18.93166732788086,18.470001220703125,19.031665802001953,19.524999618530273
2214,120.40990167812144,33.87034137201034,0.4908332824707031,0.5916662216186523,9.061516250572204,15.149999618530273,15.258333206176758,14.80333423614502,15.363332748413086,15.694999694824219,19.193334579467773,19.376667022705078,18.903331756591797,19.38833236694336,19.876667022705078
2240,79.51589215248086,33.42118976720087,0.6558336019515991,0.2649998664855957,8.648370235877605,-2.7933332920074463,-2.641666889190674,-2.753333568572998,-2.2966666221618652,-2.061666488647461,4.4716668128967285,4.561666965484619,4.289999961853027,4.536667346954346,4.7816667556762695
2241,80.39921792869717,33.41111044324972,0.12666690349578857,-0.25583362579345703,9.500026822115728,-1.8683334589004517,-1.8416668176651,-1.9349998235702515,-1.568333387374878,-1.7283332347869873,5.595000267028809,5.576666831970215,5.315000057220459,5.4816670417785645,5.329999923706055
2250,88.48405548577286,33.41111044324972,0.42916619777679443,0.32749998569488525,1.4032687394148933,-4.239999771118164,-3.628333330154419,-3.700000047683716,-3.5149998664855957,-3.505000352859497,2.669999837875366,3.321666717529297,3.245000123977661,3.483333110809326,3.323333263397217
2254,92.07731662225093,33.41111044324972,0.06083393096923828,-0.006666779518127441,0.20797923761486883,-5.425000190734863,-4.840000152587891,-5.038333415985107,-5.1066670417785645,-5.071666240692139,1.7316668033599854,2.2750000953674316,2.071666717529297,2.066666841506958,1.996666669845581
2255,92.97563190637047,33.41111044324972,0.1983335018157959,0.1699998378753662,0.5534888177255667,-3.8633334636688232,-3.1466667652130127,-3.434999942779541,-3.380000352859497,-3.306666612625122,3.243333339691162,3.9200000762939453,3.628333568572998,3.754999876022339,3.75166654586792
2257,94.7722624746095,33.41111044324972,0.260833740234375,0.34416699409484863,0.8302397111354463,-2.936666965484619,-2.308333396911621,-2.391666889190674,-2.4533333778381348,-2.361666440963745,3.684999942779541,4.336667060852051,4.275000095367432,4.261666774749756,4.3550004959106445
2258,95.67057775872902,33.41111044324972,0.22499942779541016,0.17916691303253174,0.8490548722885496,-4.341666221618652,-3.811666488647461,-3.9066665172576904,-4.143333435058594,-3.8516669273376465,2.5366663932800293,2.931666612625122,2.8616669178009033,2.6483335494995117,2.9133334159851074
2259,96.56889304284854,33.41111044324972,0.09916651248931885,0.03500008583068848,0.3173329610187382,-2.7199997901916504,-2.0950000286102295,-2.321666717529297,-2.381666660308838,-2.308333396911621,4.306666374206543,4.963333606719971,4.771666526794434,4.625000476837158,4.670000076293945
2260,97.46720832696808,33.41111044324972,0.22833329439163208,0.09833431243896484,0.8303027807188753,-2.18666672706604,-1.6366666555404663,-1.7916666269302368,-1.774999976158142,-1.683333396911621,5.1449995040893555,5.404999732971191,5.2900004386901855,5.295000076293945,5.373333930969238
2261,98.3655236110876,33.41111044324972,0.30250030755996704,0.1358332633972168,0.9945217280032859,-1.6416667699813843,-1.0333335399627686,-1.1416666507720947,-1.191666603088379,-1.0349998474121094,5.576666831970215,5.978333473205566,6.010000228881836,5.87166690826416,5.913333415985107
2262,99.26383889520712,33.411110443249726,0.31916677951812744,0.13749969005584717,0.9696202916721443,-3.5583336353302,-2.9000000953674316,-3.06333327293396,-2.984999895095825,-2.9100000858306885,3.620000123977661,4.09499979019165,4.02500057220459,3.9699997901916504,3.994999647140503
2263,100.16215417932663,33.41111044324972,0.2666667699813843,-0.033333539962768555,0.7960204015183353,-2.0999999046325684,-1.4300000667572021,-1.6299998760223389,-1.5699999332427979,-1.498333215713501,5.410000324249268,5.9066667556762695,5.798333168029785,5.695000648498535,5.625
2264,101.06046946344617,33.411110443249726,0.27166688442230225,-0.051666259765625,0.8150005561112694,-2.5199999809265137,-1.8533332347869873,-2.0916666984558105,-2.054999828338623,-1.9149997234344482,5.238333225250244,5.724999904632568,5.576666355133057,5.4583330154418945,5.430000305175781
2265,101.95878474756569,33.41111044324972,0.3008332997560501,0.033333539962768555,0.9139238686386779,-0.6883333325386047,-0.02999994158744812,-0.2616666853427887,-0.20666663348674774,-0.05833333730697632,7.180000305175781,7.813333034515381,7.548333644866943,7.5366668701171875,7.53000020980835
2266,102.8571000316852,33.41111044324972,0.320833683013916,0.21166706085205078,0.9948331550430521,1.9016666412353516,2.5466666221618652,2.31000018119812,2.358333110809326,2.5450003147125244,9.405000686645508,9.841667175292969,9.695000648498535,9.683333396911621,9.835000991821289
2267,103.75541531580473,33.41111044324972,0.3983333110809326,0.31166696548461914,12.57891130853787,2.070000171661377,2.006666660308838,1.8733333349227905,2.0850000381469727,2.43666672706604,8.641667366027832,8.481666564941406,8.346667289733887,8.623333930969238,8.873333930969238
2268,104.65373059992424,33.41111044324972,0.1791667938232422,-0.01666545867919922,5.000133074282064,10.114999771118164,10.0433349609375,9.855000495910645,9.858333587646484,10.258334159851074,15.350000381469727,15.149999618530273,14.988332748413086,14.925000190734863,15.2333345413208
2269,105.55204588404376,33.41111044324972,0.7491664886474609,0.7775020599365234,4.563456701192627,12.828333854675293,13.15666675567627,13.079999923706055,13.441667556762695,13.741666793823242,17.36833381652832,17.613332748413086,17.505001068115234,17.891666412353516,18.268335342407227
2270,106.45036116816328,33.411110443249726,0.7366666793823242,0.7516670227050781,4.702125069242803,13.543333053588867,13.856666564941406,13.773333549499512,14.081666946411133,14.436666488647461,17.976665496826172,18.229999542236328,18.121667861938477,18.421667098999023,18.854999542236328
2271,107.34867645228282,33.41111044324972,0.33499956130981445,0.34999752044677734,8.03983612373116,13.628332138061523,13.71166706085205,13.496667861938477,13.626666069030762,14.004999160766602,18.06166648864746,18.038333892822266,17.808334350585938,17.918333053588867,18.39999771118164
2272,108.24699173640234,33.41111044324972,0.48999977111816406,0.44916629791259766,10.499897821555564,12.421667098999023,12.51500129699707,12.378332138061523,12.579999923706055,12.958333969116211,16.86166763305664,16.90333366394043,16.755001068115234,16.873334884643555,17.331666946411133
2273,109.14530702052186,33.41111044324972,0.30250072479248047,0.37833309173583984,2.312119135784471,12.741666793823242,13.003332138061523,12.716666221618652,12.963333129882812,13.175000190734863,16.98166847229004,17.278331756591797,16.873332977294922,17.231666564941406,17.508333206176758
2274,110.04362230464137,33.41111044324972,0.42333459854125977,0.3858346939086914,3.5774464569943385,13.638331413269043,13.875,13.608332633972168,13.841665267944336,14.180000305175781,18.613330841064453,18.7983341217041,18.533334732055664,18.688335418701172,19.09166717529297
2275,110.9419375887609,33.41111044324972,0.4116659164428711,0.39333152770996094,3.1265880546421174,13.888334274291992,14.151666641235352,13.823333740234375,14.020001411437988,14.431666374206543,19.093334197998047,19.333332061767578,19.024999618530273,19.114999771118164,19.606664657592773
2276,111.84025287288041,33.41111044324972,0.7474985122680664,1.037501335144043,4.796784636756975,15.231666564941406,15.543333053588867,15.269999504089355,15.74333381652832,16.134998321533203,20.124998092651367,20.323333740234375,20.0,20.733333587646484,21.261667251586914
2277,112.73856815699993,33.41111044324972,0.7249979972839355,0.8758325576782227,4.677400102750577,15.681668281555176,15.991668701171875,15.704999923706055,16.166667938232422,16.56166648864746,20.593334197998047,20.85500144958496,20.546667098999023,21.10333251953125,21.600000381469727
2278,113.63688344111945,33.41111044324972,0.7200021743774414,0.9766635894775391,4.747297730659675,15.76500129699707,16.06833267211914,15.783334732055664,16.24166488647461,16.636669158935547,20.51333236694336,20.70333480834961,20.358333587646484,21.058332443237305,21.584997177124023
2279,114.53519872523897,33.41111044324971,0.7316665649414062,1.0641670227050781,4.7717281785274475,15.991666793823242,16.2983341217041,16.0,16.46500015258789,16.876667022705078,20.584999084472656,20.856666564941406,20.501667022705078,21.22333335876465,21.78499984741211
2280,115.43351400935852,33.411110443249726,0.6166677474975586,1.0358333587646484,6.607160738553342,16.036666870117188,16.22333335876465,15.891667366027832,16.31333351135254,16.746667861938477,20.485002517700195,20.636667251586914,20.243331909179688,20.96666717529297,21.596668243408203
2281,116.33182929347802,33.41111044324972,0.4483308792114258,0.4308319091796875,3.8985048139517526,16.34000015258789,16.57000160217285,16.216665267944336,16.53333282470703,16.903331756591797,20.996667861938477,21.228334426879883,20.838333129882812,21.05499839782715,21.543333053588867
2282,117.23014457759756,33.41111044324972,0.3750009536743164,0.6816673278808594,3.3088211782327352,16.358333587646484,16.58500099182129,16.128332138061523,16.405000686645508,16.846668243408203,20.656665802001953,20.843334197998047,20.42999839782715,20.84000015258789,21.43166732788086
2283,118.12845986171716,33.41111044324973,0.21000003814697266,0.3100004196166992,2.2500025544872124,16.008333206176758,16.19499969482422,15.61500072479248,16.038333892822266,16.31166648864746,20.38833236694336,20.7016658782959,20.135000228881836,20.4233341217041,20.854999542236328
2284,119.0267751458366,33.41111044324972,0.5849995613098145,0.6550006866455078,4.874981621956695,15.706666946411133,15.946667671203613,15.5,16.001667022705078,16.411666870117188,20.001667022705078,20.268333435058594,19.869998931884766,20.274999618530273,20.790000915527344
2285,119.9250904299561,33.41111044324972,0.2933330535888672,0.42083263397216797,4.190490463215259,15.600000381469727,15.739999771118164,15.22833251953125,15.714999198913574,15.963333129882812,19.76500129699707,19.95333480834961,19.473331451416016,19.905000686645508,20.280000686645508
2286,120.51406983108471,33.334651393972884,0.5866684913635254,0.7391681671142578,5.10141183787706,15.488332748413086,15.718335151672363,15.273333549499512,15.800000190734863,16.19000244140625,19.369998931884766,19.63833236694336,19.22500228881836,19.710002899169922,20.24333381652832
2312,79.58057028964974,32.641837133962426,0.37333327531814575,-0.03416728973388672,14.933380858262066,-1.3983333110809326,-1.348333477973938,-1.43833327293396,-1.0366666316986084,-1.0000001192092896,5.845000267028809,5.830000877380371,5.579999923706055,5.766666889190674,5.803333282470703
2313,80.39921792869717,32.65802517638217,0.15999996662139893,-0.24916648864746094,15.999996662139893,-3.801666736602783,-3.808333158493042,-3.886666774749756,-3.441666841506958,-3.6449999809265137,3.5783333778381348,3.5,3.260000228881836,3.49833345413208,3.2900002002716064
2320,86.68742491753382,32.65802517638217,0.37000012397766113,0.4091670513153076,1.2613642367204219,-2.1016666889190674,-1.5150001049041748,-1.7066665887832642,-1.4933332204818726,-1.43833327293396,5.060000419616699,5.688333034515381,5.493333339691162,5.789999961853027,5.783333778381348
2326,92.07731662225093,32.65802517638217,0.26166701316833496,0.23416686058044434,0.8051291531593392,-5.426666736602783,-4.776666641235352,-4.921666622161865,-4.936666965484619,-4.839999675750732,1.6416666507720947,2.3533332347869873,2.2200002670288086,2.256666660308838,2.2316668033599854
2327,92.97563190637047,32.65802517638217,-0.01916670799255371,-0.05083322525024414,-0.06705558813250133,-5.226666450500488,-4.65500020980835,-4.810000419616699,-5.006666660308838,-4.960000038146973,1.8450000286102295,2.4700000286102295,2.3450000286102295,2.1716666221618652,2.1066668033599854
2328,93.87394719048999,32.65802517638217,0.06583333015441895,-0.014166831970214844,0.24610575796117032,-3.0950002670288086,-2.559999942779541,-2.683333396911621,-2.8550000190734863,-2.761666774749756,3.895000457763672,4.326666831970215,4.186666965484619,4.086667060852051,4.0966668128967285
2329,94.7722624746095,32.65802517638217,0.15999996662139893,0.16500020027160645,0.5245897346402832,-3.2216668128967285,-2.611666440963745,-2.745000123977661,-2.938333034515381,-2.756666660308838,3.686666965484619,3.9733328819274902,3.8433334827423096,3.825000047683716,3.995000123977661
2330,95.67057775872902,32.65802517638217,0.3433334231376648,0.1574997901916504,1.0248755909087108,-1.6050001382827759,-0.934999942779541,-1.0883333683013916,-1.0350000858306885,-0.9266666173934937,5.268333435058594,5.976667404174805,5.861666679382324,5.75333309173584,5.78000020980835
2331,96.56889304284854,32.65802517638217,0.11333328485488892,0.10916686058044434,0.3469386414556039,-1.7016665935516357,-1.0483332872390747,-1.2683331966400146,-1.3216667175292969,-1.2616666555404663,5.358333110809326,6.033333778381348,5.866666793823242,5.765000343322754,5.805000305175781
2332,97.46720832696808,32.65802517638217,0.07416659593582153,0.049166202545166016,0.23237571873385188,-1.371666669845581,-0.7333332300186157,-0.9600001573562622,-1.066666603088379,-0.9783333539962769,5.820000648498535,6.465000152587891,6.258333683013916,6.0916666984558105,6.191666603088379
2333,98.3655236110876,32.65802517638217,0.3658333122730255,0.20083379745483398,1.1462137349795167,-1.4033334255218506,-0.7649999260902405,-0.8616666793823242,-0.8383334279060364,-0.71833336353302,5.808333396911621,6.5366668701171875,6.4683332443237305,6.358333110809326,6.373333930969238
2334,99.26383889520712,32.65802517638217,0.31249991059303284,0.16583251953125,0.9213758078151455,-1.5966665744781494,-0.9183333516120911,-1.096666693687439,-1.0299999713897705,-0.9450000524520874,5.690000534057617,6.461667060852051,6.244999885559082,6.168334007263184,6.241666316986084
2335,100.16215417932663,32.65802517638217,0.27750033140182495,-0.06416606903076172,0.8304248351032492,-1.8683334589004517,-1.2000000476837158,-1.3966667652130127,-1.3499999046325684,-1.2566664218902588,5.798333168029785,6.313333511352539,6.194999694824219,6.108333110809326,5.9916672706604
2336,101.06046946344617,32.65802517638217,0.7583333477377892,0.3733336925506592,10.581384739930472,-0.11833338439464569,0.02500009536743164,0.05333342403173447,0.42333340644836426,0.7116667032241821,7.888333797454834,8.041666984558105,8.105000495910645,8.170000076293945,8.338334083557129
2337,101.95878474756569,32.65802517638217,0.30583351850509644,0.37833213806152344,0.9338426754273652,1.1099998950958252,1.7649999856948853,1.5383332967758179,1.5816667079925537,1.7433334589004517,9.116666793823242,9.603334426879883,9.491666793823242,9.486665725708008,9.738332748413086
2338,102.8571000316852,32.65802517638217,0.06250017881393433,-0.13833379745483398,0.3694590167457852,1.1150000095367432,1.4533334970474243,1.1766667366027832,1.2133331298828125,1.346666932106018,8.485001564025879,8.828332901000977,8.59666633605957,8.510000228881836,8.518333435058594
2339,103.75541531580473,32.65802517638217,0.2066669464111328,0.10583305358886719,1.6986323918739112,1.7783334255218506,2.0216667652130127,1.7966667413711548,1.9366668462753296,2.1066670417785645,8.3100004196167,8.498333930969238,8.289999008178711,8.458333969116211,8.510000228881836
2340,104.65373059992424,32.65802517638217,0.7249994277954102,0.5741672515869141,4.349988269828282,10.951666831970215,11.285000801086426,11.208333969116211,11.5600004196167,11.84333324432373,16.001667022705078,16.26333236694336,16.163333892822266,16.514999389648438,16.706666946411133
2341,105.55204588404378,32.65802517638217,0.6774997711181641,0.72833251953125,5.049685820704558,15.011667251586914,15.280000686645508,15.16333293914795,15.480000495910645,15.823333740234375,19.34666633605957,19.530000686645508,19.406665802001953,19.738332748413086,20.16666603088379
2342,106.45036116816328,32.65802517638217,0.2624998092651367,0.28333473205566406,21.000305180437934,12.894999504089355,12.869999885559082,12.671667098999023,12.773333549499512,13.144999504089355,17.11166763305664,17.014999389648438,16.803333282470703,16.886667251586914,17.346668243408203
2343,107.34867645228282,32.65802517638217,0.48833370208740234,0.505833625793457,3.2555662932492404,12.500000953674316,12.800000190734863,12.603333473205566,12.791666030883789,13.138334274291992,16.704999923706055,16.906665802001953,16.69499969482422,16.876667022705078,17.31166648864746
2344,108.24699173640234,32.65802517638217,0.4783310890197754,0.4616670608520508,3.2247096378067166,14.556668281555176,14.853334426879883,14.46833324432373,14.811665534973145,15.183332443237305,19.023332595825195,19.266666412353516,18.876667022705078,19.15166664123535,19.606666564941406
2345,109.14530702052186,32.65802517638217,0.1100006103515625,0.07833290100097656,1.9411972601356469,14.980000495910645,15.09333324432373,14.796667098999023,14.766667366027832,15.14666748046875,19.608333587646484,19.645000457763672,19.356666564941406,19.261667251586914,19.704999923706055
2346,110.04362230464137,32.65802517638217,0.4141674041748047,0.5075016021728516,3.0490760503257697,14.776666641235352,15.048334121704102,14.716667175292969,14.9183349609375,15.326667785644531,19.698333740234375,19.889999389648438,19.59166717529297,19.80499839782715,20.301668167114258
2347,110.9419375887609,32.65802517638217,0.6591658592224121,0.5374994277954102,5.531453197338252,15.34333324432373,15.581666946411133,15.120000839233398,15.703333854675293,16.121665954589844,20.600000381469727,20.801666259765625,20.36166763305664,20.77666664123535,21.238332748413086
2348,111.84025287288041,32.65802517638218,0.6299991607666016,1.0266666412353516,5.5588448139484,16.51500129699707,16.741666793823242,16.271665573120117,16.829999923706055,17.258333206176758,21.231666564941406,21.358333587646484,20.83833122253418,21.741666793823242,22.321666717529297
2349,112.73856815699993,32.65802517638218,0.7141666412353516,0.99749755859375,4.6830552567726444,16.308332443237305,16.613332748413086,16.31833267211914,16.783334732055664,17.174999237060547,20.970001220703125,21.145000457763672,20.788333892822266,21.531665802001953,22.05499839782715
2350,113.63688344111945,32.65802517638217,0.7133336067199707,0.7683324813842773,4.919510406492836,15.733332633972168,16.023334503173828,15.723333358764648,16.18000030517578,16.59166717529297,20.31166648864746,20.545001983642578,20.244998931884766,20.72333335876465,21.196666717529297
2351,114.53519872523898,32.65802517638217,0.7149982452392578,0.8249988555908203,4.875024383900124,16.381668090820312,16.674999237060547,16.371665954589844,16.82833480834961,17.243331909179688,20.8799991607666,21.136667251586914,20.903331756591797,21.330001831054688,21.833332061767578
2352,115.43351400935852,32.65802517638217,0.6075000762939453,0.9358329772949219,6.126038621326358,16.333332061767578,16.531665802001953,16.19333267211914,16.601665496826172,17.03999900817871,20.670001983642578,20.801666259765625,20.466665267944336,21.086666107177734,21.671667098999023
2353,116.33182929347802,32.65802517638217,0.5991668701171875,0.5399990081787109,4.891179447255742,16.581666946411133,16.8266658782959,16.53499984741211,16.918331146240234,17.303333282470703,21.17166519165039,21.458335876464844,21.156665802001953,21.356666564941406,21.854999542236328
2354,117.23014457759756,32.65802517638217,0.6249990463256836,0.7166671752929688,5.067535279335009,16.47833251953125,16.725000381469727,16.426664352416992,16.82166862487793,17.226665496826172,20.838335037231445,21.058332443237305,20.756668090820312,21.118331909179688,21.665000915527344
2355,118.12845986171706,32.65802517638217,0.5991668701171875,0.7841682434082031,9.33761369716426,16.15999984741211,16.288333892822266,15.753334045410156,16.399999618530273,16.823333740234375,20.426666259765625,20.645000457763672,20.178333282470703,20.811668395996094,21.32000160217285
2356,119.02677514583655,32.65802517638217,0.505000114440918,0.6058340072631836,4.208338300391802,16.058334350585938,16.2983341217041,15.858332633972168,16.28499984741211,16.683334350585938,20.261667251586914,20.643333435058594,20.2166690826416,20.503334045410156,21.058334350585938
2357,119.9250904299561,32.65802517638217,0.700831413269043,0.8558330535888672,6.4197482331769615,15.863332748413086,16.081668853759766,15.793333053588867,16.281665802001953,16.67333221435547,19.979999542236328,20.314998626708984,20.031667709350586,20.454999923706055,21.003332138061523
2358,120.70435844100741,32.60725580025657,0.461667537689209,0.6075019836425781,5.89362479227159,15.786666870117188,15.943333625793457,15.471667289733887,15.926668167114258,16.32666778564453,19.614999771118164,19.829999923706055,19.376667022705078,19.796667098999023,20.330001831054688
2359,121.31681376573829,32.34642978303424,0.4174985885620117,0.47083377838134766,3.766910176652297,15.908334732055664,16.130001068115234,15.65333366394043,16.04166603088379,16.43666648864746,19.568334579467773,19.823333740234375,19.314998626708984,19.626667022705078,20.166667938232422
2384,79.50090264457765,31.898541665651084,0.2183334082365036,-0.23666715621948242,21.83334082365036,0.1366666853427887,0.1499999761581421,0.04666663706302643,0.5349999070167542,0.361666738986969,6.781667232513428,6.688333034515381,6.418333530426025,6.693333625793457,6.498332977294922
2385,80.39921792869717,31.898541665651084,0.2208331823348999,-0.22749996185302734,22.08331823348999,-2.7933332920074463,-2.7783331871032715,-2.884999990463257,-2.3916666507720947,-2.565000057220459,4.164999961853027,4.083333492279053,3.81000018119812,4.0933332443237305,3.8966667652130127
2386,81.29753321281669,31.898541665651084,0.20083332061767578,-0.2800002098083496,20.083332061767578,-3.366666793823242,-3.3650002479553223,-3.4616668224334717,-2.9700000286102295,-3.1650002002716064,3.8583335876464844,3.7950000762939453,3.5416667461395264,3.7900002002716064,3.5466666221618652
2390,84.89079434929477,31.898541665651084,0.21916663646697998,-0.013333320617675781,0.8042807703059237,-2.6716668605804443,-2.12666654586792,-2.3516664505004883,-2.169999837875366,-2.180000066757202,4.9816670417785645,5.561666965484619,5.336667060852051,5.398333549499512,5.258333683013916
2392,86.68742491753382,31.898541665651084,0.4000000301748514,0.33666563034057617,1.348314842999592,-0.6766666769981384,-0.08333340287208557,-0.2983333468437195,-0.05833332985639572,0.019999990239739418,6.538333892822266,7.185000419616699,6.968334197998047,7.216666221618652,7.198332786560059
2393,87.58574020165334,31.898541665651084,0.3774999678134918,0.2758336067199707,1.1526716029016815,-0.24166667461395264,0.41333335638046265,0.17500007152557373,0.39000001549720764,0.4633333086967468,6.529999732971191,7.2350006103515625,6.994999885559082,7.243332862854004,7.158333778381348
2394,88.48405548577286,31.898541665651084,0.33999997563660145,0.21250033378601074,1.0355328449773107,-0.6333333253860474,0.023333389312028885,-0.21166673302650452,-0.0366666316986084,0.03500000759959221,5.900000095367432,6.62166690826416,6.371666431427002,6.585000514984131,6.473333835601807
2395,89.38237076989238,31.898541665651084,0.14249999821186066,0.034999847412109375,0.4418604522218185,0.42500004172325134,1.0700000524520874,0.8133333325386047,0.8283333778381348,0.89000004529953,6.681666374206543,7.375,7.146666526794434,7.220000267028809,7.063333034515381
2397,91.17900133813141,31.898541665651084,0.1975001096725464,0.5483336448669434,0.6601674694532019,-2.0216667652130127,-1.4233334064483643,-1.6766666173934937,-1.6399999856948853,-1.524999976158142,4.878333568572998,5.554999828338623,5.288333415985107,5.683333396911621,5.765000343322754
2398,92.07731662225093,31.898541665651084,0.27666687965393066,0.16416692733764648,0.9273747883203162,-2.5200002193450928,-1.9233334064483643,-2.186666488647461,-2.1083333492279053,-1.9449999332427979,4.728333473205566,5.386666297912598,5.113333225250244,5.191666603088379,5.2216668128967285
2399,92.97563190637047,31.898541665651084,0.2766665816307068,0.2200005054473877,0.8829787901863071,-1.7299998998641968,-1.1033334732055664,-1.2600001096725464,-1.2666666507720947,-1.1400001049041748,5.37666654586792,6.069999694824219,5.904999732971191,5.923333168029785,5.943333625793457
2400,93.87394719048999,31.898541665651084,0.3133331537246704,0.24083328247070312,1.0502787849242863,-1.0683332681655884,-0.4716666340827942,-0.6083332896232605,-0.5933334231376648,-0.4566667973995209,5.756666660308838,6.438333034515381,6.289999485015869,6.27833366394043,6.3383331298828125
2401,94.7722624746095,31.898541665651084,0.10249990224838257,0.13083338737487793,0.2853825464663132,-1.7650001049041748,-1.0466667413711548,-1.3333333730697632,-1.383333444595337,-1.3033335208892822,4.7866668701171875,5.65166711807251,5.366666316986084,5.303333282470703,5.350000381469727
2402,95.67057775872901,31.89854166565107,0.32249993085861206,0.19000029563903809,0.9699248335954445,-1.9833332300186157,-1.318333387374878,-1.4666666984558105,-1.4316667318344116,-1.3283333778381348,4.710000038146973,5.463333606719971,5.349999904632568,5.246667385101318,5.27666711807251
2403,96.56889304284854,31.898541665651084,0.3949999213218689,0.4741663932800293,1.1339711772443246,1.4616667032241821,2.1583333015441895,1.9866664409637451,2.080000162124634,2.2049999237060547,8.546667098999023,9.37833309173584,9.179999351501465,9.285000801086426,9.436666488647461
2405,98.3655236110876,31.898541665651084,0.37583330273628235,0.010833501815795898,1.0920094084688863,-1.2350001335144043,-0.54666668176651,-0.699999988079071,-0.6416667699813843,-0.5150001049041748,6.133333683013916,6.944999694824219,6.7816667556762695,6.493333339691162,6.550000190734863
2406,99.26383889520712,31.898541665651084,0.37749993801116943,0.29166650772094727,1.107579174343132,-0.22166669368743896,0.46000003814697266,0.3066667318344116,0.3550000786781311,0.4966666102409363,7.143333435058594,7.949999809265137,7.761666774749756,7.731666564941406,7.8383331298828125
2407,100.16215417932663,31.898541665651084,0.27083325386047363,0.16249990463256836,0.8024686735736215,1.3250000476837158,2.000000238418579,1.7950000762939453,1.823333501815796,1.933333396911621,9.00666618347168,9.765000343322754,9.52833366394043,9.440000534057617,9.548333168029785
2408,101.06046946344617,31.898541665651084,0.7891667485237122,0.4758329391479492,13.724623739622325,1.0366666316986084,1.1516667604446411,1.193333387374878,1.590000033378601,1.883333444595337,8.891666412353516,9.036666870117188,9.088333129882812,9.225000381469727,9.4399995803833
2409,101.95878474756569,31.898541665651084,0.375,0.46250009536743164,5.0000127156898895,2.4633336067199707,2.613333225250244,2.5483334064483643,2.576666831970215,2.9133334159851074,10.155000686645508,10.396666526794434,10.36833381652832,10.353334426879883,10.738333702087402
2410,102.8571000316852,31.898541665651084,0.12333327531814575,-0.21083307266235352,0.8915663117818624,1.4883334636688232,1.7649999856948853,1.506666660308838,1.5699999332427979,1.75,8.475000381469727,8.763333320617676,8.501667976379395,8.34333324432373,8.408333778381348
2411,103.75541531580473,31.898541665651084,0.2741658687591553,0.05750083923339844,3.2574124485512193,7.510000705718994,7.6783342361450195,7.470000267028809,7.665000915527344,7.868333339691162,13.406667709350586,13.441667556762695,13.258333206176758,13.371667861938477,13.481668472290039
2412,104.65373059992424,31.898541665651084,0.23583364486694336,-0.03916645050048828,9.758281869660438,15.988334655761719,15.9399995803833,15.738332748413086,15.83166790008545,16.200000762939453,20.251667022705078,20.190000534057617,19.970001220703125,19.971668243408203,20.18166732788086
2413,105.55204588404376,31.898541665651084,0.33333301544189453,0.12333202362060547,33.33330154418945,16.678333282470703,16.671667098999023,16.475000381469727,16.63333511352539,17.008333206176758,20.553333282470703,20.469999313354492,20.246667861938477,20.366666793823242,20.634998321533203
2414,106.45036116816328,31.898541665651084,0.3966655731201172,0.16583251953125,39.66564943734503,16.721668243408203,16.70166778564453,16.545000076293945,16.738332748413086,17.108333587646484,20.606666564941406,20.501667022705078,20.31333351135254,20.448333740234375,20.719999313354492
2415,107.34867645228282,31.898541665651084,0.505833625793457,0.48250293731689453,14.805443126308443,16.018335342407227,16.086666107177734,15.944999694824219,16.188335418701172,16.558334350585938,20.176666259765625,20.15166664123535,19.976667404174805,20.200000762939453,20.646669387817383
2416,108.24699173640234,31.898541665651084,0.47916698455810547,0.42583370208740234,3.323695177614606,14.311666488647461,14.600000381469727,14.194999694824219,14.550000190734863,14.9350004196167,18.518333435058594,18.716665267944336,18.296667098999023,18.596668243408203,19.043333053588867
2417,109.14530702052187,31.898541665651095,0.41666507720947266,0.4549984931945801,4.310343126615497,10.106666564941406,9.913333892822266,9.686666488647461,9.995000839233398,10.426665306091309,13.856666564941406,13.600001335144043,13.36500072479248,13.675000190734863,14.183332443237305
2418,110.04362230464137,31.898541665651084,0.6433329582214355,0.7674984931945801,5.216208065757068,11.61833381652832,11.86500072479248,11.448333740234375,11.970000267028809,12.385000228881836,15.693333625793457,15.921667098999023,15.53833293914795,16.078332901000977,16.57499885559082
2419,110.9419375887609,31.898541665651084,0.6266670227050781,0.757502555847168,5.2957987121315915,12.0433349609375,12.280000686645508,11.854999542236328,12.37833309173584,12.788334846496582,16.34833335876465,16.549999237060547,16.16499900817871,16.71000099182129,17.206668853759766
2420,111.84025287288041,31.898541665651084,0.6008315086364746,0.6216650009155273,4.972415698190644,15.220001220703125,15.46166706085205,15.025001525878906,15.510000228881836,15.941665649414062,19.801666259765625,20.0049991607666,19.608333587646484,20.001667022705078,20.52499771118164
2421,112.73856815699993,31.898541665651084,0.5725030899047852,0.6583337783813477,4.737954113162277,16.591665267944336,16.833332061767578,16.38333511352539,16.851667404174805,17.285001754760742,20.9233341217041,21.09000015258789,20.639999389648438,21.1733341217041,21.665000915527344
2422,113.63688344111945,31.898541665651084,0.4874992370605469,0.48583507537841797,4.208628355013996,16.44500160217285,16.676668167114258,16.170001983642578,16.575000762939453,17.0483341217041,20.641666412353516,20.793333053588867,20.25833511352539,20.643333435058594,21.20333480834961
2423,114.53519872523898,31.898541665651084,0.4849987030029297,0.5708341598510742,4.157127209116027,16.45166778564453,16.685001373291016,16.163333892822266,16.583332061767578,17.053333282470703,20.793333053588867,21.038333892822266,20.56166648864746,20.89000129699707,21.48666763305664
2424,115.43351400935852,31.898541665651084,0.4825000762939453,0.4400014877319336,4.288918653148418,16.255001068115234,16.479999542236328,15.948333740234375,16.371667861938477,16.850000381469727,20.631664276123047,20.851667404174805,20.313335418701172,20.610000610351562,21.18166732788086
2425,116.33182929347802,31.898541665651084,0.5774993896484375,0.6183347702026367,4.84612183488588,16.53499984741211,16.773334503173828,16.299999237060547,16.780000686645508,17.231666564941406,20.996667861938477,21.273334503173828,20.825000762939453,21.189998626708984,21.75333595275879
2426,117.23014457759756,31.898541665651084,0.6224994659423828,0.7774982452392578,5.151757667597986,16.955001831054688,17.196666717529297,16.729999542236328,17.248332977294922,17.698333740234375,20.95166778564453,21.196666717529297,20.71000099182129,21.251667022705078,21.851665496826172
2427,118.12845986171706,31.898541665651095,0.5758342742919922,0.665837287902832,8.530984204131228,16.68166732788086,16.816665649414062,16.295000076293945,16.885000228881836,17.325000762939453,20.696666717529297,20.934999465942383,20.43166732788086,20.90999984741211,21.481670379638672
2428,119.02677514583665,31.89854166565111,0.6241693496704102,0.7033319473266602,5.717609134350785,16.483333587646484,16.7016658782959,16.38166618347168,16.786664962768555,17.2166690826416,20.57833480834961,20.908334732055664,20.61166763305664,20.89000129699707,21.446666717529297
2429,119.92239368993879,31.898134324632665,0.662501335144043,0.7249994277954102,11.19715994261859,16.483333587646484,16.601667404174805,16.110000610351562,16.77666664123535,17.205001831054688,20.4950008392334,20.735000610351562,20.253334045410156,20.785001754760742,21.34000015258789
2430,120.81254974467387,31.907475722745293,0.704167366027832,0.8391666412353516,12.612059099837731,16.263334274291992,16.375,15.89666748046875,16.58500099182129,17.023334503173828,20.024999618530273,20.18666648864746,19.70333480834961,20.34666633605957,20.94499969482422
2431,121.53361644034085,31.85001904436322,0.7124977111816406,0.8208322525024414,14.999759074847415,16.36166763305664,16.456668853759766,16.00833511352539,16.689998626708984,17.121665954589844,19.625001907348633,19.766666412353516,19.311668395996094,19.950000762939453,20.516666412353516
2456,79.52423379981482,31.264574138769824,0.1966666281223297,-0.2891666889190674,19.66666281223297,-0.09000005573034286,-0.083333320915699,-0.18999996781349182,0.2833332121372223,0.10999993979930878,6.258333206176758,6.150000095367432,5.858332633972168,6.118332862854004,5.914999961853027
2457,80.40065383417712,31.133888451447145,0.20000001788139343,-0.29833292961120605,20.000001788139343,-0.911666750907898,-0.9116666913032532,-1.0183334350585938,-0.528333306312561,-0.7116667032241821,5.698333263397217,5.591666221618652,5.301667213439941,5.574999809265137,5.3466668128967285
2458,81.29753321281669,31.132740120149325,0.19916629791259766,-0.3158334493637085,19.916629791259766,-4.736666679382324,-4.728333473205566,-4.839999675750732,-4.351666450500488,-4.533333778381348,2.321666717529297,2.253333568572998,1.9983335733413696,2.2233333587646484,1.971666693687439
2462,84.89079434929477,31.132740120149325,0.35750001668930054,0.1141672134399414,1.1883656624952001,-1.5833333730697632,-0.9816666841506958,-1.2083332538604736,-0.9566664695739746,-0.925000011920929,5.96999979019165,6.615000247955322,6.361667156219482,6.453333377838135,6.406667232513428
2464,86.68742491753382,31.132740120149325,0.08583325147628784,-0.006666898727416992,0.29855047705490406,-1.778333306312561,-1.2033333778381348,-1.4516665935516357,-1.373333215713501,-1.40500009059906,5.515000343322754,6.144999980926514,5.894999980926514,5.974999904632568,5.823333263397217
2466,88.48405548577286,31.132740120149325,0.3141666054725647,0.26999998092651367,0.9895013202196831,-1.7016665935516357,-1.0666667222976685,-1.2316668033599854,-1.068333387374878,-1.0700000524520874,4.736666679382324,5.420000076293945,5.250000476837158,5.52833366394043,5.348333358764648
2468,90.2806860540119,31.132740120149325,-0.023333251476287842,-0.1249992847442627,-0.07526855257043105,-1.633333444595337,-1.0133334398269653,-1.2916666269302368,-1.3916667699813843,-1.346666693687439,4.738333225250244,5.401666641235352,5.135000228881836,5.141666412353516,4.945000648498535
2469,91.17900133813141,31.132740120149325,0.04666656255722046,0.11833381652832031,0.14659653415524082,-1.681666612625122,-1.0449999570846558,-1.3233333826065063,-1.4266667366027832,-1.3166667222976685,5.238333225250244,5.9549994468688965,5.661666393280029,5.756667137145996,5.715000152587891
2470,92.07731662225093,31.132740120149325,0.1749998927116394,0.09416723251342773,0.5249997094273394,-1.7933332920074463,-1.1266666650772095,-1.399999976158142,-1.4616665840148926,-1.2850000858306885,5.491666793823242,6.226666450500488,5.951666831970215,5.906667232513428,5.953333854675293
2471,92.97563190637047,31.132740120149325,0.3500000238418579,0.4891660213470459,1.1538468793806982,-2.858333110809326,-2.251666784286499,-2.515000104904175,-2.3933334350585938,-2.2049999237060547,4.198333740234375,4.883333683013916,4.608333110809326,4.923333168029785,5.029999732971191
2472,93.87394719048999,31.132740120149325,0.32750022411346436,0.2774996757507324,1.0708449797838018,-2.5983335971832275,-1.9866666793823242,-2.113333225250244,-2.0316665172576904,-1.9649999141693115,4.2866668701171875,4.988333702087402,4.858333110809326,4.9066667556762695,4.914999961853027
2473,94.7722624746095,31.132740120149325,0.3208332806825638,0.3341665267944336,0.9553346821729235,-0.46000003814697266,0.21166673302650452,0.058333318680524826,0.07500002533197403,0.1966666281223297,6.043333530426025,6.848333835601807,6.6966657638549805,6.693333625793457,6.78000020980835
2474,95.67057775872902,31.132740120149325,0.43250010209158063,0.58500075340271,1.495677584589108,0.01166663970798254,0.5899999737739563,0.5050000548362732,0.5916667580604553,0.73333340883255,6.418333530426025,7.018333435058594,6.96999979019165,7.10333251953125,7.3033342361450195
2475,96.56889304284854,31.132740120149325,0.3566666841506958,0.5183320045471191,1.1567570221694523,1.626666784286499,2.243333339691162,2.1533331871032715,2.1416666507720947,2.2916667461395264,8.603333473205566,9.316667556762695,9.236666679382324,9.291666984558105,9.47833251953125
2476,97.46720832696808,31.132740120149325,0.3766666650772095,0.24749994277954102,1.1024393018125282,2.805000066757202,3.488333225250244,3.318333387374878,3.4000000953674316,3.5233333110809326,10.043333053588867,10.838334083557129,10.645001411437988,10.598333358764648,10.688333511352539
2478,99.26383889520712,31.132740120149325,0.23333346843719482,0.36333227157592773,0.7000003218650435,2.200000047683716,2.866666793823242,2.625000238418579,2.641666889190674,2.766666889190674,9.40333366394043,10.123333930969238,9.905000686645508,10.036666870117188,10.126666069030762
2479,100.16215417932663,31.132740120149325,0.7908332943916321,0.6666665077209473,11.716039287817791,0.744999885559082,0.8799999952316284,0.9183333516120911,1.3250000476837158,1.6033332347869873,8.30333423614502,8.456666946411133,8.503334045410156,8.796667098999023,9.046667098999023
2480,101.06046946344617,31.132740120149325,0.7325001358985901,0.6608338356018066,38.217434841695095,0.628333330154419,0.5900000333786011,0.6000000834465027,1.0649999380111694,1.3416668176651,8.1899995803833,8.22166633605957,8.229999542236328,8.625,8.866666793823242
2481,101.95878474756569,31.132740120149325,0.7583334445953369,0.621666431427002,75.83334445953369,1.9783334732055664,1.9783334732055664,1.9549999237060547,2.444999933242798,2.7366669178009033,9.28833293914795,9.295000076293945,9.295000076293945,9.681666374206543,9.91333293914795
2482,102.8571000316852,31.132740120149325,0.34833335876464844,0.07499933242797852,2.7500002352814956,0.38499999046325684,0.6383333206176758,0.5433334112167358,0.5549999475479126,0.8600000143051147,6.938333988189697,7.201666355133057,7.113333225250244,6.926667213439941,7.1449995040893555
2483,103.75541531580473,31.132740120149325,0.40583372116088867,0.5041675567626953,4.092452167892021,11.52500057220459,11.723333358764648,11.656667709350586,11.723333358764648,12.030000686645508,16.494998931884766,16.61333465576172,16.530000686645508,16.696666717529297,17.058334350585938
2484,104.65373059992424,31.132740120149325,0.4875001907348633,0.3516683578491211,7.799884034972611,17.139999389648438,17.26500129699707,17.169998168945312,17.34000015258789,17.690000534057617,21.0766658782959,21.156665802001953,21.06999969482422,21.186664581298828,21.468334197998047
2485,105.55204588404376,31.132740120149325,0.29416465759277344,0.11333084106445312,3.017078132947298,18.020000457763672,17.825000762939453,17.560001373291016,17.823335647583008,18.216665267944336,21.688335418701172,21.40500259399414,21.116666793823242,21.351669311523438,21.65999984741211
2486,106.45036116816328,31.132740120149325,0.6883325576782227,0.5283327102661133,8.604062608032233,17.57833480834961,17.418333053588867,17.260000228881836,17.78999900817871,18.18666648864746,21.231666564941406,20.988332748413086,20.803333282470703,21.310001373291016,21.63833236694336
2487,107.34867645228282,31.132740120149325,0.5791664123535156,0.3466672897338867,4.72790969248735,17.450000762939453,17.69499969482422,17.493335723876953,17.755001068115234,18.15166664123535,21.374998092651367,21.581668853759766,21.31833267211914,21.4516658782959,21.825000762939453
2488,108.24699173640234,31.132740120149325,0.4699983596801758,0.28999805450439453,3.2045373266315975,16.985000610351562,17.27833366394043,16.86833381652832,17.204999923706055,17.601665496826172,21.088335037231445,21.338333129882812,20.868331909179688,21.09000015258789,21.503332138061523
2489,109.14530702052186,31.132740120149325,0.3574986457824707,0.29166603088378906,3.325551686664153,15.568333625793457,15.783334732055664,15.215001106262207,15.558334350585938,16.03333282470703,19.450000762939453,19.639999389648438,19.053333282470703,19.303333282470703,19.836666107177734
2490,110.04362230464137,31.132740120149325,0.6250004768371582,0.6916666030883789,5.067566470390375,12.88499927520752,13.13166618347168,12.735000610351562,13.206666946411133,13.633333206176758,16.808332443237305,17.05500030517578,16.691665649414062,17.128334045410156,17.623332977294922
2491,110.9419375887609,31.132740120149325,0.6249990463256836,0.7383317947387695,5.067574464136587,13.551668167114258,13.798334121704102,13.383333206176758,13.861666679382324,14.300000190734863,17.671667098999023,17.878334045410156,17.5,18.00833511352539,18.51333236694336
2492,111.84025287288041,31.132740120149325,0.5800018310546875,0.7000045776367188,4.702731124926541,16.031665802001953,16.278331756591797,15.839999198913574,16.28999900817871,16.735000610351562,20.32833480834961,20.521663665771484,20.1200008392334,20.5766658782959,21.125003814697266
2493,112.73856815699993,31.132740120149325,0.4591684341430664,0.7158346176147461,3.907838028683435,16.863332748413086,17.098331451416016,16.581666946411133,16.969999313354492,17.440000534057617,20.718332290649414,20.913333892822266,20.373332977294922,20.946666717529297,21.531667709350586
2494,113.63688344111945,31.132740120149325,0.47583484649658203,0.5158319473266602,4.167876504640264,17.174999237060547,17.40333366394043,16.898334503173828,17.293333053588867,17.76500129699707,21.338335037231445,21.553333282470703,21.208332061767578,21.46000099182129,21.961666107177734
2495,114.53519872523898,31.132740120149325,0.48416614532470703,0.4508342742919922,4.120585681008384,17.151668548583984,17.386667251586914,16.869998931884766,17.28499984741211,17.753334045410156,21.601665496826172,21.813335418701172,21.35666847229004,21.625,22.158334732055664
2496,115.43351400935852,31.132740120149325,0.45999908447265625,0.5274972915649414,4.0,16.1733341217041,16.40333366394043,15.940000534057617,16.323333740234375,16.748332977294922,20.57000160217285,20.82833480834961,20.411666870117188,20.71000099182129,21.226665496826172
2497,116.33182929347802,31.132740120149325,0.5525007247924805,0.5966701507568359,4.572417385539411,14.698333740234375,14.940000534057617,14.471667289733887,14.90333366394043,15.371667861938477,18.933332443237305,19.21333122253418,18.788333892822266,19.094999313354492,19.670001983642578
2498,117.23014457759756,31.132740120149325,0.46250152587890625,0.573333740234375,3.9928206817059113,17.108333587646484,17.34000015258789,16.90999984741211,17.266666412353516,17.686668395996094,20.981664657592773,21.2983341217041,20.888334274291992,21.149999618530273,21.713333129882812
2499,118.12845986171706,31.132740120149325,0.6183328628540039,0.725001335144043,5.796824289890835,16.81999969482422,17.033334732055664,16.72333335876465,17.110000610351562,17.545000076293945,20.7016658782959,21.03499984741211,20.741666793823242,21.02833366394043,21.593334197998047
2500,119.02677514583675,31.132740120149325,0.6325006484985352,0.7333345413208008,5.883670590740133,16.67166519165039,16.886667251586914,16.56833267211914,16.968334197998047,17.411666870117188,20.601667404174805,20.948333740234375,20.648334503173828,20.936668395996094,21.50833511352539
2501,119.92509042995609,31.13274012014931,0.6416664123535156,0.75,5.923060671150393,16.501667022705078,16.718334197998047,16.398334503173828,16.81333351135254,17.251667022705078,20.424999237060547,20.68166732788086,20.38166618347168,20.733333587646484,21.303333282470703
2502,120.82330591956432,31.132655905840622,0.6841669082641602,0.839167594909668,11.898578607798584,16.74333381652832,16.858333587646484,16.38166618347168,17.046667098999023,17.485000610351562,20.45333480834961,20.61833381652832,20.145000457763672,20.793333053588867,21.375001907348633
2503,121.5344522193157,31.100950079006267,0.45416831970214844,0.6100006103515625,4.291365545082632,16.889999389648438,17.101665496826172,16.601665496826172,17.024999618530273,17.450000762939453,20.091665267944336,20.408334732055664,19.899999618530273,20.299999237060547,20.860000610351562
2530,81.26011281175869,30.493452251176187,-0.05000007152557373,-0.5758335590362549,-3.750008940705243,-1.6666667461395264,-1.693333387374878,-1.7866666316986084,-1.4633333683013916,-1.7300001382827759,4.936666488647461,4.828333377838135,4.606666564941406,4.6566667556762695,4.306666374206543
2531,82.2720886894834,30.445350213689434,0.0,-0.44166696071624756,0.0,-3.011666774749756,-3.0383334159851074,-3.131666421890259,-2.7933335304260254,-3.0250000953674316,4.0,3.9166667461395264,3.74833345413208,3.864999771118164,3.5166664123535156
2532,83.09416378105573,30.360705911503267,-0.29750001430511475,-0.6450002193450928,-20.999932682031993,-2.490000009536743,-2.4616665840148926,-2.554999828338623,-2.4083333015441895,-2.7733333110809326,4.8516669273376465,4.8550004959106445,4.720000267028809,4.720000267028809,4.208333492279053
2535,85.7891096334143,30.360705911503267,0.2516668438911438,0.06333351135253906,0.8031917514304634,-2.6016666889190674,-1.9749997854232788,-2.198333501815796,-1.8966667652130127,-2.0366663932800293,5.175000190734863,5.848333358764648,5.609999656677246,5.791666507720947,5.575000286102295
2539,89.38237076989238,30.360705911503267,0.35583311319351196,0.3016672134399414,1.1148816307977492,-1.8600000143051147,-1.2216665744781494,-1.3866666555404663,-1.2716666460037231,-1.1850001811981201,4.835000038146973,5.5316667556762695,5.381667137145996,5.619999885559082,5.4850006103515625
2540,90.2806860540119,30.360705911503267,0.2799999713897705,0.21000003814697266,0.9545454914904875,-3.194999933242798,-2.6083333492279053,-2.8633334636688232,-2.7116668224334717,-2.621666669845581,3.556666851043701,4.240000247955322,3.9783337116241455,4.2300004959106445,4.108333587646484
2541,91.17900133813141,30.360705911503267,0.009999960660934448,-0.016667842864990234,0.029268177374001378,-0.49833330512046814,0.18500003218650818,-0.09999997913837433,-0.1866666078567505,-0.14666667580604553,6.465000152587891,7.248333930969238,6.955000400543213,6.986666679382324,6.839999198913574
2542,92.07731662225093,30.360705911503267,0.18500030040740967,0.23416638374328613,0.549506172271218,-2.7883331775665283,-2.1150002479553223,-2.3866665363311768,-2.3849997520446777,-2.2666664123535156,4.300000190734863,5.071667194366455,4.801666736602783,4.933333396911621,4.920000076293945
2544,93.87394719048999,30.360705911503267,0.3899999111890793,0.40000009536743164,1.3684208297333085,-1.0116666555404663,-0.44166669249534607,-0.6616666316986084,-0.518333375453949,-0.3366667628288269,5.728333473205566,6.391666412353516,6.163333415985107,6.345000267028809,6.460000038146973
2545,94.7722624746095,30.360705911503267,0.2591667175292969,0.24500179290771484,0.933933603684102,4.046666622161865,4.6016669273376465,4.440000057220459,4.425000190734863,4.583333492279053,10.394999504089355,11.091666221618652,10.918333053588867,10.886667251586914,10.988334655761719
2546,95.67057775872902,30.360705911503267,0.3783334046602249,0.5800004005432129,1.3926383288992779,0.2083333432674408,0.7516666650772095,0.6099998354911804,0.6383334398269653,0.85833340883255,6.673333644866943,7.363333225250244,7.223333835601807,7.341666221618652,7.598333835601807
2547,96.56889304284854,30.360705911503267,0.3891666829586029,0.6283330917358398,1.4108761655724082,0.6283333897590637,1.1800000667572021,1.0533334016799927,1.0750000476837158,1.2933334112167358,7.228333473205566,7.904999732971191,7.756666660308838,7.918333530426025,8.194999694824219
2548,97.46720832696808,30.360705911503267,0.37916678190231323,0.4183340072631836,1.391437841318643,1.7566667795181274,2.301666736602783,2.178333282470703,2.191666841506958,2.4083335399627686,8.595000267028809,9.181666374206543,9.071666717529297,8.96833324432373,9.30666732788086
2549,98.3655236110876,30.360705911503267,0.39999985694885254,0.35416698455810547,1.212120183134278,2.255000114440918,2.9150004386901855,2.7750000953674316,2.8383333683013916,2.9850001335144043,9.198333740234375,9.940000534057617,9.74000072479248,9.763333320617676,9.923334121704102
2550,99.26383889520712,30.360705911503267,0.45333313941955566,0.7074995040893555,2.0298496468558644,2.7266666889190674,3.1733334064483643,3.1033334732055664,3.075000286102295,3.4033331871032715,9.646665573120117,10.158334732055664,10.126667022705078,10.21833324432373,10.609999656677246
2551,100.16215417932663,30.360705911503267,0.748333752155304,0.7591667175292969,3.2302165603260122,1.1633331775665283,1.6266666650772095,1.5099999904632568,1.8899999856948853,2.143333673477173,8.151666641235352,8.670000076293945,8.600000381469727,8.973333358764648,9.170000076293945
2552,101.06046946344617,30.360705911503267,0.3400001525878906,0.344998836517334,3.2903196035181304,3.571666717529297,3.7783336639404297,3.736666440963745,3.7133331298828125,4.015000343322754,10.688333511352539,10.941666603088379,10.943333625793457,10.870000839233398,11.159998893737793
2553,101.95878474756569,30.360705911503267,0.31916654109954834,0.16249990463256836,3.868680650983078,2.2116665840148926,2.376666784286499,2.3433332443237305,2.330000162124634,2.613333225250244,8.896666526794434,9.13166618347168,9.136667251586914,8.956666946411133,9.176666259765625
2554,102.8571000316852,30.360705911503267,0.5091671943664551,0.32500171661376953,3.451991245567018,11.918333053588867,11.623333930969238,11.543333053588867,11.94333267211914,12.280000686645508,16.311664581298828,16.06166648864746,15.996665954589844,16.275001525878906,16.511667251586914
2555,103.75541531580473,30.360705911503267,0.34000110626220703,0.5233335494995117,3.1384367544917557,17.420000076293945,17.636669158935547,17.511667251586914,17.51333236694336,17.868335723876953,21.013334274291992,21.163333892822266,20.98666763305664,21.1683349609375,21.61166763305664
2556,104.65373059992424,30.360705911503267,0.8975000381469727,0.9466657638549805,9.70273112492654,17.113332748413086,16.928333282470703,16.830001831054688,17.516666412353516,17.918333053588867,20.626667022705078,20.426668167114258,20.34166717529297,21.028335571289062,21.47333335876465
2557,105.55204588404374,30.360705911503253,1.055832862854004,0.8649978637695312,6.848665367603847,17.661666870117188,17.353334426879883,17.33333396911621,18.150001525878906,18.56333351135254,21.055002212524414,20.728334426879883,20.751667022705078,21.389999389648438,21.75666618347168
2558,106.45036116816327,30.360705911503267,1.0508346557617188,0.9016666412353516,7.3742822342091525,18.15999984741211,17.875,17.833332061767578,18.683332443237305,19.068334579467773,21.508333206176758,21.241666793823242,21.235000610351562,21.919998168945312,22.27666664123535
2559,107.34867645228282,30.360705911503267,0.5200023651123047,0.3991670608520508,25.999523173755485,17.716665267944336,17.75666618347168,17.49333381652832,17.825000762939453,18.256668090820312,21.200000762939453,21.23166847229004,20.998332977294922,21.196666717529297,21.615001678466797
2560,108.24699173640234,30.360705911503267,0.8983325958251953,0.8325023651123047,13.474809029267874,14.908334732055664,14.774999618530273,14.676668167114258,15.30333423614502,15.739999771118164,18.538331985473633,18.383333206176758,18.27166748046875,18.801668167114258,19.2933349609375
2561,109.14530702052186,30.360705911503267,0.2541651725769043,0.31333160400390625,5.980354317898776,15.045000076293945,15.130000114440918,14.736666679382324,14.898333549499512,15.341665267944336,18.706666946411133,18.763334274291992,18.319997787475586,18.5049991607666,19.04833221435547
2562,110.04362230464137,30.360705911503267,0.5608320236206055,0.622502326965332,4.39869701480257,13.061668395996094,13.316667556762695,12.933334350585938,13.305000305175781,13.75,16.79666519165039,16.98166847229004,16.608333587646484,16.985000610351562,17.511669158935547
2563,110.94193758876091,30.360705911503267,0.5625014305114746,0.6591682434082031,4.299380050077084,13.706666946411133,13.96833324432373,13.585000991821289,13.94666576385498,14.400001525878906,17.463333129882812,17.654998779296875,17.343334197998047,17.700000762939453,18.218334197998047
2564,111.84025287288041,30.360705911503267,0.5316658020019531,0.6158313751220703,4.197349796717361,17.696666717529297,17.950000762939453,17.54833221435547,17.898334503173828,18.354999542236328,21.721668243408203,21.950000762939453,21.57833480834961,21.90333366394043,22.4516658782959
2565,112.73856815699993,30.360705911503267,0.4466686248779297,0.6091680526733398,3.6712129050463247,17.689998626708984,17.933334350585938,17.413333892822266,17.771665573120117,18.25833511352539,21.40333366394043,21.601665496826172,21.07666778564453,21.559999465942383,22.11166763305664
2566,113.63688344111945,30.360705911503267,0.46416664123535156,0.5583324432373047,3.9503441334978247,17.838333129882812,18.073333740234375,17.551666259765625,17.928333282470703,18.420000076293945,21.785001754760742,22.011667251586914,21.654998779296875,21.93166732788086,22.456666946411133
2567,114.53519872523898,30.360705911503267,0.45416831970214844,0.5183343887329102,3.8652522563469907,17.878332138061523,18.113332748413086,17.566667556762695,17.968334197998047,18.450000762939453,22.161664962768555,22.40166473388672,22.025001525878906,22.26666831970215,22.799999237060547
2568,115.43351400935852,30.360705911503267,0.4658355712890625,0.36999988555908203,4.021603820187716,17.799999237060547,18.031665802001953,17.494998931884766,17.895000457763672,18.381668090820312,22.138334274291992,22.36166763305664,21.876667022705078,22.086666107177734,22.6200008392334
2569,116.33182929347802,30.360705911503267,0.5558338165283203,0.638331413269043,4.248432807534186,17.38333511352539,17.645000457763672,17.213333129882812,17.625,18.07000160217285,21.49333381652832,21.773334503173828,21.393333435058594,21.704999923706055,22.271665573120117
2570,117.2301445775975,30.360705911503253,0.5816669464111328,0.6574983596801758,7.425395665936207,16.994998931884766,17.151668548583984,16.658334732055664,17.18666648864746,17.655000686645508,20.795001983642578,20.96000099182129,20.476665496826172,20.96500015258789,21.53499984741211
2571,118.12845986171706,30.360705911503267,0.5891661643981934,0.5874977111816406,6.733246867898617,15.41333293914795,15.588335037231445,15.0649995803833,15.63166618347168,16.09000015258789,19.28499984741211,19.43000030517578,18.850000381469727,19.384998321533203,19.944997787475586
2572,119.02677514583655,30.360705911503253,0.7683353424072266,0.8583335876464844,9.604200939370097,15.530000686645508,15.690000534057617,15.328333854675293,15.943333625793457,16.37833595275879,19.343334197998047,19.506664276123047,19.178333282470703,19.741666793823242,20.28333282470703
2573,119.92232611425443,30.36133715432385,0.41666603088378906,0.4933347702026367,3.6231900884016386,16.68166732788086,16.911666870117188,16.441669464111328,16.783334732055664,17.213333129882812,20.548336029052734,20.79166603088379,20.3266658782959,20.626667022705078,21.1633358001709
2574,120.77444466939684,30.35838180367681,0.7325010299682617,0.8549976348876953,9.659355861010853,17.80500030517578,17.956666946411133,17.496665954589844,18.174999237060547,18.61333465576172,21.60000228881836,21.799999237060547,21.353336334228516,21.989999771118164,22.55499839782715
2575,121.63932075211602,30.120901859963816,0.5091686248779297,0.5466651916503906,5.313092110500756,17.553333282470703,17.744998931884766,17.25833511352539,17.691665649414062,18.158334732055664,20.873332977294922,21.093334197998047,20.613330841064453,20.93833351135254,21.529998779296875
2576,122.30587402381576,30.273555177406582,0.6999988555908203,0.7933349609375,9.767418959919093,17.46000099182129,17.603334426879883,17.108333587646484,17.781665802001953,18.231666564941406,20.430002212524414,20.600000381469727,20.100000381469727,20.68000030517578,21.30833625793457
2605,83.9990797541761,29.616259998983086,-0.34416690468788147,-0.5683331489562988,-15.29626068078895,-0.8999999761581421,-0.854999840259552,-0.9366667866706848,-0.8366667032241821,-1.2216668128967285,6.456666469573975,6.513333797454834,6.4116668701171875,6.4200005531311035,5.9166669845581055
2606,84.89079434929477,29.582529613545592,0.1283329725265503,-0.05333280563354492,0.42076391670982305,-3.4033331871032715,-2.7933332920074463,-3.075000047683716,-2.888333320617676,-2.9700002670288086,4.256666660308838,4.9033331871032715,4.630000114440918,4.696666717529297,4.52666711807251
2607,85.7891096334143,29.582529613545592,-0.059166789054870605,-0.2666664123535156,-0.20943985166574325,-3.6616668701171875,-3.0966665744781494,-3.378333330154419,-3.493333339691162,-3.438333511352539,4.180000305175781,4.806666374206543,4.5233330726623535,4.263333320617676,4.2266669273376465
2608,86.68742491753382,29.582529613545592,0.16750013828277588,0.11166572570800781,0.5694055353901628,-2.551666736602783,-1.9633333683013916,-2.2283332347869873,-2.1633334159851074,-2.0899999141693115,5.118333339691162,5.74500036239624,5.480000019073486,5.565000057220459,5.543332576751709
2609,87.58574020165334,29.582529613545592,0.46750009059906006,0.38916659355163574,1.4202533797869281,-0.42166668176651,0.23666667938232422,0.011666679754853249,0.1916666477918625,0.37500008940696716,6.990000247955322,7.731666564941406,7.511666774749756,7.693333625793457,7.75
2610,88.48405548577286,29.582529613545592,0.15416668355464935,0.07166647911071777,0.5040872627615294,-0.8733333349227905,-0.2616666853427887,-0.4933333992958069,-0.3400000035762787,-0.41333332657814026,6.351666450500488,7.044999599456787,6.815001010894775,6.97333288192749,6.7699995040893555
2611,89.38237076989238,29.582529613545592,0.3725000564008951,0.44333314895629883,1.192000201797489,0.05500001832842827,0.6800000071525574,0.46666663885116577,0.6833333373069763,0.7400000691413879,7.0933332443237305,7.793334007263184,7.574999809265137,7.940000057220459,7.886666774749756
2612,90.2806860540119,29.582529613545592,0.4266666769981384,0.35666632652282715,1.3763441087634787,-1.2266666889190674,-0.6066666841506958,-0.7883332967758179,-0.5666666626930237,-0.49000000953674316,5.693333625793457,6.406667232513428,6.2166666984558105,6.53000020980835,6.4066667556762695
2613,91.17900133813141,29.582529613545592,0.5083339214324951,0.4849991798400879,1.6576109054750503,3.2683334350585938,3.881666660308838,3.701667070388794,3.9650001525878906,4.083333969116211,10.273333549499512,10.98666763305664,10.800000190734863,11.164999961853027,11.114999771118164
2614,92.07731662225093,29.582529613545592,0.30833327770233154,0.36083364486694336,1.0511363220732015,-1.9883333444595337,-1.4016667604446411,-1.648333191871643,-1.534999966621399,-1.3866667747497559,5.158333778381348,5.8433332443237305,5.586667060852051,5.8466668128967285,5.861667156219482
2615,92.97563190637047,29.582529613545592,0.29833340644836426,0.4075000286102295,1.0112994213299713,-2.438333511352539,-1.8483333587646484,-2.120000123977661,-2.011666774749756,-1.8450000286102295,4.720000267028809,5.458333492279053,5.186666965484619,5.366666316986084,5.49666690826416
2616,93.87394719048999,29.582529613545592,0.35249996185302734,0.3616666793823242,1.1717445178940662,1.434999942779541,2.0366668701171875,1.783333420753479,1.9649999141693115,2.0883333683013916,8.143333435058594,8.84666633605957,8.568333625793457,8.791666030883789,8.856666564941406
2617,94.7722624746095,29.582529613545592,0.2758336067199707,0.3358335494995117,1.2124556174570638,3.6583333015441895,4.113333225250244,4.013333320617676,3.950000047683716,4.1616668701171875,9.92500114440918,10.5,10.393333435058594,10.329999923706055,10.548334121704102
2618,95.67057775872902,29.582529613545592,0.34416627883911133,0.5625004768371582,1.2629953418703213,4.933333396911621,5.478333473205566,5.338333606719971,5.329999923706055,5.549999713897705,11.188333511352539,11.91333293914795,11.770000457763672,11.870000839233398,12.113333702087402
2619,96.56889304284854,29.582529613545592,0.3666667267680168,0.6266670227050781,1.3333338481008343,-0.4133332371711731,0.13666664063930511,0.01499998103827238,-0.0033334146719425917,0.22833342850208282,5.953333377838135,6.62000036239624,6.4916672706604,6.640000343322754,6.913333892822266
2620,97.46720832696808,29.582529613545592,0.31749892234802246,0.5966672897338867,1.1305574397891847,6.921666622161865,7.483334541320801,7.321666717529297,7.289999961853027,7.5199995040893555,13.406667709350586,14.079999923706055,13.905000686645508,14.058334350585938,14.340001106262207
2621,98.3655236110876,29.582529613545592,0.3608332872390747,0.5833330154418945,1.419672970771112,3.253333568572998,3.7616665363311768,3.6449999809265137,3.633333206176758,3.868333339691162,9.636667251586914,10.233333587646484,10.133333206176758,10.183332443237305,10.518333435058594
2622,99.26383889520712,29.582529613545592,0.4433329105377197,0.7299995422363281,2.0305332424794376,2.326667070388794,2.763333559036255,2.698333263397217,2.6616666316986084,2.988333225250244,8.966666221618652,9.443333625793457,9.48166561126709,9.546666145324707,9.934999465942383
2623,100.16215417932663,29.582529613545592,0.9016668796539307,1.230832815170288,6.07865403315894,1.1449999809265137,1.441666603088379,1.4649999141693115,1.8700001239776611,2.195000171661377,7.9266676902771,8.308333396911621,8.399999618530273,8.968332290649414,9.348333358764648
2624,101.06046946344617,29.582529613545592,0.5141665935516357,0.559999942779541,2.2436352665172,3.2266666889190674,3.68500018119812,3.6533336639404297,3.6383330821990967,3.9700000286102295,10.291666030883789,10.78166675567627,10.80666732788086,10.769999504089355,11.09666633605957
2625,101.95878474756569,29.582529613545592,0.5916666686534882,0.697500467300415,2.795276297869171,0.5266667604446411,0.949999988079071,0.9149999618530273,0.9983333349227905,1.3300000429153442,6.986666679382324,7.4716668128967285,7.571667671203613,7.53000020980835,7.926667213439941
2626,102.8571000316852,29.582529613545592,0.899167537689209,1.0633325576782227,46.911237157001764,12.754999160766602,12.793334007263184,12.76166820526123,13.296667098999023,13.673334121704102,16.9233341217041,16.893333435058594,16.85000228881836,17.503334045410156,17.97166633605957
2627,103.75541531580473,29.582529613545592,0.8000001907348633,0.7308311462402344,8.72731717974594,17.146665573120117,16.963333129882812,16.85333251953125,17.421667098999023,17.854999542236328,20.558334350585938,20.323333740234375,20.31166648864746,20.770000457763672,21.17166519165039
2628,104.65373059992424,29.582529613545592,0.40416812896728516,0.23250198364257812,19.40036621652552,18.024999618530273,17.983333587646484,17.88833236694336,18.023334503173828,18.408334732055664,21.41499900817871,21.399999618530273,21.29666519165039,21.30666732788086,21.64000129699707
2629,105.55204588404376,29.582529613545592,0.7008333206176758,0.6699981689453125,4.497328690415721,18.045000076293945,17.733333587646484,17.596668243408203,18.183334350585938,18.59000015258789,21.376667022705078,21.060001373291016,20.968334197998047,21.461666107177734,21.88833236694336
2630,106.45036116816328,29.582529613545592,0.7066631317138672,0.5799980163574219,3.9625981304412927,18.58500099182129,18.228334426879883,18.093334197998047,18.69333267211914,19.113330841064453,21.950000762939453,21.570003509521484,21.468334197998047,21.94499969482422,22.34000015258789
2631,107.34867645228282,29.582529613545592,0.8633337020874023,0.75,6.556941396319072,17.863332748413086,18.126667022705078,17.843334197998047,18.385000228881836,18.858333587646484,21.27166748046875,21.52166748046875,21.264999389648438,21.67166519165039,22.14666748046875
2632,108.24699173640232,29.582529613545592,0.809166431427002,0.7091665267944336,14.49277899717309,13.683332443237305,13.571667671203613,13.405000686645508,14.003332138061523,14.436666488647461,17.20833396911621,17.06999969482422,16.89333152770996,17.375,17.84833335876465
2633,109.14530702052187,29.582529613545592,0.2950000762939453,0.3141670227050781,6.555685069407651,15.076667785644531,15.166666030883789,14.761667251586914,14.951665878295898,15.416666984558105,18.795000076293945,18.883333206176758,18.398334503173828,18.56999969482422,19.15333366394043
2634,110.04362230464137,29.582529613545592,0.5166664123535156,0.5566654205322266,4.078933895497666,14.736666679382324,14.99000072479248,14.613332748413086,14.938333511352539,15.380000114440918,18.57499885559082,18.7983341217041,18.450000762939453,18.720001220703125,19.243331909179688
2635,110.9419375887609,29.582529613545592,0.5183334350585938,0.5641670227050781,3.8875044703526216,15.49333381652832,15.760000228881836,15.376667976379395,15.704999923706055,16.145000457763672,19.376667022705078,19.61166763305664,19.253332138061523,19.541667938232422,20.058334350585938
2636,111.84025287288041,29.582529613545592,0.5149993896484375,0.630833625793457,3.9114021236835623,17.83333396911621,18.09666633605957,17.69499969482422,18.03499984741211,18.479999542236328,21.68166732788086,21.91666603088379,21.560001373291016,21.900001525878906,22.43000030517578
2637,112.73856815699993,29.582529613545592,0.4508333206176758,0.5533342361450195,3.7310324143863998,17.96666717529297,18.20833396911621,17.69333267211914,18.0483341217041,18.538333892822266,21.55500030517578,21.738332748413086,21.171667098999023,21.604999542236328,22.200000762939453
2638,113.63688344111947,29.582529613545592,0.4741668701171875,0.4691648483276367,3.924168521412448,17.98166847229004,18.22333335876465,17.708332061767578,18.08500099182129,18.57666778564453,21.881669998168945,22.110000610351562,21.64666748046875,21.93166732788086,22.46500015258789
2639,114.53519872523898,29.582529613545592,0.4608325958251953,0.424163818359375,3.6622406135843453,17.43166732788086,17.683334350585938,17.14499855041504,17.538333892822266,18.018333435058594,21.798336029052734,22.023334503173828,21.511667251586914,21.80500030517578,22.334999084472656
2640,115.43351400935852,29.582529613545592,0.5308341979980469,0.5641689300537109,4.2185439497976445,17.45833396911621,17.71000099182129,17.295001983642578,17.671667098999023,18.115001678466797,21.81833267211914,22.04666519165039,21.583332061767578,21.923336029052734,22.496667861938477
2641,116.33182929347802,29.582529613545592,0.5408344268798828,0.4799985885620117,4.298015854970973,17.91499900817871,18.16666603088379,17.746665954589844,18.138334274291992,18.581666946411133,22.073331832885742,22.270000457763672,21.865001678466797,22.108333587646484,22.65166473388672
2642,117.23014457759756,29.582529613545592,0.5891656875610352,0.5708332061767578,7.4422064545662625,17.096668243408203,17.2549991607666,16.768333435058594,17.291667938232422,17.764999389648438,21.308332443237305,21.396665573120117,20.836666107177734,21.31166648864746,21.92333221435547
2643,118.12845986171696,29.58252961354558,0.5991687774658203,0.41916561126708984,6.719651757256839,16.23499870300293,16.413331985473633,15.89666748046875,16.456668853759766,16.9233341217041,20.375,20.513334274291992,19.928333282470703,20.29166603088379,20.863332748413086
2644,119.0267751458366,29.582529613545617,0.7108325958251953,0.7941665649414062,6.226293103448276,16.46000099182129,16.68833351135254,16.371665954589844,16.82000160217285,17.28499984741211,20.360000610351562,20.601665496826172,20.29666519165039,20.708332061767578,21.274999618530273
2645,119.9250904299561,29.582529613545592,0.5316658020019531,0.6099987030029297,4.9076728053804715,16.81166648864746,17.02833366394043,16.560001373291016,16.979999542236328,17.4516658782959,20.761667251586914,20.98833656311035,20.536666870117188,20.91499900817871,21.485000610351562
2646,120.82340571407563,29.582529613545592,0.7566652297973633,0.7758321762084961,8.407466276716365,17.28000259399414,17.46000099182129,17.093334197998047,17.655000686645508,18.126667022705078,21.32000160217285,21.48833465576172,21.113332748413086,21.610002517700195,22.18000030517578
2647,121.60307572911685,29.600477222511255,0.5741672515869141,0.41666507720947266,5.991342249820874,17.623332977294922,17.814998626708984,17.323333740234375,17.808334350585938,18.293333053588867,21.151668548583984,21.2983341217041,20.77833366394043,21.01833152770996,21.641666412353516
2648,122.28135817408369,29.843172109284318,0.5716667175292969,0.6833343505859375,6.017587889252515,17.73666763305664,17.926666259765625,17.433334350585938,17.920000076293945,18.40333366394043,20.716665267944336,20.92999839782715,20.443334579467773,20.851665496826172,21.50666618347168
2678,84.94396520220575,28.90141313282075,0.40166670083999634,0.33083319664001465,1.353932630547727,-1.8216667175292969,-1.2283333539962769,-1.4700000286102295,-1.0866668224334717,-1.1233333349227905,5.700000286102295,6.321666717529297,6.085000038146973,6.413332939147949,6.3416666984558105
2679,85.7891096334143,28.798307033908976,-0.02833312749862671,-0.19999980926513672,-0.11111028002256093,-1.6200002431869507,-1.1100001335144043,-1.3650000095367432,-1.3600000143051147,-1.3933333158493042,6.261666297912598,6.821666717529297,6.538332939147949,6.456666469573975,6.3416666984558105
2680,86.68742491753382,28.798307033908976,0.39500007033348083,0.19499969482421875,1.2539683681016027,-0.3850000202655792,0.24500003457069397,0.043333351612091064,0.3683333992958069,0.3250000774860382,7.7816667556762695,8.478333473205566,8.28833293914795,8.49666690826416,8.324999809265137
2681,87.58574020165334,28.798307033908976,-0.16583344340324402,-0.4033336639404297,-0.608562943309435,0.9300000071525574,1.4750001430511475,1.18666672706604,1.0766665935516357,1.0366666316986084,8.851667404174805,9.481666564941406,9.193333625793457,8.960000991821289,8.763333320617676
2682,88.48405548577286,28.798307033908976,4.842877388000488e-08,-0.23166656494140625,1.6509807619466715e-07,-0.7016667723655701,-0.11500004678964615,-0.37166666984558105,-0.35333338379859924,-0.40833336114883423,6.9683332443237305,7.6449995040893555,7.403334140777588,7.310000419616699,7.074999809265137
2683,89.38237076989238,28.798307033908976,0.23916691541671753,0.37833261489868164,0.8270903042434459,0.6766666173934937,1.2549998760223389,1.0100001096725464,1.1200000047683716,1.2050001621246338,7.858333587646484,8.508334159851074,8.25,8.571666717529297,8.561666488647461
2684,90.2806860540119,28.798307033908976,0.19749987125396729,0.12333345413208008,0.7074621448275273,-1.8149999380111694,-1.2566665410995483,-1.5350000858306885,-1.465000033378601,-1.3383333683013916,5.183333396911621,5.8433332443237305,5.549999713897705,5.661665916442871,5.636666774749756
2685,91.17900133813141,28.798307033908976,0.22583341598510742,0.1549999713897705,0.8187313136761202,-1.4016667604446411,-0.8500000238418579,-1.1166667938232422,-1.0249998569488525,-0.8999999761581421,5.7300004959106445,6.383333683013916,6.085000038146973,6.251667022705078,6.211667060852051
2686,92.07731662225093,28.798307033908976,0.29249998927116394,0.33916664123535156,1.066869235492728,-1.2400000095367432,-0.6916666626930237,-0.8966668248176575,-0.8016667366027832,-0.6733333468437195,6.141667366027832,6.823332786560059,6.618333339691162,6.761666774749756,6.821666717529297
2687,92.97563190637047,28.798307033908976,0.2049998641014099,0.30500054359436035,0.8785707863010144,0.37666672468185425,0.8433334231376648,0.7050000429153442,0.684999942779541,0.8149999380111694,7.691667079925537,8.291666030883789,8.14666748046875,8.225000381469727,8.296667098999023
2688,93.87394719048999,28.798307033908976,0.22583341598510742,0.19583463668823242,0.9926745224291661,5.208333492279053,5.663333415985107,5.543334007263184,5.526666641235352,5.6616668701171875,12.00333309173584,12.688333511352539,12.563333511352539,12.506667137145996,12.541667938232422
2689,94.7722624746095,28.798307033908976,0.21916675567626953,0.1250019073486328,0.9924512331523875,16.633333206176758,17.075000762939453,16.988332748413086,16.838335037231445,17.073333740234375,22.323331832885742,22.99333381652832,22.933332443237305,22.59000015258789,22.783334732055664
2691,96.56889304284854,28.798307033908976,0.32666611671447754,0.4833345413208008,1.4626823766532262,7.6016669273376465,8.048334121704102,7.9800004959106445,7.883333683013916,8.151666641235352,13.510000228881836,14.10333251953125,14.061666488647461,13.975000381469727,14.290000915527344
2692,97.4611946062528,28.81027685597837,0.3216671943664551,0.44500160217285156,1.4402976311210274,8.466666221618652,8.913333892822266,8.833333969116211,8.664999961853027,9.011667251586914,14.253334045410156,14.896665573120117,14.878332138061523,14.636667251586914,15.020001411437988
2693,98.3655236110876,28.798307033908976,0.3616664409637451,0.545832633972168,1.323170013685809,4.381666660308838,4.928333282470703,4.789999961853027,4.741666793823242,5.016666412353516,9.953332901000977,10.601667404174805,10.46500015258789,10.49333381652832,10.823332786560059
2694,99.26383889520712,28.798307033908976,0.46916675567626953,0.6991658210754395,2.0774904087143984,6.108333110809326,6.559999942779541,6.555000305175781,6.491666316986084,6.803333282470703,11.935001373291016,12.436667442321777,12.579999923706055,12.513334274291992,12.885000228881836
2695,100.16215417932663,28.798307033908976,0.5066666603088379,0.5941662788391113,2.491802702024525,2.448333263397217,2.8550000190734863,2.8516666889190674,2.7733335494995117,3.1583333015441895,9.363332748413086,9.828333854675293,9.948332786560059,9.788333892822266,10.1899995803833
2696,101.06046946344617,28.798307033908976,0.4225006103515625,0.658332347869873,1.9277586559507078,5.241666316986084,5.679999828338623,5.78000020980835,5.646667003631592,5.883333683013916,12.21166706085205,12.77833366394043,13.035000801086426,12.888333320617676,13.153332710266113
2697,101.95878474756569,28.798307033908976,0.43416714668273926,0.6025009155273438,1.9368095373321803,6.143333911895752,6.591666221618652,6.686666965484619,6.548333644866943,6.801667213439941,12.576666831970215,13.1416654586792,13.395001411437988,13.193333625793457,13.46166706085205
2698,102.8571000316852,28.798307033908976,0.8333325386047363,0.8941669464111328,41.666666666666664,9.136667251586914,9.176667213439941,9.183334350585938,9.614999771118164,9.989999771118164,13.991666793823242,14.063333511352539,14.081666946411133,14.558334350585938,14.921667098999023
2699,103.7554153158047,28.798307033908976,0.836667537689209,0.8183317184448242,35.859046412294866,15.003332138061523,14.95666790008545,14.948331832885742,15.429998397827148,15.816667556762695,18.80666732788086,18.71000099182129,18.75,19.21666717529297,19.5766658782959
2700,104.65373059992424,28.798307033908976,0.8275003433227539,0.6933326721191406,12.56967159681882,18.475000381469727,18.343334197998047,18.18666648864746,18.836666107177734,19.23666763305664,21.884998321533203,21.761669158935547,21.634998321533203,22.134998321533203,22.516666412353516
2701,105.55204588404378,28.798307033908987,0.7399997711181641,0.6441679000854492,6.0000154650335595,18.225000381469727,18.47166633605957,18.4950008392334,18.676666259765625,19.088333129882812,21.549999237060547,21.79166603088379,21.85000228881836,21.901668548583984,22.315000534057617
2702,106.45036116816328,28.798307033908976,0.837498664855957,0.7975006103515625,27.16219727196808,16.218334197998047,16.156667709350586,15.976666450500488,16.621665954589844,17.024999618530273,19.524999618530273,19.476667404174805,19.32833480834961,19.888334274291992,20.2983341217041
2703,107.34867645228282,28.798307033908976,0.7949991226196289,0.7016668319702148,14.454449299486752,13.978334426879883,13.86833381652832,13.681666374206543,14.28833293914795,14.71833324432373,17.296667098999023,17.183334350585938,17.024999618530273,17.489999771118164,17.941667556762695
2704,108.24699173640234,28.798307033908976,0.7024998664855957,0.6833343505859375,18.73290101087164,15.52166748046875,15.44666576385498,15.226666450500488,15.769999504089355,16.18666648864746,19.108333587646484,19.00833511352539,18.709999084472656,19.223331451416016,19.741668701171875
2705,109.14530702052186,28.798307033908976,0.7133359909057617,0.7033309936523438,22.526336395121216,16.363332748413086,16.299999237060547,16.083332061767578,16.61166763305664,17.045001983642578,20.28499984741211,20.205001831054688,19.940000534057617,20.41666603088379,20.948331832885742
2706,110.04362230464137,28.798307033908976,0.5033330917358398,0.5024986267089844,3.922083423127513,16.045000076293945,16.301666259765625,15.960000991821289,16.238332748413086,16.676666259765625,20.0483341217041,20.283334732055664,19.88833236694336,20.11666488647461,20.668333053588867
2707,110.9419375887609,28.798307033908976,0.8358335494995117,0.8958339691162109,47.76472832306938,16.3266658782959,16.291667938232422,16.14000129699707,16.758333206176758,17.145000457763672,20.251667022705078,20.200000762939453,20.010000228881836,20.621667861938477,21.121667861938477
2708,111.84025287288041,28.798307033908976,0.5116643905639648,0.5666675567626953,3.7438958863961482,17.685001373291016,17.95833396911621,17.511669158935547,17.889999389648438,18.333332061767578,21.36833381652832,21.61833381652832,21.11833381652832,21.50833511352539,22.060001373291016
2709,112.73856815699993,28.798307033908976,0.47666358947753906,0.5291671752929688,3.763123023641018,18.27166748046875,18.525001525878906,18.1299991607666,18.435001373291016,18.874998092651367,21.84166717529297,22.079998016357422,21.623334884643555,21.95166778564453,22.489999771118164
2710,113.63688344111945,28.798307033908976,0.8574981689453125,0.8808317184448242,7.510959636460839,17.166667938232422,17.395000457763672,17.093334197998047,17.70833396911621,18.13833236694336,21.239999771118164,21.4183349609375,21.045001983642578,21.689998626708984,22.209999084472656
2711,114.53519872523898,28.798307033908987,0.4441680908203125,0.5374984741210938,3.2699393394742753,16.56833267211914,16.84000015258789,16.40333366394043,16.713333129882812,17.148334503173828,20.854999542236328,21.093334197998047,20.650001525878906,20.963335037231445,21.51166534423828
2712,115.43351400935852,28.798307033908976,0.4375009536743164,0.40166664123535156,3.1818295313464513,17.748332977294922,18.023332595825195,17.584999084472656,17.905000686645508,18.323333740234375,21.889997482299805,22.1200008392334,21.601669311523438,21.886669158935547,22.406665802001953
2713,116.33182929347802,28.798307033908976,0.5691671371459961,0.4825000762939453,4.583867771641871,18.899999618530273,19.148334503173828,18.753334045410156,19.136667251586914,19.593334197998047,22.86666488647461,23.071666717529297,22.608333587646484,22.871667861938477,23.4516658782959
2714,117.23014457759756,28.798307033908976,0.8250007629394531,0.9458332061767578,8.389836097371738,18.66666603088379,18.863332748413086,18.546667098999023,19.121665954589844,19.59000015258789,23.053333282470703,23.218334197998047,22.848331451416016,23.459999084472656,24.081666946411133
2715,118.12845986171699,28.798307033908976,0.6816673278808594,0.4550008773803711,6.816647275362872,17.95833396911621,18.158334732055664,17.690000534057617,18.241666793823242,18.740001678466797,22.48499870300293,22.641666412353516,22.088333129882812,22.43666648864746,23.018333435058594
2716,119.0267751458366,28.798307033908976,1.039168357849121,0.7991666793823242,46.18518204552198,16.588333129882812,16.633333206176758,16.471668243408203,17.266666412353516,17.650001525878906,21.010000228881836,21.018333435058594,20.77166748046875,21.33500099182129,21.81333351135254
2717,119.9250904299561,28.798307033908976,1.0233335494995117,0.8183355331420898,47.23108411461772,17.14000129699707,17.183334350585938,17.03333282470703,17.793333053588867,18.185001373291016,21.63166618347168,21.63833236694336,21.408334732055664,21.906665802001953,22.45333480834961
2718,120.82340571407563,28.798307033908976,1.0500011444091797,0.8441667556762695,48.46190413310445,15.910000801086426,15.953333854675293,15.826665878295898,16.60333251953125,16.98166847229004,19.921667098999023,19.893333435058594,19.65333366394043,20.19499969482422,20.751667022705078
2719,121.45655217894213,28.820581656583666,0.7349996566772461,0.7100009918212891,11.307760024648973,17.11333465576172,17.24333381652832,16.7983341217041,17.426666259765625,17.913333892822266,20.46666717529297,20.610000610351562,20.128334045410156,20.649999618530273,21.248334884643555
2750,85.26775863631863,28.379505373408943,0.3466672897338867,0.23166704177856445,1.1491730697188454,6.099999904632568,6.703333377838135,6.470000267028809,6.8433332443237305,6.748333930969238,13.354998588562012,14.018333435058594,13.78666877746582,14.098333358764648,13.918333053588867
2751,85.95123388964869,28.251784716724668,-0.05916681885719299,-0.17499971389770508,-0.24567539390114496,-1.3266665935516357,-0.8449999690055847,-1.0633333921432495,-0.9899999499320984,-1.1450001001358032,6.345000267028809,6.87833309173584,6.633333683013916,6.6750006675720215,6.436666965484619
2752,86.69079860185686,28.207251692705317,0.06000018119812012,-0.1316671371459961,0.2142865657814517,-3.2149996757507324,-2.6550002098083496,-2.934999942779541,-2.9733333587646484,-2.874999761581421,4.708333492279053,5.348333835601807,5.086667060852051,4.931666374206543,4.896666526794434
2753,87.5751069693111,28.139819929109766,0.003333345055580139,-0.2174990177154541,0.012658269392748587,0.24666664004325867,0.7733334302902222,0.518333375453949,0.47166672348976135,0.5133333802223206,7.993333339691162,8.608332633972168,8.35333251953125,8.180000305175781,8.083333969116211
2755,89.25332826899863,28.10592880225792,0.1133333370089531,-0.1316671371459961,0.41975316443453214,-0.3349999487400055,0.20499996840953827,-0.06666670739650726,-0.05833325907588005,0.04833334684371948,6.809999942779541,7.460000514984131,7.2416672706604,7.046666145324707,7.00333309173584
2756,90.34072328312001,28.277055262486577,-0.08416640758514404,-0.02083289623260498,-0.2767116866605292,-4.2133331298828125,-3.6050002574920654,-3.9216666221618652,-4.095000267028809,-3.993333101272583,2.799999713897705,3.4583332538604736,3.1499998569488525,3.0916666984558105,3.1083335876464844
2757,91.19294385705,28.194506342648555,0.23000000417232513,0.22166728973388672,0.8571429761406095,-0.8666666746139526,-0.3300000727176666,-0.5383332967758179,-0.4599999785423279,-0.3683333694934845,6.238333702087402,6.908332824707031,6.691666603088379,6.771666526794434,6.7950005531311035
2758,92.07873325459349,28.009059456052505,0.33416658639907837,0.3574998378753662,1.4907057977985547,-1.7883332967758179,-1.3399999141693115,-1.5983332395553589,-1.5583332777023315,-1.2300000190734863,5.539999961853027,6.118333339691162,5.836667060852051,5.928333282470703,6.186666488647461
2759,92.97563190637047,28.00813923714311,0.38499999046325684,0.5008330345153809,1.776923261027388,-0.8933333158493042,-0.46000003814697266,-0.6733332872390747,-0.6083332896232605,-0.2916666865348816,6.316666603088379,6.858333587646484,6.6616668701171875,6.826666355133057,7.0883331298828125
2765,98.47168618869487,28.05224406126764,0.3408336639404297,0.7291674613952637,1.655875069209082,6.178333282470703,6.589999198913574,6.533333778381348,6.393333435058594,6.724999904632568,11.238333702087402,11.723333358764648,11.816666603088379,11.741666793823242,12.210000991821289
2766,99.26383889520712,28.00813923714311,0.4141674041748047,0.5716662406921387,1.933855813332146,6.513333320617676,6.941666603088379,6.914999961853027,6.865000247955322,7.141667366027832,11.951666831970215,12.454999923706055,12.556666374206543,12.485000610351562,12.774999618530273
2767,100.16215417932663,28.00813923714311,0.49666690826416016,0.9099998474121094,2.207409416796119,4.809999942779541,5.259999752044678,5.215000152587891,5.15000057220459,5.5316667556762695,11.230000495910645,11.75333309173584,11.850000381469727,11.960000991821289,12.401666641235352
2768,101.06046946344617,28.00813923714311,0.5116672515869141,0.6483321189880371,2.4959387415215994,7.119999885559082,7.529999732971191,7.508333683013916,7.488333225250244,7.836667060852051,13.840001106262207,14.39000129699707,14.526667594909668,14.421667098999023,14.763333320617676
2769,101.95878474756569,28.00813923714311,0.45583343505859375,0.6741695404052734,2.14510236870686,10.203333854675293,10.62833309173584,10.728333473205566,10.616666793823242,10.87166690826416,16.498332977294922,17.073333740234375,17.33500099182129,17.183334350585938,17.460002899169922
2770,102.8571000316852,28.00813923714311,0.4908328056335449,0.6258330345153809,2.328063616563647,9.971667289733887,10.393333435058594,10.353333473205566,10.311666488647461,10.673333168029785,15.043333053588867,15.608332633972168,15.726667404174805,15.589999198913574,15.951665878295898
2771,103.75541531580473,28.00813923714311,0.8166670799255371,0.7683334350585938,27.222911004085006,12.086668014526367,12.146666526794434,12.121667861938477,12.523334503173828,12.933334350585938,16.45333480834961,16.493331909179688,16.530000686645508,16.81333351135254,17.241666793823242
2773,105.55204588404376,28.00813923714311,0.7316665649414062,0.6541681289672852,7.701808982673119,15.24333381652832,15.433332443237305,15.466667175292969,15.668333053588867,16.06999969482422,18.753332138061523,18.958332061767578,19.033334732055664,19.088333129882812,19.510000228881836
2774,106.45036116816328,28.00813923714311,0.500831127166748,0.5391645431518555,3.9801243695313597,15.273335456848145,15.525001525878906,15.260000228881836,15.52166748046875,15.899999618530273,18.626667022705078,18.888334274291992,18.483333587646484,18.81333351135254,19.29666519165039
2775,107.34867645228282,28.00813923714311,0.6541666984558105,0.6616649627685547,5.130716900971251,14.269999504089355,14.524999618530273,14.241666793823242,14.641667366027832,15.051666259765625,17.623332977294922,17.916667938232422,17.516666412353516,17.895000457763672,18.431665420532227
2776,108.24699173640235,28.00813923714311,0.6866645812988281,0.7099990844726562,20.600841177648707,15.94666576385498,15.88000202178955,15.649999618530273,16.193334579467773,16.599998474121094,19.648334503173828,19.561664581298828,19.2450008392334,19.810001373291016,20.314998626708984
2777,109.14530702052186,28.00813923714311,0.6899991035461426,0.7316694259643555,24.353035224423163,15.49000072479248,15.433334350585938,15.203333854675293,15.738332748413086,16.15166664123535,19.36166763305664,19.328332901000977,18.963333129882812,19.556665420532227,20.076669692993164
2778,110.04362230464137,28.00813923714311,0.7908334732055664,0.8783340454101562,41.26232771060357,16.89000129699707,16.928333282470703,16.69333267211914,17.293331146240234,17.700000762939453,20.913333892822266,20.94333267211914,20.580001831054688,21.276668548583984,21.80666732788086
2779,110.9419375887609,28.00813923714311,0.4633312225341797,0.4324989318847656,3.7567504871485573,16.176668167114258,16.4233341217041,16.081666946411133,16.329999923706055,16.76333236694336,20.06833267211914,20.320003509521484,19.851665496826172,20.059999465942383,20.626667022705078
2780,111.84025287288041,28.00813923714311,0.3083333969116211,0.3433341979980469,2.434222513345229,16.560001373291016,16.81333351135254,16.346668243408203,16.54833221435547,16.9950008392334,20.15999984741211,20.39666748046875,19.86333465576172,20.081668853759766,20.621667861938477
2781,112.73856815699993,28.00813923714311,0.4566679000854492,0.5033330917358398,3.5128269082639476,18.233333587646484,18.49333381652832,18.10333251953125,18.398334503173828,18.82000160217285,21.86333465576172,22.10666847229004,21.651668548583984,21.959997177124023,22.48833465576172
2782,113.63688344111945,28.00813923714311,0.3641681671142578,0.4225015640258789,2.680984610199955,17.59666633605957,17.86833381652832,17.413331985473633,17.665000915527344,18.096668243408203,21.6299991607666,21.884998321533203,21.371665954589844,21.641666412353516,22.18000030517578
2783,114.53519872523898,28.00813923714311,0.5149984359741211,0.6825017929077148,3.9615229431830685,18.3799991607666,18.639999389648438,18.248332977294922,18.5766658782959,19.02499771118164,22.59833335876465,22.799999237060547,22.361665725708008,22.8266658782959,23.381668090820312
2784,115.43351400935852,28.00813923714311,0.5350008010864258,0.5141696929931641,4.115447536185103,18.935001373291016,19.194997787475586,18.803333282470703,19.149999618530273,19.600000381469727,23.031665802001953,23.25,22.768333435058594,23.093332290649414,23.65500259399414
2785,116.33182929347802,28.00813923714311,0.9291648864746094,0.9216670989990234,9.86732833704679,18.798336029052734,18.98666763305664,18.72166633605957,19.375,19.821666717529297,22.643333435058594,22.803333282470703,22.471668243408203,23.086666107177734,23.645000457763672
2786,117.23014457759756,28.00813923714311,1.140000343322754,1.1616706848144531,23.58629466664036,18.56333351135254,18.65999984741211,18.55500030517578,19.333332061767578,19.751667022705078,23.009998321533203,23.049999237060547,22.869998931884766,23.621667861938477,24.191669464111328
2787,118.12845986171709,28.00813923714311,1.0891666412353516,1.0908336639404297,29.04414831392096,17.385000228881836,17.46000099182129,17.274999618530273,18.113332748413086,18.511667251586914,21.863332748413086,21.885000228881836,21.626667022705078,22.433334350585938,22.96500015258789
2788,119.0267751458366,28.00813923714311,1.1366662979125977,0.920832633972168,40.118516274529604,16.33500099182129,16.391666412353516,16.22833251953125,17.0916690826416,17.5,20.851665496826172,20.863332748413086,20.586666107177734,21.211666107177734,21.778331756591797
2789,119.9250904299561,28.00813923714311,1.0275020599365234,0.9583349227905273,45.66474527422226,17.454998016357422,17.5,17.33333396911621,18.131668090820312,18.505001068115234,21.906665802001953,21.933332443237305,21.761667251586914,22.39333152770996,22.878334045410156
2790,120.7111222010372,28.08630941256549,1.0341672897338867,1.0799980163574219,49.64078736552987,16.950000762939453,16.991666793823242,16.845001220703125,17.643333435058594,18.005001068115234,20.435001373291016,20.43166732788086,20.25,21.021665573120117,21.51333236694336
2791,121.39994499468317,28.303376406763654,1.0375022888183594,0.9783334732055664,46.10918030007629,17.26833152770996,17.31333351135254,17.1733341217041,17.963335037231445,18.32833480834961,20.323335647583008,20.369998931884766,20.22333335876465,20.838335037231445,21.325000762939453
2826,88.8777232741117,27.51713838832195,0.1516667604446411,-0.023333072662353516,0.5548781950440645,1.9866664409637451,2.5333333015441895,2.2699999809265137,2.260000228881836,2.4116666316986084,8.478333473205566,9.125,8.923332214355469,8.769999504089355,8.77833366394043
2827,89.04439071382124,27.465369889410432,0.1483325958251953,-0.15000057220458984,0.7063455660964301,8.926667213439941,9.346667289733887,9.073332786560059,8.986666679382324,9.28499984741211,14.14000129699707,14.680000305175781,14.454999923706055,14.121667861938477,14.260000228881836
2838,99.26383889520712,27.212132558972517,0.2283334732055664,0.6075010299682617,0.9513903790064293,10.505000114440918,10.984999656677246,10.826666831970215,10.695000648498535,10.973333358764648,15.613332748413086,16.174999237060547,16.118331909179688,16.155000686645508,16.501667022705078
2839,100.16215417932663,27.212132558972517,0.469998836517334,0.6950006484985352,2.2926727717210533,10.53499984741211,10.945000648498535,10.973333358764648,10.876667022705078,11.209999084472656,16.16499900817871,16.645000457763672,16.790000915527344,16.733333587646484,17.100000381469727
2840,101.06046946344617,27.212132558972517,0.45416688919067383,0.5324974060058594,2.0881216141853987,12.103333473205566,12.538333892822266,12.506667137145996,12.410000801086426,12.77500057220459,18.176666259765625,18.75833511352539,18.896663665771484,18.656667709350586,18.999998092651367
2841,101.95878474756569,27.212132558972517,0.4716677665710449,0.5550003051757812,2.54954314066628,13.714999198913574,14.085000991821289,14.208333015441895,14.083333969116211,14.371667861938477,19.70166778564453,20.211666107177734,20.485000610351562,20.229999542236328,20.511667251586914
2842,102.85710003168518,27.212132558972517,0.5033321380615234,0.5391664505004883,2.7454327923429047,13.764999389648438,14.131668090820312,14.266667366027832,14.128334045410156,14.451665878295898,19.316667556762695,19.78499984741211,20.08500099182129,19.793333053588867,20.09000015258789
2843,103.75541531580473,27.212132558972517,0.4133338928222656,0.3874979019165039,2.3396311970979444,13.171667098999023,13.524999618530273,13.648333549499512,13.50666618347168,13.761667251586914,18.453332901000977,18.795001983642578,19.001667022705078,18.76500129699707,19.01166534423828
2844,104.65373059992424,27.212132558972517,0.8083333969116211,0.6941661834716797,10.104056647633126,13.290000915527344,13.129999160766602,12.986666679382324,13.595001220703125,14.018333435058594,17.69499969482422,17.523334503173828,17.380001068115234,17.90166664123535,18.303333282470703
2845,105.55204588404376,27.212132558972517,0.6608333587646484,0.7158336639404297,14.418102372034957,13.46833324432373,13.5600004196167,13.59666633605957,13.816667556762695,14.175000190734863,17.248332977294922,17.34000015258789,17.266666412353516,17.54666519165039,18.010000228881836
2846,106.45036116816328,27.212132558972517,0.6449985504150391,0.6875009536743164,20.368318024393915,14.975001335144043,15.038334846496582,15.076667785644531,15.295001029968262,15.651666641235352,18.648334503173828,18.72333335876465,18.656667709350586,18.93166732788086,19.373334884643555
2847,107.34867645228282,27.212132558972517,0.7633342742919922,0.829167366027832,17.615520049297945,15.081666946411133,14.995000839233398,14.790000915527344,15.378332138061523,15.801668167114258,18.733333587646484,18.66499900817871,18.344999313354492,19.006664276123047,19.52833366394043
2848,108.24699173640234,27.212132558972517,0.7583327293395996,0.7258338928222656,75.83327293395996,15.041666984558105,15.031667709350586,14.789999008178711,15.40333366394043,15.795000076293945,18.821666717529297,18.846668243408203,18.486665725708008,19.041667938232422,19.560001373291016
2849,109.14530702052186,27.212132558972517,0.755000114440918,0.8241634368896484,75.5000114440918,16.16499900817871,16.18166732788086,15.933334350585938,16.54166603088379,16.928333282470703,20.210002899169922,20.22833251953125,19.844999313354492,20.511669158935547,21.043331146240234
2850,110.04362230464137,27.212132558972517,0.6274995803833008,0.6825008392333984,5.053656326085454,16.19999885559082,16.448333740234375,16.014999389648438,16.48666763305664,16.9516658782959,20.125,20.369998931884766,19.80666732788086,20.32833480834961,20.93000030517578
2851,110.9419375887609,27.212132558972517,0.7375001907348633,0.7749996185302734,22.692127116406,15.926666259765625,15.991666793823242,15.716667175292969,16.303333282470703,16.696666717529297,19.72333335876465,19.77666664123535,19.3700008392334,20.03499984741211,20.524999618530273
2852,111.84025287288041,27.212132558972517,0.8325004577636719,0.8033332824707031,8.122034276782225,17.345001220703125,17.549999237060547,17.256664276123047,17.873332977294922,18.280000686645508,21.020000457763672,21.233333587646484,20.81833267211914,21.411666870117188,21.93000030517578
2853,112.73856815699993,27.212132558972517,0.4916667938232422,0.5208330154418945,4.041120586944253,18.148334503173828,18.391666412353516,18.065000534057617,18.329999923706055,18.761667251586914,21.84833335876465,22.066665649414062,21.676666259765625,21.94666862487793,22.47833251953125
2854,113.63688344111945,27.212132558972517,0.5208320617675781,0.48416614532470703,4.432673733422074,17.243335723876953,17.47833251953125,17.143333435058594,17.448333740234375,17.88166618347168,21.198333740234375,21.40333366394043,20.920001983642578,21.235000610351562,21.78499984741211
2855,114.53519872523898,27.212132558972517,0.5591659545898438,0.4324989318847656,4.827334101761897,19.07666778564453,19.308334350585938,18.98166847229004,19.310001373291016,19.751667022705078,23.25333595275879,23.411664962768555,22.95166778564453,23.163333892822266,23.764999389648438
2856,115.43351400935852,27.212132558972517,0.5849990844726562,0.49250030517578125,5.161783267978256,19.24333381652832,19.469999313354492,19.158334732055664,19.48166847229004,19.941665649414062,23.321666717529297,23.53333282470703,23.11166763305664,23.356666564941406,23.920000076293945
2857,116.33182929347802,27.212132558972517,0.9358339309692383,0.8841676712036133,10.69540812433923,17.791667938232422,17.966665267944336,17.696666717529297,18.361665725708008,18.815000534057617,21.991666793823242,22.073333740234375,21.73666763305664,22.323333740234375,22.916667938232422
2858,117.23014457759756,27.212132558972506,1.0516681671142578,1.0125017166137695,33.20948021441908,17.494998931884766,17.558334350585938,17.346668243408203,18.18833351135254,18.57833480834961,22.088335037231445,22.093334197998047,21.795000076293945,22.581666946411133,23.103336334228516
2859,118.12845986171706,27.212132558972517,1.0833320617675781,0.9333333969116211,34.21142031080593,18.321666717529297,18.384998321533203,18.183334350585938,19.04833221435547,19.436664581298828,23.185001373291016,23.198331832885742,22.85999870300293,23.60000228881836,24.125
2860,119.0267751458366,27.212132558972517,1.099167823791504,1.1225004196166992,101.46676644070781,15.798334121704102,15.819999694824219,15.680000305175781,16.466665267944336,16.908334732055664,19.746665954589844,19.655000686645508,19.356664657592773,20.241666793823242,20.823333740234375
2861,119.89822249616283,27.234495341208632,1.0,1.069167137145996,46.156175719693636,17.28000259399414,17.323333740234375,17.125,17.921667098999023,18.301668167114258,21.06333351135254,21.051666259765625,20.81166648864746,21.6200008392334,22.126667022705078
2862,120.49110376213677,27.40923161282837,0.9975004196166992,0.9983339309692383,62.99795217731735,18.018333435058594,18.05000114440918,17.875001907348633,18.66666603088379,19.031667709350586,21.503334045410156,21.503332138061523,21.25666618347168,22.0049991607666,22.501667022705078
2909,98.74831929046941,26.2503405697284,0.37416553497314453,0.8066654205322266,1.8326498010126866,12.138334274291992,12.546667098999023,12.52500057220459,12.369999885559082,12.716666221618652,17.131668090820312,17.595001220703125,17.776668548583984,17.740001678466797,18.170000076293945
2910,99.26383889520712,26.41039861132904,0.3733334541320801,0.7308340072631836,1.866673501355414,11.780000686645508,12.179999351501465,12.155000686645508,12.006667137145996,12.353333473205566,16.893333435058594,17.344999313354492,17.420001983642578,17.435001373291016,17.850000381469727
2911,100.16215417932663,26.41039861132904,0.3299999237060547,0.6341676712036133,1.8504673896767845,14.776667594909668,15.133334159851074,15.131668090820312,14.931666374206543,15.285000801086426,20.126667022705078,20.54166603088379,20.661666870117188,20.586666107177734,20.968334197998047
2912,101.06046946344614,26.41039861132904,0.45416879653930664,0.7241659164428711,3.0791196428398244,15.80333423614502,16.09833335876465,16.196666717529297,16.058332443237305,16.40500259399414,21.555002212524414,21.843334197998047,22.139999389648438,22.11166763305664,22.4233341217041
2913,101.95878474756569,26.41039861132904,0.4033327102661133,0.6424999237060547,2.160724047554577,17.721668243408203,18.094999313354492,18.058334350585938,17.9516658782959,18.31166648864746,23.583332061767578,23.961666107177734,24.149999618530273,24.096664428710938,24.41499900817871
2914,102.85710003168518,26.41039861132904,0.7074999809265137,0.6975011825561523,70.74999809265137,13.448333740234375,13.449999809265137,13.334999084472656,13.668333053588867,14.15666675567627,19.08333396911621,19.121665954589844,19.220001220703125,19.358333587646484,19.80000114440918
2915,103.75541531580473,26.41039861132904,0.717498779296875,0.9208345413208008,71.7498779296875,13.871667861938477,13.883333206176758,13.753334045410156,14.106668472290039,14.594999313354492,18.68833351135254,18.726665496826172,18.7549991607666,19.156665802001953,19.628334045410156
2916,104.65373059992424,26.41039861132904,0.6216673851013184,0.5208358764648438,5.405836522633319,13.735000610351562,13.964999198913574,14.025001525878906,14.168333053588867,14.471667289733887,18.226665496826172,18.44499969482422,18.528331756591797,18.57833480834961,18.85666847229004
2917,105.55204588404376,26.41039861132904,0.7600007057189941,0.7408332824707031,57.002145845999785,15.308332443237305,15.28166675567627,15.058334350585938,15.658334732055664,16.05500030517578,19.26333236694336,19.221668243408203,18.895000457763672,19.503334045410156,19.983333587646484
2918,106.45036116816328,26.41039861132904,0.7883334159851074,0.7575016021728516,6.855001554887529,15.214999198913574,15.445001602172852,15.25666618347168,15.684999465942383,16.11833381652832,19.075000762939453,19.329998016357422,19.029998779296875,19.434999465942383,19.96000099182129
2919,107.34867645228282,26.41039861132904,0.8066658973693848,0.7883338928222656,8.344807004562831,14.938334465026855,15.131668090820312,14.891667366027832,15.413334846496582,15.841667175292969,18.604999542236328,18.821666717529297,18.471668243408203,19.001667022705078,19.501667022705078
2920,108.24699173640234,26.41039861132904,0.8499999046325684,0.7633333206176758,10.000050488900857,15.085000991821289,15.255000114440918,14.96833324432373,15.578333854675293,16.020000457763672,18.976665496826172,19.18666648864746,18.755001068115234,19.266666412353516,19.844999313354492
2921,109.14530702052186,26.41039861132904,0.6108322143554688,0.5008344650268555,5.12583629437562,16.72833251953125,16.96666717529297,16.549999237060547,16.998332977294922,17.458332061767578,20.931665420532227,21.123332977294922,20.503332138061523,20.95166778564453,21.52833366394043
2922,110.04362230464136,26.410398611329068,0.6916666030883789,0.5525007247924805,18.043213255050254,14.431666374206543,14.508334159851074,14.199999809265137,14.785000801086426,15.161666870117188,18.28499984741211,18.33333396911621,17.90333366394043,18.37166976928711,18.86166763305664
2923,110.94193758876085,26.410398611329068,0.6933326721191406,0.6641664505004883,18.08667529107374,15.07166576385498,15.148333549499512,14.846667289733887,15.428332328796387,15.803332328796387,18.7983341217041,18.84000015258789,18.395000457763672,18.97333335876465,19.483333587646484
2924,111.84025287288041,26.41039861132904,0.8108329772949219,0.7608356475830078,10.932493249324933,17.993331909179688,18.141666412353516,17.876667022705078,18.468334197998047,18.878332138061523,21.614999771118164,21.72333335876465,21.343334197998047,21.895000457763672,22.430002212524414
2925,112.73856815699993,26.41039861132904,1.0774993896484375,1.0250015258789062,61.5716621253406,18.161666870117188,18.126667022705078,17.990001678466797,18.84666633605957,19.22166633605957,22.15999984741211,22.049999237060547,21.748334884643555,22.600000381469727,23.130001068115234
2926,113.63688344111945,26.41039861132904,1.1558318138122559,1.094167709350586,20.701816566885018,15.376666069030762,15.26500129699707,15.21833324432373,16.094999313354492,16.476665496826172,19.291667938232422,19.119998931884766,18.9666690826416,19.81833267211914,20.30000114440918
2927,114.53519872523898,26.41039861132904,1.2025012969970703,1.1375007629394531,22.90488646684832,18.584999084472656,18.479999542236328,18.433332443237305,19.33500099182129,19.735000610351562,22.66499900817871,22.43666648864746,22.23666763305664,23.156665802001953,23.68833351135254
2928,115.43351400935852,26.41039861132904,0.7566661834716797,0.6541690826416016,15.654907067597964,19.39666748046875,19.299999237060547,19.079999923706055,19.700000762939453,20.104999542236328,23.661664962768555,23.443334579467773,23.071666717529297,23.678333282470703,24.206668853759766
2929,116.331829293478,26.41039861132903,1.0466680526733398,1.0441656112670898,69.77627312607287,18.748332977294922,18.77833366394043,18.56166648864746,19.41499900817871,19.810001373291016,23.395002365112305,23.299999237060547,22.978336334228516,23.871667861938477,24.391666412353516
2930,117.23014457759756,26.41039861132904,1.0491657257080078,0.9808311462402344,54.738282416160814,18.790000915527344,18.82833480834961,18.61666488647461,19.473331451416016,19.858333587646484,23.70333480834961,23.604999542236328,23.251667022705078,24.141666412353516,24.634998321533203
2931,118.12845986171706,26.41039861132904,1.0533342361450195,0.9491672515869141,33.26309290769463,18.81333351135254,18.876667022705078,18.663333892822266,19.52833366394043,19.898334503173828,23.22833251953125,23.15999984741211,22.781667709350586,23.663333892822266,24.143333435058594
2932,119.0267751458366,26.41039861132904,1.0816669464111328,1.0291662216186523,108.16669464111328,18.948333740234375,18.96500015258789,18.818334579467773,19.59000015258789,20.038333892822266,22.739999771118164,22.641666412353516,22.40166664123535,23.14333152770996,23.719999313354492
2933,119.69990968516072,26.47769201777686,0.7725000381469727,0.7066659927368164,23.77043166945447,19.88833236694336,19.823335647583008,19.678333282470703,20.368331909179688,20.628334045410156,23.378334045410156,23.191667556762695,22.954999923706055,23.608333587646484,23.991666793823242
2981,98.50093442835316,25.482984313348066,0.24750041961669922,0.4525022506713867,1.4347878968813406,16.02833366394043,16.373332977294922,16.238330841064453,16.05499839782715,16.448333740234375,21.334999084472656,21.749998092651367,21.81333351135254,21.57166862487793,21.9950008392334
2982,99.26383889520712,25.603054277813133,0.28749990463256836,0.5758352279663086,1.6507125159135398,13.699999809265137,14.048334121704102,13.931666374206543,13.731668472290039,14.161666870117188,18.829999923706055,19.211666107177734,19.321666717529297,19.171667098999023,19.596668243408203
2983,100.16215417932663,25.603054277813133,0.29583168029785156,0.6175003051757812,2.076012903053098,14.458333969116211,14.74333381652832,14.675000190734863,14.470001220703125,14.896665573120117,19.68833351135254,20.043333053588867,20.081666946411133,20.02166748046875,20.483333587646484
2984,101.06046946344617,25.603054277813133,0.4458327293395996,0.5766668319702148,3.092485587370468,15.41333293914795,15.701665878295898,15.774999618530273,15.60333251953125,16.003332138061523,21.07666778564453,21.34666633605957,21.63166618347168,21.424999237060547,21.788333892822266
2985,101.95878474756569,25.603054277813133,0.4608345031738281,0.5300006866455078,3.351551554328677,19.095001220703125,19.369998931884766,19.47333335876465,19.280000686645508,19.693334579467773,25.05499839782715,25.408334732055664,25.716665267944336,25.375001907348633,25.761667251586914
2986,102.8571000316852,25.603054277813133,0.505833625793457,0.9408330917358398,3.723943523530692,14.173334121704102,14.444999694824219,14.55333423614502,14.471667289733887,14.815000534057617,19.309999465942383,19.641666412353516,19.958332061767578,20.10500144958496,20.41666603088379
2987,103.75541531580473,25.603054277813133,0.5508327484130859,0.7824983596801758,4.32023875416997,14.789999008178711,15.045000076293945,15.165000915527344,15.119999885559082,15.468332290649414,19.643335342407227,19.924999237060547,20.23000144958496,20.23666763305664,20.566665649414062
2988,104.65373059992424,25.603054277813133,0.744166374206543,0.6216669082641602,35.720531013962,14.36833381652832,14.326667785644531,14.114999771118164,14.70666790008545,15.091667175292969,18.81333351135254,18.799999237060547,18.71666717529297,19.110000610351562,19.428333282470703
2989,105.55204588404376,25.603054277813133,0.7416658401489258,0.6991672515869141,55.62499105929476,17.579999923706055,17.553333282470703,17.32666778564453,17.90999984741211,18.308332443237305,21.748332977294922,21.720001220703125,21.391666412353516,21.954999923706055,22.433334350585938
2990,106.45036116816328,25.603054277813133,0.7408332824707031,0.8658361434936523,74.08332824707031,16.626667022705078,16.61166763305664,16.373332977294922,16.96500015258789,17.360000610351562,20.653331756591797,20.68833351135254,20.351665496826172,21.06833267211914,21.53666877746582
2991,107.34867645228282,25.603054277813143,0.6741666793823242,0.6341657638549805,6.914608500024453,16.45833396911621,16.653331756591797,16.43666648864746,16.814998626708984,17.229999542236328,20.27833366394043,20.479999542236328,20.149999618530273,20.48666763305664,21.01333236694336
2992,108.2469917364023,25.603054277813133,0.8166666030883789,0.7900009155273438,8.59646639562315,16.770000457763672,16.96000099182129,16.708332061767578,17.233333587646484,17.68166732788086,20.71999740600586,20.93000030517578,20.494998931884766,21.0433349609375,21.614999771118164
2993,109.14530702052181,25.603054277813133,0.7708339691162109,0.6124992370605469,77.0833969116211,17.886667251586914,17.885000228881836,17.658334732055664,18.305002212524414,18.656667709350586,22.145000457763672,22.083332061767578,21.6683349609375,22.268335342407227,22.726665496826172
2994,110.0436223046413,25.603054277813133,0.878331184387207,0.7991695404052734,87.8331184387207,16.321666717529297,16.328332901000977,16.108333587646484,16.82833480834961,17.203330993652344,20.213333129882812,20.174999237060547,19.77833366394043,20.478334426879883,20.993335723876953
2995,110.94193758876084,25.603054277813133,1.0008344650268555,0.9600009918212891,17.40585142553862,17.34666633605957,17.231666564941406,17.128334045410156,17.960002899169922,18.290000915527344,21.13333511352539,20.973331451416016,20.71000099182129,21.555002212524414,22.013334274291992
2996,111.84025287288046,25.603054277813143,0.8074989318847656,0.7883338928222656,10.887820183108733,17.88333511352539,18.031665802001953,17.758331298828125,18.360000610351562,18.764999389648438,21.66166877746582,21.731664657592773,21.378332138061523,21.950000762939453,22.485000610351562
2997,112.73856815699988,25.603054277813133,1.1225013732910156,1.215834617614746,17.49343083050948,18.05666732788086,17.928333282470703,17.88166618347168,18.7549991607666,19.115001678466797,22.045000076293945,21.84000015258789,21.685001373291016,22.641666412353516,23.158334732055664
2998,113.63688344111955,25.60305427781317,1.1558361053466797,1.2391633987426758,20.701363030779216,16.19499969482422,16.083332061767578,16.040000915527344,16.92166519165039,17.295001983642578,20.115001678466797,19.89000129699707,19.77166748046875,20.72333335876465,21.24166488647461
2999,114.53519872523893,25.603054277813133,0.6691675186157227,0.5325002670288086,14.60024136998273,19.976665496826172,19.885000228881836,19.66499900817871,20.200000762939453,20.600000381469727,24.21000099182129,24.071666717529297,23.718334197998047,24.150001525878906,24.6733341217041
3000,115.43351400935849,25.603054277813133,0.9566640853881836,0.8766670227050781,14.718004020129994,19.428335189819336,19.558334350585938,19.366666793823242,19.996665954589844,20.44999885559082,23.755001068115234,23.77166748046875,23.41499900817871,24.051666259765625,24.64000129699707
3001,116.331829293478,25.603054277813133,1.0391654968261719,0.9791650772094727,83.14085151838853,18.835002899169922,18.860000610351562,18.645000457763672,19.509998321533203,19.886667251586914,23.604999542236328,23.49333381652832,23.14666748046875,24.026668548583984,24.528331756591797
3002,117.23014457759756,25.603054277813133,0.7558317184448242,0.6783323287963867,24.513531904364232,18.303333282470703,18.241666793823242,17.998332977294922,18.638334274291992,19.028331756591797,22.97333526611328,22.780000686645508,22.40333366394043,23.058334350585938,23.55500030517578
3003,118.12845986171706,25.603054277813133,1.0408353805541992,0.9650001525878906,49.96086060883497,17.90999984741211,17.9516658782959,17.741668701171875,18.61166763305664,18.971668243408203,21.963333129882812,21.86333465576172,21.528331756591797,22.405000686645508,22.878334045410156
3004,118.99303132122284,25.632231068993548,0.6833314895629883,0.6124982833862305,14.642981219218115,18.96500015258789,18.871667861938477,18.718334197998047,19.29666519165039,19.601665496826172,22.748332977294922,22.533334732055664,22.288333892822266,22.81833267211914,23.253332138061523
3005,119.61981985182867,25.680308489003973,1.1383342742919922,1.095834732055664,113.83342742919922,20.25,20.256664276123047,20.131668090820312,20.960002899169922,21.391666412353516,23.118331909179688,23.026668548583984,22.838335037231445,23.628332138061523,24.1683349609375
3052,97.78800344529732,24.719982896522687,0.2974996566772461,0.5074996948242188,1.5589365583068888,18.54666519165039,18.928335189819336,18.796667098999023,18.65166664123535,19.03499984741211,23.86166763305664,24.30666732788086,24.406665802001953,24.163333892822266,24.59166717529297
3053,98.3655236110876,24.79022169926032,0.1291666030883789,0.3074979782104492,0.5636353043499973,17.376667022705078,17.83500099182129,17.59833335876465,17.419998168945312,17.735000610351562,22.74333381652832,23.264999389648438,23.25833511352539,22.973331451416016,23.311664581298828
3054,99.26383889520712,24.79022169926032,0.2458324432373047,0.4391660690307617,1.5445002336756581,17.321666717529297,17.639999389648438,17.46500015258789,17.293331146240234,17.726665496826172,22.79666519165039,23.155000686645508,23.225000381469727,23.03333282470703,23.41499900817871
3055,100.16215417932663,24.79022169926032,0.47499942779541016,0.6391677856445312,2.9999879536214427,16.77666664123535,17.093334197998047,17.273334503173828,17.154998779296875,17.40999984741211,22.19333267211914,22.604999542236328,22.926666259765625,22.776668548583984,23.038333892822266
3056,101.06046946344617,24.79022169926032,0.45749855041503906,0.6325006484985352,3.5419521559362077,16.98166847229004,17.239999771118164,17.286666870117188,17.136667251586914,17.56833267211914,22.478334426879883,22.729999542236328,23.031665802001953,22.853334426879883,23.23666763305664
3057,101.95878474756569,24.79022169926032,0.4566650390625,0.8491649627685547,4.3492098092643054,17.096668243408203,17.30666732788086,17.390003204345703,17.219999313354492,17.65833282470703,22.43833351135254,22.71000099182129,22.95166778564453,22.971668243408203,23.42333221435547
3058,102.8571000316852,24.79022169926032,0.7550010681152344,1.106668472290039,75.50010681152344,15.284998893737793,15.285000801086426,15.158334732055664,15.583333969116211,16.040000915527344,20.171667098999023,20.241666793823242,20.31833267211914,20.926666259765625,21.313335418701172
3059,103.75541531580473,24.79022169926032,0.6650004386901855,0.9508342742919922,23.471514886311997,15.320001602172852,15.376666069030762,15.209999084472656,15.556666374206543,16.013334274291992,20.246665954589844,20.321666717529297,20.308332443237305,20.75666618347168,21.235000610351562
3060,104.65373059992427,24.790221699260297,0.7925004959106445,0.6091642379760742,79.25004959106445,18.041667938232422,18.033334732055664,18.01999855041504,18.483333587646484,18.830001831054688,22.926668167114258,22.898334503173828,22.82833480834961,23.213335037231445,23.521665573120117
3061,105.55204588404376,24.79022169926032,0.8158321380615234,0.6133317947387695,22.76739234577101,18.69499969482422,18.766666412353516,18.526668548583984,19.15333366394043,19.54666519165039,23.27833366394043,23.354999542236328,23.03499984741211,23.581666946411133,23.92999839782715
3062,106.45036116816337,24.79022169926032,0.6016664505004883,0.4949989318847656,9.500112936499571,18.588335037231445,18.71500015258789,18.773334503173828,18.998332977294922,19.253334045410156,23.014999389648438,23.148334503173828,23.051666259765625,23.233333587646484,23.5766658782959
3063,107.34867645228282,24.79022169926032,0.6875009536743164,0.5816679000854492,7.568869756942622,19.1200008392334,19.301666259765625,19.119998931884766,19.501667022705078,19.898334503173828,23.286666870117188,23.469999313354492,23.103334426879883,23.463333129882812,23.96000099182129
3064,108.24699173640235,24.79022169926032,0.37833404541015625,0.3766660690307617,3.9138138552909374,20.53333282470703,20.726665496826172,20.398334503173828,20.61666488647461,21.008333206176758,24.3266658782959,24.520000457763672,24.06833267211914,24.306665420532227,24.799999237060547
3065,109.14530702052186,24.79022169926032,0.7874994277954102,0.6983318328857422,78.74994277954102,20.375001907348633,20.369998931884766,20.11833381652832,20.781665802001953,21.15999984741211,24.461666107177734,24.421669006347656,23.955001831054688,24.625,25.139999389648438
3066,110.04362230464137,24.79022169926032,1.0333328247070312,1.0024986267089844,16.756796882249233,19.143333435058594,19.020000457763672,18.923336029052734,19.796667098999023,20.114999771118164,23.03499984741211,22.876667022705078,22.573333740234375,23.5049991607666,23.958332061767578
3067,110.94193758876101,24.79022169926032,1.0508317947387695,1.0449981689453125,18.27537193372365,19.27166748046875,19.156667709350586,19.060001373291016,19.93166732788086,20.264999389648438,23.178333282470703,23.038333892822266,22.74166488647461,23.690000534057617,24.153331756591797
3068,111.8402528728805,24.790221699260297,0.8658361434936523,0.7416658401489258,10.495046643624216,18.146665573120117,17.981666564941406,17.744998931884766,18.55500030517578,18.930002212524414,22.296667098999023,22.073333740234375,21.656665802001953,22.419998168945312,22.926666259765625
3069,112.7385681569999,24.790221699260282,0.7966670989990234,0.8066682815551758,6.828567691729201,18.28499984741211,18.051666259765625,17.829998016357422,18.608333587646484,18.96500015258789,22.396663665771484,22.133333206176758,21.753334045410156,22.58333396911621,23.071666717529297
3070,113.63688344111945,24.79022169926032,1.0716667175292969,1.0699996948242188,20.093770116586796,20.206666946411133,20.100000381469727,19.93666648864746,20.851665496826172,21.225000381469727,24.50666618347168,24.27666664123535,23.978336334228516,24.961666107177734,25.461666107177734
3071,114.53519872523898,24.79022169926032,0.6816673278808594,0.6899995803833008,14.607618736205346,19.704998016357422,19.61166763305664,19.40500259399414,19.94500160217285,20.34000015258789,24.178335189819336,23.941669464111328,23.571666717529297,24.235000610351562,24.750001907348633
3072,115.43351400935859,24.79022169926032,1.1608352661132812,1.017500877380371,22.835509530241634,19.82833480834961,19.726665496826172,19.69333267211914,20.593332290649414,20.938335418701172,24.571666717529297,24.363332748413086,24.14166831970215,25.003332138061523,25.485000610351562
3073,116.33182929347802,24.79022169926032,0.7233333587646484,0.7150001525878906,16.074047386936805,20.53333282470703,20.44333267211914,20.18666648864746,20.856666564941406,21.211666107177734,25.165000915527344,24.971668243408203,24.54666519165039,25.305002212524414,25.783334732055664
3074,117.23014457759756,24.79022169926032,0.5900020599365234,0.4183340072631836,14.750417242859186,19.086666107177734,19.006668090820312,18.733333587646484,19.353334426879883,19.636669158935547,23.125001907348633,22.924999237060547,22.48833465576172,23.03499984741211,23.443334579467773
3075,118.1037494967102,24.83417201890507,0.6791677474975586,0.4708290100097656,14.298371714819202,21.584999084472656,21.489999771118164,21.329999923706055,21.983333587646484,22.21666717529297,25.35000228881836,25.148334503173828,24.83500099182129,25.381668090820312,25.71999740600586
3076,118.77011789503436,24.9607755290876,0.676666259765625,0.4566669464111328,22.555025748617204,22.101667404174805,22.04166603088379,21.863332748413086,22.516666412353516,22.748332977294922,25.73000144958496,25.566667556762695,25.22500228881836,25.773334503173828,26.10500144958496
3078,121.03567742495993,24.661571293903272,0.7983322143554688,0.7716684341430664,53.224313326551375,19.538333892822266,19.50833511352539,19.36833381652832,20.121667861938477,20.321666717529297,22.73000144958496,22.60333251953125,22.386667251586914,23.13333511352539,23.438335418701172
3079,121.56866685727603,24.784219047597105,0.8058338165283203,0.7358341217041016,56.87789445341949,20.98666763305664,20.958332061767578,20.82666778564453,21.586666107177734,21.77833366394043,24.293331146240234,24.261669158935547,24.083335876464844,24.760000228881836,25.013334274291992
3124,97.79707285177345,24.12590554067083,0.1916666030883789,0.6133337020874023,0.9913774818103342,19.399999618530273,19.786666870117188,19.538333892822266,19.399999618530273,19.78499984741211,24.851667404174805,25.248332977294922,25.261669158935547,25.256668090820312,25.663333892822266
3125,98.3749181216896,24.209691522334374,0.48166370391845703,0.9891681671142578,2.861357082561427,19.156667709350586,19.493335723876953,19.645000457763672,19.58500099182129,19.806665420532227,24.64333152770996,24.998334884643555,25.413333892822266,25.53499984741211,25.810001373291016
3126,99.27433317543321,23.975139779721122,0.5066671371459961,0.6916685104370117,3.45455195687654,18.399999618530273,18.69333267211914,18.854999542236328,18.825000762939453,19.053333282470703,24.091665267944336,24.395000457763672,24.780000686645508,24.68833351135254,24.935001373291016
3127,100.16215417932663,23.972028249114643,0.33416748046875,0.1941661834716797,2.6556318493929334,18.396665573120117,18.648332595825195,18.593334197998047,18.39666748046875,18.856666564941406,24.014999389648438,24.446666717529297,24.523334503173828,24.02666664123535,24.424999237060547
3128,101.06046946344617,23.972028249114643,0.4416666030883789,0.46666717529296875,2.9444327884694856,18.744998931884766,19.045000076293945,19.10500144958496,18.9516658782959,19.336666107177734,24.088333129882812,24.471668243408203,24.674999237060547,24.404998779296875,24.746667861938477
3129,101.95878474756569,23.972028249114643,0.5650005340576172,0.43583202362060547,4.134132555510586,19.0766658782959,19.350000381469727,19.551666259765625,19.553333282470703,19.77833366394043,24.398334503173828,24.83333396911621,25.158336639404297,24.924999237060547,25.051666259765625
3130,102.8571000316852,23.972028249114643,0.5924997329711914,0.578333854675293,4.708564802534351,17.724998474121094,17.976667404174805,18.168333053588867,18.204999923706055,18.44333267211914,22.70833396911621,23.071666717529297,23.378334045410156,23.34166717529297,23.468334197998047
3131,103.75541531580473,23.972028249114643,0.5841665267944336,0.8250017166137695,5.434151577789409,17.21000099182129,17.424999237060547,17.58500099182129,17.663333892822266,17.90166664123535,21.55499839782715,21.748332977294922,22.003332138061523,22.280000686645508,22.476667404174805
3133,105.55204588404382,23.97202824911462,0.662501335144043,0.4291658401489258,13.474599941809718,19.329999923706055,19.428333282470703,19.336666107177734,19.733333587646484,20.041667938232422,23.74166488647461,23.84666633605957,23.56333351135254,23.90333366394043,24.223331451416016
3134,106.45036116816337,23.972028249114643,0.7433328628540039,0.45749950408935547,63.71625929861849,20.65999984741211,20.636667251586914,20.363332748413086,21.031665802001953,21.391666412353516,25.041667938232422,25.02666664123535,24.540000915527344,25.11333656311035,25.491666793823242
3135,107.34867645228282,23.972028249114643,0.7983322143554688,0.6608343124389648,79.83322143554688,21.68000030517578,21.670001983642578,21.405000686645508,22.104999542236328,22.47333335876465,25.921667098999023,25.873332977294922,25.376667022705078,26.09833335876465,26.558334350585938
3136,108.24699173640234,23.972028249114643,0.8125019073486328,0.7316684722900391,81.25019073486328,20.838333129882812,20.833332061767578,20.57666778564453,21.283334732055664,21.648334503173828,24.74333381652832,24.750001907348633,24.248332977294922,25.023334503173828,25.478336334228516
3137,109.14530702052186,23.972028249114643,0.8083324432373047,0.7425012588500977,80.83324432373047,21.545001983642578,21.564998626708984,21.26500129699707,22.003332138061523,22.363332748413086,25.384998321533203,25.34666633605957,24.81833267211914,25.609996795654297,26.108333587646484
3138,110.04362230464137,23.972028249114643,0.9866676330566406,0.9233312606811523,11.384950590928097,20.61499786376953,20.441669464111328,20.336666107177734,21.208332061767578,21.51500129699707,24.45166778564453,24.22166633605957,23.860000610351562,24.8316650390625,25.259998321533203
3139,110.9419375887609,23.972028249114643,0.801666259765625,0.6924991607666016,9.816058666915783,21.221668243408203,21.058330535888672,20.928333282470703,21.588333129882812,21.941665649414062,25.35333251953125,25.081668853759766,24.75666618347168,25.485000610351562,25.90999984741211
3140,111.84025287288041,23.972028249114643,0.8774995803833008,0.8333320617675781,9.156474838041975,21.69500160217285,21.503334045410156,21.27166748046875,22.145000457763672,22.476667404174805,26.016666412353516,25.670001983642578,25.281665802001953,26.268335342407227,26.676666259765625
3141,112.73856815699993,23.972028249114643,0.7891664505004883,0.777501106262207,6.27146505793993,21.268335342407227,21.016666412353516,20.803333282470703,21.606664657592773,21.93166732788086,25.36166763305664,24.96000099182129,24.58500099182129,25.51500129699707,25.938335418701172
3142,113.63688344111945,23.972028249114643,0.8208351135253906,0.8324985504150391,8.418834852693767,21.06166648864746,20.866666793823242,20.63833236694336,21.448333740234375,21.785001754760742,25.2933349609375,24.96500015258789,24.56999969482422,25.523334503173828,25.961666107177734
3143,114.53519872523898,23.972028249114643,0.8241672515869141,0.7874975204467773,8.752298966983998,21.823331832885742,21.635000228881836,21.403331756591797,22.200000762939453,22.553333282470703,26.149999618530273,25.86166763305664,25.433334350585938,26.295001983642578,26.793331146240234
3144,115.43351400935852,23.972028249114643,0.6950006484985352,0.6883316040039062,13.451483101685216,21.221668243408203,21.11833381652832,20.856666564941406,21.521665573120117,21.865001678466797,25.446666717529297,25.233333587646484,24.805002212524414,25.564998626708984,26.028331756591797
3145,116.33182929347802,23.972028249114643,0.7200002670288086,0.6574993133544922,15.42874951464247,21.49166488647461,21.398332595825195,21.148334503173828,21.81833267211914,22.16499900817871,25.516666412353516,25.268333435058594,24.88833236694336,25.581666946411133,26.049999237060547
3146,117.1913105098165,24.022833020071182,0.6383333206176758,0.4591684341430664,15.958348234508739,20.001667022705078,19.921667098999023,19.655000686645508,20.251667022705078,20.600000381469727,23.458332061767578,23.24333381652832,22.815000534057617,23.343334197998047,23.810001373291016
3147,117.85492107720732,24.215020131225206,0.6949996948242188,0.5566673278808594,10.170541770173333,21.621667861938477,21.48499870300293,21.31833267211914,22.01333236694336,22.248332977294922,24.810001373291016,24.54666519165039,24.23000144958496,24.878332138061523,25.235000610351562
3150,120.84619029479599,23.954712017726255,0.6774978637695312,0.5116662979125977,62.53591549295775,20.288333892822266,20.266666412353516,20.121667861938477,20.75333023071289,20.954998016357422,24.125,23.998334884643555,23.738332748413086,24.290002822875977,24.573333740234375
3151,121.45878055459546,24.022890300258265,0.6933331489562988,0.6083345413208008,69.33331489562988,13.024999618530273,13.041666984558105,12.9399995803833,13.526666641235352,13.726666450500488,16.198331832885742,16.211666107177734,16.053333282470703,16.5483341217041,16.81333351135254
3199,100.16215417932663,23.148606498338843,0.32249927520751953,0.21916770935058594,2.4649571029747284,19.52666664123535,19.788333892822266,19.729999542236328,19.538333892822266,19.979999542236328,25.260000228881836,25.694997787475586,25.75833511352539,25.308332443237305,25.696666717529297
3200,101.06046946344617,23.148606498338843,0.3733329772949219,0.27916622161865234,4.977722394588271,19.079998016357422,19.229999542236328,19.251667022705078,19.213333129882812,19.528331756591797,24.35666847229004,24.608333587646484,24.726665496826172,24.566665649414062,24.761667251586914
3202,102.85906247599036,23.15096153887449,0.5416679382324219,0.516667366027832,4.220765709529754,19.176666259765625,19.433334350585938,19.563335418701172,19.616666793823242,19.846668243408203,23.8700008392334,24.243331909179688,24.485000610351562,24.45333480834961,24.573333740234375
3203,103.75294575535112,23.159787976925266,0.5933303833007812,0.8575010299682617,6.716963206080497,17.07833480834961,17.255001068115234,17.4183349609375,17.5483341217041,17.759998321533203,20.698333740234375,20.883333206176758,21.166667938232422,21.478334426879883,21.648334503173828
3204,104.5924151044946,23.218630194263937,0.7608327865600586,0.9299993515014648,53.70521709862,19.46666717529297,19.4950008392334,19.469999313354492,19.988332748413086,20.241666793823242,23.20833396911621,23.295001983642578,23.366666793823242,23.979999542236328,24.18166732788086
3205,105.63717453772766,23.336186137738025,0.5258340835571289,0.24666976928710938,10.695342657071363,19.860002517700195,19.958332061767578,20.071666717529297,20.253334045410156,20.435001373291016,23.93000030517578,24.04666519165039,23.948333740234375,24.061668395996094,24.235002517700195
3206,106.47548331175797,23.227586718590786,0.5591650009155273,0.2825002670288086,13.693789849826004,19.371667861938477,19.45333480834961,19.51333236694336,19.758333206176758,19.97166633605957,23.413333892822266,23.524999618530273,23.378334045410156,23.529998779296875,23.751667022705078
3207,107.34867645228282,23.148606498338843,0.7758331298828125,0.6108369827270508,77.58331298828125,21.321666717529297,21.313335418701172,21.035001754760742,21.736665725708008,22.093334197998047,25.498332977294922,25.496667861938477,24.931665420532227,25.698333740234375,26.10833740234375
3208,108.24699173640234,23.148606498338843,0.8016653060913086,0.597498893737793,80.16653060913086,21.878334045410156,21.888334274291992,21.618335723876953,22.329999923706055,22.684999465942383,25.89333152770996,25.924999237060547,25.365001678466797,26.081668853759766,26.506664276123047
3209,109.14530702052186,23.148606498338843,0.8350000381469727,0.6483325958251953,33.399237078008774,21.56166648864746,21.61166763305664,21.34833335876465,22.073335647583008,22.421667098999023,25.273334503173828,25.336666107177734,24.790000915527344,25.494998931884766,25.953332901000977
3210,110.04362230464137,23.148606498338843,0.8016691207885742,0.7566680908203125,8.58932019986308,22.016666412353516,21.829999923706055,21.698333740234375,22.373334884643555,22.72500228881836,25.7549991607666,25.491666793823242,25.12000274658203,25.889995574951172,26.380001068115234
3211,110.9419375887609,23.148606498338843,0.8133316040039062,0.7258338928222656,8.872659176029963,22.108333587646484,21.924999237060547,21.791667938232422,22.48666763305664,22.829998016357422,26.213333129882812,25.881668090820312,25.579999923706055,26.363332748413086,26.773334503173828
3212,111.84025287288041,23.148606498338843,0.8825016021728516,0.8166666030883789,8.471911963965283,22.036666870117188,21.828330993652344,21.604999542236328,22.501667022705078,22.815000534057617,26.291667938232422,25.9516658782959,25.553333282470703,26.520000457763672,26.93833351135254
3213,112.73856815699993,23.148606498338843,1.0233335494995117,1.078333854675293,15.743232735222055,22.386667251586914,22.256664276123047,22.061668395996094,23.01333236694336,23.344999313354492,26.185001373291016,25.878332138061523,25.56999969482422,26.674999237060547,27.110000610351562
3214,113.63928046905126,23.159712603304904,0.554997444152832,0.6449995040893555,10.406025927581583,22.581668853759766,22.475000381469727,22.155000686645508,22.740001678466797,23.083332061767578,26.58500099182129,26.321666717529297,25.903335571289062,26.626667022705078,27.09833335876465
3215,114.53199377387686,23.153637405727093,0.5983343124389648,0.6225013732910156,12.821068764687851,22.263334274291992,22.169998168945312,21.866666793823242,22.46666717529297,22.815000534057617,26.1733341217041,25.921667098999023,25.511667251586914,26.19333267211914,26.670001983642578
3216,115.42761293357714,23.182920947064687,1.0241670608520508,1.0941648483276367,14.126583444048356,21.38166618347168,21.23666763305664,21.13333511352539,22.001667022705078,22.33333396911621,25.121667861938477,24.82666778564453,24.618335723876953,25.59833335876465,26.06833267211914
3217,116.26138828304363,23.25861981185026,0.6891660690307617,0.6366653442382812,14.50886421587327,22.288333892822266,22.193334579467773,21.931665420532227,22.59666633605957,22.93000030517578,25.854999542236328,25.618335723876953,25.226667404174805,25.915002822875977,26.373332977294922
3218,116.92700897281205,23.450039976552542,0.850834846496582,0.7525014877319336,8.72643954732631,22.325000762939453,22.1299991607666,22.00666618347168,22.803333282470703,23.07833480834961,25.68666648864746,25.354999542236328,25.088335037231445,25.863332748413086,26.273334503173828
3221,120.22106814290596,23.17973214734396,0.6866655349731445,0.5366697311401367,27.465992752241082,24.103334426879883,24.053333282470703,23.90333366394043,24.55666732788086,24.764999389648438,28.645000457763672,28.488332748413086,28.220001220703125,28.808330535888672,29.103336334228516
3222,120.81677269968256,23.154203763227848,0.7174968719482422,0.4616670608520508,16.245249611331836,17.438335418701172,17.526668548583984,17.416667938232422,17.988332748413086,18.19999885559082,21.383333206176758,21.376667022705078,21.114999771118164,21.566667556762695,21.84166717529297
3270,99.50923103450131,22.395036146657155,0.3150005340576172,0.16833114624023438,2.100008900982923,20.388334274291992,20.68833351135254,20.666667938232422,20.4233341217041,20.853334426879883,26.538333892822266,26.955001831054688,27.0433349609375,26.54166603088379,26.91499900817871
3271,100.18235887879335,22.342511681604904,0.5483331680297852,0.5758342742919922,3.4631471163981327,19.336666107177734,19.65333366394043,19.861665725708008,19.678333282470703,20.043333053588867,25.19499969482422,25.64666748046875,25.95833396911621,25.65000343322754,25.996667861938477
3272,101.06046946344617,22.320094169621488,0.3883342742919922,0.20083332061767578,3.8195820201110613,20.69832992553711,20.901668548583984,21.018333435058594,20.990001678466797,21.18833351135254,26.028335571289062,26.40000343322754,26.649999618530273,26.33333396911621,26.415002822875977
3273,101.85212250682987,22.50045889559521,0.4549999237060547,0.4224996566772461,3.7916395136295002,19.849998474121094,20.09000015258789,20.255001068115234,20.196666717529297,20.424999237060547,24.75666618347168,25.115001678466797,25.393333435058594,25.25666618347168,25.358333587646484
3275,103.8284358063888,22.660719973824417,0.5866670608520508,0.5608291625976562,7.489316889662645,22.766666412353516,22.9233341217041,23.10999870300293,23.246665954589844,23.43166732788086,26.458332061767578,26.743335723876953,27.049999237060547,27.093332290649414,27.161663055419922
3278,106.7822376827429,22.366997661710183,0.72833251953125,0.5316658020019531,72.833251953125,22.493331909179688,22.503334045410156,22.210002899169922,22.876667022705078,23.226665496826172,26.424999237060547,26.50833511352539,25.9233341217041,26.610000610351562,26.998332977294922
3279,107.35152372780628,22.322996965856852,0.5108318328857422,0.27083587646484375,26.651706637476366,22.823333740234375,22.78499984741211,22.668333053588867,23.075000762939453,23.314998626708984,26.77666664123535,26.761667251586914,26.35333251953125,26.751667022705078,27.040002822875977
3280,108.24692294270359,22.32018362117183,0.784998893737793,0.5058326721191406,67.2767470371884,22.249998092651367,22.273334503173828,21.956666946411133,22.696666717529297,23.04666519165039,25.993335723876953,26.038333892822266,25.43666648864746,26.113332748413086,26.52166748046875
3281,109.14530702052186,22.320094169621488,0.5799980163574219,0.3450002670288086,11.999763229548952,22.500001907348633,22.40333366394043,22.213335037231445,22.76000213623047,23.031665802001953,25.996667861938477,25.876667022705078,25.44333267211914,25.903331756591797,26.281667709350586
3282,110.04362230464137,22.320094169621488,0.4974994659423828,0.5833320617675781,7.023534480437299,22.399999618530273,22.258333206176758,22.03666877746582,22.556665420532227,22.8266658782959,26.001667022705078,25.685001373291016,25.291667938232422,26.02666664123535,26.426666259765625
3283,110.9419375887609,22.320094169621488,1.069997787475586,1.1674985885620117,12.839875489231192,22.653335571289062,22.48666763305664,22.310001373291016,23.26333236694336,23.639999389648438,26.50333595275879,26.211666107177734,25.85500144958496,27.018335342407227,27.524999618530273
3284,111.84025287288041,22.320094169621488,0.9933328628540039,1.0749988555908203,9.61288566075697,22.440000534057617,22.233333587646484,22.03333282470703,22.994998931884766,23.329999923706055,26.161666870117188,25.801666259765625,25.491666793823242,26.628332138061523,27.056665420532227
3285,112.71714335398832,22.341021486150876,0.8550014495849609,0.9466705322265625,8.142906448683016,22.869998931884766,22.65999984741211,22.420001983642578,23.323333740234375,23.6200008392334,25.864999771118164,25.448331832885742,25.09833335876465,26.205001831054688,26.603336334228516
3286,113.53750373476933,22.43540934178628,0.888331413269043,0.8591670989990234,10.65977364018173,22.941669464111328,22.774999618530273,22.523332595825195,23.434999465942383,23.746665954589844,26.0049991607666,25.6733341217041,25.273332595825195,26.288333892822266,26.698333740234375
3287,114.38101234688976,22.5526175678141,0.5733346939086914,0.7266654968261719,8.820331871066184,22.90333366394043,22.773330688476562,22.490001678466797,23.06999969482422,23.411666870117188,26.4233341217041,26.1733341217041,25.793331146240234,26.571666717529297,27.024999618530273
3293,120.32081217821582,22.630083643741546,0.7149982452392578,0.407501220703125,20.428610354223434,24.67500114440918,24.7450008392334,24.645000457763672,25.20833396911621,25.424999237060547,29.354999542236328,29.303333282470703,29.058338165283203,29.46000099182129,29.73666763305664
3294,120.72121838710483,22.44695629826,0.7033348083496094,0.4308328628540039,15.071320554215882,23.56833267211914,23.661666870117188,23.56999969482422,24.101665496826172,24.318334579467773,27.77666664123535,27.748332977294922,27.51833152770996,27.946666717529297,28.19333267211914
3295,121.52772195392981,22.207480425829445,,,,,,,,,,,,,
3343,100.33499659863789,21.720450196607892,0.704167366027832,0.5225009918212891,4.668548738927282,20.34833335876465,20.64999771118164,20.878332138061523,20.864999771118164,21.203332901000977,26.266666412353516,26.721668243408203,27.06166648864746,26.72833251953125,27.01666831970215
3344,101.13613406249338,21.654433706443267,0.40666675567626953,0.37583446502685547,4.518559727034789,21.969999313354492,22.14999771118164,22.244998931884766,22.280000686645508,22.466665267944336,27.321666717529297,27.613332748413086,27.8316650390625,27.743331909179688,27.843334197998047
3345,101.65175158301908,21.547353787275117,0.7016687393188477,0.5358352661132812,4.7303441580568215,21.13666534423828,21.433332443237305,21.786664962768555,21.588333129882812,21.98666763305664,26.26999855041504,26.7016658782959,27.158334732055664,26.735000610351562,27.02166748046875
3351,107.46706629026224,21.789304495521847,0.5850028991699219,0.3424997329711914,15.260722459946264,21.94333267211914,21.86666488647461,21.84166717529297,22.246667861938477,22.490001678466797,25.656667709350586,25.604999542236328,25.2983341217041,25.676666259765625,25.97333335876465
3352,108.19818339680441,21.747930341293394,0.5266647338867188,0.2733306884765625,15.79927905246896,22.96000099182129,22.89333152770996,22.729999542236328,23.218334197998047,23.453330993652344,26.451669692993164,26.408334732055664,25.98000144958496,26.381668090820312,26.703332901000977
3353,109.196084369523,21.705493576807232,0.4466676712036133,0.3408317565917969,10.719451628407297,23.41166877746582,23.328330993652344,23.134998321533203,23.551666259765625,23.816667556762695,26.705001831054688,26.516666412353516,26.138336181640625,26.618335723876953,26.9516658782959
3354,110.08218818240934,21.519704582599882,1.0175018310546875,1.090001106262207,11.628389571889441,23.21666717529297,23.041664123535156,22.85999870300293,23.788333892822266,24.14666748046875,26.56166648864746,26.22833251953125,25.880001068115234,27.00833511352539,27.485000610351562
3355,110.89083976955416,21.625743636679722,0.5308303833007812,0.5833311080932617,5.539129050234854,23.846668243408203,23.65500259399414,23.421667098999023,24.024999618530273,24.281665802001953,27.408334732055664,27.108333587646484,26.704998016357422,27.46500015258789,27.841665267944336
3356,111.74898790198624,21.748584286825736,0.9149990081787109,0.9924993515014648,8.073562328548107,23.31333351135254,23.086668014526367,22.893333435058594,23.803333282470703,24.114999771118164,26.746667861938477,26.36166763305664,26.061670303344727,27.143335342407227,27.546667098999023
3357,112.58465143237012,21.78282098381748,0.7416658401489258,0.8083343505859375,5.361440301131311,23.05666732788086,22.780000686645508,22.553333282470703,23.405000686645508,23.65999984741211,25.703332901000977,25.22333335876465,24.886667251586914,25.91499900817871,26.27166748046875
3426,110.09249720265113,20.670699145529973,0.875,0.7141647338867188,12.209618609107604,24.14333152770996,24.000001907348633,23.741666793823242,24.616666793823242,24.946666717529297,27.471668243408203,27.276668548583984,26.82000160217285,27.6683349609375,28.088333129882812
3427,110.54528953755928,20.775043618323046,,,,,,,,,,,,,
3497,109.32450944721404,19.58580837575586,0.7041702270507812,0.5691642761230469,13.852688454467,25.229997634887695,25.128332138061523,24.814998626708984,25.608333587646484,25.88333511352539,29.068334579467773,28.906667709350586,28.493335723876953,29.28499984741211,29.556665420532227
3498,110.05641687998059,19.685488756638087,0.7683343887329102,0.7441654205322266,17.073706741263482,24.935001373291016,24.844999313354492,24.53333282470703,25.38500213623047,25.658334732055664,28.471668243408203,28.310001373291016,27.924999237060547,28.81833267211914,29.135000228881836
3499,110.73459643695513,19.72422414103137,0.4849996566772461,0.5508308410644531,4.098538881232724,25.206668853759766,24.969999313354492,24.716665267944336,25.350000381469727,25.573333740234375,28.441669464111328,28.020000457763672,27.725000381469727,28.506664276123047,28.781665802001953
3568,108.67697868593933,19.02511811730871,0.4891672134399414,0.6241674423217773,5.194691161726132,25.5483341217041,25.360000610351562,25.188331604003906,25.743335723876953,25.943334579467773,29.01166343688965,28.623332977294922,28.39666748046875,29.20833396911621,29.441665649414062
3569,109.1491114172138,18.957173944932943,0.595001220703125,0.505833625793457,11.15628352764466,23.963333129882812,23.856666564941406,23.498332977294922,24.264999389648438,24.505001068115234,27.645000457763672,27.39333152770996,26.80499839782715,27.721668243408203,28.024999618530273
3570,110.03058229271338,18.972805472721376,0.6466693878173828,0.7258358001708984,11.08593009188111,25.191665649414062,25.075000762939453,24.756668090820312,25.53000259399414,25.78000259399414,28.588333129882812,28.329998016357422,27.971668243408203,28.898334503173828,29.185001373291016
3571,110.57395885450363,19.155949548821926,0.4783334732055664,0.5341682434082031,3.8783607191185,25.47333335876465,25.226665496826172,24.96666717529297,25.594999313354492,25.828332901000977,28.84833335876465,28.41666603088379,28.126667022705078,28.890003204345703,29.166667938232422
3641,109.25604434997616,18.410565995859972,0.5700016021728516,0.47083091735839844,8.76944069487646,25.61666488647461,25.48666763305664,25.140003204345703,25.876667022705078,26.121667861938477,29.09833335876465,28.82000160217285,28.248332977294922,29.145000457763672,29.42999839782715
3642,109.81381761007009,18.409192683131312,0.6024999618530273,0.6474952697753906,3.9081191426185393,25.98666763305664,25.678335189819336,25.446666717529297,26.180002212524414,26.435001373291016,29.283334732055664,28.818334579467773,28.446666717529297,29.376667022705078,29.69832992553711
