grid_cell,selected,plan,budget
56,0,A_richness_led,0.3
57,0,A_richness_led,0.3
128,0,A_richness_led,0.3
198,0,A_richness_led,0.3
199,0,A_richness_led,0.3
203,0,A_richness_led,0.3
270,0,A_richness_led,0.3
271,0,A_richness_led,0.3
272,0,A_richness_led,0.3
274,0,A_richness_led,0.3
276,0,A_richness_led,0.3
341,0,A_richness_led,0.3
342,0,A_richness_led,0.3
343,0,A_richness_led,0.3
344,0,A_richness_led,0.3
345,0,A_richness_led,0.3
347,0,A_richness_led,0.3
412,0,A_richness_led,0.3
413,0,A_richness_led,0.3
414,0,A_richness_led,0.3
415,0,A_richness_led,0.3
416,0,A_richness_led,0.3
417,0,A_richness_led,0.3
418,0,A_richness_led,0.3
483,0,A_richness_led,0.3
484,0,A_richness_led,0.3
485,0,A_richness_led,0.3
486,0,A_richness_led,0.3
487,0,A_richness_led,0.3
554,0,A_richness_led,0.3
555,0,A_richness_led,0.3
556,0,A_richness_led,0.3
557,0,A_richness_led,0.3
558,0,A_richness_led,0.3
559,0,A_richness_led,0.3
560,0,A_richness_led,0.3
561,0,A_richness_led,0.3
563,0,A_richness_led,0.3
564,0,A_richness_led,0.3
592,0,A_richness_led,0.3
593,0,A_richness_led,0.3
625,0,A_richness_led,0.3
626,0,A_richness_led,0.3
627,0,A_richness_led,0.3
628,0,A_richness_led,0.3
629,0,A_richness_led,0.3
630,0,A_richness_led,0.3
634,0,A_richness_led,0.3
635,0,A_richness_led,0.3
636,0,A_richness_led,0.3
637,0,A_richness_led,0.3
640,0,A_richness_led,0.3
663,0,A_richness_led,0.3
664,0,A_richness_led,0.3
665,0,A_richness_led,0.3
666,0,A_richness_led,0.3
696,0,A_richness_led,0.3
698,0,A_richness_led,0.3
699,0,A_richness_led,0.3
700,0,A_richness_led,0.3
701,0,A_richness_led,0.3
702,0,A_richness_led,0.3
704,0,A_richness_led,0.3
705,0,A_richness_led,0.3
706,0,A_richness_led,0.3
708,0,A_richness_led,0.3
710,0,A_richness_led,0.3
711,0,A_richness_led,0.3
712,0,A_richness_led,0.3
716,1,A_richness_led,0.3
717,0,A_richness_led,0.3
735,0,A_richness_led,0.3
736,0,A_richness_led,0.3
737,0,A_richness_led,0.3
738,0,A_richness_led,0.3
772,0,A_richness_led,0.3
773,0,A_richness_led,0.3
774,0,A_richness_led,0.3
775,0,A_richness_led,0.3
776,0,A_richness_led,0.3
777,0,A_richness_led,0.3
778,0,A_richness_led,0.3
783,0,A_richness_led,0.3
784,0,A_richness_led,0.3
787,0,A_richness_led,0.3
788,0,A_richness_led,0.3
804,0,A_richness_led,0.3
805,0,A_richness_led,0.3
806,0,A_richness_led,0.3
807,0,A_richness_led,0.3
808,0,A_richness_led,0.3
809,0,A_richness_led,0.3
810,0,A_richness_led,0.3
811,0,A_richness_led,0.3
812,0,A_richness_led,0.3
813,0,A_richness_led,0.3
845,0,A_richness_led,0.3
846,0,A_richness_led,0.3
847,0,A_richness_led,0.3
848,0,A_richness_led,0.3
849,0,A_richness_led,0.3
850,0,A_richness_led,0.3
851,0,A_richness_led,0.3
855,0,A_richness_led,0.3
856,0,A_richness_led,0.3
857,0,A_richness_led,0.3
858,0,A_richness_led,0.3
859,0,A_richness_led,0.3
860,0,A_richness_led,0.3
876,0,A_richness_led,0.3
877,0,A_richness_led,0.3
878,0,A_richness_led,0.3
879,0,A_richness_led,0.3
881,0,A_richness_led,0.3
882,0,A_richness_led,0.3
883,0,A_richness_led,0.3
884,0,A_richness_led,0.3
885,0,A_richness_led,0.3
916,0,A_richness_led,0.3
917,0,A_richness_led,0.3
918,0,A_richness_led,0.3
920,0,A_richness_led,0.3
921,0,A_richness_led,0.3
922,0,A_richness_led,0.3
923,0,A_richness_led,0.3
927,0,A_richness_led,0.3
929,0,A_richness_led,0.3
931,0,A_richness_led,0.3
947,0,A_richness_led,0.3
948,0,A_richness_led,0.3
949,0,A_richness_led,0.3
950,0,A_richness_led,0.3
951,0,A_richness_led,0.3
952,0,A_richness_led,0.3
953,0,A_richness_led,0.3
955,0,A_richness_led,0.3
956,0,A_richness_led,0.3
985,0,A_richness_led,0.3
986,0,A_richness_led,0.3
987,0,A_richness_led,0.3
988,0,A_richness_led,0.3
989,0,A_richness_led,0.3
991,0,A_richness_led,0.3
992,0,A_richness_led,0.3
993,0,A_richness_led,0.3
994,0,A_richness_led,0.3
995,0,A_richness_led,0.3
996,0,A_richness_led,0.3
997,0,A_richness_led,0.3
999,0,A_richness_led,0.3
1001,0,A_richness_led,0.3
1002,0,A_richness_led,0.3
1003,0,A_richness_led,0.3
1018,0,A_richness_led,0.3
1019,0,A_richness_led,0.3
1021,0,A_richness_led,0.3
1022,0,A_richness_led,0.3
1023,0,A_richness_led,0.3
1025,0,A_richness_led,0.3
1027,0,A_richness_led,0.3
1028,0,A_richness_led,0.3
1029,0,A_richness_led,0.3
1055,0,A_richness_led,0.3
1057,0,A_richness_led,0.3
1058,0,A_richness_led,0.3
1061,0,A_richness_led,0.3
1063,0,A_richness_led,0.3
1064,0,A_richness_led,0.3
1065,0,A_richness_led,0.3
1066,0,A_richness_led,0.3
1068,0,A_richness_led,0.3
1069,0,A_richness_led,0.3
1070,0,A_richness_led,0.3
1073,0,A_richness_led,0.3
1075,0,A_richness_led,0.3
1076,0,A_richness_led,0.3
1089,0,A_richness_led,0.3
1090,0,A_richness_led,0.3
1091,0,A_richness_led,0.3
1092,0,A_richness_led,0.3
1093,0,A_richness_led,0.3
1094,0,A_richness_led,0.3
1095,0,A_richness_led,0.3
1096,0,A_richness_led,0.3
1097,0,A_richness_led,0.3
1098,0,A_richness_led,0.3
1100,0,A_richness_led,0.3
1101,0,A_richness_led,0.3
1103,0,A_richness_led,0.3
1126,0,A_richness_led,0.3
1127,0,A_richness_led,0.3
1128,0,A_richness_led,0.3
1129,0,A_richness_led,0.3
1130,0,A_richness_led,0.3
1131,0,A_richness_led,0.3
1133,0,A_richness_led,0.3
1134,0,A_richness_led,0.3
1137,0,A_richness_led,0.3
1138,0,A_richness_led,0.3
1139,0,A_richness_led,0.3
1140,0,A_richness_led,0.3
1142,0,A_richness_led,0.3
1143,0,A_richness_led,0.3
1144,0,A_richness_led,0.3
1145,0,A_richness_led,0.3
1161,0,A_richness_led,0.3
1162,0,A_richness_led,0.3
1163,0,A_richness_led,0.3
1164,0,A_richness_led,0.3
1165,0,A_richness_led,0.3
1166,0,A_richness_led,0.3
1167,0,A_richness_led,0.3
1168,0,A_richness_led,0.3
1169,0,A_richness_led,0.3
1170,0,A_richness_led,0.3
1171,0,A_richness_led,0.3
1172,0,A_richness_led,0.3
1173,0,A_richness_led,0.3
1175,0,A_richness_led,0.3
1196,0,A_richness_led,0.3
1197,0,A_richness_led,0.3
1198,0,A_richness_led,0.3
1199,0,A_richness_led,0.3
1200,0,A_richness_led,0.3
1201,0,A_richness_led,0.3
1202,0,A_richness_led,0.3
1203,0,A_richness_led,0.3
1204,0,A_richness_led,0.3
1205,0,A_richness_led,0.3
1206,0,A_richness_led,0.3
1207,0,A_richness_led,0.3
1208,0,A_richness_led,0.3
1209,0,A_richness_led,0.3
1210,0,A_richness_led,0.3
1211,0,A_richness_led,0.3
1212,0,A_richness_led,0.3
1213,0,A_richness_led,0.3
1214,0,A_richness_led,0.3
1215,0,A_richness_led,0.3
1216,0,A_richness_led,0.3
1234,0,A_richness_led,0.3
1235,0,A_richness_led,0.3
1236,0,A_richness_led,0.3
1237,0,A_richness_led,0.3
1238,0,A_richness_led,0.3
1239,0,A_richness_led,0.3
1240,0,A_richness_led,0.3
1241,0,A_richness_led,0.3
1242,0,A_richness_led,0.3
1243,0,A_richness_led,0.3
1244,0,A_richness_led,0.3
1246,0,A_richness_led,0.3
1247,0,A_richness_led,0.3
1248,0,A_richness_led,0.3
1249,0,A_richness_led,0.3
1268,0,A_richness_led,0.3
1269,0,A_richness_led,0.3
1270,0,A_richness_led,0.3
1271,0,A_richness_led,0.3
1272,0,A_richness_led,0.3
1273,0,A_richness_led,0.3
1274,0,A_richness_led,0.3
1275,0,A_richness_led,0.3
1276,0,A_richness_led,0.3
1277,0,A_richness_led,0.3
1279,0,A_richness_led,0.3
1280,0,A_richness_led,0.3
1281,0,A_richness_led,0.3
1282,0,A_richness_led,0.3
1283,0,A_richness_led,0.3
1284,0,A_richness_led,0.3
1286,0,A_richness_led,0.3
1287,0,A_richness_led,0.3
1288,0,A_richness_led,0.3
1289,0,A_richness_led,0.3
1305,0,A_richness_led,0.3
1306,0,A_richness_led,0.3
1307,0,A_richness_led,0.3
1308,0,A_richness_led,0.3
1309,0,A_richness_led,0.3
1312,0,A_richness_led,0.3
1313,0,A_richness_led,0.3
1314,0,A_richness_led,0.3
1315,0,A_richness_led,0.3
1316,0,A_richness_led,0.3
1319,0,A_richness_led,0.3
1320,0,A_richness_led,0.3
1321,0,A_richness_led,0.3
1322,0,A_richness_led,0.3
1328,0,A_richness_led,0.3
1339,0,A_richness_led,0.3
1340,0,A_richness_led,0.3
1341,0,A_richness_led,0.3
1344,0,A_richness_led,0.3
1345,0,A_richness_led,0.3
1346,0,A_richness_led,0.3
1348,0,A_richness_led,0.3
1349,0,A_richness_led,0.3
1351,0,A_richness_led,0.3
1352,0,A_richness_led,0.3
1353,0,A_richness_led,0.3
1354,0,A_richness_led,0.3
1355,0,A_richness_led,0.3
1357,0,A_richness_led,0.3
1358,0,A_richness_led,0.3
1359,1,A_richness_led,0.3
1360,0,A_richness_led,0.3
1361,0,A_richness_led,0.3
1377,0,A_richness_led,0.3
1379,0,A_richness_led,0.3
1380,0,A_richness_led,0.3
1381,0,A_richness_led,0.3
1382,0,A_richness_led,0.3
1383,0,A_richness_led,0.3
1384,0,A_richness_led,0.3
1385,0,A_richness_led,0.3
1386,0,A_richness_led,0.3
1393,0,A_richness_led,0.3
1400,0,A_richness_led,0.3
1410,0,A_richness_led,0.3
1412,0,A_richness_led,0.3
1413,0,A_richness_led,0.3
1414,0,A_richness_led,0.3
1415,0,A_richness_led,0.3
1416,0,A_richness_led,0.3
1417,0,A_richness_led,0.3
1418,0,A_richness_led,0.3
1419,0,A_richness_led,0.3
1420,0,A_richness_led,0.3
1421,0,A_richness_led,0.3
1422,0,A_richness_led,0.3
1423,0,A_richness_led,0.3
1424,0,A_richness_led,0.3
1425,0,A_richness_led,0.3
1426,0,A_richness_led,0.3
1427,0,A_richness_led,0.3
1428,0,A_richness_led,0.3
1429,0,A_richness_led,0.3
1430,0,A_richness_led,0.3
1448,0,A_richness_led,0.3
1449,0,A_richness_led,0.3
1450,0,A_richness_led,0.3
1452,0,A_richness_led,0.3
1453,0,A_richness_led,0.3
1454,0,A_richness_led,0.3
1455,0,A_richness_led,0.3
1456,0,A_richness_led,0.3
1462,0,A_richness_led,0.3
1465,0,A_richness_led,0.3
1466,0,A_richness_led,0.3
1468,0,A_richness_led,0.3
1471,0,A_richness_led,0.3
1476,0,A_richness_led,0.3
1479,0,A_richness_led,0.3
1480,0,A_richness_led,0.3
1481,0,A_richness_led,0.3
1482,0,A_richness_led,0.3
1483,0,A_richness_led,0.3
1484,0,A_richness_led,0.3
1485,0,A_richness_led,0.3
1486,0,A_richness_led,0.3
1487,0,A_richness_led,0.3
1488,0,A_richness_led,0.3
1489,0,A_richness_led,0.3
1490,0,A_richness_led,0.3
1491,0,A_richness_led,0.3
1492,0,A_richness_led,0.3
1493,0,A_richness_led,0.3
1494,0,A_richness_led,0.3
1495,1,A_richness_led,0.3
1496,1,A_richness_led,0.3
1497,1,A_richness_led,0.3
1498,1,A_richness_led,0.3
1499,1,A_richness_led,0.3
1500,1,A_richness_led,0.3
1502,1,A_richness_led,0.3
1518,0,A_richness_led,0.3
1520,0,A_richness_led,0.3
1521,0,A_richness_led,0.3
1522,0,A_richness_led,0.3
1523,0,A_richness_led,0.3
1528,0,A_richness_led,0.3
1529,0,A_richness_led,0.3
1533,0,A_richness_led,0.3
1536,0,A_richness_led,0.3
1537,0,A_richness_led,0.3
1538,0,A_richness_led,0.3
1539,0,A_richness_led,0.3
1540,0,A_richness_led,0.3
1542,0,A_richness_led,0.3
1550,0,A_richness_led,0.3
1551,0,A_richness_led,0.3
1552,0,A_richness_led,0.3
1553,0,A_richness_led,0.3
1554,0,A_richness_led,0.3
1555,0,A_richness_led,0.3
1556,0,A_richness_led,0.3
1557,0,A_richness_led,0.3
1558,0,A_richness_led,0.3
1559,0,A_richness_led,0.3
1560,0,A_richness_led,0.3
1561,0,A_richness_led,0.3
1562,0,A_richness_led,0.3
1563,1,A_richness_led,0.3
1564,1,A_richness_led,0.3
1565,1,A_richness_led,0.3
1566,0,A_richness_led,0.3
1567,1,A_richness_led,0.3
1568,1,A_richness_led,0.3
1569,1,A_richness_led,0.3
1570,1,A_richness_led,0.3
1571,1,A_richness_led,0.3
1586,0,A_richness_led,0.3
1587,0,A_richness_led,0.3
1588,0,A_richness_led,0.3
1589,0,A_richness_led,0.3
1590,0,A_richness_led,0.3
1591,0,A_richness_led,0.3
1592,0,A_richness_led,0.3
1593,0,A_richness_led,0.3
1594,0,A_richness_led,0.3
1602,0,A_richness_led,0.3
1608,0,A_richness_led,0.3
1609,0,A_richness_led,0.3
1610,0,A_richness_led,0.3
1612,0,A_richness_led,0.3
1613,0,A_richness_led,0.3
1614,0,A_richness_led,0.3
1616,0,A_richness_led,0.3
1617,0,A_richness_led,0.3
1618,0,A_richness_led,0.3
1619,0,A_richness_led,0.3
1620,0,A_richness_led,0.3
1621,0,A_richness_led,0.3
1622,0,A_richness_led,0.3
1623,0,A_richness_led,0.3
1624,0,A_richness_led,0.3
1625,0,A_richness_led,0.3
1626,0,A_richness_led,0.3
1627,0,A_richness_led,0.3
1629,0,A_richness_led,0.3
1630,0,A_richness_led,0.3
1631,0,A_richness_led,0.3
1632,0,A_richness_led,0.3
1633,1,A_richness_led,0.3
1634,1,A_richness_led,0.3
1635,1,A_richness_led,0.3
1636,1,A_richness_led,0.3
1637,1,A_richness_led,0.3
1639,1,A_richness_led,0.3
1640,1,A_richness_led,0.3
1641,1,A_richness_led,0.3
1642,1,A_richness_led,0.3
1658,0,A_richness_led,0.3
1659,0,A_richness_led,0.3
1660,0,A_richness_led,0.3
1661,0,A_richness_led,0.3
1662,0,A_richness_led,0.3
1666,0,A_richness_led,0.3
1669,0,A_richness_led,0.3
1672,0,A_richness_led,0.3
1674,0,A_richness_led,0.3
1675,0,A_richness_led,0.3
1676,0,A_richness_led,0.3
1678,0,A_richness_led,0.3
1679,0,A_richness_led,0.3
1680,0,A_richness_led,0.3
1681,0,A_richness_led,0.3
1684,0,A_richness_led,0.3
1685,0,A_richness_led,0.3
1686,0,A_richness_led,0.3
1687,0,A_richness_led,0.3
1688,0,A_richness_led,0.3
1689,0,A_richness_led,0.3
1692,0,A_richness_led,0.3
1693,0,A_richness_led,0.3
1694,0,A_richness_led,0.3
1695,0,A_richness_led,0.3
1696,0,A_richness_led,0.3
1697,0,A_richness_led,0.3
1698,0,A_richness_led,0.3
1699,0,A_richness_led,0.3
1700,0,A_richness_led,0.3
1701,0,A_richness_led,0.3
1702,0,A_richness_led,0.3
1703,0,A_richness_led,0.3
1704,0,A_richness_led,0.3
1705,0,A_richness_led,0.3
1706,0,A_richness_led,0.3
1707,1,A_richness_led,0.3
1708,1,A_richness_led,0.3
1710,1,A_richness_led,0.3
1711,0,A_richness_led,0.3
1712,0,A_richness_led,0.3
1731,0,A_richness_led,0.3
1732,0,A_richness_led,0.3
1733,0,A_richness_led,0.3
1734,0,A_richness_led,0.3
1738,0,A_richness_led,0.3
1739,0,A_richness_led,0.3
1743,0,A_richness_led,0.3
1748,0,A_richness_led,0.3
1749,0,A_richness_led,0.3
1753,0,A_richness_led,0.3
1755,0,A_richness_led,0.3
1756,0,A_richness_led,0.3
1757,0,A_richness_led,0.3
1758,0,A_richness_led,0.3
1759,0,A_richness_led,0.3
1760,0,A_richness_led,0.3
1761,0,A_richness_led,0.3
1762,0,A_richness_led,0.3
1764,0,A_richness_led,0.3
1765,0,A_richness_led,0.3
1766,0,A_richness_led,0.3
1767,0,A_richness_led,0.3
1769,0,A_richness_led,0.3
1770,0,A_richness_led,0.3
1772,0,A_richness_led,0.3
1773,0,A_richness_led,0.3
1774,0,A_richness_led,0.3
1775,0,A_richness_led,0.3
1776,0,A_richness_led,0.3
1777,1,A_richness_led,0.3
1778,1,A_richness_led,0.3
1779,1,A_richness_led,0.3
1782,1,A_richness_led,0.3
1783,1,A_richness_led,0.3
1803,0,A_richness_led,0.3
1804,0,A_richness_led,0.3
1805,0,A_richness_led,0.3
1806,0,A_richness_led,0.3
1807,0,A_richness_led,0.3
1809,0,A_richness_led,0.3
1815,0,A_richness_led,0.3
1816,0,A_richness_led,0.3
1819,0,A_richness_led,0.3
1820,0,A_richness_led,0.3
1821,0,A_richness_led,0.3
1823,0,A_richness_led,0.3
1824,0,A_richness_led,0.3
1825,0,A_richness_led,0.3
1826,0,A_richness_led,0.3
1828,0,A_richness_led,0.3
1829,0,A_richness_led,0.3
1830,0,A_richness_led,0.3
1831,0,A_richness_led,0.3
1832,0,A_richness_led,0.3
1833,0,A_richness_led,0.3
1834,0,A_richness_led,0.3
1835,0,A_richness_led,0.3
1836,0,A_richness_led,0.3
1837,0,A_richness_led,0.3
1838,0,A_richness_led,0.3
1839,0,A_richness_led,0.3
1840,0,A_richness_led,0.3
1841,0,A_richness_led,0.3
1842,0,A_richness_led,0.3
1843,0,A_richness_led,0.3
1844,0,A_richness_led,0.3
1845,0,A_richness_led,0.3
1846,0,A_richness_led,0.3
1847,0,A_richness_led,0.3
1848,1,A_richness_led,0.3
1849,1,A_richness_led,0.3
1850,1,A_richness_led,0.3
1851,1,A_richness_led,0.3
1852,1,A_richness_led,0.3
1853,1,A_richness_led,0.3
1854,1,A_richness_led,0.3
1855,1,A_richness_led,0.3
1856,1,A_richness_led,0.3
1875,0,A_richness_led,0.3
1876,0,A_richness_led,0.3
1877,0,A_richness_led,0.3
1878,0,A_richness_led,0.3
1879,0,A_richness_led,0.3
1880,0,A_richness_led,0.3
1881,0,A_richness_led,0.3
1882,0,A_richness_led,0.3
1884,0,A_richness_led,0.3
1892,0,A_richness_led,0.3
1895,0,A_richness_led,0.3
1896,0,A_richness_led,0.3
1897,0,A_richness_led,0.3
1899,0,A_richness_led,0.3
1900,0,A_richness_led,0.3
1901,0,A_richness_led,0.3
1902,0,A_richness_led,0.3
1903,0,A_richness_led,0.3
1904,0,A_richness_led,0.3
1905,0,A_richness_led,0.3
1906,0,A_richness_led,0.3
1907,0,A_richness_led,0.3
1908,0,A_richness_led,0.3
1909,0,A_richness_led,0.3
1910,0,A_richness_led,0.3
1911,0,A_richness_led,0.3
1912,0,A_richness_led,0.3
1913,0,A_richness_led,0.3
1914,0,A_richness_led,0.3
1916,0,A_richness_led,0.3
1917,0,A_richness_led,0.3
1918,0,A_richness_led,0.3
1919,1,A_richness_led,0.3
1920,1,A_richness_led,0.3
1921,1,A_richness_led,0.3
1922,1,A_richness_led,0.3
1923,1,A_richness_led,0.3
1924,1,A_richness_led,0.3
1925,1,A_richness_led,0.3
1926,1,A_richness_led,0.3
1927,1,A_richness_led,0.3
1928,1,A_richness_led,0.3
1950,0,A_richness_led,0.3
1951,0,A_richness_led,0.3
1952,0,A_richness_led,0.3
1953,0,A_richness_led,0.3
1967,0,A_richness_led,0.3
1968,0,A_richness_led,0.3
1969,0,A_richness_led,0.3
1970,0,A_richness_led,0.3
1971,0,A_richness_led,0.3
1972,0,A_richness_led,0.3
1973,0,A_richness_led,0.3
1974,0,A_richness_led,0.3
1975,0,A_richness_led,0.3
1976,0,A_richness_led,0.3
1977,0,A_richness_led,0.3
1978,0,A_richness_led,0.3
1979,0,A_richness_led,0.3
1980,0,A_richness_led,0.3
1981,0,A_richness_led,0.3
1982,0,A_richness_led,0.3
1983,0,A_richness_led,0.3
1984,0,A_richness_led,0.3
1985,0,A_richness_led,0.3
1986,0,A_richness_led,0.3
1987,0,A_richness_led,0.3
1988,0,A_richness_led,0.3
1989,0,A_richness_led,0.3
1990,1,A_richness_led,0.3
1991,1,A_richness_led,0.3
1992,1,A_richness_led,0.3
1993,1,A_richness_led,0.3
1994,1,A_richness_led,0.3
1995,1,A_richness_led,0.3
1996,1,A_richness_led,0.3
1997,1,A_richness_led,0.3
1998,1,A_richness_led,0.3
2024,0,A_richness_led,0.3
2027,0,A_richness_led,0.3
2028,0,A_richness_led,0.3
2039,0,A_richness_led,0.3
2040,0,A_richness_led,0.3
2041,0,A_richness_led,0.3
2044,0,A_richness_led,0.3
2045,0,A_richness_led,0.3
2046,0,A_richness_led,0.3
2047,0,A_richness_led,0.3
2048,0,A_richness_led,0.3
2049,0,A_richness_led,0.3
2050,0,A_richness_led,0.3
2051,0,A_richness_led,0.3
2052,0,A_richness_led,0.3
2053,0,A_richness_led,0.3
2054,0,A_richness_led,0.3
2055,0,A_richness_led,0.3
2056,0,A_richness_led,0.3
2057,0,A_richness_led,0.3
2058,0,A_richness_led,0.3
2059,0,A_richness_led,0.3
2060,0,A_richness_led,0.3
2061,1,A_richness_led,0.3
2062,1,A_richness_led,0.3
2063,1,A_richness_led,0.3
2064,1,A_richness_led,0.3
2065,1,A_richness_led,0.3
2066,1,A_richness_led,0.3
2067,1,A_richness_led,0.3
2068,1,A_richness_led,0.3
2069,1,A_richness_led,0.3
2111,0,A_richness_led,0.3
2112,0,A_richness_led,0.3
2113,0,A_richness_led,0.3
2114,0,A_richness_led,0.3
2116,0,A_richness_led,0.3
2117,0,A_richness_led,0.3
2118,0,A_richness_led,0.3
2119,0,A_richness_led,0.3
2120,0,A_richness_led,0.3
2121,0,A_richness_led,0.3
2122,0,A_richness_led,0.3
2123,0,A_richness_led,0.3
2124,0,A_richness_led,0.3
2125,0,A_richness_led,0.3
2126,0,A_richness_led,0.3
2127,0,A_richness_led,0.3
2128,0,A_richness_led,0.3
2129,0,A_richness_led,0.3
2130,0,A_richness_led,0.3
2131,0,A_richness_led,0.3
2132,0,A_richness_led,0.3
2133,1,A_richness_led,0.3
2134,1,A_richness_led,0.3
2135,1,A_richness_led,0.3
2136,1,A_richness_led,0.3
2137,1,A_richness_led,0.3
2138,1,A_richness_led,0.3
2139,1,A_richness_led,0.3
2140,1,A_richness_led,0.3
2171,0,A_richness_led,0.3
2182,0,A_richness_led,0.3
2183,0,A_richness_led,0.3
2184,0,A_richness_led,0.3
2186,0,A_richness_led,0.3
2187,0,A_richness_led,0.3
2188,0,A_richness_led,0.3
2189,0,A_richness_led,0.3
2191,0,A_richness_led,0.3
2193,0,A_richness_led,0.3
2194,0,A_richness_led,0.3
2195,0,A_richness_led,0.3
2196,0,A_richness_led,0.3
2197,0,A_richness_led,0.3
2198,0,A_richness_led,0.3
2199,0,A_richness_led,0.3
2200,0,A_richness_led,0.3
2201,0,A_richness_led,0.3
2202,0,A_richness_led,0.3
2203,0,A_richness_led,0.3
2204,1,A_richness_led,0.3
2205,1,A_richness_led,0.3
2206,1,A_richness_led,0.3
2207,1,A_richness_led,0.3
2208,1,A_richness_led,0.3
2209,1,A_richness_led,0.3
2210,1,A_richness_led,0.3
2211,1,A_richness_led,0.3
2212,1,A_richness_led,0.3
2213,1,A_richness_led,0.3
2214,1,A_richness_led,0.3
2240,0,A_richness_led,0.3
2241,0,A_richness_led,0.3
2250,0,A_richness_led,0.3
2254,0,A_richness_led,0.3
2255,0,A_richness_led,0.3
2257,0,A_richness_led,0.3
2258,0,A_richness_led,0.3
2259,0,A_richness_led,0.3
2260,0,A_richness_led,0.3
2261,0,A_richness_led,0.3
2262,0,A_richness_led,0.3
2263,0,A_richness_led,0.3
2264,0,A_richness_led,0.3
2265,0,A_richness_led,0.3
2266,0,A_richness_led,0.3
2267,0,A_richness_led,0.3
2268,0,A_richness_led,0.3
2269,0,A_richness_led,0.3
2270,0,A_richness_led,0.3
2271,0,A_richness_led,0.3
2272,0,A_richness_led,0.3
2273,0,A_richness_led,0.3
2274,0,A_richness_led,0.3
2275,1,A_richness_led,0.3
2276,1,A_richness_led,0.3
2277,1,A_richness_led,0.3
2278,1,A_richness_led,0.3
2279,1,A_richness_led,0.3
2280,1,A_richness_led,0.3
2281,1,A_richness_led,0.3
2282,1,A_richness_led,0.3
2283,1,A_richness_led,0.3
2284,1,A_richness_led,0.3
2285,1,A_richness_led,0.3
2286,1,A_richness_led,0.3
2312,0,A_richness_led,0.3
2313,0,A_richness_led,0.3
2320,0,A_richness_led,0.3
2326,0,A_richness_led,0.3
2327,0,A_richness_led,0.3
2328,0,A_richness_led,0.3
2329,0,A_richness_led,0.3
2330,0,A_richness_led,0.3
2331,0,A_richness_led,0.3
2332,0,A_richness_led,0.3
2333,0,A_richness_led,0.3
2334,0,A_richness_led,0.3
2335,0,A_richness_led,0.3
2336,0,A_richness_led,0.3
2337,0,A_richness_led,0.3
2338,0,A_richness_led,0.3
2339,0,A_richness_led,0.3
2340,0,A_richness_led,0.3
2341,0,A_richness_led,0.3
2342,0,A_richness_led,0.3
2343,0,A_richness_led,0.3
2344,0,A_richness_led,0.3
2345,0,A_richness_led,0.3
2346,1,A_richness_led,0.3
2347,1,A_richness_led,0.3
2348,1,A_richness_led,0.3
2349,1,A_richness_led,0.3
2350,1,A_richness_led,0.3
2351,1,A_richness_led,0.3
2352,1,A_richness_led,0.3
2353,1,A_richness_led,0.3
2354,1,A_richness_led,0.3
2355,1,A_richness_led,0.3
2356,1,A_richness_led,0.3
2357,1,A_richness_led,0.3
2358,1,A_richness_led,0.3
2359,1,A_richness_led,0.3
2384,0,A_richness_led,0.3
2385,0,A_richness_led,0.3
2386,0,A_richness_led,0.3
2390,0,A_richness_led,0.3
2392,0,A_richness_led,0.3
2393,0,A_richness_led,0.3
2394,0,A_richness_led,0.3
2395,0,A_richness_led,0.3
2397,0,A_richness_led,0.3
2398,0,A_richness_led,0.3
2399,0,A_richness_led,0.3
2400,0,A_richness_led,0.3
2401,0,A_richness_led,0.3
2402,0,A_richness_led,0.3
2403,0,A_richness_led,0.3
2405,0,A_richness_led,0.3
2406,0,A_richness_led,0.3
2407,0,A_richness_led,0.3
2408,0,A_richness_led,0.3
2409,0,A_richness_led,0.3
2410,0,A_richness_led,0.3
2411,0,A_richness_led,0.3
2412,0,A_richness_led,0.3
2413,0,A_richness_led,0.3
2414,0,A_richness_led,0.3
2415,0,A_richness_led,0.3
2416,0,A_richness_led,0.3
2417,1,A_richness_led,0.3
2418,1,A_richness_led,0.3
2419,1,A_richness_led,0.3
2420,1,A_richness_led,0.3
2421,1,A_richness_led,0.3
2422,1,A_richness_led,0.3
2423,1,A_richness_led,0.3
2424,1,A_richness_led,0.3
2425,1,A_richness_led,0.3
2426,1,A_richness_led,0.3
2427,1,A_richness_led,0.3
2428,1,A_richness_led,0.3
2429,1,A_richness_led,0.3
2430,1,A_richness_led,0.3
2431,1,A_richness_led,0.3
2456,0,A_richness_led,0.3
2457,0,A_richness_led,0.3
2458,0,A_richness_led,0.3
2462,0,A_richness_led,0.3
2464,0,A_richness_led,0.3
2466,0,A_richness_led,0.3
2468,0,A_richness_led,0.3
2469,0,A_richness_led,0.3
2470,0,A_richness_led,0.3
2471,0,A_richness_led,0.3
2472,0,A_richness_led,0.3
2473,0,A_richness_led,0.3
2474,0,A_richness_led,0.3
2475,0,A_richness_led,0.3
2476,0,A_richness_led,0.3
2478,0,A_richness_led,0.3
2479,0,A_richness_led,0.3
2480,0,A_richness_led,0.3
2481,0,A_richness_led,0.3
2482,0,A_richness_led,0.3
2483,0,A_richness_led,0.3
2484,0,A_richness_led,0.3
2485,0,A_richness_led,0.3
2486,0,A_richness_led,0.3
2487,0,A_richness_led,0.3
2488,1,A_richness_led,0.3
2489,1,A_richness_led,0.3
2490,1,A_richness_led,0.3
2491,1,A_richness_led,0.3
2492,1,A_richness_led,0.3
2493,1,A_richness_led,0.3
2494,1,A_richness_led,0.3
2495,1,A_richness_led,0.3
2496,1,A_richness_led,0.3
2497,1,A_richness_led,0.3
2498,1,A_richness_led,0.3
2499,1,A_richness_led,0.3
2500,1,A_richness_led,0.3
2501,1,A_richness_led,0.3
2502,1,A_richness_led,0.3
2503,1,A_richness_led,0.3
2530,0,A_richness_led,0.3
2531,0,A_richness_led,0.3
2532,0,A_richness_led,0.3
2535,0,A_richness_led,0.3
2539,0,A_richness_led,0.3
2540,0,A_richness_led,0.3
2541,0,A_richness_led,0.3
2542,0,A_richness_led,0.3
2544,0,A_richness_led,0.3
2545,0,A_richness_led,0.3
2546,0,A_richness_led,0.3
2547,0,A_richness_led,0.3
2548,0,A_richness_led,0.3
2549,0,A_richness_led,0.3
2550,0,A_richness_led,0.3
2551,0,A_richness_led,0.3
2552,0,A_richness_led,0.3
2553,0,A_richness_led,0.3
2554,0,A_richness_led,0.3
2555,0,A_richness_led,0.3
2556,0,A_richness_led,0.3
2557,0,A_richness_led,0.3
2558,0,A_richness_led,0.3
2559,1,A_richness_led,0.3
2560,1,A_richness_led,0.3
2561,1,A_richness_led,0.3
2562,1,A_richness_led,0.3
2563,1,A_richness_led,0.3
2564,1,A_richness_led,0.3
2565,1,A_richness_led,0.3
2566,1,A_richness_led,0.3
2567,1,A_richness_led,0.3
2568,1,A_richness_led,0.3
2569,1,A_richness_led,0.3
2570,1,A_richness_led,0.3
2571,1,A_richness_led,0.3
2572,1,A_richness_led,0.3
2573,1,A_richness_led,0.3
2574,1,A_richness_led,0.3
2575,1,A_richness_led,0.3
2576,1,A_richness_led,0.3
2605,0,A_richness_led,0.3
2606,0,A_richness_led,0.3
2607,0,A_richness_led,0.3
2608,0,A_richness_led,0.3
2609,0,A_richness_led,0.3
2610,0,A_richness_led,0.3
2611,0,A_richness_led,0.3
2612,0,A_richness_led,0.3
2613,0,A_richness_led,0.3
2614,0,A_richness_led,0.3
2615,0,A_richness_led,0.3
2616,0,A_richness_led,0.3
2617,0,A_richness_led,0.3
2618,0,A_richness_led,0.3
2619,0,A_richness_led,0.3
2620,0,A_richness_led,0.3
2621,0,A_richness_led,0.3
2622,0,A_richness_led,0.3
2623,0,A_richness_led,0.3
2624,0,A_richness_led,0.3
2625,0,A_richness_led,0.3
2626,0,A_richness_led,0.3
2627,0,A_richness_led,0.3
2628,0,A_richness_led,0.3
2629,0,A_richness_led,0.3
2630,1,A_richness_led,0.3
2631,1,A_richness_led,0.3
2632,1,A_richness_led,0.3
2633,1,A_richness_led,0.3
2634,1,A_richness_led,0.3
2635,1,A_richness_led,0.3
2636,1,A_richness_led,0.3
2637,1,A_richness_led,0.3
2638,1,A_richness_led,0.3
2639,1,A_richness_led,0.3
2640,1,A_richness_led,0.3
2641,1,A_richness_led,0.3
2642,1,A_richness_led,0.3
2643,1,A_richness_led,0.3
2644,1,A_richness_led,0.3
2645,1,A_richness_led,0.3
2646,1,A_richness_led,0.3
2647,1,A_richness_led,0.3
2648,1,A_richness_led,0.3
2678,0,A_richness_led,0.3
2679,0,A_richness_led,0.3
2680,0,A_richness_led,0.3
2681,0,A_richness_led,0.3
2682,0,A_richness_led,0.3
2683,0,A_richness_led,0.3
2684,0,A_richness_led,0.3
2685,0,A_richness_led,0.3
2686,0,A_richness_led,0.3
2687,0,A_richness_led,0.3
2688,0,A_richness_led,0.3
2689,0,A_richness_led,0.3
2691,0,A_richness_led,0.3
2692,0,A_richness_led,0.3
2693,0,A_richness_led,0.3
2694,0,A_richness_led,0.3
2695,0,A_richness_led,0.3
2696,0,A_richness_led,0.3
2697,0,A_richness_led,0.3
2698,0,A_richness_led,0.3
2699,0,A_richness_led,0.3
2700,0,A_richness_led,0.3
2701,1,A_richness_led,0.3
2702,1,A_richness_led,0.3
2703,1,A_richness_led,0.3
2704,1,A_richness_led,0.3
2705,1,A_richness_led,0.3
2706,1,A_richness_led,0.3
2707,1,A_richness_led,0.3
2708,1,A_richness_led,0.3
2709,1,A_richness_led,0.3
2710,1,A_richness_led,0.3
2711,1,A_richness_led,0.3
2712,1,A_richness_led,0.3
2713,1,A_richness_led,0.3
2714,1,A_richness_led,0.3
2715,1,A_richness_led,0.3
2716,1,A_richness_led,0.3
2717,1,A_richness_led,0.3
2718,1,A_richness_led,0.3
2719,1,A_richness_led,0.3
2750,0,A_richness_led,0.3
2751,0,A_richness_led,0.3
2752,0,A_richness_led,0.3
2753,0,A_richness_led,0.3
2755,0,A_richness_led,0.3
2756,0,A_richness_led,0.3
2757,0,A_richness_led,0.3
2758,0,A_richness_led,0.3
2759,0,A_richness_led,0.3
2765,0,A_richness_led,0.3
2766,0,A_richness_led,0.3
2767,0,A_richness_led,0.3
2768,0,A_richness_led,0.3
2769,0,A_richness_led,0.3
2770,0,A_richness_led,0.3
2771,0,A_richness_led,0.3
2773,1,A_richness_led,0.3
2774,1,A_richness_led,0.3
2775,1,A_richness_led,0.3
2776,1,A_richness_led,0.3
2777,1,A_richness_led,0.3
2778,1,A_richness_led,0.3
2779,1,A_richness_led,0.3
2780,1,A_richness_led,0.3
2781,1,A_richness_led,0.3
2782,1,A_richness_led,0.3
2783,1,A_richness_led,0.3
2784,1,A_richness_led,0.3
2785,1,A_richness_led,0.3
2786,1,A_richness_led,0.3
2787,1,A_richness_led,0.3
2788,1,A_richness_led,0.3
2789,1,A_richness_led,0.3
2790,1,A_richness_led,0.3
2791,1,A_richness_led,0.3
2826,0,A_richness_led,0.3
2827,0,A_richness_led,0.3
2838,0,A_richness_led,0.3
2839,0,A_richness_led,0.3
2840,0,A_richness_led,0.3
2841,0,A_richness_led,0.3
2842,0,A_richness_led,0.3
2843,0,A_richness_led,0.3
2844,1,A_richness_led,0.3
2845,1,A_richness_led,0.3
2846,1,A_richness_led,0.3
2847,1,A_richness_led,0.3
2848,1,A_richness_led,0.3
2849,1,A_richness_led,0.3
2850,1,A_richness_led,0.3
2851,1,A_richness_led,0.3
2852,1,A_richness_led,0.3
2853,1,A_richness_led,0.3
2854,1,A_richness_led,0.3
2855,1,A_richness_led,0.3
2856,1,A_richness_led,0.3
2857,1,A_richness_led,0.3
2858,1,A_richness_led,0.3
2859,1,A_richness_led,0.3
2860,1,A_richness_led,0.3
2861,1,A_richness_led,0.3
2862,1,A_richness_led,0.3
2909,0,A_richness_led,0.3
2910,0,A_richness_led,0.3
2911,0,A_richness_led,0.3
2912,0,A_richness_led,0.3
2913,0,A_richness_led,0.3
2914,0,A_richness_led,0.3
2915,1,A_richness_led,0.3
2916,1,A_richness_led,0.3
2917,1,A_richness_led,0.3
2918,1,A_richness_led,0.3
2919,1,A_richness_led,0.3
2920,1,A_richness_led,0.3
2921,1,A_richness_led,0.3
2922,1,A_richness_led,0.3
2923,1,A_richness_led,0.3
2924,1,A_richness_led,0.3
2925,1,A_richness_led,0.3
2926,1,A_richness_led,0.3
2927,1,A_richness_led,0.3
2928,1,A_richness_led,0.3
2929,1,A_richness_led,0.3
2930,1,A_richness_led,0.3
2931,1,A_richness_led,0.3
2932,1,A_richness_led,0.3
2933,1,A_richness_led,0.3
2981,0,A_richness_led,0.3
2982,0,A_richness_led,0.3
2983,0,A_richness_led,0.3
2984,0,A_richness_led,0.3
2985,0,A_richness_led,0.3
2986,1,A_richness_led,0.3
2987,1,A_richness_led,0.3
2988,1,A_richness_led,0.3
2989,1,A_richness_led,0.3
2990,1,A_richness_led,0.3
2991,1,A_richness_led,0.3
2992,1,A_richness_led,0.3
2993,1,A_richness_led,0.3
2994,1,A_richness_led,0.3
2995,1,A_richness_led,0.3
2996,1,A_richness_led,0.3
2997,1,A_richness_led,0.3
2998,1,A_richness_led,0.3
2999,1,A_richness_led,0.3
3000,1,A_richness_led,0.3
3001,1,A_richness_led,0.3
3002,1,A_richness_led,0.3
3003,1,A_richness_led,0.3
3004,1,A_richness_led,0.3
3005,1,A_richness_led,0.3
3052,0,A_richness_led,0.3
3053,0,A_richness_led,0.3
3054,0,A_richness_led,0.3
3055,0,A_richness_led,0.3
3056,0,A_richness_led,0.3
3057,0,A_richness_led,0.3
3058,1,A_richness_led,0.3
3059,1,A_richness_led,0.3
3060,1,A_richness_led,0.3
3061,1,A_richness_led,0.3
3062,1,A_richness_led,0.3
3063,1,A_richness_led,0.3
3064,1,A_richness_led,0.3
3065,1,A_richness_led,0.3
3066,1,A_richness_led,0.3
3067,1,A_richness_led,0.3
3068,1,A_richness_led,0.3
3069,1,A_richness_led,0.3
3070,1,A_richness_led,0.3
3071,1,A_richness_led,0.3
3072,1,A_richness_led,0.3
3073,1,A_richness_led,0.3
3074,1,A_richness_led,0.3
3075,1,A_richness_led,0.3
3076,1,A_richness_led,0.3
3078,1,A_richness_led,0.3
3079,1,A_richness_led,0.3
3124,0,A_richness_led,0.3
3125,0,A_richness_led,0.3
3126,0,A_richness_led,0.3
3127,0,A_richness_led,0.3
3128,0,A_richness_led,0.3
3129,1,A_richness_led,0.3
3130,1,A_richness_led,0.3
3131,1,A_richness_led,0.3
3133,1,A_richness_led,0.3
3134,1,A_richness_led,0.3
3135,1,A_richness_led,0.3
3136,1,A_richness_led,0.3
3137,1,A_richness_led,0.3
3138,1,A_richness_led,0.3
3139,1,A_richness_led,0.3
3140,1,A_richness_led,0.3
3141,1,A_richness_led,0.3
3142,1,A_richness_led,0.3
3143,1,A_richness_led,0.3
3144,1,A_richness_led,0.3
3145,1,A_richness_led,0.3
3146,1,A_richness_led,0.3
3147,1,A_richness_led,0.3
3150,1,A_richness_led,0.3
3151,1,A_richness_led,0.3
3199,0,A_richness_led,0.3
3200,0,A_richness_led,0.3
3202,1,A_richness_led,0.3
3203,1,A_richness_led,0.3
3204,1,A_richness_led,0.3
3205,1,A_richness_led,0.3
3206,1,A_richness_led,0.3
3207,1,A_richness_led,0.3
3208,1,A_richness_led,0.3
3209,1,A_richness_led,0.3
3210,1,A_richness_led,0.3
3211,1,A_richness_led,0.3
3212,1,A_richness_led,0.3
3213,1,A_richness_led,0.3
3214,1,A_richness_led,0.3
3215,1,A_richness_led,0.3
3216,1,A_richness_led,0.3
3217,1,A_richness_led,0.3
3218,1,A_richness_led,0.3
3221,1,A_richness_led,0.3
3222,1,A_richness_led,0.3
3270,0,A_richness_led,0.3
3271,0,A_richness_led,0.3
3272,0,A_richness_led,0.3
3273,1,A_richness_led,0.3
3275,1,A_richness_led,0.3
3278,1,A_richness_led,0.3
3279,1,A_richness_led,0.3
3280,1,A_richness_led,0.3
3281,1,A_richness_led,0.3
3282,1,A_richness_led,0.3
3283,1,A_richness_led,0.3
3284,1,A_richness_led,0.3
3285,1,A_richness_led,0.3
3286,1,A_richness_led,0.3
3287,1,A_richness_led,0.3
3293,1,A_richness_led,0.3
3294,1,A_richness_led,0.3
3295,1,A_richness_led,0.3
3343,0,A_richness_led,0.3
3344,0,A_richness_led,0.3
3345,1,A_richness_led,0.3
3351,1,A_richness_led,0.3
3352,1,A_richness_led,0.3
3353,1,A_richness_led,0.3
3354,1,A_richness_led,0.3
3355,1,A_richness_led,0.3
3356,1,A_richness_led,0.3
3357,1,A_richness_led,0.3
3426,1,A_richness_led,0.3
3427,1,A_richness_led,0.3
3497,1,A_richness_led,0.3
3498,1,A_richness_led,0.3
3499,1,A_richness_led,0.3
3568,1,A_richness_led,0.3
3569,1,A_richness_led,0.3
3570,1,A_richness_led,0.3
3571,1,A_richness_led,0.3
3641,1,A_richness_led,0.3
3642,1,A_richness_led,0.3
56,0,B_functional_distinctiveness,0.3
57,0,B_functional_distinctiveness,0.3
128,0,B_functional_distinctiveness,0.3
198,0,B_functional_distinctiveness,0.3
199,0,B_functional_distinctiveness,0.3
203,0,B_functional_distinctiveness,0.3
270,0,B_functional_distinctiveness,0.3
271,0,B_functional_distinctiveness,0.3
272,0,B_functional_distinctiveness,0.3
274,0,B_functional_distinctiveness,0.3
276,0,B_functional_distinctiveness,0.3
341,0,B_functional_distinctiveness,0.3
342,0,B_functional_distinctiveness,0.3
343,0,B_functional_distinctiveness,0.3
344,0,B_functional_distinctiveness,0.3
345,0,B_functional_distinctiveness,0.3
347,0,B_functional_distinctiveness,0.3
412,0,B_functional_distinctiveness,0.3
413,0,B_functional_distinctiveness,0.3
414,0,B_functional_distinctiveness,0.3
415,0,B_functional_distinctiveness,0.3
416,0,B_functional_distinctiveness,0.3
417,0,B_functional_distinctiveness,0.3
418,0,B_functional_distinctiveness,0.3
483,0,B_functional_distinctiveness,0.3
484,0,B_functional_distinctiveness,0.3
485,0,B_functional_distinctiveness,0.3
486,0,B_functional_distinctiveness,0.3
487,0,B_functional_distinctiveness,0.3
554,0,B_functional_distinctiveness,0.3
555,0,B_functional_distinctiveness,0.3
556,0,B_functional_distinctiveness,0.3
557,0,B_functional_distinctiveness,0.3
558,0,B_functional_distinctiveness,0.3
559,0,B_functional_distinctiveness,0.3
560,0,B_functional_distinctiveness,0.3
561,0,B_functional_distinctiveness,0.3
563,0,B_functional_distinctiveness,0.3
564,0,B_functional_distinctiveness,0.3
592,0,B_functional_distinctiveness,0.3
593,0,B_functional_distinctiveness,0.3
625,0,B_functional_distinctiveness,0.3
626,0,B_functional_distinctiveness,0.3
627,0,B_functional_distinctiveness,0.3
628,0,B_functional_distinctiveness,0.3
629,0,B_functional_distinctiveness,0.3
630,0,B_functional_distinctiveness,0.3
634,0,B_functional_distinctiveness,0.3
635,0,B_functional_distinctiveness,0.3
636,0,B_functional_distinctiveness,0.3
637,0,B_functional_distinctiveness,0.3
640,0,B_functional_distinctiveness,0.3
663,0,B_functional_distinctiveness,0.3
664,0,B_functional_distinctiveness,0.3
665,0,B_functional_distinctiveness,0.3
666,0,B_functional_distinctiveness,0.3
696,0,B_functional_distinctiveness,0.3
698,0,B_functional_distinctiveness,0.3
699,0,B_functional_distinctiveness,0.3
700,0,B_functional_distinctiveness,0.3
701,0,B_functional_distinctiveness,0.3
702,0,B_functional_distinctiveness,0.3
704,0,B_functional_distinctiveness,0.3
705,0,B_functional_distinctiveness,0.3
706,0,B_functional_distinctiveness,0.3
708,0,B_functional_distinctiveness,0.3
710,0,B_functional_distinctiveness,0.3
711,0,B_functional_distinctiveness,0.3
712,0,B_functional_distinctiveness,0.3
716,1,B_functional_distinctiveness,0.3
717,0,B_functional_distinctiveness,0.3
735,0,B_functional_distinctiveness,0.3
736,0,B_functional_distinctiveness,0.3
737,0,B_functional_distinctiveness,0.3
738,0,B_functional_distinctiveness,0.3
772,0,B_functional_distinctiveness,0.3
773,0,B_functional_distinctiveness,0.3
774,0,B_functional_distinctiveness,0.3
775,0,B_functional_distinctiveness,0.3
776,0,B_functional_distinctiveness,0.3
777,0,B_functional_distinctiveness,0.3
778,0,B_functional_distinctiveness,0.3
783,0,B_functional_distinctiveness,0.3
784,0,B_functional_distinctiveness,0.3
787,0,B_functional_distinctiveness,0.3
788,0,B_functional_distinctiveness,0.3
804,0,B_functional_distinctiveness,0.3
805,0,B_functional_distinctiveness,0.3
806,0,B_functional_distinctiveness,0.3
807,0,B_functional_distinctiveness,0.3
808,0,B_functional_distinctiveness,0.3
809,0,B_functional_distinctiveness,0.3
810,0,B_functional_distinctiveness,0.3
811,0,B_functional_distinctiveness,0.3
812,0,B_functional_distinctiveness,0.3
813,0,B_functional_distinctiveness,0.3
845,0,B_functional_distinctiveness,0.3
846,0,B_functional_distinctiveness,0.3
847,0,B_functional_distinctiveness,0.3
848,0,B_functional_distinctiveness,0.3
849,0,B_functional_distinctiveness,0.3
850,0,B_functional_distinctiveness,0.3
851,0,B_functional_distinctiveness,0.3
855,0,B_functional_distinctiveness,0.3
856,0,B_functional_distinctiveness,0.3
857,0,B_functional_distinctiveness,0.3
858,0,B_functional_distinctiveness,0.3
859,0,B_functional_distinctiveness,0.3
860,0,B_functional_distinctiveness,0.3
876,0,B_functional_distinctiveness,0.3
877,0,B_functional_distinctiveness,0.3
878,0,B_functional_distinctiveness,0.3
879,0,B_functional_distinctiveness,0.3
881,0,B_functional_distinctiveness,0.3
882,0,B_functional_distinctiveness,0.3
883,0,B_functional_distinctiveness,0.3
884,0,B_functional_distinctiveness,0.3
885,0,B_functional_distinctiveness,0.3
916,0,B_functional_distinctiveness,0.3
917,0,B_functional_distinctiveness,0.3
918,0,B_functional_distinctiveness,0.3
920,0,B_functional_distinctiveness,0.3
921,0,B_functional_distinctiveness,0.3
922,0,B_functional_distinctiveness,0.3
923,0,B_functional_distinctiveness,0.3
927,0,B_functional_distinctiveness,0.3
929,0,B_functional_distinctiveness,0.3
931,0,B_functional_distinctiveness,0.3
947,0,B_functional_distinctiveness,0.3
948,0,B_functional_distinctiveness,0.3
949,0,B_functional_distinctiveness,0.3
950,0,B_functional_distinctiveness,0.3
951,0,B_functional_distinctiveness,0.3
952,0,B_functional_distinctiveness,0.3
953,0,B_functional_distinctiveness,0.3
955,0,B_functional_distinctiveness,0.3
956,0,B_functional_distinctiveness,0.3
985,0,B_functional_distinctiveness,0.3
986,0,B_functional_distinctiveness,0.3
987,0,B_functional_distinctiveness,0.3
988,0,B_functional_distinctiveness,0.3
989,0,B_functional_distinctiveness,0.3
991,0,B_functional_distinctiveness,0.3
992,0,B_functional_distinctiveness,0.3
993,0,B_functional_distinctiveness,0.3
994,0,B_functional_distinctiveness,0.3
995,0,B_functional_distinctiveness,0.3
996,0,B_functional_distinctiveness,0.3
997,0,B_functional_distinctiveness,0.3
999,0,B_functional_distinctiveness,0.3
1001,0,B_functional_distinctiveness,0.3
1002,0,B_functional_distinctiveness,0.3
1003,0,B_functional_distinctiveness,0.3
1018,0,B_functional_distinctiveness,0.3
1019,0,B_functional_distinctiveness,0.3
1021,0,B_functional_distinctiveness,0.3
1022,0,B_functional_distinctiveness,0.3
1023,0,B_functional_distinctiveness,0.3
1025,0,B_functional_distinctiveness,0.3
1027,0,B_functional_distinctiveness,0.3
1028,0,B_functional_distinctiveness,0.3
1029,0,B_functional_distinctiveness,0.3
1055,0,B_functional_distinctiveness,0.3
1057,0,B_functional_distinctiveness,0.3
1058,0,B_functional_distinctiveness,0.3
1061,0,B_functional_distinctiveness,0.3
1063,0,B_functional_distinctiveness,0.3
1064,0,B_functional_distinctiveness,0.3
1065,0,B_functional_distinctiveness,0.3
1066,0,B_functional_distinctiveness,0.3
1068,0,B_functional_distinctiveness,0.3
1069,0,B_functional_distinctiveness,0.3
1070,0,B_functional_distinctiveness,0.3
1073,0,B_functional_distinctiveness,0.3
1075,0,B_functional_distinctiveness,0.3
1076,0,B_functional_distinctiveness,0.3
1089,0,B_functional_distinctiveness,0.3
1090,0,B_functional_distinctiveness,0.3
1091,0,B_functional_distinctiveness,0.3
1092,0,B_functional_distinctiveness,0.3
1093,0,B_functional_distinctiveness,0.3
1094,0,B_functional_distinctiveness,0.3
1095,0,B_functional_distinctiveness,0.3
1096,0,B_functional_distinctiveness,0.3
1097,0,B_functional_distinctiveness,0.3
1098,0,B_functional_distinctiveness,0.3
1100,0,B_functional_distinctiveness,0.3
1101,0,B_functional_distinctiveness,0.3
1103,0,B_functional_distinctiveness,0.3
1126,0,B_functional_distinctiveness,0.3
1127,0,B_functional_distinctiveness,0.3
1128,0,B_functional_distinctiveness,0.3
1129,0,B_functional_distinctiveness,0.3
1130,0,B_functional_distinctiveness,0.3
1131,0,B_functional_distinctiveness,0.3
1133,0,B_functional_distinctiveness,0.3
1134,0,B_functional_distinctiveness,0.3
1137,0,B_functional_distinctiveness,0.3
1138,0,B_functional_distinctiveness,0.3
1139,0,B_functional_distinctiveness,0.3
1140,0,B_functional_distinctiveness,0.3
1142,0,B_functional_distinctiveness,0.3
1143,0,B_functional_distinctiveness,0.3
1144,0,B_functional_distinctiveness,0.3
1145,0,B_functional_distinctiveness,0.3
1161,0,B_functional_distinctiveness,0.3
1162,0,B_functional_distinctiveness,0.3
1163,0,B_functional_distinctiveness,0.3
1164,0,B_functional_distinctiveness,0.3
1165,0,B_functional_distinctiveness,0.3
1166,0,B_functional_distinctiveness,0.3
1167,0,B_functional_distinctiveness,0.3
1168,0,B_functional_distinctiveness,0.3
1169,0,B_functional_distinctiveness,0.3
1170,0,B_functional_distinctiveness,0.3
1171,0,B_functional_distinctiveness,0.3
1172,0,B_functional_distinctiveness,0.3
1173,0,B_functional_distinctiveness,0.3
1175,0,B_functional_distinctiveness,0.3
1196,0,B_functional_distinctiveness,0.3
1197,0,B_functional_distinctiveness,0.3
1198,0,B_functional_distinctiveness,0.3
1199,0,B_functional_distinctiveness,0.3
1200,0,B_functional_distinctiveness,0.3
1201,0,B_functional_distinctiveness,0.3
1202,0,B_functional_distinctiveness,0.3
1203,0,B_functional_distinctiveness,0.3
1204,0,B_functional_distinctiveness,0.3
1205,0,B_functional_distinctiveness,0.3
1206,0,B_functional_distinctiveness,0.3
1207,0,B_functional_distinctiveness,0.3
1208,0,B_functional_distinctiveness,0.3
1209,0,B_functional_distinctiveness,0.3
1210,0,B_functional_distinctiveness,0.3
1211,0,B_functional_distinctiveness,0.3
1212,0,B_functional_distinctiveness,0.3
1213,0,B_functional_distinctiveness,0.3
1214,0,B_functional_distinctiveness,0.3
1215,0,B_functional_distinctiveness,0.3
1216,0,B_functional_distinctiveness,0.3
1234,0,B_functional_distinctiveness,0.3
1235,0,B_functional_distinctiveness,0.3
1236,0,B_functional_distinctiveness,0.3
1237,0,B_functional_distinctiveness,0.3
1238,0,B_functional_distinctiveness,0.3
1239,0,B_functional_distinctiveness,0.3
1240,0,B_functional_distinctiveness,0.3
1241,0,B_functional_distinctiveness,0.3
1242,0,B_functional_distinctiveness,0.3
1243,0,B_functional_distinctiveness,0.3
1244,0,B_functional_distinctiveness,0.3
1246,0,B_functional_distinctiveness,0.3
1247,0,B_functional_distinctiveness,0.3
1248,0,B_functional_distinctiveness,0.3
1249,0,B_functional_distinctiveness,0.3
1268,0,B_functional_distinctiveness,0.3
1269,0,B_functional_distinctiveness,0.3
1270,0,B_functional_distinctiveness,0.3
1271,0,B_functional_distinctiveness,0.3
1272,0,B_functional_distinctiveness,0.3
1273,0,B_functional_distinctiveness,0.3
1274,0,B_functional_distinctiveness,0.3
1275,0,B_functional_distinctiveness,0.3
1276,0,B_functional_distinctiveness,0.3
1277,0,B_functional_distinctiveness,0.3
1279,0,B_functional_distinctiveness,0.3
1280,0,B_functional_distinctiveness,0.3
1281,0,B_functional_distinctiveness,0.3
1282,0,B_functional_distinctiveness,0.3
1283,0,B_functional_distinctiveness,0.3
1284,0,B_functional_distinctiveness,0.3
1286,0,B_functional_distinctiveness,0.3
1287,0,B_functional_distinctiveness,0.3
1288,0,B_functional_distinctiveness,0.3
1289,0,B_functional_distinctiveness,0.3
1305,0,B_functional_distinctiveness,0.3
1306,0,B_functional_distinctiveness,0.3
1307,0,B_functional_distinctiveness,0.3
1308,0,B_functional_distinctiveness,0.3
1309,0,B_functional_distinctiveness,0.3
1312,0,B_functional_distinctiveness,0.3
1313,0,B_functional_distinctiveness,0.3
1314,0,B_functional_distinctiveness,0.3
1315,0,B_functional_distinctiveness,0.3
1316,0,B_functional_distinctiveness,0.3
1319,0,B_functional_distinctiveness,0.3
1320,0,B_functional_distinctiveness,0.3
1321,0,B_functional_distinctiveness,0.3
1322,0,B_functional_distinctiveness,0.3
1328,0,B_functional_distinctiveness,0.3
1339,0,B_functional_distinctiveness,0.3
1340,0,B_functional_distinctiveness,0.3
1341,0,B_functional_distinctiveness,0.3
1344,0,B_functional_distinctiveness,0.3
1345,0,B_functional_distinctiveness,0.3
1346,0,B_functional_distinctiveness,0.3
1348,0,B_functional_distinctiveness,0.3
1349,0,B_functional_distinctiveness,0.3
1351,0,B_functional_distinctiveness,0.3
1352,0,B_functional_distinctiveness,0.3
1353,0,B_functional_distinctiveness,0.3
1354,0,B_functional_distinctiveness,0.3
1355,0,B_functional_distinctiveness,0.3
1357,0,B_functional_distinctiveness,0.3
1358,0,B_functional_distinctiveness,0.3
1359,1,B_functional_distinctiveness,0.3
1360,0,B_functional_distinctiveness,0.3
1361,0,B_functional_distinctiveness,0.3
1377,0,B_functional_distinctiveness,0.3
1379,0,B_functional_distinctiveness,0.3
1380,0,B_functional_distinctiveness,0.3
1381,0,B_functional_distinctiveness,0.3
1382,0,B_functional_distinctiveness,0.3
1383,0,B_functional_distinctiveness,0.3
1384,0,B_functional_distinctiveness,0.3
1385,0,B_functional_distinctiveness,0.3
1386,0,B_functional_distinctiveness,0.3
1393,0,B_functional_distinctiveness,0.3
1400,0,B_functional_distinctiveness,0.3
1410,0,B_functional_distinctiveness,0.3
1412,0,B_functional_distinctiveness,0.3
1413,0,B_functional_distinctiveness,0.3
1414,0,B_functional_distinctiveness,0.3
1415,0,B_functional_distinctiveness,0.3
1416,0,B_functional_distinctiveness,0.3
1417,0,B_functional_distinctiveness,0.3
1418,0,B_functional_distinctiveness,0.3
1419,0,B_functional_distinctiveness,0.3
1420,0,B_functional_distinctiveness,0.3
1421,0,B_functional_distinctiveness,0.3
1422,0,B_functional_distinctiveness,0.3
1423,0,B_functional_distinctiveness,0.3
1424,0,B_functional_distinctiveness,0.3
1425,0,B_functional_distinctiveness,0.3
1426,0,B_functional_distinctiveness,0.3
1427,0,B_functional_distinctiveness,0.3
1428,0,B_functional_distinctiveness,0.3
1429,0,B_functional_distinctiveness,0.3
1430,0,B_functional_distinctiveness,0.3
1448,0,B_functional_distinctiveness,0.3
1449,0,B_functional_distinctiveness,0.3
1450,0,B_functional_distinctiveness,0.3
1452,0,B_functional_distinctiveness,0.3
1453,0,B_functional_distinctiveness,0.3
1454,0,B_functional_distinctiveness,0.3
1455,0,B_functional_distinctiveness,0.3
1456,0,B_functional_distinctiveness,0.3
1462,0,B_functional_distinctiveness,0.3
1465,0,B_functional_distinctiveness,0.3
1466,0,B_functional_distinctiveness,0.3
1468,0,B_functional_distinctiveness,0.3
1471,0,B_functional_distinctiveness,0.3
1476,0,B_functional_distinctiveness,0.3
1479,0,B_functional_distinctiveness,0.3
1480,0,B_functional_distinctiveness,0.3
1481,0,B_functional_distinctiveness,0.3
1482,0,B_functional_distinctiveness,0.3
1483,0,B_functional_distinctiveness,0.3
1484,0,B_functional_distinctiveness,0.3
1485,0,B_functional_distinctiveness,0.3
1486,0,B_functional_distinctiveness,0.3
1487,0,B_functional_distinctiveness,0.3
1488,0,B_functional_distinctiveness,0.3
1489,0,B_functional_distinctiveness,0.3
1490,0,B_functional_distinctiveness,0.3
1491,0,B_functional_distinctiveness,0.3
1492,0,B_functional_distinctiveness,0.3
1493,0,B_functional_distinctiveness,0.3
1494,0,B_functional_distinctiveness,0.3
1495,1,B_functional_distinctiveness,0.3
1496,0,B_functional_distinctiveness,0.3
1497,1,B_functional_distinctiveness,0.3
1498,0,B_functional_distinctiveness,0.3
1499,0,B_functional_distinctiveness,0.3
1500,1,B_functional_distinctiveness,0.3
1502,1,B_functional_distinctiveness,0.3
1518,0,B_functional_distinctiveness,0.3
1520,0,B_functional_distinctiveness,0.3
1521,0,B_functional_distinctiveness,0.3
1522,0,B_functional_distinctiveness,0.3
1523,0,B_functional_distinctiveness,0.3
1528,0,B_functional_distinctiveness,0.3
1529,0,B_functional_distinctiveness,0.3
1533,0,B_functional_distinctiveness,0.3
1536,0,B_functional_distinctiveness,0.3
1537,0,B_functional_distinctiveness,0.3
1538,0,B_functional_distinctiveness,0.3
1539,0,B_functional_distinctiveness,0.3
1540,0,B_functional_distinctiveness,0.3
1542,0,B_functional_distinctiveness,0.3
1550,0,B_functional_distinctiveness,0.3
1551,0,B_functional_distinctiveness,0.3
1552,0,B_functional_distinctiveness,0.3
1553,0,B_functional_distinctiveness,0.3
1554,0,B_functional_distinctiveness,0.3
1555,0,B_functional_distinctiveness,0.3
1556,0,B_functional_distinctiveness,0.3
1557,0,B_functional_distinctiveness,0.3
1558,0,B_functional_distinctiveness,0.3
1559,0,B_functional_distinctiveness,0.3
1560,0,B_functional_distinctiveness,0.3
1561,0,B_functional_distinctiveness,0.3
1562,0,B_functional_distinctiveness,0.3
1563,0,B_functional_distinctiveness,0.3
1564,1,B_functional_distinctiveness,0.3
1565,1,B_functional_distinctiveness,0.3
1566,0,B_functional_distinctiveness,0.3
1567,1,B_functional_distinctiveness,0.3
1568,1,B_functional_distinctiveness,0.3
1569,1,B_functional_distinctiveness,0.3
1570,1,B_functional_distinctiveness,0.3
1571,1,B_functional_distinctiveness,0.3
1586,0,B_functional_distinctiveness,0.3
1587,0,B_functional_distinctiveness,0.3
1588,0,B_functional_distinctiveness,0.3
1589,0,B_functional_distinctiveness,0.3
1590,0,B_functional_distinctiveness,0.3
1591,0,B_functional_distinctiveness,0.3
1592,0,B_functional_distinctiveness,0.3
1593,0,B_functional_distinctiveness,0.3
1594,0,B_functional_distinctiveness,0.3
1602,0,B_functional_distinctiveness,0.3
1608,0,B_functional_distinctiveness,0.3
1609,0,B_functional_distinctiveness,0.3
1610,0,B_functional_distinctiveness,0.3
1612,0,B_functional_distinctiveness,0.3
1613,0,B_functional_distinctiveness,0.3
1614,0,B_functional_distinctiveness,0.3
1616,0,B_functional_distinctiveness,0.3
1617,0,B_functional_distinctiveness,0.3
1618,0,B_functional_distinctiveness,0.3
1619,0,B_functional_distinctiveness,0.3
1620,0,B_functional_distinctiveness,0.3
1621,0,B_functional_distinctiveness,0.3
1622,0,B_functional_distinctiveness,0.3
1623,0,B_functional_distinctiveness,0.3
1624,0,B_functional_distinctiveness,0.3
1625,0,B_functional_distinctiveness,0.3
1626,0,B_functional_distinctiveness,0.3
1627,0,B_functional_distinctiveness,0.3
1629,0,B_functional_distinctiveness,0.3
1630,0,B_functional_distinctiveness,0.3
1631,0,B_functional_distinctiveness,0.3
1632,0,B_functional_distinctiveness,0.3
1633,1,B_functional_distinctiveness,0.3
1634,1,B_functional_distinctiveness,0.3
1635,1,B_functional_distinctiveness,0.3
1636,1,B_functional_distinctiveness,0.3
1637,1,B_functional_distinctiveness,0.3
1639,1,B_functional_distinctiveness,0.3
1640,1,B_functional_distinctiveness,0.3
1641,1,B_functional_distinctiveness,0.3
1642,1,B_functional_distinctiveness,0.3
1658,0,B_functional_distinctiveness,0.3
1659,0,B_functional_distinctiveness,0.3
1660,0,B_functional_distinctiveness,0.3
1661,0,B_functional_distinctiveness,0.3
1662,0,B_functional_distinctiveness,0.3
1666,0,B_functional_distinctiveness,0.3
1669,0,B_functional_distinctiveness,0.3
1672,0,B_functional_distinctiveness,0.3
1674,0,B_functional_distinctiveness,0.3
1675,0,B_functional_distinctiveness,0.3
1676,0,B_functional_distinctiveness,0.3
1678,0,B_functional_distinctiveness,0.3
1679,0,B_functional_distinctiveness,0.3
1680,0,B_functional_distinctiveness,0.3
1681,0,B_functional_distinctiveness,0.3
1684,0,B_functional_distinctiveness,0.3
1685,0,B_functional_distinctiveness,0.3
1686,0,B_functional_distinctiveness,0.3
1687,0,B_functional_distinctiveness,0.3
1688,0,B_functional_distinctiveness,0.3
1689,0,B_functional_distinctiveness,0.3
1692,0,B_functional_distinctiveness,0.3
1693,0,B_functional_distinctiveness,0.3
1694,0,B_functional_distinctiveness,0.3
1695,0,B_functional_distinctiveness,0.3
1696,0,B_functional_distinctiveness,0.3
1697,0,B_functional_distinctiveness,0.3
1698,0,B_functional_distinctiveness,0.3
1699,0,B_functional_distinctiveness,0.3
1700,0,B_functional_distinctiveness,0.3
1701,0,B_functional_distinctiveness,0.3
1702,0,B_functional_distinctiveness,0.3
1703,0,B_functional_distinctiveness,0.3
1704,0,B_functional_distinctiveness,0.3
1705,0,B_functional_distinctiveness,0.3
1706,0,B_functional_distinctiveness,0.3
1707,1,B_functional_distinctiveness,0.3
1708,1,B_functional_distinctiveness,0.3
1710,1,B_functional_distinctiveness,0.3
1711,0,B_functional_distinctiveness,0.3
1712,0,B_functional_distinctiveness,0.3
1731,0,B_functional_distinctiveness,0.3
1732,0,B_functional_distinctiveness,0.3
1733,0,B_functional_distinctiveness,0.3
1734,0,B_functional_distinctiveness,0.3
1738,0,B_functional_distinctiveness,0.3
1739,0,B_functional_distinctiveness,0.3
1743,0,B_functional_distinctiveness,0.3
1748,0,B_functional_distinctiveness,0.3
1749,0,B_functional_distinctiveness,0.3
1753,0,B_functional_distinctiveness,0.3
1755,0,B_functional_distinctiveness,0.3
1756,0,B_functional_distinctiveness,0.3
1757,0,B_functional_distinctiveness,0.3
1758,0,B_functional_distinctiveness,0.3
1759,0,B_functional_distinctiveness,0.3
1760,0,B_functional_distinctiveness,0.3
1761,0,B_functional_distinctiveness,0.3
1762,0,B_functional_distinctiveness,0.3
1764,0,B_functional_distinctiveness,0.3
1765,0,B_functional_distinctiveness,0.3
1766,0,B_functional_distinctiveness,0.3
1767,0,B_functional_distinctiveness,0.3
1769,0,B_functional_distinctiveness,0.3
1770,0,B_functional_distinctiveness,0.3
1772,0,B_functional_distinctiveness,0.3
1773,0,B_functional_distinctiveness,0.3
1774,0,B_functional_distinctiveness,0.3
1775,0,B_functional_distinctiveness,0.3
1776,0,B_functional_distinctiveness,0.3
1777,1,B_functional_distinctiveness,0.3
1778,1,B_functional_distinctiveness,0.3
1779,1,B_functional_distinctiveness,0.3
1782,1,B_functional_distinctiveness,0.3
1783,1,B_functional_distinctiveness,0.3
1803,0,B_functional_distinctiveness,0.3
1804,0,B_functional_distinctiveness,0.3
1805,0,B_functional_distinctiveness,0.3
1806,0,B_functional_distinctiveness,0.3
1807,0,B_functional_distinctiveness,0.3
1809,0,B_functional_distinctiveness,0.3
1815,0,B_functional_distinctiveness,0.3
1816,0,B_functional_distinctiveness,0.3
1819,0,B_functional_distinctiveness,0.3
1820,0,B_functional_distinctiveness,0.3
1821,0,B_functional_distinctiveness,0.3
1823,0,B_functional_distinctiveness,0.3
1824,0,B_functional_distinctiveness,0.3
1825,0,B_functional_distinctiveness,0.3
1826,0,B_functional_distinctiveness,0.3
1828,0,B_functional_distinctiveness,0.3
1829,0,B_functional_distinctiveness,0.3
1830,0,B_functional_distinctiveness,0.3
1831,0,B_functional_distinctiveness,0.3
1832,0,B_functional_distinctiveness,0.3
1833,0,B_functional_distinctiveness,0.3
1834,0,B_functional_distinctiveness,0.3
1835,0,B_functional_distinctiveness,0.3
1836,0,B_functional_distinctiveness,0.3
1837,0,B_functional_distinctiveness,0.3
1838,0,B_functional_distinctiveness,0.3
1839,0,B_functional_distinctiveness,0.3
1840,0,B_functional_distinctiveness,0.3
1841,0,B_functional_distinctiveness,0.3
1842,0,B_functional_distinctiveness,0.3
1843,0,B_functional_distinctiveness,0.3
1844,0,B_functional_distinctiveness,0.3
1845,0,B_functional_distinctiveness,0.3
1846,0,B_functional_distinctiveness,0.3
1847,0,B_functional_distinctiveness,0.3
1848,0,B_functional_distinctiveness,0.3
1849,1,B_functional_distinctiveness,0.3
1850,1,B_functional_distinctiveness,0.3
1851,1,B_functional_distinctiveness,0.3
1852,1,B_functional_distinctiveness,0.3
1853,1,B_functional_distinctiveness,0.3
1854,1,B_functional_distinctiveness,0.3
1855,1,B_functional_distinctiveness,0.3
1856,1,B_functional_distinctiveness,0.3
1875,0,B_functional_distinctiveness,0.3
1876,0,B_functional_distinctiveness,0.3
1877,0,B_functional_distinctiveness,0.3
1878,0,B_functional_distinctiveness,0.3
1879,0,B_functional_distinctiveness,0.3
1880,0,B_functional_distinctiveness,0.3
1881,0,B_functional_distinctiveness,0.3
1882,0,B_functional_distinctiveness,0.3
1884,0,B_functional_distinctiveness,0.3
1892,0,B_functional_distinctiveness,0.3
1895,0,B_functional_distinctiveness,0.3
1896,0,B_functional_distinctiveness,0.3
1897,0,B_functional_distinctiveness,0.3
1899,0,B_functional_distinctiveness,0.3
1900,0,B_functional_distinctiveness,0.3
1901,0,B_functional_distinctiveness,0.3
1902,0,B_functional_distinctiveness,0.3
1903,0,B_functional_distinctiveness,0.3
1904,0,B_functional_distinctiveness,0.3
1905,0,B_functional_distinctiveness,0.3
1906,0,B_functional_distinctiveness,0.3
1907,0,B_functional_distinctiveness,0.3
1908,0,B_functional_distinctiveness,0.3
1909,0,B_functional_distinctiveness,0.3
1910,0,B_functional_distinctiveness,0.3
1911,0,B_functional_distinctiveness,0.3
1912,0,B_functional_distinctiveness,0.3
1913,0,B_functional_distinctiveness,0.3
1914,0,B_functional_distinctiveness,0.3
1916,0,B_functional_distinctiveness,0.3
1917,0,B_functional_distinctiveness,0.3
1918,0,B_functional_distinctiveness,0.3
1919,0,B_functional_distinctiveness,0.3
1920,1,B_functional_distinctiveness,0.3
1921,1,B_functional_distinctiveness,0.3
1922,1,B_functional_distinctiveness,0.3
1923,1,B_functional_distinctiveness,0.3
1924,1,B_functional_distinctiveness,0.3
1925,1,B_functional_distinctiveness,0.3
1926,1,B_functional_distinctiveness,0.3
1927,1,B_functional_distinctiveness,0.3
1928,1,B_functional_distinctiveness,0.3
1950,0,B_functional_distinctiveness,0.3
1951,0,B_functional_distinctiveness,0.3
1952,0,B_functional_distinctiveness,0.3
1953,0,B_functional_distinctiveness,0.3
1967,0,B_functional_distinctiveness,0.3
1968,0,B_functional_distinctiveness,0.3
1969,0,B_functional_distinctiveness,0.3
1970,0,B_functional_distinctiveness,0.3
1971,0,B_functional_distinctiveness,0.3
1972,0,B_functional_distinctiveness,0.3
1973,0,B_functional_distinctiveness,0.3
1974,0,B_functional_distinctiveness,0.3
1975,0,B_functional_distinctiveness,0.3
1976,0,B_functional_distinctiveness,0.3
1977,0,B_functional_distinctiveness,0.3
1978,0,B_functional_distinctiveness,0.3
1979,0,B_functional_distinctiveness,0.3
1980,0,B_functional_distinctiveness,0.3
1981,0,B_functional_distinctiveness,0.3
1982,0,B_functional_distinctiveness,0.3
1983,0,B_functional_distinctiveness,0.3
1984,0,B_functional_distinctiveness,0.3
1985,0,B_functional_distinctiveness,0.3
1986,0,B_functional_distinctiveness,0.3
1987,0,B_functional_distinctiveness,0.3
1988,0,B_functional_distinctiveness,0.3
1989,0,B_functional_distinctiveness,0.3
1990,0,B_functional_distinctiveness,0.3
1991,1,B_functional_distinctiveness,0.3
1992,1,B_functional_distinctiveness,0.3
1993,1,B_functional_distinctiveness,0.3
1994,1,B_functional_distinctiveness,0.3
1995,1,B_functional_distinctiveness,0.3
1996,1,B_functional_distinctiveness,0.3
1997,1,B_functional_distinctiveness,0.3
1998,1,B_functional_distinctiveness,0.3
2024,0,B_functional_distinctiveness,0.3
2027,0,B_functional_distinctiveness,0.3
2028,0,B_functional_distinctiveness,0.3
2039,0,B_functional_distinctiveness,0.3
2040,0,B_functional_distinctiveness,0.3
2041,0,B_functional_distinctiveness,0.3
2044,0,B_functional_distinctiveness,0.3
2045,0,B_functional_distinctiveness,0.3
2046,0,B_functional_distinctiveness,0.3
2047,0,B_functional_distinctiveness,0.3
2048,0,B_functional_distinctiveness,0.3
2049,0,B_functional_distinctiveness,0.3
2050,0,B_functional_distinctiveness,0.3
2051,0,B_functional_distinctiveness,0.3
2052,0,B_functional_distinctiveness,0.3
2053,0,B_functional_distinctiveness,0.3
2054,0,B_functional_distinctiveness,0.3
2055,0,B_functional_distinctiveness,0.3
2056,0,B_functional_distinctiveness,0.3
2057,0,B_functional_distinctiveness,0.3
2058,0,B_functional_distinctiveness,0.3
2059,0,B_functional_distinctiveness,0.3
2060,0,B_functional_distinctiveness,0.3
2061,0,B_functional_distinctiveness,0.3
2062,1,B_functional_distinctiveness,0.3
2063,1,B_functional_distinctiveness,0.3
2064,1,B_functional_distinctiveness,0.3
2065,1,B_functional_distinctiveness,0.3
2066,1,B_functional_distinctiveness,0.3
2067,1,B_functional_distinctiveness,0.3
2068,1,B_functional_distinctiveness,0.3
2069,1,B_functional_distinctiveness,0.3
2111,0,B_functional_distinctiveness,0.3
2112,0,B_functional_distinctiveness,0.3
2113,0,B_functional_distinctiveness,0.3
2114,0,B_functional_distinctiveness,0.3
2116,0,B_functional_distinctiveness,0.3
2117,0,B_functional_distinctiveness,0.3
2118,0,B_functional_distinctiveness,0.3
2119,0,B_functional_distinctiveness,0.3
2120,0,B_functional_distinctiveness,0.3
2121,0,B_functional_distinctiveness,0.3
2122,0,B_functional_distinctiveness,0.3
2123,0,B_functional_distinctiveness,0.3
2124,0,B_functional_distinctiveness,0.3
2125,0,B_functional_distinctiveness,0.3
2126,0,B_functional_distinctiveness,0.3
2127,0,B_functional_distinctiveness,0.3
2128,0,B_functional_distinctiveness,0.3
2129,0,B_functional_distinctiveness,0.3
2130,0,B_functional_distinctiveness,0.3
2131,0,B_functional_distinctiveness,0.3
2132,0,B_functional_distinctiveness,0.3
2133,1,B_functional_distinctiveness,0.3
2134,1,B_functional_distinctiveness,0.3
2135,1,B_functional_distinctiveness,0.3
2136,1,B_functional_distinctiveness,0.3
2137,1,B_functional_distinctiveness,0.3
2138,1,B_functional_distinctiveness,0.3
2139,1,B_functional_distinctiveness,0.3
2140,1,B_functional_distinctiveness,0.3
2171,0,B_functional_distinctiveness,0.3
2182,0,B_functional_distinctiveness,0.3
2183,0,B_functional_distinctiveness,0.3
2184,0,B_functional_distinctiveness,0.3
2186,0,B_functional_distinctiveness,0.3
2187,0,B_functional_distinctiveness,0.3
2188,0,B_functional_distinctiveness,0.3
2189,0,B_functional_distinctiveness,0.3
2191,0,B_functional_distinctiveness,0.3
2193,0,B_functional_distinctiveness,0.3
2194,0,B_functional_distinctiveness,0.3
2195,0,B_functional_distinctiveness,0.3
2196,0,B_functional_distinctiveness,0.3
2197,0,B_functional_distinctiveness,0.3
2198,0,B_functional_distinctiveness,0.3
2199,0,B_functional_distinctiveness,0.3
2200,0,B_functional_distinctiveness,0.3
2201,0,B_functional_distinctiveness,0.3
2202,0,B_functional_distinctiveness,0.3
2203,0,B_functional_distinctiveness,0.3
2204,1,B_functional_distinctiveness,0.3
2205,1,B_functional_distinctiveness,0.3
2206,1,B_functional_distinctiveness,0.3
2207,1,B_functional_distinctiveness,0.3
2208,1,B_functional_distinctiveness,0.3
2209,1,B_functional_distinctiveness,0.3
2210,1,B_functional_distinctiveness,0.3
2211,1,B_functional_distinctiveness,0.3
2212,1,B_functional_distinctiveness,0.3
2213,1,B_functional_distinctiveness,0.3
2214,1,B_functional_distinctiveness,0.3
2240,0,B_functional_distinctiveness,0.3
2241,0,B_functional_distinctiveness,0.3
2250,0,B_functional_distinctiveness,0.3
2254,0,B_functional_distinctiveness,0.3
2255,0,B_functional_distinctiveness,0.3
2257,0,B_functional_distinctiveness,0.3
2258,0,B_functional_distinctiveness,0.3
2259,0,B_functional_distinctiveness,0.3
2260,0,B_functional_distinctiveness,0.3
2261,0,B_functional_distinctiveness,0.3
2262,0,B_functional_distinctiveness,0.3
2263,0,B_functional_distinctiveness,0.3
2264,0,B_functional_distinctiveness,0.3
2265,0,B_functional_distinctiveness,0.3
2266,0,B_functional_distinctiveness,0.3
2267,0,B_functional_distinctiveness,0.3
2268,0,B_functional_distinctiveness,0.3
2269,0,B_functional_distinctiveness,0.3
2270,0,B_functional_distinctiveness,0.3
2271,0,B_functional_distinctiveness,0.3
2272,0,B_functional_distinctiveness,0.3
2273,0,B_functional_distinctiveness,0.3
2274,0,B_functional_distinctiveness,0.3
2275,1,B_functional_distinctiveness,0.3
2276,1,B_functional_distinctiveness,0.3
2277,1,B_functional_distinctiveness,0.3
2278,1,B_functional_distinctiveness,0.3
2279,1,B_functional_distinctiveness,0.3
2280,1,B_functional_distinctiveness,0.3
2281,1,B_functional_distinctiveness,0.3
2282,1,B_functional_distinctiveness,0.3
2283,1,B_functional_distinctiveness,0.3
2284,1,B_functional_distinctiveness,0.3
2285,1,B_functional_distinctiveness,0.3
2286,1,B_functional_distinctiveness,0.3
2312,0,B_functional_distinctiveness,0.3
2313,0,B_functional_distinctiveness,0.3
2320,0,B_functional_distinctiveness,0.3
2326,0,B_functional_distinctiveness,0.3
2327,0,B_functional_distinctiveness,0.3
2328,0,B_functional_distinctiveness,0.3
2329,0,B_functional_distinctiveness,0.3
2330,0,B_functional_distinctiveness,0.3
2331,0,B_functional_distinctiveness,0.3
2332,0,B_functional_distinctiveness,0.3
2333,0,B_functional_distinctiveness,0.3
2334,0,B_functional_distinctiveness,0.3
2335,0,B_functional_distinctiveness,0.3
2336,0,B_functional_distinctiveness,0.3
2337,0,B_functional_distinctiveness,0.3
2338,0,B_functional_distinctiveness,0.3
2339,0,B_functional_distinctiveness,0.3
2340,0,B_functional_distinctiveness,0.3
2341,0,B_functional_distinctiveness,0.3
2342,0,B_functional_distinctiveness,0.3
2343,0,B_functional_distinctiveness,0.3
2344,0,B_functional_distinctiveness,0.3
2345,0,B_functional_distinctiveness,0.3
2346,1,B_functional_distinctiveness,0.3
2347,1,B_functional_distinctiveness,0.3
2348,1,B_functional_distinctiveness,0.3
2349,1,B_functional_distinctiveness,0.3
2350,1,B_functional_distinctiveness,0.3
2351,1,B_functional_distinctiveness,0.3
2352,1,B_functional_distinctiveness,0.3
2353,1,B_functional_distinctiveness,0.3
2354,1,B_functional_distinctiveness,0.3
2355,1,B_functional_distinctiveness,0.3
2356,1,B_functional_distinctiveness,0.3
2357,1,B_functional_distinctiveness,0.3
2358,1,B_functional_distinctiveness,0.3
2359,1,B_functional_distinctiveness,0.3
2384,0,B_functional_distinctiveness,0.3
2385,0,B_functional_distinctiveness,0.3
2386,0,B_functional_distinctiveness,0.3
2390,0,B_functional_distinctiveness,0.3
2392,0,B_functional_distinctiveness,0.3
2393,0,B_functional_distinctiveness,0.3
2394,0,B_functional_distinctiveness,0.3
2395,0,B_functional_distinctiveness,0.3
2397,0,B_functional_distinctiveness,0.3
2398,0,B_functional_distinctiveness,0.3
2399,0,B_functional_distinctiveness,0.3
2400,0,B_functional_distinctiveness,0.3
2401,0,B_functional_distinctiveness,0.3
2402,0,B_functional_distinctiveness,0.3
2403,0,B_functional_distinctiveness,0.3
2405,0,B_functional_distinctiveness,0.3
2406,0,B_functional_distinctiveness,0.3
2407,0,B_functional_distinctiveness,0.3
2408,0,B_functional_distinctiveness,0.3
2409,0,B_functional_distinctiveness,0.3
2410,0,B_functional_distinctiveness,0.3
2411,0,B_functional_distinctiveness,0.3
2412,0,B_functional_distinctiveness,0.3
2413,0,B_functional_distinctiveness,0.3
2414,0,B_functional_distinctiveness,0.3
2415,0,B_functional_distinctiveness,0.3
2416,0,B_functional_distinctiveness,0.3
2417,1,B_functional_distinctiveness,0.3
2418,1,B_functional_distinctiveness,0.3
2419,1,B_functional_distinctiveness,0.3
2420,1,B_functional_distinctiveness,0.3
2421,1,B_functional_distinctiveness,0.3
2422,1,B_functional_distinctiveness,0.3
2423,1,B_functional_distinctiveness,0.3
2424,1,B_functional_distinctiveness,0.3
2425,1,B_functional_distinctiveness,0.3
2426,1,B_functional_distinctiveness,0.3
2427,1,B_functional_distinctiveness,0.3
2428,1,B_functional_distinctiveness,0.3
2429,1,B_functional_distinctiveness,0.3
2430,1,B_functional_distinctiveness,0.3
2431,1,B_functional_distinctiveness,0.3
2456,0,B_functional_distinctiveness,0.3
2457,0,B_functional_distinctiveness,0.3
2458,0,B_functional_distinctiveness,0.3
2462,0,B_functional_distinctiveness,0.3
2464,0,B_functional_distinctiveness,0.3
2466,0,B_functional_distinctiveness,0.3
2468,0,B_functional_distinctiveness,0.3
2469,0,B_functional_distinctiveness,0.3
2470,0,B_functional_distinctiveness,0.3
2471,0,B_functional_distinctiveness,0.3
2472,0,B_functional_distinctiveness,0.3
2473,0,B_functional_distinctiveness,0.3
2474,0,B_functional_distinctiveness,0.3
2475,0,B_functional_distinctiveness,0.3
2476,0,B_functional_distinctiveness,0.3
2478,0,B_functional_distinctiveness,0.3
2479,0,B_functional_distinctiveness,0.3
2480,0,B_functional_distinctiveness,0.3
2481,0,B_functional_distinctiveness,0.3
2482,0,B_functional_distinctiveness,0.3
2483,0,B_functional_distinctiveness,0.3
2484,0,B_functional_distinctiveness,0.3
2485,0,B_functional_distinctiveness,0.3
2486,0,B_functional_distinctiveness,0.3
2487,0,B_functional_distinctiveness,0.3
2488,1,B_functional_distinctiveness,0.3
2489,1,B_functional_distinctiveness,0.3
2490,1,B_functional_distinctiveness,0.3
2491,1,B_functional_distinctiveness,0.3
2492,1,B_functional_distinctiveness,0.3
2493,1,B_functional_distinctiveness,0.3
2494,1,B_functional_distinctiveness,0.3
2495,1,B_functional_distinctiveness,0.3
2496,1,B_functional_distinctiveness,0.3
2497,1,B_functional_distinctiveness,0.3
2498,1,B_functional_distinctiveness,0.3
2499,1,B_functional_distinctiveness,0.3
2500,1,B_functional_distinctiveness,0.3
2501,1,B_functional_distinctiveness,0.3
2502,1,B_functional_distinctiveness,0.3
2503,1,B_functional_distinctiveness,0.3
2530,0,B_functional_distinctiveness,0.3
2531,0,B_functional_distinctiveness,0.3
2532,0,B_functional_distinctiveness,0.3
2535,0,B_functional_distinctiveness,0.3
2539,0,B_functional_distinctiveness,0.3
2540,0,B_functional_distinctiveness,0.3
2541,0,B_functional_distinctiveness,0.3
2542,0,B_functional_distinctiveness,0.3
2544,0,B_functional_distinctiveness,0.3
2545,0,B_functional_distinctiveness,0.3
2546,0,B_functional_distinctiveness,0.3
2547,0,B_functional_distinctiveness,0.3
2548,0,B_functional_distinctiveness,0.3
2549,0,B_functional_distinctiveness,0.3
2550,0,B_functional_distinctiveness,0.3
2551,0,B_functional_distinctiveness,0.3
2552,0,B_functional_distinctiveness,0.3
2553,0,B_functional_distinctiveness,0.3
2554,0,B_functional_distinctiveness,0.3
2555,0,B_functional_distinctiveness,0.3
2556,0,B_functional_distinctiveness,0.3
2557,0,B_functional_distinctiveness,0.3
2558,0,B_functional_distinctiveness,0.3
2559,1,B_functional_distinctiveness,0.3
2560,1,B_functional_distinctiveness,0.3
2561,1,B_functional_distinctiveness,0.3
2562,1,B_functional_distinctiveness,0.3
2563,1,B_functional_distinctiveness,0.3
2564,1,B_functional_distinctiveness,0.3
2565,1,B_functional_distinctiveness,0.3
2566,1,B_functional_distinctiveness,0.3
2567,1,B_functional_distinctiveness,0.3
2568,1,B_functional_distinctiveness,0.3
2569,1,B_functional_distinctiveness,0.3
2570,1,B_functional_distinctiveness,0.3
2571,1,B_functional_distinctiveness,0.3
2572,1,B_functional_distinctiveness,0.3
2573,1,B_functional_distinctiveness,0.3
2574,1,B_functional_distinctiveness,0.3
2575,1,B_functional_distinctiveness,0.3
2576,1,B_functional_distinctiveness,0.3
2605,0,B_functional_distinctiveness,0.3
2606,0,B_functional_distinctiveness,0.3
2607,0,B_functional_distinctiveness,0.3
2608,0,B_functional_distinctiveness,0.3
2609,0,B_functional_distinctiveness,0.3
2610,0,B_functional_distinctiveness,0.3
2611,0,B_functional_distinctiveness,0.3
2612,0,B_functional_distinctiveness,0.3
2613,0,B_functional_distinctiveness,0.3
2614,0,B_functional_distinctiveness,0.3
2615,0,B_functional_distinctiveness,0.3
2616,0,B_functional_distinctiveness,0.3
2617,0,B_functional_distinctiveness,0.3
2618,0,B_functional_distinctiveness,0.3
2619,0,B_functional_distinctiveness,0.3
2620,0,B_functional_distinctiveness,0.3
2621,0,B_functional_distinctiveness,0.3
2622,0,B_functional_distinctiveness,0.3
2623,0,B_functional_distinctiveness,0.3
2624,0,B_functional_distinctiveness,0.3
2625,0,B_functional_distinctiveness,0.3
2626,0,B_functional_distinctiveness,0.3
2627,0,B_functional_distinctiveness,0.3
2628,0,B_functional_distinctiveness,0.3
2629,0,B_functional_distinctiveness,0.3
2630,1,B_functional_distinctiveness,0.3
2631,1,B_functional_distinctiveness,0.3
2632,1,B_functional_distinctiveness,0.3
2633,1,B_functional_distinctiveness,0.3
2634,1,B_functional_distinctiveness,0.3
2635,1,B_functional_distinctiveness,0.3
2636,1,B_functional_distinctiveness,0.3
2637,1,B_functional_distinctiveness,0.3
2638,1,B_functional_distinctiveness,0.3
2639,1,B_functional_distinctiveness,0.3
2640,1,B_functional_distinctiveness,0.3
2641,1,B_functional_distinctiveness,0.3
2642,1,B_functional_distinctiveness,0.3
2643,1,B_functional_distinctiveness,0.3
2644,1,B_functional_distinctiveness,0.3
2645,1,B_functional_distinctiveness,0.3
2646,1,B_functional_distinctiveness,0.3
2647,1,B_functional_distinctiveness,0.3
2648,1,B_functional_distinctiveness,0.3
2678,0,B_functional_distinctiveness,0.3
2679,0,B_functional_distinctiveness,0.3
2680,0,B_functional_distinctiveness,0.3
2681,0,B_functional_distinctiveness,0.3
2682,0,B_functional_distinctiveness,0.3
2683,0,B_functional_distinctiveness,0.3
2684,0,B_functional_distinctiveness,0.3
2685,0,B_functional_distinctiveness,0.3
2686,0,B_functional_distinctiveness,0.3
2687,0,B_functional_distinctiveness,0.3
2688,0,B_functional_distinctiveness,0.3
2689,0,B_functional_distinctiveness,0.3
2691,0,B_functional_distinctiveness,0.3
2692,0,B_functional_distinctiveness,0.3
2693,0,B_functional_distinctiveness,0.3
2694,0,B_functional_distinctiveness,0.3
2695,0,B_functional_distinctiveness,0.3
2696,0,B_functional_distinctiveness,0.3
2697,0,B_functional_distinctiveness,0.3
2698,0,B_functional_distinctiveness,0.3
2699,0,B_functional_distinctiveness,0.3
2700,0,B_functional_distinctiveness,0.3
2701,1,B_functional_distinctiveness,0.3
2702,1,B_functional_distinctiveness,0.3
2703,1,B_functional_distinctiveness,0.3
2704,1,B_functional_distinctiveness,0.3
2705,1,B_functional_distinctiveness,0.3
2706,1,B_functional_distinctiveness,0.3
2707,1,B_functional_distinctiveness,0.3
2708,1,B_functional_distinctiveness,0.3
2709,1,B_functional_distinctiveness,0.3
2710,1,B_functional_distinctiveness,0.3
2711,1,B_functional_distinctiveness,0.3
2712,1,B_functional_distinctiveness,0.3
2713,1,B_functional_distinctiveness,0.3
2714,1,B_functional_distinctiveness,0.3
2715,1,B_functional_distinctiveness,0.3
2716,1,B_functional_distinctiveness,0.3
2717,1,B_functional_distinctiveness,0.3
2718,1,B_functional_distinctiveness,0.3
2719,1,B_functional_distinctiveness,0.3
2750,0,B_functional_distinctiveness,0.3
2751,0,B_functional_distinctiveness,0.3
2752,0,B_functional_distinctiveness,0.3
2753,0,B_functional_distinctiveness,0.3
2755,0,B_functional_distinctiveness,0.3
2756,0,B_functional_distinctiveness,0.3
2757,0,B_functional_distinctiveness,0.3
2758,0,B_functional_distinctiveness,0.3
2759,0,B_functional_distinctiveness,0.3
2765,0,B_functional_distinctiveness,0.3
2766,0,B_functional_distinctiveness,0.3
2767,0,B_functional_distinctiveness,0.3
2768,0,B_functional_distinctiveness,0.3
2769,0,B_functional_distinctiveness,0.3
2770,0,B_functional_distinctiveness,0.3
2771,0,B_functional_distinctiveness,0.3
2773,1,B_functional_distinctiveness,0.3
2774,1,B_functional_distinctiveness,0.3
2775,1,B_functional_distinctiveness,0.3
2776,1,B_functional_distinctiveness,0.3
2777,1,B_functional_distinctiveness,0.3
2778,1,B_functional_distinctiveness,0.3
2779,1,B_functional_distinctiveness,0.3
2780,1,B_functional_distinctiveness,0.3
2781,1,B_functional_distinctiveness,0.3
2782,1,B_functional_distinctiveness,0.3
2783,1,B_functional_distinctiveness,0.3
2784,1,B_functional_distinctiveness,0.3
2785,1,B_functional_distinctiveness,0.3
2786,1,B_functional_distinctiveness,0.3
2787,1,B_functional_distinctiveness,0.3
2788,1,B_functional_distinctiveness,0.3
2789,1,B_functional_distinctiveness,0.3
2790,1,B_functional_distinctiveness,0.3
2791,1,B_functional_distinctiveness,0.3
2826,0,B_functional_distinctiveness,0.3
2827,0,B_functional_distinctiveness,0.3
2838,0,B_functional_distinctiveness,0.3
2839,0,B_functional_distinctiveness,0.3
2840,0,B_functional_distinctiveness,0.3
2841,0,B_functional_distinctiveness,0.3
2842,0,B_functional_distinctiveness,0.3
2843,1,B_functional_distinctiveness,0.3
2844,1,B_functional_distinctiveness,0.3
2845,1,B_functional_distinctiveness,0.3
2846,1,B_functional_distinctiveness,0.3
2847,1,B_functional_distinctiveness,0.3
2848,1,B_functional_distinctiveness,0.3
2849,1,B_functional_distinctiveness,0.3
2850,1,B_functional_distinctiveness,0.3
2851,1,B_functional_distinctiveness,0.3
2852,1,B_functional_distinctiveness,0.3
2853,1,B_functional_distinctiveness,0.3
2854,1,B_functional_distinctiveness,0.3
2855,1,B_functional_distinctiveness,0.3
2856,1,B_functional_distinctiveness,0.3
2857,1,B_functional_distinctiveness,0.3
2858,1,B_functional_distinctiveness,0.3
2859,1,B_functional_distinctiveness,0.3
2860,1,B_functional_distinctiveness,0.3
2861,1,B_functional_distinctiveness,0.3
2862,1,B_functional_distinctiveness,0.3
2909,0,B_functional_distinctiveness,0.3
2910,0,B_functional_distinctiveness,0.3
2911,0,B_functional_distinctiveness,0.3
2912,0,B_functional_distinctiveness,0.3
2913,0,B_functional_distinctiveness,0.3
2914,1,B_functional_distinctiveness,0.3
2915,1,B_functional_distinctiveness,0.3
2916,1,B_functional_distinctiveness,0.3
2917,1,B_functional_distinctiveness,0.3
2918,1,B_functional_distinctiveness,0.3
2919,1,B_functional_distinctiveness,0.3
2920,1,B_functional_distinctiveness,0.3
2921,1,B_functional_distinctiveness,0.3
2922,1,B_functional_distinctiveness,0.3
2923,1,B_functional_distinctiveness,0.3
2924,1,B_functional_distinctiveness,0.3
2925,1,B_functional_distinctiveness,0.3
2926,1,B_functional_distinctiveness,0.3
2927,1,B_functional_distinctiveness,0.3
2928,1,B_functional_distinctiveness,0.3
2929,1,B_functional_distinctiveness,0.3
2930,1,B_functional_distinctiveness,0.3
2931,1,B_functional_distinctiveness,0.3
2932,1,B_functional_distinctiveness,0.3
2933,1,B_functional_distinctiveness,0.3
2981,0,B_functional_distinctiveness,0.3
2982,0,B_functional_distinctiveness,0.3
2983,0,B_functional_distinctiveness,0.3
2984,0,B_functional_distinctiveness,0.3
2985,0,B_functional_distinctiveness,0.3
2986,1,B_functional_distinctiveness,0.3
2987,1,B_functional_distinctiveness,0.3
2988,1,B_functional_distinctiveness,0.3
2989,1,B_functional_distinctiveness,0.3
2990,1,B_functional_distinctiveness,0.3
2991,1,B_functional_distinctiveness,0.3
2992,1,B_functional_distinctiveness,0.3
2993,1,B_functional_distinctiveness,0.3
2994,1,B_functional_distinctiveness,0.3
2995,1,B_functional_distinctiveness,0.3
2996,1,B_functional_distinctiveness,0.3
2997,1,B_functional_distinctiveness,0.3
2998,1,B_functional_distinctiveness,0.3
2999,1,B_functional_distinctiveness,0.3
3000,1,B_functional_distinctiveness,0.3
3001,1,B_functional_distinctiveness,0.3
3002,1,B_functional_distinctiveness,0.3
3003,1,B_functional_distinctiveness,0.3
3004,1,B_functional_distinctiveness,0.3
3005,1,B_functional_distinctiveness,0.3
3052,0,B_functional_distinctiveness,0.3
3053,0,B_functional_distinctiveness,0.3
3054,0,B_functional_distinctiveness,0.3
3055,0,B_functional_distinctiveness,0.3
3056,0,B_functional_distinctiveness,0.3
3057,1,B_functional_distinctiveness,0.3
3058,1,B_functional_distinctiveness,0.3
3059,1,B_functional_distinctiveness,0.3
3060,1,B_functional_distinctiveness,0.3
3061,1,B_functional_distinctiveness,0.3
3062,1,B_functional_distinctiveness,0.3
3063,1,B_functional_distinctiveness,0.3
3064,1,B_functional_distinctiveness,0.3
3065,1,B_functional_distinctiveness,0.3
3066,1,B_functional_distinctiveness,0.3
3067,1,B_functional_distinctiveness,0.3
3068,1,B_functional_distinctiveness,0.3
3069,1,B_functional_distinctiveness,0.3
3070,1,B_functional_distinctiveness,0.3
3071,1,B_functional_distinctiveness,0.3
3072,1,B_functional_distinctiveness,0.3
3073,1,B_functional_distinctiveness,0.3
3074,1,B_functional_distinctiveness,0.3
3075,1,B_functional_distinctiveness,0.3
3076,1,B_functional_distinctiveness,0.3
3078,1,B_functional_distinctiveness,0.3
3079,1,B_functional_distinctiveness,0.3
3124,0,B_functional_distinctiveness,0.3
3125,0,B_functional_distinctiveness,0.3
3126,0,B_functional_distinctiveness,0.3
3127,0,B_functional_distinctiveness,0.3
3128,1,B_functional_distinctiveness,0.3
3129,1,B_functional_distinctiveness,0.3
3130,1,B_functional_distinctiveness,0.3
3131,1,B_functional_distinctiveness,0.3
3133,1,B_functional_distinctiveness,0.3
3134,1,B_functional_distinctiveness,0.3
3135,1,B_functional_distinctiveness,0.3
3136,1,B_functional_distinctiveness,0.3
3137,1,B_functional_distinctiveness,0.3
3138,1,B_functional_distinctiveness,0.3
3139,1,B_functional_distinctiveness,0.3
3140,1,B_functional_distinctiveness,0.3
3141,1,B_functional_distinctiveness,0.3
3142,1,B_functional_distinctiveness,0.3
3143,1,B_functional_distinctiveness,0.3
3144,1,B_functional_distinctiveness,0.3
3145,1,B_functional_distinctiveness,0.3
3146,1,B_functional_distinctiveness,0.3
3147,1,B_functional_distinctiveness,0.3
3150,1,B_functional_distinctiveness,0.3
3151,1,B_functional_distinctiveness,0.3
3199,0,B_functional_distinctiveness,0.3
3200,1,B_functional_distinctiveness,0.3
3202,1,B_functional_distinctiveness,0.3
3203,1,B_functional_distinctiveness,0.3
3204,1,B_functional_distinctiveness,0.3
3205,1,B_functional_distinctiveness,0.3
3206,1,B_functional_distinctiveness,0.3
3207,1,B_functional_distinctiveness,0.3
3208,1,B_functional_distinctiveness,0.3
3209,1,B_functional_distinctiveness,0.3
3210,1,B_functional_distinctiveness,0.3
3211,1,B_functional_distinctiveness,0.3
3212,1,B_functional_distinctiveness,0.3
3213,1,B_functional_distinctiveness,0.3
3214,1,B_functional_distinctiveness,0.3
3215,1,B_functional_distinctiveness,0.3
3216,1,B_functional_distinctiveness,0.3
3217,1,B_functional_distinctiveness,0.3
3218,1,B_functional_distinctiveness,0.3
3221,1,B_functional_distinctiveness,0.3
3222,1,B_functional_distinctiveness,0.3
3270,0,B_functional_distinctiveness,0.3
3271,0,B_functional_distinctiveness,0.3
3272,1,B_functional_distinctiveness,0.3
3273,1,B_functional_distinctiveness,0.3
3275,1,B_functional_distinctiveness,0.3
3278,1,B_functional_distinctiveness,0.3
3279,1,B_functional_distinctiveness,0.3
3280,1,B_functional_distinctiveness,0.3
3281,1,B_functional_distinctiveness,0.3
3282,1,B_functional_distinctiveness,0.3
3283,1,B_functional_distinctiveness,0.3
3284,1,B_functional_distinctiveness,0.3
3285,1,B_functional_distinctiveness,0.3
3286,1,B_functional_distinctiveness,0.3
3287,1,B_functional_distinctiveness,0.3
3293,1,B_functional_distinctiveness,0.3
3294,1,B_functional_distinctiveness,0.3
3295,1,B_functional_distinctiveness,0.3
3343,1,B_functional_distinctiveness,0.3
3344,1,B_functional_distinctiveness,0.3
3345,1,B_functional_distinctiveness,0.3
3351,1,B_functional_distinctiveness,0.3
3352,1,B_functional_distinctiveness,0.3
3353,1,B_functional_distinctiveness,0.3
3354,1,B_functional_distinctiveness,0.3
3355,1,B_functional_distinctiveness,0.3
3356,1,B_functional_distinctiveness,0.3
3357,1,B_functional_distinctiveness,0.3
3426,1,B_functional_distinctiveness,0.3
3427,1,B_functional_distinctiveness,0.3
3497,1,B_functional_distinctiveness,0.3
3498,1,B_functional_distinctiveness,0.3
3499,1,B_functional_distinctiveness,0.3
3568,1,B_functional_distinctiveness,0.3
3569,1,B_functional_distinctiveness,0.3
3570,1,B_functional_distinctiveness,0.3
3571,1,B_functional_distinctiveness,0.3
3641,1,B_functional_distinctiveness,0.3
3642,1,B_functional_distinctiveness,0.3
56,0,C_homogenization_risk,0.3
57,0,C_homogenization_risk,0.3
128,0,C_homogenization_risk,0.3
198,0,C_homogenization_risk,0.3
199,0,C_homogenization_risk,0.3
203,0,C_homogenization_risk,0.3
270,0,C_homogenization_risk,0.3
271,0,C_homogenization_risk,0.3
272,0,C_homogenization_risk,0.3
274,0,C_homogenization_risk,0.3
276,0,C_homogenization_risk,0.3
341,0,C_homogenization_risk,0.3
342,0,C_homogenization_risk,0.3
343,0,C_homogenization_risk,0.3
344,0,C_homogenization_risk,0.3
345,0,C_homogenization_risk,0.3
347,0,C_homogenization_risk,0.3
412,0,C_homogenization_risk,0.3
413,0,C_homogenization_risk,0.3
414,0,C_homogenization_risk,0.3
415,0,C_homogenization_risk,0.3
416,0,C_homogenization_risk,0.3
417,0,C_homogenization_risk,0.3
418,0,C_homogenization_risk,0.3
483,0,C_homogenization_risk,0.3
484,0,C_homogenization_risk,0.3
485,0,C_homogenization_risk,0.3
486,0,C_homogenization_risk,0.3
487,0,C_homogenization_risk,0.3
554,0,C_homogenization_risk,0.3
555,0,C_homogenization_risk,0.3
556,0,C_homogenization_risk,0.3
557,0,C_homogenization_risk,0.3
558,0,C_homogenization_risk,0.3
559,0,C_homogenization_risk,0.3
560,0,C_homogenization_risk,0.3
561,0,C_homogenization_risk,0.3
563,0,C_homogenization_risk,0.3
564,0,C_homogenization_risk,0.3
592,0,C_homogenization_risk,0.3
593,0,C_homogenization_risk,0.3
625,0,C_homogenization_risk,0.3
626,0,C_homogenization_risk,0.3
627,0,C_homogenization_risk,0.3
628,0,C_homogenization_risk,0.3
629,0,C_homogenization_risk,0.3
630,0,C_homogenization_risk,0.3
634,1,C_homogenization_risk,0.3
635,0,C_homogenization_risk,0.3
636,0,C_homogenization_risk,0.3
637,0,C_homogenization_risk,0.3
640,1,C_homogenization_risk,0.3
663,0,C_homogenization_risk,0.3
664,0,C_homogenization_risk,0.3
665,0,C_homogenization_risk,0.3
666,0,C_homogenization_risk,0.3
696,0,C_homogenization_risk,0.3
698,0,C_homogenization_risk,0.3
699,0,C_homogenization_risk,0.3
700,0,C_homogenization_risk,0.3
701,0,C_homogenization_risk,0.3
702,0,C_homogenization_risk,0.3
704,0,C_homogenization_risk,0.3
705,0,C_homogenization_risk,0.3
706,0,C_homogenization_risk,0.3
708,0,C_homogenization_risk,0.3
710,0,C_homogenization_risk,0.3
711,0,C_homogenization_risk,0.3
712,0,C_homogenization_risk,0.3
716,1,C_homogenization_risk,0.3
717,0,C_homogenization_risk,0.3
735,0,C_homogenization_risk,0.3
736,0,C_homogenization_risk,0.3
737,0,C_homogenization_risk,0.3
738,0,C_homogenization_risk,0.3
772,0,C_homogenization_risk,0.3
773,0,C_homogenization_risk,0.3
774,0,C_homogenization_risk,0.3
775,0,C_homogenization_risk,0.3
776,0,C_homogenization_risk,0.3
777,0,C_homogenization_risk,0.3
778,0,C_homogenization_risk,0.3
783,0,C_homogenization_risk,0.3
784,0,C_homogenization_risk,0.3
787,0,C_homogenization_risk,0.3
788,1,C_homogenization_risk,0.3
804,0,C_homogenization_risk,0.3
805,0,C_homogenization_risk,0.3
806,0,C_homogenization_risk,0.3
807,0,C_homogenization_risk,0.3
808,0,C_homogenization_risk,0.3
809,0,C_homogenization_risk,0.3
810,0,C_homogenization_risk,0.3
811,0,C_homogenization_risk,0.3
812,0,C_homogenization_risk,0.3
813,0,C_homogenization_risk,0.3
845,0,C_homogenization_risk,0.3
846,0,C_homogenization_risk,0.3
847,1,C_homogenization_risk,0.3
848,0,C_homogenization_risk,0.3
849,0,C_homogenization_risk,0.3
850,1,C_homogenization_risk,0.3
851,0,C_homogenization_risk,0.3
855,0,C_homogenization_risk,0.3
856,0,C_homogenization_risk,0.3
857,0,C_homogenization_risk,0.3
858,1,C_homogenization_risk,0.3
859,0,C_homogenization_risk,0.3
860,0,C_homogenization_risk,0.3
876,0,C_homogenization_risk,0.3
877,0,C_homogenization_risk,0.3
878,0,C_homogenization_risk,0.3
879,0,C_homogenization_risk,0.3
881,0,C_homogenization_risk,0.3
882,0,C_homogenization_risk,0.3
883,0,C_homogenization_risk,0.3
884,0,C_homogenization_risk,0.3
885,0,C_homogenization_risk,0.3
916,0,C_homogenization_risk,0.3
917,0,C_homogenization_risk,0.3
918,0,C_homogenization_risk,0.3
920,0,C_homogenization_risk,0.3
921,0,C_homogenization_risk,0.3
922,0,C_homogenization_risk,0.3
923,0,C_homogenization_risk,0.3
927,0,C_homogenization_risk,0.3
929,0,C_homogenization_risk,0.3
931,0,C_homogenization_risk,0.3
947,0,C_homogenization_risk,0.3
948,0,C_homogenization_risk,0.3
949,0,C_homogenization_risk,0.3
950,0,C_homogenization_risk,0.3
951,0,C_homogenization_risk,0.3
952,0,C_homogenization_risk,0.3
953,0,C_homogenization_risk,0.3
955,0,C_homogenization_risk,0.3
956,0,C_homogenization_risk,0.3
985,0,C_homogenization_risk,0.3
986,0,C_homogenization_risk,0.3
987,0,C_homogenization_risk,0.3
988,0,C_homogenization_risk,0.3
989,0,C_homogenization_risk,0.3
991,0,C_homogenization_risk,0.3
992,0,C_homogenization_risk,0.3
993,0,C_homogenization_risk,0.3
994,0,C_homogenization_risk,0.3
995,0,C_homogenization_risk,0.3
996,0,C_homogenization_risk,0.3
997,1,C_homogenization_risk,0.3
999,0,C_homogenization_risk,0.3
1001,0,C_homogenization_risk,0.3
1002,0,C_homogenization_risk,0.3
1003,0,C_homogenization_risk,0.3
1018,0,C_homogenization_risk,0.3
1019,0,C_homogenization_risk,0.3
1021,0,C_homogenization_risk,0.3
1022,0,C_homogenization_risk,0.3
1023,0,C_homogenization_risk,0.3
1025,0,C_homogenization_risk,0.3
1027,0,C_homogenization_risk,0.3
1028,0,C_homogenization_risk,0.3
1029,0,C_homogenization_risk,0.3
1055,0,C_homogenization_risk,0.3
1057,0,C_homogenization_risk,0.3
1058,0,C_homogenization_risk,0.3
1061,0,C_homogenization_risk,0.3
1063,0,C_homogenization_risk,0.3
1064,0,C_homogenization_risk,0.3
1065,0,C_homogenization_risk,0.3
1066,0,C_homogenization_risk,0.3
1068,0,C_homogenization_risk,0.3
1069,0,C_homogenization_risk,0.3
1070,0,C_homogenization_risk,0.3
1073,0,C_homogenization_risk,0.3
1075,0,C_homogenization_risk,0.3
1076,0,C_homogenization_risk,0.3
1089,0,C_homogenization_risk,0.3
1090,0,C_homogenization_risk,0.3
1091,0,C_homogenization_risk,0.3
1092,0,C_homogenization_risk,0.3
1093,0,C_homogenization_risk,0.3
1094,0,C_homogenization_risk,0.3
1095,0,C_homogenization_risk,0.3
1096,0,C_homogenization_risk,0.3
1097,0,C_homogenization_risk,0.3
1098,0,C_homogenization_risk,0.3
1100,0,C_homogenization_risk,0.3
1101,0,C_homogenization_risk,0.3
1103,0,C_homogenization_risk,0.3
1126,0,C_homogenization_risk,0.3
1127,0,C_homogenization_risk,0.3
1128,0,C_homogenization_risk,0.3
1129,0,C_homogenization_risk,0.3
1130,0,C_homogenization_risk,0.3
1131,0,C_homogenization_risk,0.3
1133,0,C_homogenization_risk,0.3
1134,0,C_homogenization_risk,0.3
1137,0,C_homogenization_risk,0.3
1138,0,C_homogenization_risk,0.3
1139,0,C_homogenization_risk,0.3
1140,0,C_homogenization_risk,0.3
1142,0,C_homogenization_risk,0.3
1143,1,C_homogenization_risk,0.3
1144,0,C_homogenization_risk,0.3
1145,1,C_homogenization_risk,0.3
1161,0,C_homogenization_risk,0.3
1162,0,C_homogenization_risk,0.3
1163,0,C_homogenization_risk,0.3
1164,0,C_homogenization_risk,0.3
1165,0,C_homogenization_risk,0.3
1166,0,C_homogenization_risk,0.3
1167,0,C_homogenization_risk,0.3
1168,0,C_homogenization_risk,0.3
1169,0,C_homogenization_risk,0.3
1170,0,C_homogenization_risk,0.3
1171,0,C_homogenization_risk,0.3
1172,0,C_homogenization_risk,0.3
1173,0,C_homogenization_risk,0.3
1175,0,C_homogenization_risk,0.3
1196,0,C_homogenization_risk,0.3
1197,0,C_homogenization_risk,0.3
1198,0,C_homogenization_risk,0.3
1199,0,C_homogenization_risk,0.3
1200,0,C_homogenization_risk,0.3
1201,0,C_homogenization_risk,0.3
1202,0,C_homogenization_risk,0.3
1203,0,C_homogenization_risk,0.3
1204,0,C_homogenization_risk,0.3
1205,0,C_homogenization_risk,0.3
1206,0,C_homogenization_risk,0.3
1207,0,C_homogenization_risk,0.3
1208,0,C_homogenization_risk,0.3
1209,0,C_homogenization_risk,0.3
1210,0,C_homogenization_risk,0.3
1211,0,C_homogenization_risk,0.3
1212,0,C_homogenization_risk,0.3
1213,0,C_homogenization_risk,0.3
1214,0,C_homogenization_risk,0.3
1215,0,C_homogenization_risk,0.3
1216,0,C_homogenization_risk,0.3
1234,0,C_homogenization_risk,0.3
1235,0,C_homogenization_risk,0.3
1236,0,C_homogenization_risk,0.3
1237,0,C_homogenization_risk,0.3
1238,0,C_homogenization_risk,0.3
1239,0,C_homogenization_risk,0.3
1240,0,C_homogenization_risk,0.3
1241,0,C_homogenization_risk,0.3
1242,0,C_homogenization_risk,0.3
1243,0,C_homogenization_risk,0.3
1244,0,C_homogenization_risk,0.3
1246,0,C_homogenization_risk,0.3
1247,0,C_homogenization_risk,0.3
1248,0,C_homogenization_risk,0.3
1249,0,C_homogenization_risk,0.3
1268,0,C_homogenization_risk,0.3
1269,0,C_homogenization_risk,0.3
1270,0,C_homogenization_risk,0.3
1271,0,C_homogenization_risk,0.3
1272,0,C_homogenization_risk,0.3
1273,0,C_homogenization_risk,0.3
1274,0,C_homogenization_risk,0.3
1275,0,C_homogenization_risk,0.3
1276,0,C_homogenization_risk,0.3
1277,0,C_homogenization_risk,0.3
1279,0,C_homogenization_risk,0.3
1280,0,C_homogenization_risk,0.3
1281,0,C_homogenization_risk,0.3
1282,1,C_homogenization_risk,0.3
1283,1,C_homogenization_risk,0.3
1284,1,C_homogenization_risk,0.3
1286,1,C_homogenization_risk,0.3
1287,1,C_homogenization_risk,0.3
1288,1,C_homogenization_risk,0.3
1289,1,C_homogenization_risk,0.3
1305,0,C_homogenization_risk,0.3
1306,0,C_homogenization_risk,0.3
1307,0,C_homogenization_risk,0.3
1308,0,C_homogenization_risk,0.3
1309,0,C_homogenization_risk,0.3
1312,0,C_homogenization_risk,0.3
1313,0,C_homogenization_risk,0.3
1314,0,C_homogenization_risk,0.3
1315,0,C_homogenization_risk,0.3
1316,0,C_homogenization_risk,0.3
1319,0,C_homogenization_risk,0.3
1320,0,C_homogenization_risk,0.3
1321,0,C_homogenization_risk,0.3
1322,0,C_homogenization_risk,0.3
1328,0,C_homogenization_risk,0.3
1339,0,C_homogenization_risk,0.3
1340,0,C_homogenization_risk,0.3
1341,0,C_homogenization_risk,0.3
1344,0,C_homogenization_risk,0.3
1345,0,C_homogenization_risk,0.3
1346,0,C_homogenization_risk,0.3
1348,0,C_homogenization_risk,0.3
1349,0,C_homogenization_risk,0.3
1351,0,C_homogenization_risk,0.3
1352,0,C_homogenization_risk,0.3
1353,0,C_homogenization_risk,0.3
1354,0,C_homogenization_risk,0.3
1355,0,C_homogenization_risk,0.3
1357,0,C_homogenization_risk,0.3
1358,0,C_homogenization_risk,0.3
1359,1,C_homogenization_risk,0.3
1360,0,C_homogenization_risk,0.3
1361,0,C_homogenization_risk,0.3
1377,0,C_homogenization_risk,0.3
1379,0,C_homogenization_risk,0.3
1380,0,C_homogenization_risk,0.3
1381,0,C_homogenization_risk,0.3
1382,0,C_homogenization_risk,0.3
1383,0,C_homogenization_risk,0.3
1384,0,C_homogenization_risk,0.3
1385,0,C_homogenization_risk,0.3
1386,0,C_homogenization_risk,0.3
1393,0,C_homogenization_risk,0.3
1400,0,C_homogenization_risk,0.3
1410,0,C_homogenization_risk,0.3
1412,0,C_homogenization_risk,0.3
1413,0,C_homogenization_risk,0.3
1414,0,C_homogenization_risk,0.3
1415,0,C_homogenization_risk,0.3
1416,0,C_homogenization_risk,0.3
1417,0,C_homogenization_risk,0.3
1418,0,C_homogenization_risk,0.3
1419,0,C_homogenization_risk,0.3
1420,0,C_homogenization_risk,0.3
1421,0,C_homogenization_risk,0.3
1422,0,C_homogenization_risk,0.3
1423,0,C_homogenization_risk,0.3
1424,1,C_homogenization_risk,0.3
1425,1,C_homogenization_risk,0.3
1426,1,C_homogenization_risk,0.3
1427,1,C_homogenization_risk,0.3
1428,1,C_homogenization_risk,0.3
1429,0,C_homogenization_risk,0.3
1430,0,C_homogenization_risk,0.3
1448,0,C_homogenization_risk,0.3
1449,0,C_homogenization_risk,0.3
1450,0,C_homogenization_risk,0.3
1452,0,C_homogenization_risk,0.3
1453,0,C_homogenization_risk,0.3
1454,0,C_homogenization_risk,0.3
1455,0,C_homogenization_risk,0.3
1456,0,C_homogenization_risk,0.3
1462,0,C_homogenization_risk,0.3
1465,0,C_homogenization_risk,0.3
1466,0,C_homogenization_risk,0.3
1468,0,C_homogenization_risk,0.3
1471,0,C_homogenization_risk,0.3
1476,0,C_homogenization_risk,0.3
1479,0,C_homogenization_risk,0.3
1480,0,C_homogenization_risk,0.3
1481,0,C_homogenization_risk,0.3
1482,0,C_homogenization_risk,0.3
1483,0,C_homogenization_risk,0.3
1484,0,C_homogenization_risk,0.3
1485,0,C_homogenization_risk,0.3
1486,0,C_homogenization_risk,0.3
1487,0,C_homogenization_risk,0.3
1488,0,C_homogenization_risk,0.3
1489,0,C_homogenization_risk,0.3
1490,0,C_homogenization_risk,0.3
1491,1,C_homogenization_risk,0.3
1492,1,C_homogenization_risk,0.3
1493,1,C_homogenization_risk,0.3
1494,1,C_homogenization_risk,0.3
1495,1,C_homogenization_risk,0.3
1496,1,C_homogenization_risk,0.3
1497,1,C_homogenization_risk,0.3
1498,1,C_homogenization_risk,0.3
1499,1,C_homogenization_risk,0.3
1500,1,C_homogenization_risk,0.3
1502,1,C_homogenization_risk,0.3
1518,0,C_homogenization_risk,0.3
1520,0,C_homogenization_risk,0.3
1521,0,C_homogenization_risk,0.3
1522,0,C_homogenization_risk,0.3
1523,0,C_homogenization_risk,0.3
1528,0,C_homogenization_risk,0.3
1529,0,C_homogenization_risk,0.3
1533,0,C_homogenization_risk,0.3
1536,0,C_homogenization_risk,0.3
1537,0,C_homogenization_risk,0.3
1538,0,C_homogenization_risk,0.3
1539,0,C_homogenization_risk,0.3
1540,0,C_homogenization_risk,0.3
1542,0,C_homogenization_risk,0.3
1550,0,C_homogenization_risk,0.3
1551,0,C_homogenization_risk,0.3
1552,0,C_homogenization_risk,0.3
1553,0,C_homogenization_risk,0.3
1554,0,C_homogenization_risk,0.3
1555,0,C_homogenization_risk,0.3
1556,0,C_homogenization_risk,0.3
1557,0,C_homogenization_risk,0.3
1558,0,C_homogenization_risk,0.3
1559,0,C_homogenization_risk,0.3
1560,1,C_homogenization_risk,0.3
1561,1,C_homogenization_risk,0.3
1562,1,C_homogenization_risk,0.3
1563,1,C_homogenization_risk,0.3
1564,1,C_homogenization_risk,0.3
1565,1,C_homogenization_risk,0.3
1566,1,C_homogenization_risk,0.3
1567,1,C_homogenization_risk,0.3
1568,1,C_homogenization_risk,0.3
1569,1,C_homogenization_risk,0.3
1570,1,C_homogenization_risk,0.3
1571,1,C_homogenization_risk,0.3
1586,0,C_homogenization_risk,0.3
1587,0,C_homogenization_risk,0.3
1588,0,C_homogenization_risk,0.3
1589,0,C_homogenization_risk,0.3
1590,0,C_homogenization_risk,0.3
1591,0,C_homogenization_risk,0.3
1592,0,C_homogenization_risk,0.3
1593,0,C_homogenization_risk,0.3
1594,0,C_homogenization_risk,0.3
1602,0,C_homogenization_risk,0.3
1608,0,C_homogenization_risk,0.3
1609,0,C_homogenization_risk,0.3
1610,0,C_homogenization_risk,0.3
1612,0,C_homogenization_risk,0.3
1613,0,C_homogenization_risk,0.3
1614,0,C_homogenization_risk,0.3
1616,0,C_homogenization_risk,0.3
1617,0,C_homogenization_risk,0.3
1618,0,C_homogenization_risk,0.3
1619,0,C_homogenization_risk,0.3
1620,0,C_homogenization_risk,0.3
1621,0,C_homogenization_risk,0.3
1622,0,C_homogenization_risk,0.3
1623,0,C_homogenization_risk,0.3
1624,0,C_homogenization_risk,0.3
1625,0,C_homogenization_risk,0.3
1626,0,C_homogenization_risk,0.3
1627,0,C_homogenization_risk,0.3
1629,0,C_homogenization_risk,0.3
1630,0,C_homogenization_risk,0.3
1631,1,C_homogenization_risk,0.3
1632,1,C_homogenization_risk,0.3
1633,1,C_homogenization_risk,0.3
1634,1,C_homogenization_risk,0.3
1635,1,C_homogenization_risk,0.3
1636,1,C_homogenization_risk,0.3
1637,1,C_homogenization_risk,0.3
1639,1,C_homogenization_risk,0.3
1640,1,C_homogenization_risk,0.3
1641,1,C_homogenization_risk,0.3
1642,1,C_homogenization_risk,0.3
1658,0,C_homogenization_risk,0.3
1659,0,C_homogenization_risk,0.3
1660,0,C_homogenization_risk,0.3
1661,0,C_homogenization_risk,0.3
1662,0,C_homogenization_risk,0.3
1666,0,C_homogenization_risk,0.3
1669,0,C_homogenization_risk,0.3
1672,0,C_homogenization_risk,0.3
1674,0,C_homogenization_risk,0.3
1675,0,C_homogenization_risk,0.3
1676,0,C_homogenization_risk,0.3
1678,0,C_homogenization_risk,0.3
1679,0,C_homogenization_risk,0.3
1680,0,C_homogenization_risk,0.3
1681,0,C_homogenization_risk,0.3
1684,0,C_homogenization_risk,0.3
1685,0,C_homogenization_risk,0.3
1686,0,C_homogenization_risk,0.3
1687,0,C_homogenization_risk,0.3
1688,0,C_homogenization_risk,0.3
1689,0,C_homogenization_risk,0.3
1692,0,C_homogenization_risk,0.3
1693,0,C_homogenization_risk,0.3
1694,0,C_homogenization_risk,0.3
1695,0,C_homogenization_risk,0.3
1696,0,C_homogenization_risk,0.3
1697,0,C_homogenization_risk,0.3
1698,0,C_homogenization_risk,0.3
1699,0,C_homogenization_risk,0.3
1700,0,C_homogenization_risk,0.3
1701,0,C_homogenization_risk,0.3
1702,0,C_homogenization_risk,0.3
1703,1,C_homogenization_risk,0.3
1704,0,C_homogenization_risk,0.3
1705,0,C_homogenization_risk,0.3
1706,0,C_homogenization_risk,0.3
1707,1,C_homogenization_risk,0.3
1708,1,C_homogenization_risk,0.3
1710,1,C_homogenization_risk,0.3
1711,1,C_homogenization_risk,0.3
1712,1,C_homogenization_risk,0.3
1731,0,C_homogenization_risk,0.3
1732,0,C_homogenization_risk,0.3
1733,0,C_homogenization_risk,0.3
1734,0,C_homogenization_risk,0.3
1738,0,C_homogenization_risk,0.3
1739,0,C_homogenization_risk,0.3
1743,0,C_homogenization_risk,0.3
1748,0,C_homogenization_risk,0.3
1749,0,C_homogenization_risk,0.3
1753,0,C_homogenization_risk,0.3
1755,0,C_homogenization_risk,0.3
1756,0,C_homogenization_risk,0.3
1757,0,C_homogenization_risk,0.3
1758,0,C_homogenization_risk,0.3
1759,0,C_homogenization_risk,0.3
1760,0,C_homogenization_risk,0.3
1761,0,C_homogenization_risk,0.3
1762,0,C_homogenization_risk,0.3
1764,0,C_homogenization_risk,0.3
1765,0,C_homogenization_risk,0.3
1766,0,C_homogenization_risk,0.3
1767,1,C_homogenization_risk,0.3
1769,1,C_homogenization_risk,0.3
1770,1,C_homogenization_risk,0.3
1772,1,C_homogenization_risk,0.3
1773,1,C_homogenization_risk,0.3
1774,1,C_homogenization_risk,0.3
1775,1,C_homogenization_risk,0.3
1776,1,C_homogenization_risk,0.3
1777,1,C_homogenization_risk,0.3
1778,1,C_homogenization_risk,0.3
1779,1,C_homogenization_risk,0.3
1782,1,C_homogenization_risk,0.3
1783,1,C_homogenization_risk,0.3
1803,0,C_homogenization_risk,0.3
1804,0,C_homogenization_risk,0.3
1805,0,C_homogenization_risk,0.3
1806,0,C_homogenization_risk,0.3
1807,0,C_homogenization_risk,0.3
1809,0,C_homogenization_risk,0.3
1815,0,C_homogenization_risk,0.3
1816,0,C_homogenization_risk,0.3
1819,0,C_homogenization_risk,0.3
1820,0,C_homogenization_risk,0.3
1821,0,C_homogenization_risk,0.3
1823,0,C_homogenization_risk,0.3
1824,0,C_homogenization_risk,0.3
1825,0,C_homogenization_risk,0.3
1826,0,C_homogenization_risk,0.3
1828,0,C_homogenization_risk,0.3
1829,0,C_homogenization_risk,0.3
1830,0,C_homogenization_risk,0.3
1831,0,C_homogenization_risk,0.3
1832,0,C_homogenization_risk,0.3
1833,0,C_homogenization_risk,0.3
1834,0,C_homogenization_risk,0.3
1835,0,C_homogenization_risk,0.3
1836,0,C_homogenization_risk,0.3
1837,0,C_homogenization_risk,0.3
1838,0,C_homogenization_risk,0.3
1839,1,C_homogenization_risk,0.3
1840,1,C_homogenization_risk,0.3
1841,1,C_homogenization_risk,0.3
1842,1,C_homogenization_risk,0.3
1843,1,C_homogenization_risk,0.3
1844,1,C_homogenization_risk,0.3
1845,1,C_homogenization_risk,0.3
1846,1,C_homogenization_risk,0.3
1847,1,C_homogenization_risk,0.3
1848,1,C_homogenization_risk,0.3
1849,1,C_homogenization_risk,0.3
1850,1,C_homogenization_risk,0.3
1851,1,C_homogenization_risk,0.3
1852,1,C_homogenization_risk,0.3
1853,1,C_homogenization_risk,0.3
1854,1,C_homogenization_risk,0.3
1855,1,C_homogenization_risk,0.3
1856,1,C_homogenization_risk,0.3
1875,0,C_homogenization_risk,0.3
1876,0,C_homogenization_risk,0.3
1877,0,C_homogenization_risk,0.3
1878,0,C_homogenization_risk,0.3
1879,0,C_homogenization_risk,0.3
1880,0,C_homogenization_risk,0.3
1881,0,C_homogenization_risk,0.3
1882,0,C_homogenization_risk,0.3
1884,0,C_homogenization_risk,0.3
1892,0,C_homogenization_risk,0.3
1895,0,C_homogenization_risk,0.3
1896,0,C_homogenization_risk,0.3
1897,0,C_homogenization_risk,0.3
1899,0,C_homogenization_risk,0.3
1900,0,C_homogenization_risk,0.3
1901,0,C_homogenization_risk,0.3
1902,0,C_homogenization_risk,0.3
1903,0,C_homogenization_risk,0.3
1904,0,C_homogenization_risk,0.3
1905,0,C_homogenization_risk,0.3
1906,0,C_homogenization_risk,0.3
1907,0,C_homogenization_risk,0.3
1908,0,C_homogenization_risk,0.3
1909,0,C_homogenization_risk,0.3
1910,0,C_homogenization_risk,0.3
1911,0,C_homogenization_risk,0.3
1912,0,C_homogenization_risk,0.3
1913,1,C_homogenization_risk,0.3
1914,0,C_homogenization_risk,0.3
1916,1,C_homogenization_risk,0.3
1917,1,C_homogenization_risk,0.3
1918,1,C_homogenization_risk,0.3
1919,1,C_homogenization_risk,0.3
1920,1,C_homogenization_risk,0.3
1921,1,C_homogenization_risk,0.3
1922,1,C_homogenization_risk,0.3
1923,1,C_homogenization_risk,0.3
1924,1,C_homogenization_risk,0.3
1925,1,C_homogenization_risk,0.3
1926,1,C_homogenization_risk,0.3
1927,1,C_homogenization_risk,0.3
1928,1,C_homogenization_risk,0.3
1950,0,C_homogenization_risk,0.3
1951,0,C_homogenization_risk,0.3
1952,0,C_homogenization_risk,0.3
1953,0,C_homogenization_risk,0.3
1967,0,C_homogenization_risk,0.3
1968,0,C_homogenization_risk,0.3
1969,0,C_homogenization_risk,0.3
1970,0,C_homogenization_risk,0.3
1971,0,C_homogenization_risk,0.3
1972,0,C_homogenization_risk,0.3
1973,0,C_homogenization_risk,0.3
1974,0,C_homogenization_risk,0.3
1975,0,C_homogenization_risk,0.3
1976,0,C_homogenization_risk,0.3
1977,0,C_homogenization_risk,0.3
1978,0,C_homogenization_risk,0.3
1979,0,C_homogenization_risk,0.3
1980,0,C_homogenization_risk,0.3
1981,0,C_homogenization_risk,0.3
1982,0,C_homogenization_risk,0.3
1983,0,C_homogenization_risk,0.3
1984,0,C_homogenization_risk,0.3
1985,0,C_homogenization_risk,0.3
1986,0,C_homogenization_risk,0.3
1987,0,C_homogenization_risk,0.3
1988,0,C_homogenization_risk,0.3
1989,1,C_homogenization_risk,0.3
1990,1,C_homogenization_risk,0.3
1991,1,C_homogenization_risk,0.3
1992,1,C_homogenization_risk,0.3
1993,1,C_homogenization_risk,0.3
1994,1,C_homogenization_risk,0.3
1995,1,C_homogenization_risk,0.3
1996,1,C_homogenization_risk,0.3
1997,1,C_homogenization_risk,0.3
1998,1,C_homogenization_risk,0.3
2024,0,C_homogenization_risk,0.3
2027,0,C_homogenization_risk,0.3
2028,0,C_homogenization_risk,0.3
2039,0,C_homogenization_risk,0.3
2040,0,C_homogenization_risk,0.3
2041,0,C_homogenization_risk,0.3
2044,0,C_homogenization_risk,0.3
2045,0,C_homogenization_risk,0.3
2046,0,C_homogenization_risk,0.3
2047,0,C_homogenization_risk,0.3
2048,0,C_homogenization_risk,0.3
2049,0,C_homogenization_risk,0.3
2050,0,C_homogenization_risk,0.3
2051,0,C_homogenization_risk,0.3
2052,0,C_homogenization_risk,0.3
2053,0,C_homogenization_risk,0.3
2054,0,C_homogenization_risk,0.3
2055,0,C_homogenization_risk,0.3
2056,0,C_homogenization_risk,0.3
2057,0,C_homogenization_risk,0.3
2058,0,C_homogenization_risk,0.3
2059,0,C_homogenization_risk,0.3
2060,0,C_homogenization_risk,0.3
2061,1,C_homogenization_risk,0.3
2062,1,C_homogenization_risk,0.3
2063,1,C_homogenization_risk,0.3
2064,1,C_homogenization_risk,0.3
2065,1,C_homogenization_risk,0.3
2066,1,C_homogenization_risk,0.3
2067,1,C_homogenization_risk,0.3
2068,1,C_homogenization_risk,0.3
2069,1,C_homogenization_risk,0.3
2111,0,C_homogenization_risk,0.3
2112,0,C_homogenization_risk,0.3
2113,0,C_homogenization_risk,0.3
2114,0,C_homogenization_risk,0.3
2116,0,C_homogenization_risk,0.3
2117,0,C_homogenization_risk,0.3
2118,0,C_homogenization_risk,0.3
2119,0,C_homogenization_risk,0.3
2120,0,C_homogenization_risk,0.3
2121,0,C_homogenization_risk,0.3
2122,0,C_homogenization_risk,0.3
2123,0,C_homogenization_risk,0.3
2124,0,C_homogenization_risk,0.3
2125,0,C_homogenization_risk,0.3
2126,0,C_homogenization_risk,0.3
2127,0,C_homogenization_risk,0.3
2128,0,C_homogenization_risk,0.3
2129,0,C_homogenization_risk,0.3
2130,0,C_homogenization_risk,0.3
2131,0,C_homogenization_risk,0.3
2132,0,C_homogenization_risk,0.3
2133,1,C_homogenization_risk,0.3
2134,1,C_homogenization_risk,0.3
2135,1,C_homogenization_risk,0.3
2136,1,C_homogenization_risk,0.3
2137,1,C_homogenization_risk,0.3
2138,1,C_homogenization_risk,0.3
2139,1,C_homogenization_risk,0.3
2140,1,C_homogenization_risk,0.3
2171,0,C_homogenization_risk,0.3
2182,0,C_homogenization_risk,0.3
2183,0,C_homogenization_risk,0.3
2184,0,C_homogenization_risk,0.3
2186,0,C_homogenization_risk,0.3
2187,0,C_homogenization_risk,0.3
2188,0,C_homogenization_risk,0.3
2189,0,C_homogenization_risk,0.3
2191,0,C_homogenization_risk,0.3
2193,0,C_homogenization_risk,0.3
2194,0,C_homogenization_risk,0.3
2195,0,C_homogenization_risk,0.3
2196,0,C_homogenization_risk,0.3
2197,0,C_homogenization_risk,0.3
2198,0,C_homogenization_risk,0.3
2199,0,C_homogenization_risk,0.3
2200,0,C_homogenization_risk,0.3
2201,0,C_homogenization_risk,0.3
2202,0,C_homogenization_risk,0.3
2203,0,C_homogenization_risk,0.3
2204,0,C_homogenization_risk,0.3
2205,1,C_homogenization_risk,0.3
2206,1,C_homogenization_risk,0.3
2207,1,C_homogenization_risk,0.3
2208,1,C_homogenization_risk,0.3
2209,1,C_homogenization_risk,0.3
2210,1,C_homogenization_risk,0.3
2211,1,C_homogenization_risk,0.3
2212,1,C_homogenization_risk,0.3
2213,1,C_homogenization_risk,0.3
2214,1,C_homogenization_risk,0.3
2240,0,C_homogenization_risk,0.3
2241,0,C_homogenization_risk,0.3
2250,0,C_homogenization_risk,0.3
2254,0,C_homogenization_risk,0.3
2255,0,C_homogenization_risk,0.3
2257,0,C_homogenization_risk,0.3
2258,0,C_homogenization_risk,0.3
2259,0,C_homogenization_risk,0.3
2260,0,C_homogenization_risk,0.3
2261,0,C_homogenization_risk,0.3
2262,0,C_homogenization_risk,0.3
2263,0,C_homogenization_risk,0.3
2264,0,C_homogenization_risk,0.3
2265,0,C_homogenization_risk,0.3
2266,0,C_homogenization_risk,0.3
2267,0,C_homogenization_risk,0.3
2268,0,C_homogenization_risk,0.3
2269,0,C_homogenization_risk,0.3
2270,0,C_homogenization_risk,0.3
2271,0,C_homogenization_risk,0.3
2272,0,C_homogenization_risk,0.3
2273,0,C_homogenization_risk,0.3
2274,0,C_homogenization_risk,0.3
2275,0,C_homogenization_risk,0.3
2276,0,C_homogenization_risk,0.3
2277,1,C_homogenization_risk,0.3
2278,1,C_homogenization_risk,0.3
2279,1,C_homogenization_risk,0.3
2280,1,C_homogenization_risk,0.3
2281,1,C_homogenization_risk,0.3
2282,1,C_homogenization_risk,0.3
2283,1,C_homogenization_risk,0.3
2284,1,C_homogenization_risk,0.3
2285,1,C_homogenization_risk,0.3
2286,0,C_homogenization_risk,0.3
2312,0,C_homogenization_risk,0.3
2313,0,C_homogenization_risk,0.3
2320,0,C_homogenization_risk,0.3
2326,0,C_homogenization_risk,0.3
2327,0,C_homogenization_risk,0.3
2328,0,C_homogenization_risk,0.3
2329,0,C_homogenization_risk,0.3
2330,0,C_homogenization_risk,0.3
2331,0,C_homogenization_risk,0.3
2332,0,C_homogenization_risk,0.3
2333,0,C_homogenization_risk,0.3
2334,0,C_homogenization_risk,0.3
2335,0,C_homogenization_risk,0.3
2336,0,C_homogenization_risk,0.3
2337,0,C_homogenization_risk,0.3
2338,0,C_homogenization_risk,0.3
2339,0,C_homogenization_risk,0.3
2340,0,C_homogenization_risk,0.3
2341,0,C_homogenization_risk,0.3
2342,0,C_homogenization_risk,0.3
2343,0,C_homogenization_risk,0.3
2344,0,C_homogenization_risk,0.3
2345,0,C_homogenization_risk,0.3
2346,0,C_homogenization_risk,0.3
2347,0,C_homogenization_risk,0.3
2348,0,C_homogenization_risk,0.3
2349,1,C_homogenization_risk,0.3
2350,1,C_homogenization_risk,0.3
2351,1,C_homogenization_risk,0.3
2352,1,C_homogenization_risk,0.3
2353,1,C_homogenization_risk,0.3
2354,1,C_homogenization_risk,0.3
2355,1,C_homogenization_risk,0.3
2356,0,C_homogenization_risk,0.3
2357,0,C_homogenization_risk,0.3
2358,0,C_homogenization_risk,0.3
2359,0,C_homogenization_risk,0.3
2384,0,C_homogenization_risk,0.3
2385,0,C_homogenization_risk,0.3
2386,0,C_homogenization_risk,0.3
2390,0,C_homogenization_risk,0.3
2392,0,C_homogenization_risk,0.3
2393,0,C_homogenization_risk,0.3
2394,0,C_homogenization_risk,0.3
2395,0,C_homogenization_risk,0.3
2397,0,C_homogenization_risk,0.3
2398,0,C_homogenization_risk,0.3
2399,0,C_homogenization_risk,0.3
2400,0,C_homogenization_risk,0.3
2401,0,C_homogenization_risk,0.3
2402,0,C_homogenization_risk,0.3
2403,0,C_homogenization_risk,0.3
2405,0,C_homogenization_risk,0.3
2406,0,C_homogenization_risk,0.3
2407,0,C_homogenization_risk,0.3
2408,0,C_homogenization_risk,0.3
2409,0,C_homogenization_risk,0.3
2410,0,C_homogenization_risk,0.3
2411,0,C_homogenization_risk,0.3
2412,0,C_homogenization_risk,0.3
2413,0,C_homogenization_risk,0.3
2414,0,C_homogenization_risk,0.3
2415,0,C_homogenization_risk,0.3
2416,0,C_homogenization_risk,0.3
2417,0,C_homogenization_risk,0.3
2418,0,C_homogenization_risk,0.3
2419,0,C_homogenization_risk,0.3
2420,0,C_homogenization_risk,0.3
2421,1,C_homogenization_risk,0.3
2422,1,C_homogenization_risk,0.3
2423,1,C_homogenization_risk,0.3
2424,1,C_homogenization_risk,0.3
2425,1,C_homogenization_risk,0.3
2426,0,C_homogenization_risk,0.3
2427,0,C_homogenization_risk,0.3
2428,0,C_homogenization_risk,0.3
2429,0,C_homogenization_risk,0.3
2430,0,C_homogenization_risk,0.3
2431,1,C_homogenization_risk,0.3
2456,0,C_homogenization_risk,0.3
2457,0,C_homogenization_risk,0.3
2458,0,C_homogenization_risk,0.3
2462,0,C_homogenization_risk,0.3
2464,0,C_homogenization_risk,0.3
2466,0,C_homogenization_risk,0.3
2468,0,C_homogenization_risk,0.3
2469,0,C_homogenization_risk,0.3
2470,0,C_homogenization_risk,0.3
2471,0,C_homogenization_risk,0.3
2472,0,C_homogenization_risk,0.3
2473,0,C_homogenization_risk,0.3
2474,0,C_homogenization_risk,0.3
2475,0,C_homogenization_risk,0.3
2476,0,C_homogenization_risk,0.3
2478,0,C_homogenization_risk,0.3
2479,0,C_homogenization_risk,0.3
2480,0,C_homogenization_risk,0.3
2481,0,C_homogenization_risk,0.3
2482,1,C_homogenization_risk,0.3
2483,1,C_homogenization_risk,0.3
2484,0,C_homogenization_risk,0.3
2485,0,C_homogenization_risk,0.3
2486,0,C_homogenization_risk,0.3
2487,0,C_homogenization_risk,0.3
2488,0,C_homogenization_risk,0.3
2489,0,C_homogenization_risk,0.3
2490,0,C_homogenization_risk,0.3
2491,1,C_homogenization_risk,0.3
2492,1,C_homogenization_risk,0.3
2493,1,C_homogenization_risk,0.3
2494,1,C_homogenization_risk,0.3
2495,0,C_homogenization_risk,0.3
2496,0,C_homogenization_risk,0.3
2497,0,C_homogenization_risk,0.3
2498,0,C_homogenization_risk,0.3
2499,0,C_homogenization_risk,0.3
2500,0,C_homogenization_risk,0.3
2501,0,C_homogenization_risk,0.3
2502,1,C_homogenization_risk,0.3
2503,1,C_homogenization_risk,0.3
2530,0,C_homogenization_risk,0.3
2531,0,C_homogenization_risk,0.3
2532,0,C_homogenization_risk,0.3
2535,0,C_homogenization_risk,0.3
2539,0,C_homogenization_risk,0.3
2540,0,C_homogenization_risk,0.3
2541,0,C_homogenization_risk,0.3
2542,0,C_homogenization_risk,0.3
2544,0,C_homogenization_risk,0.3
2545,0,C_homogenization_risk,0.3
2546,0,C_homogenization_risk,0.3
2547,0,C_homogenization_risk,0.3
2548,0,C_homogenization_risk,0.3
2549,0,C_homogenization_risk,0.3
2550,0,C_homogenization_risk,0.3
2551,0,C_homogenization_risk,0.3
2552,0,C_homogenization_risk,0.3
2553,0,C_homogenization_risk,0.3
2554,1,C_homogenization_risk,0.3
2555,1,C_homogenization_risk,0.3
2556,1,C_homogenization_risk,0.3
2557,0,C_homogenization_risk,0.3
2558,0,C_homogenization_risk,0.3
2559,0,C_homogenization_risk,0.3
2560,1,C_homogenization_risk,0.3
2561,1,C_homogenization_risk,0.3
2562,1,C_homogenization_risk,0.3
2563,1,C_homogenization_risk,0.3
2564,1,C_homogenization_risk,0.3
2565,1,C_homogenization_risk,0.3
2566,0,C_homogenization_risk,0.3
2567,0,C_homogenization_risk,0.3
2568,0,C_homogenization_risk,0.3
2569,0,C_homogenization_risk,0.3
2570,0,C_homogenization_risk,0.3
2571,0,C_homogenization_risk,0.3
2572,1,C_homogenization_risk,0.3
2573,1,C_homogenization_risk,0.3
2574,1,C_homogenization_risk,0.3
2575,1,C_homogenization_risk,0.3
2576,1,C_homogenization_risk,0.3
2605,0,C_homogenization_risk,0.3
2606,0,C_homogenization_risk,0.3
2607,0,C_homogenization_risk,0.3
2608,0,C_homogenization_risk,0.3
2609,0,C_homogenization_risk,0.3
2610,0,C_homogenization_risk,0.3
2611,0,C_homogenization_risk,0.3
2612,0,C_homogenization_risk,0.3
2613,0,C_homogenization_risk,0.3
2614,0,C_homogenization_risk,0.3
2615,0,C_homogenization_risk,0.3
2616,0,C_homogenization_risk,0.3
2617,0,C_homogenization_risk,0.3
2618,0,C_homogenization_risk,0.3
2619,0,C_homogenization_risk,0.3
2620,0,C_homogenization_risk,0.3
2621,0,C_homogenization_risk,0.3
2622,0,C_homogenization_risk,0.3
2623,0,C_homogenization_risk,0.3
2624,0,C_homogenization_risk,0.3
2625,0,C_homogenization_risk,0.3
2626,1,C_homogenization_risk,0.3
2627,1,C_homogenization_risk,0.3
2628,1,C_homogenization_risk,0.3
2629,1,C_homogenization_risk,0.3
2630,1,C_homogenization_risk,0.3
2631,1,C_homogenization_risk,0.3
2632,1,C_homogenization_risk,0.3
2633,1,C_homogenization_risk,0.3
2634,1,C_homogenization_risk,0.3
2635,1,C_homogenization_risk,0.3
2636,0,C_homogenization_risk,0.3
2637,0,C_homogenization_risk,0.3
2638,0,C_homogenization_risk,0.3
2639,0,C_homogenization_risk,0.3
2640,0,C_homogenization_risk,0.3
2641,0,C_homogenization_risk,0.3
2642,0,C_homogenization_risk,0.3
2643,1,C_homogenization_risk,0.3
2644,1,C_homogenization_risk,0.3
2645,1,C_homogenization_risk,0.3
2646,1,C_homogenization_risk,0.3
2647,1,C_homogenization_risk,0.3
2648,1,C_homogenization_risk,0.3
2678,0,C_homogenization_risk,0.3
2679,0,C_homogenization_risk,0.3
2680,0,C_homogenization_risk,0.3
2681,0,C_homogenization_risk,0.3
2682,0,C_homogenization_risk,0.3
2683,0,C_homogenization_risk,0.3
2684,0,C_homogenization_risk,0.3
2685,0,C_homogenization_risk,0.3
2686,0,C_homogenization_risk,0.3
2687,0,C_homogenization_risk,0.3
2688,0,C_homogenization_risk,0.3
2689,0,C_homogenization_risk,0.3
2691,0,C_homogenization_risk,0.3
2692,0,C_homogenization_risk,0.3
2693,0,C_homogenization_risk,0.3
2694,0,C_homogenization_risk,0.3
2695,0,C_homogenization_risk,0.3
2696,0,C_homogenization_risk,0.3
2697,0,C_homogenization_risk,0.3
2698,1,C_homogenization_risk,0.3
2699,1,C_homogenization_risk,0.3
2700,1,C_homogenization_risk,0.3
2701,1,C_homogenization_risk,0.3
2702,1,C_homogenization_risk,0.3
2703,1,C_homogenization_risk,0.3
2704,1,C_homogenization_risk,0.3
2705,1,C_homogenization_risk,0.3
2706,0,C_homogenization_risk,0.3
2707,0,C_homogenization_risk,0.3
2708,0,C_homogenization_risk,0.3
2709,0,C_homogenization_risk,0.3
2710,0,C_homogenization_risk,0.3
2711,0,C_homogenization_risk,0.3
2712,0,C_homogenization_risk,0.3
2713,1,C_homogenization_risk,0.3
2714,1,C_homogenization_risk,0.3
2715,1,C_homogenization_risk,0.3
2716,1,C_homogenization_risk,0.3
2717,1,C_homogenization_risk,0.3
2718,1,C_homogenization_risk,0.3
2719,1,C_homogenization_risk,0.3
2750,0,C_homogenization_risk,0.3
2751,0,C_homogenization_risk,0.3
2752,0,C_homogenization_risk,0.3
2753,0,C_homogenization_risk,0.3
2755,0,C_homogenization_risk,0.3
2756,0,C_homogenization_risk,0.3
2757,0,C_homogenization_risk,0.3
2758,0,C_homogenization_risk,0.3
2759,0,C_homogenization_risk,0.3
2765,0,C_homogenization_risk,0.3
2766,0,C_homogenization_risk,0.3
2767,0,C_homogenization_risk,0.3
2768,0,C_homogenization_risk,0.3
2769,0,C_homogenization_risk,0.3
2770,0,C_homogenization_risk,0.3
2771,1,C_homogenization_risk,0.3
2773,1,C_homogenization_risk,0.3
2774,1,C_homogenization_risk,0.3
2775,1,C_homogenization_risk,0.3
2776,0,C_homogenization_risk,0.3
2777,0,C_homogenization_risk,0.3
2778,0,C_homogenization_risk,0.3
2779,0,C_homogenization_risk,0.3
2780,0,C_homogenization_risk,0.3
2781,0,C_homogenization_risk,0.3
2782,0,C_homogenization_risk,0.3
2783,1,C_homogenization_risk,0.3
2784,1,C_homogenization_risk,0.3
2785,1,C_homogenization_risk,0.3
2786,1,C_homogenization_risk,0.3
2787,1,C_homogenization_risk,0.3
2788,1,C_homogenization_risk,0.3
2789,1,C_homogenization_risk,0.3
2790,1,C_homogenization_risk,0.3
2791,1,C_homogenization_risk,0.3
2826,0,C_homogenization_risk,0.3
2827,0,C_homogenization_risk,0.3
2838,0,C_homogenization_risk,0.3
2839,0,C_homogenization_risk,0.3
2840,0,C_homogenization_risk,0.3
2841,0,C_homogenization_risk,0.3
2842,0,C_homogenization_risk,0.3
2843,0,C_homogenization_risk,0.3
2844,0,C_homogenization_risk,0.3
2845,0,C_homogenization_risk,0.3
2846,0,C_homogenization_risk,0.3
2847,0,C_homogenization_risk,0.3
2848,0,C_homogenization_risk,0.3
2849,0,C_homogenization_risk,0.3
2850,0,C_homogenization_risk,0.3
2851,0,C_homogenization_risk,0.3
2852,0,C_homogenization_risk,0.3
2853,1,C_homogenization_risk,0.3
2854,1,C_homogenization_risk,0.3
2855,1,C_homogenization_risk,0.3
2856,1,C_homogenization_risk,0.3
2857,1,C_homogenization_risk,0.3
2858,1,C_homogenization_risk,0.3
2859,1,C_homogenization_risk,0.3
2860,1,C_homogenization_risk,0.3
2861,1,C_homogenization_risk,0.3
2862,1,C_homogenization_risk,0.3
2909,0,C_homogenization_risk,0.3
2910,0,C_homogenization_risk,0.3
2911,0,C_homogenization_risk,0.3
2912,0,C_homogenization_risk,0.3
2913,0,C_homogenization_risk,0.3
2914,0,C_homogenization_risk,0.3
2915,0,C_homogenization_risk,0.3
2916,0,C_homogenization_risk,0.3
2917,0,C_homogenization_risk,0.3
2918,0,C_homogenization_risk,0.3
2919,0,C_homogenization_risk,0.3
2920,0,C_homogenization_risk,0.3
2921,0,C_homogenization_risk,0.3
2922,0,C_homogenization_risk,0.3
2923,1,C_homogenization_risk,0.3
2924,1,C_homogenization_risk,0.3
2925,1,C_homogenization_risk,0.3
2926,1,C_homogenization_risk,0.3
2927,1,C_homogenization_risk,0.3
2928,1,C_homogenization_risk,0.3
2929,1,C_homogenization_risk,0.3
2930,1,C_homogenization_risk,0.3
2931,1,C_homogenization_risk,0.3
2932,1,C_homogenization_risk,0.3
2933,1,C_homogenization_risk,0.3
2981,0,C_homogenization_risk,0.3
2982,0,C_homogenization_risk,0.3
2983,0,C_homogenization_risk,0.3
2984,0,C_homogenization_risk,0.3
2985,1,C_homogenization_risk,0.3
2986,1,C_homogenization_risk,0.3
2987,1,C_homogenization_risk,0.3
2988,0,C_homogenization_risk,0.3
2989,0,C_homogenization_risk,0.3
2990,0,C_homogenization_risk,0.3
2991,0,C_homogenization_risk,0.3
2992,0,C_homogenization_risk,0.3
2993,1,C_homogenization_risk,0.3
2994,1,C_homogenization_risk,0.3
2995,1,C_homogenization_risk,0.3
2996,1,C_homogenization_risk,0.3
2997,1,C_homogenization_risk,0.3
2998,1,C_homogenization_risk,0.3
2999,1,C_homogenization_risk,0.3
3000,1,C_homogenization_risk,0.3
3001,1,C_homogenization_risk,0.3
3002,1,C_homogenization_risk,0.3
3003,1,C_homogenization_risk,0.3
3004,1,C_homogenization_risk,0.3
3005,1,C_homogenization_risk,0.3
3052,0,C_homogenization_risk,0.3
3053,0,C_homogenization_risk,0.3
3054,0,C_homogenization_risk,0.3
3055,0,C_homogenization_risk,0.3
3056,1,C_homogenization_risk,0.3
3057,1,C_homogenization_risk,0.3
3058,1,C_homogenization_risk,0.3
3059,1,C_homogenization_risk,0.3
3060,1,C_homogenization_risk,0.3
3061,1,C_homogenization_risk,0.3
3062,1,C_homogenization_risk,0.3
3063,1,C_homogenization_risk,0.3
3064,1,C_homogenization_risk,0.3
3065,1,C_homogenization_risk,0.3
3066,1,C_homogenization_risk,0.3
3067,1,C_homogenization_risk,0.3
3068,1,C_homogenization_risk,0.3
3069,1,C_homogenization_risk,0.3
3070,1,C_homogenization_risk,0.3
3071,1,C_homogenization_risk,0.3
3072,1,C_homogenization_risk,0.3
3073,1,C_homogenization_risk,0.3
3074,1,C_homogenization_risk,0.3
3075,1,C_homogenization_risk,0.3
3076,1,C_homogenization_risk,0.3
3078,1,C_homogenization_risk,0.3
3079,1,C_homogenization_risk,0.3
3124,0,C_homogenization_risk,0.3
3125,0,C_homogenization_risk,0.3
3126,0,C_homogenization_risk,0.3
3127,1,C_homogenization_risk,0.3
3128,1,C_homogenization_risk,0.3
3129,1,C_homogenization_risk,0.3
3130,1,C_homogenization_risk,0.3
3131,1,C_homogenization_risk,0.3
3133,1,C_homogenization_risk,0.3
3134,1,C_homogenization_risk,0.3
3135,1,C_homogenization_risk,0.3
3136,1,C_homogenization_risk,0.3
3137,1,C_homogenization_risk,0.3
3138,1,C_homogenization_risk,0.3
3139,1,C_homogenization_risk,0.3
3140,1,C_homogenization_risk,0.3
3141,1,C_homogenization_risk,0.3
3142,1,C_homogenization_risk,0.3
3143,1,C_homogenization_risk,0.3
3144,1,C_homogenization_risk,0.3
3145,1,C_homogenization_risk,0.3
3146,1,C_homogenization_risk,0.3
3147,1,C_homogenization_risk,0.3
3150,1,C_homogenization_risk,0.3
3151,1,C_homogenization_risk,0.3
3199,1,C_homogenization_risk,0.3
3200,1,C_homogenization_risk,0.3
3202,1,C_homogenization_risk,0.3
3203,1,C_homogenization_risk,0.3
3204,1,C_homogenization_risk,0.3
3205,1,C_homogenization_risk,0.3
3206,1,C_homogenization_risk,0.3
3207,1,C_homogenization_risk,0.3
3208,1,C_homogenization_risk,0.3
3209,1,C_homogenization_risk,0.3
3210,1,C_homogenization_risk,0.3
3211,1,C_homogenization_risk,0.3
3212,1,C_homogenization_risk,0.3
3213,1,C_homogenization_risk,0.3
3214,1,C_homogenization_risk,0.3
3215,1,C_homogenization_risk,0.3
3216,1,C_homogenization_risk,0.3
3217,1,C_homogenization_risk,0.3
3218,1,C_homogenization_risk,0.3
3221,1,C_homogenization_risk,0.3
3222,1,C_homogenization_risk,0.3
3270,0,C_homogenization_risk,0.3
3271,1,C_homogenization_risk,0.3
3272,1,C_homogenization_risk,0.3
3273,1,C_homogenization_risk,0.3
3275,1,C_homogenization_risk,0.3
3278,1,C_homogenization_risk,0.3
3279,1,C_homogenization_risk,0.3
3280,1,C_homogenization_risk,0.3
3281,1,C_homogenization_risk,0.3
3282,1,C_homogenization_risk,0.3
3283,1,C_homogenization_risk,0.3
3284,1,C_homogenization_risk,0.3
3285,1,C_homogenization_risk,0.3
3286,1,C_homogenization_risk,0.3
3287,1,C_homogenization_risk,0.3
3293,1,C_homogenization_risk,0.3
3294,1,C_homogenization_risk,0.3
3295,1,C_homogenization_risk,0.3
3343,1,C_homogenization_risk,0.3
3344,1,C_homogenization_risk,0.3
3345,1,C_homogenization_risk,0.3
3351,1,C_homogenization_risk,0.3
3352,1,C_homogenization_risk,0.3
3353,1,C_homogenization_risk,0.3
3354,1,C_homogenization_risk,0.3
3355,1,C_homogenization_risk,0.3
3356,1,C_homogenization_risk,0.3
3357,1,C_homogenization_risk,0.3
3426,1,C_homogenization_risk,0.3
3427,1,C_homogenization_risk,0.3
3497,1,C_homogenization_risk,0.3
3498,1,C_homogenization_risk,0.3
3499,1,C_homogenization_risk,0.3
3568,1,C_homogenization_risk,0.3
3569,1,C_homogenization_risk,0.3
3570,1,C_homogenization_risk,0.3
3571,1,C_homogenization_risk,0.3
3641,1,C_homogenization_risk,0.3
3642,1,C_homogenization_risk,0.3
56,0,A_richness_led,0.17
57,0,A_richness_led,0.17
128,0,A_richness_led,0.17
198,0,A_richness_led,0.17
199,0,A_richness_led,0.17
203,0,A_richness_led,0.17
270,0,A_richness_led,0.17
271,0,A_richness_led,0.17
272,0,A_richness_led,0.17
274,0,A_richness_led,0.17
276,0,A_richness_led,0.17
341,0,A_richness_led,0.17
342,0,A_richness_led,0.17
343,0,A_richness_led,0.17
344,0,A_richness_led,0.17
345,0,A_richness_led,0.17
347,0,A_richness_led,0.17
412,0,A_richness_led,0.17
413,0,A_richness_led,0.17
414,0,A_richness_led,0.17
415,0,A_richness_led,0.17
416,0,A_richness_led,0.17
417,0,A_richness_led,0.17
418,0,A_richness_led,0.17
483,0,A_richness_led,0.17
484,0,A_richness_led,0.17
485,0,A_richness_led,0.17
486,0,A_richness_led,0.17
487,0,A_richness_led,0.17
554,0,A_richness_led,0.17
555,0,A_richness_led,0.17
556,0,A_richness_led,0.17
557,0,A_richness_led,0.17
558,0,A_richness_led,0.17
559,0,A_richness_led,0.17
560,0,A_richness_led,0.17
561,0,A_richness_led,0.17
563,0,A_richness_led,0.17
564,0,A_richness_led,0.17
592,0,A_richness_led,0.17
593,0,A_richness_led,0.17
625,0,A_richness_led,0.17
626,0,A_richness_led,0.17
627,0,A_richness_led,0.17
628,0,A_richness_led,0.17
629,0,A_richness_led,0.17
630,0,A_richness_led,0.17
634,0,A_richness_led,0.17
635,0,A_richness_led,0.17
636,0,A_richness_led,0.17
637,0,A_richness_led,0.17
640,0,A_richness_led,0.17
663,0,A_richness_led,0.17
664,0,A_richness_led,0.17
665,0,A_richness_led,0.17
666,0,A_richness_led,0.17
696,0,A_richness_led,0.17
698,0,A_richness_led,0.17
699,0,A_richness_led,0.17
700,0,A_richness_led,0.17
701,0,A_richness_led,0.17
702,0,A_richness_led,0.17
704,0,A_richness_led,0.17
705,0,A_richness_led,0.17
706,0,A_richness_led,0.17
708,0,A_richness_led,0.17
710,0,A_richness_led,0.17
711,0,A_richness_led,0.17
712,0,A_richness_led,0.17
716,0,A_richness_led,0.17
717,0,A_richness_led,0.17
735,0,A_richness_led,0.17
736,0,A_richness_led,0.17
737,0,A_richness_led,0.17
738,0,A_richness_led,0.17
772,0,A_richness_led,0.17
773,0,A_richness_led,0.17
774,0,A_richness_led,0.17
775,0,A_richness_led,0.17
776,0,A_richness_led,0.17
777,0,A_richness_led,0.17
778,0,A_richness_led,0.17
783,0,A_richness_led,0.17
784,0,A_richness_led,0.17
787,0,A_richness_led,0.17
788,0,A_richness_led,0.17
804,0,A_richness_led,0.17
805,0,A_richness_led,0.17
806,0,A_richness_led,0.17
807,0,A_richness_led,0.17
808,0,A_richness_led,0.17
809,0,A_richness_led,0.17
810,0,A_richness_led,0.17
811,0,A_richness_led,0.17
812,0,A_richness_led,0.17
813,0,A_richness_led,0.17
845,0,A_richness_led,0.17
846,0,A_richness_led,0.17
847,0,A_richness_led,0.17
848,0,A_richness_led,0.17
849,0,A_richness_led,0.17
850,0,A_richness_led,0.17
851,0,A_richness_led,0.17
855,0,A_richness_led,0.17
856,0,A_richness_led,0.17
857,0,A_richness_led,0.17
858,0,A_richness_led,0.17
859,0,A_richness_led,0.17
860,0,A_richness_led,0.17
876,0,A_richness_led,0.17
877,0,A_richness_led,0.17
878,0,A_richness_led,0.17
879,0,A_richness_led,0.17
881,0,A_richness_led,0.17
882,0,A_richness_led,0.17
883,0,A_richness_led,0.17
884,0,A_richness_led,0.17
885,0,A_richness_led,0.17
916,0,A_richness_led,0.17
917,0,A_richness_led,0.17
918,0,A_richness_led,0.17
920,0,A_richness_led,0.17
921,0,A_richness_led,0.17
922,0,A_richness_led,0.17
923,0,A_richness_led,0.17
927,0,A_richness_led,0.17
929,0,A_richness_led,0.17
931,0,A_richness_led,0.17
947,0,A_richness_led,0.17
948,0,A_richness_led,0.17
949,0,A_richness_led,0.17
950,0,A_richness_led,0.17
951,0,A_richness_led,0.17
952,0,A_richness_led,0.17
953,0,A_richness_led,0.17
955,0,A_richness_led,0.17
956,0,A_richness_led,0.17
985,0,A_richness_led,0.17
986,0,A_richness_led,0.17
987,0,A_richness_led,0.17
988,0,A_richness_led,0.17
989,0,A_richness_led,0.17
991,0,A_richness_led,0.17
992,0,A_richness_led,0.17
993,0,A_richness_led,0.17
994,0,A_richness_led,0.17
995,0,A_richness_led,0.17
996,0,A_richness_led,0.17
997,0,A_richness_led,0.17
999,0,A_richness_led,0.17
1001,0,A_richness_led,0.17
1002,0,A_richness_led,0.17
1003,0,A_richness_led,0.17
1018,0,A_richness_led,0.17
1019,0,A_richness_led,0.17
1021,0,A_richness_led,0.17
1022,0,A_richness_led,0.17
1023,0,A_richness_led,0.17
1025,0,A_richness_led,0.17
1027,0,A_richness_led,0.17
1028,0,A_richness_led,0.17
1029,0,A_richness_led,0.17
1055,0,A_richness_led,0.17
1057,0,A_richness_led,0.17
1058,0,A_richness_led,0.17
1061,0,A_richness_led,0.17
1063,0,A_richness_led,0.17
1064,0,A_richness_led,0.17
1065,0,A_richness_led,0.17
1066,0,A_richness_led,0.17
1068,0,A_richness_led,0.17
1069,0,A_richness_led,0.17
1070,0,A_richness_led,0.17
1073,0,A_richness_led,0.17
1075,0,A_richness_led,0.17
1076,0,A_richness_led,0.17
1089,0,A_richness_led,0.17
1090,0,A_richness_led,0.17
1091,0,A_richness_led,0.17
1092,0,A_richness_led,0.17
1093,0,A_richness_led,0.17
1094,0,A_richness_led,0.17
1095,0,A_richness_led,0.17
1096,0,A_richness_led,0.17
1097,0,A_richness_led,0.17
1098,0,A_richness_led,0.17
1100,0,A_richness_led,0.17
1101,0,A_richness_led,0.17
1103,0,A_richness_led,0.17
1126,0,A_richness_led,0.17
1127,0,A_richness_led,0.17
1128,0,A_richness_led,0.17
1129,0,A_richness_led,0.17
1130,0,A_richness_led,0.17
1131,0,A_richness_led,0.17
1133,0,A_richness_led,0.17
1134,0,A_richness_led,0.17
1137,0,A_richness_led,0.17
1138,0,A_richness_led,0.17
1139,0,A_richness_led,0.17
1140,0,A_richness_led,0.17
1142,0,A_richness_led,0.17
1143,0,A_richness_led,0.17
1144,0,A_richness_led,0.17
1145,0,A_richness_led,0.17
1161,0,A_richness_led,0.17
1162,0,A_richness_led,0.17
1163,0,A_richness_led,0.17
1164,0,A_richness_led,0.17
1165,0,A_richness_led,0.17
1166,0,A_richness_led,0.17
1167,0,A_richness_led,0.17
1168,0,A_richness_led,0.17
1169,0,A_richness_led,0.17
1170,0,A_richness_led,0.17
1171,0,A_richness_led,0.17
1172,0,A_richness_led,0.17
1173,0,A_richness_led,0.17
1175,0,A_richness_led,0.17
1196,0,A_richness_led,0.17
1197,0,A_richness_led,0.17
1198,0,A_richness_led,0.17
1199,0,A_richness_led,0.17
1200,0,A_richness_led,0.17
1201,0,A_richness_led,0.17
1202,0,A_richness_led,0.17
1203,0,A_richness_led,0.17
1204,0,A_richness_led,0.17
1205,0,A_richness_led,0.17
1206,0,A_richness_led,0.17
1207,0,A_richness_led,0.17
1208,0,A_richness_led,0.17
1209,0,A_richness_led,0.17
1210,0,A_richness_led,0.17
1211,0,A_richness_led,0.17
1212,0,A_richness_led,0.17
1213,0,A_richness_led,0.17
1214,0,A_richness_led,0.17
1215,0,A_richness_led,0.17
1216,0,A_richness_led,0.17
1234,0,A_richness_led,0.17
1235,0,A_richness_led,0.17
1236,0,A_richness_led,0.17
1237,0,A_richness_led,0.17
1238,0,A_richness_led,0.17
1239,0,A_richness_led,0.17
1240,0,A_richness_led,0.17
1241,0,A_richness_led,0.17
1242,0,A_richness_led,0.17
1243,0,A_richness_led,0.17
1244,0,A_richness_led,0.17
1246,0,A_richness_led,0.17
1247,0,A_richness_led,0.17
1248,0,A_richness_led,0.17
1249,0,A_richness_led,0.17
1268,0,A_richness_led,0.17
1269,0,A_richness_led,0.17
1270,0,A_richness_led,0.17
1271,0,A_richness_led,0.17
1272,0,A_richness_led,0.17
1273,0,A_richness_led,0.17
1274,0,A_richness_led,0.17
1275,0,A_richness_led,0.17
1276,0,A_richness_led,0.17
1277,0,A_richness_led,0.17
1279,0,A_richness_led,0.17
1280,0,A_richness_led,0.17
1281,0,A_richness_led,0.17
1282,0,A_richness_led,0.17
1283,0,A_richness_led,0.17
1284,0,A_richness_led,0.17
1286,0,A_richness_led,0.17
1287,0,A_richness_led,0.17
1288,0,A_richness_led,0.17
1289,0,A_richness_led,0.17
1305,0,A_richness_led,0.17
1306,0,A_richness_led,0.17
1307,0,A_richness_led,0.17
1308,0,A_richness_led,0.17
1309,0,A_richness_led,0.17
1312,0,A_richness_led,0.17
1313,0,A_richness_led,0.17
1314,0,A_richness_led,0.17
1315,0,A_richness_led,0.17
1316,0,A_richness_led,0.17
1319,0,A_richness_led,0.17
1320,0,A_richness_led,0.17
1321,0,A_richness_led,0.17
1322,0,A_richness_led,0.17
1328,0,A_richness_led,0.17
1339,0,A_richness_led,0.17
1340,0,A_richness_led,0.17
1341,0,A_richness_led,0.17
1344,0,A_richness_led,0.17
1345,0,A_richness_led,0.17
1346,0,A_richness_led,0.17
1348,0,A_richness_led,0.17
1349,0,A_richness_led,0.17
1351,0,A_richness_led,0.17
1352,0,A_richness_led,0.17
1353,0,A_richness_led,0.17
1354,0,A_richness_led,0.17
1355,0,A_richness_led,0.17
1357,0,A_richness_led,0.17
1358,0,A_richness_led,0.17
1359,0,A_richness_led,0.17
1360,0,A_richness_led,0.17
1361,0,A_richness_led,0.17
1377,0,A_richness_led,0.17
1379,0,A_richness_led,0.17
1380,0,A_richness_led,0.17
1381,0,A_richness_led,0.17
1382,0,A_richness_led,0.17
1383,0,A_richness_led,0.17
1384,0,A_richness_led,0.17
1385,0,A_richness_led,0.17
1386,0,A_richness_led,0.17
1393,0,A_richness_led,0.17
1400,0,A_richness_led,0.17
1410,0,A_richness_led,0.17
1412,0,A_richness_led,0.17
1413,0,A_richness_led,0.17
1414,0,A_richness_led,0.17
1415,0,A_richness_led,0.17
1416,0,A_richness_led,0.17
1417,0,A_richness_led,0.17
1418,0,A_richness_led,0.17
1419,0,A_richness_led,0.17
1420,0,A_richness_led,0.17
1421,0,A_richness_led,0.17
1422,0,A_richness_led,0.17
1423,0,A_richness_led,0.17
1424,0,A_richness_led,0.17
1425,0,A_richness_led,0.17
1426,0,A_richness_led,0.17
1427,0,A_richness_led,0.17
1428,0,A_richness_led,0.17
1429,0,A_richness_led,0.17
1430,0,A_richness_led,0.17
1448,0,A_richness_led,0.17
1449,0,A_richness_led,0.17
1450,0,A_richness_led,0.17
1452,0,A_richness_led,0.17
1453,0,A_richness_led,0.17
1454,0,A_richness_led,0.17
1455,0,A_richness_led,0.17
1456,0,A_richness_led,0.17
1462,0,A_richness_led,0.17
1465,0,A_richness_led,0.17
1466,0,A_richness_led,0.17
1468,0,A_richness_led,0.17
1471,0,A_richness_led,0.17
1476,0,A_richness_led,0.17
1479,0,A_richness_led,0.17
1480,0,A_richness_led,0.17
1481,0,A_richness_led,0.17
1482,0,A_richness_led,0.17
1483,0,A_richness_led,0.17
1484,0,A_richness_led,0.17
1485,0,A_richness_led,0.17
1486,0,A_richness_led,0.17
1487,0,A_richness_led,0.17
1488,0,A_richness_led,0.17
1489,0,A_richness_led,0.17
1490,0,A_richness_led,0.17
1491,0,A_richness_led,0.17
1492,0,A_richness_led,0.17
1493,0,A_richness_led,0.17
1494,0,A_richness_led,0.17
1495,0,A_richness_led,0.17
1496,0,A_richness_led,0.17
1497,0,A_richness_led,0.17
1498,0,A_richness_led,0.17
1499,0,A_richness_led,0.17
1500,0,A_richness_led,0.17
1502,0,A_richness_led,0.17
1518,0,A_richness_led,0.17
1520,0,A_richness_led,0.17
1521,0,A_richness_led,0.17
1522,0,A_richness_led,0.17
1523,0,A_richness_led,0.17
1528,0,A_richness_led,0.17
1529,0,A_richness_led,0.17
1533,0,A_richness_led,0.17
1536,0,A_richness_led,0.17
1537,0,A_richness_led,0.17
1538,0,A_richness_led,0.17
1539,0,A_richness_led,0.17
1540,0,A_richness_led,0.17
1542,0,A_richness_led,0.17
1550,0,A_richness_led,0.17
1551,0,A_richness_led,0.17
1552,0,A_richness_led,0.17
1553,0,A_richness_led,0.17
1554,0,A_richness_led,0.17
1555,0,A_richness_led,0.17
1556,0,A_richness_led,0.17
1557,0,A_richness_led,0.17
1558,0,A_richness_led,0.17
1559,0,A_richness_led,0.17
1560,0,A_richness_led,0.17
1561,0,A_richness_led,0.17
1562,0,A_richness_led,0.17
1563,0,A_richness_led,0.17
1564,0,A_richness_led,0.17
1565,0,A_richness_led,0.17
1566,0,A_richness_led,0.17
1567,0,A_richness_led,0.17
1568,0,A_richness_led,0.17
1569,0,A_richness_led,0.17
1570,0,A_richness_led,0.17
1571,0,A_richness_led,0.17
1586,0,A_richness_led,0.17
1587,0,A_richness_led,0.17
1588,0,A_richness_led,0.17
1589,0,A_richness_led,0.17
1590,0,A_richness_led,0.17
1591,0,A_richness_led,0.17
1592,0,A_richness_led,0.17
1593,0,A_richness_led,0.17
1594,0,A_richness_led,0.17
1602,0,A_richness_led,0.17
1608,0,A_richness_led,0.17
1609,0,A_richness_led,0.17
1610,0,A_richness_led,0.17
1612,0,A_richness_led,0.17
1613,0,A_richness_led,0.17
1614,0,A_richness_led,0.17
1616,0,A_richness_led,0.17
1617,0,A_richness_led,0.17
1618,0,A_richness_led,0.17
1619,0,A_richness_led,0.17
1620,0,A_richness_led,0.17
1621,0,A_richness_led,0.17
1622,0,A_richness_led,0.17
1623,0,A_richness_led,0.17
1624,0,A_richness_led,0.17
1625,0,A_richness_led,0.17
1626,0,A_richness_led,0.17
1627,0,A_richness_led,0.17
1629,0,A_richness_led,0.17
1630,0,A_richness_led,0.17
1631,0,A_richness_led,0.17
1632,0,A_richness_led,0.17
1633,0,A_richness_led,0.17
1634,0,A_richness_led,0.17
1635,0,A_richness_led,0.17
1636,1,A_richness_led,0.17
1637,1,A_richness_led,0.17
1639,0,A_richness_led,0.17
1640,0,A_richness_led,0.17
1641,0,A_richness_led,0.17
1642,0,A_richness_led,0.17
1658,0,A_richness_led,0.17
1659,0,A_richness_led,0.17
1660,0,A_richness_led,0.17
1661,0,A_richness_led,0.17
1662,0,A_richness_led,0.17
1666,0,A_richness_led,0.17
1669,0,A_richness_led,0.17
1672,0,A_richness_led,0.17
1674,0,A_richness_led,0.17
1675,0,A_richness_led,0.17
1676,0,A_richness_led,0.17
1678,0,A_richness_led,0.17
1679,0,A_richness_led,0.17
1680,0,A_richness_led,0.17
1681,0,A_richness_led,0.17
1684,0,A_richness_led,0.17
1685,0,A_richness_led,0.17
1686,0,A_richness_led,0.17
1687,0,A_richness_led,0.17
1688,0,A_richness_led,0.17
1689,0,A_richness_led,0.17
1692,0,A_richness_led,0.17
1693,0,A_richness_led,0.17
1694,0,A_richness_led,0.17
1695,0,A_richness_led,0.17
1696,0,A_richness_led,0.17
1697,0,A_richness_led,0.17
1698,0,A_richness_led,0.17
1699,0,A_richness_led,0.17
1700,0,A_richness_led,0.17
1701,0,A_richness_led,0.17
1702,0,A_richness_led,0.17
1703,0,A_richness_led,0.17
1704,0,A_richness_led,0.17
1705,0,A_richness_led,0.17
1706,0,A_richness_led,0.17
1707,0,A_richness_led,0.17
1708,1,A_richness_led,0.17
1710,1,A_richness_led,0.17
1711,0,A_richness_led,0.17
1712,0,A_richness_led,0.17
1731,0,A_richness_led,0.17
1732,0,A_richness_led,0.17
1733,0,A_richness_led,0.17
1734,0,A_richness_led,0.17
1738,0,A_richness_led,0.17
1739,0,A_richness_led,0.17
1743,0,A_richness_led,0.17
1748,0,A_richness_led,0.17
1749,0,A_richness_led,0.17
1753,0,A_richness_led,0.17
1755,0,A_richness_led,0.17
1756,0,A_richness_led,0.17
1757,0,A_richness_led,0.17
1758,0,A_richness_led,0.17
1759,0,A_richness_led,0.17
1760,0,A_richness_led,0.17
1761,0,A_richness_led,0.17
1762,0,A_richness_led,0.17
1764,0,A_richness_led,0.17
1765,0,A_richness_led,0.17
1766,0,A_richness_led,0.17
1767,0,A_richness_led,0.17
1769,0,A_richness_led,0.17
1770,0,A_richness_led,0.17
1772,0,A_richness_led,0.17
1773,0,A_richness_led,0.17
1774,0,A_richness_led,0.17
1775,0,A_richness_led,0.17
1776,0,A_richness_led,0.17
1777,0,A_richness_led,0.17
1778,0,A_richness_led,0.17
1779,0,A_richness_led,0.17
1782,0,A_richness_led,0.17
1783,0,A_richness_led,0.17
1803,0,A_richness_led,0.17
1804,0,A_richness_led,0.17
1805,0,A_richness_led,0.17
1806,0,A_richness_led,0.17
1807,0,A_richness_led,0.17
1809,0,A_richness_led,0.17
1815,0,A_richness_led,0.17
1816,0,A_richness_led,0.17
1819,0,A_richness_led,0.17
1820,0,A_richness_led,0.17
1821,0,A_richness_led,0.17
1823,0,A_richness_led,0.17
1824,0,A_richness_led,0.17
1825,0,A_richness_led,0.17
1826,0,A_richness_led,0.17
1828,0,A_richness_led,0.17
1829,0,A_richness_led,0.17
1830,0,A_richness_led,0.17
1831,0,A_richness_led,0.17
1832,0,A_richness_led,0.17
1833,0,A_richness_led,0.17
1834,0,A_richness_led,0.17
1835,0,A_richness_led,0.17
1836,0,A_richness_led,0.17
1837,0,A_richness_led,0.17
1838,0,A_richness_led,0.17
1839,0,A_richness_led,0.17
1840,0,A_richness_led,0.17
1841,0,A_richness_led,0.17
1842,0,A_richness_led,0.17
1843,0,A_richness_led,0.17
1844,0,A_richness_led,0.17
1845,0,A_richness_led,0.17
1846,0,A_richness_led,0.17
1847,0,A_richness_led,0.17
1848,0,A_richness_led,0.17
1849,0,A_richness_led,0.17
1850,0,A_richness_led,0.17
1851,0,A_richness_led,0.17
1852,0,A_richness_led,0.17
1853,0,A_richness_led,0.17
1854,0,A_richness_led,0.17
1855,1,A_richness_led,0.17
1856,1,A_richness_led,0.17
1875,0,A_richness_led,0.17
1876,0,A_richness_led,0.17
1877,0,A_richness_led,0.17
1878,0,A_richness_led,0.17
1879,0,A_richness_led,0.17
1880,0,A_richness_led,0.17
1881,0,A_richness_led,0.17
1882,0,A_richness_led,0.17
1884,0,A_richness_led,0.17
1892,0,A_richness_led,0.17
1895,0,A_richness_led,0.17
1896,0,A_richness_led,0.17
1897,0,A_richness_led,0.17
1899,0,A_richness_led,0.17
1900,0,A_richness_led,0.17
1901,0,A_richness_led,0.17
1902,0,A_richness_led,0.17
1903,0,A_richness_led,0.17
1904,0,A_richness_led,0.17
1905,0,A_richness_led,0.17
1906,0,A_richness_led,0.17
1907,0,A_richness_led,0.17
1908,0,A_richness_led,0.17
1909,0,A_richness_led,0.17
1910,0,A_richness_led,0.17
1911,0,A_richness_led,0.17
1912,0,A_richness_led,0.17
1913,0,A_richness_led,0.17
1914,0,A_richness_led,0.17
1916,0,A_richness_led,0.17
1917,0,A_richness_led,0.17
1918,0,A_richness_led,0.17
1919,0,A_richness_led,0.17
1920,0,A_richness_led,0.17
1921,0,A_richness_led,0.17
1922,0,A_richness_led,0.17
1923,0,A_richness_led,0.17
1924,0,A_richness_led,0.17
1925,0,A_richness_led,0.17
1926,0,A_richness_led,0.17
1927,1,A_richness_led,0.17
1928,1,A_richness_led,0.17
1950,0,A_richness_led,0.17
1951,0,A_richness_led,0.17
1952,0,A_richness_led,0.17
1953,0,A_richness_led,0.17
1967,0,A_richness_led,0.17
1968,0,A_richness_led,0.17
1969,0,A_richness_led,0.17
1970,0,A_richness_led,0.17
1971,0,A_richness_led,0.17
1972,0,A_richness_led,0.17
1973,0,A_richness_led,0.17
1974,0,A_richness_led,0.17
1975,0,A_richness_led,0.17
1976,0,A_richness_led,0.17
1977,0,A_richness_led,0.17
1978,0,A_richness_led,0.17
1979,0,A_richness_led,0.17
1980,0,A_richness_led,0.17
1981,0,A_richness_led,0.17
1982,0,A_richness_led,0.17
1983,0,A_richness_led,0.17
1984,0,A_richness_led,0.17
1985,0,A_richness_led,0.17
1986,0,A_richness_led,0.17
1987,0,A_richness_led,0.17
1988,0,A_richness_led,0.17
1989,0,A_richness_led,0.17
1990,0,A_richness_led,0.17
1991,0,A_richness_led,0.17
1992,0,A_richness_led,0.17
1993,0,A_richness_led,0.17
1994,0,A_richness_led,0.17
1995,0,A_richness_led,0.17
1996,0,A_richness_led,0.17
1997,1,A_richness_led,0.17
1998,1,A_richness_led,0.17
2024,0,A_richness_led,0.17
2027,0,A_richness_led,0.17
2028,0,A_richness_led,0.17
2039,0,A_richness_led,0.17
2040,0,A_richness_led,0.17
2041,0,A_richness_led,0.17
2044,0,A_richness_led,0.17
2045,0,A_richness_led,0.17
2046,0,A_richness_led,0.17
2047,0,A_richness_led,0.17
2048,0,A_richness_led,0.17
2049,0,A_richness_led,0.17
2050,0,A_richness_led,0.17
2051,0,A_richness_led,0.17
2052,0,A_richness_led,0.17
2053,0,A_richness_led,0.17
2054,0,A_richness_led,0.17
2055,0,A_richness_led,0.17
2056,0,A_richness_led,0.17
2057,0,A_richness_led,0.17
2058,0,A_richness_led,0.17
2059,0,A_richness_led,0.17
2060,0,A_richness_led,0.17
2061,0,A_richness_led,0.17
2062,0,A_richness_led,0.17
2063,0,A_richness_led,0.17
2064,0,A_richness_led,0.17
2065,0,A_richness_led,0.17
2066,0,A_richness_led,0.17
2067,0,A_richness_led,0.17
2068,1,A_richness_led,0.17
2069,1,A_richness_led,0.17
2111,0,A_richness_led,0.17
2112,0,A_richness_led,0.17
2113,0,A_richness_led,0.17
2114,0,A_richness_led,0.17
2116,0,A_richness_led,0.17
2117,0,A_richness_led,0.17
2118,0,A_richness_led,0.17
2119,0,A_richness_led,0.17
2120,0,A_richness_led,0.17
2121,0,A_richness_led,0.17
2122,0,A_richness_led,0.17
2123,0,A_richness_led,0.17
2124,0,A_richness_led,0.17
2125,0,A_richness_led,0.17
2126,0,A_richness_led,0.17
2127,0,A_richness_led,0.17
2128,0,A_richness_led,0.17
2129,0,A_richness_led,0.17
2130,0,A_richness_led,0.17
2131,0,A_richness_led,0.17
2132,0,A_richness_led,0.17
2133,0,A_richness_led,0.17
2134,0,A_richness_led,0.17
2135,0,A_richness_led,0.17
2136,0,A_richness_led,0.17
2137,0,A_richness_led,0.17
2138,0,A_richness_led,0.17
2139,1,A_richness_led,0.17
2140,1,A_richness_led,0.17
2171,0,A_richness_led,0.17
2182,0,A_richness_led,0.17
2183,0,A_richness_led,0.17
2184,0,A_richness_led,0.17
2186,0,A_richness_led,0.17
2187,0,A_richness_led,0.17
2188,0,A_richness_led,0.17
2189,0,A_richness_led,0.17
2191,0,A_richness_led,0.17
2193,0,A_richness_led,0.17
2194,0,A_richness_led,0.17
2195,0,A_richness_led,0.17
2196,0,A_richness_led,0.17
2197,0,A_richness_led,0.17
2198,0,A_richness_led,0.17
2199,0,A_richness_led,0.17
2200,0,A_richness_led,0.17
2201,0,A_richness_led,0.17
2202,0,A_richness_led,0.17
2203,0,A_richness_led,0.17
2204,0,A_richness_led,0.17
2205,0,A_richness_led,0.17
2206,0,A_richness_led,0.17
2207,0,A_richness_led,0.17
2208,0,A_richness_led,0.17
2209,0,A_richness_led,0.17
2210,1,A_richness_led,0.17
2211,1,A_richness_led,0.17
2212,1,A_richness_led,0.17
2213,1,A_richness_led,0.17
2214,1,A_richness_led,0.17
2240,0,A_richness_led,0.17
2241,0,A_richness_led,0.17
2250,0,A_richness_led,0.17
2254,0,A_richness_led,0.17
2255,0,A_richness_led,0.17
2257,0,A_richness_led,0.17
2258,0,A_richness_led,0.17
2259,0,A_richness_led,0.17
2260,0,A_richness_led,0.17
2261,0,A_richness_led,0.17
2262,0,A_richness_led,0.17
2263,0,A_richness_led,0.17
2264,0,A_richness_led,0.17
2265,0,A_richness_led,0.17
2266,0,A_richness_led,0.17
2267,0,A_richness_led,0.17
2268,0,A_richness_led,0.17
2269,0,A_richness_led,0.17
2270,0,A_richness_led,0.17
2271,0,A_richness_led,0.17
2272,0,A_richness_led,0.17
2273,0,A_richness_led,0.17
2274,0,A_richness_led,0.17
2275,0,A_richness_led,0.17
2276,0,A_richness_led,0.17
2277,0,A_richness_led,0.17
2278,0,A_richness_led,0.17
2279,0,A_richness_led,0.17
2280,1,A_richness_led,0.17
2281,1,A_richness_led,0.17
2282,1,A_richness_led,0.17
2283,1,A_richness_led,0.17
2284,1,A_richness_led,0.17
2285,1,A_richness_led,0.17
2286,1,A_richness_led,0.17
2312,0,A_richness_led,0.17
2313,0,A_richness_led,0.17
2320,0,A_richness_led,0.17
2326,0,A_richness_led,0.17
2327,0,A_richness_led,0.17
2328,0,A_richness_led,0.17
2329,0,A_richness_led,0.17
2330,0,A_richness_led,0.17
2331,0,A_richness_led,0.17
2332,0,A_richness_led,0.17
2333,0,A_richness_led,0.17
2334,0,A_richness_led,0.17
2335,0,A_richness_led,0.17
2336,0,A_richness_led,0.17
2337,0,A_richness_led,0.17
2338,0,A_richness_led,0.17
2339,0,A_richness_led,0.17
2340,0,A_richness_led,0.17
2341,0,A_richness_led,0.17
2342,0,A_richness_led,0.17
2343,0,A_richness_led,0.17
2344,0,A_richness_led,0.17
2345,0,A_richness_led,0.17
2346,0,A_richness_led,0.17
2347,0,A_richness_led,0.17
2348,0,A_richness_led,0.17
2349,0,A_richness_led,0.17
2350,0,A_richness_led,0.17
2351,1,A_richness_led,0.17
2352,1,A_richness_led,0.17
2353,1,A_richness_led,0.17
2354,1,A_richness_led,0.17
2355,1,A_richness_led,0.17
2356,1,A_richness_led,0.17
2357,1,A_richness_led,0.17
2358,1,A_richness_led,0.17
2359,1,A_richness_led,0.17
2384,0,A_richness_led,0.17
2385,0,A_richness_led,0.17
2386,0,A_richness_led,0.17
2390,0,A_richness_led,0.17
2392,0,A_richness_led,0.17
2393,0,A_richness_led,0.17
2394,0,A_richness_led,0.17
2395,0,A_richness_led,0.17
2397,0,A_richness_led,0.17
2398,0,A_richness_led,0.17
2399,0,A_richness_led,0.17
2400,0,A_richness_led,0.17
2401,0,A_richness_led,0.17
2402,0,A_richness_led,0.17
2403,0,A_richness_led,0.17
2405,0,A_richness_led,0.17
2406,0,A_richness_led,0.17
2407,0,A_richness_led,0.17
2408,0,A_richness_led,0.17
2409,0,A_richness_led,0.17
2410,0,A_richness_led,0.17
2411,0,A_richness_led,0.17
2412,0,A_richness_led,0.17
2413,0,A_richness_led,0.17
2414,0,A_richness_led,0.17
2415,0,A_richness_led,0.17
2416,0,A_richness_led,0.17
2417,0,A_richness_led,0.17
2418,0,A_richness_led,0.17
2419,0,A_richness_led,0.17
2420,0,A_richness_led,0.17
2421,0,A_richness_led,0.17
2422,1,A_richness_led,0.17
2423,1,A_richness_led,0.17
2424,1,A_richness_led,0.17
2425,1,A_richness_led,0.17
2426,1,A_richness_led,0.17
2427,1,A_richness_led,0.17
2428,1,A_richness_led,0.17
2429,1,A_richness_led,0.17
2430,1,A_richness_led,0.17
2431,1,A_richness_led,0.17
2456,0,A_richness_led,0.17
2457,0,A_richness_led,0.17
2458,0,A_richness_led,0.17
2462,0,A_richness_led,0.17
2464,0,A_richness_led,0.17
2466,0,A_richness_led,0.17
2468,0,A_richness_led,0.17
2469,0,A_richness_led,0.17
2470,0,A_richness_led,0.17
2471,0,A_richness_led,0.17
2472,0,A_richness_led,0.17
2473,0,A_richness_led,0.17
2474,0,A_richness_led,0.17
2475,0,A_richness_led,0.17
2476,0,A_richness_led,0.17
2478,0,A_richness_led,0.17
2479,0,A_richness_led,0.17
2480,0,A_richness_led,0.17
2481,0,A_richness_led,0.17
2482,0,A_richness_led,0.17
2483,0,A_richness_led,0.17
2484,0,A_richness_led,0.17
2485,0,A_richness_led,0.17
2486,0,A_richness_led,0.17
2487,0,A_richness_led,0.17
2488,0,A_richness_led,0.17
2489,0,A_richness_led,0.17
2490,0,A_richness_led,0.17
2491,0,A_richness_led,0.17
2492,0,A_richness_led,0.17
2493,1,A_richness_led,0.17
2494,1,A_richness_led,0.17
2495,1,A_richness_led,0.17
2496,1,A_richness_led,0.17
2497,1,A_richness_led,0.17
2498,1,A_richness_led,0.17
2499,1,A_richness_led,0.17
2500,1,A_richness_led,0.17
2501,1,A_richness_led,0.17
2502,1,A_richness_led,0.17
2503,1,A_richness_led,0.17
2530,0,A_richness_led,0.17
2531,0,A_richness_led,0.17
2532,0,A_richness_led,0.17
2535,0,A_richness_led,0.17
2539,0,A_richness_led,0.17
2540,0,A_richness_led,0.17
2541,0,A_richness_led,0.17
2542,0,A_richness_led,0.17
2544,0,A_richness_led,0.17
2545,0,A_richness_led,0.17
2546,0,A_richness_led,0.17
2547,0,A_richness_led,0.17
2548,0,A_richness_led,0.17
2549,0,A_richness_led,0.17
2550,0,A_richness_led,0.17
2551,0,A_richness_led,0.17
2552,0,A_richness_led,0.17
2553,0,A_richness_led,0.17
2554,0,A_richness_led,0.17
2555,0,A_richness_led,0.17
2556,0,A_richness_led,0.17
2557,0,A_richness_led,0.17
2558,0,A_richness_led,0.17
2559,0,A_richness_led,0.17
2560,0,A_richness_led,0.17
2561,0,A_richness_led,0.17
2562,0,A_richness_led,0.17
2563,0,A_richness_led,0.17
2564,1,A_richness_led,0.17
2565,1,A_richness_led,0.17
2566,1,A_richness_led,0.17
2567,1,A_richness_led,0.17
2568,1,A_richness_led,0.17
2569,1,A_richness_led,0.17
2570,1,A_richness_led,0.17
2571,1,A_richness_led,0.17
2572,1,A_richness_led,0.17
2573,1,A_richness_led,0.17
2574,1,A_richness_led,0.17
2575,1,A_richness_led,0.17
2576,1,A_richness_led,0.17
2605,0,A_richness_led,0.17
2606,0,A_richness_led,0.17
2607,0,A_richness_led,0.17
2608,0,A_richness_led,0.17
2609,0,A_richness_led,0.17
2610,0,A_richness_led,0.17
2611,0,A_richness_led,0.17
2612,0,A_richness_led,0.17
2613,0,A_richness_led,0.17
2614,0,A_richness_led,0.17
2615,0,A_richness_led,0.17
2616,0,A_richness_led,0.17
2617,0,A_richness_led,0.17
2618,0,A_richness_led,0.17
2619,0,A_richness_led,0.17
2620,0,A_richness_led,0.17
2621,0,A_richness_led,0.17
2622,0,A_richness_led,0.17
2623,0,A_richness_led,0.17
2624,0,A_richness_led,0.17
2625,0,A_richness_led,0.17
2626,0,A_richness_led,0.17
2627,0,A_richness_led,0.17
2628,0,A_richness_led,0.17
2629,0,A_richness_led,0.17
2630,0,A_richness_led,0.17
2631,0,A_richness_led,0.17
2632,0,A_richness_led,0.17
2633,0,A_richness_led,0.17
2634,0,A_richness_led,0.17
2635,1,A_richness_led,0.17
2636,1,A_richness_led,0.17
2637,1,A_richness_led,0.17
2638,1,A_richness_led,0.17
2639,1,A_richness_led,0.17
2640,1,A_richness_led,0.17
2641,1,A_richness_led,0.17
2642,1,A_richness_led,0.17
2643,1,A_richness_led,0.17
2644,1,A_richness_led,0.17
2645,1,A_richness_led,0.17
2646,1,A_richness_led,0.17
2647,1,A_richness_led,0.17
2648,1,A_richness_led,0.17
2678,0,A_richness_led,0.17
2679,0,A_richness_led,0.17
2680,0,A_richness_led,0.17
2681,0,A_richness_led,0.17
2682,0,A_richness_led,0.17
2683,0,A_richness_led,0.17
2684,0,A_richness_led,0.17
2685,0,A_richness_led,0.17
2686,0,A_richness_led,0.17
2687,0,A_richness_led,0.17
2688,0,A_richness_led,0.17
2689,0,A_richness_led,0.17
2691,0,A_richness_led,0.17
2692,0,A_richness_led,0.17
2693,0,A_richness_led,0.17
2694,0,A_richness_led,0.17
2695,0,A_richness_led,0.17
2696,0,A_richness_led,0.17
2697,0,A_richness_led,0.17
2698,0,A_richness_led,0.17
2699,0,A_richness_led,0.17
2700,0,A_richness_led,0.17
2701,0,A_richness_led,0.17
2702,0,A_richness_led,0.17
2703,0,A_richness_led,0.17
2704,0,A_richness_led,0.17
2705,0,A_richness_led,0.17
2706,0,A_richness_led,0.17
2707,1,A_richness_led,0.17
2708,1,A_richness_led,0.17
2709,1,A_richness_led,0.17
2710,1,A_richness_led,0.17
2711,1,A_richness_led,0.17
2712,1,A_richness_led,0.17
2713,1,A_richness_led,0.17
2714,1,A_richness_led,0.17
2715,1,A_richness_led,0.17
2716,1,A_richness_led,0.17
2717,1,A_richness_led,0.17
2718,1,A_richness_led,0.17
2719,1,A_richness_led,0.17
2750,0,A_richness_led,0.17
2751,0,A_richness_led,0.17
2752,0,A_richness_led,0.17
2753,0,A_richness_led,0.17
2755,0,A_richness_led,0.17
2756,0,A_richness_led,0.17
2757,0,A_richness_led,0.17
2758,0,A_richness_led,0.17
2759,0,A_richness_led,0.17
2765,0,A_richness_led,0.17
2766,0,A_richness_led,0.17
2767,0,A_richness_led,0.17
2768,0,A_richness_led,0.17
2769,0,A_richness_led,0.17
2770,0,A_richness_led,0.17
2771,0,A_richness_led,0.17
2773,0,A_richness_led,0.17
2774,0,A_richness_led,0.17
2775,0,A_richness_led,0.17
2776,0,A_richness_led,0.17
2777,0,A_richness_led,0.17
2778,1,A_richness_led,0.17
2779,1,A_richness_led,0.17
2780,1,A_richness_led,0.17
2781,1,A_richness_led,0.17
2782,1,A_richness_led,0.17
2783,1,A_richness_led,0.17
2784,1,A_richness_led,0.17
2785,1,A_richness_led,0.17
2786,1,A_richness_led,0.17
2787,1,A_richness_led,0.17
2788,1,A_richness_led,0.17
2789,1,A_richness_led,0.17
2790,1,A_richness_led,0.17
2791,1,A_richness_led,0.17
2826,0,A_richness_led,0.17
2827,0,A_richness_led,0.17
2838,0,A_richness_led,0.17
2839,0,A_richness_led,0.17
2840,0,A_richness_led,0.17
2841,0,A_richness_led,0.17
2842,0,A_richness_led,0.17
2843,0,A_richness_led,0.17
2844,0,A_richness_led,0.17
2845,0,A_richness_led,0.17
2846,0,A_richness_led,0.17
2847,0,A_richness_led,0.17
2848,0,A_richness_led,0.17
2849,1,A_richness_led,0.17
2850,1,A_richness_led,0.17
2851,1,A_richness_led,0.17
2852,1,A_richness_led,0.17
2853,1,A_richness_led,0.17
2854,1,A_richness_led,0.17
2855,1,A_richness_led,0.17
2856,1,A_richness_led,0.17
2857,1,A_richness_led,0.17
2858,1,A_richness_led,0.17
2859,1,A_richness_led,0.17
2860,1,A_richness_led,0.17
2861,1,A_richness_led,0.17
2862,1,A_richness_led,0.17
2909,0,A_richness_led,0.17
2910,0,A_richness_led,0.17
2911,0,A_richness_led,0.17
2912,0,A_richness_led,0.17
2913,0,A_richness_led,0.17
2914,0,A_richness_led,0.17
2915,0,A_richness_led,0.17
2916,0,A_richness_led,0.17
2917,0,A_richness_led,0.17
2918,0,A_richness_led,0.17
2919,0,A_richness_led,0.17
2920,0,A_richness_led,0.17
2921,1,A_richness_led,0.17
2922,1,A_richness_led,0.17
2923,1,A_richness_led,0.17
2924,1,A_richness_led,0.17
2925,1,A_richness_led,0.17
2926,1,A_richness_led,0.17
2927,1,A_richness_led,0.17
2928,1,A_richness_led,0.17
2929,1,A_richness_led,0.17
2930,1,A_richness_led,0.17
2931,1,A_richness_led,0.17
2932,1,A_richness_led,0.17
2933,1,A_richness_led,0.17
2981,0,A_richness_led,0.17
2982,0,A_richness_led,0.17
2983,0,A_richness_led,0.17
2984,0,A_richness_led,0.17
2985,0,A_richness_led,0.17
2986,0,A_richness_led,0.17
2987,0,A_richness_led,0.17
2988,0,A_richness_led,0.17
2989,0,A_richness_led,0.17
2990,0,A_richness_led,0.17
2991,0,A_richness_led,0.17
2992,1,A_richness_led,0.17
2993,1,A_richness_led,0.17
2994,1,A_richness_led,0.17
2995,1,A_richness_led,0.17
2996,1,A_richness_led,0.17
2997,1,A_richness_led,0.17
2998,1,A_richness_led,0.17
2999,1,A_richness_led,0.17
3000,1,A_richness_led,0.17
3001,1,A_richness_led,0.17
3002,1,A_richness_led,0.17
3003,1,A_richness_led,0.17
3004,1,A_richness_led,0.17
3005,1,A_richness_led,0.17
3052,0,A_richness_led,0.17
3053,0,A_richness_led,0.17
3054,0,A_richness_led,0.17
3055,0,A_richness_led,0.17
3056,0,A_richness_led,0.17
3057,0,A_richness_led,0.17
3058,0,A_richness_led,0.17
3059,0,A_richness_led,0.17
3060,0,A_richness_led,0.17
3061,0,A_richness_led,0.17
3062,0,A_richness_led,0.17
3063,0,A_richness_led,0.17
3064,1,A_richness_led,0.17
3065,1,A_richness_led,0.17
3066,1,A_richness_led,0.17
3067,1,A_richness_led,0.17
3068,1,A_richness_led,0.17
3069,1,A_richness_led,0.17
3070,1,A_richness_led,0.17
3071,1,A_richness_led,0.17
3072,1,A_richness_led,0.17
3073,1,A_richness_led,0.17
3074,1,A_richness_led,0.17
3075,1,A_richness_led,0.17
3076,1,A_richness_led,0.17
3078,1,A_richness_led,0.17
3079,1,A_richness_led,0.17
3124,0,A_richness_led,0.17
3125,0,A_richness_led,0.17
3126,0,A_richness_led,0.17
3127,0,A_richness_led,0.17
3128,0,A_richness_led,0.17
3129,0,A_richness_led,0.17
3130,0,A_richness_led,0.17
3131,0,A_richness_led,0.17
3133,0,A_richness_led,0.17
3134,0,A_richness_led,0.17
3135,0,A_richness_led,0.17
3136,1,A_richness_led,0.17
3137,1,A_richness_led,0.17
3138,1,A_richness_led,0.17
3139,1,A_richness_led,0.17
3140,1,A_richness_led,0.17
3141,1,A_richness_led,0.17
3142,1,A_richness_led,0.17
3143,1,A_richness_led,0.17
3144,1,A_richness_led,0.17
3145,1,A_richness_led,0.17
3146,1,A_richness_led,0.17
3147,1,A_richness_led,0.17
3150,1,A_richness_led,0.17
3151,1,A_richness_led,0.17
3199,0,A_richness_led,0.17
3200,0,A_richness_led,0.17
3202,0,A_richness_led,0.17
3203,0,A_richness_led,0.17
3204,0,A_richness_led,0.17
3205,0,A_richness_led,0.17
3206,0,A_richness_led,0.17
3207,0,A_richness_led,0.17
3208,0,A_richness_led,0.17
3209,1,A_richness_led,0.17
3210,1,A_richness_led,0.17
3211,1,A_richness_led,0.17
3212,1,A_richness_led,0.17
3213,1,A_richness_led,0.17
3214,1,A_richness_led,0.17
3215,1,A_richness_led,0.17
3216,1,A_richness_led,0.17
3217,1,A_richness_led,0.17
3218,1,A_richness_led,0.17
3221,1,A_richness_led,0.17
3222,1,A_richness_led,0.17
3270,0,A_richness_led,0.17
3271,0,A_richness_led,0.17
3272,0,A_richness_led,0.17
3273,0,A_richness_led,0.17
3275,0,A_richness_led,0.17
3278,0,A_richness_led,0.17
3279,0,A_richness_led,0.17
3280,0,A_richness_led,0.17
3281,1,A_richness_led,0.17
3282,1,A_richness_led,0.17
3283,1,A_richness_led,0.17
3284,1,A_richness_led,0.17
3285,1,A_richness_led,0.17
3286,1,A_richness_led,0.17
3287,1,A_richness_led,0.17
3293,1,A_richness_led,0.17
3294,1,A_richness_led,0.17
3295,1,A_richness_led,0.17
3343,0,A_richness_led,0.17
3344,0,A_richness_led,0.17
3345,0,A_richness_led,0.17
3351,0,A_richness_led,0.17
3352,0,A_richness_led,0.17
3353,1,A_richness_led,0.17
3354,1,A_richness_led,0.17
3355,1,A_richness_led,0.17
3356,1,A_richness_led,0.17
3357,1,A_richness_led,0.17
3426,1,A_richness_led,0.17
3427,1,A_richness_led,0.17
3497,0,A_richness_led,0.17
3498,0,A_richness_led,0.17
3499,1,A_richness_led,0.17
3568,0,A_richness_led,0.17
3569,0,A_richness_led,0.17
3570,0,A_richness_led,0.17
3571,1,A_richness_led,0.17
3641,0,A_richness_led,0.17
3642,0,A_richness_led,0.17
56,0,B_functional_distinctiveness,0.17
57,0,B_functional_distinctiveness,0.17
128,0,B_functional_distinctiveness,0.17
198,0,B_functional_distinctiveness,0.17
199,0,B_functional_distinctiveness,0.17
203,0,B_functional_distinctiveness,0.17
270,0,B_functional_distinctiveness,0.17
271,0,B_functional_distinctiveness,0.17
272,0,B_functional_distinctiveness,0.17
274,0,B_functional_distinctiveness,0.17
276,0,B_functional_distinctiveness,0.17
341,0,B_functional_distinctiveness,0.17
342,0,B_functional_distinctiveness,0.17
343,0,B_functional_distinctiveness,0.17
344,0,B_functional_distinctiveness,0.17
345,0,B_functional_distinctiveness,0.17
347,0,B_functional_distinctiveness,0.17
412,0,B_functional_distinctiveness,0.17
413,0,B_functional_distinctiveness,0.17
414,0,B_functional_distinctiveness,0.17
415,0,B_functional_distinctiveness,0.17
416,0,B_functional_distinctiveness,0.17
417,0,B_functional_distinctiveness,0.17
418,0,B_functional_distinctiveness,0.17
483,0,B_functional_distinctiveness,0.17
484,0,B_functional_distinctiveness,0.17
485,0,B_functional_distinctiveness,0.17
486,0,B_functional_distinctiveness,0.17
487,0,B_functional_distinctiveness,0.17
554,0,B_functional_distinctiveness,0.17
555,0,B_functional_distinctiveness,0.17
556,0,B_functional_distinctiveness,0.17
557,0,B_functional_distinctiveness,0.17
558,0,B_functional_distinctiveness,0.17
559,0,B_functional_distinctiveness,0.17
560,0,B_functional_distinctiveness,0.17
561,0,B_functional_distinctiveness,0.17
563,0,B_functional_distinctiveness,0.17
564,0,B_functional_distinctiveness,0.17
592,0,B_functional_distinctiveness,0.17
593,0,B_functional_distinctiveness,0.17
625,0,B_functional_distinctiveness,0.17
626,0,B_functional_distinctiveness,0.17
627,0,B_functional_distinctiveness,0.17
628,0,B_functional_distinctiveness,0.17
629,0,B_functional_distinctiveness,0.17
630,0,B_functional_distinctiveness,0.17
634,0,B_functional_distinctiveness,0.17
635,0,B_functional_distinctiveness,0.17
636,0,B_functional_distinctiveness,0.17
637,0,B_functional_distinctiveness,0.17
640,0,B_functional_distinctiveness,0.17
663,0,B_functional_distinctiveness,0.17
664,0,B_functional_distinctiveness,0.17
665,0,B_functional_distinctiveness,0.17
666,0,B_functional_distinctiveness,0.17
696,0,B_functional_distinctiveness,0.17
698,0,B_functional_distinctiveness,0.17
699,0,B_functional_distinctiveness,0.17
700,0,B_functional_distinctiveness,0.17
701,0,B_functional_distinctiveness,0.17
702,0,B_functional_distinctiveness,0.17
704,0,B_functional_distinctiveness,0.17
705,0,B_functional_distinctiveness,0.17
706,0,B_functional_distinctiveness,0.17
708,0,B_functional_distinctiveness,0.17
710,0,B_functional_distinctiveness,0.17
711,0,B_functional_distinctiveness,0.17
712,0,B_functional_distinctiveness,0.17
716,0,B_functional_distinctiveness,0.17
717,0,B_functional_distinctiveness,0.17
735,0,B_functional_distinctiveness,0.17
736,0,B_functional_distinctiveness,0.17
737,0,B_functional_distinctiveness,0.17
738,0,B_functional_distinctiveness,0.17
772,0,B_functional_distinctiveness,0.17
773,0,B_functional_distinctiveness,0.17
774,0,B_functional_distinctiveness,0.17
775,0,B_functional_distinctiveness,0.17
776,0,B_functional_distinctiveness,0.17
777,0,B_functional_distinctiveness,0.17
778,0,B_functional_distinctiveness,0.17
783,0,B_functional_distinctiveness,0.17
784,0,B_functional_distinctiveness,0.17
787,0,B_functional_distinctiveness,0.17
788,0,B_functional_distinctiveness,0.17
804,0,B_functional_distinctiveness,0.17
805,0,B_functional_distinctiveness,0.17
806,0,B_functional_distinctiveness,0.17
807,0,B_functional_distinctiveness,0.17
808,0,B_functional_distinctiveness,0.17
809,0,B_functional_distinctiveness,0.17
810,0,B_functional_distinctiveness,0.17
811,0,B_functional_distinctiveness,0.17
812,0,B_functional_distinctiveness,0.17
813,0,B_functional_distinctiveness,0.17
845,0,B_functional_distinctiveness,0.17
846,0,B_functional_distinctiveness,0.17
847,0,B_functional_distinctiveness,0.17
848,0,B_functional_distinctiveness,0.17
849,0,B_functional_distinctiveness,0.17
850,0,B_functional_distinctiveness,0.17
851,0,B_functional_distinctiveness,0.17
855,0,B_functional_distinctiveness,0.17
856,0,B_functional_distinctiveness,0.17
857,0,B_functional_distinctiveness,0.17
858,0,B_functional_distinctiveness,0.17
859,0,B_functional_distinctiveness,0.17
860,0,B_functional_distinctiveness,0.17
876,0,B_functional_distinctiveness,0.17
877,0,B_functional_distinctiveness,0.17
878,0,B_functional_distinctiveness,0.17
879,0,B_functional_distinctiveness,0.17
881,0,B_functional_distinctiveness,0.17
882,0,B_functional_distinctiveness,0.17
883,0,B_functional_distinctiveness,0.17
884,0,B_functional_distinctiveness,0.17
885,0,B_functional_distinctiveness,0.17
916,0,B_functional_distinctiveness,0.17
917,0,B_functional_distinctiveness,0.17
918,0,B_functional_distinctiveness,0.17
920,0,B_functional_distinctiveness,0.17
921,0,B_functional_distinctiveness,0.17
922,0,B_functional_distinctiveness,0.17
923,0,B_functional_distinctiveness,0.17
927,0,B_functional_distinctiveness,0.17
929,0,B_functional_distinctiveness,0.17
931,0,B_functional_distinctiveness,0.17
947,0,B_functional_distinctiveness,0.17
948,0,B_functional_distinctiveness,0.17
949,0,B_functional_distinctiveness,0.17
950,0,B_functional_distinctiveness,0.17
951,0,B_functional_distinctiveness,0.17
952,0,B_functional_distinctiveness,0.17
953,0,B_functional_distinctiveness,0.17
955,0,B_functional_distinctiveness,0.17
956,0,B_functional_distinctiveness,0.17
985,0,B_functional_distinctiveness,0.17
986,0,B_functional_distinctiveness,0.17
987,0,B_functional_distinctiveness,0.17
988,0,B_functional_distinctiveness,0.17
989,0,B_functional_distinctiveness,0.17
991,0,B_functional_distinctiveness,0.17
992,0,B_functional_distinctiveness,0.17
993,0,B_functional_distinctiveness,0.17
994,0,B_functional_distinctiveness,0.17
995,0,B_functional_distinctiveness,0.17
996,0,B_functional_distinctiveness,0.17
997,0,B_functional_distinctiveness,0.17
999,0,B_functional_distinctiveness,0.17
1001,0,B_functional_distinctiveness,0.17
1002,0,B_functional_distinctiveness,0.17
1003,0,B_functional_distinctiveness,0.17
1018,0,B_functional_distinctiveness,0.17
1019,0,B_functional_distinctiveness,0.17
1021,0,B_functional_distinctiveness,0.17
1022,0,B_functional_distinctiveness,0.17
1023,0,B_functional_distinctiveness,0.17
1025,0,B_functional_distinctiveness,0.17
1027,0,B_functional_distinctiveness,0.17
1028,0,B_functional_distinctiveness,0.17
1029,0,B_functional_distinctiveness,0.17
1055,0,B_functional_distinctiveness,0.17
1057,0,B_functional_distinctiveness,0.17
1058,0,B_functional_distinctiveness,0.17
1061,0,B_functional_distinctiveness,0.17
1063,0,B_functional_distinctiveness,0.17
1064,0,B_functional_distinctiveness,0.17
1065,0,B_functional_distinctiveness,0.17
1066,0,B_functional_distinctiveness,0.17
1068,0,B_functional_distinctiveness,0.17
1069,0,B_functional_distinctiveness,0.17
1070,0,B_functional_distinctiveness,0.17
1073,0,B_functional_distinctiveness,0.17
1075,0,B_functional_distinctiveness,0.17
1076,0,B_functional_distinctiveness,0.17
1089,0,B_functional_distinctiveness,0.17
1090,0,B_functional_distinctiveness,0.17
1091,0,B_functional_distinctiveness,0.17
1092,0,B_functional_distinctiveness,0.17
1093,0,B_functional_distinctiveness,0.17
1094,0,B_functional_distinctiveness,0.17
1095,0,B_functional_distinctiveness,0.17
1096,0,B_functional_distinctiveness,0.17
1097,0,B_functional_distinctiveness,0.17
1098,0,B_functional_distinctiveness,0.17
1100,0,B_functional_distinctiveness,0.17
1101,0,B_functional_distinctiveness,0.17
1103,0,B_functional_distinctiveness,0.17
1126,0,B_functional_distinctiveness,0.17
1127,0,B_functional_distinctiveness,0.17
1128,0,B_functional_distinctiveness,0.17
1129,0,B_functional_distinctiveness,0.17
1130,0,B_functional_distinctiveness,0.17
1131,0,B_functional_distinctiveness,0.17
1133,0,B_functional_distinctiveness,0.17
1134,0,B_functional_distinctiveness,0.17
1137,0,B_functional_distinctiveness,0.17
1138,0,B_functional_distinctiveness,0.17
1139,0,B_functional_distinctiveness,0.17
1140,0,B_functional_distinctiveness,0.17
1142,0,B_functional_distinctiveness,0.17
1143,0,B_functional_distinctiveness,0.17
1144,0,B_functional_distinctiveness,0.17
1145,0,B_functional_distinctiveness,0.17
1161,0,B_functional_distinctiveness,0.17
1162,0,B_functional_distinctiveness,0.17
1163,0,B_functional_distinctiveness,0.17
1164,0,B_functional_distinctiveness,0.17
1165,0,B_functional_distinctiveness,0.17
1166,0,B_functional_distinctiveness,0.17
1167,0,B_functional_distinctiveness,0.17
1168,0,B_functional_distinctiveness,0.17
1169,0,B_functional_distinctiveness,0.17
1170,0,B_functional_distinctiveness,0.17
1171,0,B_functional_distinctiveness,0.17
1172,0,B_functional_distinctiveness,0.17
1173,0,B_functional_distinctiveness,0.17
1175,0,B_functional_distinctiveness,0.17
1196,0,B_functional_distinctiveness,0.17
1197,0,B_functional_distinctiveness,0.17
1198,0,B_functional_distinctiveness,0.17
1199,0,B_functional_distinctiveness,0.17
1200,0,B_functional_distinctiveness,0.17
1201,0,B_functional_distinctiveness,0.17
1202,0,B_functional_distinctiveness,0.17
1203,0,B_functional_distinctiveness,0.17
1204,0,B_functional_distinctiveness,0.17
1205,0,B_functional_distinctiveness,0.17
1206,0,B_functional_distinctiveness,0.17
1207,0,B_functional_distinctiveness,0.17
1208,0,B_functional_distinctiveness,0.17
1209,0,B_functional_distinctiveness,0.17
1210,0,B_functional_distinctiveness,0.17
1211,0,B_functional_distinctiveness,0.17
1212,0,B_functional_distinctiveness,0.17
1213,0,B_functional_distinctiveness,0.17
1214,0,B_functional_distinctiveness,0.17
1215,0,B_functional_distinctiveness,0.17
1216,0,B_functional_distinctiveness,0.17
1234,0,B_functional_distinctiveness,0.17
1235,0,B_functional_distinctiveness,0.17
1236,0,B_functional_distinctiveness,0.17
1237,0,B_functional_distinctiveness,0.17
1238,0,B_functional_distinctiveness,0.17
1239,0,B_functional_distinctiveness,0.17
1240,0,B_functional_distinctiveness,0.17
1241,0,B_functional_distinctiveness,0.17
1242,0,B_functional_distinctiveness,0.17
1243,0,B_functional_distinctiveness,0.17
1244,0,B_functional_distinctiveness,0.17
1246,0,B_functional_distinctiveness,0.17
1247,0,B_functional_distinctiveness,0.17
1248,0,B_functional_distinctiveness,0.17
1249,0,B_functional_distinctiveness,0.17
1268,0,B_functional_distinctiveness,0.17
1269,0,B_functional_distinctiveness,0.17
1270,0,B_functional_distinctiveness,0.17
1271,0,B_functional_distinctiveness,0.17
1272,0,B_functional_distinctiveness,0.17
1273,0,B_functional_distinctiveness,0.17
1274,0,B_functional_distinctiveness,0.17
1275,0,B_functional_distinctiveness,0.17
1276,0,B_functional_distinctiveness,0.17
1277,0,B_functional_distinctiveness,0.17
1279,0,B_functional_distinctiveness,0.17
1280,0,B_functional_distinctiveness,0.17
1281,0,B_functional_distinctiveness,0.17
1282,0,B_functional_distinctiveness,0.17
1283,0,B_functional_distinctiveness,0.17
1284,0,B_functional_distinctiveness,0.17
1286,0,B_functional_distinctiveness,0.17
1287,0,B_functional_distinctiveness,0.17
1288,0,B_functional_distinctiveness,0.17
1289,0,B_functional_distinctiveness,0.17
1305,0,B_functional_distinctiveness,0.17
1306,0,B_functional_distinctiveness,0.17
1307,0,B_functional_distinctiveness,0.17
1308,0,B_functional_distinctiveness,0.17
1309,0,B_functional_distinctiveness,0.17
1312,0,B_functional_distinctiveness,0.17
1313,0,B_functional_distinctiveness,0.17
1314,0,B_functional_distinctiveness,0.17
1315,0,B_functional_distinctiveness,0.17
1316,0,B_functional_distinctiveness,0.17
1319,0,B_functional_distinctiveness,0.17
1320,0,B_functional_distinctiveness,0.17
1321,0,B_functional_distinctiveness,0.17
1322,0,B_functional_distinctiveness,0.17
1328,0,B_functional_distinctiveness,0.17
1339,0,B_functional_distinctiveness,0.17
1340,0,B_functional_distinctiveness,0.17
1341,0,B_functional_distinctiveness,0.17
1344,0,B_functional_distinctiveness,0.17
1345,0,B_functional_distinctiveness,0.17
1346,0,B_functional_distinctiveness,0.17
1348,0,B_functional_distinctiveness,0.17
1349,0,B_functional_distinctiveness,0.17
1351,0,B_functional_distinctiveness,0.17
1352,0,B_functional_distinctiveness,0.17
1353,0,B_functional_distinctiveness,0.17
1354,0,B_functional_distinctiveness,0.17
1355,0,B_functional_distinctiveness,0.17
1357,0,B_functional_distinctiveness,0.17
1358,0,B_functional_distinctiveness,0.17
1359,0,B_functional_distinctiveness,0.17
1360,0,B_functional_distinctiveness,0.17
1361,0,B_functional_distinctiveness,0.17
1377,0,B_functional_distinctiveness,0.17
1379,0,B_functional_distinctiveness,0.17
1380,0,B_functional_distinctiveness,0.17
1381,0,B_functional_distinctiveness,0.17
1382,0,B_functional_distinctiveness,0.17
1383,0,B_functional_distinctiveness,0.17
1384,0,B_functional_distinctiveness,0.17
1385,0,B_functional_distinctiveness,0.17
1386,0,B_functional_distinctiveness,0.17
1393,0,B_functional_distinctiveness,0.17
1400,0,B_functional_distinctiveness,0.17
1410,0,B_functional_distinctiveness,0.17
1412,0,B_functional_distinctiveness,0.17
1413,0,B_functional_distinctiveness,0.17
1414,0,B_functional_distinctiveness,0.17
1415,0,B_functional_distinctiveness,0.17
1416,0,B_functional_distinctiveness,0.17
1417,0,B_functional_distinctiveness,0.17
1418,0,B_functional_distinctiveness,0.17
1419,0,B_functional_distinctiveness,0.17
1420,0,B_functional_distinctiveness,0.17
1421,0,B_functional_distinctiveness,0.17
1422,0,B_functional_distinctiveness,0.17
1423,0,B_functional_distinctiveness,0.17
1424,0,B_functional_distinctiveness,0.17
1425,0,B_functional_distinctiveness,0.17
1426,0,B_functional_distinctiveness,0.17
1427,0,B_functional_distinctiveness,0.17
1428,0,B_functional_distinctiveness,0.17
1429,0,B_functional_distinctiveness,0.17
1430,0,B_functional_distinctiveness,0.17
1448,0,B_functional_distinctiveness,0.17
1449,0,B_functional_distinctiveness,0.17
1450,0,B_functional_distinctiveness,0.17
1452,0,B_functional_distinctiveness,0.17
1453,0,B_functional_distinctiveness,0.17
1454,0,B_functional_distinctiveness,0.17
1455,0,B_functional_distinctiveness,0.17
1456,0,B_functional_distinctiveness,0.17
1462,0,B_functional_distinctiveness,0.17
1465,0,B_functional_distinctiveness,0.17
1466,0,B_functional_distinctiveness,0.17
1468,0,B_functional_distinctiveness,0.17
1471,0,B_functional_distinctiveness,0.17
1476,0,B_functional_distinctiveness,0.17
1479,0,B_functional_distinctiveness,0.17
1480,0,B_functional_distinctiveness,0.17
1481,0,B_functional_distinctiveness,0.17
1482,0,B_functional_distinctiveness,0.17
1483,0,B_functional_distinctiveness,0.17
1484,0,B_functional_distinctiveness,0.17
1485,0,B_functional_distinctiveness,0.17
1486,0,B_functional_distinctiveness,0.17
1487,0,B_functional_distinctiveness,0.17
1488,0,B_functional_distinctiveness,0.17
1489,0,B_functional_distinctiveness,0.17
1490,0,B_functional_distinctiveness,0.17
1491,0,B_functional_distinctiveness,0.17
1492,0,B_functional_distinctiveness,0.17
1493,0,B_functional_distinctiveness,0.17
1494,0,B_functional_distinctiveness,0.17
1495,0,B_functional_distinctiveness,0.17
1496,0,B_functional_distinctiveness,0.17
1497,0,B_functional_distinctiveness,0.17
1498,0,B_functional_distinctiveness,0.17
1499,0,B_functional_distinctiveness,0.17
1500,0,B_functional_distinctiveness,0.17
1502,0,B_functional_distinctiveness,0.17
1518,0,B_functional_distinctiveness,0.17
1520,0,B_functional_distinctiveness,0.17
1521,0,B_functional_distinctiveness,0.17
1522,0,B_functional_distinctiveness,0.17
1523,0,B_functional_distinctiveness,0.17
1528,0,B_functional_distinctiveness,0.17
1529,0,B_functional_distinctiveness,0.17
1533,0,B_functional_distinctiveness,0.17
1536,0,B_functional_distinctiveness,0.17
1537,0,B_functional_distinctiveness,0.17
1538,0,B_functional_distinctiveness,0.17
1539,0,B_functional_distinctiveness,0.17
1540,0,B_functional_distinctiveness,0.17
1542,0,B_functional_distinctiveness,0.17
1550,0,B_functional_distinctiveness,0.17
1551,0,B_functional_distinctiveness,0.17
1552,0,B_functional_distinctiveness,0.17
1553,0,B_functional_distinctiveness,0.17
1554,0,B_functional_distinctiveness,0.17
1555,0,B_functional_distinctiveness,0.17
1556,0,B_functional_distinctiveness,0.17
1557,0,B_functional_distinctiveness,0.17
1558,0,B_functional_distinctiveness,0.17
1559,0,B_functional_distinctiveness,0.17
1560,0,B_functional_distinctiveness,0.17
1561,0,B_functional_distinctiveness,0.17
1562,0,B_functional_distinctiveness,0.17
1563,0,B_functional_distinctiveness,0.17
1564,0,B_functional_distinctiveness,0.17
1565,0,B_functional_distinctiveness,0.17
1566,0,B_functional_distinctiveness,0.17
1567,0,B_functional_distinctiveness,0.17
1568,0,B_functional_distinctiveness,0.17
1569,0,B_functional_distinctiveness,0.17
1570,0,B_functional_distinctiveness,0.17
1571,0,B_functional_distinctiveness,0.17
1586,0,B_functional_distinctiveness,0.17
1587,0,B_functional_distinctiveness,0.17
1588,0,B_functional_distinctiveness,0.17
1589,0,B_functional_distinctiveness,0.17
1590,0,B_functional_distinctiveness,0.17
1591,0,B_functional_distinctiveness,0.17
1592,0,B_functional_distinctiveness,0.17
1593,0,B_functional_distinctiveness,0.17
1594,0,B_functional_distinctiveness,0.17
1602,0,B_functional_distinctiveness,0.17
1608,0,B_functional_distinctiveness,0.17
1609,0,B_functional_distinctiveness,0.17
1610,0,B_functional_distinctiveness,0.17
1612,0,B_functional_distinctiveness,0.17
1613,0,B_functional_distinctiveness,0.17
1614,0,B_functional_distinctiveness,0.17
1616,0,B_functional_distinctiveness,0.17
1617,0,B_functional_distinctiveness,0.17
1618,0,B_functional_distinctiveness,0.17
1619,0,B_functional_distinctiveness,0.17
1620,0,B_functional_distinctiveness,0.17
1621,0,B_functional_distinctiveness,0.17
1622,0,B_functional_distinctiveness,0.17
1623,0,B_functional_distinctiveness,0.17
1624,0,B_functional_distinctiveness,0.17
1625,0,B_functional_distinctiveness,0.17
1626,0,B_functional_distinctiveness,0.17
1627,0,B_functional_distinctiveness,0.17
1629,0,B_functional_distinctiveness,0.17
1630,0,B_functional_distinctiveness,0.17
1631,0,B_functional_distinctiveness,0.17
1632,0,B_functional_distinctiveness,0.17
1633,0,B_functional_distinctiveness,0.17
1634,0,B_functional_distinctiveness,0.17
1635,0,B_functional_distinctiveness,0.17
1636,0,B_functional_distinctiveness,0.17
1637,1,B_functional_distinctiveness,0.17
1639,0,B_functional_distinctiveness,0.17
1640,0,B_functional_distinctiveness,0.17
1641,0,B_functional_distinctiveness,0.17
1642,0,B_functional_distinctiveness,0.17
1658,0,B_functional_distinctiveness,0.17
1659,0,B_functional_distinctiveness,0.17
1660,0,B_functional_distinctiveness,0.17
1661,0,B_functional_distinctiveness,0.17
1662,0,B_functional_distinctiveness,0.17
1666,0,B_functional_distinctiveness,0.17
1669,0,B_functional_distinctiveness,0.17
1672,0,B_functional_distinctiveness,0.17
1674,0,B_functional_distinctiveness,0.17
1675,0,B_functional_distinctiveness,0.17
1676,0,B_functional_distinctiveness,0.17
1678,0,B_functional_distinctiveness,0.17
1679,0,B_functional_distinctiveness,0.17
1680,0,B_functional_distinctiveness,0.17
1681,0,B_functional_distinctiveness,0.17
1684,0,B_functional_distinctiveness,0.17
1685,0,B_functional_distinctiveness,0.17
1686,0,B_functional_distinctiveness,0.17
1687,0,B_functional_distinctiveness,0.17
1688,0,B_functional_distinctiveness,0.17
1689,0,B_functional_distinctiveness,0.17
1692,0,B_functional_distinctiveness,0.17
1693,0,B_functional_distinctiveness,0.17
1694,0,B_functional_distinctiveness,0.17
1695,0,B_functional_distinctiveness,0.17
1696,0,B_functional_distinctiveness,0.17
1697,0,B_functional_distinctiveness,0.17
1698,0,B_functional_distinctiveness,0.17
1699,0,B_functional_distinctiveness,0.17
1700,0,B_functional_distinctiveness,0.17
1701,0,B_functional_distinctiveness,0.17
1702,0,B_functional_distinctiveness,0.17
1703,0,B_functional_distinctiveness,0.17
1704,0,B_functional_distinctiveness,0.17
1705,0,B_functional_distinctiveness,0.17
1706,0,B_functional_distinctiveness,0.17
1707,0,B_functional_distinctiveness,0.17
1708,1,B_functional_distinctiveness,0.17
1710,1,B_functional_distinctiveness,0.17
1711,0,B_functional_distinctiveness,0.17
1712,0,B_functional_distinctiveness,0.17
1731,0,B_functional_distinctiveness,0.17
1732,0,B_functional_distinctiveness,0.17
1733,0,B_functional_distinctiveness,0.17
1734,0,B_functional_distinctiveness,0.17
1738,0,B_functional_distinctiveness,0.17
1739,0,B_functional_distinctiveness,0.17
1743,0,B_functional_distinctiveness,0.17
1748,0,B_functional_distinctiveness,0.17
1749,0,B_functional_distinctiveness,0.17
1753,0,B_functional_distinctiveness,0.17
1755,0,B_functional_distinctiveness,0.17
1756,0,B_functional_distinctiveness,0.17
1757,0,B_functional_distinctiveness,0.17
1758,0,B_functional_distinctiveness,0.17
1759,0,B_functional_distinctiveness,0.17
1760,0,B_functional_distinctiveness,0.17
1761,0,B_functional_distinctiveness,0.17
1762,0,B_functional_distinctiveness,0.17
1764,0,B_functional_distinctiveness,0.17
1765,0,B_functional_distinctiveness,0.17
1766,0,B_functional_distinctiveness,0.17
1767,0,B_functional_distinctiveness,0.17
1769,0,B_functional_distinctiveness,0.17
1770,0,B_functional_distinctiveness,0.17
1772,0,B_functional_distinctiveness,0.17
1773,0,B_functional_distinctiveness,0.17
1774,0,B_functional_distinctiveness,0.17
1775,0,B_functional_distinctiveness,0.17
1776,0,B_functional_distinctiveness,0.17
1777,0,B_functional_distinctiveness,0.17
1778,0,B_functional_distinctiveness,0.17
1779,0,B_functional_distinctiveness,0.17
1782,0,B_functional_distinctiveness,0.17
1783,0,B_functional_distinctiveness,0.17
1803,0,B_functional_distinctiveness,0.17
1804,0,B_functional_distinctiveness,0.17
1805,0,B_functional_distinctiveness,0.17
1806,0,B_functional_distinctiveness,0.17
1807,0,B_functional_distinctiveness,0.17
1809,0,B_functional_distinctiveness,0.17
1815,0,B_functional_distinctiveness,0.17
1816,0,B_functional_distinctiveness,0.17
1819,0,B_functional_distinctiveness,0.17
1820,0,B_functional_distinctiveness,0.17
1821,0,B_functional_distinctiveness,0.17
1823,0,B_functional_distinctiveness,0.17
1824,0,B_functional_distinctiveness,0.17
1825,0,B_functional_distinctiveness,0.17
1826,0,B_functional_distinctiveness,0.17
1828,0,B_functional_distinctiveness,0.17
1829,0,B_functional_distinctiveness,0.17
1830,0,B_functional_distinctiveness,0.17
1831,0,B_functional_distinctiveness,0.17
1832,0,B_functional_distinctiveness,0.17
1833,0,B_functional_distinctiveness,0.17
1834,0,B_functional_distinctiveness,0.17
1835,0,B_functional_distinctiveness,0.17
1836,0,B_functional_distinctiveness,0.17
1837,0,B_functional_distinctiveness,0.17
1838,0,B_functional_distinctiveness,0.17
1839,0,B_functional_distinctiveness,0.17
1840,0,B_functional_distinctiveness,0.17
1841,0,B_functional_distinctiveness,0.17
1842,0,B_functional_distinctiveness,0.17
1843,0,B_functional_distinctiveness,0.17
1844,0,B_functional_distinctiveness,0.17
1845,0,B_functional_distinctiveness,0.17
1846,0,B_functional_distinctiveness,0.17
1847,0,B_functional_distinctiveness,0.17
1848,0,B_functional_distinctiveness,0.17
1849,0,B_functional_distinctiveness,0.17
1850,0,B_functional_distinctiveness,0.17
1851,0,B_functional_distinctiveness,0.17
1852,0,B_functional_distinctiveness,0.17
1853,0,B_functional_distinctiveness,0.17
1854,0,B_functional_distinctiveness,0.17
1855,0,B_functional_distinctiveness,0.17
1856,0,B_functional_distinctiveness,0.17
1875,0,B_functional_distinctiveness,0.17
1876,0,B_functional_distinctiveness,0.17
1877,0,B_functional_distinctiveness,0.17
1878,0,B_functional_distinctiveness,0.17
1879,0,B_functional_distinctiveness,0.17
1880,0,B_functional_distinctiveness,0.17
1881,0,B_functional_distinctiveness,0.17
1882,0,B_functional_distinctiveness,0.17
1884,0,B_functional_distinctiveness,0.17
1892,0,B_functional_distinctiveness,0.17
1895,0,B_functional_distinctiveness,0.17
1896,0,B_functional_distinctiveness,0.17
1897,0,B_functional_distinctiveness,0.17
1899,0,B_functional_distinctiveness,0.17
1900,0,B_functional_distinctiveness,0.17
1901,0,B_functional_distinctiveness,0.17
1902,0,B_functional_distinctiveness,0.17
1903,0,B_functional_distinctiveness,0.17
1904,0,B_functional_distinctiveness,0.17
1905,0,B_functional_distinctiveness,0.17
1906,0,B_functional_distinctiveness,0.17
1907,0,B_functional_distinctiveness,0.17
1908,0,B_functional_distinctiveness,0.17
1909,0,B_functional_distinctiveness,0.17
1910,0,B_functional_distinctiveness,0.17
1911,0,B_functional_distinctiveness,0.17
1912,0,B_functional_distinctiveness,0.17
1913,0,B_functional_distinctiveness,0.17
1914,0,B_functional_distinctiveness,0.17
1916,0,B_functional_distinctiveness,0.17
1917,0,B_functional_distinctiveness,0.17
1918,0,B_functional_distinctiveness,0.17
1919,0,B_functional_distinctiveness,0.17
1920,0,B_functional_distinctiveness,0.17
1921,0,B_functional_distinctiveness,0.17
1922,0,B_functional_distinctiveness,0.17
1923,0,B_functional_distinctiveness,0.17
1924,0,B_functional_distinctiveness,0.17
1925,0,B_functional_distinctiveness,0.17
1926,0,B_functional_distinctiveness,0.17
1927,0,B_functional_distinctiveness,0.17
1928,1,B_functional_distinctiveness,0.17
1950,0,B_functional_distinctiveness,0.17
1951,0,B_functional_distinctiveness,0.17
1952,0,B_functional_distinctiveness,0.17
1953,0,B_functional_distinctiveness,0.17
1967,0,B_functional_distinctiveness,0.17
1968,0,B_functional_distinctiveness,0.17
1969,0,B_functional_distinctiveness,0.17
1970,0,B_functional_distinctiveness,0.17
1971,0,B_functional_distinctiveness,0.17
1972,0,B_functional_distinctiveness,0.17
1973,0,B_functional_distinctiveness,0.17
1974,0,B_functional_distinctiveness,0.17
1975,0,B_functional_distinctiveness,0.17
1976,0,B_functional_distinctiveness,0.17
1977,0,B_functional_distinctiveness,0.17
1978,0,B_functional_distinctiveness,0.17
1979,0,B_functional_distinctiveness,0.17
1980,0,B_functional_distinctiveness,0.17
1981,0,B_functional_distinctiveness,0.17
1982,0,B_functional_distinctiveness,0.17
1983,0,B_functional_distinctiveness,0.17
1984,0,B_functional_distinctiveness,0.17
1985,0,B_functional_distinctiveness,0.17
1986,0,B_functional_distinctiveness,0.17
1987,0,B_functional_distinctiveness,0.17
1988,0,B_functional_distinctiveness,0.17
1989,0,B_functional_distinctiveness,0.17
1990,0,B_functional_distinctiveness,0.17
1991,0,B_functional_distinctiveness,0.17
1992,0,B_functional_distinctiveness,0.17
1993,0,B_functional_distinctiveness,0.17
1994,0,B_functional_distinctiveness,0.17
1995,0,B_functional_distinctiveness,0.17
1996,0,B_functional_distinctiveness,0.17
1997,0,B_functional_distinctiveness,0.17
1998,1,B_functional_distinctiveness,0.17
2024,0,B_functional_distinctiveness,0.17
2027,0,B_functional_distinctiveness,0.17
2028,0,B_functional_distinctiveness,0.17
2039,0,B_functional_distinctiveness,0.17
2040,0,B_functional_distinctiveness,0.17
2041,0,B_functional_distinctiveness,0.17
2044,0,B_functional_distinctiveness,0.17
2045,0,B_functional_distinctiveness,0.17
2046,0,B_functional_distinctiveness,0.17
2047,0,B_functional_distinctiveness,0.17
2048,0,B_functional_distinctiveness,0.17
2049,0,B_functional_distinctiveness,0.17
2050,0,B_functional_distinctiveness,0.17
2051,0,B_functional_distinctiveness,0.17
2052,0,B_functional_distinctiveness,0.17
2053,0,B_functional_distinctiveness,0.17
2054,0,B_functional_distinctiveness,0.17
2055,0,B_functional_distinctiveness,0.17
2056,0,B_functional_distinctiveness,0.17
2057,0,B_functional_distinctiveness,0.17
2058,0,B_functional_distinctiveness,0.17
2059,0,B_functional_distinctiveness,0.17
2060,0,B_functional_distinctiveness,0.17
2061,0,B_functional_distinctiveness,0.17
2062,0,B_functional_distinctiveness,0.17
2063,0,B_functional_distinctiveness,0.17
2064,0,B_functional_distinctiveness,0.17
2065,0,B_functional_distinctiveness,0.17
2066,0,B_functional_distinctiveness,0.17
2067,0,B_functional_distinctiveness,0.17
2068,0,B_functional_distinctiveness,0.17
2069,1,B_functional_distinctiveness,0.17
2111,0,B_functional_distinctiveness,0.17
2112,0,B_functional_distinctiveness,0.17
2113,0,B_functional_distinctiveness,0.17
2114,0,B_functional_distinctiveness,0.17
2116,0,B_functional_distinctiveness,0.17
2117,0,B_functional_distinctiveness,0.17
2118,0,B_functional_distinctiveness,0.17
2119,0,B_functional_distinctiveness,0.17
2120,0,B_functional_distinctiveness,0.17
2121,0,B_functional_distinctiveness,0.17
2122,0,B_functional_distinctiveness,0.17
2123,0,B_functional_distinctiveness,0.17
2124,0,B_functional_distinctiveness,0.17
2125,0,B_functional_distinctiveness,0.17
2126,0,B_functional_distinctiveness,0.17
2127,0,B_functional_distinctiveness,0.17
2128,0,B_functional_distinctiveness,0.17
2129,0,B_functional_distinctiveness,0.17
2130,0,B_functional_distinctiveness,0.17
2131,0,B_functional_distinctiveness,0.17
2132,0,B_functional_distinctiveness,0.17
2133,0,B_functional_distinctiveness,0.17
2134,0,B_functional_distinctiveness,0.17
2135,0,B_functional_distinctiveness,0.17
2136,0,B_functional_distinctiveness,0.17
2137,0,B_functional_distinctiveness,0.17
2138,0,B_functional_distinctiveness,0.17
2139,1,B_functional_distinctiveness,0.17
2140,1,B_functional_distinctiveness,0.17
2171,0,B_functional_distinctiveness,0.17
2182,0,B_functional_distinctiveness,0.17
2183,0,B_functional_distinctiveness,0.17
2184,0,B_functional_distinctiveness,0.17
2186,0,B_functional_distinctiveness,0.17
2187,0,B_functional_distinctiveness,0.17
2188,0,B_functional_distinctiveness,0.17
2189,0,B_functional_distinctiveness,0.17
2191,0,B_functional_distinctiveness,0.17
2193,0,B_functional_distinctiveness,0.17
2194,0,B_functional_distinctiveness,0.17
2195,0,B_functional_distinctiveness,0.17
2196,0,B_functional_distinctiveness,0.17
2197,0,B_functional_distinctiveness,0.17
2198,0,B_functional_distinctiveness,0.17
2199,0,B_functional_distinctiveness,0.17
2200,0,B_functional_distinctiveness,0.17
2201,0,B_functional_distinctiveness,0.17
2202,0,B_functional_distinctiveness,0.17
2203,0,B_functional_distinctiveness,0.17
2204,0,B_functional_distinctiveness,0.17
2205,0,B_functional_distinctiveness,0.17
2206,0,B_functional_distinctiveness,0.17
2207,0,B_functional_distinctiveness,0.17
2208,0,B_functional_distinctiveness,0.17
2209,0,B_functional_distinctiveness,0.17
2210,1,B_functional_distinctiveness,0.17
2211,1,B_functional_distinctiveness,0.17
2212,1,B_functional_distinctiveness,0.17
2213,1,B_functional_distinctiveness,0.17
2214,1,B_functional_distinctiveness,0.17
2240,0,B_functional_distinctiveness,0.17
2241,0,B_functional_distinctiveness,0.17
2250,0,B_functional_distinctiveness,0.17
2254,0,B_functional_distinctiveness,0.17
2255,0,B_functional_distinctiveness,0.17
2257,0,B_functional_distinctiveness,0.17
2258,0,B_functional_distinctiveness,0.17
2259,0,B_functional_distinctiveness,0.17
2260,0,B_functional_distinctiveness,0.17
2261,0,B_functional_distinctiveness,0.17
2262,0,B_functional_distinctiveness,0.17
2263,0,B_functional_distinctiveness,0.17
2264,0,B_functional_distinctiveness,0.17
2265,0,B_functional_distinctiveness,0.17
2266,0,B_functional_distinctiveness,0.17
2267,0,B_functional_distinctiveness,0.17
2268,0,B_functional_distinctiveness,0.17
2269,0,B_functional_distinctiveness,0.17
2270,0,B_functional_distinctiveness,0.17
2271,0,B_functional_distinctiveness,0.17
2272,0,B_functional_distinctiveness,0.17
2273,0,B_functional_distinctiveness,0.17
2274,0,B_functional_distinctiveness,0.17
2275,0,B_functional_distinctiveness,0.17
2276,0,B_functional_distinctiveness,0.17
2277,0,B_functional_distinctiveness,0.17
2278,0,B_functional_distinctiveness,0.17
2279,0,B_functional_distinctiveness,0.17
2280,0,B_functional_distinctiveness,0.17
2281,1,B_functional_distinctiveness,0.17
2282,1,B_functional_distinctiveness,0.17
2283,1,B_functional_distinctiveness,0.17
2284,1,B_functional_distinctiveness,0.17
2285,1,B_functional_distinctiveness,0.17
2286,1,B_functional_distinctiveness,0.17
2312,0,B_functional_distinctiveness,0.17
2313,0,B_functional_distinctiveness,0.17
2320,0,B_functional_distinctiveness,0.17
2326,0,B_functional_distinctiveness,0.17
2327,0,B_functional_distinctiveness,0.17
2328,0,B_functional_distinctiveness,0.17
2329,0,B_functional_distinctiveness,0.17
2330,0,B_functional_distinctiveness,0.17
2331,0,B_functional_distinctiveness,0.17
2332,0,B_functional_distinctiveness,0.17
2333,0,B_functional_distinctiveness,0.17
2334,0,B_functional_distinctiveness,0.17
2335,0,B_functional_distinctiveness,0.17
2336,0,B_functional_distinctiveness,0.17
2337,0,B_functional_distinctiveness,0.17
2338,0,B_functional_distinctiveness,0.17
2339,0,B_functional_distinctiveness,0.17
2340,0,B_functional_distinctiveness,0.17
2341,0,B_functional_distinctiveness,0.17
2342,0,B_functional_distinctiveness,0.17
2343,0,B_functional_distinctiveness,0.17
2344,0,B_functional_distinctiveness,0.17
2345,0,B_functional_distinctiveness,0.17
2346,0,B_functional_distinctiveness,0.17
2347,0,B_functional_distinctiveness,0.17
2348,0,B_functional_distinctiveness,0.17
2349,0,B_functional_distinctiveness,0.17
2350,0,B_functional_distinctiveness,0.17
2351,0,B_functional_distinctiveness,0.17
2352,1,B_functional_distinctiveness,0.17
2353,1,B_functional_distinctiveness,0.17
2354,1,B_functional_distinctiveness,0.17
2355,1,B_functional_distinctiveness,0.17
2356,1,B_functional_distinctiveness,0.17
2357,1,B_functional_distinctiveness,0.17
2358,1,B_functional_distinctiveness,0.17
2359,1,B_functional_distinctiveness,0.17
2384,0,B_functional_distinctiveness,0.17
2385,0,B_functional_distinctiveness,0.17
2386,0,B_functional_distinctiveness,0.17
2390,0,B_functional_distinctiveness,0.17
2392,0,B_functional_distinctiveness,0.17
2393,0,B_functional_distinctiveness,0.17
2394,0,B_functional_distinctiveness,0.17
2395,0,B_functional_distinctiveness,0.17
2397,0,B_functional_distinctiveness,0.17
2398,0,B_functional_distinctiveness,0.17
2399,0,B_functional_distinctiveness,0.17
2400,0,B_functional_distinctiveness,0.17
2401,0,B_functional_distinctiveness,0.17
2402,0,B_functional_distinctiveness,0.17
2403,0,B_functional_distinctiveness,0.17
2405,0,B_functional_distinctiveness,0.17
2406,0,B_functional_distinctiveness,0.17
2407,0,B_functional_distinctiveness,0.17
2408,0,B_functional_distinctiveness,0.17
2409,0,B_functional_distinctiveness,0.17
2410,0,B_functional_distinctiveness,0.17
2411,0,B_functional_distinctiveness,0.17
2412,0,B_functional_distinctiveness,0.17
2413,0,B_functional_distinctiveness,0.17
2414,0,B_functional_distinctiveness,0.17
2415,0,B_functional_distinctiveness,0.17
2416,0,B_functional_distinctiveness,0.17
2417,0,B_functional_distinctiveness,0.17
2418,0,B_functional_distinctiveness,0.17
2419,0,B_functional_distinctiveness,0.17
2420,0,B_functional_distinctiveness,0.17
2421,0,B_functional_distinctiveness,0.17
2422,1,B_functional_distinctiveness,0.17
2423,1,B_functional_distinctiveness,0.17
2424,1,B_functional_distinctiveness,0.17
2425,1,B_functional_distinctiveness,0.17
2426,1,B_functional_distinctiveness,0.17
2427,1,B_functional_distinctiveness,0.17
2428,1,B_functional_distinctiveness,0.17
2429,1,B_functional_distinctiveness,0.17
2430,1,B_functional_distinctiveness,0.17
2431,1,B_functional_distinctiveness,0.17
2456,0,B_functional_distinctiveness,0.17
2457,0,B_functional_distinctiveness,0.17
2458,0,B_functional_distinctiveness,0.17
2462,0,B_functional_distinctiveness,0.17
2464,0,B_functional_distinctiveness,0.17
2466,0,B_functional_distinctiveness,0.17
2468,0,B_functional_distinctiveness,0.17
2469,0,B_functional_distinctiveness,0.17
2470,0,B_functional_distinctiveness,0.17
2471,0,B_functional_distinctiveness,0.17
2472,0,B_functional_distinctiveness,0.17
2473,0,B_functional_distinctiveness,0.17
2474,0,B_functional_distinctiveness,0.17
2475,0,B_functional_distinctiveness,0.17
2476,0,B_functional_distinctiveness,0.17
2478,0,B_functional_distinctiveness,0.17
2479,0,B_functional_distinctiveness,0.17
2480,0,B_functional_distinctiveness,0.17
2481,0,B_functional_distinctiveness,0.17
2482,0,B_functional_distinctiveness,0.17
2483,0,B_functional_distinctiveness,0.17
2484,0,B_functional_distinctiveness,0.17
2485,0,B_functional_distinctiveness,0.17
2486,0,B_functional_distinctiveness,0.17
2487,0,B_functional_distinctiveness,0.17
2488,0,B_functional_distinctiveness,0.17
2489,0,B_functional_distinctiveness,0.17
2490,0,B_functional_distinctiveness,0.17
2491,0,B_functional_distinctiveness,0.17
2492,0,B_functional_distinctiveness,0.17
2493,1,B_functional_distinctiveness,0.17
2494,1,B_functional_distinctiveness,0.17
2495,1,B_functional_distinctiveness,0.17
2496,1,B_functional_distinctiveness,0.17
2497,1,B_functional_distinctiveness,0.17
2498,1,B_functional_distinctiveness,0.17
2499,1,B_functional_distinctiveness,0.17
2500,1,B_functional_distinctiveness,0.17
2501,1,B_functional_distinctiveness,0.17
2502,1,B_functional_distinctiveness,0.17
2503,1,B_functional_distinctiveness,0.17
2530,0,B_functional_distinctiveness,0.17
2531,0,B_functional_distinctiveness,0.17
2532,0,B_functional_distinctiveness,0.17
2535,0,B_functional_distinctiveness,0.17
2539,0,B_functional_distinctiveness,0.17
2540,0,B_functional_distinctiveness,0.17
2541,0,B_functional_distinctiveness,0.17
2542,0,B_functional_distinctiveness,0.17
2544,0,B_functional_distinctiveness,0.17
2545,0,B_functional_distinctiveness,0.17
2546,0,B_functional_distinctiveness,0.17
2547,0,B_functional_distinctiveness,0.17
2548,0,B_functional_distinctiveness,0.17
2549,0,B_functional_distinctiveness,0.17
2550,0,B_functional_distinctiveness,0.17
2551,0,B_functional_distinctiveness,0.17
2552,0,B_functional_distinctiveness,0.17
2553,0,B_functional_distinctiveness,0.17
2554,0,B_functional_distinctiveness,0.17
2555,0,B_functional_distinctiveness,0.17
2556,0,B_functional_distinctiveness,0.17
2557,0,B_functional_distinctiveness,0.17
2558,0,B_functional_distinctiveness,0.17
2559,0,B_functional_distinctiveness,0.17
2560,0,B_functional_distinctiveness,0.17
2561,0,B_functional_distinctiveness,0.17
2562,0,B_functional_distinctiveness,0.17
2563,0,B_functional_distinctiveness,0.17
2564,1,B_functional_distinctiveness,0.17
2565,1,B_functional_distinctiveness,0.17
2566,1,B_functional_distinctiveness,0.17
2567,1,B_functional_distinctiveness,0.17
2568,1,B_functional_distinctiveness,0.17
2569,1,B_functional_distinctiveness,0.17
2570,1,B_functional_distinctiveness,0.17
2571,1,B_functional_distinctiveness,0.17
2572,1,B_functional_distinctiveness,0.17
2573,1,B_functional_distinctiveness,0.17
2574,1,B_functional_distinctiveness,0.17
2575,1,B_functional_distinctiveness,0.17
2576,1,B_functional_distinctiveness,0.17
2605,0,B_functional_distinctiveness,0.17
2606,0,B_functional_distinctiveness,0.17
2607,0,B_functional_distinctiveness,0.17
2608,0,B_functional_distinctiveness,0.17
2609,0,B_functional_distinctiveness,0.17
2610,0,B_functional_distinctiveness,0.17
2611,0,B_functional_distinctiveness,0.17
2612,0,B_functional_distinctiveness,0.17
2613,0,B_functional_distinctiveness,0.17
2614,0,B_functional_distinctiveness,0.17
2615,0,B_functional_distinctiveness,0.17
2616,0,B_functional_distinctiveness,0.17
2617,0,B_functional_distinctiveness,0.17
2618,0,B_functional_distinctiveness,0.17
2619,0,B_functional_distinctiveness,0.17
2620,0,B_functional_distinctiveness,0.17
2621,0,B_functional_distinctiveness,0.17
2622,0,B_functional_distinctiveness,0.17
2623,0,B_functional_distinctiveness,0.17
2624,0,B_functional_distinctiveness,0.17
2625,0,B_functional_distinctiveness,0.17
2626,0,B_functional_distinctiveness,0.17
2627,0,B_functional_distinctiveness,0.17
2628,0,B_functional_distinctiveness,0.17
2629,0,B_functional_distinctiveness,0.17
2630,0,B_functional_distinctiveness,0.17
2631,0,B_functional_distinctiveness,0.17
2632,0,B_functional_distinctiveness,0.17
2633,0,B_functional_distinctiveness,0.17
2634,0,B_functional_distinctiveness,0.17
2635,1,B_functional_distinctiveness,0.17
2636,1,B_functional_distinctiveness,0.17
2637,1,B_functional_distinctiveness,0.17
2638,1,B_functional_distinctiveness,0.17
2639,1,B_functional_distinctiveness,0.17
2640,1,B_functional_distinctiveness,0.17
2641,1,B_functional_distinctiveness,0.17
2642,1,B_functional_distinctiveness,0.17
2643,1,B_functional_distinctiveness,0.17
2644,1,B_functional_distinctiveness,0.17
2645,1,B_functional_distinctiveness,0.17
2646,1,B_functional_distinctiveness,0.17
2647,1,B_functional_distinctiveness,0.17
2648,1,B_functional_distinctiveness,0.17
2678,0,B_functional_distinctiveness,0.17
2679,0,B_functional_distinctiveness,0.17
2680,0,B_functional_distinctiveness,0.17
2681,0,B_functional_distinctiveness,0.17
2682,0,B_functional_distinctiveness,0.17
2683,0,B_functional_distinctiveness,0.17
2684,0,B_functional_distinctiveness,0.17
2685,0,B_functional_distinctiveness,0.17
2686,0,B_functional_distinctiveness,0.17
2687,0,B_functional_distinctiveness,0.17
2688,0,B_functional_distinctiveness,0.17
2689,0,B_functional_distinctiveness,0.17
2691,0,B_functional_distinctiveness,0.17
2692,0,B_functional_distinctiveness,0.17
2693,0,B_functional_distinctiveness,0.17
2694,0,B_functional_distinctiveness,0.17
2695,0,B_functional_distinctiveness,0.17
2696,0,B_functional_distinctiveness,0.17
2697,0,B_functional_distinctiveness,0.17
2698,0,B_functional_distinctiveness,0.17
2699,0,B_functional_distinctiveness,0.17
2700,0,B_functional_distinctiveness,0.17
2701,0,B_functional_distinctiveness,0.17
2702,0,B_functional_distinctiveness,0.17
2703,0,B_functional_distinctiveness,0.17
2704,0,B_functional_distinctiveness,0.17
2705,0,B_functional_distinctiveness,0.17
2706,0,B_functional_distinctiveness,0.17
2707,1,B_functional_distinctiveness,0.17
2708,1,B_functional_distinctiveness,0.17
2709,1,B_functional_distinctiveness,0.17
2710,1,B_functional_distinctiveness,0.17
2711,1,B_functional_distinctiveness,0.17
2712,1,B_functional_distinctiveness,0.17
2713,1,B_functional_distinctiveness,0.17
2714,1,B_functional_distinctiveness,0.17
2715,1,B_functional_distinctiveness,0.17
2716,1,B_functional_distinctiveness,0.17
2717,1,B_functional_distinctiveness,0.17
2718,1,B_functional_distinctiveness,0.17
2719,1,B_functional_distinctiveness,0.17
2750,0,B_functional_distinctiveness,0.17
2751,0,B_functional_distinctiveness,0.17
2752,0,B_functional_distinctiveness,0.17
2753,0,B_functional_distinctiveness,0.17
2755,0,B_functional_distinctiveness,0.17
2756,0,B_functional_distinctiveness,0.17
2757,0,B_functional_distinctiveness,0.17
2758,0,B_functional_distinctiveness,0.17
2759,0,B_functional_distinctiveness,0.17
2765,0,B_functional_distinctiveness,0.17
2766,0,B_functional_distinctiveness,0.17
2767,0,B_functional_distinctiveness,0.17
2768,0,B_functional_distinctiveness,0.17
2769,0,B_functional_distinctiveness,0.17
2770,0,B_functional_distinctiveness,0.17
2771,0,B_functional_distinctiveness,0.17
2773,0,B_functional_distinctiveness,0.17
2774,0,B_functional_distinctiveness,0.17
2775,0,B_functional_distinctiveness,0.17
2776,0,B_functional_distinctiveness,0.17
2777,0,B_functional_distinctiveness,0.17
2778,1,B_functional_distinctiveness,0.17
2779,1,B_functional_distinctiveness,0.17
2780,1,B_functional_distinctiveness,0.17
2781,1,B_functional_distinctiveness,0.17
2782,1,B_functional_distinctiveness,0.17
2783,1,B_functional_distinctiveness,0.17
2784,1,B_functional_distinctiveness,0.17
2785,1,B_functional_distinctiveness,0.17
2786,1,B_functional_distinctiveness,0.17
2787,1,B_functional_distinctiveness,0.17
2788,1,B_functional_distinctiveness,0.17
2789,1,B_functional_distinctiveness,0.17
2790,1,B_functional_distinctiveness,0.17
2791,1,B_functional_distinctiveness,0.17
2826,0,B_functional_distinctiveness,0.17
2827,0,B_functional_distinctiveness,0.17
2838,0,B_functional_distinctiveness,0.17
2839,0,B_functional_distinctiveness,0.17
2840,0,B_functional_distinctiveness,0.17
2841,0,B_functional_distinctiveness,0.17
2842,0,B_functional_distinctiveness,0.17
2843,0,B_functional_distinctiveness,0.17
2844,0,B_functional_distinctiveness,0.17
2845,0,B_functional_distinctiveness,0.17
2846,0,B_functional_distinctiveness,0.17
2847,0,B_functional_distinctiveness,0.17
2848,0,B_functional_distinctiveness,0.17
2849,1,B_functional_distinctiveness,0.17
2850,1,B_functional_distinctiveness,0.17
2851,1,B_functional_distinctiveness,0.17
2852,1,B_functional_distinctiveness,0.17
2853,1,B_functional_distinctiveness,0.17
2854,1,B_functional_distinctiveness,0.17
2855,1,B_functional_distinctiveness,0.17
2856,1,B_functional_distinctiveness,0.17
2857,1,B_functional_distinctiveness,0.17
2858,1,B_functional_distinctiveness,0.17
2859,1,B_functional_distinctiveness,0.17
2860,1,B_functional_distinctiveness,0.17
2861,1,B_functional_distinctiveness,0.17
2862,1,B_functional_distinctiveness,0.17
2909,0,B_functional_distinctiveness,0.17
2910,0,B_functional_distinctiveness,0.17
2911,0,B_functional_distinctiveness,0.17
2912,0,B_functional_distinctiveness,0.17
2913,0,B_functional_distinctiveness,0.17
2914,0,B_functional_distinctiveness,0.17
2915,0,B_functional_distinctiveness,0.17
2916,0,B_functional_distinctiveness,0.17
2917,0,B_functional_distinctiveness,0.17
2918,0,B_functional_distinctiveness,0.17
2919,0,B_functional_distinctiveness,0.17
2920,1,B_functional_distinctiveness,0.17
2921,1,B_functional_distinctiveness,0.17
2922,1,B_functional_distinctiveness,0.17
2923,1,B_functional_distinctiveness,0.17
2924,1,B_functional_distinctiveness,0.17
2925,1,B_functional_distinctiveness,0.17
2926,1,B_functional_distinctiveness,0.17
2927,1,B_functional_distinctiveness,0.17
2928,1,B_functional_distinctiveness,0.17
2929,1,B_functional_distinctiveness,0.17
2930,1,B_functional_distinctiveness,0.17
2931,1,B_functional_distinctiveness,0.17
2932,1,B_functional_distinctiveness,0.17
2933,1,B_functional_distinctiveness,0.17
2981,0,B_functional_distinctiveness,0.17
2982,0,B_functional_distinctiveness,0.17
2983,0,B_functional_distinctiveness,0.17
2984,0,B_functional_distinctiveness,0.17
2985,0,B_functional_distinctiveness,0.17
2986,0,B_functional_distinctiveness,0.17
2987,0,B_functional_distinctiveness,0.17
2988,0,B_functional_distinctiveness,0.17
2989,0,B_functional_distinctiveness,0.17
2990,0,B_functional_distinctiveness,0.17
2991,0,B_functional_distinctiveness,0.17
2992,1,B_functional_distinctiveness,0.17
2993,1,B_functional_distinctiveness,0.17
2994,1,B_functional_distinctiveness,0.17
2995,1,B_functional_distinctiveness,0.17
2996,1,B_functional_distinctiveness,0.17
2997,1,B_functional_distinctiveness,0.17
2998,1,B_functional_distinctiveness,0.17
2999,1,B_functional_distinctiveness,0.17
3000,1,B_functional_distinctiveness,0.17
3001,1,B_functional_distinctiveness,0.17
3002,1,B_functional_distinctiveness,0.17
3003,1,B_functional_distinctiveness,0.17
3004,1,B_functional_distinctiveness,0.17
3005,1,B_functional_distinctiveness,0.17
3052,0,B_functional_distinctiveness,0.17
3053,0,B_functional_distinctiveness,0.17
3054,0,B_functional_distinctiveness,0.17
3055,0,B_functional_distinctiveness,0.17
3056,0,B_functional_distinctiveness,0.17
3057,0,B_functional_distinctiveness,0.17
3058,0,B_functional_distinctiveness,0.17
3059,0,B_functional_distinctiveness,0.17
3060,0,B_functional_distinctiveness,0.17
3061,0,B_functional_distinctiveness,0.17
3062,0,B_functional_distinctiveness,0.17
3063,0,B_functional_distinctiveness,0.17
3064,1,B_functional_distinctiveness,0.17
3065,1,B_functional_distinctiveness,0.17
3066,1,B_functional_distinctiveness,0.17
3067,1,B_functional_distinctiveness,0.17
3068,1,B_functional_distinctiveness,0.17
3069,1,B_functional_distinctiveness,0.17
3070,1,B_functional_distinctiveness,0.17
3071,1,B_functional_distinctiveness,0.17
3072,1,B_functional_distinctiveness,0.17
3073,1,B_functional_distinctiveness,0.17
3074,1,B_functional_distinctiveness,0.17
3075,1,B_functional_distinctiveness,0.17
3076,1,B_functional_distinctiveness,0.17
3078,1,B_functional_distinctiveness,0.17
3079,1,B_functional_distinctiveness,0.17
3124,0,B_functional_distinctiveness,0.17
3125,0,B_functional_distinctiveness,0.17
3126,0,B_functional_distinctiveness,0.17
3127,0,B_functional_distinctiveness,0.17
3128,0,B_functional_distinctiveness,0.17
3129,0,B_functional_distinctiveness,0.17
3130,0,B_functional_distinctiveness,0.17
3131,0,B_functional_distinctiveness,0.17
3133,0,B_functional_distinctiveness,0.17
3134,0,B_functional_distinctiveness,0.17
3135,1,B_functional_distinctiveness,0.17
3136,1,B_functional_distinctiveness,0.17
3137,1,B_functional_distinctiveness,0.17
3138,1,B_functional_distinctiveness,0.17
3139,1,B_functional_distinctiveness,0.17
3140,1,B_functional_distinctiveness,0.17
3141,1,B_functional_distinctiveness,0.17
3142,1,B_functional_distinctiveness,0.17
3143,1,B_functional_distinctiveness,0.17
3144,1,B_functional_distinctiveness,0.17
3145,1,B_functional_distinctiveness,0.17
3146,1,B_functional_distinctiveness,0.17
3147,1,B_functional_distinctiveness,0.17
3150,1,B_functional_distinctiveness,0.17
3151,1,B_functional_distinctiveness,0.17
3199,0,B_functional_distinctiveness,0.17
3200,0,B_functional_distinctiveness,0.17
3202,0,B_functional_distinctiveness,0.17
3203,0,B_functional_distinctiveness,0.17
3204,0,B_functional_distinctiveness,0.17
3205,0,B_functional_distinctiveness,0.17
3206,0,B_functional_distinctiveness,0.17
3207,0,B_functional_distinctiveness,0.17
3208,1,B_functional_distinctiveness,0.17
3209,1,B_functional_distinctiveness,0.17
3210,1,B_functional_distinctiveness,0.17
3211,1,B_functional_distinctiveness,0.17
3212,1,B_functional_distinctiveness,0.17
3213,1,B_functional_distinctiveness,0.17
3214,1,B_functional_distinctiveness,0.17
3215,1,B_functional_distinctiveness,0.17
3216,1,B_functional_distinctiveness,0.17
3217,1,B_functional_distinctiveness,0.17
3218,1,B_functional_distinctiveness,0.17
3221,1,B_functional_distinctiveness,0.17
3222,1,B_functional_distinctiveness,0.17
3270,0,B_functional_distinctiveness,0.17
3271,0,B_functional_distinctiveness,0.17
3272,0,B_functional_distinctiveness,0.17
3273,0,B_functional_distinctiveness,0.17
3275,0,B_functional_distinctiveness,0.17
3278,0,B_functional_distinctiveness,0.17
3279,0,B_functional_distinctiveness,0.17
3280,1,B_functional_distinctiveness,0.17
3281,1,B_functional_distinctiveness,0.17
3282,1,B_functional_distinctiveness,0.17
3283,1,B_functional_distinctiveness,0.17
3284,1,B_functional_distinctiveness,0.17
3285,1,B_functional_distinctiveness,0.17
3286,1,B_functional_distinctiveness,0.17
3287,1,B_functional_distinctiveness,0.17
3293,1,B_functional_distinctiveness,0.17
3294,1,B_functional_distinctiveness,0.17
3295,1,B_functional_distinctiveness,0.17
3343,0,B_functional_distinctiveness,0.17
3344,0,B_functional_distinctiveness,0.17
3345,0,B_functional_distinctiveness,0.17
3351,0,B_functional_distinctiveness,0.17
3352,1,B_functional_distinctiveness,0.17
3353,1,B_functional_distinctiveness,0.17
3354,1,B_functional_distinctiveness,0.17
3355,1,B_functional_distinctiveness,0.17
3356,1,B_functional_distinctiveness,0.17
3357,1,B_functional_distinctiveness,0.17
3426,1,B_functional_distinctiveness,0.17
3427,1,B_functional_distinctiveness,0.17
3497,1,B_functional_distinctiveness,0.17
3498,1,B_functional_distinctiveness,0.17
3499,1,B_functional_distinctiveness,0.17
3568,0,B_functional_distinctiveness,0.17
3569,0,B_functional_distinctiveness,0.17
3570,1,B_functional_distinctiveness,0.17
3571,1,B_functional_distinctiveness,0.17
3641,0,B_functional_distinctiveness,0.17
3642,0,B_functional_distinctiveness,0.17
56,0,C_homogenization_risk,0.17
57,0,C_homogenization_risk,0.17
128,0,C_homogenization_risk,0.17
198,0,C_homogenization_risk,0.17
199,0,C_homogenization_risk,0.17
203,0,C_homogenization_risk,0.17
270,0,C_homogenization_risk,0.17
271,0,C_homogenization_risk,0.17
272,0,C_homogenization_risk,0.17
274,0,C_homogenization_risk,0.17
276,0,C_homogenization_risk,0.17
341,0,C_homogenization_risk,0.17
342,0,C_homogenization_risk,0.17
343,0,C_homogenization_risk,0.17
344,0,C_homogenization_risk,0.17
345,0,C_homogenization_risk,0.17
347,0,C_homogenization_risk,0.17
412,0,C_homogenization_risk,0.17
413,0,C_homogenization_risk,0.17
414,0,C_homogenization_risk,0.17
415,0,C_homogenization_risk,0.17
416,0,C_homogenization_risk,0.17
417,0,C_homogenization_risk,0.17
418,0,C_homogenization_risk,0.17
483,0,C_homogenization_risk,0.17
484,0,C_homogenization_risk,0.17
485,0,C_homogenization_risk,0.17
486,0,C_homogenization_risk,0.17
487,0,C_homogenization_risk,0.17
554,0,C_homogenization_risk,0.17
555,0,C_homogenization_risk,0.17
556,0,C_homogenization_risk,0.17
557,0,C_homogenization_risk,0.17
558,0,C_homogenization_risk,0.17
559,0,C_homogenization_risk,0.17
560,0,C_homogenization_risk,0.17
561,0,C_homogenization_risk,0.17
563,0,C_homogenization_risk,0.17
564,0,C_homogenization_risk,0.17
592,0,C_homogenization_risk,0.17
593,0,C_homogenization_risk,0.17
625,0,C_homogenization_risk,0.17
626,0,C_homogenization_risk,0.17
627,0,C_homogenization_risk,0.17
628,0,C_homogenization_risk,0.17
629,0,C_homogenization_risk,0.17
630,0,C_homogenization_risk,0.17
634,0,C_homogenization_risk,0.17
635,0,C_homogenization_risk,0.17
636,0,C_homogenization_risk,0.17
637,0,C_homogenization_risk,0.17
640,0,C_homogenization_risk,0.17
663,0,C_homogenization_risk,0.17
664,0,C_homogenization_risk,0.17
665,0,C_homogenization_risk,0.17
666,0,C_homogenization_risk,0.17
696,0,C_homogenization_risk,0.17
698,0,C_homogenization_risk,0.17
699,0,C_homogenization_risk,0.17
700,0,C_homogenization_risk,0.17
701,0,C_homogenization_risk,0.17
702,0,C_homogenization_risk,0.17
704,0,C_homogenization_risk,0.17
705,0,C_homogenization_risk,0.17
706,0,C_homogenization_risk,0.17
708,0,C_homogenization_risk,0.17
710,0,C_homogenization_risk,0.17
711,0,C_homogenization_risk,0.17
712,0,C_homogenization_risk,0.17
716,0,C_homogenization_risk,0.17
717,0,C_homogenization_risk,0.17
735,0,C_homogenization_risk,0.17
736,0,C_homogenization_risk,0.17
737,0,C_homogenization_risk,0.17
738,0,C_homogenization_risk,0.17
772,0,C_homogenization_risk,0.17
773,0,C_homogenization_risk,0.17
774,0,C_homogenization_risk,0.17
775,0,C_homogenization_risk,0.17
776,0,C_homogenization_risk,0.17
777,0,C_homogenization_risk,0.17
778,0,C_homogenization_risk,0.17
783,0,C_homogenization_risk,0.17
784,0,C_homogenization_risk,0.17
787,0,C_homogenization_risk,0.17
788,0,C_homogenization_risk,0.17
804,0,C_homogenization_risk,0.17
805,0,C_homogenization_risk,0.17
806,0,C_homogenization_risk,0.17
807,0,C_homogenization_risk,0.17
808,0,C_homogenization_risk,0.17
809,0,C_homogenization_risk,0.17
810,0,C_homogenization_risk,0.17
811,0,C_homogenization_risk,0.17
812,0,C_homogenization_risk,0.17
813,0,C_homogenization_risk,0.17
845,0,C_homogenization_risk,0.17
846,0,C_homogenization_risk,0.17
847,0,C_homogenization_risk,0.17
848,0,C_homogenization_risk,0.17
849,0,C_homogenization_risk,0.17
850,0,C_homogenization_risk,0.17
851,0,C_homogenization_risk,0.17
855,0,C_homogenization_risk,0.17
856,0,C_homogenization_risk,0.17
857,0,C_homogenization_risk,0.17
858,0,C_homogenization_risk,0.17
859,0,C_homogenization_risk,0.17
860,0,C_homogenization_risk,0.17
876,0,C_homogenization_risk,0.17
877,0,C_homogenization_risk,0.17
878,0,C_homogenization_risk,0.17
879,0,C_homogenization_risk,0.17
881,0,C_homogenization_risk,0.17
882,0,C_homogenization_risk,0.17
883,0,C_homogenization_risk,0.17
884,0,C_homogenization_risk,0.17
885,0,C_homogenization_risk,0.17
916,0,C_homogenization_risk,0.17
917,0,C_homogenization_risk,0.17
918,0,C_homogenization_risk,0.17
920,0,C_homogenization_risk,0.17
921,0,C_homogenization_risk,0.17
922,0,C_homogenization_risk,0.17
923,0,C_homogenization_risk,0.17
927,0,C_homogenization_risk,0.17
929,0,C_homogenization_risk,0.17
931,0,C_homogenization_risk,0.17
947,0,C_homogenization_risk,0.17
948,0,C_homogenization_risk,0.17
949,0,C_homogenization_risk,0.17
950,0,C_homogenization_risk,0.17
951,0,C_homogenization_risk,0.17
952,0,C_homogenization_risk,0.17
953,0,C_homogenization_risk,0.17
955,0,C_homogenization_risk,0.17
956,0,C_homogenization_risk,0.17
985,0,C_homogenization_risk,0.17
986,0,C_homogenization_risk,0.17
987,0,C_homogenization_risk,0.17
988,0,C_homogenization_risk,0.17
989,0,C_homogenization_risk,0.17
991,0,C_homogenization_risk,0.17
992,0,C_homogenization_risk,0.17
993,0,C_homogenization_risk,0.17
994,0,C_homogenization_risk,0.17
995,0,C_homogenization_risk,0.17
996,0,C_homogenization_risk,0.17
997,0,C_homogenization_risk,0.17
999,0,C_homogenization_risk,0.17
1001,0,C_homogenization_risk,0.17
1002,0,C_homogenization_risk,0.17
1003,0,C_homogenization_risk,0.17
1018,0,C_homogenization_risk,0.17
1019,0,C_homogenization_risk,0.17
1021,0,C_homogenization_risk,0.17
1022,0,C_homogenization_risk,0.17
1023,0,C_homogenization_risk,0.17
1025,0,C_homogenization_risk,0.17
1027,0,C_homogenization_risk,0.17
1028,0,C_homogenization_risk,0.17
1029,0,C_homogenization_risk,0.17
1055,0,C_homogenization_risk,0.17
1057,0,C_homogenization_risk,0.17
1058,0,C_homogenization_risk,0.17
1061,0,C_homogenization_risk,0.17
1063,0,C_homogenization_risk,0.17
1064,0,C_homogenization_risk,0.17
1065,0,C_homogenization_risk,0.17
1066,0,C_homogenization_risk,0.17
1068,0,C_homogenization_risk,0.17
1069,0,C_homogenization_risk,0.17
1070,0,C_homogenization_risk,0.17
1073,0,C_homogenization_risk,0.17
1075,0,C_homogenization_risk,0.17
1076,0,C_homogenization_risk,0.17
1089,0,C_homogenization_risk,0.17
1090,0,C_homogenization_risk,0.17
1091,0,C_homogenization_risk,0.17
1092,0,C_homogenization_risk,0.17
1093,0,C_homogenization_risk,0.17
1094,0,C_homogenization_risk,0.17
1095,0,C_homogenization_risk,0.17
1096,0,C_homogenization_risk,0.17
1097,0,C_homogenization_risk,0.17
1098,0,C_homogenization_risk,0.17
1100,0,C_homogenization_risk,0.17
1101,0,C_homogenization_risk,0.17
1103,0,C_homogenization_risk,0.17
1126,0,C_homogenization_risk,0.17
1127,0,C_homogenization_risk,0.17
1128,0,C_homogenization_risk,0.17
1129,0,C_homogenization_risk,0.17
1130,0,C_homogenization_risk,0.17
1131,0,C_homogenization_risk,0.17
1133,0,C_homogenization_risk,0.17
1134,0,C_homogenization_risk,0.17
1137,0,C_homogenization_risk,0.17
1138,0,C_homogenization_risk,0.17
1139,0,C_homogenization_risk,0.17
1140,0,C_homogenization_risk,0.17
1142,0,C_homogenization_risk,0.17
1143,0,C_homogenization_risk,0.17
1144,0,C_homogenization_risk,0.17
1145,0,C_homogenization_risk,0.17
1161,0,C_homogenization_risk,0.17
1162,0,C_homogenization_risk,0.17
1163,0,C_homogenization_risk,0.17
1164,0,C_homogenization_risk,0.17
1165,0,C_homogenization_risk,0.17
1166,0,C_homogenization_risk,0.17
1167,0,C_homogenization_risk,0.17
1168,0,C_homogenization_risk,0.17
1169,0,C_homogenization_risk,0.17
1170,0,C_homogenization_risk,0.17
1171,0,C_homogenization_risk,0.17
1172,0,C_homogenization_risk,0.17
1173,0,C_homogenization_risk,0.17
1175,0,C_homogenization_risk,0.17
1196,0,C_homogenization_risk,0.17
1197,0,C_homogenization_risk,0.17
1198,0,C_homogenization_risk,0.17
1199,0,C_homogenization_risk,0.17
1200,0,C_homogenization_risk,0.17
1201,0,C_homogenization_risk,0.17
1202,0,C_homogenization_risk,0.17
1203,0,C_homogenization_risk,0.17
1204,0,C_homogenization_risk,0.17
1205,0,C_homogenization_risk,0.17
1206,0,C_homogenization_risk,0.17
1207,0,C_homogenization_risk,0.17
1208,0,C_homogenization_risk,0.17
1209,0,C_homogenization_risk,0.17
1210,0,C_homogenization_risk,0.17
1211,0,C_homogenization_risk,0.17
1212,0,C_homogenization_risk,0.17
1213,0,C_homogenization_risk,0.17
1214,0,C_homogenization_risk,0.17
1215,0,C_homogenization_risk,0.17
1216,0,C_homogenization_risk,0.17
1234,0,C_homogenization_risk,0.17
1235,0,C_homogenization_risk,0.17
1236,0,C_homogenization_risk,0.17
1237,0,C_homogenization_risk,0.17
1238,0,C_homogenization_risk,0.17
1239,0,C_homogenization_risk,0.17
1240,0,C_homogenization_risk,0.17
1241,0,C_homogenization_risk,0.17
1242,0,C_homogenization_risk,0.17
1243,0,C_homogenization_risk,0.17
1244,0,C_homogenization_risk,0.17
1246,0,C_homogenization_risk,0.17
1247,0,C_homogenization_risk,0.17
1248,0,C_homogenization_risk,0.17
1249,0,C_homogenization_risk,0.17
1268,0,C_homogenization_risk,0.17
1269,0,C_homogenization_risk,0.17
1270,0,C_homogenization_risk,0.17
1271,0,C_homogenization_risk,0.17
1272,0,C_homogenization_risk,0.17
1273,0,C_homogenization_risk,0.17
1274,0,C_homogenization_risk,0.17
1275,0,C_homogenization_risk,0.17
1276,0,C_homogenization_risk,0.17
1277,0,C_homogenization_risk,0.17
1279,0,C_homogenization_risk,0.17
1280,0,C_homogenization_risk,0.17
1281,0,C_homogenization_risk,0.17
1282,0,C_homogenization_risk,0.17
1283,0,C_homogenization_risk,0.17
1284,0,C_homogenization_risk,0.17
1286,0,C_homogenization_risk,0.17
1287,0,C_homogenization_risk,0.17
1288,0,C_homogenization_risk,0.17
1289,0,C_homogenization_risk,0.17
1305,0,C_homogenization_risk,0.17
1306,0,C_homogenization_risk,0.17
1307,0,C_homogenization_risk,0.17
1308,0,C_homogenization_risk,0.17
1309,0,C_homogenization_risk,0.17
1312,0,C_homogenization_risk,0.17
1313,0,C_homogenization_risk,0.17
1314,0,C_homogenization_risk,0.17
1315,0,C_homogenization_risk,0.17
1316,0,C_homogenization_risk,0.17
1319,0,C_homogenization_risk,0.17
1320,0,C_homogenization_risk,0.17
1321,0,C_homogenization_risk,0.17
1322,0,C_homogenization_risk,0.17
1328,0,C_homogenization_risk,0.17
1339,0,C_homogenization_risk,0.17
1340,0,C_homogenization_risk,0.17
1341,0,C_homogenization_risk,0.17
1344,0,C_homogenization_risk,0.17
1345,0,C_homogenization_risk,0.17
1346,0,C_homogenization_risk,0.17
1348,0,C_homogenization_risk,0.17
1349,0,C_homogenization_risk,0.17
1351,0,C_homogenization_risk,0.17
1352,0,C_homogenization_risk,0.17
1353,0,C_homogenization_risk,0.17
1354,0,C_homogenization_risk,0.17
1355,0,C_homogenization_risk,0.17
1357,0,C_homogenization_risk,0.17
1358,0,C_homogenization_risk,0.17
1359,0,C_homogenization_risk,0.17
1360,0,C_homogenization_risk,0.17
1361,0,C_homogenization_risk,0.17
1377,0,C_homogenization_risk,0.17
1379,0,C_homogenization_risk,0.17
1380,0,C_homogenization_risk,0.17
1381,0,C_homogenization_risk,0.17
1382,0,C_homogenization_risk,0.17
1383,0,C_homogenization_risk,0.17
1384,0,C_homogenization_risk,0.17
1385,0,C_homogenization_risk,0.17
1386,0,C_homogenization_risk,0.17
1393,0,C_homogenization_risk,0.17
1400,0,C_homogenization_risk,0.17
1410,0,C_homogenization_risk,0.17
1412,0,C_homogenization_risk,0.17
1413,0,C_homogenization_risk,0.17
1414,0,C_homogenization_risk,0.17
1415,0,C_homogenization_risk,0.17
1416,0,C_homogenization_risk,0.17
1417,0,C_homogenization_risk,0.17
1418,0,C_homogenization_risk,0.17
1419,0,C_homogenization_risk,0.17
1420,0,C_homogenization_risk,0.17
1421,0,C_homogenization_risk,0.17
1422,0,C_homogenization_risk,0.17
1423,0,C_homogenization_risk,0.17
1424,0,C_homogenization_risk,0.17
1425,0,C_homogenization_risk,0.17
1426,0,C_homogenization_risk,0.17
1427,0,C_homogenization_risk,0.17
1428,0,C_homogenization_risk,0.17
1429,0,C_homogenization_risk,0.17
1430,0,C_homogenization_risk,0.17
1448,0,C_homogenization_risk,0.17
1449,0,C_homogenization_risk,0.17
1450,0,C_homogenization_risk,0.17
1452,0,C_homogenization_risk,0.17
1453,0,C_homogenization_risk,0.17
1454,0,C_homogenization_risk,0.17
1455,0,C_homogenization_risk,0.17
1456,0,C_homogenization_risk,0.17
1462,0,C_homogenization_risk,0.17
1465,0,C_homogenization_risk,0.17
1466,0,C_homogenization_risk,0.17
1468,0,C_homogenization_risk,0.17
1471,0,C_homogenization_risk,0.17
1476,0,C_homogenization_risk,0.17
1479,0,C_homogenization_risk,0.17
1480,0,C_homogenization_risk,0.17
1481,0,C_homogenization_risk,0.17
1482,0,C_homogenization_risk,0.17
1483,0,C_homogenization_risk,0.17
1484,0,C_homogenization_risk,0.17
1485,0,C_homogenization_risk,0.17
1486,0,C_homogenization_risk,0.17
1487,0,C_homogenization_risk,0.17
1488,0,C_homogenization_risk,0.17
1489,0,C_homogenization_risk,0.17
1490,0,C_homogenization_risk,0.17
1491,0,C_homogenization_risk,0.17
1492,0,C_homogenization_risk,0.17
1493,0,C_homogenization_risk,0.17
1494,0,C_homogenization_risk,0.17
1495,0,C_homogenization_risk,0.17
1496,0,C_homogenization_risk,0.17
1497,0,C_homogenization_risk,0.17
1498,0,C_homogenization_risk,0.17
1499,0,C_homogenization_risk,0.17
1500,0,C_homogenization_risk,0.17
1502,1,C_homogenization_risk,0.17
1518,0,C_homogenization_risk,0.17
1520,0,C_homogenization_risk,0.17
1521,0,C_homogenization_risk,0.17
1522,0,C_homogenization_risk,0.17
1523,0,C_homogenization_risk,0.17
1528,0,C_homogenization_risk,0.17
1529,0,C_homogenization_risk,0.17
1533,0,C_homogenization_risk,0.17
1536,0,C_homogenization_risk,0.17
1537,0,C_homogenization_risk,0.17
1538,0,C_homogenization_risk,0.17
1539,0,C_homogenization_risk,0.17
1540,0,C_homogenization_risk,0.17
1542,0,C_homogenization_risk,0.17
1550,0,C_homogenization_risk,0.17
1551,0,C_homogenization_risk,0.17
1552,0,C_homogenization_risk,0.17
1553,0,C_homogenization_risk,0.17
1554,0,C_homogenization_risk,0.17
1555,0,C_homogenization_risk,0.17
1556,0,C_homogenization_risk,0.17
1557,0,C_homogenization_risk,0.17
1558,0,C_homogenization_risk,0.17
1559,0,C_homogenization_risk,0.17
1560,0,C_homogenization_risk,0.17
1561,0,C_homogenization_risk,0.17
1562,0,C_homogenization_risk,0.17
1563,0,C_homogenization_risk,0.17
1564,0,C_homogenization_risk,0.17
1565,0,C_homogenization_risk,0.17
1566,0,C_homogenization_risk,0.17
1567,0,C_homogenization_risk,0.17
1568,0,C_homogenization_risk,0.17
1569,0,C_homogenization_risk,0.17
1570,1,C_homogenization_risk,0.17
1571,1,C_homogenization_risk,0.17
1586,0,C_homogenization_risk,0.17
1587,0,C_homogenization_risk,0.17
1588,0,C_homogenization_risk,0.17
1589,0,C_homogenization_risk,0.17
1590,0,C_homogenization_risk,0.17
1591,0,C_homogenization_risk,0.17
1592,0,C_homogenization_risk,0.17
1593,0,C_homogenization_risk,0.17
1594,0,C_homogenization_risk,0.17
1602,0,C_homogenization_risk,0.17
1608,0,C_homogenization_risk,0.17
1609,0,C_homogenization_risk,0.17
1610,0,C_homogenization_risk,0.17
1612,0,C_homogenization_risk,0.17
1613,0,C_homogenization_risk,0.17
1614,0,C_homogenization_risk,0.17
1616,0,C_homogenization_risk,0.17
1617,0,C_homogenization_risk,0.17
1618,0,C_homogenization_risk,0.17
1619,0,C_homogenization_risk,0.17
1620,0,C_homogenization_risk,0.17
1621,0,C_homogenization_risk,0.17
1622,0,C_homogenization_risk,0.17
1623,0,C_homogenization_risk,0.17
1624,0,C_homogenization_risk,0.17
1625,0,C_homogenization_risk,0.17
1626,0,C_homogenization_risk,0.17
1627,0,C_homogenization_risk,0.17
1629,0,C_homogenization_risk,0.17
1630,0,C_homogenization_risk,0.17
1631,0,C_homogenization_risk,0.17
1632,0,C_homogenization_risk,0.17
1633,0,C_homogenization_risk,0.17
1634,1,C_homogenization_risk,0.17
1635,1,C_homogenization_risk,0.17
1636,1,C_homogenization_risk,0.17
1637,1,C_homogenization_risk,0.17
1639,1,C_homogenization_risk,0.17
1640,1,C_homogenization_risk,0.17
1641,0,C_homogenization_risk,0.17
1642,0,C_homogenization_risk,0.17
1658,0,C_homogenization_risk,0.17
1659,0,C_homogenization_risk,0.17
1660,0,C_homogenization_risk,0.17
1661,0,C_homogenization_risk,0.17
1662,0,C_homogenization_risk,0.17
1666,0,C_homogenization_risk,0.17
1669,0,C_homogenization_risk,0.17
1672,0,C_homogenization_risk,0.17
1674,0,C_homogenization_risk,0.17
1675,0,C_homogenization_risk,0.17
1676,0,C_homogenization_risk,0.17
1678,0,C_homogenization_risk,0.17
1679,0,C_homogenization_risk,0.17
1680,0,C_homogenization_risk,0.17
1681,0,C_homogenization_risk,0.17
1684,0,C_homogenization_risk,0.17
1685,0,C_homogenization_risk,0.17
1686,0,C_homogenization_risk,0.17
1687,0,C_homogenization_risk,0.17
1688,0,C_homogenization_risk,0.17
1689,0,C_homogenization_risk,0.17
1692,0,C_homogenization_risk,0.17
1693,0,C_homogenization_risk,0.17
1694,0,C_homogenization_risk,0.17
1695,0,C_homogenization_risk,0.17
1696,0,C_homogenization_risk,0.17
1697,0,C_homogenization_risk,0.17
1698,0,C_homogenization_risk,0.17
1699,0,C_homogenization_risk,0.17
1700,0,C_homogenization_risk,0.17
1701,0,C_homogenization_risk,0.17
1702,0,C_homogenization_risk,0.17
1703,0,C_homogenization_risk,0.17
1704,0,C_homogenization_risk,0.17
1705,0,C_homogenization_risk,0.17
1706,0,C_homogenization_risk,0.17
1707,0,C_homogenization_risk,0.17
1708,1,C_homogenization_risk,0.17
1710,1,C_homogenization_risk,0.17
1711,0,C_homogenization_risk,0.17
1712,0,C_homogenization_risk,0.17
1731,0,C_homogenization_risk,0.17
1732,0,C_homogenization_risk,0.17
1733,0,C_homogenization_risk,0.17
1734,0,C_homogenization_risk,0.17
1738,0,C_homogenization_risk,0.17
1739,0,C_homogenization_risk,0.17
1743,0,C_homogenization_risk,0.17
1748,0,C_homogenization_risk,0.17
1749,0,C_homogenization_risk,0.17
1753,0,C_homogenization_risk,0.17
1755,0,C_homogenization_risk,0.17
1756,0,C_homogenization_risk,0.17
1757,0,C_homogenization_risk,0.17
1758,0,C_homogenization_risk,0.17
1759,0,C_homogenization_risk,0.17
1760,0,C_homogenization_risk,0.17
1761,0,C_homogenization_risk,0.17
1762,0,C_homogenization_risk,0.17
1764,0,C_homogenization_risk,0.17
1765,0,C_homogenization_risk,0.17
1766,0,C_homogenization_risk,0.17
1767,0,C_homogenization_risk,0.17
1769,1,C_homogenization_risk,0.17
1770,1,C_homogenization_risk,0.17
1772,1,C_homogenization_risk,0.17
1773,1,C_homogenization_risk,0.17
1774,1,C_homogenization_risk,0.17
1775,1,C_homogenization_risk,0.17
1776,1,C_homogenization_risk,0.17
1777,1,C_homogenization_risk,0.17
1778,1,C_homogenization_risk,0.17
1779,1,C_homogenization_risk,0.17
1782,1,C_homogenization_risk,0.17
1783,1,C_homogenization_risk,0.17
1803,0,C_homogenization_risk,0.17
1804,0,C_homogenization_risk,0.17
1805,0,C_homogenization_risk,0.17
1806,0,C_homogenization_risk,0.17
1807,0,C_homogenization_risk,0.17
1809,0,C_homogenization_risk,0.17
1815,0,C_homogenization_risk,0.17
1816,0,C_homogenization_risk,0.17
1819,0,C_homogenization_risk,0.17
1820,0,C_homogenization_risk,0.17
1821,0,C_homogenization_risk,0.17
1823,0,C_homogenization_risk,0.17
1824,0,C_homogenization_risk,0.17
1825,0,C_homogenization_risk,0.17
1826,0,C_homogenization_risk,0.17
1828,0,C_homogenization_risk,0.17
1829,0,C_homogenization_risk,0.17
1830,0,C_homogenization_risk,0.17
1831,0,C_homogenization_risk,0.17
1832,0,C_homogenization_risk,0.17
1833,0,C_homogenization_risk,0.17
1834,0,C_homogenization_risk,0.17
1835,0,C_homogenization_risk,0.17
1836,0,C_homogenization_risk,0.17
1837,0,C_homogenization_risk,0.17
1838,0,C_homogenization_risk,0.17
1839,0,C_homogenization_risk,0.17
1840,0,C_homogenization_risk,0.17
1841,1,C_homogenization_risk,0.17
1842,1,C_homogenization_risk,0.17
1843,0,C_homogenization_risk,0.17
1844,0,C_homogenization_risk,0.17
1845,1,C_homogenization_risk,0.17
1846,1,C_homogenization_risk,0.17
1847,1,C_homogenization_risk,0.17
1848,1,C_homogenization_risk,0.17
1849,1,C_homogenization_risk,0.17
1850,1,C_homogenization_risk,0.17
1851,1,C_homogenization_risk,0.17
1852,1,C_homogenization_risk,0.17
1853,1,C_homogenization_risk,0.17
1854,1,C_homogenization_risk,0.17
1855,1,C_homogenization_risk,0.17
1856,1,C_homogenization_risk,0.17
1875,0,C_homogenization_risk,0.17
1876,0,C_homogenization_risk,0.17
1877,0,C_homogenization_risk,0.17
1878,0,C_homogenization_risk,0.17
1879,0,C_homogenization_risk,0.17
1880,0,C_homogenization_risk,0.17
1881,0,C_homogenization_risk,0.17
1882,0,C_homogenization_risk,0.17
1884,0,C_homogenization_risk,0.17
1892,0,C_homogenization_risk,0.17
1895,0,C_homogenization_risk,0.17
1896,0,C_homogenization_risk,0.17
1897,0,C_homogenization_risk,0.17
1899,0,C_homogenization_risk,0.17
1900,0,C_homogenization_risk,0.17
1901,0,C_homogenization_risk,0.17
1902,0,C_homogenization_risk,0.17
1903,0,C_homogenization_risk,0.17
1904,0,C_homogenization_risk,0.17
1905,0,C_homogenization_risk,0.17
1906,0,C_homogenization_risk,0.17
1907,0,C_homogenization_risk,0.17
1908,0,C_homogenization_risk,0.17
1909,0,C_homogenization_risk,0.17
1910,0,C_homogenization_risk,0.17
1911,0,C_homogenization_risk,0.17
1912,0,C_homogenization_risk,0.17
1913,0,C_homogenization_risk,0.17
1914,0,C_homogenization_risk,0.17
1916,0,C_homogenization_risk,0.17
1917,0,C_homogenization_risk,0.17
1918,1,C_homogenization_risk,0.17
1919,1,C_homogenization_risk,0.17
1920,1,C_homogenization_risk,0.17
1921,1,C_homogenization_risk,0.17
1922,1,C_homogenization_risk,0.17
1923,1,C_homogenization_risk,0.17
1924,1,C_homogenization_risk,0.17
1925,1,C_homogenization_risk,0.17
1926,1,C_homogenization_risk,0.17
1927,1,C_homogenization_risk,0.17
1928,1,C_homogenization_risk,0.17
1950,0,C_homogenization_risk,0.17
1951,0,C_homogenization_risk,0.17
1952,0,C_homogenization_risk,0.17
1953,0,C_homogenization_risk,0.17
1967,0,C_homogenization_risk,0.17
1968,0,C_homogenization_risk,0.17
1969,0,C_homogenization_risk,0.17
1970,0,C_homogenization_risk,0.17
1971,0,C_homogenization_risk,0.17
1972,0,C_homogenization_risk,0.17
1973,0,C_homogenization_risk,0.17
1974,0,C_homogenization_risk,0.17
1975,0,C_homogenization_risk,0.17
1976,0,C_homogenization_risk,0.17
1977,0,C_homogenization_risk,0.17
1978,0,C_homogenization_risk,0.17
1979,0,C_homogenization_risk,0.17
1980,0,C_homogenization_risk,0.17
1981,0,C_homogenization_risk,0.17
1982,0,C_homogenization_risk,0.17
1983,0,C_homogenization_risk,0.17
1984,0,C_homogenization_risk,0.17
1985,0,C_homogenization_risk,0.17
1986,0,C_homogenization_risk,0.17
1987,0,C_homogenization_risk,0.17
1988,0,C_homogenization_risk,0.17
1989,0,C_homogenization_risk,0.17
1990,0,C_homogenization_risk,0.17
1991,1,C_homogenization_risk,0.17
1992,1,C_homogenization_risk,0.17
1993,1,C_homogenization_risk,0.17
1994,1,C_homogenization_risk,0.17
1995,1,C_homogenization_risk,0.17
1996,1,C_homogenization_risk,0.17
1997,1,C_homogenization_risk,0.17
1998,1,C_homogenization_risk,0.17
2024,0,C_homogenization_risk,0.17
2027,0,C_homogenization_risk,0.17
2028,0,C_homogenization_risk,0.17
2039,0,C_homogenization_risk,0.17
2040,0,C_homogenization_risk,0.17
2041,0,C_homogenization_risk,0.17
2044,0,C_homogenization_risk,0.17
2045,0,C_homogenization_risk,0.17
2046,0,C_homogenization_risk,0.17
2047,0,C_homogenization_risk,0.17
2048,0,C_homogenization_risk,0.17
2049,0,C_homogenization_risk,0.17
2050,0,C_homogenization_risk,0.17
2051,0,C_homogenization_risk,0.17
2052,0,C_homogenization_risk,0.17
2053,0,C_homogenization_risk,0.17
2054,0,C_homogenization_risk,0.17
2055,0,C_homogenization_risk,0.17
2056,0,C_homogenization_risk,0.17
2057,0,C_homogenization_risk,0.17
2058,0,C_homogenization_risk,0.17
2059,0,C_homogenization_risk,0.17
2060,0,C_homogenization_risk,0.17
2061,0,C_homogenization_risk,0.17
2062,0,C_homogenization_risk,0.17
2063,0,C_homogenization_risk,0.17
2064,1,C_homogenization_risk,0.17
2065,1,C_homogenization_risk,0.17
2066,1,C_homogenization_risk,0.17
2067,1,C_homogenization_risk,0.17
2068,1,C_homogenization_risk,0.17
2069,1,C_homogenization_risk,0.17
2111,0,C_homogenization_risk,0.17
2112,0,C_homogenization_risk,0.17
2113,0,C_homogenization_risk,0.17
2114,0,C_homogenization_risk,0.17
2116,0,C_homogenization_risk,0.17
2117,0,C_homogenization_risk,0.17
2118,0,C_homogenization_risk,0.17
2119,0,C_homogenization_risk,0.17
2120,0,C_homogenization_risk,0.17
2121,0,C_homogenization_risk,0.17
2122,0,C_homogenization_risk,0.17
2123,0,C_homogenization_risk,0.17
2124,0,C_homogenization_risk,0.17
2125,0,C_homogenization_risk,0.17
2126,0,C_homogenization_risk,0.17
2127,0,C_homogenization_risk,0.17
2128,0,C_homogenization_risk,0.17
2129,0,C_homogenization_risk,0.17
2130,0,C_homogenization_risk,0.17
2131,0,C_homogenization_risk,0.17
2132,0,C_homogenization_risk,0.17
2133,0,C_homogenization_risk,0.17
2134,0,C_homogenization_risk,0.17
2135,0,C_homogenization_risk,0.17
2136,1,C_homogenization_risk,0.17
2137,1,C_homogenization_risk,0.17
2138,1,C_homogenization_risk,0.17
2139,1,C_homogenization_risk,0.17
2140,1,C_homogenization_risk,0.17
2171,0,C_homogenization_risk,0.17
2182,0,C_homogenization_risk,0.17
2183,0,C_homogenization_risk,0.17
2184,0,C_homogenization_risk,0.17
2186,0,C_homogenization_risk,0.17
2187,0,C_homogenization_risk,0.17
2188,0,C_homogenization_risk,0.17
2189,0,C_homogenization_risk,0.17
2191,0,C_homogenization_risk,0.17
2193,0,C_homogenization_risk,0.17
2194,0,C_homogenization_risk,0.17
2195,0,C_homogenization_risk,0.17
2196,0,C_homogenization_risk,0.17
2197,0,C_homogenization_risk,0.17
2198,0,C_homogenization_risk,0.17
2199,0,C_homogenization_risk,0.17
2200,0,C_homogenization_risk,0.17
2201,0,C_homogenization_risk,0.17
2202,0,C_homogenization_risk,0.17
2203,0,C_homogenization_risk,0.17
2204,0,C_homogenization_risk,0.17
2205,0,C_homogenization_risk,0.17
2206,0,C_homogenization_risk,0.17
2207,1,C_homogenization_risk,0.17
2208,1,C_homogenization_risk,0.17
2209,1,C_homogenization_risk,0.17
2210,1,C_homogenization_risk,0.17
2211,1,C_homogenization_risk,0.17
2212,1,C_homogenization_risk,0.17
2213,1,C_homogenization_risk,0.17
2214,0,C_homogenization_risk,0.17
2240,0,C_homogenization_risk,0.17
2241,0,C_homogenization_risk,0.17
2250,0,C_homogenization_risk,0.17
2254,0,C_homogenization_risk,0.17
2255,0,C_homogenization_risk,0.17
2257,0,C_homogenization_risk,0.17
2258,0,C_homogenization_risk,0.17
2259,0,C_homogenization_risk,0.17
2260,0,C_homogenization_risk,0.17
2261,0,C_homogenization_risk,0.17
2262,0,C_homogenization_risk,0.17
2263,0,C_homogenization_risk,0.17
2264,0,C_homogenization_risk,0.17
2265,0,C_homogenization_risk,0.17
2266,0,C_homogenization_risk,0.17
2267,0,C_homogenization_risk,0.17
2268,0,C_homogenization_risk,0.17
2269,0,C_homogenization_risk,0.17
2270,0,C_homogenization_risk,0.17
2271,0,C_homogenization_risk,0.17
2272,0,C_homogenization_risk,0.17
2273,0,C_homogenization_risk,0.17
2274,0,C_homogenization_risk,0.17
2275,0,C_homogenization_risk,0.17
2276,0,C_homogenization_risk,0.17
2277,0,C_homogenization_risk,0.17
2278,0,C_homogenization_risk,0.17
2279,1,C_homogenization_risk,0.17
2280,1,C_homogenization_risk,0.17
2281,1,C_homogenization_risk,0.17
2282,1,C_homogenization_risk,0.17
2283,1,C_homogenization_risk,0.17
2284,0,C_homogenization_risk,0.17
2285,0,C_homogenization_risk,0.17
2286,0,C_homogenization_risk,0.17
2312,0,C_homogenization_risk,0.17
2313,0,C_homogenization_risk,0.17
2320,0,C_homogenization_risk,0.17
2326,0,C_homogenization_risk,0.17
2327,0,C_homogenization_risk,0.17
2328,0,C_homogenization_risk,0.17
2329,0,C_homogenization_risk,0.17
2330,0,C_homogenization_risk,0.17
2331,0,C_homogenization_risk,0.17
2332,0,C_homogenization_risk,0.17
2333,0,C_homogenization_risk,0.17
2334,0,C_homogenization_risk,0.17
2335,0,C_homogenization_risk,0.17
2336,0,C_homogenization_risk,0.17
2337,0,C_homogenization_risk,0.17
2338,0,C_homogenization_risk,0.17
2339,0,C_homogenization_risk,0.17
2340,0,C_homogenization_risk,0.17
2341,0,C_homogenization_risk,0.17
2342,0,C_homogenization_risk,0.17
2343,0,C_homogenization_risk,0.17
2344,0,C_homogenization_risk,0.17
2345,0,C_homogenization_risk,0.17
2346,0,C_homogenization_risk,0.17
2347,0,C_homogenization_risk,0.17
2348,0,C_homogenization_risk,0.17
2349,0,C_homogenization_risk,0.17
2350,0,C_homogenization_risk,0.17
2351,1,C_homogenization_risk,0.17
2352,1,C_homogenization_risk,0.17
2353,1,C_homogenization_risk,0.17
2354,0,C_homogenization_risk,0.17
2355,0,C_homogenization_risk,0.17
2356,0,C_homogenization_risk,0.17
2357,0,C_homogenization_risk,0.17
2358,0,C_homogenization_risk,0.17
2359,0,C_homogenization_risk,0.17
2384,0,C_homogenization_risk,0.17
2385,0,C_homogenization_risk,0.17
2386,0,C_homogenization_risk,0.17
2390,0,C_homogenization_risk,0.17
2392,0,C_homogenization_risk,0.17
2393,0,C_homogenization_risk,0.17
2394,0,C_homogenization_risk,0.17
2395,0,C_homogenization_risk,0.17
2397,0,C_homogenization_risk,0.17
2398,0,C_homogenization_risk,0.17
2399,0,C_homogenization_risk,0.17
2400,0,C_homogenization_risk,0.17
2401,0,C_homogenization_risk,0.17
2402,0,C_homogenization_risk,0.17
2403,0,C_homogenization_risk,0.17
2405,0,C_homogenization_risk,0.17
2406,0,C_homogenization_risk,0.17
2407,0,C_homogenization_risk,0.17
2408,0,C_homogenization_risk,0.17
2409,0,C_homogenization_risk,0.17
2410,0,C_homogenization_risk,0.17
2411,0,C_homogenization_risk,0.17
2412,0,C_homogenization_risk,0.17
2413,0,C_homogenization_risk,0.17
2414,0,C_homogenization_risk,0.17
2415,0,C_homogenization_risk,0.17
2416,0,C_homogenization_risk,0.17
2417,0,C_homogenization_risk,0.17
2418,0,C_homogenization_risk,0.17
2419,0,C_homogenization_risk,0.17
2420,0,C_homogenization_risk,0.17
2421,0,C_homogenization_risk,0.17
2422,0,C_homogenization_risk,0.17
2423,1,C_homogenization_risk,0.17
2424,0,C_homogenization_risk,0.17
2425,0,C_homogenization_risk,0.17
2426,0,C_homogenization_risk,0.17
2427,0,C_homogenization_risk,0.17
2428,0,C_homogenization_risk,0.17
2429,0,C_homogenization_risk,0.17
2430,0,C_homogenization_risk,0.17
2431,0,C_homogenization_risk,0.17
2456,0,C_homogenization_risk,0.17
2457,0,C_homogenization_risk,0.17
2458,0,C_homogenization_risk,0.17
2462,0,C_homogenization_risk,0.17
2464,0,C_homogenization_risk,0.17
2466,0,C_homogenization_risk,0.17
2468,0,C_homogenization_risk,0.17
2469,0,C_homogenization_risk,0.17
2470,0,C_homogenization_risk,0.17
2471,0,C_homogenization_risk,0.17
2472,0,C_homogenization_risk,0.17
2473,0,C_homogenization_risk,0.17
2474,0,C_homogenization_risk,0.17
2475,0,C_homogenization_risk,0.17
2476,0,C_homogenization_risk,0.17
2478,0,C_homogenization_risk,0.17
2479,0,C_homogenization_risk,0.17
2480,0,C_homogenization_risk,0.17
2481,0,C_homogenization_risk,0.17
2482,0,C_homogenization_risk,0.17
2483,0,C_homogenization_risk,0.17
2484,0,C_homogenization_risk,0.17
2485,0,C_homogenization_risk,0.17
2486,0,C_homogenization_risk,0.17
2487,0,C_homogenization_risk,0.17
2488,0,C_homogenization_risk,0.17
2489,0,C_homogenization_risk,0.17
2490,0,C_homogenization_risk,0.17
2491,0,C_homogenization_risk,0.17
2492,0,C_homogenization_risk,0.17
2493,0,C_homogenization_risk,0.17
2494,0,C_homogenization_risk,0.17
2495,0,C_homogenization_risk,0.17
2496,0,C_homogenization_risk,0.17
2497,0,C_homogenization_risk,0.17
2498,0,C_homogenization_risk,0.17
2499,0,C_homogenization_risk,0.17
2500,0,C_homogenization_risk,0.17
2501,0,C_homogenization_risk,0.17
2502,0,C_homogenization_risk,0.17
2503,1,C_homogenization_risk,0.17
2530,0,C_homogenization_risk,0.17
2531,0,C_homogenization_risk,0.17
2532,0,C_homogenization_risk,0.17
2535,0,C_homogenization_risk,0.17
2539,0,C_homogenization_risk,0.17
2540,0,C_homogenization_risk,0.17
2541,0,C_homogenization_risk,0.17
2542,0,C_homogenization_risk,0.17
2544,0,C_homogenization_risk,0.17
2545,0,C_homogenization_risk,0.17
2546,0,C_homogenization_risk,0.17
2547,0,C_homogenization_risk,0.17
2548,0,C_homogenization_risk,0.17
2549,0,C_homogenization_risk,0.17
2550,0,C_homogenization_risk,0.17
2551,0,C_homogenization_risk,0.17
2552,0,C_homogenization_risk,0.17
2553,0,C_homogenization_risk,0.17
2554,0,C_homogenization_risk,0.17
2555,0,C_homogenization_risk,0.17
2556,0,C_homogenization_risk,0.17
2557,0,C_homogenization_risk,0.17
2558,0,C_homogenization_risk,0.17
2559,0,C_homogenization_risk,0.17
2560,0,C_homogenization_risk,0.17
2561,0,C_homogenization_risk,0.17
2562,0,C_homogenization_risk,0.17
2563,0,C_homogenization_risk,0.17
2564,0,C_homogenization_risk,0.17
2565,0,C_homogenization_risk,0.17
2566,0,C_homogenization_risk,0.17
2567,0,C_homogenization_risk,0.17
2568,0,C_homogenization_risk,0.17
2569,0,C_homogenization_risk,0.17
2570,0,C_homogenization_risk,0.17
2571,0,C_homogenization_risk,0.17
2572,0,C_homogenization_risk,0.17
2573,1,C_homogenization_risk,0.17
2574,1,C_homogenization_risk,0.17
2575,1,C_homogenization_risk,0.17
2576,1,C_homogenization_risk,0.17
2605,0,C_homogenization_risk,0.17
2606,0,C_homogenization_risk,0.17
2607,0,C_homogenization_risk,0.17
2608,0,C_homogenization_risk,0.17
2609,0,C_homogenization_risk,0.17
2610,0,C_homogenization_risk,0.17
2611,0,C_homogenization_risk,0.17
2612,0,C_homogenization_risk,0.17
2613,0,C_homogenization_risk,0.17
2614,0,C_homogenization_risk,0.17
2615,0,C_homogenization_risk,0.17
2616,0,C_homogenization_risk,0.17
2617,0,C_homogenization_risk,0.17
2618,0,C_homogenization_risk,0.17
2619,0,C_homogenization_risk,0.17
2620,0,C_homogenization_risk,0.17
2621,0,C_homogenization_risk,0.17
2622,0,C_homogenization_risk,0.17
2623,0,C_homogenization_risk,0.17
2624,0,C_homogenization_risk,0.17
2625,0,C_homogenization_risk,0.17
2626,0,C_homogenization_risk,0.17
2627,0,C_homogenization_risk,0.17
2628,0,C_homogenization_risk,0.17
2629,0,C_homogenization_risk,0.17
2630,0,C_homogenization_risk,0.17
2631,0,C_homogenization_risk,0.17
2632,0,C_homogenization_risk,0.17
2633,0,C_homogenization_risk,0.17
2634,0,C_homogenization_risk,0.17
2635,0,C_homogenization_risk,0.17
2636,0,C_homogenization_risk,0.17
2637,0,C_homogenization_risk,0.17
2638,0,C_homogenization_risk,0.17
2639,0,C_homogenization_risk,0.17
2640,0,C_homogenization_risk,0.17
2641,0,C_homogenization_risk,0.17
2642,0,C_homogenization_risk,0.17
2643,1,C_homogenization_risk,0.17
2644,1,C_homogenization_risk,0.17
2645,1,C_homogenization_risk,0.17
2646,1,C_homogenization_risk,0.17
2647,1,C_homogenization_risk,0.17
2648,1,C_homogenization_risk,0.17
2678,0,C_homogenization_risk,0.17
2679,0,C_homogenization_risk,0.17
2680,0,C_homogenization_risk,0.17
2681,0,C_homogenization_risk,0.17
2682,0,C_homogenization_risk,0.17
2683,0,C_homogenization_risk,0.17
2684,0,C_homogenization_risk,0.17
2685,0,C_homogenization_risk,0.17
2686,0,C_homogenization_risk,0.17
2687,0,C_homogenization_risk,0.17
2688,0,C_homogenization_risk,0.17
2689,0,C_homogenization_risk,0.17
2691,0,C_homogenization_risk,0.17
2692,0,C_homogenization_risk,0.17
2693,0,C_homogenization_risk,0.17
2694,0,C_homogenization_risk,0.17
2695,0,C_homogenization_risk,0.17
2696,0,C_homogenization_risk,0.17
2697,0,C_homogenization_risk,0.17
2698,0,C_homogenization_risk,0.17
2699,0,C_homogenization_risk,0.17
2700,0,C_homogenization_risk,0.17
2701,0,C_homogenization_risk,0.17
2702,0,C_homogenization_risk,0.17
2703,0,C_homogenization_risk,0.17
2704,0,C_homogenization_risk,0.17
2705,0,C_homogenization_risk,0.17
2706,0,C_homogenization_risk,0.17
2707,0,C_homogenization_risk,0.17
2708,0,C_homogenization_risk,0.17
2709,0,C_homogenization_risk,0.17
2710,0,C_homogenization_risk,0.17
2711,0,C_homogenization_risk,0.17
2712,0,C_homogenization_risk,0.17
2713,0,C_homogenization_risk,0.17
2714,1,C_homogenization_risk,0.17
2715,1,C_homogenization_risk,0.17
2716,1,C_homogenization_risk,0.17
2717,1,C_homogenization_risk,0.17
2718,1,C_homogenization_risk,0.17
2719,1,C_homogenization_risk,0.17
2750,0,C_homogenization_risk,0.17
2751,0,C_homogenization_risk,0.17
2752,0,C_homogenization_risk,0.17
2753,0,C_homogenization_risk,0.17
2755,0,C_homogenization_risk,0.17
2756,0,C_homogenization_risk,0.17
2757,0,C_homogenization_risk,0.17
2758,0,C_homogenization_risk,0.17
2759,0,C_homogenization_risk,0.17
2765,0,C_homogenization_risk,0.17
2766,0,C_homogenization_risk,0.17
2767,0,C_homogenization_risk,0.17
2768,0,C_homogenization_risk,0.17
2769,0,C_homogenization_risk,0.17
2770,0,C_homogenization_risk,0.17
2771,0,C_homogenization_risk,0.17
2773,0,C_homogenization_risk,0.17
2774,0,C_homogenization_risk,0.17
2775,0,C_homogenization_risk,0.17
2776,0,C_homogenization_risk,0.17
2777,0,C_homogenization_risk,0.17
2778,0,C_homogenization_risk,0.17
2779,0,C_homogenization_risk,0.17
2780,0,C_homogenization_risk,0.17
2781,0,C_homogenization_risk,0.17
2782,0,C_homogenization_risk,0.17
2783,0,C_homogenization_risk,0.17
2784,1,C_homogenization_risk,0.17
2785,1,C_homogenization_risk,0.17
2786,1,C_homogenization_risk,0.17
2787,1,C_homogenization_risk,0.17
2788,1,C_homogenization_risk,0.17
2789,1,C_homogenization_risk,0.17
2790,1,C_homogenization_risk,0.17
2791,1,C_homogenization_risk,0.17
2826,0,C_homogenization_risk,0.17
2827,0,C_homogenization_risk,0.17
2838,0,C_homogenization_risk,0.17
2839,0,C_homogenization_risk,0.17
2840,0,C_homogenization_risk,0.17
2841,0,C_homogenization_risk,0.17
2842,0,C_homogenization_risk,0.17
2843,0,C_homogenization_risk,0.17
2844,0,C_homogenization_risk,0.17
2845,0,C_homogenization_risk,0.17
2846,0,C_homogenization_risk,0.17
2847,0,C_homogenization_risk,0.17
2848,0,C_homogenization_risk,0.17
2849,0,C_homogenization_risk,0.17
2850,0,C_homogenization_risk,0.17
2851,0,C_homogenization_risk,0.17
2852,0,C_homogenization_risk,0.17
2853,0,C_homogenization_risk,0.17
2854,1,C_homogenization_risk,0.17
2855,1,C_homogenization_risk,0.17
2856,1,C_homogenization_risk,0.17
2857,1,C_homogenization_risk,0.17
2858,1,C_homogenization_risk,0.17
2859,1,C_homogenization_risk,0.17
2860,1,C_homogenization_risk,0.17
2861,1,C_homogenization_risk,0.17
2862,1,C_homogenization_risk,0.17
2909,0,C_homogenization_risk,0.17
2910,0,C_homogenization_risk,0.17
2911,0,C_homogenization_risk,0.17
2912,0,C_homogenization_risk,0.17
2913,0,C_homogenization_risk,0.17
2914,0,C_homogenization_risk,0.17
2915,0,C_homogenization_risk,0.17
2916,0,C_homogenization_risk,0.17
2917,0,C_homogenization_risk,0.17
2918,0,C_homogenization_risk,0.17
2919,0,C_homogenization_risk,0.17
2920,0,C_homogenization_risk,0.17
2921,0,C_homogenization_risk,0.17
2922,0,C_homogenization_risk,0.17
2923,0,C_homogenization_risk,0.17
2924,1,C_homogenization_risk,0.17
2925,1,C_homogenization_risk,0.17
2926,1,C_homogenization_risk,0.17
2927,1,C_homogenization_risk,0.17
2928,1,C_homogenization_risk,0.17
2929,1,C_homogenization_risk,0.17
2930,1,C_homogenization_risk,0.17
2931,1,C_homogenization_risk,0.17
2932,1,C_homogenization_risk,0.17
2933,1,C_homogenization_risk,0.17
2981,0,C_homogenization_risk,0.17
2982,0,C_homogenization_risk,0.17
2983,0,C_homogenization_risk,0.17
2984,0,C_homogenization_risk,0.17
2985,0,C_homogenization_risk,0.17
2986,0,C_homogenization_risk,0.17
2987,0,C_homogenization_risk,0.17
2988,0,C_homogenization_risk,0.17
2989,0,C_homogenization_risk,0.17
2990,0,C_homogenization_risk,0.17
2991,0,C_homogenization_risk,0.17
2992,0,C_homogenization_risk,0.17
2993,0,C_homogenization_risk,0.17
2994,0,C_homogenization_risk,0.17
2995,1,C_homogenization_risk,0.17
2996,1,C_homogenization_risk,0.17
2997,1,C_homogenization_risk,0.17
2998,1,C_homogenization_risk,0.17
2999,1,C_homogenization_risk,0.17
3000,1,C_homogenization_risk,0.17
3001,1,C_homogenization_risk,0.17
3002,1,C_homogenization_risk,0.17
3003,1,C_homogenization_risk,0.17
3004,1,C_homogenization_risk,0.17
3005,1,C_homogenization_risk,0.17
3052,0,C_homogenization_risk,0.17
3053,0,C_homogenization_risk,0.17
3054,0,C_homogenization_risk,0.17
3055,0,C_homogenization_risk,0.17
3056,0,C_homogenization_risk,0.17
3057,0,C_homogenization_risk,0.17
3058,0,C_homogenization_risk,0.17
3059,0,C_homogenization_risk,0.17
3060,0,C_homogenization_risk,0.17
3061,0,C_homogenization_risk,0.17
3062,0,C_homogenization_risk,0.17
3063,0,C_homogenization_risk,0.17
3064,0,C_homogenization_risk,0.17
3065,1,C_homogenization_risk,0.17
3066,1,C_homogenization_risk,0.17
3067,1,C_homogenization_risk,0.17
3068,1,C_homogenization_risk,0.17
3069,1,C_homogenization_risk,0.17
3070,1,C_homogenization_risk,0.17
3071,1,C_homogenization_risk,0.17
3072,1,C_homogenization_risk,0.17
3073,1,C_homogenization_risk,0.17
3074,1,C_homogenization_risk,0.17
3075,1,C_homogenization_risk,0.17
3076,1,C_homogenization_risk,0.17
3078,1,C_homogenization_risk,0.17
3079,1,C_homogenization_risk,0.17
3124,0,C_homogenization_risk,0.17
3125,0,C_homogenization_risk,0.17
3126,0,C_homogenization_risk,0.17
3127,0,C_homogenization_risk,0.17
3128,0,C_homogenization_risk,0.17
3129,0,C_homogenization_risk,0.17
3130,0,C_homogenization_risk,0.17
3131,0,C_homogenization_risk,0.17
3133,0,C_homogenization_risk,0.17
3134,0,C_homogenization_risk,0.17
3135,1,C_homogenization_risk,0.17
3136,1,C_homogenization_risk,0.17
3137,1,C_homogenization_risk,0.17
3138,1,C_homogenization_risk,0.17
3139,1,C_homogenization_risk,0.17
3140,1,C_homogenization_risk,0.17
3141,1,C_homogenization_risk,0.17
3142,1,C_homogenization_risk,0.17
3143,1,C_homogenization_risk,0.17
3144,1,C_homogenization_risk,0.17
3145,1,C_homogenization_risk,0.17
3146,1,C_homogenization_risk,0.17
3147,1,C_homogenization_risk,0.17
3150,1,C_homogenization_risk,0.17
3151,1,C_homogenization_risk,0.17
3199,0,C_homogenization_risk,0.17
3200,0,C_homogenization_risk,0.17
3202,0,C_homogenization_risk,0.17
3203,0,C_homogenization_risk,0.17
3204,0,C_homogenization_risk,0.17
3205,0,C_homogenization_risk,0.17
3206,0,C_homogenization_risk,0.17
3207,1,C_homogenization_risk,0.17
3208,1,C_homogenization_risk,0.17
3209,1,C_homogenization_risk,0.17
3210,1,C_homogenization_risk,0.17
3211,1,C_homogenization_risk,0.17
3212,1,C_homogenization_risk,0.17
3213,1,C_homogenization_risk,0.17
3214,1,C_homogenization_risk,0.17
3215,1,C_homogenization_risk,0.17
3216,1,C_homogenization_risk,0.17
3217,1,C_homogenization_risk,0.17
3218,1,C_homogenization_risk,0.17
3221,1,C_homogenization_risk,0.17
3222,1,C_homogenization_risk,0.17
3270,0,C_homogenization_risk,0.17
3271,0,C_homogenization_risk,0.17
3272,0,C_homogenization_risk,0.17
3273,0,C_homogenization_risk,0.17
3275,0,C_homogenization_risk,0.17
3278,0,C_homogenization_risk,0.17
3279,1,C_homogenization_risk,0.17
3280,1,C_homogenization_risk,0.17
3281,1,C_homogenization_risk,0.17
3282,1,C_homogenization_risk,0.17
3283,1,C_homogenization_risk,0.17
3284,1,C_homogenization_risk,0.17
3285,1,C_homogenization_risk,0.17
3286,1,C_homogenization_risk,0.17
3287,1,C_homogenization_risk,0.17
3293,1,C_homogenization_risk,0.17
3294,1,C_homogenization_risk,0.17
3295,1,C_homogenization_risk,0.17
3343,0,C_homogenization_risk,0.17
3344,0,C_homogenization_risk,0.17
3345,0,C_homogenization_risk,0.17
3351,1,C_homogenization_risk,0.17
3352,1,C_homogenization_risk,0.17
3353,1,C_homogenization_risk,0.17
3354,1,C_homogenization_risk,0.17
3355,1,C_homogenization_risk,0.17
3356,1,C_homogenization_risk,0.17
3357,1,C_homogenization_risk,0.17
3426,1,C_homogenization_risk,0.17
3427,1,C_homogenization_risk,0.17
3497,1,C_homogenization_risk,0.17
3498,1,C_homogenization_risk,0.17
3499,1,C_homogenization_risk,0.17
3568,1,C_homogenization_risk,0.17
3569,1,C_homogenization_risk,0.17
3570,1,C_homogenization_risk,0.17
3571,1,C_homogenization_risk,0.17
3641,1,C_homogenization_risk,0.17
3642,1,C_homogenization_risk,0.17
