mean,sd,q025,median,q975,metric,grid_cell
1,0,1,1,1,synchrony,56
1,0,1,1,1,synchrony,57
1,0,1,1,1,synchrony,128
1,0,1,1,1,synchrony,198
1,0,1,1,1,synchrony,199
1,0,1,1,1,synchrony,203
1,0,1,1,1,synchrony,270
1,0,1,1,1,synchrony,271
1,0,1,1,1,synchrony,272
1,0,1,1,1,synchrony,274
1,0,1,1,1,synchrony,276
1,0,1,1,1,synchrony,341
1,0,1,1,1,synchrony,342
1,0,1,1,1,synchrony,343
1,0,1,1,1,synchrony,344
1,0,1,1,1,synchrony,345
1,0,1,1,1,synchrony,347
1,0,1,1,1,synchrony,412
1,0,1,1,1,synchrony,413
1,0,1,1,1,synchrony,414
1,0,1,1,1,synchrony,415
1,0,1,1,1,synchrony,416
1,0,1,1,1,synchrony,417
1,0,1,1,1,synchrony,418
1,0,1,1,1,synchrony,483
1,0,1,1,1,synchrony,484
1,0,1,1,1,synchrony,485
1,0,1,1,1,synchrony,486
1,0,1,1,1,synchrony,487
1,0,1,1,1,synchrony,554
1,0,1,1,1,synchrony,555
1,0,1,1,1,synchrony,556
1,0,1,1,1,synchrony,557
1,0,1,1,1,synchrony,558
1,0,1,1,1,synchrony,559
1,0,1,1,1,synchrony,560
1,0,1,1,1,synchrony,561
1,0,1,1,1,synchrony,563
1,0,1,1,1,synchrony,564
1,0,1,1,1,synchrony,592
1,0,1,1,1,synchrony,593
1,0,1,1,1,synchrony,625
1,0,1,1,1,synchrony,626
1,0,1,1,1,synchrony,627
1,0,1,1,1,synchrony,628
1,0,1,1,1,synchrony,629
1,0,1,1,1,synchrony,630
1,0,1,1,1,synchrony,634
1,0,1,1,1,synchrony,635
1,0,1,1,1,synchrony,636
1,0,1,1,1,synchrony,637
1,0,1,1,1,synchrony,640
1,0,1,1,1,synchrony,663
1,0,1,1,1,synchrony,664
1,0,1,1,1,synchrony,665
1,0,1,1,1,synchrony,666
1,0,1,1,1,synchrony,696
1,0,1,1,1,synchrony,698
1,0,1,1,1,synchrony,699
1,0,1,1,1,synchrony,700
1,0,1,1,1,synchrony,701
1,0,1,1,1,synchrony,702
1,0,1,1,1,synchrony,704
1,0,1,1,1,synchrony,705
1,0,1,1,1,synchrony,706
1,0,1,1,1,synchrony,708
1,0,1,1,1,synchrony,710
1,0,1,1,1,synchrony,711
1,0,1,1,1,synchrony,712
1,0,1,1,1,synchrony,716
1,0,1,1,1,synchrony,717
1,0,1,1,1,synchrony,735
1,0,1,1,1,synchrony,736
1,0,1,1,1,synchrony,737
1,0,1,1,1,synchrony,738
1,0,1,1,1,synchrony,772
1,0,1,1,1,synchrony,773
1,0,1,1,1,synchrony,774
1,0,1,1,1,synchrony,775
1,0,1,1,1,synchrony,776
1,0,1,1,1,synchrony,777
1,0,1,1,1,synchrony,778
1,0,1,1,1,synchrony,783
1,0,1,1,1,synchrony,784
1,0,1,1,1,synchrony,787
1,0,1,1,1,synchrony,788
1,0,1,1,1,synchrony,804
1,0,1,1,1,synchrony,805
1,0,1,1,1,synchrony,806
1,0,1,1,1,synchrony,807
1,0,1,1,1,synchrony,808
1,0,1,1,1,synchrony,809
1,0,1,1,1,synchrony,810
1,0,1,1,1,synchrony,811
1,0,1,1,1,synchrony,812
1,0,1,1,1,synchrony,813
1,0,1,1,1,synchrony,845
1,0,1,1,1,synchrony,846
1,0,1,1,1,synchrony,847
1,0,1,1,1,synchrony,848
1,0,1,1,1,synchrony,849
1,0,1,1,1,synchrony,850
1,0,1,1,1,synchrony,851
1,0,1,1,1,synchrony,855
1,0,1,1,1,synchrony,856
1,0,1,1,1,synchrony,857
1,0,1,1,1,synchrony,858
1,0,1,1,1,synchrony,859
1,0,1,1,1,synchrony,860
1,0,1,1,1,synchrony,876
1,0,1,1,1,synchrony,877
1,0,1,1,1,synchrony,878
1,0,1,1,1,synchrony,879
1,0,1,1,1,synchrony,881
1,0,1,1,1,synchrony,882
1,0,1,1,1,synchrony,883
1,0,1,1,1,synchrony,884
1,0,1,1,1,synchrony,885
1,0,1,1,1,synchrony,916
1,0,1,1,1,synchrony,917
1,0,1,1,1,synchrony,918
1,0,1,1,1,synchrony,920
1,0,1,1,1,synchrony,921
1,0,1,1,1,synchrony,922
1,0,1,1,1,synchrony,923
1,0,1,1,1,synchrony,927
1,0,1,1,1,synchrony,929
1,0,1,1,1,synchrony,931
1,0,1,1,1,synchrony,947
1,0,1,1,1,synchrony,948
1,0,1,1,1,synchrony,949
1,0,1,1,1,synchrony,950
1,0,1,1,1,synchrony,951
1,0,1,1,1,synchrony,952
1,0,1,1,1,synchrony,953
1,0,1,1,1,synchrony,955
1,0,1,1,1,synchrony,956
1,0,1,1,1,synchrony,985
1,0,1,1,1,synchrony,986
1,0,1,1,1,synchrony,987
1,0,1,1,1,synchrony,988
1,0,1,1,1,synchrony,989
1,0,1,1,1,synchrony,991
1,0,1,1,1,synchrony,992
1,0,1,1,1,synchrony,993
1,0,1,1,1,synchrony,994
1,0,1,1,1,synchrony,995
1,0,1,1,1,synchrony,996
1,0,1,1,1,synchrony,997
1,0,1,1,1,synchrony,999
1,0,1,1,1,synchrony,1001
1,0,1,1,1,synchrony,1002
1,0,1,1,1,synchrony,1003
1,0,1,1,1,synchrony,1018
1,0,1,1,1,synchrony,1019
1,0,1,1,1,synchrony,1021
1,0,1,1,1,synchrony,1022
1,0,1,1,1,synchrony,1023
1,0,1,1,1,synchrony,1025
1,0,1,1,1,synchrony,1027
1,0,1,1,1,synchrony,1028
1,0,1,1,1,synchrony,1029
1,0,1,1,1,synchrony,1055
1,0,1,1,1,synchrony,1057
1,0,1,1,1,synchrony,1058
1,0,1,1,1,synchrony,1061
1,0,1,1,1,synchrony,1063
1,0,1,1,1,synchrony,1064
1,0,1,1,1,synchrony,1065
1,0,1,1,1,synchrony,1066
1,0,1,1,1,synchrony,1068
1,0,1,1,1,synchrony,1069
1,0,1,1,1,synchrony,1070
1,0,1,1,1,synchrony,1073
1,0,1,1,1,synchrony,1075
1,0,1,1,1,synchrony,1076
1,0,1,1,1,synchrony,1089
1,0,1,1,1,synchrony,1090
1,0,1,1,1,synchrony,1091
1,0,1,1,1,synchrony,1092
1,0,1,1,1,synchrony,1093
1,0,1,1,1,synchrony,1094
1,0,1,1,1,synchrony,1095
1,0,1,1,1,synchrony,1096
1,0,1,1,1,synchrony,1097
1,0,1,1,1,synchrony,1098
1,0,1,1,1,synchrony,1100
1,0,1,1,1,synchrony,1101
1,0,1,1,1,synchrony,1103
1,0,1,1,1,synchrony,1126
1,0,1,1,1,synchrony,1127
1,0,1,1,1,synchrony,1128
1,0,1,1,1,synchrony,1129
1,0,1,1,1,synchrony,1130
1,0,1,1,1,synchrony,1131
1,0,1,1,1,synchrony,1133
1,0,1,1,1,synchrony,1134
1,0,1,1,1,synchrony,1137
1,0,1,1,1,synchrony,1138
1,0,1,1,1,synchrony,1139
1,0,1,1,1,synchrony,1140
1,0,1,1,1,synchrony,1142
1,0,1,1,1,synchrony,1143
1,0,1,1,1,synchrony,1144
1,0,1,1,1,synchrony,1145
1,0,1,1,1,synchrony,1161
1,0,1,1,1,synchrony,1162
1,0,1,1,1,synchrony,1163
1,0,1,1,1,synchrony,1164
1,0,1,1,1,synchrony,1165
1,0,1,1,1,synchrony,1166
1,0,1,1,1,synchrony,1167
1,0,1,1,1,synchrony,1168
1,0,1,1,1,synchrony,1169
1,0,1,1,1,synchrony,1170
1,0,1,1,1,synchrony,1171
1,0,1,1,1,synchrony,1172
1,0,1,1,1,synchrony,1173
1,0,1,1,1,synchrony,1175
1,0,1,1,1,synchrony,1196
1,0,1,1,1,synchrony,1197
1,0,1,1,1,synchrony,1198
1,0,1,1,1,synchrony,1199
1,0,1,1,1,synchrony,1200
1,0,1,1,1,synchrony,1201
1,0,1,1,1,synchrony,1202
1,0,1,1,1,synchrony,1203
1,0,1,1,1,synchrony,1204
1,0,1,1,1,synchrony,1205
1,0,1,1,1,synchrony,1206
1,0,1,1,1,synchrony,1207
1,0,1,1,1,synchrony,1208
1,0,1,1,1,synchrony,1209
1,0,1,1,1,synchrony,1210
1,0,1,1,1,synchrony,1211
1,0,1,1,1,synchrony,1212
1,0,1,1,1,synchrony,1213
1,0,1,1,1,synchrony,1214
1,0,1,1,1,synchrony,1215
1,0,1,1,1,synchrony,1216
1,0,1,1,1,synchrony,1234
1,0,1,1,1,synchrony,1235
1,0,1,1,1,synchrony,1236
1,0,1,1,1,synchrony,1237
1,0,1,1,1,synchrony,1238
1,0,1,1,1,synchrony,1239
1,0,1,1,1,synchrony,1240
1,0,1,1,1,synchrony,1241
1,0,1,1,1,synchrony,1242
1,0,1,1,1,synchrony,1243
1,0,1,1,1,synchrony,1244
1,0,1,1,1,synchrony,1246
1,0,1,1,1,synchrony,1247
1,0,1,1,1,synchrony,1248
1,0,1,1,1,synchrony,1249
1,0,1,1,1,synchrony,1268
1,0,1,1,1,synchrony,1269
1,0,1,1,1,synchrony,1270
1,0,1,1,1,synchrony,1271
1,0,1,1,1,synchrony,1272
1,0,1,1,1,synchrony,1273
1,0,1,1,1,synchrony,1274
1,0,1,1,1,synchrony,1275
1,0,1,1,1,synchrony,1276
1,0,1,1,1,synchrony,1277
1,0,1,1,1,synchrony,1279
1,0,1,1,1,synchrony,1280
1,0,1,1,1,synchrony,1281
1,0,1,1,1,synchrony,1282
1,0,1,1,1,synchrony,1283
1,0,1,1,1,synchrony,1284
1,0,1,1,1,synchrony,1286
1,0,1,1,1,synchrony,1287
1,0,1,1,1,synchrony,1288
1,0,1,1,1,synchrony,1289
1,0,1,1,1,synchrony,1305
1,0,1,1,1,synchrony,1306
1,0,1,1,1,synchrony,1307
1,0,1,1,1,synchrony,1308
1,0,1,1,1,synchrony,1309
1,0,1,1,1,synchrony,1312
1,0,1,1,1,synchrony,1313
1,0,1,1,1,synchrony,1314
1,0,1,1,1,synchrony,1315
1,0,1,1,1,synchrony,1316
1,0,1,1,1,synchrony,1319
1,0,1,1,1,synchrony,1320
1,0,1,1,1,synchrony,1321
1,0,1,1,1,synchrony,1322
1,0,1,1,1,synchrony,1328
1,0,1,1,1,synchrony,1339
1,0,1,1,1,synchrony,1340
1,0,1,1,1,synchrony,1341
1,0,1,1,1,synchrony,1344
1,0,1,1,1,synchrony,1345
1,0,1,1,1,synchrony,1346
1,0,1,1,1,synchrony,1348
1,0,1,1,1,synchrony,1349
1,0,1,1,1,synchrony,1351
1,0,1,1,1,synchrony,1352
1,0,1,1,1,synchrony,1353
1,0,1,1,1,synchrony,1354
1,0,1,1,1,synchrony,1355
1,0,1,1,1,synchrony,1357
1,0,1,1,1,synchrony,1358
1,0,1,1,1,synchrony,1359
1,0,1,1,1,synchrony,1360
1,0,1,1,1,synchrony,1361
1,0,1,1,1,synchrony,1377
1,0,1,1,1,synchrony,1379
1,0,1,1,1,synchrony,1380
1,0,1,1,1,synchrony,1381
1,0,1,1,1,synchrony,1382
1,0,1,1,1,synchrony,1383
1,0,1,1,1,synchrony,1384
1,0,1,1,1,synchrony,1385
1,0,1,1,1,synchrony,1386
1,0,1,1,1,synchrony,1393
1,0,1,1,1,synchrony,1400
1,0,1,1,1,synchrony,1410
1,0,1,1,1,synchrony,1412
1,0,1,1,1,synchrony,1413
1,0,1,1,1,synchrony,1414
1,0,1,1,1,synchrony,1415
1,0,1,1,1,synchrony,1416
1,0,1,1,1,synchrony,1417
1,0,1,1,1,synchrony,1418
1,0,1,1,1,synchrony,1419
1,0,1,1,1,synchrony,1420
1,0,1,1,1,synchrony,1421
1,0,1,1,1,synchrony,1422
1,0,1,1,1,synchrony,1423
1,0,1,1,1,synchrony,1424
1,0,1,1,1,synchrony,1425
1,0,1,1,1,synchrony,1426
1,0,1,1,1,synchrony,1427
1,0,1,1,1,synchrony,1428
1,0,1,1,1,synchrony,1429
1,0,1,1,1,synchrony,1430
1,0,1,1,1,synchrony,1448
1,0,1,1,1,synchrony,1449
1,0,1,1,1,synchrony,1450
1,0,1,1,1,synchrony,1452
1,0,1,1,1,synchrony,1453
1,0,1,1,1,synchrony,1454
1,0,1,1,1,synchrony,1455
1,0,1,1,1,synchrony,1456
1,0,1,1,1,synchrony,1462
1,0,1,1,1,synchrony,1465
1,0,1,1,1,synchrony,1466
1,0,1,1,1,synchrony,1468
1,0,1,1,1,synchrony,1471
1,0,1,1,1,synchrony,1476
1,0,1,1,1,synchrony,1479
1,0,1,1,1,synchrony,1480
1,0,1,1,1,synchrony,1481
1,0,1,1,1,synchrony,1482
1,0,1,1,1,synchrony,1483
1,0,1,1,1,synchrony,1484
1,0,1,1,1,synchrony,1485
1,0,1,1,1,synchrony,1486
1,0,1,1,1,synchrony,1487
1,0,1,1,1,synchrony,1488
1,0,1,1,1,synchrony,1489
1,0,1,1,1,synchrony,1490
1,0,1,1,1,synchrony,1491
1,0,1,1,1,synchrony,1492
1,0,1,1,1,synchrony,1493
1,0,1,1,1,synchrony,1494
1,0,1,1,1,synchrony,1495
1,0,1,1,1,synchrony,1496
1,0,1,1,1,synchrony,1497
1,0,1,1,1,synchrony,1498
1,0,1,1,1,synchrony,1499
1,0,1,1,1,synchrony,1500
1,0,1,1,1,synchrony,1502
1,0,1,1,1,synchrony,1518
1,0,1,1,1,synchrony,1520
1,0,1,1,1,synchrony,1521
1,0,1,1,1,synchrony,1522
1,0,1,1,1,synchrony,1523
1,0,1,1,1,synchrony,1528
1,0,1,1,1,synchrony,1529
1,0,1,1,1,synchrony,1533
1,0,1,1,1,synchrony,1536
1,0,1,1,1,synchrony,1537
1,0,1,1,1,synchrony,1538
1,0,1,1,1,synchrony,1539
1,0,1,1,1,synchrony,1540
1,0,1,1,1,synchrony,1542
1,0,1,1,1,synchrony,1550
1,0,1,1,1,synchrony,1551
1,0,1,1,1,synchrony,1552
1,0,1,1,1,synchrony,1553
1,0,1,1,1,synchrony,1554
1,0,1,1,1,synchrony,1555
1,0,1,1,1,synchrony,1556
1,0,1,1,1,synchrony,1557
1,0,1,1,1,synchrony,1558
1,0,1,1,1,synchrony,1559
1,0,1,1,1,synchrony,1560
1,0,1,1,1,synchrony,1561
1,0,1,1,1,synchrony,1562
1,0,1,1,1,synchrony,1563
1,0,1,1,1,synchrony,1564
1,0,1,1,1,synchrony,1565
1,0,1,1,1,synchrony,1566
1,0,1,1,1,synchrony,1567
1,0,1,1,1,synchrony,1568
1,0,1,1,1,synchrony,1569
1,0,1,1,1,synchrony,1570
1,0,1,1,1,synchrony,1571
1,0,1,1,1,synchrony,1586
1,0,1,1,1,synchrony,1587
1,0,1,1,1,synchrony,1588
1,0,1,1,1,synchrony,1589
1,0,1,1,1,synchrony,1590
1,0,1,1,1,synchrony,1591
1,0,1,1,1,synchrony,1592
1,0,1,1,1,synchrony,1593
1,0,1,1,1,synchrony,1594
1,0,1,1,1,synchrony,1602
1,0,1,1,1,synchrony,1608
1,0,1,1,1,synchrony,1609
1,0,1,1,1,synchrony,1610
1,0,1,1,1,synchrony,1612
1,0,1,1,1,synchrony,1613
1,0,1,1,1,synchrony,1614
1,0,1,1,1,synchrony,1616
1,0,1,1,1,synchrony,1617
1,0,1,1,1,synchrony,1618
1,0,1,1,1,synchrony,1619
1,0,1,1,1,synchrony,1620
1,0,1,1,1,synchrony,1621
1,0,1,1,1,synchrony,1622
1,0,1,1,1,synchrony,1623
1,0,1,1,1,synchrony,1624
1,0,1,1,1,synchrony,1625
1,0,1,1,1,synchrony,1626
1,0,1,1,1,synchrony,1627
1,0,1,1,1,synchrony,1629
1,0,1,1,1,synchrony,1630
1,0,1,1,1,synchrony,1631
1,0,1,1,1,synchrony,1632
1,0,1,1,1,synchrony,1633
1,0,1,1,1,synchrony,1634
1,0,1,1,1,synchrony,1635
1,0,1,1,1,synchrony,1636
1,0,1,1,1,synchrony,1637
1,0,1,1,1,synchrony,1639
1,0,1,1,1,synchrony,1640
1,0,1,1,1,synchrony,1641
1,0,1,1,1,synchrony,1642
1,0,1,1,1,synchrony,1658
1,0,1,1,1,synchrony,1659
1,0,1,1,1,synchrony,1660
1,0,1,1,1,synchrony,1661
1,0,1,1,1,synchrony,1662
1,0,1,1,1,synchrony,1666
1,0,1,1,1,synchrony,1669
1,0,1,1,1,synchrony,1672
1,0,1,1,1,synchrony,1674
1,0,1,1,1,synchrony,1675
1,0,1,1,1,synchrony,1676
1,0,1,1,1,synchrony,1678
1,0,1,1,1,synchrony,1679
1,0,1,1,1,synchrony,1680
1,0,1,1,1,synchrony,1681
1,0,1,1,1,synchrony,1684
1,0,1,1,1,synchrony,1685
1,0,1,1,1,synchrony,1686
1,0,1,1,1,synchrony,1687
1,0,1,1,1,synchrony,1688
1,0,1,1,1,synchrony,1689
1,0,1,1,1,synchrony,1692
1,0,1,1,1,synchrony,1693
1,0,1,1,1,synchrony,1694
1,0,1,1,1,synchrony,1695
1,0,1,1,1,synchrony,1696
1,0,1,1,1,synchrony,1697
1,0,1,1,1,synchrony,1698
1,0,1,1,1,synchrony,1699
1,0,1,1,1,synchrony,1700
1,0,1,1,1,synchrony,1701
1,0,1,1,1,synchrony,1702
1,0,1,1,1,synchrony,1703
1,0,1,1,1,synchrony,1704
1,0,1,1,1,synchrony,1705
1,0,1,1,1,synchrony,1706
1,0,1,1,1,synchrony,1707
1,0,1,1,1,synchrony,1708
1,0,1,1,1,synchrony,1710
1,0,1,1,1,synchrony,1711
1,0,1,1,1,synchrony,1712
1,0,1,1,1,synchrony,1731
1,0,1,1,1,synchrony,1732
1,0,1,1,1,synchrony,1733
1,0,1,1,1,synchrony,1734
1,0,1,1,1,synchrony,1738
1,0,1,1,1,synchrony,1739
1,0,1,1,1,synchrony,1743
1,0,1,1,1,synchrony,1748
1,0,1,1,1,synchrony,1749
1,0,1,1,1,synchrony,1753
1,0,1,1,1,synchrony,1755
1,0,1,1,1,synchrony,1756
1,0,1,1,1,synchrony,1757
1,0,1,1,1,synchrony,1758
1,0,1,1,1,synchrony,1759
1,0,1,1,1,synchrony,1760
1,0,1,1,1,synchrony,1761
1,0,1,1,1,synchrony,1762
1,0,1,1,1,synchrony,1764
1,0,1,1,1,synchrony,1765
1,0,1,1,1,synchrony,1766
1,0,1,1,1,synchrony,1767
1,0,1,1,1,synchrony,1769
1,0,1,1,1,synchrony,1770
1,0,1,1,1,synchrony,1772
1,0,1,1,1,synchrony,1773
1,0,1,1,1,synchrony,1774
1,0,1,1,1,synchrony,1775
1,0,1,1,1,synchrony,1776
1,0,1,1,1,synchrony,1777
1,0,1,1,1,synchrony,1778
1,0,1,1,1,synchrony,1779
1,0,1,1,1,synchrony,1782
1,0,1,1,1,synchrony,1783
1,0,1,1,1,synchrony,1803
1,0,1,1,1,synchrony,1804
1,0,1,1,1,synchrony,1805
1,0,1,1,1,synchrony,1806
1,0,1,1,1,synchrony,1807
1,0,1,1,1,synchrony,1809
1,0,1,1,1,synchrony,1815
1,0,1,1,1,synchrony,1816
1,0,1,1,1,synchrony,1819
1,0,1,1,1,synchrony,1820
1,0,1,1,1,synchrony,1821
1,0,1,1,1,synchrony,1823
1,0,1,1,1,synchrony,1824
1,0,1,1,1,synchrony,1825
1,0,1,1,1,synchrony,1826
1,0,1,1,1,synchrony,1828
1,0,1,1,1,synchrony,1829
1,0,1,1,1,synchrony,1830
1,0,1,1,1,synchrony,1831
1,0,1,1,1,synchrony,1832
1,0,1,1,1,synchrony,1833
1,0,1,1,1,synchrony,1834
1,0,1,1,1,synchrony,1835
1,0,1,1,1,synchrony,1836
1,0,1,1,1,synchrony,1837
1,0,1,1,1,synchrony,1838
1,0,1,1,1,synchrony,1839
1,0,1,1,1,synchrony,1840
1,0,1,1,1,synchrony,1841
1,0,1,1,1,synchrony,1842
1,0,1,1,1,synchrony,1843
1,0,1,1,1,synchrony,1844
1,0,1,1,1,synchrony,1845
1,0,1,1,1,synchrony,1846
1,0,1,1,1,synchrony,1847
1,0,1,1,1,synchrony,1848
1,0,1,1,1,synchrony,1849
1,0,1,1,1,synchrony,1850
1,0,1,1,1,synchrony,1851
1,0,1,1,1,synchrony,1852
1,0,1,1,1,synchrony,1853
1,0,1,1,1,synchrony,1854
1,0,1,1,1,synchrony,1855
1,0,1,1,1,synchrony,1856
1,0,1,1,1,synchrony,1875
1,0,1,1,1,synchrony,1876
1,0,1,1,1,synchrony,1877
1,0,1,1,1,synchrony,1878
1,0,1,1,1,synchrony,1879
1,0,1,1,1,synchrony,1880
1,0,1,1,1,synchrony,1881
1,0,1,1,1,synchrony,1882
1,0,1,1,1,synchrony,1884
1,0,1,1,1,synchrony,1892
1,0,1,1,1,synchrony,1895
1,0,1,1,1,synchrony,1896
1,0,1,1,1,synchrony,1897
1,0,1,1,1,synchrony,1899
1,0,1,1,1,synchrony,1900
1,0,1,1,1,synchrony,1901
1,0,1,1,1,synchrony,1902
1,0,1,1,1,synchrony,1903
1,0,1,1,1,synchrony,1904
1,0,1,1,1,synchrony,1905
1,0,1,1,1,synchrony,1906
1,0,1,1,1,synchrony,1907
1,0,1,1,1,synchrony,1908
1,0,1,1,1,synchrony,1909
1,0,1,1,1,synchrony,1910
1,0,1,1,1,synchrony,1911
1,0,1,1,1,synchrony,1912
1,0,1,1,1,synchrony,1913
1,0,1,1,1,synchrony,1914
1,0,1,1,1,synchrony,1916
1,0,1,1,1,synchrony,1917
1,0,1,1,1,synchrony,1918
1,0,1,1,1,synchrony,1919
1,0,1,1,1,synchrony,1920
1,0,1,1,1,synchrony,1921
1,0,1,1,1,synchrony,1922
1,0,1,1,1,synchrony,1923
1,0,1,1,1,synchrony,1924
1,0,1,1,1,synchrony,1925
1,0,1,1,1,synchrony,1926
1,0,1,1,1,synchrony,1927
1,0,1,1,1,synchrony,1928
1,0,1,1,1,synchrony,1950
1,0,1,1,1,synchrony,1951
1,0,1,1,1,synchrony,1952
1,0,1,1,1,synchrony,1953
1,0,1,1,1,synchrony,1967
1,0,1,1,1,synchrony,1968
1,0,1,1,1,synchrony,1969
1,0,1,1,1,synchrony,1970
1,0,1,1,1,synchrony,1971
1,0,1,1,1,synchrony,1972
1,0,1,1,1,synchrony,1973
1,0,1,1,1,synchrony,1974
1,0,1,1,1,synchrony,1975
1,0,1,1,1,synchrony,1976
1,0,1,1,1,synchrony,1977
1,0,1,1,1,synchrony,1978
1,0,1,1,1,synchrony,1979
1,0,1,1,1,synchrony,1980
1,0,1,1,1,synchrony,1981
1,0,1,1,1,synchrony,1982
1,0,1,1,1,synchrony,1983
1,0,1,1,1,synchrony,1984
1,0,1,1,1,synchrony,1985
1,0,1,1,1,synchrony,1986
1,0,1,1,1,synchrony,1987
1,0,1,1,1,synchrony,1988
1,0,1,1,1,synchrony,1989
1,0,1,1,1,synchrony,1990
1,0,1,1,1,synchrony,1991
1,0,1,1,1,synchrony,1992
1,0,1,1,1,synchrony,1993
1,0,1,1,1,synchrony,1994
1,0,1,1,1,synchrony,1995
1,0,1,1,1,synchrony,1996
1,0,1,1,1,synchrony,1997
1,0,1,1,1,synchrony,1998
1,0,1,1,1,synchrony,2024
1,0,1,1,1,synchrony,2027
1,0,1,1,1,synchrony,2028
1,0,1,1,1,synchrony,2039
1,0,1,1,1,synchrony,2040
1,0,1,1,1,synchrony,2041
1,0,1,1,1,synchrony,2044
1,0,1,1,1,synchrony,2045
1,0,1,1,1,synchrony,2046
1,0,1,1,1,synchrony,2047
1,0,1,1,1,synchrony,2048
1,0,1,1,1,synchrony,2049
1,0,1,1,1,synchrony,2050
1,0,1,1,1,synchrony,2051
1,0,1,1,1,synchrony,2052
1,0,1,1,1,synchrony,2053
1,0,1,1,1,synchrony,2054
1,0,1,1,1,synchrony,2055
1,0,1,1,1,synchrony,2056
1,0,1,1,1,synchrony,2057
1,0,1,1,1,synchrony,2058
1,0,1,1,1,synchrony,2059
1,0,1,1,1,synchrony,2060
1,0,1,1,1,synchrony,2061
1,0,1,1,1,synchrony,2062
1,0,1,1,1,synchrony,2063
1,0,1,1,1,synchrony,2064
1,0,1,1,1,synchrony,2065
1,0,1,1,1,synchrony,2066
1,0,1,1,1,synchrony,2067
1,0,1,1,1,synchrony,2068
1,0,1,1,1,synchrony,2069
1,0,1,1,1,synchrony,2111
1,0,1,1,1,synchrony,2112
1,0,1,1,1,synchrony,2113
1,0,1,1,1,synchrony,2114
1,0,1,1,1,synchrony,2116
1,0,1,1,1,synchrony,2117
1,0,1,1,1,synchrony,2118
1,0,1,1,1,synchrony,2119
1,0,1,1,1,synchrony,2120
1,0,1,1,1,synchrony,2121
1,0,1,1,1,synchrony,2122
1,0,1,1,1,synchrony,2123
1,0,1,1,1,synchrony,2124
1,0,1,1,1,synchrony,2125
1,0,1,1,1,synchrony,2126
1,0,1,1,1,synchrony,2127
1,0,1,1,1,synchrony,2128
1,0,1,1,1,synchrony,2129
1,0,1,1,1,synchrony,2130
1,0,1,1,1,synchrony,2131
1,0,1,1,1,synchrony,2132
1,0,1,1,1,synchrony,2133
1,0,1,1,1,synchrony,2134
1,0,1,1,1,synchrony,2135
1,0,1,1,1,synchrony,2136
1,0,1,1,1,synchrony,2137
1,0,1,1,1,synchrony,2138
1,0,1,1,1,synchrony,2139
1,0,1,1,1,synchrony,2140
1,0,1,1,1,synchrony,2171
1,0,1,1,1,synchrony,2182
1,0,1,1,1,synchrony,2183
1,0,1,1,1,synchrony,2184
1,0,1,1,1,synchrony,2186
1,0,1,1,1,synchrony,2187
1,0,1,1,1,synchrony,2188
1,0,1,1,1,synchrony,2189
1,0,1,1,1,synchrony,2191
1,0,1,1,1,synchrony,2193
1,0,1,1,1,synchrony,2194
1,0,1,1,1,synchrony,2195
1,0,1,1,1,synchrony,2196
1,0,1,1,1,synchrony,2197
1,0,1,1,1,synchrony,2198
1,0,1,1,1,synchrony,2199
1,0,1,1,1,synchrony,2200
1,0,1,1,1,synchrony,2201
1,0,1,1,1,synchrony,2202
1,0,1,1,1,synchrony,2203
1,0,1,1,1,synchrony,2204
1,0,1,1,1,synchrony,2205
1,0,1,1,1,synchrony,2206
1,0,1,1,1,synchrony,2207
1,0,1,1,1,synchrony,2208
1,0,1,1,1,synchrony,2209
1,0,1,1,1,synchrony,2210
1,0,1,1,1,synchrony,2211
1,0,1,1,1,synchrony,2212
1,0,1,1,1,synchrony,2213
1,0,1,1,1,synchrony,2214
1,0,1,1,1,synchrony,2240
1,0,1,1,1,synchrony,2241
1,0,1,1,1,synchrony,2250
1,0,1,1,1,synchrony,2254
1,0,1,1,1,synchrony,2255
1,0,1,1,1,synchrony,2257
1,0,1,1,1,synchrony,2258
1,0,1,1,1,synchrony,2259
1,0,1,1,1,synchrony,2260
1,0,1,1,1,synchrony,2261
1,0,1,1,1,synchrony,2262
1,0,1,1,1,synchrony,2263
1,0,1,1,1,synchrony,2264
1,0,1,1,1,synchrony,2265
1,0,1,1,1,synchrony,2266
1,0,1,1,1,synchrony,2267
1,0,1,1,1,synchrony,2268
1,0,1,1,1,synchrony,2269
1,0,1,1,1,synchrony,2270
1,0,1,1,1,synchrony,2271
1,0,1,1,1,synchrony,2272
1,0,1,1,1,synchrony,2273
1,0,1,1,1,synchrony,2274
1,0,1,1,1,synchrony,2275
1,0,1,1,1,synchrony,2276
1,0,1,1,1,synchrony,2277
1,0,1,1,1,synchrony,2278
1,0,1,1,1,synchrony,2279
1,0,1,1,1,synchrony,2280
1,0,1,1,1,synchrony,2281
1,0,1,1,1,synchrony,2282
1,0,1,1,1,synchrony,2283
1,0,1,1,1,synchrony,2284
1,0,1,1,1,synchrony,2285
1,0,1,1,1,synchrony,2286
1,0,1,1,1,synchrony,2312
1,0,1,1,1,synchrony,2313
1,0,1,1,1,synchrony,2320
1,0,1,1,1,synchrony,2326
1,0,1,1,1,synchrony,2327
1,0,1,1,1,synchrony,2328
1,0,1,1,1,synchrony,2329
1,0,1,1,1,synchrony,2330
1,0,1,1,1,synchrony,2331
1,0,1,1,1,synchrony,2332
1,0,1,1,1,synchrony,2333
1,0,1,1,1,synchrony,2334
1,0,1,1,1,synchrony,2335
1,0,1,1,1,synchrony,2336
1,0,1,1,1,synchrony,2337
1,0,1,1,1,synchrony,2338
1,0,1,1,1,synchrony,2339
1,0,1,1,1,synchrony,2340
1,0,1,1,1,synchrony,2341
1,0,1,1,1,synchrony,2342
1,0,1,1,1,synchrony,2343
1,0,1,1,1,synchrony,2344
1,0,1,1,1,synchrony,2345
1,0,1,1,1,synchrony,2346
1,0,1,1,1,synchrony,2347
1,0,1,1,1,synchrony,2348
1,0,1,1,1,synchrony,2349
1,0,1,1,1,synchrony,2350
1,0,1,1,1,synchrony,2351
1,0,1,1,1,synchrony,2352
1,0,1,1,1,synchrony,2353
1,0,1,1,1,synchrony,2354
1,0,1,1,1,synchrony,2355
1,0,1,1,1,synchrony,2356
1,0,1,1,1,synchrony,2357
1,0,1,1,1,synchrony,2358
1,0,1,1,1,synchrony,2359
1,0,1,1,1,synchrony,2384
1,0,1,1,1,synchrony,2385
1,0,1,1,1,synchrony,2386
1,0,1,1,1,synchrony,2390
1,0,1,1,1,synchrony,2392
1,0,1,1,1,synchrony,2393
1,0,1,1,1,synchrony,2394
1,0,1,1,1,synchrony,2395
1,0,1,1,1,synchrony,2397
1,0,1,1,1,synchrony,2398
1,0,1,1,1,synchrony,2399
1,0,1,1,1,synchrony,2400
1,0,1,1,1,synchrony,2401
1,0,1,1,1,synchrony,2402
1,0,1,1,1,synchrony,2403
1,0,1,1,1,synchrony,2405
1,0,1,1,1,synchrony,2406
1,0,1,1,1,synchrony,2407
1,0,1,1,1,synchrony,2408
1,0,1,1,1,synchrony,2409
1,0,1,1,1,synchrony,2410
1,0,1,1,1,synchrony,2411
1,0,1,1,1,synchrony,2412
1,0,1,1,1,synchrony,2413
1,0,1,1,1,synchrony,2414
1,0,1,1,1,synchrony,2415
1,0,1,1,1,synchrony,2416
1,0,1,1,1,synchrony,2417
1,0,1,1,1,synchrony,2418
1,0,1,1,1,synchrony,2419
1,0,1,1,1,synchrony,2420
1,0,1,1,1,synchrony,2421
1,0,1,1,1,synchrony,2422
1,0,1,1,1,synchrony,2423
1,0,1,1,1,synchrony,2424
1,0,1,1,1,synchrony,2425
1,0,1,1,1,synchrony,2426
1,0,1,1,1,synchrony,2427
1,0,1,1,1,synchrony,2428
1,0,1,1,1,synchrony,2429
1,0,1,1,1,synchrony,2430
1,0,1,1,1,synchrony,2431
1,0,1,1,1,synchrony,2456
1,0,1,1,1,synchrony,2457
1,0,1,1,1,synchrony,2458
1,0,1,1,1,synchrony,2462
1,0,1,1,1,synchrony,2464
1,0,1,1,1,synchrony,2466
1,0,1,1,1,synchrony,2468
1,0,1,1,1,synchrony,2469
1,0,1,1,1,synchrony,2470
1,0,1,1,1,synchrony,2471
1,0,1,1,1,synchrony,2472
1,0,1,1,1,synchrony,2473
1,0,1,1,1,synchrony,2474
1,0,1,1,1,synchrony,2475
1,0,1,1,1,synchrony,2476
1,0,1,1,1,synchrony,2478
1,0,1,1,1,synchrony,2479
1,0,1,1,1,synchrony,2480
1,0,1,1,1,synchrony,2481
1,0,1,1,1,synchrony,2482
1,0,1,1,1,synchrony,2483
1,0,1,1,1,synchrony,2484
1,0,1,1,1,synchrony,2485
1,0,1,1,1,synchrony,2486
1,0,1,1,1,synchrony,2487
1,0,1,1,1,synchrony,2488
1,0,1,1,1,synchrony,2489
1,0,1,1,1,synchrony,2490
1,0,1,1,1,synchrony,2491
1,0,1,1,1,synchrony,2492
1,0,1,1,1,synchrony,2493
1,0,1,1,1,synchrony,2494
1,0,1,1,1,synchrony,2495
1,0,1,1,1,synchrony,2496
1,0,1,1,1,synchrony,2497
1,0,1,1,1,synchrony,2498
1,0,1,1,1,synchrony,2499
1,0,1,1,1,synchrony,2500
1,0,1,1,1,synchrony,2501
1,0,1,1,1,synchrony,2502
1,0,1,1,1,synchrony,2503
1,0,1,1,1,synchrony,2530
1,0,1,1,1,synchrony,2531
1,0,1,1,1,synchrony,2532
1,0,1,1,1,synchrony,2535
1,0,1,1,1,synchrony,2539
1,0,1,1,1,synchrony,2540
1,0,1,1,1,synchrony,2541
1,0,1,1,1,synchrony,2542
1,0,1,1,1,synchrony,2544
1,0,1,1,1,synchrony,2545
1,0,1,1,1,synchrony,2546
1,0,1,1,1,synchrony,2547
1,0,1,1,1,synchrony,2548
1,0,1,1,1,synchrony,2549
1,0,1,1,1,synchrony,2550
1,0,1,1,1,synchrony,2551
1,0,1,1,1,synchrony,2552
1,0,1,1,1,synchrony,2553
1,0,1,1,1,synchrony,2554
1,0,1,1,1,synchrony,2555
1,0,1,1,1,synchrony,2556
1,0,1,1,1,synchrony,2557
1,0,1,1,1,synchrony,2558
1,0,1,1,1,synchrony,2559
1,0,1,1,1,synchrony,2560
1,0,1,1,1,synchrony,2561
1,0,1,1,1,synchrony,2562
1,0,1,1,1,synchrony,2563
1,0,1,1,1,synchrony,2564
1,0,1,1,1,synchrony,2565
1,0,1,1,1,synchrony,2566
1,0,1,1,1,synchrony,2567
1,0,1,1,1,synchrony,2568
1,0,1,1,1,synchrony,2569
1,0,1,1,1,synchrony,2570
1,0,1,1,1,synchrony,2571
1,0,1,1,1,synchrony,2572
1,0,1,1,1,synchrony,2573
1,0,1,1,1,synchrony,2574
1,0,1,1,1,synchrony,2575
1,0,1,1,1,synchrony,2576
1,0,1,1,1,synchrony,2605
1,0,1,1,1,synchrony,2606
1,0,1,1,1,synchrony,2607
1,0,1,1,1,synchrony,2608
1,0,1,1,1,synchrony,2609
1,0,1,1,1,synchrony,2610
1,0,1,1,1,synchrony,2611
1,0,1,1,1,synchrony,2612
1,0,1,1,1,synchrony,2613
1,0,1,1,1,synchrony,2614
1,0,1,1,1,synchrony,2615
1,0,1,1,1,synchrony,2616
1,0,1,1,1,synchrony,2617
1,0,1,1,1,synchrony,2618
1,0,1,1,1,synchrony,2619
1,0,1,1,1,synchrony,2620
1,0,1,1,1,synchrony,2621
1,0,1,1,1,synchrony,2622
1,0,1,1,1,synchrony,2623
1,0,1,1,1,synchrony,2624
1,0,1,1,1,synchrony,2625
1,0,1,1,1,synchrony,2626
1,0,1,1,1,synchrony,2627
1,0,1,1,1,synchrony,2628
1,0,1,1,1,synchrony,2629
1,0,1,1,1,synchrony,2630
1,0,1,1,1,synchrony,2631
1,0,1,1,1,synchrony,2632
1,0,1,1,1,synchrony,2633
1,0,1,1,1,synchrony,2634
1,0,1,1,1,synchrony,2635
1,0,1,1,1,synchrony,2636
1,0,1,1,1,synchrony,2637
1,0,1,1,1,synchrony,2638
1,0,1,1,1,synchrony,2639
1,0,1,1,1,synchrony,2640
1,0,1,1,1,synchrony,2641
1,0,1,1,1,synchrony,2642
1,0,1,1,1,synchrony,2643
1,0,1,1,1,synchrony,2644
1,0,1,1,1,synchrony,2645
1,0,1,1,1,synchrony,2646
1,0,1,1,1,synchrony,2647
1,0,1,1,1,synchrony,2648
1,0,1,1,1,synchrony,2678
1,0,1,1,1,synchrony,2679
1,0,1,1,1,synchrony,2680
1,0,1,1,1,synchrony,2681
1,0,1,1,1,synchrony,2682
1,0,1,1,1,synchrony,2683
1,0,1,1,1,synchrony,2684
1,0,1,1,1,synchrony,2685
1,0,1,1,1,synchrony,2686
1,0,1,1,1,synchrony,2687
1,0,1,1,1,synchrony,2688
1,0,1,1,1,synchrony,2689
1,0,1,1,1,synchrony,2691
1,0,1,1,1,synchrony,2692
1,0,1,1,1,synchrony,2693
1,0,1,1,1,synchrony,2694
1,0,1,1,1,synchrony,2695
1,0,1,1,1,synchrony,2696
1,0,1,1,1,synchrony,2697
1,0,1,1,1,synchrony,2698
1,0,1,1,1,synchrony,2699
1,0,1,1,1,synchrony,2700
1,0,1,1,1,synchrony,2701
1,0,1,1,1,synchrony,2702
1,0,1,1,1,synchrony,2703
1,0,1,1,1,synchrony,2704
1,0,1,1,1,synchrony,2705
1,0,1,1,1,synchrony,2706
1,0,1,1,1,synchrony,2707
1,0,1,1,1,synchrony,2708
1,0,1,1,1,synchrony,2709
1,0,1,1,1,synchrony,2710
1,0,1,1,1,synchrony,2711
1,0,1,1,1,synchrony,2712
1,0,1,1,1,synchrony,2713
1,0,1,1,1,synchrony,2714
1,0,1,1,1,synchrony,2715
1,0,1,1,1,synchrony,2716
1,0,1,1,1,synchrony,2717
1,0,1,1,1,synchrony,2718
1,0,1,1,1,synchrony,2719
1,0,1,1,1,synchrony,2750
1,0,1,1,1,synchrony,2751
1,0,1,1,1,synchrony,2752
1,0,1,1,1,synchrony,2753
1,0,1,1,1,synchrony,2755
1,0,1,1,1,synchrony,2756
1,0,1,1,1,synchrony,2757
1,0,1,1,1,synchrony,2758
1,0,1,1,1,synchrony,2759
1,0,1,1,1,synchrony,2765
1,0,1,1,1,synchrony,2766
1,0,1,1,1,synchrony,2767
1,0,1,1,1,synchrony,2768
1,0,1,1,1,synchrony,2769
1,0,1,1,1,synchrony,2770
1,0,1,1,1,synchrony,2771
1,0,1,1,1,synchrony,2773
1,0,1,1,1,synchrony,2774
1,0,1,1,1,synchrony,2775
1,0,1,1,1,synchrony,2776
1,0,1,1,1,synchrony,2777
1,0,1,1,1,synchrony,2778
1,0,1,1,1,synchrony,2779
1,0,1,1,1,synchrony,2780
1,0,1,1,1,synchrony,2781
1,0,1,1,1,synchrony,2782
1,0,1,1,1,synchrony,2783
1,0,1,1,1,synchrony,2784
1,0,1,1,1,synchrony,2785
1,0,1,1,1,synchrony,2786
1,0,1,1,1,synchrony,2787
1,0,1,1,1,synchrony,2788
1,0,1,1,1,synchrony,2789
1,0,1,1,1,synchrony,2790
1,0,1,1,1,synchrony,2791
1,0,1,1,1,synchrony,2826
1,0,1,1,1,synchrony,2827
1,0,1,1,1,synchrony,2838
1,0,1,1,1,synchrony,2839
1,0,1,1,1,synchrony,2840
1,0,1,1,1,synchrony,2841
1,0,1,1,1,synchrony,2842
1,0,1,1,1,synchrony,2843
1,0,1,1,1,synchrony,2844
1,0,1,1,1,synchrony,2845
1,0,1,1,1,synchrony,2846
1,0,1,1,1,synchrony,2847
1,0,1,1,1,synchrony,2848
1,0,1,1,1,synchrony,2849
1,0,1,1,1,synchrony,2850
1,0,1,1,1,synchrony,2851
1,0,1,1,1,synchrony,2852
1,0,1,1,1,synchrony,2853
1,0,1,1,1,synchrony,2854
1,0,1,1,1,synchrony,2855
1,0,1,1,1,synchrony,2856
1,0,1,1,1,synchrony,2857
1,0,1,1,1,synchrony,2858
1,0,1,1,1,synchrony,2859
1,0,1,1,1,synchrony,2860
1,0,1,1,1,synchrony,2861
1,0,1,1,1,synchrony,2862
1,0,1,1,1,synchrony,2909
1,0,1,1,1,synchrony,2910
1,0,1,1,1,synchrony,2911
1,0,1,1,1,synchrony,2912
1,0,1,1,1,synchrony,2913
1,0,1,1,1,synchrony,2914
1,0,1,1,1,synchrony,2915
1,0,1,1,1,synchrony,2916
1,0,1,1,1,synchrony,2917
1,0,1,1,1,synchrony,2918
1,0,1,1,1,synchrony,2919
1,0,1,1,1,synchrony,2920
1,0,1,1,1,synchrony,2921
1,0,1,1,1,synchrony,2922
1,0,1,1,1,synchrony,2923
1,0,1,1,1,synchrony,2924
1,0,1,1,1,synchrony,2925
1,0,1,1,1,synchrony,2926
1,0,1,1,1,synchrony,2927
1,0,1,1,1,synchrony,2928
1,0,1,1,1,synchrony,2929
1,0,1,1,1,synchrony,2930
1,0,1,1,1,synchrony,2931
1,0,1,1,1,synchrony,2932
1,0,1,1,1,synchrony,2933
1,0,1,1,1,synchrony,2981
1,0,1,1,1,synchrony,2982
1,0,1,1,1,synchrony,2983
1,0,1,1,1,synchrony,2984
1,0,1,1,1,synchrony,2985
1,0,1,1,1,synchrony,2986
1,0,1,1,1,synchrony,2987
1,0,1,1,1,synchrony,2988
1,0,1,1,1,synchrony,2989
1,0,1,1,1,synchrony,2990
1,0,1,1,1,synchrony,2991
1,0,1,1,1,synchrony,2992
1,0,1,1,1,synchrony,2993
1,0,1,1,1,synchrony,2994
1,0,1,1,1,synchrony,2995
1,0,1,1,1,synchrony,2996
1,0,1,1,1,synchrony,2997
1,0,1,1,1,synchrony,2998
1,0,1,1,1,synchrony,2999
1,0,1,1,1,synchrony,3000
1,0,1,1,1,synchrony,3001
1,0,1,1,1,synchrony,3002
1,0,1,1,1,synchrony,3003
1,0,1,1,1,synchrony,3004
1,0,1,1,1,synchrony,3005
1,0,1,1,1,synchrony,3052
1,0,1,1,1,synchrony,3053
1,0,1,1,1,synchrony,3054
1,0,1,1,1,synchrony,3055
1,0,1,1,1,synchrony,3056
1,0,1,1,1,synchrony,3057
1,0,1,1,1,synchrony,3058
1,0,1,1,1,synchrony,3059
1,0,1,1,1,synchrony,3060
1,0,1,1,1,synchrony,3061
1,0,1,1,1,synchrony,3062
1,0,1,1,1,synchrony,3063
1,0,1,1,1,synchrony,3064
1,0,1,1,1,synchrony,3065
1,0,1,1,1,synchrony,3066
1,0,1,1,1,synchrony,3067
1,0,1,1,1,synchrony,3068
1,0,1,1,1,synchrony,3069
1,0,1,1,1,synchrony,3070
1,0,1,1,1,synchrony,3071
1,0,1,1,1,synchrony,3072
1,0,1,1,1,synchrony,3073
1,0,1,1,1,synchrony,3074
1,0,1,1,1,synchrony,3075
1,0,1,1,1,synchrony,3076
1,0,1,1,1,synchrony,3078
1,0,1,1,1,synchrony,3079
1,0,1,1,1,synchrony,3124
1,0,1,1,1,synchrony,3125
1,0,1,1,1,synchrony,3126
1,0,1,1,1,synchrony,3127
1,0,1,1,1,synchrony,3128
1,0,1,1,1,synchrony,3129
1,0,1,1,1,synchrony,3130
1,0,1,1,1,synchrony,3131
1,0,1,1,1,synchrony,3133
1,0,1,1,1,synchrony,3134
1,0,1,1,1,synchrony,3135
1,0,1,1,1,synchrony,3136
1,0,1,1,1,synchrony,3137
1,0,1,1,1,synchrony,3138
1,0,1,1,1,synchrony,3139
1,0,1,1,1,synchrony,3140
1,0,1,1,1,synchrony,3141
1,0,1,1,1,synchrony,3142
1,0,1,1,1,synchrony,3143
1,0,1,1,1,synchrony,3144
1,0,1,1,1,synchrony,3145
1,0,1,1,1,synchrony,3146
1,0,1,1,1,synchrony,3147
1,0,1,1,1,synchrony,3150
1,0,1,1,1,synchrony,3151
1,0,1,1,1,synchrony,3199
1,0,1,1,1,synchrony,3200
1,0,1,1,1,synchrony,3202
1,0,1,1,1,synchrony,3203
1,0,1,1,1,synchrony,3204
1,0,1,1,1,synchrony,3205
1,0,1,1,1,synchrony,3206
1,0,1,1,1,synchrony,3207
1,0,1,1,1,synchrony,3208
1,0,1,1,1,synchrony,3209
1,0,1,1,1,synchrony,3210
1,0,1,1,1,synchrony,3211
1,0,1,1,1,synchrony,3212
1,0,1,1,1,synchrony,3213
1,0,1,1,1,synchrony,3214
1,0,1,1,1,synchrony,3215
1,0,1,1,1,synchrony,3216
1,0,1,1,1,synchrony,3217
1,0,1,1,1,synchrony,3218
1,0,1,1,1,synchrony,3221
1,0,1,1,1,synchrony,3222
1,0,1,1,1,synchrony,3270
1,0,1,1,1,synchrony,3271
1,0,1,1,1,synchrony,3272
1,0,1,1,1,synchrony,3273
1,0,1,1,1,synchrony,3275
1,0,1,1,1,synchrony,3278
1,0,1,1,1,synchrony,3279
1,0,1,1,1,synchrony,3280
1,0,1,1,1,synchrony,3281
1,0,1,1,1,synchrony,3282
1,0,1,1,1,synchrony,3283
1,0,1,1,1,synchrony,3284
1,0,1,1,1,synchrony,3285
1,0,1,1,1,synchrony,3286
1,0,1,1,1,synchrony,3287
1,0,1,1,1,synchrony,3293
1,0,1,1,1,synchrony,3294
1,0,1,1,1,synchrony,3295
1,0,1,1,1,synchrony,3343
1,0,1,1,1,synchrony,3344
1,0,1,1,1,synchrony,3345
1,0,1,1,1,synchrony,3351
1,0,1,1,1,synchrony,3352
1,0,1,1,1,synchrony,3353
1,0,1,1,1,synchrony,3354
1,0,1,1,1,synchrony,3355
1,0,1,1,1,synchrony,3356
1,0,1,1,1,synchrony,3357
1,0,1,1,1,synchrony,3426
1,0,1,1,1,synchrony,3427
1,0,1,1,1,synchrony,3497
1,0,1,1,1,synchrony,3498
1,0,1,1,1,synchrony,3499
1,0,1,1,1,synchrony,3568
1,0,1,1,1,synchrony,3569
1,0,1,1,1,synchrony,3570
1,0,1,1,1,synchrony,3571
1,0,1,1,1,synchrony,3641
1,0,1,1,1,synchrony,3642
30.586748021426885,3.243506567468493,24.439904032537665,30.572635885217913,37.16531214157446,variance_ratio,56
34.6223994504805,3.047711517519767,28.671013144846903,34.52150410362785,40.487582780830024,variance_ratio,57
31.18310691985853,3.1635875666524567,24.616538481807794,31.1427721078705,37.41398583158428,variance_ratio,128
36.357468810523976,2.9849616844255036,30.658822710031288,36.2626183059532,41.86134682037972,variance_ratio,198
35.430255576325536,3.0246666555822252,29.798833063930736,35.45338027686079,41.37027124104714,variance_ratio,199
19.59326728596298,2.551187029047567,14.49023932540546,19.715970842507385,24.356467604580054,variance_ratio,203
35.43107455813337,2.882361027043204,29.873120629313483,35.33460576362021,40.83125638420504,variance_ratio,270
36.80902675908361,3.010096071317486,31.08812604483716,36.7640826519431,42.53362965237744,variance_ratio,271
36.4846564647747,3.020530378975632,30.70581679460378,36.42696028199991,42.49344448184363,variance_ratio,272
36.06574123730677,2.9801488930338413,30.393058016654585,36.06808445699731,41.87839737844331,variance_ratio,274
30.309068348856417,3.1028232240934006,24.67951285388802,30.250391271667073,36.8366049002137,variance_ratio,276
35.27008028587633,3.306003824614836,29.139779125486356,35.30365506005904,41.47534473240344,variance_ratio,341
27.117544382767647,3.147072469822394,20.637902706371413,27.22915378327839,32.891627644238724,variance_ratio,342
24.199694142294508,3.1736720548097623,18.515506785983735,24.141643674299566,31.094385163231248,variance_ratio,343
30.02792612498781,3.25821256194156,24.0137256907496,30.176224229528465,36.61302266519084,variance_ratio,344
36.07862360861678,3.2011972039529546,29.919569435826197,36.18102363536778,42.36001781640846,variance_ratio,345
33.41102356567034,2.865423803987642,27.97610437548527,33.528034240606615,38.92239066107926,variance_ratio,347
33.34672974788845,2.964076242172274,27.4851614993818,33.4394084168152,39.16524764254487,variance_ratio,412
37.41467768043916,3.0215560669267174,31.579588591823526,37.357589627730576,43.43110324779618,variance_ratio,413
36.92915280238047,3.034284602573716,31.504561507010617,36.93276314454031,43.12373831079247,variance_ratio,414
38.566766585218936,3.0508789412151143,32.6617678326413,38.69645096987803,44.465138975566965,variance_ratio,415
38.47878345849784,3.095838793246029,32.35515035057906,38.64265735515819,44.21994517727671,variance_ratio,416
24.861793168341894,3.084858088967455,18.970713326748008,24.79451616096235,31.00133520644486,variance_ratio,417
25.50996728951827,2.998365200393353,19.585088227976325,25.38277825993858,31.878417876360665,variance_ratio,418
43.839024504729615,3.1382874755677674,37.54014804779338,43.95862867983698,49.973578724486984,variance_ratio,483
40.884051323930194,3.171680253727993,34.325055085150645,40.98205732736545,46.66087127848016,variance_ratio,484
40.79037204018943,3.235294394722895,33.914294524843626,40.92876599899117,46.69418104609061,variance_ratio,485
43.492124168785814,3.326671174285354,36.60037195580078,43.55920488683071,49.9755525440644,variance_ratio,486
41.28434626634572,3.3188793246625536,34.755405937660015,41.30442123427878,47.24373504604104,variance_ratio,487
44.79593520329778,3.0108899024063454,38.7011963887709,44.89687509725757,50.141222601803385,variance_ratio,554
44.53833476572506,3.0169734983342913,38.36425762151648,44.691079501124136,50.09797810112013,variance_ratio,555
42.691712507134774,2.840238438939639,36.790846003377965,42.687773069116716,47.860360296592084,variance_ratio,556
41.23668011057096,2.788874557930397,35.6057991657689,41.37255464785476,46.54556172841343,variance_ratio,557
41.99379538334624,2.8751547132560735,36.22101443877572,41.96319723310786,47.808387560614285,variance_ratio,558
43.55320835706262,3.002657641434578,37.13713718278339,43.52156874073607,49.600510143483575,variance_ratio,559
40.014980273204124,2.8603116465465113,34.36765972111279,40.00282792124663,45.59725033890279,variance_ratio,560
25.17592964909552,2.731649682312698,19.71862652258852,25.33564897439843,30.332465057623768,variance_ratio,561
29.014904735671465,2.538508005934187,23.835391806470547,29.014031048006732,33.536246976444346,variance_ratio,563
26.433944080187832,2.3283579459322783,21.48801719335815,26.520856639821744,30.78359233684756,variance_ratio,564
31.16279635980241,2.72175663034164,26.155650612337734,31.08723705305998,36.82679070564007,variance_ratio,592
30.058452970607856,2.616798780827214,25.091446373608637,30.069640771206988,35.22441397104744,variance_ratio,593
26.02717450648238,2.8488316167597154,20.558323296789652,25.916411061594783,31.592666782689427,variance_ratio,625
28.667532375227747,2.8464898666617833,23.38059377795996,28.36365559043231,33.9251907829468,variance_ratio,626
30.723034422323344,2.8246919851537875,25.23596095806139,30.687462177506667,36.08571600034448,variance_ratio,627
29.1602527920325,2.815897539540788,23.959363808438017,29.042182214863644,34.748178318178255,variance_ratio,628
31.474932131761758,2.812246207546683,25.863641916595313,31.518046154952962,36.72348699173806,variance_ratio,629
32.110992640246515,2.904547129917031,26.07547335926358,32.14163926140944,37.32382651037505,variance_ratio,630
36.8461593164693,3.0601604345703506,30.779059877965132,36.831729784902116,42.91691498699737,variance_ratio,634
31.736310284917497,2.882663557687138,25.992759615102955,31.770685758798752,36.88048975366457,variance_ratio,635
26.72938948700709,2.631918393920397,21.18508210195117,26.901216082098735,31.71384323048373,variance_ratio,636
29.023824267113635,2.957620176270938,23.393163005245317,29.00398100464868,34.26386958400215,variance_ratio,637
33.41324829882188,2.9105084061139643,27.723432767927076,33.45476207881731,39.39444267942822,variance_ratio,640
28.92110669151047,2.4035856194498515,24.184504007348394,29.09047697228108,33.57305163271021,variance_ratio,663
29.95188610462246,2.2681734472930346,25.79822199231072,29.932847048288576,34.2833107796381,variance_ratio,664
30.775848244417674,2.3744353218142296,26.315029166650792,30.699948401177355,35.61911187884406,variance_ratio,665
30.237620193344693,2.3371774126420077,25.648682720064976,30.20392370170198,34.86144252382992,variance_ratio,666
34.12969556849381,2.935550632122561,28.14407826202352,34.262786108623644,39.83203855557289,variance_ratio,696
31.297739921389358,3.0134180843912985,25.233158145194906,31.390808653428714,36.81508042174386,variance_ratio,698
34.148393066997684,2.9962560052991742,28.477400937649687,34.19025042914991,39.39705741489091,variance_ratio,699
34.47820671153559,3.240150989995189,28.25455856150407,34.701650822619406,40.53623914274037,variance_ratio,700
36.43760292116717,3.1598849059587173,30.403304071716402,36.40299626613147,42.11256706173482,variance_ratio,701
30.576943779364147,3.390246753412006,23.762837081470103,30.741647666033266,36.5328971132372,variance_ratio,702
28.96874858376561,3.3327689998964907,22.14257738980015,28.814885662418348,35.50085116200599,variance_ratio,704
29.742411631436596,3.2351492931202523,22.976138189108333,29.663263134174883,35.69443056143852,variance_ratio,705
45.89908724800747,3.529474059478906,38.75702213674876,45.91057559036929,52.80902739558543,variance_ratio,706
43.85195218208388,3.3952711137248297,37.07347169069064,44.163188151686626,50.19746702617715,variance_ratio,708
43.08641624580419,3.3020349692244686,36.57172174714993,43.24077245193327,49.18805732472381,variance_ratio,710
43.029743780170385,3.262622242141163,36.42587163204112,43.255028056813586,48.94646156780115,variance_ratio,711
41.33478300343354,3.254081969253545,34.47118358931098,41.53955500996449,47.443738571724055,variance_ratio,712
39.90046590879521,3.1756813965542463,34.17198161027673,39.88624769889697,45.70139237881805,variance_ratio,716
36.53482753599925,3.3682436382373835,30.222998033921105,36.41556168470806,42.99936797321982,variance_ratio,717
28.75163093092793,2.5882039737205207,23.770150623293837,28.659357822141565,34.041554626113715,variance_ratio,735
29.82680191875735,2.334925145620219,25.547435429815195,29.86158653907142,34.32122129624952,variance_ratio,736
29.55489622404273,2.1949007262104514,24.866732948448572,29.54595953369192,33.58337055101005,variance_ratio,737
29.960224411215915,2.406352621780662,25.42377683653212,29.77941547438293,34.46683318763672,variance_ratio,738
32.100416712762886,2.7814800147352554,26.05084166218769,32.22060472757397,37.62936894221971,variance_ratio,772
33.4587191844879,2.6573871598984375,27.40612689431746,33.603290645088066,38.28119562350184,variance_ratio,773
36.60738196819405,2.7277898384152284,31.10533331585897,36.478251368296164,41.81541843849446,variance_ratio,774
36.153170260857024,2.8246941680843767,30.326261649441335,36.31077449156221,41.140153734247086,variance_ratio,775
37.677866198268426,2.9679996974596095,31.310356419496774,37.754909303766134,43.041409879167304,variance_ratio,776
40.38570940128506,3.338582903497109,33.588846606835226,40.44560215473917,46.770788223718306,variance_ratio,777
36.41475731102131,3.0722898971042003,30.11404508326843,36.529719261639414,42.25572290931034,variance_ratio,778
24.66654834347777,2.3578486883154666,20.008492785722872,24.626357283455974,29.44744971675894,variance_ratio,783
23.17962786343366,2.386843222720426,18.810584695132206,23.20264292422165,27.719198980515635,variance_ratio,784
27.94084420643311,2.4685262434003405,23.192422063005473,28.020351991288088,32.62596704731082,variance_ratio,787
26.92536553677499,2.493824411009735,22.232304127780694,27.24176008968757,31.59105064293301,variance_ratio,788
24.408018829001218,2.7474291260347705,19.262628658837578,24.398542790044978,29.9406874183226,variance_ratio,804
28.735633454324645,2.592569891037931,23.859092902815913,28.609370893515717,33.67553492434667,variance_ratio,805
27.671267779756228,2.5174302743198917,22.847326337834968,27.687104836515744,32.47804740106884,variance_ratio,806
27.9262491615465,3.164143867038659,21.35982534147599,27.92647591629882,34.04695236936793,variance_ratio,807
30.4054469715028,3.0918648682674403,23.567744326297106,30.495902408416455,36.441558343012616,variance_ratio,808
29.787842838883858,2.0093042062741984,26.017394878252635,29.771788494658292,33.8072709052788,variance_ratio,809
30.41403781607807,2.0885660904176575,26.31061904377777,30.340155216480717,34.54337969061891,variance_ratio,810
31.416706907621794,2.3262453156954432,26.88817810453128,31.34864426542139,35.75433570549166,variance_ratio,811
31.71389204521109,2.7054289760135544,26.224194961131964,31.88223931264364,37.17276738865635,variance_ratio,812
32.15174154789496,2.749733060506976,26.989665707528665,32.15513805283324,37.59309321616007,variance_ratio,813
39.19963343211473,2.750473625622487,33.75040814484103,39.24336180253974,44.53583562501608,variance_ratio,845
31.520976461506933,2.8716601738876797,25.796790120696908,31.39591549524603,37.19765253626732,variance_ratio,846
37.25079600103193,2.634653634789583,31.972104738046873,37.31054828719252,41.99781234513904,variance_ratio,847
40.09507964266624,2.7104509064832984,35.22290108932103,40.15040147078179,44.98975137292097,variance_ratio,848
39.77463665945385,2.69935465193907,34.80543831960285,39.63311546478357,44.84706508140774,variance_ratio,849
37.01532571184105,2.7717242705790732,31.476758848642774,36.91251208088366,42.6489708070778,variance_ratio,850
31.378570609491266,2.673760468626305,25.804536955108848,31.449736264290422,36.17866827185699,variance_ratio,851
22.163689814465833,3.0068744019090587,16.114294377555353,22.22284784299613,27.681855380024874,variance_ratio,855
22.099247108516145,3.027277302006646,16.13694441679417,22.19968611017652,27.809523439642334,variance_ratio,856
24.183050802743576,2.9468783393420726,18.276236695115887,24.284306501897646,30.474624956779113,variance_ratio,857
27.870088821323737,3.027526689654901,21.8044965740683,28.036599387921235,33.599817303485615,variance_ratio,858
27.6182578526331,3.1011970332834706,22.049205566751976,27.57642029604633,33.75939005737664,variance_ratio,859
27.35270937800985,2.9722951624276925,21.82102236259838,27.082972303377893,33.18494481503458,variance_ratio,860
24.786111604548772,2.0772878110508683,21.036580193746925,24.789790564795176,28.96398719269056,variance_ratio,876
26.44631254166223,2.1106673798164146,22.66851273911575,26.42681529530861,30.433096283291285,variance_ratio,877
26.702894943252385,2.060173589885932,22.857253858160743,26.635964538220676,30.64318447894355,variance_ratio,878
27.061641576101387,2.1973065390957207,22.94675856149785,27.068866700582383,31.293685089845507,variance_ratio,879
28.263237697993883,2.1420305466553127,24.04641335767963,28.262290373359384,32.357496072359716,variance_ratio,881
28.982781788198995,2.114175047990302,24.674427116869868,28.96993438027808,33.22039876594791,variance_ratio,882
28.38906153672515,2.2451939266426786,23.89552390423427,28.542448771995677,32.767428061969724,variance_ratio,883
32.63824913150769,2.3164150441597218,27.904934598489515,32.41124473012695,37.676952869722776,variance_ratio,884
31.798763738503368,2.4505200065208665,27.373341823862663,31.780620254297688,37.22170059775628,variance_ratio,885
34.265711462702804,3.025430045974206,28.23439357824043,34.24193840112984,39.49638675012134,variance_ratio,916
34.28737531331796,3.016948544204534,28.40390625042651,34.312682634502245,39.731170717913194,variance_ratio,917
35.18658071524552,2.8701027946047457,29.51541507104276,35.20500318140923,40.4383554776931,variance_ratio,918
35.079848680594836,2.865577192088972,30.120139087816373,34.99888466947458,40.9453372206294,variance_ratio,920
30.651019304604116,2.973129206753429,24.98061432647869,30.725540110097885,36.49994702999819,variance_ratio,921
28.495791770661334,3.2587416238644726,22.03226428429387,28.70421934518815,34.51742974759283,variance_ratio,922
30.60083254031509,3.065502712255451,24.564739218671587,30.70121599091491,36.26776224602858,variance_ratio,923
28.690734170512158,3.0192799937637704,22.916057327527824,29.029540971867398,34.3318227943188,variance_ratio,927
27.81438666663406,2.9622497064638234,21.897067341263035,27.994339250052636,33.5696532836016,variance_ratio,929
28.22891088040921,2.924834663127196,22.716117649194683,28.19859469250745,33.967796399863886,variance_ratio,931
27.9996911369142,2.0886098614358484,23.973653705686953,27.811551170875028,31.80001988133536,variance_ratio,947
28.062575751937533,1.875985705239757,24.34805026572617,27.983257815548548,31.531105798565704,variance_ratio,948
28.999489973011233,2.0342681298131513,24.97465259767744,29.036991086512224,32.906243298294115,variance_ratio,949
28.769772304951207,1.881214294110425,25.18555511855411,28.698524439099693,32.47273197929657,variance_ratio,950
28.084995186274792,2.1709782408891938,23.78103503313818,28.16709193745128,32.28006859496189,variance_ratio,951
29.247067651248656,2.163633896006859,25.136600929449465,29.339036985451894,33.578216045986984,variance_ratio,952
30.45586570879982,2.187782441038345,26.158874131589215,30.440505727567615,34.75067740999575,variance_ratio,953
34.61910903952781,2.411500236066351,30.058107265521873,34.58004168310134,39.703583183117786,variance_ratio,955
33.806524458527605,2.4407461150335665,29.358114020445452,33.79269820913325,38.93820773368331,variance_ratio,956
37.23950326124081,2.724632366651029,32.41667148378033,37.066763371969145,42.50680825053858,variance_ratio,985
37.59482867816754,2.7815358751741734,32.4388717181984,37.7206027809631,42.93446266055582,variance_ratio,986
37.7354885529463,2.819680039240434,32.5705542337462,37.76514637485714,43.16327072406825,variance_ratio,987
36.93743718134625,2.7653977073706555,31.73865987940796,37.024205251407835,41.71977413961982,variance_ratio,988
37.11943748663753,2.7087130963519477,32.093655031203994,37.23818000833308,42.32782632808517,variance_ratio,989
34.26800532371639,2.8253710678039736,28.726217359117175,34.240157963634175,39.781278175447376,variance_ratio,991
34.87712062733204,2.8014747634759365,29.549638802842136,34.877982653774296,40.42105212121721,variance_ratio,992
34.39280027498186,2.8880234525305166,29.056487351662582,34.51411560756318,40.2601762635313,variance_ratio,993
31.885741893103987,2.859985892976344,26.379126792482506,31.788901724573005,37.72911932225706,variance_ratio,994
31.109630670380874,2.667917392793355,26.233592392240098,30.97299403689391,36.31512368746408,variance_ratio,995
30.864492570900595,2.7065545924516297,26.116048500456976,30.797658830329,36.29732438237501,variance_ratio,996
27.83680662544058,2.3950332097911056,23.001613705851348,27.778771023480754,32.317370767781945,variance_ratio,997
26.289006324045243,2.4382171007082065,20.953463776719225,26.317118590841577,31.060984126839642,variance_ratio,999
25.876874624515562,2.6820338402575628,21.229868151366084,25.737785564476894,31.092312770284646,variance_ratio,1001
23.5732698816897,2.9659976287110412,17.85622584948973,23.67695772399978,29.766389498546648,variance_ratio,1002
22.590365901859325,3.0108386445857827,16.76142857122978,22.62456769159042,28.781060060230953,variance_ratio,1003
24.51606521526636,2.4569904906154325,19.902538675027227,24.514789696999728,29.224928977899445,variance_ratio,1018
25.281436159104548,2.398336131086974,20.866609482930492,25.28712333048793,29.828560724932963,variance_ratio,1019
27.091926649446542,2.1112071935461163,22.79995516150904,26.987462321895606,31.1339804172226,variance_ratio,1021
27.284706768070723,2.162023130859127,22.949084108119017,27.331086950518035,31.523638703676333,variance_ratio,1022
27.87471064804326,2.0656895412772664,23.999520522430405,27.888612292144266,32.0883594628318,variance_ratio,1023
28.544111557759486,2.213415638857454,24.165600373075122,28.522631986550252,33.1159025856018,variance_ratio,1025
29.247237113354398,2.341177468045852,24.854542056993974,29.195098409425096,33.878512460807606,variance_ratio,1027
29.53620451783196,2.312483431514442,25.45803597829909,29.43556728133783,33.89691810286718,variance_ratio,1028
30.29279244054965,2.246014672774176,25.952168189366088,30.234606374466665,34.6000745876147,variance_ratio,1029
33.386570092956966,2.958201356182592,27.67010469886769,33.34972932015017,39.05330769579845,variance_ratio,1055
35.39153585800934,3.1184208610118875,29.426705032064515,35.40690449918927,40.75012419899835,variance_ratio,1057
40.41913153088851,3.128478900480834,34.31199146448691,40.47931505995374,46.3138493760997,variance_ratio,1058
30.080249521250618,3.2502902481431235,23.89428221387555,30.225382040484654,36.05365923370208,variance_ratio,1061
27.854200514760223,3.15511578626182,21.82847810573161,28.00448759533213,33.67582007479682,variance_ratio,1063
30.779313689050895,2.897668125458033,25.35578819755485,30.79433327625908,36.26042935505468,variance_ratio,1064
30.56628958541415,3.0425955894716097,24.558362209301368,30.47699757690166,36.45300806188593,variance_ratio,1065
29.133447108675746,2.9918847862140687,23.542836446558535,29.080347636659013,34.66088167401513,variance_ratio,1066
31.907239315804954,3.061455026524095,26.543763100202035,31.84227328058614,38.264225319982,variance_ratio,1068
30.562687090313727,3.084786786495752,25.06024605329838,30.596078801363536,36.877171070481104,variance_ratio,1069
30.362409163110673,3.0101064719333572,25.02103510344716,30.26534098239265,36.391622057221596,variance_ratio,1070
31.042946861607074,2.9009562050850803,25.179034329719105,31.016499236505894,37.00902714743458,variance_ratio,1073
30.55837469391795,2.897644871506225,24.645202223623432,30.634103501999007,36.52331049343593,variance_ratio,1075
28.99832449098821,2.8290871552260173,23.330455509636714,29.027939476983843,34.73844551915905,variance_ratio,1076
28.00870805074971,1.973878658878228,24.130571716539716,28.103576618197465,31.79433856914389,variance_ratio,1089
28.37405518819129,1.971944683907401,24.56346974778661,28.4566441652605,32.300802156767176,variance_ratio,1090
28.997483271743747,2.1323545018245236,24.81450221904868,29.065211912049104,32.86893100083023,variance_ratio,1091
29.791534579411664,2.0979779520793262,25.669224908346887,29.90730441114907,33.75189223758998,variance_ratio,1092
30.675068448959006,2.0871150301976025,26.52787382434385,30.730701251563346,34.60010337468713,variance_ratio,1093
31.908887863351215,2.1759716890774605,27.73618323044281,31.976299442909536,36.141626215870204,variance_ratio,1094
32.31234923560474,2.2361856243608838,27.877605457399444,32.29058016268675,36.8422546414173,variance_ratio,1095
31.09387273822469,2.2488959610213577,26.563724895092985,31.095720673973453,35.46210192784066,variance_ratio,1096
30.773017888546676,2.2387816988351745,26.282466177729813,30.644599104420063,35.034937369864295,variance_ratio,1097
31.242584856629094,2.4230682774219243,26.240657987627547,31.188958977758176,35.83699484398372,variance_ratio,1098
30.237324893941803,2.4606932234058827,25.476420959766624,30.078304017686655,35.45767434135124,variance_ratio,1100
28.239890817729652,2.668345241008422,22.929794701958947,28.31308356941409,33.15085372041537,variance_ratio,1101
36.94040190473425,2.4641364648765665,32.26492550694578,36.90493403285252,41.8154166457028,variance_ratio,1103
38.57059178070819,2.5595774280119974,33.913701127297024,38.467916002450664,43.63926617278102,variance_ratio,1126
38.957356020095666,2.645354731414053,34.13974428181453,38.85632127243266,43.89225614678646,variance_ratio,1127
38.72574556103203,2.6928041689265654,33.98550366974277,38.57872186322142,43.736354942407615,variance_ratio,1128
39.77148874872324,2.837438827013464,34.467827522567696,39.839671289631234,45.18579255291002,variance_ratio,1129
37.395020606351025,2.840491221349058,31.767623559906216,37.47504298380272,42.60562982185415,variance_ratio,1130
36.78126744917784,2.9008946368349187,31.035559215160987,36.9590250814873,42.114625935641506,variance_ratio,1131
35.93192752865868,2.935225165255161,30.00714580513726,35.999672941602995,41.549697368444264,variance_ratio,1133
33.29679459726656,2.9773381551775078,27.820840545731382,33.15052692722722,39.3024036756179,variance_ratio,1134
30.213833328165318,2.676295913460031,25.118598956854413,30.23606686514961,35.298070705516984,variance_ratio,1137
30.857194294946872,2.663179054921971,25.780760239364664,30.813344671713068,36.195524553175396,variance_ratio,1138
29.515645833334368,2.6158864568495845,24.61797981271719,29.44411401307881,34.54801070530829,variance_ratio,1139
29.924342114189585,2.673020690646433,24.75683662222591,29.90073238457026,35.00663441674655,variance_ratio,1140
26.855280089472977,2.655320942212036,21.873253703575745,26.93712984639963,32.25310372177253,variance_ratio,1142
27.62909702454202,2.715718744331926,22.158942610404814,27.63549022700546,32.60281349430047,variance_ratio,1143
30.10259948307917,2.6913910704123007,24.571466631168008,30.07301302059063,35.386157357895414,variance_ratio,1144
33.746153442064475,2.792737587501999,28.334005625029523,33.57694026916247,39.568471435542776,variance_ratio,1145
24.811369731176075,2.629768454285794,20.05832582342679,24.591784280549604,29.91682196050525,variance_ratio,1161
23.64212144370129,2.6741369067591045,18.585198285873325,23.599948841998668,28.960464610674443,variance_ratio,1162
24.393777713406998,2.694303161467653,19.421064675260023,24.309932103562915,29.784055201529284,variance_ratio,1163
28.13647489433385,1.8674047424991154,24.409194611411092,28.15119474739889,32.06711753351051,variance_ratio,1164
28.13789694668794,1.8590824316252803,24.36812398775944,28.148710613074243,31.909994706809897,variance_ratio,1165
27.05610023460005,2.063947977918396,23.31370316003017,27.086907661016493,31.300912845967826,variance_ratio,1166
27.5101107749237,2.1021076080399537,23.557072057646526,27.517708457246147,31.71175548654794,variance_ratio,1167
29.008515805196296,2.150375784104619,25.090466527235876,28.98186014726745,32.958418599589756,variance_ratio,1168
30.297032992641256,2.3318967564323976,25.82769547136189,30.310232097292122,34.41935227733752,variance_ratio,1169
30.784146439903783,2.3890028671948103,26.149006051355833,30.985672762245876,34.92613609613037,variance_ratio,1170
31.497581254201798,2.357083509341294,26.670910346035814,31.701816673529155,35.63554629132846,variance_ratio,1171
32.07901625862327,2.379939772607947,27.268374024567972,32.313636305523765,36.232896482769455,variance_ratio,1172
32.178835525154064,2.3861204607627475,27.284687652588488,32.278122734193744,36.514850097721705,variance_ratio,1173
32.56638791254179,2.312708387120661,27.59759819756177,32.46810228112756,36.9804295241542,variance_ratio,1175
49.48929635895222,3.0031323515122366,43.55841858430339,49.60725187354359,55.03079910575553,variance_ratio,1196
51.54229111035292,3.1496569906238028,45.378930959238645,51.72648970520562,57.080104669322324,variance_ratio,1197
51.242923837224154,3.226403323781178,45.02617549397346,51.344543101644106,57.30807426713734,variance_ratio,1198
50.5496664071086,3.2317544901881674,44.25054106621752,50.5699123723374,56.58185204063605,variance_ratio,1199
50.35339305660105,3.218982551517836,44.53318190530988,50.33555599513307,57.22615382340694,variance_ratio,1200
34.236314434659164,3.3479039554760206,27.634845016501092,34.21063158605278,40.73545514365076,variance_ratio,1201
31.043702421995185,3.44409646828458,24.024480195351853,31.13401193281866,37.67900614176791,variance_ratio,1202
36.45978247761637,3.281262260516729,30.08355399430274,36.4445465215026,42.66059100306347,variance_ratio,1203
28.795838482635883,3.4830378217138915,21.81416998556392,28.931463259140997,35.26905249905293,variance_ratio,1204
30.24310691819011,3.4428968077653366,23.377795516618683,30.286473705832716,37.107577316271794,variance_ratio,1205
29.215554978559894,3.4692907772317514,22.610053073838507,29.235146211428198,36.134162079449,variance_ratio,1206
29.54949504565229,3.291170825122964,23.75927673981471,29.526683946924813,35.959063352835834,variance_ratio,1207
29.111731148829914,3.115984212985987,23.014937356754352,29.146145203830564,35.652772922070795,variance_ratio,1208
29.568422720950668,3.0469437892721714,23.757401886133856,29.471298059023464,35.59427287280002,variance_ratio,1209
28.501635171993772,3.1088025110969,22.73078312548286,28.44428582000837,34.56202259066354,variance_ratio,1210
28.284624376077435,3.102611842921069,22.980280561903214,28.132374656296296,34.5108400620006,variance_ratio,1211
29.150024586415515,3.0825740120357525,23.637898987497245,28.863695804841754,34.859881068241386,variance_ratio,1212
28.556033208546797,2.851990352141227,23.23457893848729,28.431682937290745,34.304397652729605,variance_ratio,1213
28.546893799829544,2.829850885404911,23.054543239781086,28.63899387627246,34.01414797287017,variance_ratio,1214
28.287675679038948,2.8769688401730886,22.605358086263152,28.297002936304466,33.88465687971197,variance_ratio,1215
29.447241802824834,2.9489971742041656,23.71121461438063,29.602565690818068,35.088019644324454,variance_ratio,1216
29.794767917671358,1.9697502403466705,26.02564348216781,29.78318367802121,33.628638272623,variance_ratio,1234
30.335784503759825,2.06191635774957,26.49774676806906,30.28113213312531,34.146288443701984,variance_ratio,1235
30.63523206343417,2.070422191683737,26.745914187043716,30.64062273359042,34.65208127023243,variance_ratio,1236
31.5890318576657,2.0659026781673093,27.84764057096608,31.537878649544254,35.60098823504911,variance_ratio,1237
32.30444312285471,2.1926784628736358,28.43453285669669,32.25533660256862,36.59438126092871,variance_ratio,1238
33.02739363460452,2.3770408123318605,28.37974135462675,32.966672060883106,37.561929276982525,variance_ratio,1239
33.39674002233072,2.5933648068892503,28.44965362431641,33.507172616451626,38.29058436113134,variance_ratio,1240
32.514354502694886,2.429766781408231,27.726691213221,32.5525651392353,37.1687857700683,variance_ratio,1241
30.32640781385851,2.271123527319617,26.087954402598896,30.3345055379979,34.8214026457658,variance_ratio,1242
31.030149886775913,2.531589664739105,26.425841066447852,31.038305704980523,35.87252289496975,variance_ratio,1243
31.362801516370325,2.5511073441458287,26.482271533658757,31.46169433727772,36.35058974815752,variance_ratio,1244
34.23181229649869,2.564891783018403,29.752688101742528,34.10243615697976,39.269148978874256,variance_ratio,1246
35.26511186983278,2.47443862738863,30.396166174925664,35.16619729542999,39.74122859827326,variance_ratio,1247
36.11884013980261,2.5236330164323983,31.36790518721556,36.21110244727092,41.38281462404642,variance_ratio,1248
37.76658343008124,2.491917230929707,33.125353889791086,37.749603833976536,42.68680133696711,variance_ratio,1249
38.95787820033363,2.9372629930146754,32.74715797011598,39.00231266250094,44.19965193718785,variance_ratio,1268
40.81956205519262,3.2040923700251915,34.218771233729896,40.81689402047082,46.58303464538093,variance_ratio,1269
41.754624535927384,3.1449479978106694,35.35253516376409,41.727834628253056,47.5737251353327,variance_ratio,1270
41.51396995861378,3.029149860362806,35.6973005442583,41.58498836814116,47.23696924534325,variance_ratio,1271
42.43391324233925,2.953829317000329,36.73823680488208,42.34831478782925,48.0369245652339,variance_ratio,1272
41.278118129930974,2.7649829820398044,35.6905193863015,41.289552407093225,46.59263330726522,variance_ratio,1273
40.29948175481297,2.8334918075672895,34.69706354793441,40.497690177000905,45.45971847685345,variance_ratio,1274
39.68346493583886,2.920981759391853,34.189302299095715,39.84648969419601,45.33254261898513,variance_ratio,1275
38.189961367182406,2.981339711631734,32.1756455239369,38.33065323481556,43.76437773132724,variance_ratio,1276
35.27177636464977,2.902012460050101,29.611619046333693,35.30622199010595,40.77362793315218,variance_ratio,1277
33.003655238477876,2.8712053967464413,27.956561204629505,32.92207599778048,38.508155461153024,variance_ratio,1279
33.34107375962598,2.7572578275791404,28.265883429164393,33.28066607801718,38.92089506629729,variance_ratio,1280
32.11393596853482,2.6368233072212157,27.11242273418366,31.98166260351456,37.19055821061861,variance_ratio,1281
30.268922203415173,2.617101732542122,25.376442912174205,30.16030446559925,35.143262492768066,variance_ratio,1282
28.875828921642505,2.578202812696509,24.187018695499265,28.691795133828627,33.57761376576079,variance_ratio,1283
28.173490967677246,2.6582509593939294,23.429894784507344,27.99306711438802,33.07198862563167,variance_ratio,1284
27.510504874545735,2.6744533657421634,22.488844950373768,27.500352793853935,32.89118070938439,variance_ratio,1286
28.120776740554174,2.8456141144170295,22.44346990286444,28.04778927100576,33.78951288774035,variance_ratio,1287
28.334327568512336,2.7540108626441224,22.904573008957172,28.2724001598223,33.76676767828205,variance_ratio,1288
27.780709458355503,2.7502808225752298,22.038121779213647,27.791955535614093,33.000068152477,variance_ratio,1289
24.815913797861963,2.5395337016744666,19.59745129938748,25.01527607766583,29.701860373162148,variance_ratio,1305
25.23135629158499,2.4478024240786636,20.37968439651476,25.231181075379013,30.146458111577942,variance_ratio,1306
26.23029539340352,2.5299664376686524,21.23259461597903,26.25751304686515,30.806817281739093,variance_ratio,1307
26.653653929781214,2.519050958710004,21.68117881907115,26.480793924502613,31.71737700562333,variance_ratio,1308
24.928604873757685,2.8336683909057063,19.64080175925789,24.709029323696626,30.452916331267307,variance_ratio,1309
27.137626937550813,2.1998685177163737,22.854403936770137,27.17744329247255,31.20358526162131,variance_ratio,1312
27.249204670163568,2.261947246770472,23.1281864260045,27.163214096666238,31.68052657059835,variance_ratio,1313
30.041034453583556,2.1675386003201367,25.573475999917527,30.056882913486447,34.04795641046532,variance_ratio,1314
30.88193960463363,2.2945449306357633,26.215779347049278,30.90142679630744,35.24910934146941,variance_ratio,1315
31.934839868884417,2.4729564727380122,26.782754524877696,31.91716749919034,36.47648808274301,variance_ratio,1316
33.97033216953752,2.7036850083592423,28.18073410522051,34.2191470842175,38.914389695146575,variance_ratio,1319
34.970447648385466,2.4644637672219516,29.28951240259062,35.07150963285059,39.63689406376277,variance_ratio,1320
33.87437884794817,2.621123347893246,28.34130975720197,34.02207583272655,38.6326142406553,variance_ratio,1321
33.288959346805534,2.7409594272824394,27.432107144467516,33.41106039344797,38.565384939023694,variance_ratio,1322
36.185856618341944,3.0845201012838537,30.239095244384075,36.24898937834044,42.02651031982991,variance_ratio,1328
41.35658193117497,2.778393446051753,36.074545671917136,41.444985593123235,46.54081462671037,variance_ratio,1339
45.50424759571476,2.8773710980153813,39.48915202636248,45.53509118354235,50.85228030600834,variance_ratio,1340
44.57875000494554,2.952947131617726,39.16708350526625,44.746976392018425,49.84558222432104,variance_ratio,1341
47.982900633986816,3.0887075290539454,41.58164213321744,48.22558865359923,53.4797625763141,variance_ratio,1344
47.437364796264504,3.0908188706764603,41.46524384020273,47.60772497190791,53.25129194113075,variance_ratio,1345
47.738136882547956,3.1387379938472626,41.441065595871855,47.92372697249873,53.3449417377161,variance_ratio,1346
30.70015784078621,3.5596437219623978,23.72691998768495,30.897806244847366,37.968676580018354,variance_ratio,1348
30.38509370946664,3.3813830234475417,23.795182796686465,30.28929406888129,37.10418563102362,variance_ratio,1349
37.21716671596873,3.0068056982599076,32.0546145482594,37.055974231267044,44.08932174705947,variance_ratio,1351
33.936005404449865,3.0613244102722112,28.77902002864148,33.94801837812984,40.34476971554154,variance_ratio,1352
35.64919475163373,3.0119692567436207,30.040046027333627,35.670103431196125,41.76212834780531,variance_ratio,1353
37.48094368660319,3.0849293918830862,31.658920225971496,37.42932224127686,43.62182324264547,variance_ratio,1354
37.84165470479418,3.1251529753185188,32.01990169283607,37.90732884750743,44.13783343713457,variance_ratio,1355
31.996564699202672,3.3622482973946757,25.680357694097566,32.08708059114774,38.67480701802605,variance_ratio,1357
35.97528623566456,3.2816421449883726,29.781164080519797,35.81948053221425,42.469415183573645,variance_ratio,1358
38.148722452119074,3.4192232919541263,31.073688725546898,38.16005209351034,44.33037130042451,variance_ratio,1359
24.60393455304355,2.2559285470009183,20.41838417317463,24.526983794102325,29.375682112654864,variance_ratio,1360
22.593961348566147,2.387535893443223,18.229331908720543,22.560705564613407,27.00922539909289,variance_ratio,1361
28.353306576644027,1.8800509513005192,24.74975423379665,28.435801876888767,31.534172603105073,variance_ratio,1377
29.96562702608671,2.19461619632999,25.855252164589448,30.012921434334682,33.97217685564676,variance_ratio,1379
31.04526488010525,1.961995074931306,27.18685059760671,30.95562736747051,34.773343901097,variance_ratio,1380
31.328091100522066,2.2166246076006786,27.40077362011838,31.420000560449694,35.69381928668038,variance_ratio,1381
27.522109927825117,2.546178112366112,22.276325273594644,27.546672383611963,32.43964013279282,variance_ratio,1382
29.606731522665733,2.205196004736533,25.38193040120589,29.553407188021005,33.833398658767194,variance_ratio,1383
28.85479954613806,2.2856268643374578,24.292230199346818,28.80398025077527,33.350139811933396,variance_ratio,1384
27.304347121898598,2.5876044932715403,22.3090023955289,27.53911881909515,32.26119617345971,variance_ratio,1385
28.458388999400498,2.7057063439833726,23.28886530190674,28.608788242153828,33.600833935315656,variance_ratio,1386
29.821251739108078,2.946129998942379,24.096246546450907,29.804072827862406,35.33629010287064,variance_ratio,1393
36.89666346827992,2.6629303806871025,31.957786251743144,36.82880540256187,41.99240749617466,variance_ratio,1400
38.861559028382935,2.9526741016409,32.95583888763889,38.89848726596418,44.69167897356907,variance_ratio,1410
38.90447781953543,2.8369934937730106,33.85305950935967,38.91455365611638,44.36306963772577,variance_ratio,1412
40.58325631211471,2.825715497128521,35.502281082010235,40.71206346435698,45.69739275095142,variance_ratio,1413
41.05500746357862,2.856258742128285,35.45110394856035,41.045497105871576,46.61312484285321,variance_ratio,1414
39.502603435922396,2.909581061155594,34.025963080366395,39.497390334886475,45.3186223078756,variance_ratio,1415
38.50437566437467,3.045891768181441,32.9722094006465,38.25650832787367,44.43758532913839,variance_ratio,1416
37.506163557240995,3.3551004078529068,31.233063275854448,37.359601677268806,43.99624063328893,variance_ratio,1417
38.437532980343164,3.2115217027258502,32.17694660419755,38.54287227058971,45.39343302596432,variance_ratio,1418
37.043910358465915,2.996521567596484,31.01916370291876,37.05017364800051,43.31235633293615,variance_ratio,1419
34.2554007915934,3.1678751736281985,28.396772760834583,34.10247176220116,41.004630685223276,variance_ratio,1420
33.24936972507179,2.9393740606026713,27.74019423812344,33.08417548718054,39.19009606767516,variance_ratio,1421
33.301184627710306,2.8767902083257053,28.019430267895864,33.2096295996782,38.93050972115225,variance_ratio,1422
34.95685939170854,2.815447672251985,29.75304098967854,34.72172190754682,40.375142530515674,variance_ratio,1423
33.79413956461227,2.7346174541723256,28.71339482067051,33.58527079668978,38.962314916206005,variance_ratio,1424
33.19144707247142,2.7988242063196633,27.82730823607374,33.0976064872112,38.67710113764292,variance_ratio,1425
32.28131926659733,2.925139353015519,26.070027702203777,32.312672874797244,37.97031800078828,variance_ratio,1426
35.73513662375734,2.7568236193901656,30.137685225278044,35.70142155930879,41.0256657128007,variance_ratio,1427
43.66281893385182,2.9033321528779767,37.43498338586618,43.87001341013679,49.47602573770579,variance_ratio,1428
39.5150794260394,3.0824663475166822,33.42160594922217,39.47615150690994,46.256856224485304,variance_ratio,1429
38.06754002151611,3.1195555544233096,32.26137152508301,38.086131475448596,44.87086087708292,variance_ratio,1430
24.465807210745307,2.396352125492467,19.593285075309964,24.425670424932665,28.80558285877041,variance_ratio,1448
29.67557033249919,2.316166563060618,24.879787697795518,29.82210768576959,33.886184504029835,variance_ratio,1449
29.727878307276985,2.3968397615701846,24.756183568085326,29.82642995966171,34.07791491410489,variance_ratio,1450
29.982404712137367,1.9895428985104155,26.050456603338354,29.986953150719486,34.22499882998696,variance_ratio,1452
28.332741358422957,1.8823267552674001,24.508966325401172,28.328655741161032,32.054041796330864,variance_ratio,1453
29.63810716678846,2.1459658265397885,24.785952506313,29.723290098721357,33.61979505646873,variance_ratio,1454
29.93899419611742,2.017114898622289,25.759096900934523,29.839291352471957,33.84579130645361,variance_ratio,1455
32.22243483738132,2.214496658144104,27.951468085303798,32.28407341116581,36.36465791031534,variance_ratio,1456
34.69454626697893,2.730507542184946,29.074678226911477,34.777749254531386,39.3777694656568,variance_ratio,1462
39.86571697468522,2.553100727182949,34.723785895631615,39.78972176357436,45.06645767325279,variance_ratio,1465
38.67680356920031,2.679146165289096,33.43272572858762,38.6161468258811,44.00933442429827,variance_ratio,1466
38.85534042989332,2.993263055586524,33.19592721216687,38.77147997963711,44.50849083308787,variance_ratio,1468
40.703099031111456,2.6979257786101964,35.607008308471016,40.6422211321549,46.255218016650154,variance_ratio,1471
44.91920220352466,2.796932070420059,39.49315945367836,44.78946421329002,50.54223510233808,variance_ratio,1476
42.502497203344525,3.0998044086377954,36.11703187800416,42.41565137596028,48.42322502789931,variance_ratio,1479
38.541372618171785,3.1902946894242756,32.23361693540784,38.74613341039331,44.16058249092456,variance_ratio,1480
41.51511230052656,3.18978278915141,35.07001235169203,41.50243244531252,47.404258753074465,variance_ratio,1481
42.46955267545424,3.189144972941344,35.57237750805712,42.5016090912818,48.123610829671165,variance_ratio,1482
33.46782999699488,3.065059736219431,27.82226680004856,33.43919541788898,39.39082798968853,variance_ratio,1483
34.9431656519741,3.094566724827091,29.12744889964458,34.93878808903995,40.77315897543597,variance_ratio,1484
36.826016580834704,3.248048927720924,29.75801164538763,36.82242750375926,42.79720206612719,variance_ratio,1485
38.67199554872605,3.280617326398111,31.852184299579363,38.68496609683197,44.79332781722788,variance_ratio,1486
42.99624661713272,3.312747001263896,36.843907687271624,42.871178165321574,49.388729620624176,variance_ratio,1487
46.0933340741371,3.211956263998456,40.166864661688294,46.156719370509705,52.683479998286565,variance_ratio,1488
45.93884496061461,3.1676458265033514,39.587975064602645,45.94721664927825,51.816686164730925,variance_ratio,1489
41.66602304015492,3.4294128005618996,35.04685419308061,41.889427626288594,48.058540187353266,variance_ratio,1490
52.920315033842115,3.2810532915967094,47.16897600202437,52.94647076044506,59.369925015868525,variance_ratio,1491
34.11290954353566,3.222823510232795,28.532769642455257,33.86374086874717,39.999456097420634,variance_ratio,1492
34.39691671417482,2.7774662679438804,29.160036645202567,34.064039153340445,39.88658549857603,variance_ratio,1493
36.61203227329901,3.209336907463575,29.90994491860046,36.585126305147085,43.05082666508437,variance_ratio,1494
39.11408807158298,3.253658738188085,32.75938543351291,39.19072933868803,45.39670469474167,variance_ratio,1495
38.77499139202604,3.185631494632901,31.987453479025756,39.03309499537059,45.17192307650086,variance_ratio,1496
40.87752730224892,3.574248884364212,34.16262573509464,40.85418740513548,47.82125380661338,variance_ratio,1497
31.238170095545414,3.0257275617473884,25.222232429425322,31.289457657329038,36.96815996430291,variance_ratio,1498
29.92998877082435,2.7675665403580547,24.982026204846758,29.76720484088188,35.58334823091795,variance_ratio,1499
30.47869153787445,2.862246356602499,25.22904292597528,30.319971555295986,36.404106355104226,variance_ratio,1500
32.46246747981914,2.944327238308127,26.41503918492313,32.577845731765294,38.318459700181954,variance_ratio,1502
25.893164001611595,2.2997597097360702,21.58569803128983,25.91238607862178,30.23347899464481,variance_ratio,1518
27.69441913087409,2.3813101380957282,23.161948422927455,27.631670878000293,31.937323919695395,variance_ratio,1520
27.691386966115928,2.2414876954484995,22.916682611671813,27.634075994313108,31.820556362178593,variance_ratio,1521
27.592843670939306,2.275048718674623,23.164435049060483,27.487949733028508,31.907985891952162,variance_ratio,1522
27.547334028822956,2.3437412100077397,23.278652660229262,27.571695099473494,32.236512358112634,variance_ratio,1523
35.26553265496629,2.466703305665121,30.50950441307361,35.21358566104709,40.26049865810468,variance_ratio,1528
36.09415407925602,2.4783178075434282,31.271013037164717,36.00199625514003,41.210429485572455,variance_ratio,1529
35.801848218095444,2.786035625289956,30.69330480767653,35.74766822209391,41.20652168238311,variance_ratio,1533
37.49559136616595,2.9352792024014938,31.9623704034574,37.462896986611305,43.31342500449034,variance_ratio,1536
37.23820233818935,3.02563878302704,31.508123291996522,37.24128379087469,43.269229731533386,variance_ratio,1537
36.91137869382357,2.8575533786905156,31.66663016113558,36.79069241010085,42.71240142677571,variance_ratio,1538
37.83482797797048,2.8240595230047982,31.920104984054273,37.89750259514378,43.285616248633495,variance_ratio,1539
38.644825610085874,2.865486188751554,33.18728403614825,38.6560857686047,44.3638682968622,variance_ratio,1540
43.45048452807273,2.690682928572273,38.743375202070936,43.281636133099326,49.332880639303085,variance_ratio,1542
43.49104562522145,3.14470437379442,37.35978040908754,43.4091022163175,49.61630436485277,variance_ratio,1550
43.357767931288386,3.165163023424989,36.830804102068576,43.205341870727686,49.28392256205752,variance_ratio,1551
45.416391922532725,3.256833666662249,39.00794676119299,45.291433466123536,51.53991498301181,variance_ratio,1552
47.22958865069381,3.2736941101273556,40.82930917227723,47.21474721272903,53.16407577153017,variance_ratio,1553
47.694130803338965,3.239367058748176,41.02918788633946,47.83260486467734,53.7698304307209,variance_ratio,1554
48.54786787824518,3.3169360878366168,42.40821122365375,48.6250312423674,54.44449898356416,variance_ratio,1555
58.215239095553144,3.0828064032494957,52.13491177302043,58.3125834128862,64.20461978848543,variance_ratio,1556
57.87211142131796,3.0497716613202948,51.86693438628423,57.97333384790822,63.986132175810894,variance_ratio,1557
56.58411550326464,3.352561676405325,50.231879154904334,56.40571540323667,62.842745324658445,variance_ratio,1558
56.271550145660676,3.334880080742184,49.86438450331357,56.072327911582626,62.22638173164818,variance_ratio,1559
56.70232013473001,3.000465687679905,50.75420537678417,56.85827856837228,62.84288073682896,variance_ratio,1560
56.212057125979584,2.998846322122971,50.29286885565587,56.35922320476877,62.209237084334575,variance_ratio,1561
55.642771455329815,2.998316355757092,49.72042934296397,55.85502257271284,61.65571770591285,variance_ratio,1562
55.006324970253495,2.9916955877356535,49.16973358019385,55.20188736868003,60.550377037765564,variance_ratio,1563
54.32758256434009,2.973107539666466,48.55128098166088,54.47987431743613,59.85536106539042,variance_ratio,1564
53.629897831800655,2.9411163002728897,47.89909324216208,53.79944158198523,59.00430083710199,variance_ratio,1565
36.557861797258035,2.9544384690865555,31.048034641518175,36.48013092151863,42.17293985419232,variance_ratio,1566
32.332869235135014,2.9689971506985944,26.898687373317266,32.14709858554021,38.355479201667485,variance_ratio,1567
32.29822823182429,3.196237279717246,26.247026229677854,32.091168883942274,38.593059882194964,variance_ratio,1568
31.056881711043282,3.344574176841702,24.21422492066047,30.981284117942202,37.54792297731351,variance_ratio,1569
33.530329128650514,3.2610907892714134,27.05271763753279,33.44211740477382,39.7385505396289,variance_ratio,1570
34.59729750282253,3.217081400154468,28.142621738230364,34.61424567425719,40.47904983216434,variance_ratio,1571
24.05858277827634,2.2464720278118206,19.66144030056365,23.938043028765357,28.676916553639696,variance_ratio,1586
24.961709588665176,2.247001399545734,20.463817615005663,24.972952442991605,29.382658790529256,variance_ratio,1587
25.706715820969492,2.2681081627378736,21.254837437051254,25.710744305735098,30.174285070350376,variance_ratio,1588
25.664446375274586,2.214443396638073,21.385777574764937,25.708422046051275,30.201514586390328,variance_ratio,1589
25.359607439393915,2.009017810736037,21.280587887019863,25.345727720218694,29.281595458416742,variance_ratio,1590
26.013298234337263,2.3236837093208575,21.911486201665724,25.89247355326522,30.9530987456115,variance_ratio,1591
17.36036805252483,2.6835059851642886,11.875709381037103,17.512714768875753,22.22885216773712,variance_ratio,1592
20.404674530880385,2.916590952474057,14.881382930282847,20.501298407397762,25.89532389265894,variance_ratio,1593
29.806273616160816,2.4864762698112535,24.77177870934939,29.79586706770057,34.444161767703484,variance_ratio,1594
35.490463009121186,2.7895398712646347,30.191009922250696,35.67098588939862,40.73703143677913,variance_ratio,1602
35.204170455692996,3.015852181728588,29.316899264509257,35.2413518648077,41.095805049824584,variance_ratio,1608
40.422189149821804,2.890074053599911,35.04841306996142,40.406422154995184,46.15538534282121,variance_ratio,1609
41.56788891366133,2.9029008680275443,36.396367638851416,41.591833250106646,47.29727437292554,variance_ratio,1610
43.504302605962756,2.838799995703781,38.499206474215775,43.46697407123361,49.40297339147192,variance_ratio,1612
43.08489275834306,2.7582528558770654,38.17891636905133,43.09276315764889,48.34869735721952,variance_ratio,1613
37.56427901385065,2.5580399878286526,32.62357548192184,37.46783914315449,42.71999438942511,variance_ratio,1614
37.85007025611185,2.616205791274417,32.68021755762123,37.6636065142321,42.794810287329206,variance_ratio,1616
40.52226784904499,2.720932703290893,35.20695280637747,40.31789675414679,45.57568396421895,variance_ratio,1617
41.818194543300734,2.727781243020778,36.712774831240424,41.63755348144994,47.40528686242857,variance_ratio,1618
44.68001672885942,2.8833143330152136,39.20488391412883,44.662946451483485,50.33555790836587,variance_ratio,1619
45.37456833569629,3.033219693514897,39.601731099373694,45.21439277583184,51.418767595538114,variance_ratio,1620
47.64474006071317,3.262131518984448,41.1342889309973,47.41119881724315,53.90346281652984,variance_ratio,1621
49.94480181520025,3.2498244592899432,43.43100980446447,49.85821076492529,56.31239229266831,variance_ratio,1622
50.305561463200824,3.2868682772703233,44.21991192723344,50.313358582778946,56.68136755660102,variance_ratio,1623
49.67249504069259,3.52605078376736,43.23558641073443,49.84857779031462,56.343494795746665,variance_ratio,1624
46.10563870349417,3.6834597153693855,39.467962224529224,46.27214369056246,52.427551951609885,variance_ratio,1625
47.898786097847854,3.7078520881145756,40.88648111998179,48.04785220775458,54.981209566129834,variance_ratio,1626
32.740944259209684,3.342605784121176,25.92151282906125,32.76972438790593,39.89373428976979,variance_ratio,1627
59.673116226256525,3.0730960995294727,53.55898600561225,59.83130741174433,65.71436572286606,variance_ratio,1629
59.34120524543097,3.04789048900198,53.217038056106894,59.469636410350205,65.41531024147096,variance_ratio,1630
58.940471944800635,3.0299575402987546,52.90332527505659,59.04675285648927,65.08707237576247,variance_ratio,1631
44.30693241347368,3.0339152566520653,38.636733902397815,44.40641816010812,49.82614454645655,variance_ratio,1632
43.41104167580493,2.98655523510404,37.620554774939976,43.476366237593865,49.376430530359045,variance_ratio,1633
41.6588240603461,3.0885873123139787,35.574179043945556,41.71340318646057,47.65860314477157,variance_ratio,1634
41.438317812003284,3.1654070166986474,34.96389112359613,41.4474636481292,47.58351602629877,variance_ratio,1635
40.059360975024404,3.123214324532853,33.80316407822597,39.97036619695022,46.31076822545709,variance_ratio,1636
39.503480958678004,3.1284905484891725,33.71048421683906,39.36946638505416,45.71762642738792,variance_ratio,1637
34.37331414682996,3.2347647251418987,27.715532148952686,34.30220836460103,40.75426881008059,variance_ratio,1639
39.57766758676855,3.171195187746171,33.46121984265274,39.586642992403924,45.34092006552667,variance_ratio,1640
47.01679363426289,2.911594734602478,41.074862719951724,47.34197910997375,52.831521487305764,variance_ratio,1641
47.695666688223575,2.9527465055432587,41.74581492538245,47.916201167755226,53.46674112699863,variance_ratio,1642
21.962862445632194,2.3760691055532726,16.875216610089147,21.96477425685066,26.34138785871696,variance_ratio,1658
25.80764017518396,2.225825123608121,21.12594885211383,25.931243305924582,29.881980056236692,variance_ratio,1659
29.894842410467177,2.5491739349428486,24.911830842665776,30.037159139118124,34.58830421622225,variance_ratio,1660
30.640343521088088,2.541534492155144,25.778822529222634,30.73790246394816,35.4366788271307,variance_ratio,1661
31.488117900941877,2.542051428934977,26.54193227804785,31.409787926711715,36.42368786047651,variance_ratio,1662
28.8323045767382,2.372128696458239,24.389296450402465,28.79957441095774,33.376206089416925,variance_ratio,1666
30.480605609593795,2.410125301260789,26.295202546589593,30.537025308531142,35.264134672991304,variance_ratio,1669
32.378408597126416,2.6280472411716937,26.968708115125704,32.494656154153574,37.26641922310873,variance_ratio,1672
35.435464487568765,2.584295889230552,30.456092490955953,35.391797628632254,40.11849433093374,variance_ratio,1674
33.17891654346029,2.7036796186864023,28.048140048934915,33.240871201497555,38.362120184543784,variance_ratio,1675
31.836070677666864,3.267062534153761,26.081183288128486,31.563231933365564,38.400400897534055,variance_ratio,1676
38.66103666853831,2.6655147566875144,33.78989214662928,38.49996987179312,44.00689311926903,variance_ratio,1678
37.69340422147522,2.953200507640404,32.2916718059426,37.66502327132548,43.54735176190703,variance_ratio,1679
37.796800555654315,3.169914009899896,31.771749627382,37.774770175709634,43.89065250072242,variance_ratio,1680
39.579341845262185,3.581039839992848,32.53866400505349,39.4966339125977,47.121946306562,variance_ratio,1681
39.563797393454195,3.0578875417813953,34.150037569985564,39.41356028512067,45.239625573098834,variance_ratio,1684
48.32873117201514,3.128969108525873,42.588865784415034,48.39829492671704,54.69410042086883,variance_ratio,1685
46.82940023622602,3.523539360138655,40.030252748549174,46.97503463503125,53.60543434375212,variance_ratio,1686
46.540219954514356,3.304943231831013,40.15782682974153,46.58845079022945,52.739894857775305,variance_ratio,1687
47.03991591412468,3.428694698029705,40.58642323844775,47.1201789145704,53.456633389387484,variance_ratio,1688
47.457028043715454,3.4535380620131706,40.72773671612391,47.5664373291564,54.085806498764356,variance_ratio,1689
52.449692163463034,3.550448443419342,46.155842178141896,52.55754447743848,59.341038324137685,variance_ratio,1692
53.308550254803336,3.1011769201764667,47.04660339321093,53.44395199452759,59.48824991628485,variance_ratio,1693
49.871307190273505,2.939675218293041,43.81466014926247,49.971917804553044,55.14301718146016,variance_ratio,1694
50.34334297647067,2.9598860921410868,44.21855611557747,50.43024859807793,55.844346868299255,variance_ratio,1695
53.42853818807158,3.01793743143905,47.50158347892529,53.556689695851645,59.14398713531701,variance_ratio,1696
53.636994661075676,3.0744083054299436,47.78579149048597,53.847597487054955,59.422930628112645,variance_ratio,1697
53.91964169669768,3.09337718870126,47.5827133923705,54.188725734912424,59.92038396778498,variance_ratio,1698
52.778917999466614,3.077518862931316,46.555627453399296,53.06333910549894,58.544278113172915,variance_ratio,1699
51.91376489032947,3.0375958329502044,45.8500053246,52.024917552023815,57.625475250626216,variance_ratio,1700
47.93859306799194,3.7391045925663393,40.612527447061765,48.00697095870888,55.009405006624576,variance_ratio,1701
52.169206742655206,3.428749672229942,45.54872222488594,52.37989411944111,58.525082563573676,variance_ratio,1702
52.3332444432364,3.5302260330214583,45.1987455709312,52.38547250511128,59.07490307402199,variance_ratio,1703
41.463071162662665,4.408562174157006,32.749250561832554,41.44200754450975,49.35946227171597,variance_ratio,1704
47.463494395518836,3.1930396031316355,41.45398938820681,47.46418266742194,52.92485788475967,variance_ratio,1705
34.745355328234226,3.5610064399027666,28.01557320957751,34.55975303044931,41.84216800880377,variance_ratio,1706
58.068494769117834,2.9646720248674057,52.41167171615867,58.34212217962522,63.82882227406875,variance_ratio,1707
43.64562559281183,3.1162155378932628,37.69293466050905,43.58789315720879,49.51725439577222,variance_ratio,1708
43.635658218514756,3.173786472788474,37.44824726464474,43.64522454148983,49.97568907415624,variance_ratio,1710
48.70229843479795,3.0886569849947363,42.29506074045024,48.73085419708133,54.898146495015716,variance_ratio,1711
48.31640206154584,3.143146701367863,42.17006912284059,48.38722568403344,54.43348535339135,variance_ratio,1712
26.044650933762075,2.2177725980145606,21.528636900371545,26.179994055509525,30.180751645058375,variance_ratio,1731
26.67407588258398,2.8074334468094038,21.145678500632783,26.5690101865021,32.35592529293149,variance_ratio,1732
32.131123450901534,2.34167238273113,27.415875230506394,32.13650020290703,36.345667397544034,variance_ratio,1733
33.00404147254872,2.454588873146355,28.00285491113417,32.98717245245689,37.356050748265965,variance_ratio,1734
37.866726667591024,2.8945174363126367,31.814153539408437,37.84907824428434,43.26268540240916,variance_ratio,1738
32.1292983332904,2.4520966820405055,27.280793870636227,32.189755977427836,36.77858834158625,variance_ratio,1739
35.57630248920539,2.543702342904622,30.46674521199389,35.564713490029504,40.67630462003629,variance_ratio,1743
40.384584393128684,2.6559095989525576,35.38475030041186,40.43264868441581,45.89542784838427,variance_ratio,1748
41.41196649587923,2.683731598024632,36.44345236817857,41.47574527318528,47.11400101427726,variance_ratio,1749
45.616231465813875,2.877844625275697,40.23082344414406,45.67548947414446,51.933390606496864,variance_ratio,1753
47.71065013027419,3.0389084980628005,42.09847285031814,47.72421737508391,53.9796909178071,variance_ratio,1755
48.775483727110036,3.124888994006181,43.02443879942463,48.79458700245827,55.218462907241154,variance_ratio,1756
49.884984213185604,3.2063851395277614,44.03175441813541,49.91316782152888,56.44193610825156,variance_ratio,1757
51.06962504414458,3.2789855176921683,45.11937026550891,51.10866577194571,57.553770333981056,variance_ratio,1758
52.35573669035437,3.3406969157583806,46.27079010307523,52.468220989445406,58.98668272809648,variance_ratio,1759
53.75959748184351,3.391494274974384,47.47136780607716,53.86292743739361,60.479855284082305,variance_ratio,1760
55.28038839136233,3.4321673773189723,48.957805191350204,55.411251715039455,62.017411427792254,variance_ratio,1761
56.8886098524569,3.4625859135158965,50.46327763264433,56.94611322535698,63.56330488161539,variance_ratio,1762
60.05490017977354,3.480360497385473,53.68341835154356,60.09572406984684,66.48088069276476,variance_ratio,1764
61.39927537740443,3.4606921921564022,55.15883718356491,61.54775823256141,67.6834033536839,variance_ratio,1765
62.472631164139464,3.4240979549706143,56.090892602845514,62.580930124730955,68.6847800555434,variance_ratio,1766
63.250620011040226,3.379026622515319,56.887970427125566,63.296621554207185,69.22121474873339,variance_ratio,1767
64.03889683252689,3.294106221758861,57.528941613227325,64.10252838379208,70.20140451128455,variance_ratio,1769
64.15692231485727,3.2532616619730383,57.674207665514345,64.26532120681671,70.70464914833913,variance_ratio,1770
64.00184420430591,3.1676637615263963,58.01001006228595,64.18215432653865,70.39511379671991,variance_ratio,1772
63.71733627731893,3.12821570918966,57.67640351288528,63.85002031965267,69.87033976544882,variance_ratio,1773
63.28850640796612,3.0930562919460476,57.27067587210934,63.3635154589489,69.27320925835012,variance_ratio,1774
62.74768341803749,3.0622035370183345,56.752326361228626,62.91967813091869,68.83877505335012,variance_ratio,1775
62.154045221295874,3.0342446002369345,56.24844617902416,62.35873409423598,67.8765362232808,variance_ratio,1776
61.566603653480165,3.0065839730295933,55.719513973393774,61.81471685392518,67.59078202732154,variance_ratio,1777
61.07998958238291,2.977711207779728,55.22889558450921,61.29873427546258,66.79942178102077,variance_ratio,1778
61.59870891370753,2.952331653335357,55.61780893870779,61.94798902783171,67.40626672632038,variance_ratio,1779
57.948136480132156,2.84640686629487,52.303798551158536,58.22885673578705,63.319958891484006,variance_ratio,1782
57.33017021451797,2.8406237102365965,51.75472369050993,57.60239350597071,62.68418886165879,variance_ratio,1783
26.373174469038126,2.2099315376540547,21.734779626349795,26.49458461841681,30.356933723210343,variance_ratio,1803
26.942173397285455,2.2404443703843087,22.232267069361903,27.078315771415035,31.019571283040012,variance_ratio,1804
27.683924231610533,2.2786252182836075,23.003377951562477,27.794414379889538,31.85531255243939,variance_ratio,1805
28.44605636592196,2.3147223115862414,23.837836764956062,28.567986210030178,32.629268262737554,variance_ratio,1806
29.226595781575682,2.3487052022706885,24.568188280613438,29.323974393638068,33.417373720048815,variance_ratio,1807
30.836776517564118,2.410927261310343,26.109978096559928,30.874116902860102,35.47660333017122,variance_ratio,1809
36.06723841042012,2.571930100446207,30.80955170598024,36.040155401185515,41.130168535381024,variance_ratio,1815
37.01610951290411,2.59748044909812,31.72162737087525,37.092094187429474,42.23999098647308,variance_ratio,1816
40.04555282059847,2.6762183581721892,34.76507876763965,40.110175141805044,45.71024268658713,variance_ratio,1819
41.119915800031336,2.7054131747639745,35.9352035893163,41.19021384017166,46.829996037668586,variance_ratio,1820
42.224924453997616,2.738382009254346,37.127835618426516,42.278481868494325,48.115884390899815,variance_ratio,1821
44.50945169826333,2.824939823778736,39.16758792089033,44.763624033437225,50.699509453055576,variance_ratio,1823
45.674906936023945,2.8834224783041233,40.22672272926377,45.80909154289377,51.91176126656885,variance_ratio,1824
46.84455809043444,2.9538322824846044,41.13059901698345,46.90448150095865,53.06209315209406,variance_ratio,1825
48.01254253632736,3.03476624208631,42.22382975874756,48.01613854965235,54.133175384264646,variance_ratio,1826
50.36300660171312,3.208514128803011,44.227272166208486,50.32159410953513,57.01597624343334,variance_ratio,1828
51.58560843751731,3.2884536493667818,45.492419047950406,51.636517875360674,58.436487460609186,variance_ratio,1829
52.880868167285094,3.357750285798328,46.64121411484272,52.93137399729052,59.53997323607543,variance_ratio,1830
54.277783989471956,3.4155993094587833,48.06781488155696,54.37316983929793,60.96404162768928,variance_ratio,1831
55.79223133864741,3.463123783338895,49.40064225535757,55.89100581253846,62.563936697141806,variance_ratio,1832
57.41618733447317,3.50119318985195,50.85112168942779,57.54172614002184,64.05505055486152,variance_ratio,1833
59.10488403007687,3.5282807959142124,52.4671206174987,59.169839133175486,66.13762383770387,variance_ratio,1834
60.770695541400464,3.540013973349184,54.18362168731752,60.82430670006586,67.6517147826917,variance_ratio,1835
62.30077185967571,3.532048217075422,55.832360327023345,62.470939378628586,69.01035749102374,variance_ratio,1836
63.59850349326851,3.5047341872739186,57.029412196124106,63.738525067137786,70.12453719469391,variance_ratio,1837
64.61713051798041,3.464753827668711,58.15332758725931,64.67999113809975,70.91493694780152,variance_ratio,1838
65.36249789171545,3.421627443215023,58.924196944047864,65.46971888877141,71.589460243460593,variance_ratio,1839
65.87570245386563,3.3807786310637566,59.26771928033509,65.89633100788126,72.268330280903,variance_ratio,1840
66.20530237123555,3.33965099864731,59.466752161485125,66.30248245899708,72.88814201327702,variance_ratio,1841
66.37915787807079,3.2941592291893373,59.7803929565615,66.62281269597639,73.13546461350404,variance_ratio,1842
66.39432376555446,3.2453305125591037,60.15391000062431,66.60286550774853,73.01817306355716,variance_ratio,1843
66.23321613132799,3.19663107563993,60.2155658196462,66.40843992537317,72.52831878542617,variance_ratio,1844
65.89597650356909,3.150457706140742,59.94719842922918,66.0721871916968,72.08510666002958,variance_ratio,1845
65.42167281652019,3.107953075117154,59.45443323147915,65.65389653489743,71.5498686608389,variance_ratio,1846
64.87820823833758,3.0691925367794965,58.76911593673005,65.03521631726586,70.59944787153484,variance_ratio,1847
64.33092761653168,3.033315158066168,58.193365151216916,64.55271039838331,70.2501881366181,variance_ratio,1848
63.81472988153001,2.9990323834442423,57.673967741563516,64.08209589377138,69.56767269134156,variance_ratio,1849
63.32404096391958,2.965343597149994,57.285453245391444,63.65922164266098,69.09252920543686,variance_ratio,1850
62.93723410925014,2.9320148836613877,57.08902727576429,63.193218091813584,68.55641877910357,variance_ratio,1851
62.44346152810853,2.9075206176234563,56.719958047588804,62.68711510265618,67.93741172581045,variance_ratio,1852
61.9391162336616,2.858590970910971,56.406306559917475,62.21852329817015,67.58646147303152,variance_ratio,1853
61.267155731368625,2.846344554192899,55.52869018894972,61.54992212350687,67.00355557489479,variance_ratio,1854
60.517266125342886,2.8266250949785823,54.99213853908139,60.76696267904277,66.16932621461956,variance_ratio,1855
59.954152570133274,2.8182234122549175,54.6236350790941,60.26631450313777,65.80357312678098,variance_ratio,1856
26.520708337335602,2.1933485432061524,21.779451488937493,26.63245926357581,30.33784562462073,variance_ratio,1875
27.224715403427737,2.230926048847185,22.464000954082607,27.35843933892808,31.069014337551103,variance_ratio,1876
27.972815659210024,2.271930149445238,23.311634701577255,28.140667364979688,31.98691206296183,variance_ratio,1877
28.748414291980563,2.3117540132758525,24.071558312479972,28.849840058216955,32.82438625048786,variance_ratio,1878
29.546356035568184,2.3496661372890713,24.754849379395836,29.64941291294059,33.70308560931005,variance_ratio,1879
30.364660223404563,2.3856375700044627,25.536022740365162,30.45073582890945,34.62560580389635,variance_ratio,1880
31.201724929391943,2.419799348063782,26.393760484113926,31.27440730377655,35.637527601764326,variance_ratio,1881
32.05654437242984,2.452400441678159,27.259061233553446,32.0550180064438,36.625968563101296,variance_ratio,1882
33.81949154109418,2.514204258841138,28.791650530690127,33.777328164915,38.354755620132785,variance_ratio,1884
41.94469907032872,2.7588445135170905,36.71836105855184,42.04693488213553,47.62750422354988,variance_ratio,1892
45.61542730404109,2.8965982664258334,39.92582641250167,45.83308627546782,51.61370640824078,variance_ratio,1895
46.89620076213353,2.9615431680912927,41.047196584476296,47.00289014824125,52.96225510105892,variance_ratio,1896
48.18889838194632,3.0378417716859056,42.24040735047133,48.27997949637395,54.49298160501216,variance_ratio,1897
50.7804683294334,3.212702835491514,44.38061388719781,50.76154109113125,57.3609548218151,variance_ratio,1899
52.08828626593701,3.2991149253600094,45.61846538711214,52.13146326743193,58.87768819182568,variance_ratio,1900
53.43357991204264,3.376394520114214,46.93879191659234,53.519137764424215,60.30533050354588,variance_ratio,1901
54.851332362592075,3.4416048681485623,48.40999484646775,55.03032950674758,61.70158193569937,variance_ratio,1902
56.372973916961364,3.4952241588245525,49.930761484729125,56.45820809074769,63.13985748742982,variance_ratio,1903
58.01071037428928,3.5390433419404004,51.307444067365246,58.11519502800393,64.61466963766186,variance_ratio,1904
59.742281534436955,3.573233819519103,52.94341576995595,59.79145439722456,66.81446628852964,variance_ratio,1905
61.50052314193114,3.5946301272544985,54.65963528714019,61.65724402599942,68.78870043865028,variance_ratio,1906
63.18002296996315,3.598176843427381,56.37433291061849,63.35149624983614,70.20652510393529,variance_ratio,1907
64.67199924085008,3.5815824812803694,57.99111583161226,64.86192391983644,71.62859250322684,variance_ratio,1908
65.90908205747682,3.5489079575028746,59.11851640502775,66.11692511850077,72.33340813993905,variance_ratio,1909
66.88136465220492,3.50870527152926,60.25574846079981,66.96743271324488,73.38722689811298,variance_ratio,1910
67.61923944493316,3.4680175423368853,61.02995985772547,67.70753496912764,74.09654644566518,variance_ratio,1911
68.16453663665834,3.426850563980053,61.47480270621665,68.24352348300454,74.89704580550176,variance_ratio,1912
68.54205780826685,3.3806845937309213,61.71745173161469,68.72461507613032,75.1659370852296,variance_ratio,1913
68.74684327727104,3.328427309707966,62.232484897468666,68.90611765216579,75.31096614308416,variance_ratio,1914
68.57285710816498,3.2180865517632182,62.4538929931772,68.85609844961863,74.91381848819046,variance_ratio,1916
68.22515344018994,3.1654008223866135,62.2180581030678,68.57106753882533,74.35821182891922,variance_ratio,1917
67.77969825007305,3.116236465105873,61.73769282267555,67.9718450943047,73.67952634721479,variance_ratio,1918
67.29884258822044,3.0710414607209238,61.18985881747421,67.58005284258749,73.08291280127243,variance_ratio,1919
66.8152538158037,3.029760093738499,60.82810013467707,67.15458770043317,72.51893941494588,variance_ratio,1920
66.32323758998476,2.9919114809104665,60.400596153184964,66.52787782525355,72.00076285850415,variance_ratio,1921
65.78792780661,2.9566998557510757,59.98457255213299,66.05255099930159,71.39403148475513,variance_ratio,1922
65.1638534110752,2.9233031722982847,59.45336158150652,65.40480048021908,70.62980783143664,variance_ratio,1923
64.67423934101338,2.8925817843740544,58.95233110877134,64.86575628194576,70.05034612062032,variance_ratio,1924
63.585543673615675,2.8598458516184166,57.95558720042136,63.78672032662806,69.2997763549861,variance_ratio,1925
62.49892864626769,2.8378962608547695,56.9915948221887,62.65886262451025,68.2048270808289,variance_ratio,1926
61.29520218099367,2.8218680046616793,55.88402150234275,61.49832679531899,67.01817077167601,variance_ratio,1927
60.41704304745392,2.8145890015824544,55.075216833585046,60.70123319188532,66.35840196488085,variance_ratio,1928
29.098309485172766,2.3106313229932938,24.321109254169794,29.218139847040185,33.126075606525234,variance_ratio,1950
29.91095360881219,2.35236969377777,25.07747571428494,30.02708507623595,34.02540829868896,variance_ratio,1951
30.748676741316338,2.3924987195464453,25.826474010426562,30.835576961300355,34.95323167032777,variance_ratio,1952
31.609676738363333,2.4309897152667035,26.706844791006922,31.67631342943777,35.95711895633148,variance_ratio,1953
46.84326317734643,2.976870891315126,40.825553678940636,46.95060138604585,52.90728493040528,variance_ratio,1967
48.240714959322744,3.0488571382007246,42.16897376975467,48.31722019509986,54.40666336537144,variance_ratio,1968
49.65735943843678,3.1312392504798163,43.426660820506314,49.76707239590611,55.7884560786055,variance_ratio,1969
51.081918680614244,3.2208213280134346,44.6743269915647,51.16000322909852,57.50780050160807,variance_ratio,1970
52.510551858566984,3.3117274678760382,45.96976793556034,52.542733465763675,59.11650629196557,variance_ratio,1971
53.95354200112446,3.397039220856719,47.331572503998515,54.050546997600904,60.78125032774152,variance_ratio,1972
55.437962120163625,3.4714558899562076,48.81893452521347,55.579726758455536,62.45433901392926,variance_ratio,1973
57.000798484345964,3.5331543953942406,50.20339643278942,57.04306755645417,64.03070313254226,variance_ratio,1974
58.67148475680542,3.5832005576306036,51.82662095887588,58.77972321780895,65.38820479887904,variance_ratio,1975
60.44996064490765,3.622857194355589,53.40104753246542,60.577028914227405,67.45817441619694,variance_ratio,1976
62.28995020292918,3.6508688210901052,55.26519100333775,62.44171431336592,69.72870366078706,variance_ratio,1977
64.09819890058121,3.663066394472607,57.0880581655176,64.19183829595478,71.3748121054364,variance_ratio,1978
65.76084027152173,3.655668972173171,58.646704278808976,65.97824397755555,72.85001465664575,variance_ratio,1979
67.19175560316606,3.6300193435081014,60.178335489125786,67.46214808380944,74.14361311125461,variance_ratio,1980
68.36482465510159,3.593015926993244,61.3314406799246,68.46454560282574,75.3084730071015,variance_ratio,1981
69.3022060762933,3.5522188996735022,62.480079086116554,69.42733557338985,76.0711551952051,variance_ratio,1982
70.04179876694774,3.5102151674071633,63.28106632382606,70.09316103139149,76.79111217628058,variance_ratio,1983
70.61002797647424,3.463899661671862,63.82617061240083,70.82576246409661,77.60644615252774,variance_ratio,1984
71.00786935811871,3.4106805966734832,64.18098050423212,71.20978742678344,77.6124310193949,variance_ratio,1985
71.21818350054077,3.3520031776265755,64.8024332934318,71.41934973064411,77.53852155670688,variance_ratio,1986
71.23166748174908,3.290899281375374,65.0109398396959,71.5230487149301,77.6957201619182,variance_ratio,1987
71.06894083375254,3.230076892106324,64.91006820915801,71.46850233871751,77.04503282529427,variance_ratio,1988
70.77627053534394,3.171603778812716,64.78168877133999,71.09193623073065,76.59807094860128,variance_ratio,1989
70.40011734723082,3.116986650847954,64.38139103678724,70.68755840158246,76.36570039682383,variance_ratio,1990
69.9639410189523,3.0672736403682794,63.756001827630676,70.1875661863285,75.72047523989521,variance_ratio,1991
69.4620792923876,3.0228513062491884,63.242765387024114,69.69426881166427,75.19565019151338,variance_ratio,1992
68.8696997418632,2.9831405791466237,62.966182477494065,69.01854811394038,74.54550585453971,variance_ratio,1993
68.15953893498344,2.9466457560796084,62.32792070790246,68.39243992007214,73.87696746379584,variance_ratio,1994
67.31593546552051,2.9118772516231273,61.68945976463775,67.46681062139226,72.95305437023477,variance_ratio,1995
66.34100219954837,2.878864855944709,60.840332434434686,66.5188187443799,71.91398300122586,variance_ratio,1996
65.23911165886958,2.8507685119085027,59.815313224069655,65.37218892276873,70.83875319910103,variance_ratio,1997
64.10323867209976,2.83341429417,58.878626693667556,64.22087043061863,69.82985995129361,variance_ratio,1998
31.188868566111296,2.4029380633033943,26.438717299534627,31.274675821390872,35.36970340152447,variance_ratio,2024
33.92335759350862,2.528572772505531,28.723310176164713,34.045840864244816,38.47367247130279,variance_ratio,2027
34.88881057678698,2.568214147086452,29.529637383668618,34.932855499875174,39.561742048947025,variance_ratio,2028
48.21240841339948,3.0675013567882496,42.06249371776938,48.32919508876415,54.200719032622615,variance_ratio,2039
49.72368054112497,3.1463901704652133,43.61124902800609,49.724925417331434,55.86228043032174,variance_ratio,2040
51.26066535972196,3.2341597644537767,44.77835218260725,51.294648121638154,57.56060965626326,variance_ratio,2041
55.97231218591715,3.502213877053018,49.27607411909652,56.011645711944155,63.04720611384316,variance_ratio,2044
57.621527836887324,3.574776720445112,50.763272790853875,57.668399557327675,65.03783801476398,variance_ratio,2045
59.36083641352118,3.634393188188532,52.29417333375596,59.47910417334792,66.44202905396837,variance_ratio,2046
61.20738091951382,3.681197053756545,54.10089167053216,61.373625379981796,68.35337431465828,variance_ratio,2047
63.1369654567788,3.714735620687645,55.86298211729446,63.251315681958495,70.50751789617374,variance_ratio,2048
65.07261766094466,3.7325238844158934,57.82134230294788,65.14746407702734,72.78112920367651,variance_ratio,2049
66.90052376438842,3.7311619135587786,59.68058415034566,66.88679372129793,74.42469373207418,variance_ratio,2050
68.51628233782958,3.7103061008420464,61.1095525253413,68.70465568392436,75.8237590852629,variance_ratio,2051
69.87265145145156,3.6751563912296303,62.67064999148658,70.02213614345106,77.19906204496948,variance_ratio,2052
70.9829055662471,3.6332119549395077,63.772754987961456,71.04429553263026,78.1272818356145,variance_ratio,2053
71.88500912183135,3.5888652770943907,64.91777595101335,71.95438133090786,78.8345927555231,variance_ratio,2054
72.61135200044185,3.541253258578929,65.65155178401267,72.85172756684608,79.5906310533133,variance_ratio,2055
73.17591542806241,3.487688622313723,66.41805321270732,73.40249856669773,79.72431836619721,variance_ratio,2056
73.57374412173637,3.4277663458830507,66.87233948900082,73.77627565993274,79.97590026060881,variance_ratio,2057
73.79466934334236,3.3631341846553457,67.54012369661652,74.01817586077965,80.16431860050334,variance_ratio,2058
73.841497904143,3.2962671713710625,67.58935957867627,74.15936067747896,80.1720495774083,variance_ratio,2059
73.73297404209842,3.2298550378196413,67.46802648848599,74.09994767764142,79.5624030316433,variance_ratio,2060
73.48963956903087,3.1663360990637717,67.50205862220128,73.70706196328615,79.35182797681986,variance_ratio,2061
73.11951275324861,3.1077348605628496,67.10289001986176,73.31481898630757,78.93525938811152,variance_ratio,2062
72.61627596869046,3.055351588632643,66.64088061351504,72.80292588323599,78.42805118349945,variance_ratio,2063
71.96878213103439,3.009299279672188,66.0064456665826,72.1537310188238,77.72608848076908,variance_ratio,2064
71.17270839201397,2.9683740196222903,65.4235043173697,71.40193344635227,76.87076790764803,variance_ratio,2065
70.23636460547885,2.9307944274897584,64.41248625614192,70.44426858423553,75.75037858354374,variance_ratio,2066
69.17906106313724,2.895727619666108,63.4833262065059,69.3228277352757,74.60996469644846,variance_ratio,2067
68.02508810186568,2.86442457408229,62.52952227798229,68.12230637638342,73.5303710915838,variance_ratio,2068
66.77010857428316,2.8459845537692923,61.38963321579748,66.83657982356345,72.40930224148875,variance_ratio,2069
49.73501965181748,3.167911669160281,43.352773743359265,49.774191409885546,55.8768491124564,variance_ratio,2111
51.35537094440227,3.2527361969624953,44.84417329929132,51.345818388122765,57.673774334491576,variance_ratio,2112
53.008846813223776,3.344473008460959,46.42889737244264,53.010735677505856,59.54139256365504,variance_ratio,2113
54.69062508379397,3.438771816751601,47.78639408287753,54.694447403502515,61.46200533222315,variance_ratio,2114
58.17398192456436,3.6139230904043873,51.153533108718925,58.19954740519633,65.3595899458333,variance_ratio,2116
60.02067785509284,3.6860199041109,52.57998291809573,60.09696665157634,67.37724593707858,variance_ratio,2117
61.96654523637202,3.743825458377465,54.68213631821642,62.04350073041986,69.50013280364516,variance_ratio,2118
64.00281317181513,3.7851569883932403,56.694262876687105,64.09868117108476,71.55463032263816,variance_ratio,2119
66.07214837126374,3.807887239678422,58.646482063294656,66.14371050467525,74.24147864022547,variance_ratio,2120
68.06930095487029,3.809993235909539,60.619666343103525,68.04789671989985,75.87283253293731,variance_ratio,2121
69.87594684299741,3.7913466337019734,62.380040507206964,69.93927222892464,77.35352533480902,variance_ratio,2122
71.41727828596703,3.7562932489223004,63.908975645305546,71.54580920072627,79.0203045967005,variance_ratio,2123
72.68974511062952,3.7122733935031973,65.41795145069254,72.6884567705505,80.02258818146879,variance_ratio,2124
73.73224795145627,3.664687272003012,66.39790567607413,73.82967571601877,81.00853696865465,variance_ratio,2125
74.58633556318647,3.6142519596310896,67.42927511561112,74.73905807878162,81.65597741019532,variance_ratio,2126
75.28098640488795,3.5589665418791445,68.59067336419587,75.42412703705097,81.9786655563077,variance_ratio,2127
75.82763855871141,3.497442617044686,69.13531755669189,76.02572147690441,82.32081566390181,variance_ratio,2128
76.22109518542594,3.429967607022784,69.73186381877225,76.4517606895771,82.67081517692958,variance_ratio,2129
76.45056376216442,3.35836598745548,70.14968247675338,76.73961473101231,82.74004662814025,variance_ratio,2130
76.50887983535964,3.28549571026439,70.39726873034019,76.87490551543765,82.5266561942529,variance_ratio,2131
76.39114765248193,3.214271853855724,70.42466335491687,76.67442625358427,82.21354830377302,variance_ratio,2132
76.09078331195114,3.1471933568279433,70.23201061209114,76.25766848309271,81.95753736316024,variance_ratio,2133
75.60204488344867,3.0862155806443496,69.65960145718529,75.79665059153223,81.35749798131297,variance_ratio,2134
74.92755441856418,3.0324814241645837,68.89974675994806,75.14354940960882,80.63646420814594,variance_ratio,2135
74.08300214122576,2.986017320002859,68.23738004412083,74.31083365684806,79.64701646338001,variance_ratio,2136
73.09435068461549,2.94576754808053,67.08194940645436,73.2362370511299,78.52027371404137,variance_ratio,2137
71.98997889726748,2.910313809525709,65.95144054059833,72.05244162922403,77.34798930457586,variance_ratio,2138
70.79340887861498,2.878942505292589,65.13474064205114,70.88606294417282,76.29253031807242,variance_ratio,2139
69.63739977099092,2.85382625095995,64.09854650999259,69.70348081249614,75.13930711390216,variance_ratio,2140
35.20452766613642,2.5918983157451883,29.57120161021474,35.361385602417656,39.892483354883474,variance_ratio,2171
49.72906179178219,3.192965641844983,43.39523349434716,49.7972681629147,55.905918918663765,variance_ratio,2182
51.40902901108185,3.274550584752028,44.84159548603037,51.36414261948126,57.75193622747222,variance_ratio,2183
53.1371681018022,3.3637498198170968,46.332571823853044,53.0749008724992,59.71241693464085,variance_ratio,2184
56.734899135767215,3.553307463234811,49.540241151210154,56.81604686297119,63.871653317459945,variance_ratio,2186
58.62405968985532,3.6453410974469485,51.17257529424199,58.586399727270255,66.01031132846474,variance_ratio,2187
60.59773834013304,3.729387577373261,52.74024898817186,60.64330861685713,68.16752653797155,variance_ratio,2188
62.669727637860454,3.800302307278228,55.227650825476715,62.719850047422945,70.2796573752778,variance_ratio,2189
67.04087293465004,3.8825757461122095,59.48303887283989,67.05707525383582,75.02017638764538,variance_ratio,2191
71.20342466010767,3.8702012074036762,63.48544125425103,71.24650399384753,79.03936183742877,variance_ratio,2193
72.93856811031874,3.834251230865815,65.41483916573114,73.02523460060937,80.57053751068611,variance_ratio,2194
74.37915218186113,3.788121186495621,66.86140686271939,74.32287674126657,81.84531008581894,variance_ratio,2195
75.55801171584336,3.7379499768567466,68.23664936347545,75.6568518191668,82.82171198442045,variance_ratio,2196
76.52573080931963,3.6846628215501833,69.29298137910867,76.58270689114258,83.92630204183845,variance_ratio,2197
77.32329315015716,3.6261645242401386,70.1780122068506,77.43699752481666,84.24426482271814,variance_ratio,2198
77.97464964592352,3.5608831154270204,70.92421933441965,78.08752945306644,84.70635904269375,variance_ratio,2199
78.48141599574211,3.489026422266442,71.56886677667607,78.73709583074796,85.1531270002905,variance_ratio,2200
78.82755074156898,3.4124795778622943,72.12502069905705,79.08467533802533,85.06223576747428,variance_ratio,2201
78.99189863594405,3.3341725514079115,72.54127971051871,79.31506630503877,85.13480170996331,variance_ratio,2202
78.95632410275086,3.256850421950588,72.78432528790074,79.25120967331355,84.9461253168469,variance_ratio,2203
78.70891045043972,3.1825883497389444,72.68161115157102,78.93486202547213,84.2788831522985,variance_ratio,2204
78.24788361049845,3.113392782200506,72.25742114644818,78.38461439262218,83.7803288173622,variance_ratio,2205
77.58571915811761,3.0515274363326053,71.49106769647523,77.7875024172618,83.27437355258047,variance_ratio,2206
76.74806273329061,2.9987675289337283,70.86669303578904,76.92178322135086,82.26202505301501,variance_ratio,2207
75.76562187142471,2.9552494682813317,69.82665508953382,75.84111823787359,81.24035795144563,variance_ratio,2208
74.66366340486147,2.919215063664865,68.77654106746513,74.7947257002483,79.94941908115386,variance_ratio,2209
73.45559019769252,2.888062029361173,67.71164872775722,73.60799141366638,78.96007010966227,variance_ratio,2210
72.14361636501718,2.859912180771701,66.62759579805373,72.2324597532389,77.7385508498171,variance_ratio,2211
70.72521164160256,2.8345748676728375,65.31953410426567,70.68244042882552,76.31145435831755,variance_ratio,2212
69.3219715697066,2.8123171842222585,64.04564652160812,69.32868345075434,74.96234475722184,variance_ratio,2213
68.53270376602573,2.7900997832675247,63.408620974125384,68.53240112574866,74.24219500948384,variance_ratio,2214
32.970297460076026,2.456738578364802,27.661153912614612,33.080230060850944,37.46588908710505,variance_ratio,2240
33.91606353259126,2.513036270504627,28.41170587868179,33.983237382635494,38.498247983342125,variance_ratio,2241
44.90816279512512,3.0198469596202795,38.6948372915479,44.8747582933335,50.658933409320404,variance_ratio,2250
51.434962132817134,3.2959870759563437,44.859856202417625,51.41440868678259,57.81269177768411,variance_ratio,2254
53.22110963119901,3.3818550445991433,46.3308227485946,53.13694996441172,59.61832447329904,variance_ratio,2255
56.977708977304886,3.569635991075808,49.55717168890623,57.02539395781583,64.12554827327679,variance_ratio,2257
58.97126884333627,3.666071089800886,51.31665268577911,59.05828093105718,66.51080823663514,variance_ratio,2258
61.06451261050091,3.7585968595713495,53.11929564326826,61.1259229916928,68.84725664655927,variance_ratio,2259
63.26634486675068,3.840863656346656,55.622665244460265,63.33819559354724,71.17414449269123,variance_ratio,2260
65.56371262985957,3.905051783521509,57.90243854231816,65.6260491852454,73.5479874815106,variance_ratio,2261
67.91128907624565,3.944105058613562,60.27858390774854,67.95912738981608,76.0712000979558,variance_ratio,2262
70.22703050150582,3.954739029235309,62.53901076238284,70.2991032083637,78.49762439188844,variance_ratio,2263
72.39980665168994,3.938797576943905,64.68570376813838,72.42125941631176,80.56525989959532,variance_ratio,2264
74.32105434163107,3.9026562538907457,66.41250085772243,74.45446105326538,81.87763123959718,variance_ratio,2265
75.93422522277024,3.8554474177437714,68.18060908846455,75.97083344414345,83.4500024318478,variance_ratio,2266
77.25529081113163,3.804354006663823,69.63174938764905,77.26004157708728,84.67162010294591,variance_ratio,2267
78.33688407878508,3.7498896560726855,70.71636780942033,78.32387305638414,85.50767739841329,variance_ratio,2268
79.22536166914755,3.6883664139539523,71.6895864628929,79.36430584250805,86.23289306604424,variance_ratio,2269
79.94759690878563,3.6177981867004045,72.55701024257002,80.20032282698817,86.88669567919375,variance_ratio,2270
80.50900187086339,3.539706907115673,73.20418692600343,80.72872245086776,87.32697174727808,variance_ratio,2271
80.8974433362838,3.457423126216946,73.7628935139918,81.18173851110033,87.60703743818955,variance_ratio,2272
81.09525799300502,3.374259512576371,74.21004181171793,81.46025188234125,87.3045649745003,variance_ratio,2273
81.08912476426882,3.2923713857728827,74.40504377571327,81.2997623169617,87.04990243836252,variance_ratio,2274
80.87343039972366,3.2127393334709065,74.50623584458917,81.09771961409501,86.50959254421959,variance_ratio,2275
80.45157813702862,3.1366687287496373,74.06190716414663,80.70572524925467,85.89810697977155,variance_ratio,2276
79.83717570964507,3.0670028156433315,73.61590843711414,79.94866236569378,85.46044574524332,variance_ratio,2277
79.05179395349542,3.0070733807065135,73.16068259373093,79.18430926113143,84.78128940945045,variance_ratio,2278
78.11740413733315,2.958283239411561,72.09594037991201,78.26535036709359,83.73872099676409,variance_ratio,2279
77.0473751487807,2.918954903732716,70.7732945237597,77.15894365338293,82.59178802827124,variance_ratio,2280
75.84250653394228,2.885488446313707,70.07323290679592,75.91633497773326,81.46833237076883,variance_ratio,2281
74.4954530098003,2.8545985643723717,68.86605742646755,74.5572566223141,80.16442316408998,variance_ratio,2282
73.00135015046646,2.8249079045762935,67.62562984684834,73.02322425555384,78.68778938677055,variance_ratio,2283
71.36864830837051,2.7970263984582617,66.13362380937147,71.35083676415687,77.10479182190919,variance_ratio,2284
69.62417402275382,2.7724905303275724,64.52460255067085,69.56803548241913,75.25372546841511,variance_ratio,2285
68.43752433215163,2.7534257734250733,63.30705152105372,68.31088185957532,74.09194900689305,variance_ratio,2286
33.813441657557256,2.488705121217034,28.41128991453853,33.95680487154017,38.537271516845934,variance_ratio,2312
34.68813087816521,2.5432048587532647,29.37798995316582,34.77902656147786,39.400023557149396,variance_ratio,2313
43.24740127968692,2.9745830840877394,37.101559925834884,43.30098502672125,48.66122161106497,variance_ratio,2320
53.25225204433283,3.3957081690849207,46.41951500462291,53.21385244652722,59.65073491105501,variance_ratio,2326
55.15753430923415,3.48401004086515,48.27150985741181,55.23504795003075,61.6075661950648,variance_ratio,2327
57.14118366634721,3.5775509510926113,50.033980712772426,57.183181294218905,64.18429065909532,variance_ratio,2328
59.21975767665099,3.6744986175564147,51.6527560782328,59.37767062656529,66.68373033585918,variance_ratio,2329
61.410860887852415,3.7710258111502166,53.57773905392368,61.41812118933801,69.2518220515404,variance_ratio,2330
63.72164973787601,3.8603651695197705,55.917254653864944,63.69922263856603,71.90998576004561,variance_ratio,2331
66.13567981625619,3.933258845892407,58.46312103396774,66.19049517587817,74.40344887567359,variance_ratio,2332
68.60424201696303,3.980702253853385,60.8370230905684,68.7614805031553,77.03065906110383,variance_ratio,2333
71.04608039294438,3.997838164652928,63.30096479514618,71.18183562261008,79.35445028629445,variance_ratio,2334
73.35685659700154,3.986176646418204,65.74590747031665,73.4421936297365,81.65651575345346,variance_ratio,2335
75.43161189646055,3.9525850297780085,67.66907877099906,75.53022259566501,83.23806994340205,variance_ratio,2336
77.20163976293519,3.906610914966321,69.4107443693962,77.21344696880887,84.57195653642466,variance_ratio,2337
78.66338338275592,3.856287510328526,71.07360480419962,78.66670935261502,86.26888926428771,variance_ratio,2338
79.86092491133616,3.8024571184531184,72.42670837693001,79.87267928154193,87.32796367423032,variance_ratio,2339
80.83732206368903,3.7397073408950186,73.31555907015697,80.9587338643512,87.90684578037283,variance_ratio,2340
81.61214923956042,3.6648613833075965,74.09193531054618,81.79721671835509,88.96951508111968,variance_ratio,2341
82.18875130793786,3.580993806466337,74.76601849533716,82.34263098703074,89.30205067540433,variance_ratio,2342
82.56560587738342,3.4936837551537594,75.27680409000259,82.83404276075962,89.26639601009616,variance_ratio,2343
82.74470374656117,3.4068563328163672,75.6047209448461,83.00275681129324,88.97905223228756,variance_ratio,2344
82.73334218055679,3.3219310989984723,75.77662665782111,82.92438347853772,88.60653205687836,variance_ratio,2345
82.53981757403508,3.2387083226400217,75.83574681728084,82.72108910902188,88.33543679734795,variance_ratio,2346
82.16975464630242,3.157350669558964,75.85027927235568,82.28171549179639,87.76879783263658,variance_ratio,2347
81.62702882412671,3.080328848358289,75.45224297289055,81.79237139842111,87.25832174078228,variance_ratio,2348
80.91613060252078,3.0117675377311657,74.90921696799151,80.95747244187899,86.67363793001368,variance_ratio,2349
80.04119136319373,2.954377151900051,74.11471998163154,80.0972783706649,85.75532990274624,variance_ratio,2350
79.002247987391,2.9074067152890284,72.75942660738578,79.08086063109836,84.5993157067803,variance_ratio,2351
77.79408756219995,2.8676044360178645,72.02637450704641,77.83422472686222,83.29263247453541,variance_ratio,2352
76.41149045557457,2.8316684976186615,70.73589763297647,76.4068834082126,81.90423547537992,variance_ratio,2353
74.85888761230758,2.7979048762449095,69.6271230624505,74.80049666982077,80.26110374297886,variance_ratio,2354
73.15816601020963,2.766376671918249,67.99829732791258,73.15210277637405,78.66218166340836,variance_ratio,2355
71.34922850634288,2.738157159915151,66.34180908655135,71.35584150911014,76.91975350226636,variance_ratio,2356
69.48266923929293,2.714499977992013,64.29756330484958,69.4083561699833,74.96111492435786,variance_ratio,2357
67.83349238993438,2.6945237680517837,62.74683590271812,67.73299624260929,73.11456644604385,variance_ratio,2358
66.45836945645797,2.6663051509181286,61.42042650680914,66.38563708342625,71.5472240512709,variance_ratio,2359
34.53756107167853,2.5192029343357967,29.11563812511726,34.55156237681229,39.40455937229641,variance_ratio,2384
35.5405764006862,2.5819597047460143,30.204034153258327,35.58402014877305,40.39306329200597,variance_ratio,2385
36.609314707162405,2.646635894718512,31.254715497740687,36.694094378414825,41.57699722945004,variance_ratio,2386
41.592851156288276,2.911552717429703,35.89217901073192,41.65138259506844,46.922617350940286,variance_ratio,2390
44.535397300625576,3.043620548042782,38.579508625584054,44.55556345727341,50.1230586679401,variance_ratio,2392
46.12171434257761,3.1104545774065016,40.05271585795767,46.120377223647296,51.930812200475366,variance_ratio,2393
47.78349826361977,3.1789050330913295,41.43782093158439,47.82311375932028,53.9236193697969,variance_ratio,2394
49.51899006001266,3.2499488006940433,42.85901645806943,49.5846982908785,55.794840172474274,variance_ratio,2395
53.206575824910345,3.403409855792099,46.63219078172687,53.18349602178617,59.53356883367287,variance_ratio,2397
55.16323569669812,3.487257415213352,48.35599535312167,55.188605979780874,61.529314769279814,variance_ratio,2398
57.20702948975451,3.5764531714512264,50.19831357216556,57.1933350862672,64.16360730082214,variance_ratio,2399
59.353755623217396,3.670502313847474,51.92766284480471,59.391613299162834,66.46249262155403,variance_ratio,2400
61.618790561241624,3.766570995253719,54.18751888881963,61.688485568251544,69.23542291519055,variance_ratio,2401
64.00634103222114,3.8580426728728714,56.41738481861097,64.01247385303274,72.08209575404048,variance_ratio,2402
66.49757567487045,3.934951376787445,58.95047421852986,66.51162502033276,74.89976179373083,variance_ratio,2403
71.5648160811933,4.009621934640527,63.845143540012046,71.70432713326392,79.9884961239773,variance_ratio,2405
73.96499567491485,4.0033806050134935,66.48289032545995,74.07103039663662,82.29273582386645,variance_ratio,2406
76.14679930158047,3.9752351191337962,68.37725496948276,76.2827124518577,84.40641586510276,variance_ratio,2407
78.03975421076923,3.933626688829946,70.20560576939717,78.06668735547802,85.85952170755,variance_ratio,2408
79.62485396362786,3.8859140398807943,72.32726296716363,79.5172059129049,87.71203371064833,variance_ratio,2409
80.93095106539748,3.8339210716111283,73.41235678878343,80.8833876260837,88.62247921377993,variance_ratio,2410
81.99216203909971,3.7723533829044835,74.55779633227172,82.0226115045364,89.15832488902382,variance_ratio,2411
82.81613508466812,3.6967952282454064,75.11054183702117,82.99318434983024,90.2018482586846,variance_ratio,2412
83.3979155075902,3.610632029478739,75.74565303421254,83.50820899631319,90.8202261088073,variance_ratio,2413
83.74588289323488,3.521120774716981,76.20497129622314,83.86590304652827,90.6934113562786,variance_ratio,2414
83.88832027345474,3.432818176305668,76.5219748627014,84.19040039962292,90.19386313258804,variance_ratio,2415
83.86090126927952,3.346562008920214,76.71997071271598,84.08049023118403,89.72677261168245,variance_ratio,2416
83.689007350782,3.2613033610066453,76.87640555342544,83.78244025408338,89.61070010970529,variance_ratio,2417
83.37813760060212,3.1761585920213666,76.84505451726623,83.48786046443897,89.31718435516088,variance_ratio,2418
82.91668868500379,3.0925312543006536,76.70002459475593,83.01828678291767,88.74861185400944,variance_ratio,2419
82.28606172245871,3.0143482693483485,76.29806287220649,82.30953671173825,88.08053418192313,variance_ratio,2420
81.46964296905008,2.945445115664844,75.52383088925399,81.49748772148214,87.06323792181882,variance_ratio,2421
80.4567477206378,2.886948341022421,74.4944464542381,80.38799877558286,85.89317157618571,variance_ratio,2422
79.24412933267733,2.837401735018691,73.51997120283525,79.21329239988312,84.52891290491019,variance_ratio,2423
77.8387364303631,2.7946709674972383,72.33989792840454,77.8097860321042,83.19594274443659,variance_ratio,2424
76.26137016708995,2.757292800225042,71.16873834157543,76.2492866045517,81.57860556551373,variance_ratio,2425
74.54762422957586,2.724640030941647,69.53241900798845,74.54770268735726,79.96163251124901,variance_ratio,2426
72.74357409334353,2.696593054035026,67.76480607251375,72.76388321397042,78.09455343616102,variance_ratio,2427
70.8972316783773,2.673240965792951,65.90625589957,70.89773424231583,76.12900175557435,variance_ratio,2428
69.05431043360902,2.654661733600544,64.03094826778805,68.94880491160774,74.15678943690908,variance_ratio,2429
67.25179516231016,2.6414371015022464,62.22537553200418,67.18687607303589,72.2473518153633,variance_ratio,2430
65.77861094445066,2.6292674491527697,60.75818936820219,65.71382907429788,70.71896074544543,variance_ratio,2431
35.322840361790824,2.561735885632645,30.064392479937517,35.36214852933476,40.3160275877222,variance_ratio,2456
36.49995698653464,2.6334524200845144,31.26542628175401,36.51475949370999,41.665896496031195,variance_ratio,2457
37.60676112831445,2.699226173180678,32.35170981110674,37.592463577255444,42.82257210780134,variance_ratio,2458
42.818956044795875,2.973875872842427,36.88528522164421,42.880071543877136,48.38791092963048,variance_ratio,2462
45.9158325743494,3.113316363643799,39.76197668318013,45.96932371205831,51.88513789390153,variance_ratio,2464
49.33538437694071,3.255754365490693,42.91931097402778,49.42206852094725,55.777123606536605,variance_ratio,2466
53.0707203289593,3.4053766801058574,46.48354791513467,53.06794197183504,59.53848019065594,variance_ratio,2468
55.06294956394587,3.4846569665653204,48.29880635126007,55.015021472760935,61.45367799309236,variance_ratio,2469
57.149901836914,3.568276226230335,50.37143222205741,57.11638959055922,64.01181123912342,variance_ratio,2470
59.34486752763915,3.656767177520526,52.00919993516429,59.20188746327705,66.20102868820007,variance_ratio,2471
61.658373921811624,3.748340657335711,54.53894601622945,61.62763626374101,68.98663172661912,variance_ratio,2472
64.08847795455634,3.8370601624641205,56.73667941701663,64.08389357260464,71.91644397487642,variance_ratio,2473
66.6114487341304,3.913082226447847,59.248725317479675,66.50820132073233,74.97002516546003,variance_ratio,2474
69.17776331576634,3.9661613203888275,61.63200349122837,69.18017376530679,77.7154861638625,variance_ratio,2475
71.71590939969451,3.9906972380267365,64.0903283899848,71.72957436682908,80.14003957825881,variance_ratio,2476
76.37652318001798,3.96578893724936,68.60990252446969,76.3499243773343,84.66743754559188,variance_ratio,2478
78.35147762871016,3.9302018315889584,70.75541591987964,78.36379036987536,86.444997434235745,variance_ratio,2479
80.03488685092839,3.887153583687641,72.401037575302,79.97149947754713,88.17637742492262,variance_ratio,2480
81.43502933746576,3.8387798907045245,73.82413836729272,81.36876812530757,89.11147793409984,variance_ratio,2481
82.57529659107625,3.781348867993045,74.99075068139776,82.63773555679498,89.90933751561693,variance_ratio,2482
83.45628850038518,3.7099011918889917,75.86568420205695,83.65905893628799,90.56990846943488,variance_ratio,2483
84.06245100619054,3.626347306546734,76.52329003327493,84.33116887805397,91.37876161624402,variance_ratio,2484
84.40166000545936,3.5381095376362746,76.91808511146345,84.63891991654091,91.29359371990304,variance_ratio,2485
84.52041400426371,3.450619814705753,77.27674500599244,84.681684448205,91.07545837748665,variance_ratio,2486
84.48117195194413,3.3648526025741976,77.50064847071243,84.66942489876013,90.90403476502041,variance_ratio,2487
84.32891848579062,3.279311857013408,77.60978643809509,84.36191282723127,90.2355412225956,variance_ratio,2488
84.0728657332924,3.1922667320616123,77.56968716097516,84.18899720699335,90.08173596347588,variance_ratio,2489
83.68974842191767,3.1038923501853426,77.54452747939338,83.78848860090862,89.59854075500654,variance_ratio,2490
83.1408939475568,3.01730178288562,77.2770278722895,83.19159168100822,88.94356172901091,variance_ratio,2491
82.39105602134039,2.9370160613892615,76.48557731709623,82.37103665033064,88.29428924312266,variance_ratio,2492
81.42065567505078,2.8663146386342317,75.5743782104145,81.36843741355997,86.84832475696531,variance_ratio,2493
80.23010718343484,2.8061633048685306,74.62809995649899,80.13408750357544,85.52569610820585,variance_ratio,2494
78.83895369782928,2.755977801617939,73.50795560126508,78.7854041768714,84.08166708214272,variance_ratio,2495
77.2820259795331,2.714626160938234,72.24239696519221,77.21563543264153,82.51799730030899,variance_ratio,2496
75.603385823719,2.68084028341287,70.7009250108883,75.64131384980061,80.78755354819897,variance_ratio,2497
73.84888300699792,2.653311133946146,68.91467825365721,73.99492083730918,78.9843254503284,variance_ratio,2498
72.05883411082525,2.6308647580314117,67.13965502669221,72.08833010654493,77.17207648014075,variance_ratio,2499
70.26231513214616,2.612715820793487,65.38823860304295,70.2759451848965,75.34685456779026,variance_ratio,2500
68.47408878569958,2.5985496637284573,63.62196471738762,68.46979880569492,73.48992980115322,variance_ratio,2501
66.69493456206541,2.588292125659391,61.675054663663474,66.64118853719768,71.59227940762003,variance_ratio,2502
65.25993257045324,2.5809067278339444,60.30559744870097,65.19643158738562,70.22454745505443,variance_ratio,2503
38.49170297644931,2.7501127484314063,33.02395575961671,38.4956333688106,43.68482640454809,variance_ratio,2530
39.9447091449,2.8300869674253035,34.29970501966629,40.024359211149694,45.13228226813682,variance_ratio,2531
41.28397712387858,2.9005694164814004,35.512213786323585,41.417477945087754,46.728269605583854,variance_ratio,2532
45.72998812293534,3.1127091246782825,39.493621621967755,45.754391942857026,51.374207705642036,variance_ratio,2535
52.85338819091317,3.404642906043379,46.37995485282672,52.85658372615522,59.44285150669933,variance_ratio,2539
54.855932563496744,3.4797307355021703,47.999020674565884,54.827542145188204,61.44249093900455,variance_ratio,2540
56.960396185618464,3.5573148119652944,50.316064167333046,56.93831950396026,63.79928094357645,variance_ratio,2541
59.176746813407966,3.6384436093158614,52.11330545867886,59.161258810162494,65.98261794010995,variance_ratio,2542
63.94778456502924,3.803437782466963,56.51994568689143,63.89345923724211,71.74943578128831,variance_ratio,2544
66.46095798282121,3.8736103673059965,58.87841574009367,66.42606864325015,74.58629701235557,variance_ratio,2545
68.9966784547315,3.923128630502542,61.66638472971131,69.0162767289866,77.44387963191706,variance_ratio,2546
71.49040339215276,3.9464980958576397,64.13492537418165,71.41133477897978,80.07220342765198,variance_ratio,2547
73.8772375291783,3.9451103757383876,66.536338229482,73.95926353508469,82.17945595922288,variance_ratio,2548
76.0995966185536,3.9254978656778508,68.46213794110535,76.19937334159178,84.39053473431386,variance_ratio,2549
78.10745359228311,3.894665471361007,70.56498679256525,78.20412601831985,86.17774268090658,variance_ratio,2550
79.8614749331882,3.8573236593346674,72.2701487609574,79.80774217050836,87.34189609661355,variance_ratio,2551
81.34561698740957,3.8153309774480735,73.77536350006362,81.32676577094716,88.73549504312192,variance_ratio,2552
82.56589222380127,3.766011542665694,74.94878801635483,82.50119748862483,89.60974113449728,variance_ratio,2553
83.5204413934174,3.703884983382162,75.99940078919668,83.59311947156293,90.549006042644,variance_ratio,2554
84.18759812348742,3.6279602254645265,76.66850387509227,84.31169547645453,91.19259865886264,variance_ratio,2555
84.56331731938877,3.544233370669468,77.11070352852887,84.71268568747067,91.50625457065644,variance_ratio,2556
84.69418803150388,3.4595399685855286,77.20170329170485,84.82651874927552,91.3248207814742,variance_ratio,2557
84.65958027497696,3.3762906256505443,77.37153213749777,84.79366078971651,91.04037147136002,variance_ratio,2558
84.52556687477198,3.2929715552916985,77.58350648229714,84.46575738980802,90.40483036291745,variance_ratio,2559
84.31323506630369,3.206915448439378,77.81577998521317,84.40401429236745,90.1924562415615,variance_ratio,2560
83.99779525169953,3.117100321775897,77.83796976346514,84.06328827820914,89.85820133629177,variance_ratio,2561
83.52953234741594,3.025733330584304,77.6092049753446,83.547736662809,89.33923976026603,variance_ratio,2562
82.86021054659291,2.937454802630375,77.16822232842223,82.82982343660598,88.56919618576504,variance_ratio,2563
81.9623672452803,2.8569624257276676,76.2864854507602,81.81957583394819,87.52230693663795,variance_ratio,2564
80.83647744508181,2.7871925557610973,75.39648890778119,80.70283261685967,85.9849422888114,variance_ratio,2565
79.50754616848619,2.7290452000358334,74.10101866586885,79.4614780470674,84.58288378595324,variance_ratio,2566
78.01581206268315,2.681993499056196,72.88362303904094,78.04844439499446,83.1463348039263,variance_ratio,2567
76.40634902912441,2.6447029871298278,71.49748633809418,76.4408377731811,81.42593225753548,variance_ratio,2568
74.72080510950616,2.6154058767080777,69.87616775071274,74.70527659023446,79.68089627348633,variance_ratio,2569
72.99242167796136,2.5922884876436685,68.08184349810578,73.04255585097071,78.00702691231544,variance_ratio,2570
71.2438774165085,2.5740461569777464,66.55129401071905,71.23517628691181,76.39926861061934,variance_ratio,2571
69.48707370259682,2.5601929266870744,64.86730707998508,69.47281824658535,74.449805104833,variance_ratio,2572
67.73055428708837,2.550762968079354,63.1270806635843,67.77066332552434,72.73278514216888,variance_ratio,2573
66.04606108961117,2.5453662776668295,61.355579790934264,66.0763890830917,71.10343696454605,variance_ratio,2574
64.05786678814056,2.53331268991964,59.25751654912003,64.13658207971855,68.94880627086704,variance_ratio,2575
62.889215223733366,2.538533465550878,58.127483722887256,62.89523974579752,67.74143049809275,variance_ratio,2576
44.01625252617358,3.040872152160898,37.91906652349156,44.078712611743214,49.635628088613586,variance_ratio,2605
45.588477600165504,3.114428838695349,39.2386868062557,45.64426004090785,51.36190192370459,variance_ratio,2606
47.19864569265689,3.186495673185244,40.779931624864574,47.20151419449357,53.18163017025633,variance_ratio,2607
48.89753416891935,3.2591313185815234,42.38068781742999,48.96520034096757,54.99646252129028,variance_ratio,2608
50.687001844023236,3.3315510238686707,44.08194017237878,50.797539095886464,57.34878092055425,variance_ratio,2609
52.570857159554684,3.403194976758934,45.908043748952515,52.668788276154785,59.25633317306824,variance_ratio,2610
54.555447085238875,3.474181300680233,47.89781910692351,54.65205799476143,61.465447586355516,variance_ratio,2611
56.648880468121796,3.545441570602445,50.06547735021513,56.724411034620054,63.55715962137113,variance_ratio,2612
58.857405954107925,3.6179679322443903,51.98471562499078,58.88718588855356,65.73773059397675,variance_ratio,2613
61.1785014411618,3.6911372273223986,54.245824701390966,61.080754112101665,68.51592554160622,variance_ratio,2614
63.59295112659872,3.761118520106597,56.44198851652241,63.51963695741881,71.26978780078315,variance_ratio,2615
66.06077652212475,3.8208912566513127,58.78137255683219,65.92675427387451,73.94676749030464,variance_ratio,2616
68.52563532315644,3.86260402078186,61.4717524827317,68.43203138406126,76.64707620322605,variance_ratio,2617
70.92797935378542,3.8813639281111767,63.8729333197867,70.90672147370901,79.18849329485073,variance_ratio,2618
73.22017096329338,3.8780396823847854,65.96752566589399,73.24120335352612,81.43525844169288,variance_ratio,2619
75.37166690077703,3.858610972868163,67.88934540900473,75.51469518364297,83.28312871659031,variance_ratio,2620
77.35841170944207,3.830403176155583,69.84246628827962,77.47632193801893,85.18176795538174,variance_ratio,2621
79.14959794340686,3.7987935865542073,71.59765107514606,79.16754665179249,86.446253371505,variance_ratio,2622
80.71244498508086,3.765970333079531,73.10778805421604,80.71639091482658,87.85855715618172,variance_ratio,2623
82.02738515158298,3.7293739351338484,74.41510344460684,82.10365464477417,89.09390160307963,variance_ratio,2624
83.08165304360266,3.6821575366503767,75.6120289477705,83.23759518179355,90.34198194140525,variance_ratio,2625
83.85055106030404,3.6194715305280076,76.56087315440693,83.95444537551697,90.72498791155957,variance_ratio,2626
84.31639170073755,3.5442712942906094,77.02308438740926,84.43030141299087,91.09632185457494,variance_ratio,2627
84.51077600922741,3.4645973946427113,77.1550534955167,84.66173471001699,91.24805861150142,variance_ratio,2628
84.51417475542883,3.3857783795918523,77.15878952689098,84.64191448556588,90.96250187461841,variance_ratio,2629
84.40821765385125,3.307326824092257,77.15036497663176,84.41594928428043,90.5793270463677,variance_ratio,2630
84.23061788745925,3.22557294069742,77.57473059251242,84.25653006599313,90.34223040783662,variance_ratio,2631
83.96526442882634,3.137870161110302,77.7437548082898,84.03530848848166,89.9151678942493,variance_ratio,2632
83.5627749899231,3.045219557888468,77.50362175521815,83.647869818278,89.44184495760643,variance_ratio,2633
82.97087638944255,2.9519763070986746,76.95400005671416,82.94918287998104,88.8314373865275,variance_ratio,2634
82.15773441478987,2.8637030461765884,76.63144748353797,82.11492592936864,87.89657049473482,variance_ratio,2635
81.12099009766835,2.7850273817618034,75.68679377408435,81.04002163289802,86.46645911101051,variance_ratio,2636
79.88373115067444,2.7184468042505006,74.55701341954912,79.91646180991992,85.01955227076566,variance_ratio,2637
78.48351604910732,2.664221878853789,73.29252191118917,78.60022162186601,83.56765204416574,variance_ratio,2638
76.96109895863098,2.621101436142815,71.88902420516874,77.03029963201729,82.1034321496263,variance_ratio,2639
75.35288083262157,2.5872659450218434,70.37787145547252,75.38681434487188,80.21358071749364,variance_ratio,2640
73.68776113087782,2.5609961193758357,68.68924621119835,73.74805897812125,78.61980565973377,variance_ratio,2641
71.98688654776791,2.5410726930232603,67.22363731415882,71.96415599591734,76.9767557893586,variance_ratio,2642
70.26438623412844,2.5269034000172663,65.49126154641603,70.33620430731348,75.1977654049791,variance_ratio,2643
68.52808668858833,2.518201493728824,63.764319514326985,68.54057010382988,73.51970094323632,variance_ratio,2644
66.78033449451299,2.5143708031951717,61.9886000529604,66.80630526322528,71.80171688818737,variance_ratio,2645
65.0194888047774,2.5140905073767397,60.114543348693196,65.11041405261389,69.9540168617424,variance_ratio,2646
63.50108280616487,2.5157550478881894,58.49871013191469,63.616751433154356,68.41294828761058,variance_ratio,2647
62.44535595746617,2.5238653493981555,57.47451514947878,62.497270648444584,67.38977605935492,variance_ratio,2648
46.91604022654097,3.1821587735578487,40.41183781199708,47.023344531910965,52.83568547623649,variance_ratio,2678
48.64218979335492,3.2572987035361973,42.015069075734814,48.755997199442106,54.73046062890778,variance_ratio,2679
50.379047081423494,3.3272491775221,43.64702665387977,50.54878815879074,56.76406648870186,variance_ratio,2680
52.217470093395576,3.3955029479051135,45.40485237905178,52.39981322238905,58.848758272399984,variance_ratio,2681
54.164216745076196,3.461549002237859,47.56237701034122,54.361381883024414,60.933814436889115,variance_ratio,2682
56.22551484240493,3.525756131859082,49.447921355860785,56.25505376685753,63.06931448195743,variance_ratio,2683
58.402656984008864,3.588703555114356,51.70270709765153,58.28678695185114,65.3499947758903,variance_ratio,2684
60.68523147407793,3.6498242155364355,54.23424176347387,60.56164878488063,67.94521050043062,variance_ratio,2685
63.04476658557077,3.7062269154382936,56.386100173679374,62.858007205959765,70.37220343266921,variance_ratio,2686
65.43359043363847,3.752725862999386,58.73747258829522,65.33195199949822,73.12877648619028,variance_ratio,2687
67.79295578186596,3.783508024295558,60.93687408224022,67.71867670441236,75.51652432881912,variance_ratio,2688
70.06966963981425,3.7949293062735023,63.07024143753836,69.99937938715878,77.9158232502977,variance_ratio,2689
74.27672257435805,3.767901495584862,66.8433470733468,74.44871990200372,81.95042689297105,variance_ratio,2691
76.18349178897599,3.7445522475984774,68.82971814974087,76.30861006959667,83.68994811518792,variance_ratio,2692
78.00238938382851,3.71812200281882,70.8765436149306,78.03680637607961,85.28217356614186,variance_ratio,2693
79.63486210405709,3.697767004262091,72.33687367379004,79.9108111752051,86.88858434319147,variance_ratio,2694
81.05960300235051,3.6785521362217475,73.83904594529623,81.29992747245507,88.1854188764417,variance_ratio,2695
82.24279497824176,3.6516376512688162,74.82951189088269,82.49555429549739,89.28205740510042,variance_ratio,2696
83.1515816877665,3.608007844129595,75.84531573707817,83.28096910502414,90.01344026858042,variance_ratio,2697
83.75652580533753,3.546222697047053,76.4506484605491,83.86208956607966,90.32972597933657,variance_ratio,2698
84.06715750092336,3.4739313395827156,76.67625787663417,84.13734177952665,90.64520946059491,variance_ratio,2699
84.14901787274067,3.400091408697221,77.04872490657185,84.26745799634548,90.55598418362459,variance_ratio,2700
84.08674474593991,3.327087875564051,77.28508137616193,84.07523773314324,90.34494449859989,variance_ratio,2701
83.93258258091791,3.2508781432407985,77.31643572743926,83.94553811405109,90.18990353009275,variance_ratio,2702
83.68600186161274,3.166512475036265,77.08670240410981,83.7426798969317,89.87895213521223,variance_ratio,2703
83.30929682036255,3.0731249945490045,77.43714404309034,83.37771181924484,89.36041674676258,variance_ratio,2704
82.75750427841842,2.9748559628680162,77.02746609257565,82.74830115143197,88.70218921136919,variance_ratio,2705
82.00192904206918,2.8785537888894726,76.46519631484561,82.02282903108636,87.88182434378471,variance_ratio,2706
81.03917873263605,2.790823229300143,75.40587662085268,81.00375645063761,86.629645747075,variance_ratio,2707
79.88782831807525,2.7157456284999584,74.49139448572606,79.92892486244813,85.10878046665265,variance_ratio,2708
78.57905616045925,2.654038819362005,73.29278584143262,78.64573218226833,83.61720633157441,variance_ratio,2709
77.14719503964018,2.604118239234026,72.07466512141188,77.19384616698852,82.12041802770858,variance_ratio,2710
75.62348993433397,2.5640923249006007,70.4064358971509,75.7010764908881,80.58804741105237,variance_ratio,2711
74.03354675986584,2.5329242706233,68.94631068321908,74.12377064874764,78.99645970627942,variance_ratio,2712
72.39716505035614,2.510199469689275,67.32217915407843,72.45456990440127,77.27331226915224,variance_ratio,2713
70.72882208938658,2.4954065121898816,65.7475309000488,70.8927453674015,75.57736328727948,variance_ratio,2714
69.03785017494337,2.487553524807017,64.25406778824025,69.15180524654292,73.99851848410111,variance_ratio,2715
67.32855515848131,2.485100239588648,62.43087086285836,67.43090376486046,72.44925892742185,variance_ratio,2716
65.60112696778101,2.485995850302223,60.637681049946124,65.64622515519662,70.72727177480728,variance_ratio,2717
63.85373603482843,2.48787920652834,58.87673027301444,63.961702869201645,68.97028077123696,variance_ratio,2718
62.64773265784119,2.4894451397481006,57.56719323350007,62.7379790438022,67.6677520207444,variance_ratio,2719
48.3856086153263,3.248008395750808,41.77053406477111,48.481659537271945,54.35583600784713,variance_ratio,2750
49.88248530561819,3.306980842204242,43.1727839841379,50.030839513294055,56.05093565472775,variance_ratio,2751
51.42419984145107,3.3625965696072497,44.636748604034004,51.590077857509044,58.011237868667045,variance_ratio,2752
53.399004258326386,3.4253447660676275,46.87823275839197,53.48430494989621,60.1263479869229,variance_ratio,2753
57.30148872654907,3.530571176746658,50.81610365887958,57.197062472817294,64.25102381073692,variance_ratio,2755
59.645523203477765,3.5965172790126654,53.229034627403124,59.502308405567334,66.71766793940073,variance_ratio,2756
61.97799588512838,3.639351722225554,55.6404396803596,61.84166882627359,69.23418915057984,variance_ratio,2757
64.55799776546192,3.6598245428752962,58.04084004981041,64.51903011532023,72.10107315755464,variance_ratio,2758
66.77813974761402,3.678555559945241,60.05779338481081,66.75969069004194,74.27019422160245,variance_ratio,2759
78.39395389955234,3.6243794523682507,71.47277857669509,78.5548954871862,85.27251384966371,variance_ratio,2765
79.73462084623364,3.622176779751638,72.58433125712013,79.97112353887786,86.43542322009776,variance_ratio,2766
81.05487301582136,3.618710978573758,73.7831288204644,81.23850090772423,87.67529887400715,variance_ratio,2767
82.12092906148973,3.597238781190846,74.87628668321426,82.29976588419365,88.5203143238375,variance_ratio,2768
82.8901540379097,3.552242427821871,75.64353255621785,83.02888632470834,89.79126927982767,variance_ratio,2769
83.34472638568678,3.489046186701491,76.10668429541948,83.48552114768526,89.81120778828245,variance_ratio,2770
83.52226114152212,3.4188424327079403,76.56732272129727,83.61395412834113,89.98113486434754,variance_ratio,2771
83.33925850866825,3.274398359133992,76.62980721248861,83.46973025320264,89.47188830616975,variance_ratio,2773
83.0630893621305,3.1912193634243815,76.66678804830165,83.1973505369863,89.09360172043206,variance_ratio,2774
82.65422765328442,3.0956599976195953,76.67999190992738,82.70842431951046,88.64160455346241,variance_ratio,2775
82.08541428911653,2.991442526139637,76.4182274035063,82.09052131108751,87.99286961056217,variance_ratio,2776
81.33931226405431,2.8867226684113407,75.78368303328466,81.34855734574433,87.07673158313715,variance_ratio,2777
80.41569016144553,2.789988336474346,74.88074123463758,80.39718369623577,85.96513905981952,variance_ratio,2778
79.32878635122582,2.706723358404808,74.00235344288328,79.33374949707095,84.57087653859315,variance_ratio,2779
78.10123785727025,2.638064525502455,72.79451205930337,78.13199064100851,83.08290810111062,variance_ratio,2780
76.75850735591708,2.58213308330529,71.664813964628,76.75258200666903,81.69018449720357,variance_ratio,2781
75.32513028275673,2.536887993288798,70.18994685191973,75.38281582334272,80.35559064447045,variance_ratio,2782
73.822612265044,2.501803536796685,68.89128877955476,73.84900771511435,78.68307208572578,variance_ratio,2783
72.26826330564079,2.47715060470756,67.22848529027193,72.36343435185864,77.11537362655034,variance_ratio,2784
70.67440139735395,2.4623807753424147,65.84462580857418,70.89682337329543,75.43972128112402,variance_ratio,2785
69.0479079431368,2.4554872127531016,64.24626340348003,69.2464301245511,73.86557239181799,variance_ratio,2786
67.39065387447668,2.453528215689251,62.67374690193279,67.51514409921975,72.41395514856795,variance_ratio,2787
65.70132446022271,2.453471233945172,60.946321410080984,65.8006142735193,70.84653072787175,variance_ratio,2788
63.97842691823418,2.4527881561515725,59.2000884132136,64.10150715927773,69.08253727388512,variance_ratio,2789
62.63039356400256,2.4546648812887755,57.76695849912768,62.74767090798614,67.67244137586187,variance_ratio,2790
61.76052006671354,2.46409325085205,56.71282909087674,61.85168765863999,66.6648532055224,variance_ratio,2791
57.44005443365813,3.4896098697770914,51.138724643910834,57.32697075901258,64.15381509555375,variance_ratio,2826
57.91856559983933,3.493944989554427,51.69724200145424,57.80860388994246,64.6633910032662,variance_ratio,2827
79.466368135315,3.583239567719179,72.1993320398949,79.53613276541864,86.09447476848224,variance_ratio,2838
80.65293849257486,3.582189936834298,73.4722045440969,80.69971513316442,87.18687986741541,variance_ratio,2839
81.55433818551657,3.553499367130197,74.41947117870092,81.64455977708948,88.01951297436597,variance_ratio,2840
82.12732084140082,3.4998438406303536,75.0721965193414,82.27700673172502,88.74216443323357,variance_ratio,2841
82.3745036611689,3.431798776100186,75.46615512715115,82.49053761950685,88.82613402420219,variance_ratio,2842
82.35581995062525,3.3590356341170806,75.69892158738392,82.50781428749384,88.51375700683553,variance_ratio,2843
82.14796585693762,3.2828893198459896,75.33408348288606,82.35452402359326,88.1762678084143,variance_ratio,2844
81.7996618020769,3.198217248745656,75.36557215492232,81.9764482901556,87.83934195498593,variance_ratio,2845
81.32319348584214,3.1009877742758176,75.2479636870978,81.5621241594838,87.23841305712018,variance_ratio,2846
80.71288651869531,2.993488242304484,74.82160639299114,80.8375675012363,86.51366979811381,variance_ratio,2847
79.96348952258016,2.883601833134297,74.20149291010388,79.99291334717343,85.61245152837034,variance_ratio,2848
79.0763714968798,2.7805716106467857,73.73386037436552,79.06839315517887,84.55618931176983,variance_ratio,2849
78.0580173104054,2.690987173001367,72.99346957970201,78.01836847261302,83.280946236829,variance_ratio,2850
76.91817514139031,2.6169481352737747,71.67016113955609,76.91292277570301,81.93222627809884,variance_ratio,2851
75.66996539842353,2.5570378598729104,70.56446841647774,75.69592137259166,80.59071348960703,variance_ratio,2852
74.33027281485055,2.5091302335267516,69.36363903059643,74.34429163651892,79.26403496461589,variance_ratio,2853
72.91835465162877,2.4724152173174785,68.12515841590867,72.96835926329594,77.80526337230819,variance_ratio,2854
71.4523869237157,2.4469919050149183,66.60722436077133,71.4983452829088,76.32205901767414,variance_ratio,2855
69.94552905801946,2.4321410797988063,65.17096332150521,70.02950552519232,74.79724611599208,variance_ratio,2856
68.403599832653,2.4253926636364818,63.563500973263864,68.54040978994931,73.32755020749882,variance_ratio,2857
66.82559184055366,2.423091519512625,62.11694148054128,66.9354123094574,71.67093093833357,variance_ratio,2858
65.20686175150782,2.421662300610488,60.61101203458278,65.29397999230939,70.11751101338061,variance_ratio,2859
63.5436474433347,2.4185511880807664,58.90069139669562,63.66088051289498,68.36927311601418,variance_ratio,2860
61.953131839585375,2.4136820348362407,57.181015157864266,62.04065657995378,66.69934681010137,variance_ratio,2861
61.300367543805116,2.417100878493627,56.38712924382651,61.38956230182717,66.14462317385626,variance_ratio,2862
77.6837553529959,3.54169368552785,70.69301014043542,77.82323497206468,84.32249433900995,variance_ratio,2909
78.59043550766106,3.5527487184375026,71.45684912540241,78.72156840346548,85.32147183796192,variance_ratio,2910
79.52682280504219,3.537106335911771,72.42526454111878,79.71974295632499,86.22145759459859,variance_ratio,2911
80.13893325387352,3.492969281168962,72.71877054081392,80.21853652975419,86.55552461885166,variance_ratio,2912
80.40502320660795,3.4288137475244316,73.33273232883845,80.57665050533025,86.75233422230609,variance_ratio,2913
80.36397792240291,3.354763565526615,73.61565818512948,80.59169115221698,86.37558839965716,variance_ratio,2914
80.09970740346729,3.275759068733842,73.45394325359585,80.31289980662402,85.90951622421139,variance_ratio,2915
79.69121850453004,3.190263751510383,73.12797274627678,79.83366006985628,85.41480127132374,variance_ratio,2916
79.18184499833069,3.095282537214658,72.87820303923127,79.37831847411026,84.77440952223182,variance_ratio,2917
78.58294509292001,2.991497474243817,72.65360630435539,78.69587219017077,84.14658585844452,variance_ratio,2918
77.89073912357748,2.8844207459051177,72.3386733706747,77.9784056101985,83.39553507214714,variance_ratio,2919
77.09707242550596,2.7818664680633036,71.64903261895567,77.1405490068864,82.59065934501965,variance_ratio,2920
76.19298230032183,2.690424535919525,70.99991241255182,76.21387285018659,81.49858473097422,variance_ratio,2921
75.1719670104913,2.613296001996693,70.06016787326033,75.13572462123456,80.28310326162116,variance_ratio,2922
74.03529334128987,2.550362516105791,68.97484402264959,74.02734014641416,78.96874588814039,variance_ratio,2923
72.79574603327869,2.5000716478567924,67.7723825381847,72.76926192240566,77.55743843568081,variance_ratio,2924
71.47592233336458,2.461420659643767,66.52756864442944,71.47907584815948,76.39929070004507,variance_ratio,2925
70.10125244745025,2.4342449345402506,65.20926983002433,70.0989069338419,74.90044587982418,variance_ratio,2926
68.69170862523414,2.417935723011898,63.87508279735792,68.71857913312863,73.44299064384128,variance_ratio,2927
67.25659242192415,2.410319702765424,62.48026149925165,67.29413296877647,71.88420957204902,variance_ratio,2928
65.79439391177598,2.4078656515553836,61.0338936540143,65.85870563343073,70.58570510975665,variance_ratio,2929
64.29690639123531,2.4068731232336105,59.609345200633385,64.3614230506725,69.20115967140045,variance_ratio,2930
62.75521742984064,2.4046001457911697,58.103839778744614,62.842023513908295,67.4796757924266,variance_ratio,2931
61.16506115124506,2.3996476128872497,56.360885787872135,61.24439195312253,65.76894532654477,variance_ratio,2932
60.13447232759176,2.3941602417619037,55.441423570806386,60.19815486950119,64.79827518807487,variance_ratio,2933
75.78224939182239,3.500679686193065,68.6896299613415,75.97622998227786,82.14592776845458,variance_ratio,2981
76.79556155460666,3.5023298752305143,69.68109442612561,76.9959622958346,83.33601131206045,variance_ratio,2982
77.36034973180946,3.46980434860556,70.16859558538428,77.48286385505114,83.88099548802936,variance_ratio,2983
77.60813996514067,3.4146863814653927,70.28557073773742,77.73420433902328,83.79117085079885,variance_ratio,2984
77.56236926045426,3.345400984868749,70.59670403492075,77.68733958247,83.52356243618497,variance_ratio,2985
77.29888030574038,3.2683099012476347,70.39516048692934,77.42435423643252,83.05659930631225,variance_ratio,2986
76.90959458010518,3.185592529220303,70.25891921101297,77.13166140299782,82.57644450176892,variance_ratio,2987
76.45882571239179,3.0972164984030117,69.89213853330928,76.63330238839424,82.03462989530072,variance_ratio,2988
75.9676859446283,3.0037912462248078,69.83036082906807,76.13126702228745,81.48753059071744,variance_ratio,2989
75.42401486338564,2.9078454489253276,69.77100839958936,75.59232618894112,80.89021383460829,variance_ratio,2990
74.79956081806321,2.813556717320726,69.57117268333194,74.90900297508414,80.19970064920243,variance_ratio,2991
74.06375606520528,2.7254040745680537,68.83112909254658,74.05462227590408,79.42766295503867,variance_ratio,2992
73.19406652364525,2.646768887408548,68.05809790157743,73.18053240099569,78.44264976058597,variance_ratio,2993
72.1843962925129,2.5793445929888454,67.12872711419668,72.13996844366869,77.2812480076242,variance_ratio,2994
71.04898221402875,2.523571506821324,66.10762792927989,70.98132758419351,75.94755079239802,variance_ratio,2995
69.81852009825953,2.4796425897538628,65.01422621874698,69.7538230917417,74.48870100112259,variance_ratio,2996
68.52958354541342,2.447938506880748,63.83759833442232,68.46917226350914,73.29650240504901,variance_ratio,2997
67.21267642881489,2.4283260828203876,62.443625871032346,67.21752347952112,71.91798960408026,variance_ratio,2998
65.88443759452097,2.4191991976773894,60.906850110646424,65.905819248265,70.60870788105093,variance_ratio,2999
64.54633326575811,2.417392493999244,59.859753521730546,64.600105180896,69.4300003299004,variance_ratio,3000
63.18874544128672,2.4190923413831174,58.4730997590629,63.23524456664317,68.1095207490881,variance_ratio,3001
61.79767436951651,2.42102986061597,56.959724050618675,61.85830227276602,66.65151753762102,variance_ratio,3002
60.36130545012402,2.421181420263611,55.55529606372968,60.427622419739905,65.0546042308111,variance_ratio,3003
59.01317629997936,2.4175333469563087,54.229730541553145,59.077562540835046,63.583287773622196,variance_ratio,3004
58.07678680200102,2.4118984789699622,53.39013135575638,58.17812036567537,62.54621105958813,variance_ratio,3005
72.93699706588377,3.4563035445205577,65.9417216841963,73.07063492491099,79.27147931928593,variance_ratio,3052
73.58785337438643,3.463205102193023,66.50849286771384,73.7712913981776,80.03431193751594,variance_ratio,3053
74.05155193602855,3.4459262799165122,67.35045014555355,74.10415988591399,80.64728453558773,variance_ratio,3054
74.2646085360971,3.4039989723638575,67.16705237720426,74.30543961249292,80.4828342072428,variance_ratio,3055
74.2467389079423,3.3440823637268675,66.99578668557322,74.24169777899009,80.36593820573985,variance_ratio,3056
74.05465212840996,3.272865095062905,66.80605968367543,74.10825306288419,80.01224402999532,variance_ratio,3057
73.76783533151271,3.1956594904599926,66.82438761295451,73.98444229985917,79.5462000957111,variance_ratio,3058
73.450633270377935,3.115671728663585,66.85756393654529,73.6522151562908,79.13402769015215,variance_ratio,3059
73.1262138232241,3.0344564153266997,66.67187385813862,73.26945285567564,78.77662411738929,variance_ratio,3060
72.77552667618804,2.952543196152823,66.70013605501785,72.94053575840779,78.20696253742264,variance_ratio,3061
72.35307216151831,2.870343625374932,66.74072898882078,72.45109580962063,77.78001378605875,variance_ratio,3062
71.80808991957473,2.7890081114290473,66.46829363623434,71.76104420259841,77.14963671058118,variance_ratio,3063
71.10333262831567,2.7107276906162636,65.8487467234088,71.05365197495865,76.40709427993804,variance_ratio,3064
70.2270403421322,2.638455457965846,65.12537033107135,70.25721454980577,75.39461705287201,variance_ratio,3065
69.19566781423212,2.5751757477316564,64.1652137384772,69.1573459215036,74.0906306726912,variance_ratio,3066
68.04710957183129,2.523273236722726,63.14706558805471,67.9566515969716,72.84402892081256,variance_ratio,3067
66.82759441344098,2.4843582099226085,62.03691232204137,66.69057751104822,71.512364479763,variance_ratio,3068
65.57793279163353,2.459056279511873,60.94779185412504,65.48864303749116,70.2753105170761,variance_ratio,3069
64.32420841265173,2.4464725322966667,59.46900658854883,64.3046675772379,69.08052039747574,variance_ratio,3070
63.075013321120394,2.4439199151079767,58.09831342382969,63.157655387662246,67.94871703173952,variance_ratio,3071
61.824302103801955,2.447490911961465,57.05924894311294,61.90950476668513,66.67971074946836,variance_ratio,3072
60.55743238557127,2.4532531587790642,55.621861835259224,60.68672046266809,65.44694062773488,variance_ratio,3073
59.25791918419095,2.4583049935757524,54.30015096124828,59.38998957709302,64.04355430659788,variance_ratio,3074
58.08890663134834,2.458912279644526,53.14463829088706,58.20147097846269,62.69871175050158,variance_ratio,3075
57.44027860910309,2.4526572546614274,52.51900619264411,57.54069271087967,62.095061355356705,variance_ratio,3076
52.87436563622794,2.4542930394682925,47.761792104894376,53.042644850734824,57.57661294778899,variance_ratio,3078
52.33275038933745,2.442701910365759,47.154079793193276,52.488898644421425,56.93685634186152,variance_ratio,3079
70.8224174634143,3.436475327413806,63.89720597731773,70.97848740721142,77.21169525294383,variance_ratio,3124
71.40450493234604,3.4373388529112625,64.33033676371464,71.57383868608642,77.83087210122639,variance_ratio,3125
70.5873642545998,3.400034024971176,63.60364450457252,70.71677187657,76.86905676849683,variance_ratio,3126
70.59118024320951,3.351274415815729,63.23678888652646,70.622323863487,76.55333462694662,variance_ratio,3127
70.49634407061899,3.287100785241483,63.26457958105235,70.58196057910273,76.44610886117651,variance_ratio,3128
70.34186132725449,3.21516544048895,63.38553764311568,70.57719348018566,76.31832699977463,variance_ratio,3129
70.17642387223816,3.141687360998527,63.44838392372417,70.38062337204727,75.89069899019398,variance_ratio,3130
70.01763123332252,3.0695714402908845,63.40787735237977,70.13018514218894,75.62674474693291,variance_ratio,3131
69.60807989089443,2.927325270147645,63.627460985147486,69.73310945099084,74.81055470132671,variance_ratio,3133
69.24913934714561,2.8545472607687374,63.66940628227056,69.3848497873753,74.40411427828548,variance_ratio,3134
68.72000359571726,2.780526722613778,63.39027822980685,68.78296923332758,73.88339878903567,variance_ratio,3135
67.99927751907192,2.707438353896849,62.73334336193243,68.10049211760906,73.02160008173415,variance_ratio,3136
67.09702043015618,2.6390409701619806,61.86866496499858,67.16802861550596,71.98002062018016,variance_ratio,3137
66.04888727446985,2.5793505936668346,61.047343797878824,66.03719069175946,70.97074028768675,variance_ratio,3138
64.90340605151158,2.531537785802372,60.06419918679429,64.82474089238875,69.72269663466167,variance_ratio,3139
63.70814124884882,2.497502745499342,58.9943063889141,63.60526711092065,68.58101468464356,variance_ratio,3140
62.49927705418568,2.4774781587527865,57.756587404168435,62.377057714703966,67.39712679643173,variance_ratio,3141
61.29667118991562,2.469635815590587,56.41852200211027,61.24957706124823,66.15687300527925,variance_ratio,3142
60.104127536686434,2.4703763922462394,55.10642804630627,60.132315954055315,65.08142399800934,variance_ratio,3143
58.91331249730737,2.4754445789114046,54.003365096690104,59.02417468088938,63.650123372674614,variance_ratio,3144
57.70941794398567,2.48121210944974,52.70657108869857,57.83035879476604,62.45248040027897,variance_ratio,3145
56.709939839498354,2.4843961213814727,51.73590601921664,56.82505331709125,61.435287256818846,variance_ratio,3146
56.4317817572982,2.482151827730704,51.539785073855015,56.58498455031471,61.072590765627254,variance_ratio,3147
51.04354314239485,2.4701338933052965,46.07970223056113,51.25129302151613,55.75451967802033,variance_ratio,3150
50.28915169726455,2.4620941724594605,45.23835027201862,50.513120926563445,54.847517678328884,variance_ratio,3151
66.67013139018654,3.2986343656533914,59.408849849200784,66.73696749425639,72.59314048490641,variance_ratio,3199
66.62711143699559,3.2306249382867707,59.498933392728134,66.79526027381065,72.43788710400844,variance_ratio,3200
66.56708441484227,3.0909986701230743,60.0277075509737,66.71007060043543,71.96661090186045,variance_ratio,3202
66.57059369686837,3.0267237862226186,60.08421629064773,66.81388189164495,71.8405776338497,variance_ratio,3203
66.74338100403891,2.970386136880157,60.54632698493976,66.99856132654386,71.8253075371401,variance_ratio,3204
67.00937757667587,2.8999440396987652,61.20698602474906,67.18036661483514,71.95059621168737,variance_ratio,3205
66.23405980628144,2.8336877740381388,60.75022420207451,66.3035672585518,71.22199898277879,variance_ratio,3206
65.39976831417152,2.7655965695401807,60.02095070007101,65.52950545332493,70.29080787468371,variance_ratio,3207
64.68697888241834,2.698129770496261,59.367183828241565,64.83149279459325,69.40677490785691,variance_ratio,3208
63.79918181933285,2.634399141852919,58.63193300864225,63.88850347661648,68.68403764435914,variance_ratio,3209
62.7745073596732,2.5787841893197734,57.740370259128404,62.7964694407151,67.7178401416456,variance_ratio,3210
61.6602768362876,2.534891649372296,56.733819183695644,61.57421818540733,66.47761034618067,variance_ratio,3211
60.50131875509634,2.504523370261282,55.67493088052557,60.379914779985164,65.41118637853002,variance_ratio,3212
59.33137956309191,2.487129660449461,54.5819318109905,59.209622419178714,64.18644105186542,variance_ratio,3213
58.20803706203571,2.4799838824420553,53.49008517763046,58.19745339047526,63.14137007449767,variance_ratio,3214
57.04204076268455,2.4793562682131625,52.24455788000973,57.04704446902683,61.9429199100508,variance_ratio,3215
56.00827964203233,2.48147576539979,51.2182767315833,56.093155878691334,60.78233217828422,variance_ratio,3216
55.212329720218314,2.483998126157031,50.349285838573,55.313892519072944,60.012503835290964,variance_ratio,3217
55.02782015435858,2.4865908306194346,50.18070975412674,55.094070651482944,59.69201565757279,variance_ratio,3218
49.528239837775565,2.4589091742844165,44.58884915032343,49.69717994699178,54.234506845437096,variance_ratio,3221
48.588037473204125,2.4486543431216172,43.82635179766582,48.7617207914399,53.23081390070282,variance_ratio,3222
63.10739107262998,3.2832609009749394,55.873125981756,63.19044346893726,69.1733904757006,variance_ratio,3270
62.87907606520251,3.2295613951932545,55.66890265842784,63.018091630385705,68.52154986563612,variance_ratio,3271
62.805510813826615,3.158034661120396,55.90488592114709,63.0362117179697,68.41433809329389,variance_ratio,3272
63.65374730842685,3.1138710902411013,56.97073263434003,63.90055439735846,69.02303674539574,variance_ratio,3273
64.41603153341607,2.988655026820346,58.02085355100282,64.68662241304084,69.53395678331472,variance_ratio,3275
62.53694648267197,2.7833605129470533,57.06065954324103,62.689489674019065,67.30765984647968,variance_ratio,3278
62.04110705035797,2.743864192804057,56.50106564428309,62.186615800974394,66.86283864268192,variance_ratio,3279
61.37539332405537,2.6830830631258236,55.93244385120732,61.465927197960134,66.26531564352548,variance_ratio,3280
60.54183039643772,2.624732809471841,55.33464802186044,60.58899582800785,65.58815118660597,variance_ratio,3281
59.567296123916826,2.573606804496821,54.4837055803014,59.52580028878897,64.4578048729758,variance_ratio,3282
58.49845058060673,2.533072725853978,53.41679388025431,58.40294300872884,63.39662489980444,variance_ratio,3283
57.38147387646217,2.504221416938055,52.446122541032516,57.25043926277882,62.40467051811634,variance_ratio,3284
56.354171966925605,2.4864523239683844,51.631418295645474,56.24886528688048,61.17623949680574,variance_ratio,3285
55.66520196905925,2.4778939828167275,50.78367022279211,55.61558373754415,60.468422337158586,variance_ratio,3286
55.03503111952734,2.4749055464003247,50.18510466209793,55.053020755512144,59.9128853091923,variance_ratio,3287
47.70313976914718,2.429608364412584,42.93913026913173,47.88558819126805,52.48404788880676,variance_ratio,3293
46.63428172998061,2.4113895947641644,41.887888682695845,46.80842569563157,51.3225827773008,variance_ratio,3294
44.92051707691497,2.380136639347687,40.17710834652883,45.04756835475463,49.405130096218784,variance_ratio,3295
60.084206931720075,3.1500590346028283,53.146111109374466,60.24535472133769,65.55867029386197,variance_ratio,3343
59.85230567009225,3.078508276918162,53.27334801899472,60.02447140373489,65.08722106748637,variance_ratio,3344
59.436712478337924,3.0279337610322736,53.04327430871886,59.64182947579414,64.604252004414,variance_ratio,3345
59.88891028289367,2.722361318750312,54.26296436903176,59.98458439384884,64.78642206407869,variance_ratio,3351
59.233331294958326,2.6756026532177057,53.707902493943706,59.28786375586438,64.3641063574806,variance_ratio,3352
58.204536950290915,2.614801185239328,52.831109158642484,58.1832678189033,63.231289652374294,variance_ratio,3353
56.62576694339438,2.566505897488631,51.51052931049155,56.569239763231394,61.545008795515024,variance_ratio,3354
56.07390756874358,2.5316826918198188,51.13604383420285,55.996975194641806,61.037681565989196,variance_ratio,3355
55.46838079394749,2.5033420760552825,50.49188733341357,55.3623130614513,60.52323316284065,variance_ratio,3356
54.56423802614323,2.4835545325169566,49.812002686824634,54.43874833879307,59.357293467448,variance_ratio,3357
53.77665255406536,2.560334794393932,48.841441778943086,53.665508468735275,58.73516291871511,variance_ratio,3426
53.63469145137975,2.5401701559621404,48.792275294607954,53.48484577951129,58.65382008685644,variance_ratio,3427
51.12272033100241,2.5903999400812032,46.08042242938537,50.95113092678763,56.181861656759004,variance_ratio,3497
50.79020926145254,2.5545823773550413,45.89953816638577,50.61414958572631,55.81899671980236,variance_ratio,3498
50.25595158739677,2.522772196529485,45.31639876237838,50.08164670058129,55.30975569408049,variance_ratio,3499
49.91700084429482,2.61761818585868,44.689677756988786,49.760569551629594,55.02627104025383,variance_ratio,3568
49.41235740239061,2.593804465811671,44.31671742585546,49.21543223178818,54.46773176441375,variance_ratio,3569
48.784294994308546,2.5504392883041365,43.893535743069144,48.58234572766213,53.720437548641804,variance_ratio,3570
48.81557641790051,2.5257798377039786,43.823064150652066,48.64730984971218,53.82125162073305,variance_ratio,3571
47.81155521218737,2.5838121123982143,42.72343138029448,47.570623079569,52.83680706390783,variance_ratio,3641
47.42506475678903,2.557147117912006,42.439785981424315,47.23244780777638,52.39874177551178,variance_ratio,3642
0.03666052889205226,0.009665532496941782,0.01952119403941644,0.03572557308352907,0.05672249224259447,turnover_total,56
0.040477406317974106,0.009412870368202307,0.022614226661627244,0.04013901684369258,0.05905340352831217,turnover_total,57
0.033049872090979385,0.008885098026184389,0.017604505783607453,0.032972449782064484,0.05190186924840573,turnover_total,128
0.04571137668786578,0.010043130566713682,0.029133972945031818,0.04493497271062015,0.06477038716476419,turnover_total,198
0.03757732854550455,0.008729876079780458,0.022303757028463916,0.03662707213029011,0.05634904727998133,turnover_total,199
0.024989768212663698,0.008843925556415872,0.008888441149663204,0.024311707687182417,0.04368906139513221,turnover_total,203
0.04290162781758565,0.009843098213178076,0.026262418669554366,0.04255771226700618,0.06492097782212412,turnover_total,270
0.04633058592089336,0.00938654278749359,0.02790342807122828,0.04594024585944338,0.0661318412012406,turnover_total,271
0.045859716535850595,0.00948673857404801,0.028560420573047755,0.04555535806115498,0.06524510398036895,turnover_total,272
0.03611357895027583,0.009018306483469433,0.020911898895273666,0.035316408862050924,0.05342951389256954,turnover_total,274
0.03523711887931221,0.008564243148594813,0.019987195422969787,0.03469416581556958,0.054209099191516064,turnover_total,276
0.03839954559167065,0.010297753302307268,0.01927330310468922,0.03764231414396083,0.0581957469570755,turnover_total,341
0.03400243892961234,0.00995664850318052,0.015490503583820724,0.033463600334746366,0.05606651646377741,turnover_total,342
0.02843827998433842,0.009052979631242524,0.01256833519737431,0.02732511303792152,0.047907764720432164,turnover_total,343
0.031667546630729994,0.008703966701856835,0.01659694937452016,0.031061218534936565,0.051886374725883935,turnover_total,344
0.030349512201809224,0.008407362729309514,0.015234753093913563,0.030285225007449394,0.048321751932882774,turnover_total,345
0.0256668095754726,0.007040843812347805,0.013027943847126274,0.02575064288802532,0.03927891007602519,turnover_total,347
0.03781548952223064,0.009205000856344328,0.022305610924460026,0.03738302740789972,0.0573713123289043,turnover_total,412
0.03612262138459627,0.008244448720834928,0.02063639585733121,0.035304275065355634,0.05303711482448709,turnover_total,413
0.03736459788873525,0.00850904095484348,0.023177309271821094,0.03661547317985339,0.05650190398361288,turnover_total,414
0.03985083022957012,0.008873356519247451,0.02403601000750722,0.03995248205814195,0.05792630328096308,turnover_total,415
0.03980582702054597,0.009661732825764081,0.022068093044178613,0.03967884532154964,0.05915719388113868,turnover_total,416
0.026660359520150213,0.008902585561227385,0.010381674429288248,0.02590282622686118,0.04471117258314774,turnover_total,417
0.028130172987024298,0.008320130839922687,0.013783645301569294,0.027197342861010644,0.044826037914216355,turnover_total,418
0.04950041144927883,0.011005170781381721,0.026978476526624936,0.04900981082517156,0.07042934724967545,turnover_total,483
0.038461765639005496,0.010345403682138701,0.01958098489907063,0.037987984689719825,0.06019362948116113,turnover_total,484
0.03954062291157653,0.010272462455036659,0.02171488480001837,0.037880464463251606,0.060500119411526956,turnover_total,485
0.04475505890569698,0.010344403057887253,0.02572549124609072,0.04427769722625066,0.06696447776368639,turnover_total,486
0.03962059266444206,0.009786182201481088,0.02273643348738739,0.039053267567905475,0.06063800417165233,turnover_total,487
0.05378086142226526,0.011293879036216432,0.03224010492329655,0.053045363422408474,0.07650916238324469,turnover_total,554
0.05441290288578985,0.011440758668476074,0.03262227974711692,0.054707166880305164,0.07798035747996188,turnover_total,555
0.047771339837039364,0.011049559626629984,0.0266426251329137,0.047457261178745845,0.07280271917357883,turnover_total,556
0.04361128714933011,0.010363014306007175,0.024437659025874497,0.04243079956464303,0.06503289799376025,turnover_total,557
0.045322529133608874,0.010479303279573318,0.025888237976537897,0.0446286010692665,0.06715901556241548,turnover_total,558
0.04702813796311462,0.010686441943266671,0.026559964909976724,0.047047170539347816,0.06805929090269068,turnover_total,559
0.036754375662573245,0.009478784954493587,0.01968643876028036,0.03653215408176257,0.055545562001397014,turnover_total,560
0.03018875834766305,0.008338064964969468,0.015422690818122526,0.029649309142283718,0.046707472389731504,turnover_total,561
0.030953647756546143,0.007663492026984659,0.016410619336642843,0.03083284026442995,0.04510441701462669,turnover_total,563
0.028183697264850902,0.007632876295092899,0.014601105344347394,0.02854732762542366,0.0434333386524312,turnover_total,564
0.052100130590045056,0.01315092433966049,0.030659551204609347,0.05104368692555093,0.08002699688502268,turnover_total,592
0.05534187971870791,0.013067863867756636,0.0317440242971666,0.05404210118031219,0.08100561916430184,turnover_total,593
0.027232741426600413,0.008738108651099393,0.011323108133601252,0.02685823319047003,0.04461599677238978,turnover_total,625
0.028448478994908093,0.008556788181064324,0.013006341802108393,0.028124172291356095,0.04735115998731251,turnover_total,626
0.03000466592178628,0.007396561563507027,0.016703126551518076,0.02952874220318638,0.046023575217447155,turnover_total,627
0.029695438364866638,0.007679717759634961,0.01511913798920378,0.029560042661764145,0.04765331341083504,turnover_total,628
0.03396096091551175,0.008080191587361554,0.020742087497312357,0.033289833606034394,0.05108352552980993,turnover_total,629
0.035045421939059254,0.008238161318469285,0.01993563267817181,0.035083652240521075,0.052044561077368975,turnover_total,630
0.039350546463215494,0.00968625502619378,0.02283120305937449,0.0394167938454499,0.0589746448827475,turnover_total,634
0.03784135392043682,0.009759212037998745,0.019623720846855316,0.037379706048408026,0.05722587129746572,turnover_total,635
0.03465400647061766,0.009649794498066416,0.018334716908388136,0.03421605282756275,0.053659743144459204,turnover_total,636
0.029039604542269826,0.008530041261826623,0.013971173659060634,0.028432997581701737,0.04605667245301097,turnover_total,637
0.031400151095765015,0.008026099734952793,0.015968260803841113,0.031247679537685532,0.04710009262147061,turnover_total,640
0.059723798182787835,0.016537145260927633,0.030273085991543092,0.057806999419000187,0.09442236534731725,turnover_total,663
0.056801143390420104,0.015220621907656353,0.02886689413298486,0.056789037508215595,0.0871412593238321,turnover_total,664
0.059862900257999375,0.015515642744636626,0.03280043113220467,0.05894826045286621,0.09377519923275494,turnover_total,665
0.052449670811777,0.014033802794494982,0.026767382148848443,0.05219356567853403,0.07927177349131613,turnover_total,666
0.038477860409981364,0.011201617434141112,0.018496146928650075,0.037839361857669805,0.06277471112748788,turnover_total,696
0.03126386198221224,0.008792608047249724,0.01541119335043919,0.030646276959794556,0.05013418238268606,turnover_total,698
0.03610499580626306,0.009037289405480644,0.019102499790278737,0.0361490957076343,0.052976815024106505,turnover_total,699
0.04491055935233039,0.011436104633334592,0.024347454869898897,0.04460196134950281,0.06690843670213505,turnover_total,700
0.038802960999230494,0.010103398067929552,0.01833097964412331,0.0389883954795427,0.059013761358771365,turnover_total,701
0.029776131336607475,0.009471927266895564,0.01415076032889416,0.028676950146761124,0.05190275307178232,turnover_total,702
0.02007474267209495,0.006897830894809338,0.007812586432010316,0.019657790672800515,0.03514509475744898,turnover_total,704
0.0195716625829798,0.0068194643119776155,0.007736296545980759,0.019150815602528723,0.03507816712220183,turnover_total,705
0.04140163076884113,0.009340118583941496,0.02508423815421383,0.041321272602418885,0.06048047656721035,turnover_total,706
0.04751548758488297,0.01014133230769116,0.029021464176037574,0.04706447716351051,0.06668615807840614,turnover_total,708
0.043561786465212665,0.009790882073425886,0.0263561574065244,0.043542039353054646,0.06445301964873344,turnover_total,710
0.04240609716891578,0.009448905553999949,0.02365150212561083,0.04235290248828399,0.060611915045684646,turnover_total,711
0.04160420825226864,0.009258286172486531,0.023449899706557243,0.04197628277798689,0.059269014651158546,turnover_total,712
0.02859708662601692,0.007945097874543406,0.014163886708529567,0.027729265077871053,0.044833354760513824,turnover_total,716
0.03572606591930885,0.009483754285309098,0.019836507238484017,0.03493193870227157,0.054682958209515804,turnover_total,717
0.0676396230056907,0.015476588639430957,0.03536193586570673,0.06732687076437077,0.09864594374849188,turnover_total,735
0.05522443085849459,0.012882945860467772,0.03043198529411765,0.0552840720727827,0.079880348468023,turnover_total,736
0.05563213755901217,0.013954987433472562,0.029633165288826185,0.05460747460105612,0.08287244846769456,turnover_total,737
0.05364520293935085,0.012546945612038526,0.029930965632849853,0.05300361992963892,0.08005631971657895,turnover_total,738
0.030701836672325674,0.010138780503774862,0.012577319587628866,0.03051978835026675,0.05191508597196617,turnover_total,772
0.029918230317410505,0.009092385146476195,0.014732407946374964,0.02951001125241022,0.04928008456377081,turnover_total,773
0.028812679951398256,0.009107623670282502,0.012324739968340727,0.02852322200190377,0.0480248970271171,turnover_total,774
0.030364559145718964,0.008186388925854828,0.014778024088871567,0.029890451261829716,0.047828817576338965,turnover_total,775
0.029030270698211152,0.009088706291956055,0.014048762984893872,0.02890826612254664,0.04814237719527736,turnover_total,776
0.03453605431175668,0.01014492716081857,0.016115888886536443,0.03400318704018166,0.057855898766144276,turnover_total,777
0.02872593473816128,0.009097854269164943,0.013781131784074389,0.027921022697066193,0.047597036996714366,turnover_total,778
0.017612533988270437,0.0064639747023576746,0.00631988706499549,0.016755959983096754,0.031176215782188786,turnover_total,783
0.0218875780895465,0.006778404335366957,0.010063729034755784,0.021872660908628307,0.03621921836379326,turnover_total,784
0.03200733116857894,0.007770934406517342,0.01735507951390825,0.03226635959983,0.047610041811866836,turnover_total,787
0.029965186977551846,0.00742352669840494,0.01653055235244825,0.029219017004414448,0.0451560184137936,turnover_total,788
0.049546488737207954,0.014212082080417736,0.02334928916617534,0.048371485310175585,0.07849527801895613,turnover_total,804
0.07357654833172608,0.01568158364477263,0.043593116826556595,0.07397240287941972,0.10553529107643653,turnover_total,805
0.06929011158446155,0.015166002391863302,0.03992830581295951,0.06848713385223706,0.09756047282157769,turnover_total,806
0.08006785908183187,0.017106108355054755,0.04697300781785549,0.080072210520652,0.11375938653361567,turnover_total,807
0.07101774397541244,0.01372502066959109,0.04688120005605713,0.07048769345042952,0.10020754485853246,turnover_total,808
0.05112496128170259,0.012900455216065846,0.02834901067046786,0.05141556029713924,0.07927293638336344,turnover_total,809
0.041747213892045866,0.010934700071527793,0.02304256662113867,0.041917055968591056,0.06512556306701298,turnover_total,810
0.05429734084156909,0.014348232068903745,0.026368029493029497,0.053907113075431085,0.08375037327953871,turnover_total,811
0.05523190272759718,0.014057643793944832,0.029025227787563314,0.053933573362081655,0.08519295470386333,turnover_total,812
0.07910573034887224,0.01766451612149222,0.04348432544122532,0.07781709687092465,0.11114828099691403,turnover_total,813
0.03020241935225652,0.007518213210689476,0.017186587434930144,0.030291614311563277,0.04591668556397721,turnover_total,845
0.020971799644993825,0.006847687179875842,0.009600360140480858,0.01950228605145287,0.03520429671880327,turnover_total,846
0.03103147909052626,0.008161238506389447,0.01568394039509177,0.03063913464054146,0.04855903566057006,turnover_total,847
0.03721135433275336,0.009039210448991333,0.020327465865858145,0.03672239546103427,0.05516382549544283,turnover_total,848
0.03930887461742635,0.008765823766858978,0.023653849875970683,0.038879413803949714,0.05816365252133669,turnover_total,849
0.03779035202721189,0.008785282145694689,0.02210936295735478,0.03716680112842087,0.05407516563456886,turnover_total,850
0.03606380715678886,0.009047764657782275,0.020280358412190676,0.03623999451749149,0.05376356056326852,turnover_total,851
0.031385336754285766,0.008835077798552993,0.015368335776516735,0.030709316823650086,0.04887972525675847,turnover_total,855
0.03135998512967315,0.009397296102651156,0.015315226671709203,0.03067936005299828,0.05115052699470978,turnover_total,856
0.030948150083678586,0.008467912823469266,0.01621102796976448,0.031134371073031117,0.04832382930967101,turnover_total,857
0.032272090414725785,0.008590671212152512,0.017728591433612686,0.03205807930122223,0.049190793526005645,turnover_total,858
0.033807819054168506,0.00874286933154133,0.01621754061902996,0.03314380502877869,0.05106233631741696,turnover_total,859
0.03395533538998287,0.008458459818061679,0.019564012707500304,0.03325829363398207,0.05146853340092324,turnover_total,860
0.048170432189891,0.016120467770467328,0.020231424811187913,0.047934122329283624,0.07909659486952854,turnover_total,876
0.058410442999851285,0.014286083274910986,0.030608921834943098,0.05835297999170948,0.08777567998753683,turnover_total,877
0.054764807606975614,0.014614217583856375,0.030314613199301364,0.05319262291719431,0.08733030408286885,turnover_total,878
0.05744788272379442,0.014285146744033677,0.03105925031006031,0.057374703601583865,0.08503248595312157,turnover_total,879
0.05364620413903385,0.012203898764696009,0.032346692682485384,0.05270920479903325,0.07759705150330151,turnover_total,881
0.05272552459277188,0.01241983141197201,0.031029802016395346,0.05187040080079382,0.07769937505537314,turnover_total,882
0.04940881113111155,0.013397127007876614,0.026748555163299777,0.048200316212508754,0.07772837891295037,turnover_total,883
0.05883135081454408,0.013037540188233013,0.0359942328021213,0.05848214065609507,0.08667097995757737,turnover_total,884
0.07108909567444617,0.016188725148789565,0.0407388793684418,0.07020648350961466,0.09922801738854746,turnover_total,885
0.036226110236919615,0.009450761972477455,0.02121005223602774,0.03587293065683912,0.0562343293295579,turnover_total,916
0.03738416448090338,0.010684103716977532,0.019068450180794966,0.03654563453843622,0.05884872809875984,turnover_total,917
0.04166317575120467,0.011431738520985488,0.0219364257800955,0.04001207994598251,0.06684029515634954,turnover_total,918
0.029096248047471598,0.008898444526175674,0.012088008037974394,0.028636602045888863,0.04636393986623344,turnover_total,920
0.02433137600692984,0.008212827030596854,0.009661500335757902,0.02383434928235228,0.04279752699964719,turnover_total,921
0.027657147932047904,0.009037637099972443,0.009657799910127085,0.027145820112808205,0.04704032398528651,turnover_total,922
0.02984456440632217,0.008496691756833858,0.015259181474576503,0.029873191616044858,0.04814424963242596,turnover_total,923
0.030062836250793055,0.008653822115325767,0.01440134499010054,0.029500227465856017,0.04737525921420837,turnover_total,927
0.030224343630895434,0.01000235575584991,0.012354250170162647,0.029697111701461408,0.05349111052144153,turnover_total,929
0.026291506287253498,0.0078104030842675665,0.011748368894374889,0.026141347843468197,0.04275875174125197,turnover_total,931
0.054897597513406296,0.013883687074285592,0.029968204700653332,0.055233848430050955,0.08406911970300746,turnover_total,947
0.04515363341576792,0.013275840689333311,0.021592792046396025,0.04507346254705409,0.0717241433957062,turnover_total,948
0.06625485905829528,0.01475012790511084,0.037628041636625816,0.06574530667786259,0.09525643980090996,turnover_total,949
0.043727095208906365,0.01302932858466011,0.021177379798112347,0.04281880356123567,0.07182111145978036,turnover_total,950
0.046504147127671897,0.013150872791186057,0.02092765879906532,0.0465552303939247,0.07428265529721009,turnover_total,951
0.050452706067978234,0.012012901478756461,0.028254503806482038,0.0499705613147394,0.07418056487911473,turnover_total,952
0.05772894530070592,0.014076929316161252,0.033463932127527116,0.056931993333718664,0.08779685880245157,turnover_total,953
0.0703551641698301,0.012350342976153287,0.048963319855604,0.06944850415481954,0.09443956966414768,turnover_total,955
0.07015561408913418,0.011506373532992603,0.04859498621635353,0.06964859057102972,0.09461531857551418,turnover_total,956
0.03371421668285613,0.009506621094468315,0.017710502331531718,0.033329894473527424,0.05266985379753377,turnover_total,985
0.032916035989902226,0.009338613053519977,0.017509457874644703,0.03290024811075006,0.051332538379696716,turnover_total,986
0.0314744727322251,0.009623535026868893,0.014805519751004229,0.03147988988767873,0.05105082805358541,turnover_total,987
0.025960595200552997,0.00787302066907619,0.011724071155580997,0.025448073767373715,0.04188404989889516,turnover_total,988
0.025577199275438327,0.008149496194780342,0.011596481910187648,0.025356974354615865,0.04125043686809362,turnover_total,989
0.025981635958480617,0.007881369023894446,0.011344143453518453,0.025161724585784646,0.04453889021515619,turnover_total,991
0.026995837125970375,0.007619334217828812,0.013313557564983973,0.02629999536468868,0.04171319175092347,turnover_total,992
0.026346381619544598,0.007799028197858601,0.011003283597363937,0.02633093522965199,0.04232181013129791,turnover_total,993
0.023312807457838217,0.006724135888923333,0.010720976451348412,0.021872869593262574,0.03670496529124706,turnover_total,994
0.01859506056994511,0.005861429944383197,0.008351701156369538,0.018811563881751047,0.031223590305257207,turnover_total,995
0.019512549214449924,0.006186315444699801,0.008421758533922042,0.018954762574833008,0.03178350760593398,turnover_total,996
0.025497736738094235,0.007577840687188692,0.012065526769322994,0.02580965258970077,0.04086844690161927,turnover_total,997
0.029240341774370404,0.008204292406426231,0.014135601617003437,0.029401726249876352,0.04539548246876116,turnover_total,999
0.03217850077084337,0.00837241396973758,0.018151785348809558,0.03159097571283324,0.04879394141063045,turnover_total,1001
0.02455588918909205,0.0077496692412408535,0.011304290447065676,0.02421739430201942,0.041856573117539694,turnover_total,1002
0.025207652160360725,0.007754735259981934,0.013272453174276257,0.024402870190913667,0.043012832998636355,turnover_total,1003
0.05169669686067569,0.01528225948188115,0.02338229281046512,0.05138149164386696,0.08389743977443032,turnover_total,1018
0.06499936728739808,0.01655220177285319,0.037320814263241166,0.06434385608553056,0.10238826885282469,turnover_total,1019
0.06643776071823687,0.016909733762121924,0.03685032529217186,0.06492846512733502,0.10347827355467962,turnover_total,1021
0.06367884440264736,0.016025125699581352,0.037583861794514936,0.061763784233751846,0.09692097006072795,turnover_total,1022
0.05518948404020065,0.014496682562166734,0.029648567012697455,0.054141466066862654,0.08689124960414249,turnover_total,1023
0.05880423530232232,0.013997305291865662,0.035758647139059616,0.05773267106437961,0.08831727060376213,turnover_total,1025
0.061127026234471714,0.015107049423112815,0.033692462960696445,0.05971554730833148,0.09085934775221181,turnover_total,1027
0.057650524566541246,0.014424470135763251,0.033168015732180665,0.05551389518685392,0.08885211240563715,turnover_total,1028
0.0566329723370971,0.013530490388190344,0.03542656628696396,0.05558890522191744,0.08444038107696383,turnover_total,1029
0.0382780557616074,0.010323927211313089,0.019486233556688624,0.03805123490686158,0.05881526406935954,turnover_total,1055
0.031225557176947423,0.008626975101592266,0.014348230572458829,0.03067215973292546,0.0497356459289618,turnover_total,1057
0.03381551801970891,0.007912754901817701,0.019565213371546195,0.03300385428158943,0.0492000528645319,turnover_total,1058
0.029356760068375305,0.00910254961481161,0.013159841121856728,0.0287110110018775,0.04897875098395758,turnover_total,1061
0.028932776774561325,0.008440879183144184,0.014920961663449715,0.028567101604681847,0.04674247637092148,turnover_total,1063
0.03318049838212196,0.008605505173516733,0.018284890677145293,0.03324355403448226,0.04982426252280764,turnover_total,1064
0.03263019706776532,0.00867368697509923,0.01629506108440773,0.03199982989068867,0.05126142037189682,turnover_total,1065
0.03183628663572353,0.008890820409763259,0.014937947344338086,0.031542857416261796,0.048697321597584865,turnover_total,1066
0.03127497302103095,0.009178169286385282,0.016447533312056808,0.03052828693807604,0.05170855974210547,turnover_total,1068
0.031472719369599333,0.009433417260511064,0.01634565714443051,0.030834775154709823,0.05348188156184635,turnover_total,1069
0.028070140167029755,0.00813423859630539,0.01185766678952287,0.02787473657261858,0.04411648268415428,turnover_total,1070
0.02779841043504697,0.008000902132234276,0.015567305547993472,0.027298432114945877,0.04478839316718279,turnover_total,1073
0.028824323504511012,0.008377638215014404,0.01562877690473055,0.029148193324318755,0.04650574508402267,turnover_total,1075
0.026984950319481706,0.008091186675473051,0.013451830996534866,0.02645359765721066,0.0433858880480738,turnover_total,1076
0.07112138584965585,0.01629799817574866,0.042928466364362226,0.07034063363009241,0.10469243564534055,turnover_total,1089
0.07109464407658136,0.01618220216452278,0.042807202823375086,0.06999628531219351,0.1018431253479727,turnover_total,1090
0.0748126462214494,0.015933876803236685,0.04491817833638625,0.07453311845527558,0.10691731681146019,turnover_total,1091
0.07314246454870342,0.015513397400730522,0.04419817840377844,0.0734713714558016,0.10538005792421166,turnover_total,1092
0.07124977167582497,0.0146769748793274,0.046380237861052734,0.0706548675762514,0.10169345408736213,turnover_total,1093
0.070513771435640693,0.014690092448115694,0.04356627930807593,0.06960294689828822,0.10219150084813194,turnover_total,1094
0.06826605574557884,0.013093358677074734,0.045450032426616126,0.06773281063870144,0.09469407818106594,turnover_total,1095
0.06565268900370165,0.014942973321625969,0.04067657700360391,0.06394584180713969,0.09760484994973578,turnover_total,1096
0.06711842927035254,0.016318058936877194,0.036502663939413295,0.06597157916778171,0.10177146967090649,turnover_total,1097
0.06810989190097107,0.014756333985000643,0.039964117976192995,0.06742700093765225,0.09762736261304485,turnover_total,1098
0.061513408230504316,0.015522418781477762,0.03245096165244191,0.06091377554492802,0.0919701139867604,turnover_total,1100
0.058635805333510836,0.015062041922746081,0.03249799824341739,0.05822493265582697,0.09001954015505029,turnover_total,1101
0.06449477651480619,0.01094888767164488,0.04452099275950655,0.06447796168435588,0.08602644773262111,turnover_total,1103
0.041362127128541495,0.010390826925324717,0.02328604846555802,0.040439450842406376,0.06392918195895539,turnover_total,1126
0.036827595965369365,0.009626949132141096,0.020409723583669645,0.035983252243307305,0.05591237177524202,turnover_total,1127
0.03420874405086166,0.00927273891872664,0.01757562010702871,0.033250666245879794,0.053255967119572464,turnover_total,1128
0.03411057379982276,0.00979932541304351,0.015122512251225123,0.03432644861586604,0.05536276555107742,turnover_total,1129
0.03354522234603699,0.009619034508910678,0.016997760645099627,0.03229494439856786,0.05373426438934835,turnover_total,1130
0.029552948381129616,0.008531708133207248,0.013534483329386967,0.029185900926605897,0.047407659059796006,turnover_total,1131
0.025977378516378047,0.007717684831510427,0.012747791621031814,0.025221233419828015,0.04266702332921335,turnover_total,1133
0.025228642381421255,0.0073608091679924405,0.01244877049180328,0.02497518635553395,0.041347626657351165,turnover_total,1134
0.01904701423219902,0.006809707428867941,0.008112722652874334,0.018411351690551008,0.034814796928469345,turnover_total,1137
0.017383778116159286,0.005953125709823786,0.0061979307794788425,0.016641997949384472,0.029151233579392036,turnover_total,1138
0.016943050099136502,0.006553556012636018,0.006181693989071039,0.016411348683667032,0.032565441565309355,turnover_total,1139
0.017802263599871353,0.0062837187560021305,0.008064119459742985,0.016557307307734796,0.030969947814524963,turnover_total,1140
0.025820863388967483,0.007340139386355779,0.0134658095068373,0.0251504948821153,0.03999746086803479,turnover_total,1142
0.02842044288543182,0.007477795643970353,0.014792477744044569,0.02799991247651148,0.04239541361520087,turnover_total,1143
0.031988469851123566,0.007941514598386329,0.018453857682526977,0.031791314777017285,0.04830500959223165,turnover_total,1144
0.03144559292280239,0.0075853256246203905,0.016226623860925313,0.030595612144184492,0.047320997019130666,turnover_total,1145
0.05879203262490013,0.015033095395774337,0.030796991090982325,0.05818483197869163,0.08878084820957495,turnover_total,1161
0.054891537910892324,0.015830890478906803,0.027272511916167922,0.05396396897253061,0.08832112884320054,turnover_total,1162
0.05743302618489718,0.015056317934149117,0.028443513900125034,0.05674703298332391,0.08753000413745331,turnover_total,1163
0.06052535505682496,0.013810911077732694,0.03520437592744686,0.06022928552715087,0.08968199019662122,turnover_total,1164
0.0529460340479408,0.013279088382741003,0.030664216138522,0.05261436731950844,0.0793243185376838,turnover_total,1165
0.05170109663140545,0.014202147750321047,0.026651616229971007,0.05172475058895363,0.07951019053758779,turnover_total,1166
0.049585504304648455,0.01329861784942491,0.026401543096715736,0.048297018925874013,0.08031288617379015,turnover_total,1167
0.05392221011066571,0.01380753380101509,0.02974446205094037,0.053663609711666393,0.0825902676407463,turnover_total,1168
0.05583297103222006,0.013019009599510283,0.03112904980089051,0.05597979800773745,0.08175492346860232,turnover_total,1169
0.056917822426036796,0.013656415702311697,0.03399074920806824,0.05639381794414934,0.08433495237431421,turnover_total,1170
0.059109294321317604,0.013892305694811896,0.03496230825034124,0.05809543116811701,0.08918703008133455,turnover_total,1171
0.05833698097349248,0.012864218149711152,0.03531521463254412,0.05801531977103206,0.08543990910110337,turnover_total,1172
0.05588797370341957,0.013632553168023578,0.031240662483247313,0.054738103465065094,0.08553699435978704,turnover_total,1173
0.05943114251499268,0.013307393206852406,0.03397501723469561,0.05884472625508081,0.08777398266091455,turnover_total,1175
0.06214432896748442,0.010449862334154679,0.04129085238094427,0.061933938894668125,0.08364740715372662,turnover_total,1196
0.04914653897857598,0.009532663325653643,0.033197129574236844,0.04882085707936748,0.069013659850485215,turnover_total,1197
0.039250900244590735,0.007998890065083248,0.023110740787449575,0.03885107976963599,0.053536707355614485,turnover_total,1198
0.036706715780954934,0.008082692794136932,0.022549047208942297,0.03624525282473966,0.052836793726080564,turnover_total,1199
0.032555448843483166,0.007020356380493504,0.020134279279826847,0.03198517041056623,0.04701357358970139,turnover_total,1200
0.0304176023648848,0.008534536517605775,0.01641452994357624,0.02936759522906706,0.04877004306344532,turnover_total,1201
0.03174106628073668,0.008817597371533288,0.015012861683564995,0.031771858428700464,0.05103468201813686,turnover_total,1202
0.02685815020447304,0.007488689509806143,0.013969586765364007,0.02597466686925319,0.043062434869749755,turnover_total,1203
0.030360117157223164,0.009348015936721908,0.015288379351594456,0.029861907110549115,0.04980935478927403,turnover_total,1204
0.02844948071259189,0.008350155478669593,0.014904939088040553,0.027796337431964593,0.04506151529498408,turnover_total,1205
0.031180680489566768,0.00843107003205589,0.01646106501199074,0.030803689054935315,0.04896652595823265,turnover_total,1206
0.03022209896084358,0.008582459883484037,0.014740992538944486,0.029079673008211862,0.049645472814645285,turnover_total,1207
0.02738507009117857,0.008223238869075446,0.012146203776553897,0.02647397502558807,0.04412005260451748,turnover_total,1208
0.02867806598057446,0.008241268425608557,0.015061405063058012,0.02829641937125912,0.04590759210041894,turnover_total,1209
0.028070986073756563,0.008138363601326352,0.012803137517751233,0.027774285530150246,0.04460170430438234,turnover_total,1210
0.024149335277538188,0.007543094369009083,0.011043648668456287,0.023855151588344246,0.04000426501193386,turnover_total,1211
0.023841862834887834,0.007198041640027617,0.012014932155657963,0.022543445844802577,0.03938204467843767,turnover_total,1212
0.024092283258506392,0.0076301186746254674,0.00936688821663722,0.023218200844127214,0.039368363858099255,turnover_total,1213
0.023721803351299836,0.00737437006653108,0.01142650664059178,0.02306141434895243,0.039669790044282616,turnover_total,1214
0.025641348688668738,0.007998812126384532,0.011345418984962842,0.024924746164188404,0.042394426136110386,turnover_total,1215
0.027857232928286402,0.008146410099290803,0.013370440819801271,0.027089070852905087,0.0442992656831132,turnover_total,1216
0.07519755545528696,0.015253490690702875,0.04554142949348285,0.07593270453779533,0.10598944727079421,turnover_total,1234
0.07477424552122783,0.015715654927891547,0.043873948234863736,0.07418243804541827,0.10968002730877423,turnover_total,1235
0.0755708458849639,0.014552539964503515,0.05107098373808102,0.07434869337482383,0.10679564163826509,turnover_total,1236
0.07196369482119648,0.01464349285834575,0.045464336244942075,0.07109621709123617,0.10180666683406409,turnover_total,1237
0.07609964113172353,0.014585331947571457,0.05038474957853416,0.07518920836237478,0.11014111079788655,turnover_total,1238
0.07100527801353466,0.013626565730593142,0.045521762295021855,0.07134286673160069,0.09941037434043729,turnover_total,1239
0.07374775406979535,0.01450707515128532,0.049234893621971296,0.07318219131805462,0.10366371653441496,turnover_total,1240
0.06476211574802469,0.0127407238622585,0.04021893893919151,0.06403478071846377,0.09006439922853822,turnover_total,1241
0.05508397515580169,0.013843494826986835,0.031180756932807658,0.054200929703372515,0.08595983408901635,turnover_total,1242
0.06766018030840668,0.013145703280706132,0.04254898652710444,0.06777415922331548,0.09351396384926397,turnover_total,1243
0.07283221269017114,0.014675532583067124,0.04474219547519326,0.07311031744202892,0.10286684039477802,turnover_total,1244
0.07856779546727992,0.015381659776821892,0.051384315075723004,0.07799813273256913,0.11002386083143917,turnover_total,1246
0.07973941787054684,0.015496771948880845,0.05128555835533404,0.07841973100666581,0.11488248235734047,turnover_total,1247
0.07235783077522744,0.013336870797497123,0.04837947782048888,0.07198739492428799,0.10183674873827794,turnover_total,1248
0.07185553210810858,0.012793733141043885,0.049313915982170525,0.07159461762708402,0.09773710616959566,turnover_total,1249
0.04701022514846393,0.011721588131265871,0.02544397375947147,0.04703890524631828,0.07025352029055089,turnover_total,1268
0.043108123404938276,0.010272006737856535,0.023978624932902107,0.042770860151906495,0.06499537107688903,turnover_total,1269
0.04414912182061801,0.010490500507046899,0.024365741724379428,0.04416141855496018,0.06445725231490546,turnover_total,1270
0.03909969209356685,0.009450810074346503,0.023439967516472152,0.03865354901775718,0.06016040924310051,turnover_total,1271
0.03957704910517898,0.009757157844943224,0.022573561028679492,0.038354712961315436,0.061133258747255136,turnover_total,1272
0.0324258156767331,0.008840973913055751,0.01622951135999981,0.03205324932421306,0.051387777291095824,turnover_total,1273
0.029613517499372976,0.008344867460053931,0.015727090052920206,0.029346354055884476,0.04765266945195086,turnover_total,1274
0.030195616224368352,0.00851946806622872,0.01357443584006084,0.029214492530070753,0.04765463572054751,turnover_total,1275
0.030881563991439855,0.00879369532556133,0.015393276767564043,0.03044395852300333,0.04961182022379731,turnover_total,1276
0.029901344907517773,0.008228499131203411,0.015013845426489147,0.029542543398575226,0.04657915773777778,turnover_total,1277
0.025888749106077236,0.007529910087528952,0.012287216827084684,0.02522992059799908,0.04199211830303852,turnover_total,1279
0.02520665784024395,0.007492403789638961,0.010383346079930413,0.02477175864369999,0.04067495107002691,turnover_total,1280
0.022866033052791387,0.007253067063799503,0.01013044465009695,0.02228092194648012,0.03868851644272903,turnover_total,1281
0.02297813841387727,0.0074584480776270935,0.010049397737064926,0.021932379187535912,0.03922335225732115,turnover_total,1282
0.026858401499383566,0.007564376233023991,0.013579844029516995,0.026601205051356214,0.04302038203869382,turnover_total,1283
0.028913855104636337,0.007954858135397874,0.01360915586911391,0.028647995069936653,0.04539969329596012,turnover_total,1284
0.032500405321427527,0.008279684530976798,0.01733400379623017,0.03229687539747435,0.049168738728342334,turnover_total,1286
0.032550002640207604,0.00862791523544572,0.018240846134281386,0.03213202679773634,0.049836941029269444,turnover_total,1287
0.031209226801322557,0.007353741464699874,0.018189384018229098,0.030552338573899815,0.04800376857360275,turnover_total,1288
0.031002523184695416,0.007334832610240778,0.017990414974982744,0.03079176063922548,0.0469401503138923,turnover_total,1289
0.07404074368484524,0.0169206825502598,0.04005359517993956,0.0743610918262139,0.10808138263635707,turnover_total,1305
0.07464025206917035,0.016961131795612414,0.04520182966458542,0.07411478842086783,0.10716518416141688,turnover_total,1306
0.07019925332386934,0.015825924262670602,0.04243533069164037,0.0696253821757006,0.10487608856407014,turnover_total,1307
0.072579404130516,0.01593115486430435,0.04587103798841604,0.0708109785151898,0.10685959715451677,turnover_total,1308
0.07643536624648084,0.01767418686093855,0.046361535552119054,0.07504395471683988,0.11314878382469336,turnover_total,1309
0.04920872052260308,0.014583087985129875,0.02433256280905636,0.04891221741067148,0.07965037064285385,turnover_total,1312
0.0473107936667429,0.013380821897702424,0.024639905876701652,0.047286427108435045,0.07424038282407702,turnover_total,1313
0.04881231620058432,0.011501888976768248,0.029193626191846126,0.04874549069176262,0.07315420887903233,turnover_total,1314
0.04761392320914087,0.012276100434416307,0.025255691807313643,0.04694904453301971,0.07052764416078174,turnover_total,1315
0.048771116513263525,0.012846748893421182,0.025203127197807058,0.04733258646648196,0.07897189665324776,turnover_total,1316
0.05212788933582504,0.012667628958006744,0.028812801222394862,0.05079950606317736,0.07870558974839793,turnover_total,1319
0.05313579711551687,0.012654801107698876,0.03188275985646427,0.0519311471077451,0.07915340728365265,turnover_total,1320
0.053862607707146466,0.013416193240216407,0.029749774020960434,0.05281952433356779,0.08281488609425283,turnover_total,1321
0.054754687948997,0.014405371772270076,0.030164398674494025,0.05303743042595168,0.08216944469798879,turnover_total,1322
0.048973467008616454,0.013000876913130718,0.026223628259147157,0.04911852783351582,0.07289150721002566,turnover_total,1328
0.056519690951493486,0.012152082132358268,0.034756237097799965,0.0559887081002952,0.07918717746349577,turnover_total,1339
0.05632823133123505,0.012259751844833877,0.03495448403972335,0.05609990205074579,0.0811847398243632,turnover_total,1340
0.05576432228004882,0.012770326525992654,0.03323720355220151,0.05499846859830711,0.08212649140977281,turnover_total,1341
0.0465871493047538,0.008893993499933172,0.03078937653986274,0.046184887104986416,0.06430796580654749,turnover_total,1344
0.04329007581867553,0.00905790466844458,0.02698374051397205,0.04284969801114236,0.06127961371707152,turnover_total,1345
0.04336579730140762,0.009574854458967262,0.025695562198156777,0.04284745808779336,0.06508856822554536,turnover_total,1346
0.034335802376285016,0.008684342313265031,0.018642447850134823,0.03351474997524406,0.05347124468277917,turnover_total,1348
0.02916667960725454,0.008192637708634836,0.014380618601658774,0.028806014321646818,0.045720331311051285,turnover_total,1349
0.02645337229079126,0.007483786182530369,0.013613051974272447,0.0256792502356967,0.042526019943963045,turnover_total,1351
0.02665109013672915,0.007809805762161562,0.011523781561949501,0.02580012889858586,0.043082865431182435,turnover_total,1352
0.029955524001183016,0.007728841138957734,0.015078907883306942,0.0297644890483319,0.04621078694978008,turnover_total,1353
0.02991034341487284,0.007548635737417722,0.01651111003963171,0.029608249608176263,0.04476898416149941,turnover_total,1354
0.02655151890989713,0.00744698072765454,0.012799916249911192,0.026998222446496318,0.04187612311414207,turnover_total,1355
0.03605635000490112,0.009655111811320321,0.01971225176117253,0.03605280626938025,0.055722489757003946,turnover_total,1357
0.031241038445135583,0.008340780924139205,0.01639816876297176,0.030823474570782237,0.04954687794815044,turnover_total,1358
0.02848916842205141,0.0077510461478275516,0.013783121420020401,0.028543986300777487,0.043025859989810594,turnover_total,1359
0.024515939522317627,0.007454074029790607,0.01265619829437096,0.02365909339218316,0.040749853600567515,turnover_total,1360
0.027135808485209308,0.008251951587055485,0.012840642642716928,0.026748796106478883,0.04458644265761727,turnover_total,1361
0.06752314023952685,0.01662128473031244,0.036087970169391775,0.06682731748061856,0.09982044793280964,turnover_total,1377
0.07429326877374061,0.01661926206869076,0.04388093391091142,0.07345992608422264,0.10869196338048788,turnover_total,1379
0.07189470350021866,0.014739917605983954,0.04548253881243987,0.07129454911352831,0.10076092606330704,turnover_total,1380
0.07645614299766722,0.014971123270402982,0.04991821364924536,0.07547277511453392,0.10779444613216542,turnover_total,1381
0.05478633361406561,0.015081352862809276,0.026170463713767605,0.05452920086920919,0.0847995550475005,turnover_total,1382
0.05707509792609975,0.012975353352439366,0.03470016680191985,0.056362093945401856,0.08566080875750452,turnover_total,1383
0.07841219851918955,0.017127737933216924,0.047543677773364976,0.07791680735000313,0.11376312235013097,turnover_total,1384
0.07071702705807476,0.017603845501223195,0.03817609254811406,0.06898373086309892,0.10601857977739401,turnover_total,1385
0.07833430279581469,0.017958095233483226,0.04668271116800529,0.0774967870552766,0.11661770199876124,turnover_total,1386
0.05627580116576716,0.01383479258446292,0.030875774722584865,0.05574994436924182,0.085900858326953,turnover_total,1393
0.059490265328537115,0.013468937793419249,0.03310409310958747,0.05905922382658149,0.08509099504241655,turnover_total,1400
0.04244440512322793,0.011088857592230992,0.022020090433252277,0.04254020573518457,0.06480296196958586,turnover_total,1410
0.03555978475687684,0.009811775157131143,0.01818315503326565,0.03524813203289129,0.05742432267471945,turnover_total,1412
0.03505199921076561,0.009314235940341935,0.019542854245128187,0.03506622574102981,0.05584504114084136,turnover_total,1413
0.033340515664548896,0.008468033060411552,0.017168042042865664,0.033384338632666544,0.05134990360933812,turnover_total,1414
0.027429528290184343,0.007840565013573204,0.012100197307932397,0.02683894961588483,0.04374055911066549,turnover_total,1415
0.02918173644731205,0.00828828299259364,0.013687078275983196,0.029037695184363034,0.046048700333101746,turnover_total,1416
0.03630672889210086,0.008612965628314527,0.021561218470716695,0.03585091693591606,0.053676217918642986,turnover_total,1417
0.032474312222741324,0.008490609844886142,0.017977778408352213,0.031996699452641025,0.050582744782260464,turnover_total,1418
0.0339295809084821,0.00854832986516233,0.01800355968871231,0.03332619988837404,0.05236578018222651,turnover_total,1419
0.02988641977460372,0.008789067896873313,0.015004606918465451,0.029569479773230756,0.047918370391106,turnover_total,1420
0.026867362305610633,0.008411539160708708,0.013573572807631672,0.025878523596303507,0.04405894408391105,turnover_total,1421
0.025548584807706477,0.008358337315710965,0.011653009637976157,0.02468846311608509,0.04385012014154459,turnover_total,1422
0.02812887819583258,0.008083076143506526,0.01337170108900402,0.02675085156077832,0.04468392810305953,turnover_total,1423
0.029237731824136314,0.008159933633109368,0.015346857168318326,0.0284397267604131,0.04554462467972114,turnover_total,1424
0.031070002090702247,0.0078238836179965,0.016693116029327815,0.030885704436382732,0.04731899136650259,turnover_total,1425
0.03000219512365275,0.007524321008985596,0.016321306444973094,0.02925973584711682,0.04416487446708662,turnover_total,1426
0.026969041718416097,0.007002152961583915,0.014652333988441572,0.027063446527826752,0.041907169277662304,turnover_total,1427
0.03447859393598884,0.007693198525175006,0.021548390106597613,0.03401660464508362,0.05075484718593255,turnover_total,1428
0.046135574622006584,0.00961778609304459,0.02904303176203887,0.045212253802074234,0.06726575607779019,turnover_total,1429
0.045530470528165314,0.009677769394200512,0.028116860025094816,0.045525653163265296,0.06488109817126379,turnover_total,1430
0.07860769079422486,0.01797346080314178,0.04513208197793086,0.077968323074377,0.11569108886619554,turnover_total,1448
0.06217156673663052,0.014176276502654489,0.03745218122572673,0.06140085731305816,0.09428831744801673,turnover_total,1449
0.05719108905827377,0.01396746601899084,0.03249881792289363,0.056676758186696194,0.0842611488142154,turnover_total,1450
0.05448461467092618,0.013561934184579339,0.03168282467410782,0.05303732744645891,0.08258425105834423,turnover_total,1452
0.03732368629675127,0.012405172177844705,0.014546560674886437,0.03597286397347634,0.06383921734399116,turnover_total,1453
0.05290729151574827,0.01361757295440498,0.029182104418630145,0.05286748421564208,0.08034580683668312,turnover_total,1454
0.04967642029405768,0.013016405369308821,0.025686062358016248,0.04817419493766022,0.07624647760258019,turnover_total,1455
0.06472758773298785,0.01505247999705694,0.03668304851919856,0.06355966425902723,0.09876459455540218,turnover_total,1456
0.06657009378043256,0.014223918400556552,0.03996656180162825,0.06684224113964497,0.09588994749033827,turnover_total,1462
0.06899878132668114,0.013770936922817755,0.04406539752833043,0.06863488080960232,0.09746246816368902,turnover_total,1465
0.0696447062401728,0.013491943750365337,0.04569520508736946,0.06966166265851154,0.09634128221579333,turnover_total,1466
0.06571886124285599,0.012391319182660662,0.04283725601440567,0.06504558843735936,0.09197736432211352,turnover_total,1468
0.0686606966020201,0.01298422150754642,0.044089521923207926,0.06822466747204228,0.09492020202796961,turnover_total,1471
0.07491570272716358,0.013757930221574713,0.048654055369502965,0.07489985551284328,0.10179508772476334,turnover_total,1476
0.06932542238852603,0.012396019907052823,0.046009702870794054,0.06830588072374003,0.09486697926413168,turnover_total,1479
0.06446789062887283,0.013764820092339685,0.040604739279070594,0.06333080753583936,0.09412903742489266,turnover_total,1480
0.05720236735903632,0.01115208294580476,0.03831645745928426,0.056683798872459217,0.08024252193862257,turnover_total,1481
0.05101470307488891,0.010275492477687416,0.03283228580299412,0.050674652637064235,0.07343560970867909,turnover_total,1482
0.041529609492380035,0.01062888778128888,0.022546741822152255,0.041475163659708554,0.0626368558673363,turnover_total,1483
0.03862364982004958,0.01002895831894998,0.02160994474463376,0.03794157967971291,0.05875892963814049,turnover_total,1484
0.039888517488036936,0.009709596836572408,0.021665767607717615,0.039596912638314025,0.05993890486762219,turnover_total,1485
0.04138881714793086,0.010055440338215349,0.023890630023112567,0.040900665319622484,0.06158360822399134,turnover_total,1486
0.04349646544810478,0.009687918599277265,0.02465245222198193,0.04285233025482217,0.06280301875156746,turnover_total,1487
0.04085676593070249,0.008887238467593485,0.02493765029677288,0.040633709865402025,0.05778327447091671,turnover_total,1488
0.037376197532057044,0.009121252169649836,0.021332550449316066,0.036530446438487435,0.055553827773948045,turnover_total,1489
0.05310004508876036,0.011881351346573255,0.03141710408849195,0.052744473487371206,0.07512350628524411,turnover_total,1490
0.038049224974993204,0.008073259101060664,0.023801508995226605,0.037960330122566485,0.0530033546225224,turnover_total,1491
0.03066861652363481,0.00801722730418142,0.01593747111350494,0.03029099965712749,0.04587580693422092,turnover_total,1492
0.03377872964133213,0.008472242618279566,0.01881091740413773,0.03358472615139207,0.05208744785345828,turnover_total,1493
0.03307811297851187,0.00857173635547432,0.0181436326437633,0.03241605226029374,0.050663986293311904,turnover_total,1494
0.027789011028170458,0.007600178130133236,0.014193074002525794,0.02722157570807334,0.043549722544733105,turnover_total,1495
0.024796583627901936,0.006858642308846297,0.01223665133615562,0.024575541386718733,0.0381092579779433,turnover_total,1496
0.029859773242739043,0.007917249956103607,0.016267162267891783,0.02928800561483262,0.04981906717212212,turnover_total,1497
0.0246994364459235,0.006540671404435552,0.013854463375228816,0.02407833665371724,0.038216382054517016,turnover_total,1498
0.022353129236088797,0.006353198882344871,0.012386979155596178,0.02134045032981203,0.03688721529474036,turnover_total,1499
0.02244446985394412,0.006750156793144832,0.010700454367719289,0.021271952429706774,0.03680025143178652,turnover_total,1500
0.030729898174752024,0.007153577640808018,0.01705233029060854,0.03031901030914736,0.044066040390675694,turnover_total,1502
0.07450247234814031,0.01607340450564493,0.04489957715573164,0.07418147474493068,0.10885339763435735,turnover_total,1518
0.07495463396117025,0.016866437244054906,0.04385312405108066,0.075359270902597,0.10587548512106404,turnover_total,1520
0.08250931919507676,0.017229657714622846,0.05122471934514896,0.08162133160980574,0.11937263173802723,turnover_total,1521
0.08322883001369336,0.016153542331241316,0.05475124159133908,0.08258954195509552,0.11728501789384663,turnover_total,1522
0.08021192373710022,0.016336844706980606,0.052360354485277934,0.0793757972725597,0.11410756493398835,turnover_total,1523
0.08085665669274734,0.01188095584721155,0.059935809904429094,0.08034251679435442,0.10472023736928203,turnover_total,1528
0.08400416643242808,0.011827126212250613,0.061244911140018385,0.08347821022937468,0.10699302492122977,turnover_total,1529
0.06394475492254173,0.012628997527358292,0.04240871335954515,0.06335092436914636,0.09038895589862744,turnover_total,1533
0.06903416386845719,0.013395976001836929,0.044213281187451624,0.06817624009408106,0.09754539126411575,turnover_total,1536
0.06948998104796937,0.01295000726448541,0.0460453654427229,0.0691865819264097,0.09492165412972937,turnover_total,1537
0.07116577721014376,0.014526820974687016,0.042825262487673765,0.0707399843677507,0.10055128744036404,turnover_total,1538
0.08041701103430902,0.014966992590317309,0.055405577700995065,0.08053958687986534,0.10902712864696244,turnover_total,1539
0.0896364846963161,0.015386774627944163,0.05993800449996291,0.0897128650293865,0.11924288528306326,turnover_total,1540
0.0861098190886702,0.014151840702476003,0.05959509913661348,0.0856354327729737,0.11406562279344475,turnover_total,1542
0.0637620555158045,0.011947119870171309,0.042350883916875436,0.06283930093040122,0.08840318783324064,turnover_total,1550
0.054339993510959535,0.010470472535846603,0.03630859228509999,0.053829959208477496,0.0743917152909502,turnover_total,1551
0.05003043099174468,0.010051260990985456,0.03086795932856351,0.050187493517205,0.0698608693714104,turnover_total,1552
0.050251584275255445,0.009877233090549751,0.032751542929962116,0.04931769285767659,0.06871787252255586,turnover_total,1553
0.05292071268167758,0.009471067775794552,0.036544640926200925,0.05238168288768546,0.07203545074549597,turnover_total,1554
0.04883285301586602,0.01007059734125877,0.029620225707256632,0.048370803282538385,0.06865749636205488,turnover_total,1555
0.04084553529921268,0.006817512335587698,0.028293617872787658,0.04097622743084006,0.05582309918920179,turnover_total,1556
0.04219924799512361,0.007293153903004709,0.028243572697819668,0.04179172690090575,0.05678260059449195,turnover_total,1557
0.04613177458134249,0.008728809732582644,0.03109189519934937,0.045243141603163506,0.06373668075655167,turnover_total,1558
0.04521758595416446,0.008863526514587793,0.02957243531603276,0.044810028754614796,0.06455517715688984,turnover_total,1559
0.04518827095947795,0.007306708103990353,0.03199949603627976,0.0447317098754729,0.060297943578844125,turnover_total,1560
0.043930822522508836,0.007111879518349154,0.03166011673609457,0.04413880424398819,0.05691297001592939,turnover_total,1561
0.04056512589289191,0.0071330935394262945,0.027031922143013434,0.03985841760737855,0.055085975673353244,turnover_total,1562
0.03682017743523735,0.005945481420798279,0.02560389124051845,0.03647791331353925,0.048644033179904296,turnover_total,1563
0.03475265402033443,0.006187722199445268,0.023797525124501943,0.03452453667275539,0.04878331158965298,turnover_total,1564
0.03377889704192847,0.00570928475857996,0.023621771337199716,0.033346249887866025,0.04558152275719522,turnover_total,1565
0.024493190206484907,0.007434075541003296,0.012310676467093095,0.02426298210810537,0.0391616208669773,turnover_total,1566
0.017020368931823834,0.005650807549646093,0.00700583097302175,0.01586035549480244,0.029374256534792566,turnover_total,1567
0.020137573926045187,0.0060648935298432335,0.01028554201853155,0.020289978373098018,0.03274413798746757,turnover_total,1568
0.0229701248342892,0.006829311961046465,0.011684608977267686,0.02236784863922025,0.03705855427655202,turnover_total,1569
0.027111828194531763,0.00654549544005629,0.015091939764424411,0.02684249934283097,0.03973503404643269,turnover_total,1570
0.029585109445585945,0.006716559155856046,0.017814484936916147,0.029271444587767294,0.04402162651096433,turnover_total,1571
0.06860298203079036,0.015222108697738608,0.04139214118093904,0.0673438835009525,0.10063553821191944,turnover_total,1586
0.06709402697688936,0.015396326473441994,0.03989829136134296,0.06635959925801677,0.09737112783065899,turnover_total,1587
0.0681673486957677,0.014322733598932052,0.04118034773197817,0.06855744195517485,0.09464438079618533,turnover_total,1588
0.06830705870684983,0.01416551769674886,0.041226298073646875,0.06839788174675152,0.09512697859886488,turnover_total,1589
0.07346941697219812,0.015945090778487877,0.04137401868822653,0.0733406376155732,0.10548895658390682,turnover_total,1590
0.07078096937230427,0.015851761478891887,0.04172060023767038,0.07064432651152962,0.10243131517072171,turnover_total,1591
0.035898469552960235,0.013568948613211942,0.013289473684210528,0.03552625632849513,0.06484144612627583,turnover_total,1592
0.04434732105227336,0.014771687302700065,0.01848366384075202,0.043642995365199534,0.07632674523435512,turnover_total,1593
0.07788856995624838,0.01412627402091651,0.050812925014677796,0.07775731930323315,0.10872753968209604,turnover_total,1594
0.07720143007946495,0.014296168033819718,0.05025128686865653,0.07732987177757981,0.10468191612055412,turnover_total,1602
0.06412305549332403,0.013344607387172148,0.03841813487193635,0.0634553805567023,0.09023510577439853,turnover_total,1608
0.07678038419039834,0.011571510638583875,0.05550312650341283,0.07659809064340742,0.10026610007707308,turnover_total,1609
0.07536114460050347,0.012650788195461846,0.052922372024068444,0.0753128132818911,0.10039414171190855,turnover_total,1610
0.07540185030612848,0.012421021598110796,0.05344140618831177,0.07545996090713733,0.10129218779906161,turnover_total,1612
0.07728784757267577,0.013645217699883702,0.05143236774104275,0.07722276936051896,0.1054057232456655,turnover_total,1613
0.05532784989392204,0.013564832979364823,0.03257386934302257,0.05495930653690978,0.08186301780399509,turnover_total,1614
0.06499237701958543,0.013537722446492203,0.04126858723282981,0.06473942179600975,0.09316189244062502,turnover_total,1616
0.06874163826273813,0.012673699639553759,0.04630627217110798,0.06874178642010906,0.09388569307283946,turnover_total,1617
0.070980577068373,0.01270088346530171,0.05001576581539817,0.06913854849865277,0.09855692217840967,turnover_total,1618
0.05970934010233705,0.010731342740418363,0.0417080604234883,0.05903170957518783,0.08368647097677377,turnover_total,1619
0.05745330684512007,0.010377344538126904,0.03776996975536702,0.05701996635655443,0.07670103628210928,turnover_total,1620
0.05012086191079103,0.010020686427735574,0.03259614425766014,0.04936955154823637,0.07154547571942774,turnover_total,1621
0.04736676774521778,0.009624095144495286,0.030170978434300232,0.04673881888776465,0.06854171375589405,turnover_total,1622
0.047450649814429674,0.009199312366840356,0.03082216888484369,0.047283932536802534,0.0651605191713911,turnover_total,1623
0.047963705486773464,0.00998921072408367,0.02898431539470207,0.0475579746395475,0.06971849990580399,turnover_total,1624
0.052256299326865215,0.011738596054428624,0.03178231570309295,0.051553738237328395,0.07525299135289193,turnover_total,1625
0.04466146892666502,0.009326828311522173,0.028272404297163815,0.04401728433460148,0.06409678921750259,turnover_total,1626
0.05177884915204492,0.013446573364694757,0.02788465680290022,0.05155201344386333,0.07905134385190245,turnover_total,1627
0.04631395407963218,0.007161269047476242,0.03384572731102946,0.04610103776912411,0.06114601949219399,turnover_total,1629
0.047083543736838304,0.007750413786448817,0.033045288309597465,0.046052130819115036,0.06398764902399466,turnover_total,1630
0.04639182699772288,0.007787483278474345,0.03162345867659766,0.045844059972239455,0.06270407039533546,turnover_total,1631
0.02352672534281065,0.0064668352860488484,0.012286785612536955,0.02256734935198846,0.03765417169896849,turnover_total,1632
0.02376872683164119,0.006544810905223891,0.01177808770251939,0.023202539002797864,0.03927213178421455,turnover_total,1633
0.023533848409281737,0.006037415676707587,0.012998817925148577,0.022906795493764745,0.036338536955873205,turnover_total,1634
0.022234297830569884,0.005761334172828793,0.011587046647531447,0.02157298102505113,0.03504031391503102,turnover_total,1635
0.025347742397756095,0.006151262881898522,0.01462495741606666,0.02451999832703354,0.03869249657902615,turnover_total,1636
0.024823215652493964,0.006439097800868811,0.012978433191765233,0.02494967496739144,0.03786332613706477,turnover_total,1637
0.027030254997061152,0.007482204953555475,0.013960826192300721,0.02618487603914593,0.04282218568823281,turnover_total,1639
0.026599949321947598,0.0065008341497365,0.014660457343290832,0.026572620703037,0.0393928178700809,turnover_total,1640
0.03034937286078236,0.006393861795718132,0.017957145238752553,0.03060371932315739,0.04311765775618141,turnover_total,1641
0.03031716798652544,0.0070259154505627275,0.016548401618309956,0.030719448533590654,0.043147183196227186,turnover_total,1642
0.058314234884495976,0.016549800973767747,0.031195655937866315,0.05685573999912688,0.09189062571102821,turnover_total,1658
0.07667790814760174,0.012069455179351733,0.05401631160381605,0.07600612748370901,0.10031243923424642,turnover_total,1659
0.05622840845417487,0.012934621498369412,0.03377698887169163,0.054815690252848465,0.08235417426328012,turnover_total,1660
0.058102889808107024,0.012783456092923832,0.034752931851399244,0.05731783498686517,0.08398680118277209,turnover_total,1661
0.05828754877865384,0.012538871566964059,0.03463902159727614,0.05731057498612265,0.08403253084637322,turnover_total,1662
0.06631350323095808,0.014323233505151287,0.0384453758397804,0.06565008382442594,0.09448138937581964,turnover_total,1666
0.07682871084398805,0.013230830491914362,0.05157345962665282,0.0769581220883259,0.10078279901310919,turnover_total,1669
0.08502800207998187,0.01525276424654954,0.058412304893502895,0.08505722540650099,0.11613584922140226,turnover_total,1672
0.08646081654449875,0.0146746502969851,0.06146829222788502,0.0851578933703358,0.11733411631028452,turnover_total,1674
0.09343846168874442,0.017091580388189576,0.0620872873648548,0.09269336761671793,0.1294983105464353,turnover_total,1675
0.08610554238798622,0.01814131903693741,0.055522611414661735,0.08607254112798404,0.12520373165802243,turnover_total,1676
0.0842008160480041,0.013302405343817717,0.05786247816436615,0.0838792969953654,0.1102982931732813,turnover_total,1678
0.08858663361677718,0.015532693293527623,0.062369460153382426,0.0882395265621751,0.12122774522394716,turnover_total,1679
0.08670387538196016,0.014352563740180933,0.06137423826161492,0.08488603425408828,0.11520519132230987,turnover_total,1680
0.09030679234098053,0.016829316989355612,0.061912137744912346,0.0891982154351267,0.12760599447739387,turnover_total,1681
0.06022855317948981,0.012589625255394792,0.03746175453878617,0.05908737218178459,0.0863541794174427,turnover_total,1684
0.0707794044253041,0.00974956106105738,0.052257252706913934,0.07050606172039328,0.090947148236884,turnover_total,1685
0.05000753564060875,0.009485024935806332,0.03213549656104625,0.049419994194969105,0.06915275158378002,turnover_total,1686
0.051603325604156175,0.009747958612228224,0.03445040584501656,0.05131511043639398,0.07198330380985861,turnover_total,1687
0.04895989984046672,0.009619356232791415,0.030915149710188772,0.048991570078056365,0.0682764710022738,turnover_total,1688
0.04563339928460848,0.009095505738250971,0.028865464953877127,0.045090033116963336,0.06357645095285934,turnover_total,1689
0.05331436221279572,0.00858441372458853,0.03715888153807181,0.05338445464505074,0.06956279359259925,turnover_total,1692
0.05584956224569323,0.009921923838155596,0.036928572058064886,0.056118906724047554,0.07694668728169361,turnover_total,1693
0.05701177531975351,0.01044602918277978,0.038574320364385975,0.057187197852340124,0.07724875505235186,turnover_total,1694
0.0659509789815304,0.011535582143842144,0.04393172497801798,0.06599127629016055,0.090343097807909,turnover_total,1695
0.06196808367052008,0.010529689733979249,0.04436183689367832,0.061583251190351226,0.08411760999526662,turnover_total,1696
0.05289417924502433,0.009971968881827765,0.03564701792435434,0.05189195569401506,0.07446618976934069,turnover_total,1697
0.05194002056283524,0.008918639662128348,0.03512376155004545,0.05170366901313293,0.06969608504391926,turnover_total,1698
0.04902435167444024,0.008996736272463819,0.03298508487650602,0.04876717281168702,0.0674393519365502,turnover_total,1699
0.045482590425294324,0.008841024532764969,0.02912674858954272,0.045543761024968404,0.06369551147550398,turnover_total,1700
0.06267902166463947,0.01257923876769997,0.036635743237482143,0.062473586399672335,0.08699140936356772,turnover_total,1701
0.049689358037421645,0.010875788649600584,0.0292509880011238,0.04963470539942118,0.07107569987757473,turnover_total,1702
0.037010909872310024,0.009394595300295601,0.021302570191023894,0.036130473144791474,0.0577159319232104,turnover_total,1703
0.048704690981995036,0.011247349224090465,0.028094286265264664,0.04797220089337294,0.07261537538270313,turnover_total,1704
0.045394444488847364,0.011241043373892522,0.02613985934280358,0.04547251712630096,0.06660579267793923,turnover_total,1705
0.02872286685068903,0.008248689838883832,0.01417245484836226,0.028387230171062802,0.047015825355517515,turnover_total,1706
0.03166401528530948,0.0056866745026191564,0.021631384884635663,0.03109192087547956,0.043133655779682874,turnover_total,1707
0.027415584575708907,0.006888187842792265,0.01429194072580816,0.02735894228306366,0.04103430411611304,turnover_total,1708
0.028631311240559204,0.006760455813827998,0.01671557326279131,0.02850672582831181,0.0438077297524509,turnover_total,1710
0.027836277799798782,0.007438140800269743,0.01399970988079851,0.027619907478534912,0.04176500281323963,turnover_total,1711
0.029453339326489938,0.007876441601490923,0.015335542259005628,0.029253584152391262,0.0450750086532422,turnover_total,1712
0.07675458277718059,0.012169849885701533,0.05406868223317496,0.0757575829205206,0.10123526954007678,turnover_total,1731
0.06409257265440214,0.016068567292734263,0.03685358466035809,0.06280753172293635,0.0961254549168152,turnover_total,1732
0.05948911420855388,0.013226724434233396,0.03669803509944674,0.05856003865607833,0.08715725691589118,turnover_total,1733
0.06549647682625491,0.013592893386377234,0.041042240586562896,0.06539681757548177,0.09282882559050319,turnover_total,1734
0.07203384644905404,0.013302508098345713,0.04781833691448229,0.07065975033506786,0.09919953587429431,turnover_total,1738
0.0757525593616842,0.01210250679513125,0.04991997693804489,0.07642889811426964,0.0986921877020793,turnover_total,1739
0.0838935740355525,0.011152244855959023,0.06441720910314777,0.08312686498901914,0.1084099409187864,turnover_total,1743
0.08627418916533121,0.011637784995823486,0.06555686662070984,0.08657713073068883,0.10952269686944548,turnover_total,1748
0.08531781655003023,0.011638268237221784,0.06423167401711972,0.0849195691678627,0.10705556645039094,turnover_total,1749
0.08328862567435918,0.010826852661180268,0.06333099197816074,0.08248947221942524,0.10640476841486365,turnover_total,1753
0.0797584344733362,0.01086646635168131,0.05854583966037324,0.07984159391874959,0.09985385935585571,turnover_total,1755
0.07666354648698256,0.010339693171653263,0.05793996922246445,0.07638499494410995,0.09708893689131282,turnover_total,1756
0.07208070853890389,0.009880083275078066,0.05375360419984309,0.0715325702585986,0.09111642459600841,turnover_total,1757
0.06999317149686964,0.009329058774575315,0.0522606453634592,0.06998017742659829,0.08870515020939446,turnover_total,1758
0.07036345508171393,0.009029544029259599,0.05458705895803702,0.07016470335962853,0.08877289136085607,turnover_total,1759
0.07101721383417114,0.008979426943269734,0.05475436271422614,0.07080189466143477,0.08950192686445384,turnover_total,1760
0.068372323946642,0.00839839309289896,0.05386841974034102,0.06773183492676345,0.08608632605747285,turnover_total,1761
0.06530574796039323,0.008119410757936926,0.05124072642259203,0.0649541096999009,0.08117806804697883,turnover_total,1762
0.06472136907350717,0.007149309760664907,0.05107013163488772,0.06485109627074853,0.07878255694032012,turnover_total,1764
0.06450786162869848,0.007396068310027336,0.051280906772208146,0.06488035270918058,0.07972397940516969,turnover_total,1765
0.062030755694601224,0.007137969000696786,0.048414901448056054,0.062154163010550253,0.07566120021790856,turnover_total,1766
0.06005845942952512,0.007228206352601037,0.04730288267381584,0.05973727701242458,0.07391857706954218,turnover_total,1767
0.057934288088741494,0.006978848932267455,0.04504228177828568,0.0578664875764377,0.07225215718490503,turnover_total,1769
0.05606641129179208,0.007070963570905258,0.042698200352309465,0.055750611235787145,0.07040063318180836,turnover_total,1770
0.047392683164231134,0.006907212142576489,0.034032268768341326,0.047530529332108495,0.06028512768566164,turnover_total,1772
0.04595884365548233,0.006995476303267696,0.0335684768743983,0.04594172437137288,0.05990820841549059,turnover_total,1773
0.04680010547008602,0.007313834222703826,0.03234450919773299,0.04643277654885559,0.06136198583036594,turnover_total,1774
0.04384260939294029,0.007246174366132629,0.030550702556458736,0.04391177839897409,0.06023904119878421,turnover_total,1775
0.038223802197058766,0.006402821096956877,0.02618800190809947,0.038064256171549266,0.05167504023956271,turnover_total,1776
0.03332359333144176,0.0059059330613220745,0.022989714070550164,0.03327018459479173,0.04565772218979987,turnover_total,1777
0.0318948484120094,0.005663256962219172,0.021528616135371107,0.03199802697789142,0.04269013472617808,turnover_total,1778
0.031799897677929574,0.005649985129152502,0.02137321701293183,0.031734608956248814,0.04394017199640068,turnover_total,1779
0.03926867716087771,0.006119783668029619,0.027731354840038202,0.039184041672480074,0.052401136131506175,turnover_total,1782
0.038866260218844505,0.006217037376362293,0.02755985938404076,0.038470465027811006,0.05206408834456286,turnover_total,1783
0.07827635401974427,0.012689183930324383,0.055441775834590916,0.07718120575286154,0.10420613279813948,turnover_total,1803
0.07790858123981362,0.012643922456711169,0.054787925381385,0.07694354471489345,0.10361509726741447,turnover_total,1804
0.0772034758795692,0.012545017521373799,0.05330136337240619,0.07713795743217855,0.1008138394153321,turnover_total,1805
0.07642699570761252,0.01219291416755748,0.05320172490812579,0.07607684202371003,0.100602700311926,turnover_total,1806
0.07612038986271122,0.012152016168509824,0.05457276690206708,0.07573651166617823,0.09960049288317943,turnover_total,1807
0.07436420325265815,0.012473030842907525,0.0513639240646429,0.0738524627091818,0.10133467385076758,turnover_total,1809
0.08575765465740812,0.011413703655813522,0.0662101991162081,0.0850567215977204,0.10961858524519162,turnover_total,1815
0.08563711478135307,0.011281372499370446,0.06643621540112403,0.08468317784074617,0.10904880819819372,turnover_total,1816
0.08839077061793144,0.011711589568156044,0.06756291487589688,0.08820020156411204,0.11191909179864139,turnover_total,1819
0.08783190427813055,0.010635609230541498,0.067789490996798,0.08796617861073802,0.10941485834158393,turnover_total,1820
0.08854708543191694,0.011468016119045462,0.06780916851122544,0.08870750193050551,0.1113912795081944,turnover_total,1821
0.09027542058962762,0.011920541929083872,0.06853931137016352,0.0895761614282853,0.11476615212716441,turnover_total,1823
0.09032900975637895,0.010927092142029787,0.07095902453174388,0.08950616085693944,0.11124040632055679,turnover_total,1824
0.08878969087532584,0.011203742690370949,0.06810794628638521,0.08786973737065013,0.11098046384379073,turnover_total,1825
0.08650119098666706,0.010752587147978847,0.06770063814556417,0.08609991848735883,0.10891529172715289,turnover_total,1826
0.07643048519052197,0.009765966080044495,0.05959469044808819,0.07610815671803403,0.09628988069401336,turnover_total,1828
0.0751813529423762,0.009792010259380035,0.05766003206209785,0.07513208047089277,0.0946483140076737,turnover_total,1829
0.07660439678922897,0.009111873281465822,0.058976937566559855,0.07657855620062476,0.09511421015908801,turnover_total,1830
0.07824042828584084,0.008823453556577546,0.06323534087379017,0.07773902856620435,0.09735552837280921,turnover_total,1831
0.07658943732778882,0.009081474150654193,0.06005859462165615,0.0759968650407547,0.09584401883639093,turnover_total,1832
0.07175189634442927,0.008096130499816787,0.05609716108958554,0.07122308256795742,0.08840060541107836,turnover_total,1833
0.06835320418461334,0.007170833428665314,0.055387748942754014,0.06826209988687071,0.08271164753895188,turnover_total,1834
0.06817390302382653,0.007168105837766626,0.05506296317083748,0.06781309909080077,0.08257207784464804,turnover_total,1835
0.06855276730152474,0.007657409676030791,0.05511616015359027,0.0683373299964703,0.08413320968732665,turnover_total,1836
0.06784868514801298,0.0075773775743277535,0.05497692866638468,0.06768693149736968,0.08292467246440077,turnover_total,1837
0.06523916904613877,0.00745442616727521,0.05121159684743575,0.06495510671036048,0.08104896851050858,turnover_total,1838
0.06283857388913403,0.007570039213540511,0.04841182273217483,0.06236450876634811,0.07765909958926434,turnover_total,1839
0.059960892631049444,0.00703165816881958,0.04587515269928585,0.05989096872936306,0.07335753842382767,turnover_total,1840
0.058858287224160054,0.007540269744672361,0.045264501880436445,0.05880510830855507,0.07516153702794552,turnover_total,1841
0.05357196634100169,0.007243592772173662,0.040273810022750094,0.05304769993251743,0.06936600955905485,turnover_total,1842
0.04815143447640934,0.007107268510761302,0.033822249485377064,0.04787463275923384,0.06277312471395077,turnover_total,1843
0.045441911440889854,0.007054210473362494,0.03313868957865764,0.0454525474030711,0.05892168728119566,turnover_total,1844
0.045552702111548674,0.007067894306930017,0.03195881880653876,0.04540915746611761,0.060746007686376724,turnover_total,1845
0.04442352307963832,0.006844591381832136,0.031211450182906858,0.04460857018850913,0.05789414828032558,turnover_total,1846
0.040800019695042454,0.006209666012418795,0.03004202927607073,0.04047478940241121,0.053953229651366036,turnover_total,1847
0.03594043287884228,0.005630183403329088,0.025804513317867834,0.034938375391379506,0.04806938792502812,turnover_total,1848
0.03253177264224748,0.005467553529715548,0.022785199506598762,0.03189657179410796,0.04490305099171129,turnover_total,1849
0.032387902916911876,0.005552229978494406,0.022502588901795885,0.03191236471152112,0.04316546934729494,turnover_total,1850
0.03480867338853159,0.005786953768440618,0.024160409345118553,0.03454372515337156,0.04630199966002663,turnover_total,1851
0.03768602102923237,0.0059801047518226,0.025849188478199135,0.037492376388085634,0.04978092705070234,turnover_total,1852
0.04086014825532703,0.006199720979300685,0.029488152568840735,0.04050057158668999,0.05341094113570195,turnover_total,1853
0.04017933491247978,0.006377614815225597,0.028585085640572543,0.04025222998023057,0.05238486608770476,turnover_total,1854
0.036642562452382475,0.006383962333477912,0.024215415702057444,0.03631521005535655,0.04775071326376342,turnover_total,1855
0.03442257651743427,0.005864275666193793,0.021243383421507816,0.03464819782484183,0.045090418844510385,turnover_total,1856
0.07980518482754008,0.01274254550140039,0.05799948761162954,0.07900960220654728,0.10807063471418038,turnover_total,1875
0.07983518590089264,0.012405074026436291,0.058075712715927166,0.07899345828095018,0.10658787794295768,turnover_total,1876
0.0797342974758775,0.01204163960393749,0.05684991891242856,0.07867672268526599,0.10354434755713718,turnover_total,1877
0.07955976091483649,0.012344134744393278,0.05685019396055365,0.07897323817385644,0.10698488168530464,turnover_total,1878
0.07873793270372871,0.012331792014014034,0.05523938694244211,0.07798851049025071,0.10343236762840836,turnover_total,1879
0.07909620670754373,0.012460365735895079,0.05610777518357747,0.07918931208689131,0.10412223080150936,turnover_total,1880
0.07839233580240645,0.012412763535538036,0.05642719313774498,0.07795666224431855,0.10271925742163436,turnover_total,1881
0.07917925286418113,0.012954519835286974,0.05714046172869702,0.0782760297337371,0.10681978494370302,turnover_total,1882
0.08161986871353918,0.011907690820253216,0.060817067572178175,0.08152329264907579,0.10471495982786055,turnover_total,1884
0.09103602710803985,0.010930597911881683,0.07175023595415868,0.09034150164977295,0.11374762109318272,turnover_total,1892
0.09622600614189007,0.011941923889672718,0.0738026528016331,0.0959761597869043,0.12284488556253675,turnover_total,1895
0.09746286365464751,0.011328429019980182,0.07627267283095898,0.09807851150064265,0.11911470818468427,turnover_total,1896
0.09500056769224621,0.011017562040302957,0.07591196625391491,0.0946152013441042,0.1196712336320554,turnover_total,1897
0.08059596230994422,0.010169313843437604,0.06032967926466148,0.08007557633151666,0.1029187231834026,turnover_total,1899
0.07724836400080212,0.008893415059566902,0.06078119585090774,0.077008044892658,0.09574321245376988,turnover_total,1900
0.07874583816557035,0.009053981836468772,0.061781666672772455,0.07845093852003227,0.09636744747685619,turnover_total,1901
0.08198879892740296,0.009366867200065394,0.06521301870634034,0.08133855859107575,0.10072292291305529,turnover_total,1902
0.08102524962051322,0.009053933636345851,0.0653266137955576,0.08042034250935781,0.09883999310153006,turnover_total,1903
0.07679689487710259,0.009125424030882796,0.059998139035148446,0.0761972696580221,0.0946392958560234,turnover_total,1904
0.07250182193581595,0.008135508118529994,0.05856292054623843,0.0719697974089401,0.08901452593313369,turnover_total,1905
0.07099015121701639,0.007728786908541394,0.05612124512003475,0.07087698958650625,0.08640317278172216,turnover_total,1906
0.07169484564181597,0.008182276565357449,0.057116938435588835,0.07109851703169462,0.08820662665315519,turnover_total,1907
0.07253518448847862,0.0078652391686348,0.05736311569143274,0.07214081991527821,0.08864051986913357,turnover_total,1908
0.07016007186200295,0.007839868641237487,0.0568403406961597,0.07013532623385396,0.08641348387936182,turnover_total,1909
0.06620047754366884,0.007524007897008305,0.05169339569024249,0.0663325060419972,0.07975730680766005,turnover_total,1910
0.06239858490220273,0.007191638514219015,0.048973107809813725,0.062406428904395406,0.0762980899117966,turnover_total,1911
0.058732392442747805,0.0072107304131808,0.04435141062525851,0.05855625211900506,0.07193875799403637,turnover_total,1912
0.05531124746441187,0.007504802628807355,0.03924107662720284,0.055725064348911515,0.06860094015494114,turnover_total,1913
0.04980455016657109,0.007046313354306556,0.0352284256252489,0.04990142096734658,0.06408679510762282,turnover_total,1914
0.044880234014753995,0.006574301328406365,0.031265708646316365,0.044714090443588095,0.0586415668274814,turnover_total,1916
0.043478835297098055,0.006375875803544277,0.03127173478869086,0.043220820614809086,0.05627079264109665,turnover_total,1917
0.04207938147371359,0.005973482688719168,0.031248270237471457,0.04165295848135246,0.05471831473150675,turnover_total,1918
0.039013374102100255,0.005850180091689446,0.028287745362414237,0.03868442767714618,0.050787721516862,turnover_total,1919
0.036042948832865046,0.006022160108639834,0.025190490566155955,0.03573947286227793,0.04782671165391949,turnover_total,1920
0.03525403766056096,0.005593085158616024,0.02497500027506758,0.03557212378305891,0.046359018490239795,turnover_total,1921
0.036209908639170486,0.0060793331641915745,0.0265023868474745,0.03557989534325337,0.04872252226404348,turnover_total,1922
0.038752940229937916,0.0061369062529206255,0.02800175054310472,0.03844496452353739,0.05114738202933661,turnover_total,1923
0.0403440821884651,0.006436621253787835,0.029099244217881647,0.03975731799890375,0.053143560437710055,turnover_total,1924
0.04079536604573404,0.006550335818391924,0.029446351462938527,0.040275324637555295,0.054026819173250924,turnover_total,1925
0.038249339707201784,0.006265600314233168,0.026885422882023658,0.03798791611754009,0.04939821984610873,turnover_total,1926
0.03527469240367899,0.005879169491714283,0.023676707746237046,0.03575910649025098,0.046432122284087746,turnover_total,1927
0.03255852686208661,0.005661578997078332,0.02105011444646063,0.03284836797306437,0.04335769524533596,turnover_total,1928
0.08387815006206509,0.012739428367467963,0.06032181907426425,0.08367144061907422,0.10818037065486708,turnover_total,1950
0.0842109677853015,0.012477710782090055,0.059720585145367204,0.08369942780654896,0.11071349542196962,turnover_total,1951
0.08488750513210112,0.012636958911807359,0.06432308737577788,0.08427307393818015,0.11153907203343558,turnover_total,1952
0.08539186579435072,0.01313968312572428,0.059831931516625796,0.08498274764876808,0.1114601731645267,turnover_total,1953
0.10264005323370773,0.012141401331071267,0.07970102252668212,0.10275894559786089,0.1265618955578014,turnover_total,1967
0.10328260959588625,0.011599308743712492,0.08082967245133507,0.10258633669095435,0.1262657025485537,turnover_total,1968
0.09775561749950328,0.010887980093695541,0.07719523336206985,0.09794173525379674,0.11817431687234,turnover_total,1969
0.08743675606440789,0.010403128333850516,0.06924465536684217,0.08699090138708196,0.10878242234578357,turnover_total,1970
0.08131743796785709,0.010016580315423693,0.06350269573766774,0.08137544454410456,0.10086745855509295,turnover_total,1971
0.08154559419500818,0.009446855325032208,0.06478981733806943,0.0810805219911929,0.10194862818741346,turnover_total,1972
0.08294495141867234,0.009107112517650853,0.06638864118004602,0.08247380117347143,0.10133899943240059,turnover_total,1973
0.08216768095006202,0.009249666683873671,0.06578918974019192,0.08120679907084298,0.10075794680316788,turnover_total,1974
0.07877443945823569,0.00913030525754284,0.062233835972018745,0.0786956698307438,0.09681454103047175,turnover_total,1975
0.07602815995341748,0.00872818727538504,0.06020749149126293,0.07521433493648788,0.09396263927751315,turnover_total,1976
0.07491544763026764,0.00787269409859251,0.06034477123009216,0.07454388655635634,0.09108369893999242,turnover_total,1977
0.07599864810916196,0.00786792148192238,0.06171308860435187,0.07588165207759351,0.09205705811132528,turnover_total,1978
0.07667849584552025,0.00789603136894865,0.061659984734172016,0.0761849098286449,0.09284558047787453,turnover_total,1979
0.07446817676260561,0.00740470374636384,0.06054621744700567,0.07399911850220199,0.08969497018472743,turnover_total,1980
0.06980236691842857,0.007466465532192546,0.05678060076145555,0.0693784035798853,0.08535751988500202,turnover_total,1981
0.06439107747377355,0.007147838196364476,0.05124258403392943,0.06420653905120685,0.0791322466149489,turnover_total,1982
0.05875624804045076,0.007100712821169187,0.045306004282233706,0.05842540716270949,0.07373510041918042,turnover_total,1983
0.055756030708196,0.007076970989973553,0.042565588259924084,0.055566659933402596,0.06969589197970856,turnover_total,1984
0.0521702050163264,0.006713973350418933,0.03907468166959367,0.05216963191962229,0.06630379620716924,turnover_total,1985
0.04854161182632,0.0067496170524457035,0.0356744736886927,0.04832172869217356,0.06175199949843853,turnover_total,1986
0.046996149947286486,0.00685102252485599,0.03505406191243674,0.04676619977104412,0.06104794099579505,turnover_total,1987
0.04418636077869336,0.006359769683578368,0.032256969277666074,0.04397951108508813,0.05688744082764355,turnover_total,1988
0.043083277283959075,0.006203346776411676,0.030881281718771587,0.04265272327753173,0.05534187364529899,turnover_total,1989
0.0429392646178282,0.006158392139320756,0.030762499142036246,0.04253418535102335,0.055177806152580534,turnover_total,1990
0.0398793011778182,0.005884497276397773,0.0289663385426342,0.03975349842445811,0.05124295343086871,turnover_total,1991
0.03798581263681844,0.005608057371839121,0.027711649734450686,0.03791541194623195,0.049520276183676146,turnover_total,1992
0.03705736013857147,0.005548343679602114,0.02762081448294604,0.03662931188778502,0.04919803708382653,turnover_total,1993
0.03870642543647935,0.005688744033302125,0.027939238144347556,0.038321199001703075,0.050911204569874635,turnover_total,1994
0.04114942769206968,0.00597543334437198,0.03168346900737006,0.04076547195827908,0.05338783632104398,turnover_total,1995
0.04273108118264739,0.006582162432424163,0.030903756001449404,0.04231186982153542,0.057397936241586435,turnover_total,1996
0.04069372866179772,0.0061413672320952085,0.02968164456477045,0.040771237926594886,0.052630137773467936,turnover_total,1997
0.03788498860342459,0.005797655522865419,0.026590267771396933,0.03809029445090373,0.04810663092356748,turnover_total,1998
0.09071761638511218,0.01352995802939088,0.0662070779294558,0.08924217002367876,0.1173270762834293,turnover_total,2024
0.0932380306008345,0.013559950895359657,0.07046365509579566,0.09282144351541602,0.12276073243175725,turnover_total,2027
0.09314916495097776,0.014258742741847465,0.06851167959584525,0.09253414163991067,0.1247782793701462,turnover_total,2028
0.10894651437967129,0.011702705214691017,0.08652175416666989,0.11014184649177035,0.13127897504952138,turnover_total,2039
0.10481744989911738,0.011374989439399037,0.08289743222603758,0.10457872718124006,0.12782304639471198,turnover_total,2040
0.09685798022930259,0.011504333510918428,0.07398810646343124,0.09703215595797958,0.11837722734880939,turnover_total,2041
0.08597299597547896,0.009810062491256493,0.0679461086490053,0.08550738562204746,0.10626317251811519,turnover_total,2044
0.08515275834184498,0.009066143320958972,0.06847543290459557,0.08482820496185572,0.10307875129751304,turnover_total,2045
0.08209052807746786,0.008479982110190472,0.06667687821204323,0.0816379791482444,0.09817076138516379,turnover_total,2046
0.08017234472905074,0.008234062237965342,0.06639168817733201,0.0799805773439631,0.0969928720622549,turnover_total,2047
0.0792377331812307,0.00824061427065488,0.064477178539882,0.0786263170691475,0.09707951634814695,turnover_total,2048
0.079179563904111,0.007895808757960364,0.06435686358041072,0.07911131995253873,0.09457131910265963,turnover_total,2049
0.07970878116591239,0.007723059745644145,0.06551794512769865,0.07942644153440914,0.09490537611392844,turnover_total,2050
0.07813141227925292,0.007536121674208184,0.06462623989829333,0.07835339628166486,0.09246777095786524,turnover_total,2051
0.07387409824240668,0.0075676749118763565,0.05969871533688109,0.07363862223345127,0.08831587209873591,turnover_total,2052
0.0671369606355056,0.007148889166729475,0.05318810893580838,0.06698794599416048,0.08126791755313711,turnover_total,2053
0.061354442557138955,0.0070629733733742536,0.046441600054165616,0.06128522001903672,0.07444666187157495,turnover_total,2054
0.056154992700500964,0.006771908373469785,0.0430751053565411,0.05620559868872481,0.06926570640988672,turnover_total,2055
0.053536105205417184,0.006784557812405665,0.04163026675445152,0.05299478331976315,0.06764042845508195,turnover_total,2056
0.05035128122418398,0.006260736533852639,0.039429883639845086,0.04992698252118351,0.06172522580305105,turnover_total,2057
0.049029954371385354,0.006354465614907526,0.038953862926470545,0.048416173550796374,0.06215673678475095,turnover_total,2058
0.04565232413377038,0.006159504161201977,0.034593660388323934,0.0451637842861041,0.05792839193044834,turnover_total,2059
0.0440567580196798,0.006354051350552556,0.03166181311493845,0.04353911828794108,0.055460894560047894,turnover_total,2060
0.0438270097880296,0.006135558265787273,0.03278453500103712,0.04408469117893686,0.05588828804447206,turnover_total,2061
0.041439910056138014,0.005843207491915563,0.030125268973882395,0.041538804942172526,0.053360594494039494,turnover_total,2062
0.038882352696289306,0.005656877570862056,0.02864229930223154,0.03883319292794913,0.04997837381622863,turnover_total,2063
0.03757725126913458,0.005465742232849922,0.027229369056713495,0.037299576714270435,0.048891697021672426,turnover_total,2064
0.039104117665144246,0.005668366679403135,0.028266096345895882,0.0390060093147383,0.05042377838183589,turnover_total,2065
0.04190869930636229,0.005700900085919696,0.03139334311424722,0.04162793698190831,0.054223394396986146,turnover_total,2066
0.044329758495823275,0.00623996371896883,0.033109504214269815,0.0443912753913418,0.056078146406915594,turnover_total,2067
0.04236756031416206,0.006212586330679641,0.03025185510421601,0.041978055362416555,0.05448068760085167,turnover_total,2068
0.039580693899713575,0.005829958050848901,0.027988753986232753,0.0395174673991296,0.050691317273729726,turnover_total,2069
0.11239384002928203,0.011734917087882204,0.08757076458903977,0.1126536148454397,0.13342364894268754,turnover_total,2111
0.10500505138865925,0.01189267419591472,0.08324161418817223,0.10404975965170349,0.12929945451824443,turnover_total,2112
0.09798494889765,0.011311841998523087,0.07796982392523788,0.09738921875030454,0.12017175474092125,turnover_total,2113
0.09176817132290743,0.01052044703800858,0.07283323136459914,0.09082340817955727,0.11287255478619851,turnover_total,2114
0.08996869346276362,0.009211226065517691,0.07161250271330824,0.09038126806028672,0.1084363349558553,turnover_total,2116
0.08915476215882986,0.008650883075421204,0.07204069597192284,0.08904686461369773,0.10589329412025712,turnover_total,2117
0.08760233138796154,0.008468565439216329,0.07143792527327014,0.08693961369454098,0.10499964911795077,turnover_total,2118
0.08729300609988094,0.0083957598487592,0.07157839374413098,0.08730204172329785,0.10532120199782595,turnover_total,2119
0.08549848529236354,0.008125896346961486,0.07042630049241254,0.08493795759790426,0.10198101467103278,turnover_total,2120
0.08341591154760317,0.007735088433394271,0.06953232351071403,0.08329667691750928,0.10015854320674825,turnover_total,2121
0.08121908530141289,0.007803471941807025,0.06723158961943888,0.08089896435734668,0.09741186208039179,turnover_total,2122
0.07755753805882329,0.007852463486803652,0.06282987946029146,0.0774127114183472,0.092545091103284,turnover_total,2123
0.07060549808515929,0.00759439237581284,0.056647226115895094,0.07060644079157863,0.08548686680454001,turnover_total,2124
0.06377055421673569,0.006794261890130059,0.04973833536197705,0.06354284520841136,0.07686361995511905,turnover_total,2125
0.05848163407412961,0.006453773549374864,0.04685318330957348,0.0582839916407722,0.07189164922218483,turnover_total,2126
0.05529817022593942,0.006289024897440797,0.043850324606308305,0.05469785739826892,0.06782963777510036,turnover_total,2127
0.05370866033159613,0.006286810160285867,0.04199622151464507,0.05357621851653713,0.06711250664138953,turnover_total,2128
0.052248947915689695,0.005930941658190892,0.040444989360888695,0.05205586599805352,0.06452071579734611,turnover_total,2129
0.04862923953726698,0.005991474479371955,0.037453731013895104,0.04859107979308025,0.05990936249035322,turnover_total,2130
0.04463178390674418,0.0056143071939138145,0.035417923078046615,0.04437075918595775,0.0557103106355915,turnover_total,2131
0.044771877324459475,0.005943737090326201,0.03392860807249669,0.044217273539291765,0.056597432786371596,turnover_total,2132
0.042682757558626494,0.005615537770327931,0.032763874274641024,0.04238802143415192,0.05477901701117984,turnover_total,2133
0.04019289268933885,0.005325547823428335,0.029730573571348416,0.039690871939587334,0.05106702594072632,turnover_total,2134
0.038659528858795984,0.005419472222106323,0.029557755356132972,0.038311266076450995,0.050437523790955154,turnover_total,2135
0.03872605918327784,0.005461166017520186,0.029453251305921493,0.03825609567869047,0.049124005557903416,turnover_total,2136
0.04021064326364331,0.005620198544824364,0.029794689144879642,0.04062687097519792,0.05150182976618666,turnover_total,2137
0.042054832221536574,0.006476205233360327,0.031095965783890712,0.04126098468354509,0.05540451836733548,turnover_total,2138
0.04158152189889622,0.005763318514055549,0.031314387336081904,0.04134634287577112,0.05382968554898169,turnover_total,2139
0.03697153361028169,0.005837346344376647,0.025933380659035568,0.03683948653002237,0.04872947212972679,turnover_total,2140
0.10167838272542497,0.013411962424389814,0.07637193933157382,0.10133698489881285,0.12812250578197715,turnover_total,2171
0.11939436051902831,0.012069596786224985,0.09760016905089056,0.11949366671549846,0.14427959411913943,turnover_total,2182
0.11483385789890162,0.012176434360864546,0.09231513633683446,0.11443661222131635,0.13880748745035776,turnover_total,2183
0.10917516385518673,0.012191509227423035,0.08525600289550674,0.10928495838132143,0.13244006292621413,turnover_total,2184
0.09971107219561137,0.010490484290284938,0.08050719988776775,0.09925839816036887,0.11998848201646926,turnover_total,2186
0.0967815771747856,0.009571934771091719,0.07880489962803644,0.09652345075619329,0.1169208547576786,turnover_total,2187
0.09637085359667213,0.009637106835877922,0.07752701083609256,0.09570122192320896,0.1159617638258022,turnover_total,2188
0.09623544477017151,0.008953548140740002,0.07977216251705264,0.09544585282849478,0.11666810627325641,turnover_total,2189
0.09521196517240993,0.008888304753290846,0.07820463305494674,0.09486074092373403,0.11350889583064153,turnover_total,2191
0.08790108617757948,0.008759984421545438,0.071971458940511,0.08773306199209596,0.10637948652871584,turnover_total,2193
0.08117348107606807,0.008142800897272462,0.06554011680659874,0.0807975335123764,0.09773982010969808,turnover_total,2194
0.0719234279090407,0.007816378050856772,0.05737917139424376,0.07154813133898288,0.0870963103053406,turnover_total,2195
0.0640376294760015,0.007205552465029072,0.05174907547754975,0.06381478761386482,0.07939889713800394,turnover_total,2196
0.059675021573475366,0.007189325620097117,0.046679671833298304,0.05918447123812401,0.07381233406347289,turnover_total,2197
0.058485880514365235,0.006356823014231533,0.04630677758153363,0.05795163303286177,0.07127972171179996,turnover_total,2198
0.05872502213857198,0.006346190263348267,0.04676812266165379,0.05859575070812327,0.07052232420144605,turnover_total,2199
0.05578478346517151,0.0063266512491465515,0.0439825069684296,0.056303499724800365,0.06765036186950833,turnover_total,2200
0.05026425305245122,0.006207482518543828,0.0391241420127421,0.05017904765147169,0.06267286063443642,turnover_total,2201
0.04588606744129237,0.005762933775441921,0.03493776503355585,0.04594531429654593,0.05780662437881986,turnover_total,2202
0.0442759725973319,0.00585759621814716,0.03246370539884342,0.043640812625325584,0.05591720793950842,turnover_total,2203
0.04279902785469748,0.0054223741008953205,0.03228251894452796,0.0430743328586337,0.05315571915789234,turnover_total,2204
0.039051069309300135,0.005465152424677589,0.029234559035242462,0.03904682171616315,0.0502414303883762,turnover_total,2205
0.03772959608878203,0.005203070776943543,0.028925763333593344,0.03750075427988608,0.048328656666519074,turnover_total,2206
0.03824740794285914,0.005422749041121302,0.027899020313988557,0.037752048077901085,0.04960795182972739,turnover_total,2207
0.038442090339816735,0.005441785757109324,0.02791381615211166,0.03798906138382692,0.05014808202773596,turnover_total,2208
0.03958266495142792,0.005718891273323834,0.029404742250469417,0.03938723723701215,0.0514262677947043,turnover_total,2209
0.040253280688276674,0.005481952815883979,0.029873011603266702,0.04020249459763198,0.051577618192227656,turnover_total,2210
0.03528460928058973,0.005195779028343361,0.02694556532865964,0.03445015806838739,0.045068177656769515,turnover_total,2211
0.03117007187346044,0.005093613350050139,0.021484867210906193,0.031145510820830072,0.04163847681324931,turnover_total,2212
0.02902815340126901,0.0046716096455666324,0.020006268081167157,0.028615982888823666,0.03884958213347359,turnover_total,2213
0.02697181570584181,0.004586440327972557,0.018597741549149463,0.02711521296396073,0.035718172233083545,turnover_total,2214
0.10042717762053181,0.013867897379308599,0.07455466934723595,0.09997809573467469,0.12824337406615888,turnover_total,2240
0.10180278762741747,0.014728264610596661,0.0730792787077186,0.10175171610470907,0.12980837939992643,turnover_total,2241
0.1073925683502742,0.012350799457965954,0.0851722864623052,0.1073449783917742,0.13050968255978432,turnover_total,2250
0.12220404551345972,0.01174069519629387,0.09822420584654315,0.12185803148484928,0.14642636122940875,turnover_total,2254
0.11675270358846995,0.012015136499233891,0.09260298388186346,0.11634894308136895,0.1405469277146747,turnover_total,2255
0.10867247511180637,0.010751930837222909,0.08924060467373669,0.1081516617497596,0.1291909173920602,turnover_total,2257
0.10441341063433902,0.009511972191661765,0.08739152355445737,0.10439178992639739,0.12302367317178145,turnover_total,2258
0.1003711735074939,0.009468341057046758,0.08352828951014662,0.09982971666017246,0.11982342758134372,turnover_total,2259
0.09984124630172772,0.00919962063091174,0.08267409328336403,0.09979021439539343,0.11797205680021902,turnover_total,2260
0.10182104879725992,0.008533181227775601,0.08489538649344927,0.10110258907479341,0.12052143089568514,turnover_total,2261
0.10316805250165768,0.00854495914046299,0.08819434757274683,0.10273611310341133,0.12132108380620217,turnover_total,2262
0.10011484438620971,0.00864458242752983,0.08473970734780326,0.10028069799724422,0.11775827550059326,turnover_total,2263
0.09440243673899519,0.008740218632725623,0.07714274800389564,0.09446183647429915,0.11077329000514168,turnover_total,2264
0.08573117007170832,0.008519991123925713,0.06861078297514427,0.08535108014981185,0.10185043867803259,turnover_total,2265
0.07547631881448351,0.007457091055664288,0.06094908664732242,0.07491448776717183,0.09022097941267028,turnover_total,2266
0.06604637636905457,0.006787906776874509,0.05346298852560569,0.06605300814716852,0.07849728065746382,turnover_total,2267
0.05956511881974336,0.006248902327527125,0.047879411075065915,0.05964349536153749,0.07132607669196148,turnover_total,2268
0.05636209914966062,0.006594696993354843,0.045281374411879974,0.05612079183971949,0.06992450542527885,turnover_total,2269
0.05611101791603847,0.006365191623884606,0.04409472264113184,0.05596588366993849,0.06931078575111577,turnover_total,2270
0.05596128409801463,0.00649005299306761,0.0447248568754035,0.05597982026105559,0.06876349719349824,turnover_total,2271
0.04904476046490299,0.006197155670359087,0.03794350561700858,0.04897764932692055,0.06137140213480238,turnover_total,2272
0.04462064682572091,0.005380226251373692,0.03465441377611233,0.044436913916537826,0.05554207912911183,turnover_total,2273
0.04366091530587018,0.005299553156840821,0.03318451656025176,0.04305119358019795,0.054127281922855264,turnover_total,2274
0.04145385127249108,0.005329804010694421,0.032642926971685596,0.041217089577189725,0.052379659964843325,turnover_total,2275
0.03805552218140268,0.005185531330959141,0.029145864000410738,0.0377527546253463,0.047963298726561264,turnover_total,2276
0.03681388301761789,0.005392949682932259,0.02631640575207897,0.03616601829483915,0.04739410195332231,turnover_total,2277
0.03749612365495415,0.0054043004140105835,0.027750013140360755,0.03738898249731628,0.048408504286112146,turnover_total,2278
0.03785238960057311,0.005035312295325477,0.029154357632133525,0.03749894818012207,0.04860357394114735,turnover_total,2279
0.038524235936664465,0.00548554922542949,0.027850818639874157,0.038089360331351144,0.05027544617495602,turnover_total,2280
0.03856590319074623,0.005452283783233871,0.029157631941568583,0.038013418571727284,0.049959860559136086,turnover_total,2281
0.03403648361297549,0.004992214979801217,0.025405297221055726,0.03384377818187341,0.0440561898586547,turnover_total,2282
0.029267478712328508,0.004923792368527719,0.01985439885100247,0.02869202958642663,0.03941997678773426,turnover_total,2283
0.026970315604034307,0.005048530278595839,0.018372370415497025,0.026903288262553164,0.036990794285496766,turnover_total,2284
0.025533777345264998,0.004591124403334133,0.01700698894811801,0.025560014603174117,0.0342185056910427,turnover_total,2285
0.024534984211802172,0.004583090062254384,0.015593795255617287,0.02419707458180515,0.03416204263669573,turnover_total,2286
0.10288076804499122,0.014559040129307057,0.07464076069228048,0.10312462318172697,0.13293932354094018,turnover_total,2312
0.10403691955623508,0.014232682434177236,0.07671217912612142,0.10394394693875424,0.1329532545274719,turnover_total,2313
0.10595892119693025,0.012240358602243635,0.08283124463072952,0.10487232534256749,0.1325879179876829,turnover_total,2320
0.11955679851199577,0.012117130653251483,0.09613862720031055,0.11947092689132624,0.14328452641312908,turnover_total,2326
0.11319933536356241,0.011351935264750902,0.09061130478830098,0.11300760229952529,0.13572393655408288,turnover_total,2327
0.1087600234485731,0.011189615540579291,0.08897783663044771,0.10811404883877831,0.131247148394246,turnover_total,2328
0.10630077365945241,0.010687333348005527,0.08649711148415709,0.10625790097601384,0.1269941857254405,turnover_total,2329
0.10309960719643715,0.01018111219056481,0.08555091243475624,0.1029576568989692,0.12381161483570478,turnover_total,2330
0.10021749628980074,0.009213217349544283,0.08316162101848491,0.1004119795568465,0.1189638013350883,turnover_total,2331
0.1012687244856324,0.008845337074268423,0.08585445350223467,0.10059690648868977,0.1210557510366351,turnover_total,2332
0.10426021803139082,0.00860897843617396,0.08834053062147386,0.10421257334979975,0.12216858073522847,turnover_total,2333
0.10392595953369249,0.008492645640514279,0.08836355293879922,0.10347984989107023,0.12049623529797464,turnover_total,2334
0.09714138567555879,0.008458057077606685,0.08074336571606221,0.09735121706251287,0.11335225392567597,turnover_total,2335
0.08921812524036987,0.008300212702065159,0.0730916864254559,0.08929441414410558,0.10527617137718506,turnover_total,2336
0.07908669102362564,0.00776497559592468,0.06326582861965563,0.07907906104884424,0.09336834434639604,turnover_total,2337
0.06849421397317816,0.007026352265577165,0.05490088011308373,0.06810505256601226,0.0834535591414454,turnover_total,2338
0.06006520441680116,0.006294233883606899,0.04792987753353691,0.060685620269053234,0.07203021116629399,turnover_total,2339
0.056454891573190516,0.006221227330574693,0.0455895041076102,0.05576112602871428,0.06884313091860006,turnover_total,2340
0.05454141698349423,0.006339623325792086,0.042535294396092285,0.054471807388823276,0.06758299392362127,turnover_total,2341
0.05417707185165425,0.006233585587777325,0.04259836500026611,0.05427886100481888,0.06673070992528768,turnover_total,2342
0.047722126819049,0.005861228358431306,0.03732132422497642,0.04746752285207522,0.059680206033479115,turnover_total,2343
0.04241088629104908,0.005631250523700389,0.03202496418938529,0.0418396275122002,0.05254939285915866,turnover_total,2344
0.04155710645852641,0.005279943476742754,0.032723137090609346,0.04120417379961726,0.05213048600723882,turnover_total,2345
0.04189817665132363,0.005243254594519019,0.032656680801355246,0.041249617606965716,0.053117585772251535,turnover_total,2346
0.040045162607098846,0.0055173201975841765,0.029859343027482034,0.039707039536651265,0.051693742335616286,turnover_total,2347
0.03842719065497142,0.005721237657648551,0.027393081043499055,0.038343846639948095,0.050465024262946086,turnover_total,2348
0.03786333089360876,0.006011871625667958,0.025952917831717538,0.03724670550107696,0.049516481538385726,turnover_total,2349
0.03812924246375563,0.0056449046709084695,0.027697311284790693,0.03814779611105153,0.0495353823942384,turnover_total,2350
0.03817243568245823,0.005716817347886155,0.027498644111082916,0.03786869363717892,0.05057362956967894,turnover_total,2351
0.036422216368051395,0.00544319718010127,0.0262803974727375,0.03618840308896635,0.0472665274302781,turnover_total,2352
0.03244073593850441,0.005356804754821108,0.0225381725326943,0.03226633668729352,0.04372646477802283,turnover_total,2353
0.027674219613293666,0.004885424132449405,0.019526197405652056,0.026882870623611943,0.03760930132137523,turnover_total,2354
0.025411699274673075,0.0050091954350505305,0.016782590427042894,0.025328070250704035,0.03665379498535629,turnover_total,2355
0.024161442876082823,0.004771713751865448,0.015473923074686141,0.024001134223591854,0.034114881646630284,turnover_total,2356
0.023464161822228276,0.0046719877372259815,0.01431159775208103,0.024013457685857078,0.032731323324683044,turnover_total,2357
0.02341803588997191,0.00482118276335492,0.015437942164129859,0.022863378845291292,0.03399646290380063,turnover_total,2358
0.022365080757093977,0.0049142188505770295,0.012923518328735535,0.021461226647732916,0.03163644122758106,turnover_total,2359
0.10398710606912938,0.01460800945778515,0.07700868638414728,0.10347228200367253,0.13261001499130842,turnover_total,2384
0.1050664365538999,0.013876167039143038,0.07718637590833084,0.10512355683249819,0.13189420909556807,turnover_total,2385
0.10608286033178521,0.013945857684556189,0.08036738982421414,0.10545285642037694,0.13544772631197713,turnover_total,2386
0.1094784579511304,0.012989511614145792,0.08416774508615318,0.1085759274409123,0.13403641543872444,turnover_total,2390
0.10947738423908669,0.012953600794577915,0.08465830454949007,0.10953617078922266,0.13278870919394695,turnover_total,2392
0.11075341600613682,0.013027219779735982,0.08732640894757102,0.11028100831219209,0.13759346880332246,turnover_total,2393
0.11532650230727838,0.013129564943383713,0.09216795064337449,0.11545884299589665,0.14115671173756483,turnover_total,2394
0.11915935219549724,0.012477903691102995,0.0965354740573287,0.11899357715239176,0.14422136934467128,turnover_total,2395
0.11749151716293067,0.012181907184198135,0.09175235563825218,0.11729672761087977,0.14081877057378986,turnover_total,2397
0.11269803152255048,0.01115995784099375,0.09115815477117771,0.11210145159003623,0.1344861431405073,turnover_total,2398
0.1081478019531894,0.011310010105504156,0.08786290787421472,0.10803810531570573,0.12917948732807455,turnover_total,2399
0.10287445184392958,0.011252790777698045,0.08433329927602866,0.10207863549431939,0.12413339679282051,turnover_total,2400
0.09953281800699089,0.00994562045803709,0.08158917495685192,0.09915710935247375,0.11963254945217217,turnover_total,2401
0.09870708004038768,0.009873910217704354,0.08005571411525675,0.09884285373218178,0.11776462773547412,turnover_total,2402
0.09875772939402296,0.009598545964386291,0.08035755184595499,0.0984991965613487,0.11849037464052901,turnover_total,2403
0.10247625996876521,0.008530905560856922,0.0857772681955582,0.10234362541330795,0.12040143828424793,turnover_total,2405
0.09796862453122868,0.00876862158613144,0.08037608739665264,0.09797581499387834,0.11620396955984864,turnover_total,2406
0.0893112599442981,0.008294687105334686,0.07398092088334732,0.08908444114596586,0.1066195447447917,turnover_total,2407
0.0793067366064854,0.0073012719225066785,0.06465102943204183,0.07924878756072964,0.09411844026372099,turnover_total,2408
0.06962063729195919,0.006773159740483681,0.056925158567499794,0.06932273255175289,0.08291639866219887,turnover_total,2409
0.061693214064706826,0.006326349212158209,0.04995728680829438,0.061552284670364235,0.07374026423004645,turnover_total,2410
0.05678056885500781,0.006377507034798435,0.04599887816955857,0.0567800325316557,0.06904243865869261,turnover_total,2411
0.05521235222153018,0.005965781067345946,0.0449941327768209,0.055067389877264436,0.066976673809482,turnover_total,2412
0.054109865481362956,0.00589879760206471,0.04324438502241228,0.05395113766491022,0.06644128332047494,turnover_total,2413
0.04927209585227862,0.00581348306698191,0.03902153687303482,0.048816603759975555,0.061211589430351446,turnover_total,2414
0.04258268707754631,0.005352384164827028,0.03306303905163335,0.041853808060548614,0.05403930977721148,turnover_total,2415
0.03931588481069216,0.00504320596747041,0.0302573857115213,0.038580490430619126,0.049564632223021994,turnover_total,2416
0.039731472202944665,0.0050677685324775,0.030044199376643137,0.0395419639529169,0.05031741951680571,turnover_total,2417
0.041425891352392157,0.005195602933436916,0.03132615885548628,0.04095377172414927,0.05192104415541628,turnover_total,2418
0.04054860891831869,0.005504477063496481,0.029903934260631704,0.04040748786045326,0.05257771950228624,turnover_total,2419
0.04022629875645367,0.005876482538861873,0.02860899692934389,0.04065634530945304,0.05045972282552075,turnover_total,2420
0.04062225030006912,0.0060311611614022285,0.028598156784186653,0.04077042828169157,0.052927306500354675,turnover_total,2421
0.03958648575385745,0.0060623530692062244,0.028692642281574556,0.03958957033907026,0.051804648158677004,turnover_total,2422
0.03752929713491705,0.005965939082042078,0.027622243759567643,0.03720136810783773,0.05046685117657767,turnover_total,2423
0.033538347622943256,0.005619134206851319,0.023558889244368424,0.033307854666398545,0.04399994429999474,turnover_total,2424
0.02856062631876077,0.00508928816218849,0.01953183515476857,0.02797445084065575,0.03929305384914393,turnover_total,2425
0.025080375983406514,0.004582232349465035,0.01684656907654077,0.025165282281651023,0.03489745468180942,turnover_total,2426
0.02266064306026999,0.004388238573249788,0.015300655140660238,0.022483369450911346,0.032260415212481915,turnover_total,2427
0.021457734420987883,0.004456866959936133,0.01271235498735598,0.021181866853295466,0.030841317451248892,turnover_total,2428
0.02069277134970707,0.004634622363842065,0.011349093705489553,0.021155862464924107,0.029578748670475014,turnover_total,2429
0.020686192070058538,0.004814872143691003,0.011331538299779774,0.021024435976901804,0.031113982634365208,turnover_total,2430
0.02057460152556495,0.004840993277967173,0.01138143682649019,0.02005667416550275,0.029870819422609697,turnover_total,2431
0.10505257066392758,0.014508836729264365,0.07873756374919962,0.10414429422163449,0.1368077992556986,turnover_total,2456
0.10675942214043768,0.01397905245918873,0.08108836804842799,0.10625061297505353,0.13342482830289226,turnover_total,2457
0.10830389266971788,0.01372251652790417,0.08258311100219153,0.10783530995426399,0.1354235185878027,turnover_total,2458
0.11328625009566633,0.013370625069491207,0.08402319492688774,0.11363609794305776,0.13585394478605467,turnover_total,2462
0.11332838333893556,0.013696516911070768,0.08857831202877298,0.11273174351592717,0.14123458112930123,turnover_total,2464
0.11776176362056323,0.012663888291621522,0.09161384304621535,0.11742596983001667,0.1439513187348016,turnover_total,2466
0.11316390829949961,0.011584732514873916,0.09081009512403343,0.11367609173810045,0.13515813968478502,turnover_total,2468
0.11031174289669637,0.011371042341254354,0.08784828676173294,0.11009213953922278,0.13347066314808398,turnover_total,2469
0.10707974000794267,0.011332139513799695,0.08510861224979768,0.10714324213269176,0.12959982314620253,turnover_total,2470
0.10140322658454291,0.011162282718815187,0.08148919294642473,0.10082646334975896,0.1268461209339635,turnover_total,2471
0.09564909853604929,0.010310259589179362,0.0773919180417524,0.0951397687518365,0.11849916751485769,turnover_total,2472
0.0940752890013493,0.009665840299402258,0.07662827098350034,0.0933472769852752,0.11393853583745503,turnover_total,2473
0.09607138209258413,0.009157621611045373,0.07977014896619256,0.09651392364957712,0.11387534345548256,turnover_total,2474
0.09812074129668474,0.008937644097346733,0.08004785671661972,0.09850232856466361,0.11447951181043715,turnover_total,2475
0.09848546482473489,0.008890903751092008,0.08228682871567884,0.09843348329210608,0.11776477558199125,turnover_total,2476
0.08941743560668762,0.008084621148175866,0.07414822618264538,0.08971099215588654,0.1040500007887621,turnover_total,2478
0.08152743350748778,0.006833161419778195,0.06806178972315992,0.08151729847201694,0.09477862043329113,turnover_total,2479
0.07221651788656958,0.006647107817532034,0.0582950338608175,0.07246017762810014,0.08440207139564485,turnover_total,2480
0.06425088618454093,0.006217281293597642,0.05310985558434099,0.06444357518937766,0.07653455354651154,turnover_total,2481
0.05842481701640661,0.0060077304252040805,0.0472233688891248,0.058152815983642345,0.0723157881943044,turnover_total,2482
0.05614778031840011,0.006467189683485412,0.044304438523114054,0.05665458724787727,0.06874552542198563,turnover_total,2483
0.05499834356276284,0.005966052272623288,0.04458407417612529,0.05471246154604647,0.06640814757187254,turnover_total,2484
0.0504544899246014,0.006025783414501196,0.04007901926868091,0.050152678803191283,0.062202882819091136,turnover_total,2485
0.04580125838027446,0.00558789040750783,0.036002054198065986,0.04551944203428825,0.05763604616511457,turnover_total,2486
0.041611604790940664,0.005394948620661472,0.031590508315493517,0.04132868636850892,0.05274874095960383,turnover_total,2487
0.04090319541740074,0.0052004961989779224,0.03020811486151667,0.04086962559068406,0.05082758535171185,turnover_total,2488
0.04027283144980868,0.004955173093899365,0.03134111875834471,0.039685757375989866,0.05159614161927715,turnover_total,2489
0.039283811770843495,0.005346878137236011,0.029527085144745373,0.039380188693877924,0.05060660309655461,turnover_total,2490
0.03991372006848615,0.005841246173118584,0.029697113127741703,0.04025862495352832,0.051415909578848736,turnover_total,2491
0.040061274906145354,0.005806651631549086,0.02862954708397298,0.039484110295509606,0.05051921575732713,turnover_total,2492
0.03908120495074394,0.0058426029654683916,0.027468092573705374,0.03944978209684093,0.05042155995273826,turnover_total,2493
0.038631224430649966,0.005909862663966883,0.02730628975616409,0.038348039440263666,0.05211182685566683,turnover_total,2494
0.035293550858484096,0.0056103291024700705,0.024932890495467767,0.034801852642047715,0.046958420486736145,turnover_total,2495
0.029550861364514982,0.005143354264242967,0.01951521380411389,0.029378783802389886,0.039164181984234894,turnover_total,2496
0.0248419600307715,0.004576651556306388,0.016707104802034328,0.02494428573574578,0.033676927375736694,turnover_total,2497
0.022728850713822243,0.004466617669477045,0.014046009528718777,0.022419816130713893,0.03202044484270725,turnover_total,2498
0.02072799070944439,0.00449807094657977,0.012587013061461066,0.020421430818248737,0.03082366454851212,turnover_total,2499
0.020010364947323285,0.004378911837024204,0.012641024934503434,0.01974441745563088,0.029551904321887527,turnover_total,2500
0.020169907386314922,0.004663495373464955,0.012593478654648509,0.019787405644691235,0.029735782557489487,turnover_total,2501
0.020059215432005506,0.004760813181915759,0.011316560825234214,0.019788158436871865,0.02960867802624078,turnover_total,2502
0.01981030096181272,0.004807934086253535,0.011229535975912178,0.019803994680870688,0.029755659689086018,turnover_total,2503
0.11208388120177754,0.014563254740817776,0.08722035974888677,0.1125366047678632,0.14002024926283876,turnover_total,2530
0.11559919286123416,0.014797552007712203,0.08775629195144438,0.11532387013979209,0.14431447976119813,turnover_total,2531
0.11842181010289803,0.013960518984486242,0.09338673120945665,0.11815311027230087,0.14515675167318784,turnover_total,2532
0.11581930283000208,0.01369065796482373,0.08967894949207311,0.11621007506117684,0.1427746684619423,turnover_total,2535
0.10765787993062441,0.011275968870939047,0.08593039831566751,0.1073922298103992,0.12958385226572572,turnover_total,2539
0.10613064631577748,0.01102703581875613,0.08553198067105539,0.1064489225322696,0.12535976125186954,turnover_total,2540
0.10497367528442865,0.010868304168513341,0.08425269805604699,0.10542530777675982,0.12574982096652107,turnover_total,2541
0.1011784525421268,0.010402148695018354,0.08184910740008146,0.10047725303646723,0.12151726003939561,turnover_total,2542
0.09622661777798895,0.009403694053131354,0.07962999654203724,0.09630708047693827,0.11696503292758083,turnover_total,2544
0.09536457351120112,0.008723258765246695,0.0790556633663062,0.09537599992677959,0.11157297983928274,turnover_total,2545
0.09473038839907388,0.008618489877280736,0.07739222357624079,0.09451958232983418,0.11250408364542025,turnover_total,2546
0.09322964589902977,0.008281882017068698,0.07663196037068028,0.09350146596580532,0.1096733154042436,turnover_total,2547
0.09079978186633611,0.00870804737107863,0.07511664624045385,0.0902893017627992,0.1090554274913415,turnover_total,2548
0.08703046050411033,0.008007782034860295,0.07092784963122045,0.08717279028103175,0.10250985566149673,turnover_total,2549
0.08255163562248781,0.007340612269435601,0.06787762537827895,0.08174035236242441,0.09792606501557995,turnover_total,2550
0.07525863436285395,0.006639758551631249,0.06245071007370285,0.0753230256657263,0.08815935388817653,turnover_total,2551
0.06906974261538877,0.006365309818449671,0.05725532469633944,0.06895281502586761,0.08188266349198284,turnover_total,2552
0.06327473811375556,0.006025227440315419,0.05259648282665905,0.06302477161909224,0.07545597963492444,turnover_total,2553
0.0597393196336061,0.006299607706522595,0.047526812140180986,0.05968722473958101,0.07186231332790449,turnover_total,2554
0.05773898071402027,0.00611038622376568,0.046475940037321334,0.05764894434643422,0.07051404855614624,turnover_total,2555
0.05273788617606009,0.006256003249552593,0.040452910401646995,0.05238864747176877,0.06525374378143255,turnover_total,2556
0.04906185232092659,0.005681188910222039,0.03883963338398471,0.04860693715157269,0.06093776097500089,turnover_total,2557
0.04374362531102519,0.005587094067491417,0.033142412595974044,0.04362554053132088,0.054536877607402036,turnover_total,2558
0.04155428682960459,0.0050817832890679504,0.03168493859339776,0.04128772837365619,0.0521206377370491,turnover_total,2559
0.0395579705517387,0.005083401113334463,0.030060954091842965,0.03954423824787563,0.05028691510699203,turnover_total,2560
0.036899757499570154,0.005370914452596972,0.02724579739933654,0.03674813981733272,0.047723261541521685,turnover_total,2561
0.0391260156700074,0.005838338907488196,0.028491234767151093,0.03926237641528893,0.05176033743209052,turnover_total,2562
0.039354715596840055,0.005466719311613313,0.028606704460481806,0.03925684908063979,0.04973399653097783,turnover_total,2563
0.03657968141524869,0.00560072373457364,0.026111204599392434,0.0366020322644971,0.0479506286048117,turnover_total,2564
0.037061075296958165,0.005659735007055854,0.026033785301308152,0.03691554854372975,0.04811740235054888,turnover_total,2565
0.03636309807473511,0.005307101580717906,0.027144850411144113,0.03679291887822787,0.04686189834203111,turnover_total,2566
0.032016449753216485,0.005328602659218904,0.022112395378775972,0.03178826152929396,0.041693304913827445,turnover_total,2567
0.02693662337853109,0.004925529595398852,0.016760791124576475,0.026446547371126623,0.03744237573905693,turnover_total,2568
0.023675877160453433,0.00441804139938333,0.015460271393388824,0.02368848877628604,0.032191232468030025,turnover_total,2569
0.021538452581018563,0.004263839603040393,0.014026048755321194,0.021105245391115433,0.029353689510238302,turnover_total,2570
0.020419669429929718,0.0042698749479801856,0.011291822521252113,0.019778788064569158,0.0292106041180515,turnover_total,2571
0.02019290373225339,0.004283285764670445,0.012593989930307808,0.019831553303891636,0.028185802940981514,turnover_total,2572
0.020090808297613342,0.004442218113898806,0.012649716649049627,0.01977139264839885,0.028344577456602522,turnover_total,2573
0.019975642371356215,0.004575993501426278,0.011339159604519774,0.019861003127800675,0.029645978027976895,turnover_total,2574
0.020017251330156183,0.00487057060116902,0.011315468365514537,0.019892069984451814,0.029739635543343815,turnover_total,2575
0.019783987292037713,0.004539068651848068,0.011348674509293133,0.019873097069528393,0.02858214061627221,turnover_total,2576
0.1168506424490763,0.013810023068399662,0.09104721548583287,0.11634472704379399,0.14514661715657495,turnover_total,2605
0.11611746123122746,0.01382282130079778,0.08883689992972874,0.11546350567604155,0.1417221296148842,turnover_total,2606
0.11504410530724891,0.01329034858509081,0.08959738970784087,0.11399311805520307,0.14101831841458048,turnover_total,2607
0.11191843498717036,0.013343098971157126,0.08425595874033974,0.11174253146535582,0.13896704499701712,turnover_total,2608
0.10718193342320374,0.012394809905203853,0.0853644398647189,0.1065081860128445,0.13382941885950272,turnover_total,2609
0.10411300353751046,0.011373420248132895,0.0819400356530229,0.10455872052282524,0.12794696355956398,turnover_total,2610
0.10390011649850163,0.011617870719901223,0.08207187531717544,0.10372606174460473,0.12686619921722841,turnover_total,2611
0.10586845220840871,0.010499711827559498,0.08491973353204872,0.1058223275239954,0.12648861067479325,turnover_total,2612
0.10513526284037411,0.011259193258795477,0.08520694880754838,0.10467255598117463,0.12704662569016248,turnover_total,2613
0.10379155092957636,0.010282587493088927,0.08385470279940294,0.10329821362544978,0.12639562679036848,turnover_total,2614
0.10104586438734053,0.009548649508200335,0.08284761082130826,0.10110900078433462,0.12030958817685904,turnover_total,2615
0.09809737124402966,0.009332367036574153,0.08050267872996186,0.097383485467559,0.11684115437897914,turnover_total,2616
0.09285205831785744,0.008835527177731967,0.07630315914277,0.09267702324772312,0.11064967383488622,turnover_total,2617
0.08851868360798743,0.008287311878278596,0.07170178986267306,0.08857384356233852,0.10397851230288983,turnover_total,2618
0.08599059046781082,0.007878919054125036,0.07083560708936089,0.08581643338667722,0.10211384440566064,turnover_total,2619
0.08537087893799773,0.00832987527856851,0.0689801086044796,0.0851145040503882,0.10112005031033597,turnover_total,2620
0.08356142184451507,0.00724403330516011,0.06994380602511771,0.08336591227673579,0.0973322096415286,turnover_total,2621
0.07858720284214517,0.006642055506461288,0.06643422277307773,0.07828279314025022,0.09246361399702618,turnover_total,2622
0.07147766931715684,0.006324512182738806,0.060829676267616484,0.0712938533519242,0.08576636386842523,turnover_total,2623
0.0666331798903767,0.006109586179768248,0.055496490952490186,0.0666506450967968,0.07977435835596908,turnover_total,2624
0.06311945305351958,0.006107261859505432,0.05160421194336412,0.06332760320266317,0.07525933312992093,turnover_total,2625
0.05928615032530855,0.00599096757253311,0.047894181962234085,0.05905151212649966,0.07116340763072738,turnover_total,2626
0.05378470124957613,0.005893654061508705,0.0430188778822095,0.05349795308499383,0.06617982907487396,turnover_total,2627
0.05068803429610983,0.005248521968476556,0.04159707705302354,0.05024121810224004,0.061561580460703834,turnover_total,2628
0.047556908063945025,0.005394015637651845,0.037250196083666844,0.04722520826142203,0.057782502176064864,turnover_total,2629
0.04385020639101654,0.005137430603001204,0.03441570373514578,0.04403656980997084,0.054039812146488474,turnover_total,2630
0.04203262891485636,0.004518846049203455,0.03400039145987917,0.04223982587995421,0.05073035697236871,turnover_total,2631
0.040345131676424124,0.0048568228827626965,0.032334424102604356,0.03967444096656604,0.050782604164681854,turnover_total,2632
0.04013854530609991,0.005467649440318133,0.03002518569307373,0.04008711445806995,0.05046866740618323,turnover_total,2633
0.04030150993602866,0.005442921387056198,0.02988432845131225,0.039615339547248635,0.05024785742386351,turnover_total,2634
0.037720381340932356,0.005399353583209218,0.02845324573152386,0.037145699560533124,0.04911506637831104,turnover_total,2635
0.03547645165160317,0.005356931039999626,0.02577663783444737,0.03549735871713225,0.04630678898271389,turnover_total,2636
0.034786033022849376,0.00530154564749444,0.02454537232663304,0.034406725153086626,0.04504746658044035,turnover_total,2637
0.03094443390468589,0.005526065231495515,0.020601149100413628,0.03132649863602822,0.04125446728904223,turnover_total,2638
0.026112256089800848,0.005380025964731546,0.016619713426837948,0.02624087563982553,0.03738330904380212,turnover_total,2639
0.022814554889100315,0.004663020369875509,0.013921441775679631,0.02244642076263955,0.03198535054331144,turnover_total,2640
0.021521748558921427,0.004500272252770609,0.013927545399002522,0.02096663472320537,0.03066736203034929,turnover_total,2641
0.020883376022483104,0.004147867598058084,0.01398427457456861,0.02095111276644819,0.02932601803843657,turnover_total,2642
0.020523951094052115,0.0041574699074979175,0.012718867177257719,0.01976440253667544,0.029248071697933604,turnover_total,2643
0.02061980321915926,0.004360573932432774,0.012650688572499649,0.020924596363737686,0.029503725725110876,turnover_total,2644
0.020723837801311627,0.004738471109306941,0.01139531430043223,0.021089660961206368,0.030827335342923323,turnover_total,2645
0.020812966393870105,0.004948981583425663,0.01273804895928894,0.021091859366949496,0.031004728370031993,turnover_total,2646
0.02070878096920139,0.004789557458210285,0.011398263439876927,0.020009513256220215,0.030965119949494944,turnover_total,2647
0.020372983850152373,0.00447819842704999,0.012752576236804444,0.01994632428448465,0.029659364660844054,turnover_total,2648
0.11411993997635485,0.012893998315865253,0.08827120762978964,0.11419587188357183,0.13841048789135907,turnover_total,2678
0.11188330744513275,0.01279217178090364,0.08700391278024985,0.11219762632177499,0.13580095661055983,turnover_total,2679
0.10948641784864743,0.012624994389086574,0.08579045354412906,0.1094907706054496,0.13479235163687697,turnover_total,2680
0.10703567596081408,0.012387083644390312,0.08507287314008825,0.10635582840629967,0.13230983463138865,turnover_total,2681
0.10631350258009191,0.012168377771761718,0.08379732738964576,0.10626681347944708,0.13051259913099922,turnover_total,2682
0.1080819588516015,0.011382485528599747,0.08727707445655535,0.10817652858412022,0.1300931766649433,turnover_total,2683
0.10903179643579732,0.011662892409970978,0.08683110532462325,0.1085113670908458,0.13008449632051816,turnover_total,2684
0.10770020975364403,0.011179808008397882,0.08291417284725004,0.1081324781421,0.12872670940602915,turnover_total,2685
0.10323501820093077,0.010410972036720121,0.08330739008399833,0.10284051940212029,0.1242136307515725,turnover_total,2686
0.09722737929652933,0.010059003209014487,0.07759792014191225,0.09709795879249102,0.11590788396978595,turnover_total,2687
0.09067794627649975,0.009054186868561204,0.07412030281660181,0.09028599910612845,0.10889800742800806,turnover_total,2688
0.08461753121352861,0.008576339292442881,0.06927448386541149,0.08427365015973415,0.10225902268208567,turnover_total,2689
0.07987017158904924,0.0077915483630478025,0.06558996745176857,0.07992252127164637,0.09528869950048363,turnover_total,2691
0.07992184111001782,0.007477996669175453,0.06538133717767493,0.07995182538385151,0.09472026424094974,turnover_total,2692
0.07663235092862691,0.00703149227581051,0.06425896616389247,0.07635907593024108,0.09043738085584403,turnover_total,2693
0.0705421326959088,0.006364230334281519,0.059405298828946795,0.07030842855224997,0.08318955377542663,turnover_total,2694
0.06523651623361022,0.006123560304243576,0.054500352343906426,0.0649011508174474,0.0779671540150251,turnover_total,2695
0.06310035431260755,0.005978363109431089,0.05175072757584056,0.06301807231660486,0.07434376156302391,turnover_total,2696
0.06055508183852211,0.0054956230537023445,0.04995301156587931,0.060565928497527344,0.0715069585208329,turnover_total,2697
0.05667182226646853,0.0056725169429097085,0.046926278398782946,0.05652955870188532,0.06848610282453228,turnover_total,2698
0.05409847307400429,0.005315625986286779,0.04458449915422559,0.05428653528371638,0.06440874366919211,turnover_total,2699
0.052682420140269186,0.005498785275210537,0.04264130750680541,0.052685394474665595,0.0628318199809302,turnover_total,2700
0.04814065005081906,0.005372295764365997,0.038579216448440874,0.047925133609255474,0.059261353965296026,turnover_total,2701
0.04542803312726228,0.004746546103515661,0.03691344045952134,0.04533194589239562,0.05618146358771065,turnover_total,2702
0.04443577441379727,0.004829093364466628,0.035348786852937,0.044073689570821084,0.055150458572155475,turnover_total,2703
0.04257542406271874,0.004910746204567645,0.032904902969530476,0.04248382350247837,0.0518885107768315,turnover_total,2704
0.04032172087770779,0.005020790735630556,0.030974288102460147,0.040456176502133706,0.05075990454411305,turnover_total,2705
0.038995900028227407,0.00530933943221401,0.029627782054112255,0.03920959816682766,0.0490495393894402,turnover_total,2706
0.037205747702326215,0.005239098141920543,0.026937990189978507,0.0369623834258523,0.047645040299957114,turnover_total,2707
0.035702549250658806,0.005293017166413648,0.02597182911499611,0.03554838588739751,0.045140187085614444,turnover_total,2708
0.03212340999063473,0.0052083854153127124,0.02201896044748933,0.03162764489033073,0.04257744649276951,turnover_total,2709
0.027472523078460605,0.0051476154640307335,0.016704707131732575,0.027543895879888113,0.0370999165055976,turnover_total,2710
0.022548229000582527,0.004814398664033649,0.013865359818514871,0.022207512078945446,0.0320711191984245,turnover_total,2711
0.02032141080487834,0.004320452497187035,0.01250885521233751,0.019613580493830385,0.029328287517022943,turnover_total,2712
0.020306303239002472,0.004288844051200423,0.012555184512880058,0.02082617433322702,0.027867541748790012,turnover_total,2713
0.020696932292304026,0.004048134858464262,0.012665713665619253,0.020912395562036654,0.02917065951730948,turnover_total,2714
0.02140964385000081,0.004086279755581879,0.014047601041610798,0.021034231725245857,0.029418598436311037,turnover_total,2715
0.02162910355802229,0.004156568816936568,0.01400954369749919,0.021217903285590308,0.030738716604754912,turnover_total,2716
0.02159263458078882,0.00447723788158866,0.014042292913146773,0.02124231437822697,0.03082450495370937,turnover_total,2717
0.021541188463942505,0.0047442842314078405,0.012801540030734377,0.021212416922196355,0.031220106906094582,turnover_total,2718
0.021685383955812206,0.0048946710680799616,0.012746338074353094,0.021285249824805397,0.03236874608767383,turnover_total,2719
0.11319554917322518,0.013098864224427107,0.0896523664881431,0.11331015580859136,0.13869727757965175,turnover_total,2750
0.11152135336720538,0.013337537646582704,0.08789870159852692,0.1105416562335839,0.13936911595066193,turnover_total,2751
0.1102206799514731,0.012406132894563793,0.08882161974177755,0.10961177636495122,0.13541509942771862,turnover_total,2752
0.10944582490260588,0.012465832168751958,0.08837205697828296,0.1088708975331576,0.13564540574408993,turnover_total,2753
0.11027811163684442,0.011847039416922249,0.087689911400473,0.11041658394905679,0.1329423348648956,turnover_total,2755
0.10794812707342723,0.011183682809517474,0.0862659816875666,0.10758001203095294,0.12986098425342849,turnover_total,2756
0.1032847633721549,0.010309756871428459,0.08363762013533337,0.10262113471326759,0.12326509377633514,turnover_total,2757
0.09328578165456047,0.010002346905287885,0.07367508389528912,0.09268477616545223,0.1135577735510829,turnover_total,2758
0.08720959178497359,0.009474457923824734,0.06878209221126279,0.08762971084345325,0.10371271058875037,turnover_total,2759
0.06819083099074574,0.006643706054343095,0.05648910922672893,0.06821657953964522,0.08239291570214857,turnover_total,2765
0.06413470918827217,0.005947588493877525,0.05304090376723505,0.06421912927061402,0.07602122278848651,turnover_total,2766
0.06334951401805948,0.006081278930905304,0.052620849713313635,0.06294606470759506,0.07569711164325284,turnover_total,2767
0.062220217909748174,0.00585723312071592,0.05188544042137755,0.062080902341779196,0.07488661813622426,turnover_total,2768
0.05956474328160929,0.005162277080988693,0.05031398759788374,0.059186532457591194,0.07029677143806742,turnover_total,2769
0.057994428459924856,0.005150615647743215,0.048536565769260465,0.05760649798738808,0.06827262107365238,turnover_total,2770
0.0561917476104287,0.005314185758790408,0.04636201620223059,0.05591571867130113,0.06808851607025278,turnover_total,2771
0.05008535430546147,0.005329218673690186,0.03993474404742208,0.04985847456011243,0.05979753121856897,turnover_total,2773
0.04778839406654793,0.005484039760424958,0.03681541818455935,0.04785322050802539,0.05799292560176763,turnover_total,2774
0.044609084733900635,0.005036940679485197,0.03529623367753993,0.04407982179304848,0.05581377311637464,turnover_total,2775
0.04001861295310035,0.004781293441501563,0.03140353469584463,0.03964623488184861,0.04927904730555997,turnover_total,2776
0.03713906947623929,0.005004667340009513,0.028369801926332268,0.03668506224846455,0.04767639596599833,turnover_total,2777
0.03774126558154266,0.004849955709324082,0.028431413726384486,0.037682779241544076,0.04754993494007959,turnover_total,2778
0.03692683817151695,0.005169734624452376,0.027154790548896766,0.03679216967801721,0.04780039959807768,turnover_total,2779
0.033716993913240595,0.0049947420033221454,0.02462204311609862,0.03394827924566314,0.04372822627679813,turnover_total,2780
0.029963379958465968,0.005004270761096782,0.020665717183580568,0.029986500691534843,0.040034470353913415,turnover_total,2781
0.02598053661637682,0.004935648987888225,0.01659734597701607,0.026077998734965555,0.03599034683765623,turnover_total,2782
0.02262606222854122,0.004684020172233483,0.013866170828769984,0.022189735552265166,0.031926443670556394,turnover_total,2783
0.020179923834726336,0.004316578505068477,0.012477484118608644,0.02066932108085536,0.02899896872617867,turnover_total,2784
0.0195178067925146,0.00421469392581398,0.012498548909259888,0.019429614915057833,0.027923215549946458,turnover_total,2785
0.019886446206385727,0.004055962399880524,0.012522969853873482,0.019574165707936186,0.0279098774053383,turnover_total,2786
0.020602776462669906,0.004355792454974221,0.012507008819857982,0.020885540876841198,0.02944174625336645,turnover_total,2787
0.02148676511684949,0.0044206231428136405,0.012624815098838888,0.02114727078185781,0.02949073865967272,turnover_total,2788
0.021873433022806508,0.0046469957085947915,0.012760086676685115,0.02241477684223199,0.031140494716135697,turnover_total,2789
0.021988737405427203,0.004807814162661841,0.012776789336730822,0.021314110502609826,0.03230632003410186,turnover_total,2790
0.021937262946943148,0.0045437244566870925,0.01281712124997887,0.02132551463680292,0.030809718025017658,turnover_total,2791
0.1087403783188193,0.012158143629214071,0.08593340942244154,0.10815858640354167,0.13290437456029675,turnover_total,2826
0.10749354920169281,0.012073931583461515,0.08377329918771759,0.10780673709911766,0.12974349092203774,turnover_total,2827
0.06436178104449056,0.006047065329606215,0.051950833754823456,0.06468818133376297,0.07535600088235518,turnover_total,2838
0.0637861859631843,0.0060487671482211455,0.052524240700762365,0.06340505343305003,0.07608886261813966,turnover_total,2839
0.06040414339736911,0.005433735342844276,0.05141136652465092,0.06031656096290073,0.07082802002163978,turnover_total,2840
0.059010329577363727,0.005271551785609425,0.04960748015744349,0.05876423410944923,0.07038500902309404,turnover_total,2841
0.05667138168042863,0.005585667610677936,0.04657515053505916,0.056371551298384254,0.06878646179046236,turnover_total,2842
0.05598992744617053,0.005475631634595375,0.04590843410346962,0.055838525536231975,0.06600230868700808,turnover_total,2843
0.05373135565636675,0.0056921849445732515,0.043319758212190834,0.0533508356351661,0.06526600399130866,turnover_total,2844
0.05031354244527266,0.005449273899954307,0.03859822495226435,0.049905545725833916,0.060760081476777986,turnover_total,2845
0.046450537123706614,0.00538099246258072,0.036791408625788946,0.046717463318833724,0.05785323157292909,turnover_total,2846
0.04078103404416245,0.00503100276203864,0.03145532618666313,0.04069099580071256,0.05008790616175467,turnover_total,2847
0.03688289504446126,0.005153324226752652,0.0283330144853117,0.03683715785071549,0.0467876101468612,turnover_total,2848
0.0359775275940662,0.005139042961238129,0.027169893476858425,0.03548867849943188,0.04748813010599599,turnover_total,2849
0.03679569920900239,0.005105788292347276,0.028420354209843537,0.036541982416301126,0.04720228672673039,turnover_total,2850
0.03388383918969564,0.005248435252511573,0.024577654733763082,0.03378256575600029,0.0448029408680474,turnover_total,2851
0.030938691255011298,0.005045280212058678,0.02213138305411895,0.030346378782421184,0.04214000514981075,turnover_total,2852
0.028510497990272134,0.005174587895204751,0.019307084978707315,0.02853515057977248,0.039638839014804327,turnover_total,2853
0.025590534487112324,0.004820920076567531,0.016507605409660533,0.025071541826610855,0.03457334496761695,turnover_total,2854
0.022190886845509256,0.004629008273466206,0.01248446343404907,0.02219979858699418,0.03049106987725541,turnover_total,2855
0.019931025533069874,0.00453669947398099,0.011228737257790859,0.019511266259351314,0.029153121720224485,turnover_total,2856
0.019067423165494327,0.004456563990419711,0.009800458212278696,0.01938314282676763,0.027985123456726577,turnover_total,2857
0.019020951380748583,0.004155015491976758,0.011165926593477838,0.019479878677225247,0.027749985210448882,turnover_total,2858
0.019233971323383756,0.004371942266458999,0.011189136397240878,0.019549974069035206,0.028061534483418436,turnover_total,2859
0.019654973816850517,0.0044401411251198675,0.011276155331763937,0.019692414795753108,0.02921295141754045,turnover_total,2860
0.020235614435493564,0.004563801959300604,0.011331045787196995,0.01977350237998251,0.029517293094601656,turnover_total,2861
0.020465184862598233,0.004376656973809158,0.012664704800500711,0.021018258074919735,0.02960134589617334,turnover_total,2862
0.06475135801541565,0.006577125295204352,0.053102867837345163,0.06457620318255962,0.0772778885098242,turnover_total,2909
0.06416812227910708,0.006441771507993505,0.05251116467711829,0.06362635773736977,0.07805333422090102,turnover_total,2910
0.061794463666325405,0.005531328170787757,0.0521417683368811,0.06194726368992805,0.07237005208780041,turnover_total,2911
0.05871670876891788,0.0053290417211299505,0.04843438885528173,0.0590282283550147,0.06893399853253224,turnover_total,2912
0.05597524366889436,0.005154033800150204,0.04626254418775248,0.05577223583086221,0.0668973249743468,turnover_total,2913
0.0551555103108651,0.005985676924753147,0.04379332671623923,0.05501421529825302,0.06721572408970447,turnover_total,2914
0.055188754220772046,0.0059061009776260835,0.04365929256676081,0.054595128744826624,0.06707882944329799,turnover_total,2915
0.052465105771372436,0.005728947453357663,0.0412530793559533,0.05239676634153634,0.06380991981860988,turnover_total,2916
0.048211111324318094,0.00579458754166673,0.037086720536909555,0.04832325328339701,0.0607592711044668,turnover_total,2917
0.041696371187574216,0.005457028954102802,0.031882904814890214,0.04145543854920439,0.0525677141458226,turnover_total,2918
0.037571957686492345,0.005337995734816194,0.027411532619659406,0.03774230013615586,0.04772005969530113,turnover_total,2919
0.03633867094710928,0.005147218524016823,0.027026990305543293,0.03663222999340385,0.04667047243708615,turnover_total,2920
0.035879241754538584,0.005367134147406728,0.02595181717582314,0.03556233398950287,0.04711659503039831,turnover_total,2921
0.03398866959182811,0.0055335938262585024,0.023352099302056527,0.03404601518569522,0.045118254996472394,turnover_total,2922
0.03210080562146496,0.005048691350911706,0.023169105955545673,0.03163117870562683,0.04227376659393166,turnover_total,2923
0.03095540609907191,0.004995875896085066,0.021863604083847965,0.03135665754867598,0.04019275270330798,turnover_total,2924
0.02944308211754434,0.005059241799419531,0.02075035823145994,0.028995021098059476,0.039847233291081294,turnover_total,2925
0.026974284514450875,0.004900922365253875,0.018088631195925426,0.02658194738524311,0.037286704793574134,turnover_total,2926
0.02406487054523899,0.004712086598273618,0.01527755197611722,0.02377509739380606,0.033329473181231035,turnover_total,2927
0.02271821929014235,0.004636976858089823,0.013929210822020172,0.022379326417795904,0.03319069627425981,turnover_total,2928
0.022159688949460087,0.0044589769994601135,0.013951629978749013,0.0222964529565211,0.03183419723963829,turnover_total,2929
0.021767206713157773,0.004311224247318529,0.013958634111230406,0.022327577483761213,0.03073075142805886,turnover_total,2930
0.021244231767011835,0.004326550637177697,0.012728791674249904,0.02109705350367655,0.029607389833553346,turnover_total,2931
0.020548869334900875,0.00440650887865746,0.012713857665923905,0.0198965249858021,0.02964933082715702,turnover_total,2932
0.020163801628724505,0.004412856901282405,0.011332427033443978,0.019807243030846224,0.029597655858582015,turnover_total,2933
0.06395741783772817,0.006575965003431411,0.051197860655212105,0.06412539505019281,0.07653811671641976,turnover_total,2981
0.06289752378066046,0.0058074621419892175,0.05165752587293399,0.06312401524313856,0.07467139328343134,turnover_total,2982
0.05944146708694731,0.005607101724943568,0.04922548314075718,0.059451099439369104,0.07080113223349228,turnover_total,2983
0.05667260832604135,0.005371018756285431,0.04722200421987237,0.0568265827744633,0.0674917508968093,turnover_total,2984
0.05540651249856143,0.00604077190024381,0.04557684496448791,0.05464860172638688,0.06827957495065269,turnover_total,2985
0.056303027100873454,0.0056480549550618365,0.04547802571846325,0.05601491874513914,0.06901266798331368,turnover_total,2986
0.05536339876066183,0.005509559122441691,0.04505122852107947,0.054985414868600084,0.06636050073508529,turnover_total,2987
0.05126180211410986,0.005699313887917125,0.040566285416173034,0.05146298289771777,0.06290797239348025,turnover_total,2988
0.045627878177689374,0.005596465280763709,0.03499879118299467,0.0452285461654391,0.056664395303345584,turnover_total,2989
0.041303732280627746,0.005289264355177266,0.03175488948056894,0.040389334829500634,0.051539894529853206,turnover_total,2990
0.03927318507085714,0.005228079617544795,0.029061303664473417,0.038823599023454385,0.04986033078853401,turnover_total,2991
0.03849962459162815,0.005398741526151491,0.027346664328015954,0.03868096944160872,0.04937292131579986,turnover_total,2992
0.036556864578721794,0.005228438219400646,0.02614262226880193,0.03611767647194232,0.04706577522493902,turnover_total,2993
0.034496265974028405,0.005105495019002239,0.024777447286211087,0.03447789130033624,0.04423408698879382,turnover_total,2994
0.03395672592591086,0.005383611170329008,0.02471355260436291,0.033349732885765426,0.0456413702116964,turnover_total,2995
0.03340638469349414,0.005152510747236299,0.02362293302505821,0.03323237703603175,0.04331422580054623,turnover_total,2996
0.032542600121393525,0.005245066733888426,0.023690639892004775,0.03200886574060123,0.043354647677808195,turnover_total,2997
0.030028777393384377,0.00499569574894555,0.020968628620352824,0.02945394579251001,0.04041739001673002,turnover_total,2998
0.027491628269197977,0.004786108219414668,0.019483694062129887,0.02728652076643825,0.03665634930240935,turnover_total,2999
0.026681464024398322,0.004847450650474195,0.018187199588081533,0.02664778411638985,0.03644060042424838,turnover_total,3000
0.0261417115075591,0.004688434882449276,0.01688780798606237,0.025527153275931372,0.0355116010369035,turnover_total,3001
0.025454501605947397,0.00475925442387229,0.01567362214128382,0.02540915655344079,0.03397239580074844,turnover_total,3002
0.023940688820934104,0.0045654024134888106,0.014230185129641087,0.024054959950490895,0.032702292310224416,turnover_total,3003
0.022082699790538854,0.004438306341196295,0.014158568534138315,0.02136779940700504,0.031148992464354784,turnover_total,3004
0.020794310944333462,0.004341385252348547,0.0126997873995633,0.020088043371104335,0.02970312544126805,turnover_total,3005
0.06308758201065598,0.006767046854656539,0.05053250663024258,0.06344670618607162,0.0778277070484075,turnover_total,3052
0.063152194883699,0.006394765331131263,0.05128017791397729,0.06319400000262043,0.07505321293239697,turnover_total,3053
0.062152368172320394,0.005892992416762877,0.051513665495275474,0.062214458212033016,0.07413215840600054,turnover_total,3054
0.05965686083755404,0.006367792760390174,0.047849379932270834,0.05957607488799687,0.07168589049262668,turnover_total,3055
0.05758676259269747,0.005782188868838816,0.046642186351534706,0.0578352848483846,0.06908536155555631,turnover_total,3056
0.057724916655845886,0.00558799936712882,0.04715507337543487,0.05759458921880184,0.06848121331994535,turnover_total,3057
0.058384051765153176,0.005767389381394025,0.04799292748645642,0.058124439199801356,0.07064868665664026,turnover_total,3058
0.05572466972795671,0.005465031783081231,0.04636947740557176,0.0550751091152414,0.06785652103114671,turnover_total,3059
0.050476098057820044,0.005412941104644828,0.041898494511290144,0.050519615770473564,0.06049249666050687,turnover_total,3060
0.04561121270087545,0.0055908652992755995,0.034992523853474705,0.04528857116299924,0.0564489727530302,turnover_total,3061
0.04290492270921957,0.0052204926488399325,0.03327578930085194,0.04225772778778776,0.054418938862256745,turnover_total,3062
0.04192459083328163,0.005575291045427266,0.030569715043136787,0.041783479923330105,0.05266824393332766,turnover_total,3063
0.040406188579842704,0.005373896920526714,0.030236634197922427,0.04035613401335011,0.05022025619936308,turnover_total,3064
0.03806890677153141,0.005140911572574363,0.02780382307935546,0.037785170367526544,0.04814915076096918,turnover_total,3065
0.03624808458496782,0.005330721128559152,0.026508314942018982,0.03624845452561852,0.04750820941204397,turnover_total,3066
0.03663466452174601,0.005818773111404139,0.02638404006595282,0.03621748448019634,0.048885739177724874,turnover_total,3067
0.037592621168936594,0.005707981759213817,0.027863852916626252,0.03754219924006289,0.04879543915805908,turnover_total,3068
0.03625479557171588,0.005713840371778089,0.026370136985391993,0.036260082034304225,0.04798723329253132,turnover_total,3069
0.03340690234451743,0.005470253782936921,0.02370395340995871,0.033019340226226636,0.043759098895574736,turnover_total,3070
0.03133761853193393,0.005199666184084599,0.022563621513572506,0.0313154123753865,0.04128710898074364,turnover_total,3071
0.030250529615442116,0.005018086753749667,0.021264106380182772,0.029754006136815482,0.04116311378422481,turnover_total,3072
0.029482392135928865,0.004897664184605704,0.01980996019355934,0.029694559859079636,0.03836260830844693,turnover_total,3073
0.02815338981909993,0.004972115873307765,0.018311191442091194,0.028321331324981606,0.0383490345861348,turnover_total,3074
0.026125751995009414,0.004665026265213815,0.017004360310699677,0.02575667686543789,0.034394598485104406,turnover_total,3075
0.024204334159385003,0.004559643812872065,0.015709461803698824,0.024207438298719956,0.03410008064956574,turnover_total,3076
0.019445551900398574,0.004478315932946228,0.01151183804652001,0.01880486134195051,0.028856731328833592,turnover_total,3078
0.01836695677664139,0.00436084766636384,0.011422429673383508,0.018647816336930738,0.027354561933193404,turnover_total,3079
0.06334595749772146,0.006860195640578817,0.0503457282731088,0.06314090702868089,0.0764702005257477,turnover_total,3124
0.06387252428169818,0.0065179564590000785,0.051235623414092206,0.0638007381270132,0.0764921842356638,turnover_total,3125
0.06365778976162223,0.006697468505676981,0.05032213548626222,0.06376271419303817,0.07609354232744911,turnover_total,3126
0.06129833663712508,0.006513522854329445,0.048568758466734474,0.060741413699680724,0.07315747292439688,turnover_total,3127
0.05999842624920574,0.006239563544543414,0.04811168940632976,0.05995532385695236,0.07185290908173557,turnover_total,3128
0.06040887331457049,0.006119563748600814,0.050047053543886576,0.05999633533380862,0.07309117500135691,turnover_total,3129
0.05920736066475935,0.005607228492646728,0.04881374427898449,0.059178264417822854,0.06986217614241644,turnover_total,3130
0.05490123311502354,0.005433682270669079,0.04567692205265953,0.054210239848970214,0.06596089051748881,turnover_total,3131
0.04743142336016188,0.005150844245926681,0.037955143172142304,0.04739857119776628,0.05812703369931795,turnover_total,3133
0.04566333708031301,0.00552320730927136,0.0348607147099312,0.04518154071343765,0.05667963267756035,turnover_total,3134
0.04402366435100369,0.0053167464355216645,0.033728058547638995,0.043919785103769246,0.053716027372456336,turnover_total,3135
0.04218045080883876,0.005321840958407546,0.032062609551016995,0.04209761501702359,0.053068569542954656,turnover_total,3136
0.04028338369808179,0.00539795137844481,0.0307089221281179,0.040270012054846246,0.05053075536359608,turnover_total,3137
0.038958280850323546,0.005600738939168142,0.02821642358844024,0.038198041177692335,0.050400623980947704,turnover_total,3138
0.04053919935535413,0.005970029729049095,0.029188456751041033,0.040647717843152915,0.05324284488801771,turnover_total,3139
0.041680490708459195,0.005718921499706353,0.031102495002523906,0.041958746977473406,0.05362930761947969,turnover_total,3140
0.040030129807584934,0.005772360066371032,0.028431477976313933,0.03963710749838988,0.05113546290455382,turnover_total,3141
0.037176441614064734,0.00587996362142684,0.026956642122939693,0.036720960842212776,0.049382068501684,turnover_total,3142
0.035000574053074156,0.0054846532353631594,0.025576179758204545,0.03439150320330066,0.04675338721753383,turnover_total,3143
0.033938914255522305,0.005274690751529324,0.02428455578449511,0.033895259676713266,0.045428808817295704,turnover_total,3144
0.03221373088240256,0.005126738702045865,0.02416117030486061,0.03151304944568881,0.04297033920699619,turnover_total,3145
0.0305650718603453,0.005081883486527751,0.021257168775518594,0.030207171246148294,0.04017895430453401,turnover_total,3146
0.02826314112414237,0.004791933114342005,0.01986800146507122,0.02848148694459287,0.038467045967771625,turnover_total,3147
0.02122823420632166,0.0045412123071354085,0.014266596642844938,0.02042940165827758,0.030428725976971847,turnover_total,3150
0.01987523523619448,0.004366767724448311,0.012910082609169635,0.020097544415292264,0.02887007109316068,turnover_total,3151
0.06359849568166304,0.007307285950254031,0.049826461762843846,0.06348689375512367,0.07803192844750687,turnover_total,3199
0.06246573466406376,0.006529086429058199,0.050862744275527706,0.06265839465340303,0.07479149709874963,turnover_total,3200
0.05857552278951724,0.005624827461268716,0.04852192180506148,0.058699098673258635,0.07047906873024405,turnover_total,3202
0.053804448471548486,0.005426541434286284,0.043405983553701566,0.053732594387476,0.0644076813819936,turnover_total,3203
0.051320915939851934,0.005228521127449156,0.041182523582291415,0.05128060735474166,0.06143603925627822,turnover_total,3204
0.049238534300490445,0.005495365143500209,0.038410926513374535,0.049371307741274115,0.061095151773380534,turnover_total,3205
0.04840724267103594,0.005535719840051792,0.03722150427590749,0.048238694757179526,0.05887043878535472,turnover_total,3206
0.04668817719772488,0.0053277970370241715,0.03680513521609985,0.04672799819227437,0.057128886427504806,turnover_total,3207
0.0443568614557984,0.00521146734411723,0.03437833621486916,0.04421792359969896,0.055539934363267235,turnover_total,3208
0.04171936889639075,0.005401800973908997,0.03138056538434685,0.041227644022487936,0.053659582894197005,turnover_total,3209
0.041594120294004965,0.005297080172942791,0.03356383933953028,0.041092661905153705,0.05253469847326449,turnover_total,3210
0.04386923861198365,0.005644630070480183,0.03364372834956318,0.043799904392591044,0.05621654283410273,turnover_total,3211
0.045482022954380266,0.00588842817059856,0.033999472379810866,0.045425666858636894,0.05682427666536113,turnover_total,3212
0.04367484713470958,0.0063226537665402975,0.032767528002659384,0.043171638783117666,0.05587524424790935,turnover_total,3213
0.04057952077491272,0.005967225471811379,0.029921601522527326,0.04032377429585954,0.05219191450462766,turnover_total,3214
0.03879037745016054,0.005837053950051377,0.027436904880843833,0.03865849091195967,0.05040117563742873,turnover_total,3215
0.03664937744570899,0.005711923313714622,0.025841265876972934,0.03599965991951233,0.04850500208291603,turnover_total,3216
0.03468347948716049,0.005262951075047108,0.02576030342438631,0.03444236532224551,0.04552384318218682,turnover_total,3217
0.03259642947173841,0.005055910269961476,0.022960139518294603,0.032830425330927566,0.04153384151592257,turnover_total,3218
0.023818824831316383,0.004522162433752743,0.0159215877379786,0.02340101472936776,0.03326029214126565,turnover_total,3221
0.022448764288585735,0.004356824340861476,0.014562961079574254,0.021933294210584157,0.031897787596563656,turnover_total,3222
0.06721944026768012,0.007572699399867318,0.05246848844000383,0.06706769631872012,0.08142079701113966,turnover_total,3270
0.06676849316182745,0.0070705712501445365,0.05364608297244349,0.06653011585524357,0.08014306618232998,turnover_total,3271
0.06495070147316467,0.006452349575561402,0.05425043009968369,0.06451110166846667,0.07902818765414166,turnover_total,3272
0.06285564512914225,0.005814862863226177,0.05254857875380081,0.06287757518251086,0.07554857053986419,turnover_total,3273
0.054006626622087155,0.005531661702772954,0.043673385598723136,0.05400732064749915,0.06509966805589017,turnover_total,3275
0.05049754538893435,0.0053388269523279575,0.04023842924048403,0.050374418751397046,0.06145941905799399,turnover_total,3278
0.049194740925772605,0.005414894047055244,0.03845168190583721,0.04884870568158077,0.06020290444669088,turnover_total,3279
0.046354786701760096,0.005466492192105741,0.03705431362588604,0.045773618711483874,0.05757919176467502,turnover_total,3280
0.04396248392374259,0.005317256845335074,0.03423411903268125,0.044072249046308895,0.054500488764262126,turnover_total,3281
0.04416525361054596,0.0054199072849524296,0.03414929985042097,0.044202343060314245,0.05454714796092618,turnover_total,3282
0.046697928610191494,0.00617541667732246,0.035291363621700794,0.04682360352561819,0.059560129681537705,turnover_total,3283
0.04831176184375138,0.006229793175800293,0.03584255364504835,0.04856682784636821,0.06214438852571789,turnover_total,3284
0.04700295838028043,0.006544307427239768,0.03549202884579203,0.046999262221801875,0.06038995152072016,turnover_total,3285
0.0436870279597204,0.006204332444614675,0.03272235353522436,0.043398659368036954,0.055999369863245774,turnover_total,3286
0.04073531506749059,0.005726828805581486,0.03014819030880978,0.04047603600802016,0.05256467065746152,turnover_total,3287
0.024209957147144173,0.004182722114570634,0.016052381517127064,0.02349496006448716,0.033263046430454905,turnover_total,3293
0.023178084371485722,0.004284923011880638,0.016034195613797726,0.02333223860013578,0.03203941121443056,turnover_total,3294
0.02107766653043569,0.003960303981114619,0.01325565649043094,0.02065947392708426,0.02947652396042209,turnover_total,3295
0.06840122722537677,0.006887386535313221,0.055183419117767474,0.0684407665907113,0.08220202568356677,turnover_total,3343
0.0665473065074917,0.0068294713804989415,0.053819920917506855,0.0664816208307362,0.08233734890497217,turnover_total,3344
0.06488238127875265,0.0067207719785400575,0.05264596652213451,0.06416392864277248,0.07920941044234348,turnover_total,3345
0.049987236627181186,0.0055618035815534145,0.04047488879871332,0.049488631409160294,0.06057130026561852,turnover_total,3351
0.04746464367080276,0.005339747523301651,0.03736766129521563,0.04770650843646866,0.058794125825617966,turnover_total,3352
0.045448827960151116,0.005090996499458013,0.035450555709884285,0.04490660734706559,0.055737567398692844,turnover_total,3353
0.04693688869096026,0.005719314017019915,0.03726903143597738,0.046342596019817765,0.05901109518778257,turnover_total,3354
0.048975572280713114,0.0061699069508599795,0.037186657620647504,0.048857713682948556,0.062124903445786736,turnover_total,3355
0.049864704549911855,0.0061068840431732965,0.037576122946860004,0.049352373441820974,0.06200232089508683,turnover_total,3356
0.04876117628002461,0.006316559921467889,0.03630936754849591,0.0482726481469473,0.061839271363655565,turnover_total,3357
0.050759931861854714,0.0058414740515161925,0.04043213663320044,0.05043612371990261,0.062276196544667206,turnover_total,3426
0.051373215522326134,0.005945958627655641,0.039361677084262074,0.05105978799333757,0.06392369586127689,turnover_total,3427
0.05468968036021959,0.006025569842843594,0.042632161440260635,0.05434252642480379,0.06696832271757043,turnover_total,3497
0.05523706624804121,0.006412899954533546,0.04363811387322449,0.055213331184994316,0.0676617873007159,turnover_total,3498
0.0562095266416884,0.006499377006130162,0.044101594711813095,0.05596793916392991,0.07001727862492735,turnover_total,3499
0.05683769663957599,0.006143481507391894,0.04602965069248347,0.05648351233435499,0.06937727933441726,turnover_total,3568
0.05714402822142737,0.006458787649268862,0.04502961508450761,0.05709593525507624,0.07121274921311171,turnover_total,3569
0.05825573251448083,0.006905981169799519,0.04611273910976461,0.05810265612954049,0.07119904646733352,turnover_total,3570
0.058303455389417246,0.006374784074668213,0.04677644449123297,0.05798588973731897,0.0698169499091482,turnover_total,3571
0.05856953396460296,0.006620159249805588,0.046514869422544465,0.05843405837801455,0.07190313452898699,turnover_total,3641
0.059748843711154326,0.006988112166352385,0.04654308298407948,0.05964575691961916,0.07296214789529112,turnover_total,3642
0.0278870864225262,0.006595894080939594,0.01576684572460138,0.027247741643003334,0.04051886220310405,turnover_gain,56
0.031255868880321246,0.006407800033801633,0.02002856168368311,0.03149931251633242,0.04306043662063772,turnover_gain,57
0.02544952504656071,0.006065248468930568,0.013687951353918697,0.025331942536484332,0.03779816215021582,turnover_gain,128
0.034809307880938,0.0066390401445816085,0.022164426006116195,0.03476340895029453,0.048255218084451705,turnover_gain,198
0.02883523886287499,0.005974601355277434,0.01824860727711995,0.02873312532809951,0.041531778575930156,turnover_gain,199
0.017817759143638368,0.005926919691959043,0.006735650789854329,0.017579644817054072,0.030398807236089204,turnover_gain,203
0.03235425383624665,0.006434057596294183,0.02035605831315577,0.03217371391043897,0.045365134022396766,turnover_gain,270
0.03523396511594856,0.006520179638960628,0.02341145971873904,0.035457746163621066,0.04793518551985848,turnover_gain,271
0.034763831749757425,0.006491066549553657,0.021594472743432368,0.03486121666136187,0.046993840991229587,turnover_gain,272
0.027445427808911793,0.00597316822952005,0.01736399613995669,0.02698905329483174,0.04084680917588402,turnover_gain,274
0.02706662369732685,0.005881307218420066,0.016010075946859322,0.026906043017477836,0.040302821598649514,turnover_gain,276
0.029804331621313844,0.007107941450543748,0.016790254237288135,0.029173054026985938,0.043939122961555416,turnover_gain,341
0.026234681074837705,0.00662336613808379,0.013332236519986803,0.026437407948221955,0.03993885196620417,turnover_gain,342
0.02167080461639152,0.005855794749376452,0.010330465152874424,0.021107791010113463,0.032750539820697325,turnover_gain,343
0.02452829541109105,0.005775943008288419,0.013018823597028651,0.024404441543992527,0.03562660299907542,turnover_gain,344
0.02400033396367202,0.006039464835279502,0.013105024780027641,0.02407185444456908,0.03548156448890909,turnover_gain,345
0.020420526141622847,0.004812687625480975,0.010852782314200041,0.019899741454441094,0.02998462872901741,turnover_gain,347
0.027963953862369162,0.005944856947187204,0.016617871555252503,0.02785215719433285,0.04131726841404049,turnover_gain,412
0.02700498112765658,0.005628235191884497,0.01665342734944143,0.02694352689294756,0.038089382320238015,turnover_gain,413
0.027490419113681917,0.005758107142339808,0.01788575807281277,0.027215293350472156,0.03892580936416748,turnover_gain,414
0.029903413390324773,0.006070136914795902,0.018439680990825918,0.029442816320404738,0.04334508603647321,turnover_gain,415
0.03009341609524688,0.0065366929759589285,0.01692775623387154,0.02974971095417572,0.04349250805089396,turnover_gain,416
0.020904919631037355,0.006112613956933488,0.010261298040101476,0.02073922275081977,0.034105724462015076,turnover_gain,417
0.02202603355307269,0.0057283323227615675,0.012009773872039439,0.022190415903062304,0.03354890266396704,turnover_gain,418
0.03843494760082259,0.007304465463613039,0.023976367467220264,0.03846078538997419,0.05199591606842181,turnover_gain,483
0.030047173410654424,0.007131260552560926,0.017292566263799842,0.02975027016084391,0.044171045913769996,turnover_gain,484
0.030669769791139046,0.0072320765301642775,0.017450792375929638,0.030523132191493066,0.04571306006280589,turnover_gain,485
0.034686941671424644,0.007169376278574054,0.02144832473066422,0.03471850598836646,0.04938330793313607,turnover_gain,486
0.030478945701773622,0.006752601489903079,0.01853097931398904,0.030295038215391267,0.044910202763215404,turnover_gain,487
0.041662342017494955,0.007736224122489757,0.02614055537983483,0.04123197207198197,0.05647700277713197,turnover_gain,554
0.042510658078373724,0.007839256657117719,0.02708179284246231,0.04245881083165566,0.05724131754939014,turnover_gain,555
0.037228880750234956,0.007376035457133652,0.02344568650715435,0.03741838671347709,0.05222702386937648,turnover_gain,556
0.03402918608980399,0.007196742943426679,0.019778921686511446,0.03369521852912072,0.04896476933762269,turnover_gain,557
0.0354100016358996,0.0072466039580572315,0.021166851272182662,0.03525497525184201,0.04985975153891472,turnover_gain,558
0.03620955330173428,0.007489259506764975,0.022231768653011155,0.036145555032093706,0.050625673455611066,turnover_gain,559
0.027271462836221706,0.006437792011748831,0.015630734924780676,0.027028037442532828,0.04045133641620535,turnover_gain,560
0.021551058126584994,0.005216580497822378,0.01126269701169357,0.022226173541963015,0.03134306756953138,turnover_gain,561
0.02279118120743083,0.005126080469782521,0.012313803015842981,0.022542022171239587,0.03251846348970498,turnover_gain,563
0.020519882228594764,0.004818823606704467,0.012347560975609757,0.02062259887370002,0.030920040145900322,turnover_gain,564
0.040156191111955564,0.0091270269625211755,0.024148386724957893,0.03957707896317876,0.05933733086675592,turnover_gain,592
0.043253213134870114,0.009139409342426448,0.02593110757701529,0.042514291947183924,0.060996223899400695,turnover_gain,593
0.01920072489066482,0.005724126863234088,0.008888596864005865,0.019467629307321817,0.030594417205915516,turnover_gain,625
0.020776089410465246,0.0057348628590489885,0.010793869484749152,0.021190195947780557,0.03238668927214943,turnover_gain,626
0.022638409216959525,0.004939089197375982,0.014432566843508217,0.022791011032630794,0.033314868460072755,turnover_gain,627
0.02206308428710642,0.005004057687127185,0.012743828971566215,0.021475609074672726,0.033200848625479965,turnover_gain,628
0.02511882871096897,0.005332678637936419,0.01634447162550602,0.02465100378587739,0.03620497315064722,turnover_gain,629
0.02606345642667639,0.005549558929499501,0.016129009484410487,0.026032496251558842,0.037573867812640084,turnover_gain,630
0.02971883109995925,0.006548866011911371,0.017701654889034274,0.03015080974415156,0.042800650660011555,turnover_gain,634
0.028718998270006797,0.006562292786364521,0.016733788528760094,0.028411890787745024,0.04082905831524351,turnover_gain,635
0.02471320700856506,0.006480921095403616,0.012676428329952671,0.02473041545113467,0.03841594094495755,turnover_gain,636
0.021748590188909515,0.005834068304603589,0.011859009576612903,0.021949613133756155,0.034039452727471296,turnover_gain,637
0.02343987892092326,0.005375534931758072,0.012213430234578954,0.023465884276915074,0.0340732654108322,turnover_gain,640
0.04488167635476019,0.011228884318165995,0.023307830386777754,0.044501594007208344,0.06736264520413812,turnover_gain,663
0.042085671515769946,0.01055391700590581,0.02339130428685223,0.041451146820865134,0.0637380417755501,turnover_gain,664
0.04476547103999613,0.010388781945114691,0.025250109301731136,0.04472104102038312,0.06553031070034164,turnover_gain,665
0.03996563974293289,0.009895066111287982,0.022731102780794543,0.03969485198622965,0.058404672042797964,turnover_gain,666
0.027353467030766406,0.007021143319328233,0.013867394318987227,0.02710533771491188,0.041852349839680836,turnover_gain,696
0.022417474423908335,0.005764874345042417,0.010944897835199772,0.021954510026345818,0.03494280887245517,turnover_gain,698
0.026823489056975715,0.006108433240142884,0.016529765332159146,0.026837069973810912,0.03883623186645446,turnover_gain,699
0.03499076264520508,0.008119311129294355,0.019351324212091542,0.03482114991119366,0.05030507044977009,turnover_gain,700
0.029423433680148534,0.006726062475235058,0.016186924262517697,0.029439948383866932,0.042927423389339435,turnover_gain,701
0.023609589025529027,0.006702949811178277,0.011746403955008885,0.0233589956131556,0.037296253342218144,turnover_gain,702
0.014745974374383316,0.00468360514067935,0.005983582949308756,0.014066352469900142,0.025379877077620367,turnover_gain,704
0.01410467300386056,0.004513066649792477,0.005769458365765839,0.013491811467849713,0.02331159413115082,turnover_gain,705
0.03207524250262407,0.006497318521214319,0.0198297045352572,0.032059063529434786,0.045083342923530764,turnover_gain,706
0.037535226555585395,0.0073427369050034245,0.025037466092988833,0.03765738460739381,0.05204918919685539,turnover_gain,708
0.03444822846476016,0.007053234995406901,0.020299727573956414,0.0345438577490447,0.04835631671512019,turnover_gain,710
0.03371380796341355,0.006834193722828445,0.020383899990019036,0.033391997495044505,0.046496218879322246,turnover_gain,711
0.03327731924104413,0.0068283767646663595,0.020126796251785387,0.03337837920487395,0.046386898497072435,turnover_gain,712
0.022422876251291645,0.005614984580171659,0.01204630304338467,0.02225752788920589,0.034063127726349916,turnover_gain,716
0.028662293140441573,0.0067932646849181615,0.016243022326037956,0.02806863795434062,0.04320518594287627,turnover_gain,717
0.051907799178892315,0.010604326021740867,0.03198187890155745,0.05117980165630714,0.07356978734170783,turnover_gain,735
0.04047158792894328,0.008573366108555237,0.024002626089957207,0.04038658738258515,0.05697946677882125,turnover_gain,736
0.040626201213104216,0.009488839608618018,0.023067266067266067,0.04019210028627837,0.06048584177892382,turnover_gain,737
0.041795246454626525,0.008679880314407504,0.024073414666721978,0.04157677840912846,0.05969616430775468,turnover_gain,738
0.024753430881337704,0.007227177936140153,0.010254734117952085,0.02506256385275034,0.038347833672240886,turnover_gain,772
0.023964842257115915,0.00635659696560732,0.01250043094045299,0.022853756126426532,0.03722300816333567,turnover_gain,773
0.023150645095286713,0.006429557391198079,0.011953636556289487,0.022308335802752412,0.036330504964109195,turnover_gain,774
0.025004679485470006,0.005920602008697458,0.01454095607049895,0.02481321032569446,0.03732971876627367,turnover_gain,775
0.02333366088884965,0.006518313364786662,0.012019982563600498,0.022579501497568724,0.03576917304466521,turnover_gain,776
0.026662583291547057,0.007223899200617577,0.013614362381564217,0.02634965499637583,0.04225684615757569,turnover_gain,777
0.021961851333841716,0.006183140079497111,0.011357748828619308,0.02127937910704901,0.03480975449069044,turnover_gain,778
0.013384518156335734,0.004278938398796981,0.0061979307794788425,0.012668112247821396,0.02258197197198648,turnover_gain,783
0.016554446873888195,0.004677905971185032,0.008031861239119304,0.016115398336313196,0.026057287129790937,turnover_gain,784
0.0242524701385159,0.005419927069364227,0.01353759526032145,0.024524957241006055,0.03455787416543249,turnover_gain,787
0.023123150157576818,0.005132254195194133,0.014494451110511307,0.022229034856227077,0.03472389045743125,turnover_gain,788
0.038230844948763,0.009752336169290821,0.021177509445221763,0.03800559340625092,0.05719109255664219,turnover_gain,804
0.059751845082009133,0.010918208202142583,0.037845351269053695,0.05937896663810609,0.07970729412596973,turnover_gain,805
0.056068623183569394,0.010979217345289581,0.034343993190693436,0.056574497010080375,0.0757976055617962,turnover_gain,806
0.06346055387873241,0.011808788920403504,0.039857030110359355,0.0637455098142581,0.08563793691600691,turnover_gain,807
0.05917777138544474,0.009988971618771018,0.04153838817199506,0.058810154374143365,0.07972966438764639,turnover_gain,808
0.04088514343129337,0.008947077392478015,0.02451391180489602,0.04021920849677471,0.05949571841426397,turnover_gain,809
0.033824382650974455,0.007764656274557591,0.019705474705474707,0.03328402900320708,0.04973992601055798,turnover_gain,810
0.040007989496320964,0.009380770310366372,0.022364176393781656,0.039484654813210285,0.05745184838188431,turnover_gain,811
0.04305953775691776,0.009785946396560843,0.025386046133853153,0.042790480228378364,0.06237567925067924,turnover_gain,812
0.061220411118981556,0.012131613846611431,0.03685743867079484,0.060482105845635105,0.08364906734804084,turnover_gain,813
0.022296105318303495,0.0048795258514758,0.013358711898788235,0.021600442932698347,0.03254078571221152,turnover_gain,845
0.01601013706262956,0.004711684958502133,0.007736296545980759,0.015453666207647465,0.02659705855945037,turnover_gain,846
0.022485136082652655,0.005119515896628254,0.013358495035498852,0.022756781615410747,0.032631962366737516,turnover_gain,847
0.027119822033487298,0.005869057035629096,0.01622883825476466,0.02657324535924614,0.03892471507836117,turnover_gain,848
0.02858445552763137,0.00576161281485595,0.017746560976752906,0.02836960205529549,0.040757845050807484,turnover_gain,849
0.027797067953882624,0.005776583506671083,0.016708547182142215,0.027518395045088975,0.0384368374852645,turnover_gain,850
0.02601018776717785,0.0058401321124518955,0.015816083499071345,0.025916050362479126,0.038764248507943015,turnover_gain,851
0.02451040677441853,0.0063565782978078,0.012991005624215702,0.024065808257713962,0.03742831035215916,turnover_gain,855
0.024748930683456988,0.006628837921831227,0.012727680139526694,0.02390926543005631,0.0377033144014449,turnover_gain,856
0.02398708303623457,0.005957046612548937,0.013642536258451151,0.023881347594775306,0.03649241310400189,turnover_gain,857
0.024761350007531237,0.005820784834678742,0.014160767154522936,0.02459253553050441,0.036276554471295276,turnover_gain,858
0.025806909962673017,0.006085947335827898,0.013286313760296153,0.025352235649101714,0.03853067117677382,turnover_gain,859
0.026325419161730132,0.005989089978883748,0.01570315870841852,0.02555181803534444,0.03888699555615021,turnover_gain,860
0.03704956671541611,0.011104614619614131,0.016384778625832052,0.036450982043178634,0.05879915995607526,turnover_gain,876
0.047449565156354,0.009968260805806999,0.02699682040859994,0.04774210467448722,0.06536127060268965,turnover_gain,877
0.04442891493386836,0.01009745817593346,0.026424458277629233,0.04454359519511185,0.06527926391506791,turnover_gain,878
0.04674753548743255,0.009842254471092188,0.02646987173112615,0.04625357197396131,0.0650879955539882,turnover_gain,879
0.04350378827284668,0.008619559376383498,0.028382058320298217,0.04301894749134934,0.06055981985439706,turnover_gain,881
0.043258056512747875,0.008877010515210932,0.02729300734485735,0.042457586142820906,0.059798788864793874,turnover_gain,882
0.03873376842567218,0.009547946881324992,0.023266915571337653,0.03807366984193421,0.05711461752297069,turnover_gain,883
0.045955468206964466,0.008751945336239011,0.029469862852857243,0.04549479047633733,0.06411858114755209,turnover_gain,884
0.05700898895449645,0.011408572276290553,0.03417765034318362,0.05779421212963877,0.07846734001738996,turnover_gain,885
0.02632985995916334,0.006153777274879029,0.015351915794922087,0.0258042661447239,0.038980990867444845,turnover_gain,916
0.027279186423528695,0.006981371731807222,0.015199225994514117,0.026283619757856175,0.04157755432971912,turnover_gain,917
0.03208710752800729,0.00786485751161844,0.01730274355248203,0.031670809383142214,0.04946667081347067,turnover_gain,918
0.0227916751808706,0.005949135521134406,0.011704541240172079,0.0234292480564713,0.03531059587617858,turnover_gain,920
0.01929118611767262,0.00568452270645861,0.009479307053009884,0.018995305548440956,0.03065986049319261,turnover_gain,921
0.021330514987458842,0.0062107377494331146,0.009154089571729758,0.02087317479995138,0.03355790599700342,turnover_gain,922
0.023029405330715767,0.005696480652033437,0.012969220953751491,0.023397659139368216,0.03483049316080169,turnover_gain,923
0.024130268860079813,0.0064356230505642105,0.011972881678070358,0.02409748294947961,0.036294637250478864,turnover_gain,927
0.024392458058666345,0.0072708832387220045,0.010335224567309289,0.02440265275628222,0.04008382808744152,turnover_gain,929
0.02108836245389158,0.005852074926287817,0.009456282380700473,0.02114809008068036,0.03267918593192838,turnover_gain,931
0.03957426061910043,0.009292290437468131,0.02282042847503374,0.039457187805010105,0.05787264933257556,turnover_gain,947
0.033411680437491285,0.00934547444915083,0.014704590061202937,0.03200267425810904,0.05174261762093025,turnover_gain,948
0.05047958691075063,0.009855179687716245,0.03049742670778357,0.05079036249734352,0.06957345264506301,turnover_gain,949
0.033271283270314804,0.009265527046838806,0.017609989648033127,0.03189931004040726,0.052202007288718176,turnover_gain,950
0.03533160380605759,0.009036309680248942,0.017406763874000513,0.03450658908405387,0.05449269356256114,turnover_gain,951
0.03805746607051094,0.008276016816214546,0.023177021561011285,0.03773680515360045,0.05510549055434879,turnover_gain,952
0.04314699441449666,0.009771350806684613,0.024258338504431497,0.043553827928827935,0.06276552451706695,turnover_gain,953
0.05673708675185366,0.008250804933841486,0.04161060757533138,0.05612830655060323,0.07268841608463975,turnover_gain,955
0.054632607530201376,0.007847908391583704,0.03949989938790118,0.05433668914709824,0.0710931776653489,turnover_gain,956
0.027461860035679332,0.006677399430244408,0.015358468442047234,0.027712064272552087,0.040912790042889814,turnover_gain,985
0.026641736629143712,0.006439057938246973,0.01515029165527667,0.025627809074357626,0.038666179435008524,turnover_gain,986
0.025148326313134114,0.0065894089622634605,0.01247284350065212,0.02463378069674472,0.03881773224478458,turnover_gain,987
0.0196786770356582,0.005340673395248111,0.009410849103253441,0.01883183384568303,0.03014854835372601,turnover_gain,988
0.019562717276013712,0.005442710325779446,0.009301464984233142,0.01878309255645704,0.03006477534483993,turnover_gain,989
0.01899945806728511,0.00522463372742145,0.009008515414765415,0.018276032496215983,0.029734873790967842,turnover_gain,991
0.01997755706866288,0.004890716471753154,0.01084698416391429,0.019757599076567912,0.030112013221507656,turnover_gain,992
0.019764221450654824,0.005212340488334484,0.00890867113557932,0.0196816597240221,0.030727185265458326,turnover_gain,993
0.018081403553042413,0.004309507468271763,0.010545297685441926,0.01736891123920074,0.026054826941696727,turnover_gain,994
0.014382072932505431,0.003952220982856353,0.008185091474637522,0.014671895862981696,0.022821212409737057,turnover_gain,995
0.014992473989982375,0.004031633187027736,0.008351715808889743,0.014674125636692483,0.02308013621252826,turnover_gain,996
0.018577260020738156,0.005060605733721538,0.009999891822584843,0.01816431317897828,0.028902392571033934,turnover_gain,997
0.02128954005055932,0.005319709092567513,0.01190408371805087,0.02146630897399844,0.03295052036328162,turnover_gain,999
0.024335937627666015,0.00545150245685678,0.01455260973519722,0.023969093704075288,0.035409809424270695,turnover_gain,1001
0.01957821738523255,0.005067237946911823,0.011142622423029089,0.019942724163406252,0.02937174777706577,turnover_gain,1002
0.02011934487757999,0.0052941585910832,0.011120344102412104,0.020052840936055354,0.03139808187785618,turnover_gain,1003
0.03910144829952462,0.010307634303711705,0.02036227729171132,0.03940785047747716,0.06049314912245046,turnover_gain,1018
0.048597089945974774,0.011300881493414273,0.027392011581697052,0.04785389328350502,0.07138294429004438,turnover_gain,1019
0.05495451990073696,0.01194398671382542,0.03181390455142975,0.054476078912287,0.07778333215489298,turnover_gain,1021
0.05210726154269383,0.010845706811964803,0.032598507208927166,0.05112842037512421,0.07437362721458297,turnover_gain,1022
0.04476246071592496,0.010262406278194457,0.025802413166543605,0.044301048140650945,0.06513282466723518,turnover_gain,1023
0.04772481069528518,0.009999637385693682,0.029522725216290378,0.046850690962915095,0.06901903595347889,turnover_gain,1025
0.050081161938562,0.010548605497571382,0.03270623701033606,0.04994085782019776,0.07197955433833214,turnover_gain,1027
0.047347166637808184,0.010526067035771428,0.02910691235932555,0.04641414056085377,0.07036023267607512,turnover_gain,1028
0.04531560633950119,0.009421292450713069,0.02808145777583907,0.04498795495202103,0.06377065919893539,turnover_gain,1029
0.02836315212495081,0.0068120871591089835,0.015768736114904012,0.028605116253880368,0.041954755173637455,turnover_gain,1055
0.023284650648216845,0.005908448207550489,0.012381996348117595,0.022652468169849452,0.03504406392548672,turnover_gain,1057
0.02545412171276693,0.00533672741019293,0.01579527224772366,0.024931652158075607,0.036385985283266885,turnover_gain,1058
0.02140128450032413,0.006065580553104492,0.010540239400845084,0.021086921608680052,0.03431066279153233,turnover_gain,1061
0.02126890420790061,0.00567370995571203,0.010832568912911966,0.021084432048443975,0.03243464344084831,turnover_gain,1063
0.02428516060087794,0.005574003925054331,0.01426168736984012,0.024250287520000368,0.03519391354716409,turnover_gain,1064
0.024278271903269824,0.005849189498246252,0.014429029914595064,0.024372206894537552,0.03630710458144804,turnover_gain,1065
0.023568421651956172,0.005958749502552459,0.012379497060556324,0.023344535614046976,0.03548990167233702,turnover_gain,1066
0.025344769432125467,0.006344602375987624,0.01426161104223718,0.02436368751095555,0.0382169581628954,turnover_gain,1068
0.02550866951568246,0.006583716562090645,0.014133525915129685,0.02432109490479728,0.04019427754164288,turnover_gain,1069
0.022321799066367744,0.005566362585852895,0.011574376488130717,0.021618405266945268,0.033003076663052924,turnover_gain,1070
0.022584283626139998,0.005516966266529831,0.013454884047916034,0.022556635502952605,0.03397844185683101,turnover_gain,1073
0.023501594492629004,0.00598847091209573,0.013197142310225729,0.022915654873202043,0.035879049061485445,turnover_gain,1075
0.021806580137751448,0.00568984068805674,0.0114905381698606,0.022193894738516018,0.032265129644468295,turnover_gain,1076
0.0564774271666915,0.011044912370462196,0.03543130284290084,0.05590909627965398,0.07796316165930034,turnover_gain,1089
0.05582183399021193,0.011122576921686113,0.036196170976560395,0.05521968081578063,0.0766205742927302,turnover_gain,1090
0.058018129276456956,0.010723916596171987,0.038195435843184494,0.057712999459925626,0.07941188930377771,turnover_gain,1091
0.05626595511208022,0.0107714609144952,0.035684187250965255,0.05642031926938128,0.07760354404336131,turnover_gain,1092
0.05425191158008793,0.00982260675260414,0.03653978287520424,0.05384575305001821,0.07617591895755593,turnover_gain,1093
0.054060841922970726,0.00984239983276462,0.03514661906187729,0.053376684447187385,0.07313491132660747,turnover_gain,1094
0.05440807146428275,0.00893189692114589,0.03824095947863069,0.05419129021120083,0.07169586765276638,turnover_gain,1095
0.05069473436318061,0.009966903976870308,0.03357726612782656,0.04994095735812604,0.06973227539508539,turnover_gain,1096
0.05021616696034852,0.010712442469940174,0.029335023504014724,0.04957261023880443,0.07032952523717723,turnover_gain,1097
0.052650616158442756,0.009953035882696377,0.033292150874509915,0.05258163916246476,0.0747066216018426,turnover_gain,1098
0.045994199425306616,0.010197348284421908,0.028004669397957406,0.04550783413871899,0.06806649628020743,turnover_gain,1100
0.04364128810434616,0.00983254261341728,0.025218878603156972,0.04347045749999337,0.06316952932940166,turnover_gain,1101
0.05177178873142542,0.007326367477814827,0.03737686872508919,0.051747658275469,0.066415711864434,turnover_gain,1103
0.03282141906036275,0.00730592771756061,0.02088919255062047,0.031622446986990065,0.04854607558557324,turnover_gain,1126
0.0295807469158511,0.006860237065548015,0.0174664706524602,0.029604072758773275,0.0437481559776329,turnover_gain,1127
0.027762491488815592,0.006430524919234729,0.015382549940757637,0.027775357342670608,0.0405832920823049,turnover_gain,1128
0.027302763899050668,0.006764517649666043,0.014682642373400237,0.027163332297184383,0.04075205082510419,turnover_gain,1129
0.026179720348263078,0.006634494767807576,0.014681861924111403,0.026322795218758754,0.03941974353421676,turnover_gain,1130
0.021876521861205943,0.005654560945482056,0.011407450626696318,0.0220456640998837,0.03359266248082322,turnover_gain,1131
0.01980409333987614,0.005023714955536914,0.01057497151402934,0.019143140297681733,0.029922748012145006,turnover_gain,1133
0.019410322979278274,0.005035978264133103,0.010470063025210084,0.018956364796451637,0.02931035985408009,turnover_gain,1134
0.014387092443166744,0.004463955747104214,0.006130732968520581,0.014204664584001998,0.02441740326278452,turnover_gain,1137
0.01354684029195127,0.003964303684543301,0.006181411732827531,0.012553700692692807,0.02248323829753682,turnover_gain,1138
0.013138270312785237,0.004334418631001533,0.006181693989071039,0.01238964527650209,0.022811706641952922,turnover_gain,1139
0.01368429190083845,0.004210133507502809,0.006130047980807677,0.014033288374358398,0.02238100984546198,turnover_gain,1140
0.018780201986413305,0.004844231646831112,0.009720203488372093,0.018973872892272384,0.028624764096138705,turnover_gain,1142
0.021291677519639073,0.005135385551533693,0.011405868330975429,0.020618511651261634,0.03133921331233353,turnover_gain,1143
0.024090212004963724,0.005308329921835086,0.013494720391897513,0.02420636038594208,0.03497049513324439,turnover_gain,1144
0.023925523666312586,0.005179021265494902,0.013905100596997398,0.024141598959436322,0.03375516026470517,turnover_gain,1145
0.04487243285923303,0.010451617813702876,0.026841104609129123,0.04444945815377875,0.06464471094168622,turnover_gain,1161
0.04232451912837204,0.010691126851639738,0.023606487322758954,0.0416953639515642,0.06386636808846681,turnover_gain,1162
0.0445473448796327,0.010441012411645016,0.024662461522384136,0.04475418551002143,0.06388039965860734,turnover_gain,1163
0.05050096585222955,0.009725853369646235,0.030786936300304657,0.05045520795825781,0.07035189697728855,turnover_gain,1164
0.043601844641219856,0.009596153096134678,0.02608835203519307,0.04302308220104791,0.06163786018788313,turnover_gain,1165
0.04069452267398429,0.00996342931235683,0.022283856636549693,0.040746939627536644,0.061216648494045754,turnover_gain,1166
0.03897779328432401,0.009400988919156876,0.02202308263875428,0.03910930616775873,0.05919680001471204,turnover_gain,1167
0.04259645240595403,0.009566076725801972,0.025064682907762006,0.042507774572991965,0.06377496213796523,turnover_gain,1168
0.04466312515192841,0.009607779532230564,0.025021551107531098,0.044953429953883926,0.0636973695302261,turnover_gain,1169
0.045874340041883455,0.0098672642676244891,0.027940750554121166,0.04573507305924186,0.06529384176940056,turnover_gain,1170
0.04735071301987631,0.01010120033726136,0.02910149314601604,0.046220122276421666,0.0704827349300461,turnover_gain,1171
0.04726327737687825,0.009377650402083958,0.030843458043583138,0.046959383422232395,0.06639589173378152,turnover_gain,1172
0.04540599334873003,0.009552354692230288,0.02756837840770111,0.04550297903683838,0.06478204641468263,turnover_gain,1173
0.04724459379254361,0.009114164371191016,0.03056864286591279,0.04693987967731456,0.06586165965179046,turnover_gain,1175
0.04667611137184924,0.006732800141110145,0.03399616946526858,0.04635565076699483,0.060583815758271445,turnover_gain,1196
0.03658087722422769,0.006181430761540196,0.02442378623400245,0.03617193283151161,0.04896202881201536,turnover_gain,1197
0.029983153494232574,0.00526890098952464,0.019457009069203737,0.02979808327150863,0.04033276890746901,turnover_gain,1198
0.02811779359597365,0.005300766256109743,0.018931807534388962,0.027975183368706136,0.03960648674837542,turnover_gain,1199
0.02510261962841662,0.004877973742131503,0.015573642595000936,0.025183116802433923,0.035343718094871544,turnover_gain,1200
0.02358844009582778,0.00567841798367118,0.014263083287738487,0.022957231464329396,0.03522883248201797,turnover_gain,1201
0.023783434150585224,0.0059670284600270955,0.012856923593731051,0.023641208181800495,0.035907480569825755,turnover_gain,1202
0.020822448893520463,0.005122406417751048,0.011874491762748407,0.020088859777231814,0.031748162395857725,turnover_gain,1203
0.023332900934636164,0.00646880460755284,0.011276130186492029,0.023564412159571335,0.03662997933180009,turnover_gain,1204
0.021596504585368305,0.005787987201064505,0.012460017490397761,0.021173891430655463,0.033193231049218494,turnover_gain,1205
0.024205234119756256,0.005740890355742014,0.014120422617579268,0.024308711013687548,0.0362006690645344,turnover_gain,1206
0.023250198501477543,0.0057388008578596415,0.012447819449126213,0.022698739614914705,0.03582424812886116,turnover_gain,1207
0.02062778241811376,0.005656451993352575,0.010195793994230266,0.020234987256881706,0.03220096903448574,turnover_gain,1208
0.02167440885492462,0.00552728552571983,0.012513949694230132,0.021089076643238558,0.03275560454033741,turnover_gain,1209
0.021814358908902577,0.0055969029784741714,0.012485521090903715,0.02134456702374949,0.031964447344220936,turnover_gain,1210
0.019084182784379792,0.0053101890344401355,0.008887617853980803,0.019497983584175725,0.03021704183854174,turnover_gain,1211
0.018700127116841107,0.005083343721203649,0.010196558923084992,0.018276694698464702,0.028523861885602603,turnover_gain,1212
0.019611636846860122,0.0054280027316060435,0.009259115364828947,0.020218684901419773,0.030047170868675012,turnover_gain,1213
0.019134378730534047,0.005287390824122891,0.00919668872843442,0.018615366551687305,0.029900764595077,turnover_gain,1214
0.02100465655765939,0.00571538335305431,0.00915358708842911,0.020551432532344188,0.03211697699232292,turnover_gain,1215
0.02296261529074319,0.005750099682011283,0.011260814385814387,0.02266495632244376,0.03485341426288767,turnover_gain,1216
0.05566117519765811,0.010069149339232161,0.03726232559813307,0.05519459459301862,0.07534566386263407,turnover_gain,1234
0.05568734406108628,0.010093523153037595,0.03613656984549278,0.055797963656022714,0.07724610772464721,turnover_gain,1235
0.057104925345561414,0.009627630402997345,0.04057398589560066,0.05677374174792563,0.07648823184217482,turnover_gain,1236
0.055054116848456076,0.00972206763338306,0.03812015426866197,0.05419052519328751,0.07465103605024521,turnover_gain,1237
0.05856105703617473,0.009499768955460874,0.041921781343656345,0.0580108882050297,0.07958959666198362,turnover_gain,1238
0.05606273483908348,0.00920717066053751,0.03809977497071929,0.056140174382798586,0.07464894820828677,turnover_gain,1239
0.05848410587087723,0.009970511260993853,0.040367953209207,0.057847474406658536,0.0793790558208333,turnover_gain,1240
0.05033615848360737,0.0088293077993539509,0.03361657750032032,0.05039091982565358,0.06732553812895803,turnover_gain,1241
0.03977018705572945,0.008793260125917225,0.0248378099102726,0.03986741760893641,0.05762106863202745,turnover_gain,1242
0.051454354491615485,0.008770479511131978,0.03434913627960437,0.052080492082114016,0.06741432285648716,turnover_gain,1243
0.05741288319174842,0.009723126510974537,0.03909962832385437,0.05753704070274986,0.07605743033770487,turnover_gain,1244
0.06297941183636058,0.010436536681332854,0.042502642056839304,0.06294174849293566,0.08366940444553812,turnover_gain,1246
0.06245952364735127,0.010352595678531957,0.043463862489257085,0.06221868430196917,0.08429785273571408,turnover_gain,1247
0.055955317336358217,0.008852633740295955,0.03957446648497051,0.05583533694854381,0.07369057642266592,turnover_gain,1248
0.056591271167486835,0.008231716918212104,0.04168472191929765,0.05629948097217741,0.07348295648312901,turnover_gain,1249
0.03533350387439429,0.008088680896853129,0.020458779835240117,0.03533852830720321,0.051802389818082314,turnover_gain,1268
0.03332629059081106,0.00709271176649547,0.01951214308157215,0.03334546648392753,0.04771654967803125,turnover_gain,1269
0.03398792952405608,0.007335925230444067,0.019681750497949277,0.034133429540049685,0.0472192656483794,turnover_gain,1270
0.029528794218773878,0.006255950511079477,0.017581838481106275,0.028656934566644185,0.0429786966464321,turnover_gain,1271
0.028946481846572267,0.006259046470961998,0.018040028545860575,0.02853143526412977,0.041569886975720165,turnover_gain,1272
0.023984648311767033,0.005991953170037772,0.011726194266475963,0.023219282539536562,0.035954539005093614,turnover_gain,1273
0.022093182953606662,0.005722802184766909,0.011425764655904844,0.022244522077137355,0.03228868801896147,turnover_gain,1274
0.022517707737488336,0.005733510482440291,0.011505671643286324,0.022284048103505486,0.035250729676773014,turnover_gain,1275
0.02311724881704804,0.0058419918509890895,0.012949692081126741,0.023486863807853777,0.0346499702581394,turnover_gain,1276
0.022353558641815065,0.005415316871557045,0.012624322230353273,0.021509818239854202,0.03275681049369421,turnover_gain,1277
0.020016715366381995,0.0052623621069043435,0.010382936986269917,0.018993715775831352,0.031196642042070247,turnover_gain,1279
0.019164927108686135,0.005187528074037686,0.008297197477758207,0.018649100855756964,0.03036740908830494,turnover_gain,1280
0.017070926473567397,0.004895137059869927,0.008130612002510824,0.016329409096576424,0.028658357397067433,turnover_gain,1281
0.017153789868830743,0.00508140585408186,0.008016487142982028,0.016261512812452555,0.028035327798389718,turnover_gain,1282
0.01953084018936431,0.0050211305504410655,0.009856708301406001,0.019338696325368866,0.03073491329144799,turnover_gain,1283
0.021304147183710962,0.005120825859171028,0.011613674572882588,0.020924356545221463,0.03191992181491513,turnover_gain,1284
0.02427243568280271,0.005433161994132955,0.01350833549976556,0.024349393163611264,0.034545724687896004,turnover_gain,1286
0.024864874488637008,0.005781069298313741,0.014681167368762996,0.02536200072355805,0.03586601064661214,turnover_gain,1287
0.02493213746179098,0.005326236992831034,0.016086963850806178,0.02472050603184592,0.03597383810428868,turnover_gain,1288
0.024852877054545815,0.005216416177401805,0.016149821271174637,0.02484796444322156,0.035596933286727826,turnover_gain,1289
0.055340424816083776,0.011521570134649323,0.032841371497694,0.05605940580335168,0.07734187838134274,turnover_gain,1305
0.05596526867436115,0.011313125905578265,0.03617023423824772,0.05471542632867905,0.07798114299863208,turnover_gain,1306
0.054573251802659296,0.010769102667749214,0.034750691649406536,0.05459599996997727,0.07722143884804394,turnover_gain,1307
0.05776320910522799,0.01082943262196542,0.03981212672378465,0.057080801394862636,0.08067681950912953,turnover_gain,1308
0.0600399357641563,0.012339451483124318,0.03595411699936057,0.060358049006150244,0.084818549779356045,turnover_gain,1309
0.039112030374956176,0.010445261942276848,0.020464793236532372,0.039097915534745134,0.060118042448140896,turnover_gain,1312
0.03686055137183879,0.009131258123400378,0.01996563487188487,0.036760998771379366,0.05528759809231568,turnover_gain,1313
0.03908217065414335,0.007705058919444328,0.025910945630840704,0.03900860447320912,0.05538397169813981,turnover_gain,1314
0.03800942898491351,0.008027825327696905,0.022523643835047343,0.038011697916954176,0.05322318777835076,turnover_gain,1315
0.03816592008396443,0.008617106182242972,0.0231417046119421,0.03741320305277667,0.0556854820557425,turnover_gain,1316
0.04147371515974285,0.008641454812886957,0.025366786688322835,0.041577855856236384,0.06002246815966912,turnover_gain,1319
0.04074807607808382,0.00815121827867135,0.026030562598755625,0.04099333810300079,0.05643870694184033,turnover_gain,1320
0.04257859527584088,0.008946832815408676,0.026430230768090784,0.04137164356914503,0.060565692014565596,turnover_gain,1321
0.04294108849451833,0.009732579858459501,0.024213315160086266,0.042628766228415244,0.06229190452415894,turnover_gain,1322
0.03675537376545926,0.008991324778571324,0.020805884862422998,0.03685780790291324,0.054455293092723185,turnover_gain,1328
0.04406133604350604,0.008854545972130303,0.027115502652015178,0.043856079269426376,0.06108799879371848,turnover_gain,1339
0.04223508597432054,0.008017450698448005,0.02622531059471558,0.04209101375249021,0.05928473861935623,turnover_gain,1340
0.04150277823902587,0.00853722128062807,0.025759064738253117,0.04159737904419774,0.058383825348539885,turnover_gain,1341
0.036028703249862154,0.0057390896984097295,0.02486379333095999,0.03612188057183753,0.04770806710120668,turnover_gain,1344
0.0328427871198458,0.006071635782437391,0.022348605179241015,0.03287354419045223,0.04498564440943462,turnover_gain,1345
0.03234182100330128,0.0063283698988902065,0.020114979342060288,0.0318138856432264,0.045464397344084674,turnover_gain,1346
0.02675842151157256,0.005985591441200008,0.016527839092938215,0.026446840899316135,0.04000654418659549,turnover_gain,1348
0.022795316610182328,0.005762262986923164,0.012196855716524376,0.022486276001188604,0.03422161056582102,turnover_gain,1349
0.01968874580141018,0.0049955202785847575,0.011442767448939486,0.01946148178370228,0.029223853403561477,turnover_gain,1351
0.019653532372918607,0.005209555764437799,0.009598524759357425,0.019355622258942513,0.030661565160230594,turnover_gain,1352
0.022165295640060676,0.005224391386543727,0.012984945286433342,0.02227821090632465,0.03315890214093664,turnover_gain,1353
0.022678245955595963,0.005135167353845833,0.012963158693647446,0.022427402011642013,0.03297001432905619,turnover_gain,1354
0.020171484907864995,0.005084695133232704,0.010895313678864439,0.020055974334814018,0.030572200962027618,turnover_gain,1355
0.028149162890807412,0.006894153749485866,0.015735717858035934,0.02813193487116787,0.0416270158330272,turnover_gain,1357
0.024778761250114953,0.005994215664942427,0.014497874033346844,0.02494806220043785,0.03761707006953168,turnover_gain,1358
0.021931714551494796,0.005559602127500916,0.011834567817085811,0.021841142509703038,0.03172462010298881,turnover_gain,1359
0.01903626750460895,0.005066627364920701,0.010558784954659828,0.019042274457585905,0.02943207848481806,turnover_gain,1360
0.021119390562241835,0.005620825144047607,0.012244214550916503,0.020663973050037344,0.032340672658137136,turnover_gain,1361
0.05070058952781603,0.01120811661947783,0.02936947637588455,0.05018742081053186,0.07196339656804981,turnover_gain,1377
0.05450970310918605,0.010728077558943,0.03423839988564941,0.05416222820137845,0.07661257100522842,turnover_gain,1379
0.054221081479645446,0.009973689579020732,0.0358304599038874,0.054184032723755195,0.0748020757463332,turnover_gain,1380
0.05670835686748314,0.009818789869890652,0.03822290672290673,0.05640349478161091,0.07642121365199639,turnover_gain,1381
0.04134333960741951,0.010567516046058543,0.02054714340073929,0.04173322046129063,0.06342308025800827,turnover_gain,1382
0.045224544290105174,0.008980287776247075,0.028367176511954993,0.04455685917533307,0.06443361058145002,turnover_gain,1383
0.058157951505103195,0.011393721121386553,0.037727801979031104,0.058568760733849375,0.08051304747277116,turnover_gain,1384
0.05376389452074778,0.01165951231219886,0.03161106753583257,0.052693131064841595,0.07897931485259878,turnover_gain,1385
0.059990471349165846,0.012225844871169109,0.037539453682905975,0.059057329076175495,0.08438671527518588,turnover_gain,1386
0.04322921206947926,0.009464113180749856,0.026402042077222753,0.04286337997749173,0.06278322582490199,turnover_gain,1393
0.042644963154362316,0.00920034064431836,0.02376805248080802,0.042537291881622113,0.0602982283757169,turnover_gain,1400
0.03149632938500969,0.007336289373590213,0.018219515525474766,0.031049122055962386,0.045983274746430366,turnover_gain,1410
0.026735857802695155,0.006831672089704044,0.013496997010256124,0.026621010537724393,0.04009542816554483,turnover_gain,1412
0.02598821289819796,0.006151958672280556,0.013313021702179474,0.02611451273527868,0.03769095384887201,turnover_gain,1413
0.024404579047080786,0.0055590903076021565,0.014341453390207056,0.024743498276683547,0.0368621550852177,turnover_gain,1414
0.020306478181946017,0.00531563985822872,0.010111768679624924,0.02026190620348324,0.030368955433402192,turnover_gain,1415
0.021566646840162892,0.005541143797685392,0.01156885933507754,0.02128264906877489,0.032542619562237717,turnover_gain,1416
0.027363172909100345,0.0059888688352110276,0.017265019027817918,0.027315507923443304,0.040001905238859777,turnover_gain,1417
0.023883918684271848,0.005879094419890214,0.014047162068392323,0.023377962481543203,0.035883034280959805,turnover_gain,1418
0.02417972351296458,0.005735074459262764,0.013113114610891506,0.02392824660758472,0.03593528138165401,turnover_gain,1419
0.0213495900445715,0.005897742999858527,0.010941569952813979,0.02076704989114744,0.033064743078871535,turnover_gain,1420
0.01957600027079356,0.005522577684623816,0.009750716968427638,0.019556228883733005,0.031559118099774526,turnover_gain,1421
0.01834832561109356,0.0056645378076828744,0.00949980574553885,0.017413659831942718,0.0310259735228031,turnover_gain,1422
0.019840243183383333,0.005317892676326091,0.009599614761828504,0.01910087916481163,0.029831517801780456,turnover_gain,1423
0.0208443545887334,0.005346401190210781,0.011435702371821295,0.020870680477952475,0.0308133487077338,turnover_gain,1424
0.022659959995354053,0.00513441546536102,0.012867474769382853,0.022183294488131305,0.033050913421860756,turnover_gain,1425
0.023147654805221844,0.005105341340683491,0.012773178730523525,0.02316637617692252,0.03422853275809369,turnover_gain,1426
0.020769150995930487,0.004663564685913161,0.012681691462548276,0.020324225533987425,0.029375259166398486,turnover_gain,1427
0.0259484956776319,0.005198207679172286,0.016558086007415086,0.025518453363663846,0.03639764819483333,turnover_gain,1428
0.03522261589207276,0.006456646946100905,0.022457937610079935,0.035205243481975415,0.04748272025587117,turnover_gain,1429
0.03475568745014793,0.006382223158852672,0.023059225337497404,0.03423345300835443,0.04722203805027845,turnover_gain,1430
0.0621271440033255,0.012422995187839691,0.039440636789162827,0.06105540941730458,0.08737451055018887,turnover_gain,1448
0.049484691108800924,0.01029293123326233,0.03091215396532179,0.049649732248322816,0.07143220209955442,turnover_gain,1449
0.04614362550354382,0.010268476934643993,0.027556614548073483,0.04629288441279078,0.06576845039708727,turnover_gain,1450
0.04277104847154228,0.009558198508998665,0.026800006812638257,0.041385783779303936,0.06093976260715183,turnover_gain,1452
0.028932032264319715,0.008826442262444424,0.014083665807631172,0.02850825112653757,0.04655631681236054,turnover_gain,1453
0.04195941098389401,0.00978331357275979,0.021031053188869244,0.04165457735318564,0.06078071800385057,turnover_gain,1454
0.039665025019398725,0.009165772697212948,0.021803466693572783,0.039771087528780946,0.0578565575683411,turnover_gain,1455
0.04984004171933937,0.010075473075115441,0.031999880824495716,0.04994688581535971,0.0701543306669307,turnover_gain,1456
0.05034477143880775,0.00973121643296029,0.03216166896966231,0.050314319869695104,0.07117444346598238,turnover_gain,1462
0.051643953498466746,0.009495731911773475,0.03434990495436694,0.051797650280948446,0.07076444239822025,turnover_gain,1465
0.0523875560836011,0.009136987338923527,0.03455668790234286,0.05230760596133388,0.07157451422275041,turnover_gain,1466
0.04988417390443998,0.008409850929822896,0.03477144315241878,0.04952305815959898,0.0677902710493367,turnover_gain,1468
0.05252785649064652,0.008741906250774282,0.035792116525765895,0.052335648769595636,0.07047818234231334,turnover_gain,1471
0.056353244205811455,0.009100479340840956,0.03957527958539933,0.055814276685607095,0.07463048863939829,turnover_gain,1476
0.052276191234314894,0.008067381586899649,0.03642321681822698,0.05162456263250277,0.06962245097236536,turnover_gain,1479
0.0488094263217756,0.008826821052422796,0.032895462533288254,0.04835823162558191,0.06629629224928721,turnover_gain,1480
0.04408168259244984,0.0073017480722312325,0.03115393311322201,0.04405735578957537,0.05840524072808753,turnover_gain,1481
0.03986175259275632,0.00689588228489716,0.02807626782449557,0.03998116942570061,0.05371610051743225,turnover_gain,1482
0.03140593895734403,0.007236350608211713,0.017859212323108165,0.031170705772376003,0.04520645533660832,turnover_gain,1483
0.02932198234648366,0.006874063090352177,0.017413155329795385,0.028758086773101627,0.041796348378839054,turnover_gain,1484
0.030658695077423144,0.00675317276721698,0.017587980567291866,0.030607201865995904,0.043894269409557096,turnover_gain,1485
0.03179863938203675,0.006818564805050177,0.019530637038257415,0.031200256119641324,0.045883237802252674,turnover_gain,1486
0.033179340569846116,0.006721151187047931,0.020316871587258593,0.033123960242362374,0.046719603233283835,turnover_gain,1487
0.03053047096323587,0.005856660221708578,0.019274350374669156,0.030273215005431064,0.04178166699464627,turnover_gain,1488
0.029246653462835965,0.006357979335830096,0.017474558201971604,0.028859957163699372,0.04181677570905347,turnover_gain,1489
0.041597656782796956,0.008384464322047348,0.026805939946133,0.04121519107758969,0.05721932001477096,turnover_gain,1490
0.029621625506424193,0.005496191145946855,0.01937717039020218,0.029525701000224266,0.04032516321615703,turnover_gain,1491
0.022281988486002033,0.00542714025760835,0.012275303541123425,0.022560946368098248,0.034064590634860364,turnover_gain,1492
0.023939952649788643,0.005367900903154737,0.013445322208414698,0.02425165889254595,0.0345431100981871,turnover_gain,1493
0.025696787986441073,0.005996407160579769,0.014610678662647765,0.025498866797174058,0.03755335013670895,turnover_gain,1494
0.02169952368254153,0.005465814203927173,0.012010196197910238,0.020875985640063044,0.03242986974611556,turnover_gain,1495
0.01900723626871587,0.0049180052764392045,0.010393722198564458,0.01915592837244688,0.02816453447812779,turnover_gain,1496
0.02343125722424111,0.005543012386261164,0.012966661155849508,0.02295317973402626,0.03658074864036609,turnover_gain,1497
0.018985220368076098,0.004506542065050156,0.010802280227805978,0.019080736996205046,0.02820715600571765,turnover_gain,1498
0.01718036607761218,0.004313488636174243,0.01047891693494838,0.017446279060776206,0.026487880790726608,turnover_gain,1499
0.017698877756530146,0.004567318801611141,0.00883957610683976,0.017605685842789997,0.026508079656350138,turnover_gain,1500
0.024530659145259672,0.005090653894658186,0.014830669243707406,0.024125038480964416,0.03446757312961637,turnover_gain,1502
0.05848297011640207,0.011231108808836536,0.037415064906559645,0.058143878058602105,0.08211502151723053,turnover_gain,1518
0.05916640090715919,0.011520841756654465,0.037864836709175224,0.05965896233881597,0.08112956193216435,turnover_gain,1520
0.06370135399506739,0.011646045925456941,0.04268345284893536,0.06281390875331744,0.08762675110410688,turnover_gain,1521
0.06464571467169762,0.010449661980437173,0.04570364786342657,0.06448570687485547,0.08712068737306995,turnover_gain,1522
0.062015990095911994,0.011270407089930812,0.04172327615435889,0.061732930211191084,0.08393105443592982,turnover_gain,1523
0.06441170569007197,0.007829835315426702,0.05019331692492816,0.06405679139701326,0.07959175619488486,turnover_gain,1528
0.06625941655562095,0.007935904231029002,0.05032130943298879,0.06647607339884135,0.0813629251824883,turnover_gain,1529
0.04900804821175367,0.00827135930255557,0.0350589080866682,0.04846368490284325,0.06653177803928517,turnover_gain,1533
0.0528694066195442,0.008900978832189268,0.035844276895672926,0.05259129949892767,0.07041666315256016,turnover_gain,1536
0.05263714849174945,0.008766901657807307,0.03549341607778605,0.05294556723259387,0.06901763626060593,turnover_gain,1537
0.05371069164069785,0.009474478294599674,0.0364987242553996,0.05361136901391283,0.07180004282935556,turnover_gain,1538
0.06176566269593768,0.009955206668831006,0.043600783295300836,0.06218802028843666,0.08082141146987777,turnover_gain,1539
0.06882664030548163,0.010304988006840411,0.050469289616782986,0.06918003753764353,0.08937314045093031,turnover_gain,1540
0.06455922147957907,0.00947157463861226,0.045181751106753015,0.06450938437908482,0.08240420722320571,turnover_gain,1542
0.048781457942370376,0.0075104599836135644,0.034894666451390347,0.04841512451996352,0.0652870079547083,turnover_gain,1550
0.04277820994971072,0.00688957495434273,0.029901232200666098,0.04275200515161961,0.05609259989159221,turnover_gain,1551
0.03937642234757543,0.0068404238228480805,0.02674096142239146,0.03933509721224404,0.053199729508569576,turnover_gain,1552
0.03879426201760874,0.006851113593165798,0.025953935954226657,0.03836497273750109,0.051172315693877514,turnover_gain,1553
0.040973504336306706,0.00658118311057029,0.02915794990070855,0.040724172538725886,0.05404883030269418,turnover_gain,1554
0.03734840135931424,0.006958704739931218,0.025017888515472306,0.03692657114517752,0.05075147798584796,turnover_gain,1555
0.031631852240632315,0.004633148946400934,0.023055321122548985,0.0313027221315964,0.040951330512648244,turnover_gain,1556
0.03260558066924955,0.004824869482123271,0.023094804169005397,0.03234154117435914,0.042035146318452586,turnover_gain,1557
0.03594167173675579,0.006065364879962663,0.02458693747571709,0.035698524438995016,0.0485576806172068,turnover_gain,1558
0.035037724701338376,0.006060475513217,0.025256274751257878,0.03500762135757572,0.04819127947155245,turnover_gain,1559
0.034544658537739956,0.0045677612603133655,0.0255978446594518,0.034642568983840744,0.04446518175514936,turnover_gain,1560
0.03365575485933248,0.004484451266893702,0.025117928774374673,0.03334715619182455,0.04138526954561941,turnover_gain,1561
0.03123924627181533,0.004546311673291434,0.02211762048112844,0.03133880802331417,0.03966312110241196,turnover_gain,1562
0.02870758331851839,0.003935990095702972,0.020748959489917687,0.028465394838317705,0.03627482634982002,turnover_gain,1563
0.02718572424439823,0.004099787543999937,0.01895349190130573,0.026976279053678963,0.03607921351143564,turnover_gain,1564
0.0263538211710163,0.003813932589224303,0.01894857589426068,0.026550203981528842,0.03438371580933013,turnover_gain,1565
0.01766933709014117,0.004814319919924293,0.008967839637369,0.017559407480666506,0.02758963936319022,turnover_gain,1566
0.013216682863813974,0.0038041649048100607,0.006980562839937841,0.012325511877411037,0.02082428500754889,turnover_gain,1567
0.01561182378498191,0.004145732319300345,0.00853834684558755,0.015378817892424356,0.023683912657892568,turnover_gain,1568
0.018378500230646824,0.004770913237801473,0.010224195032981822,0.018571558067182477,0.028685226735602042,turnover_gain,1569
0.021800165418657955,0.004522582479387603,0.013246555230714333,0.02165779492793437,0.030293873911099726,turnover_gain,1570
0.023883185833846417,0.004897008670284402,0.014794411299356982,0.02394353503807839,0.033555647112463324,turnover_gain,1571
0.05593780953766672,0.010461188991751384,0.036279173804304746,0.05572591163344588,0.0770089485550441,turnover_gain,1586
0.05373386814117165,0.010599606322463906,0.03452215968563974,0.05327908911716507,0.07401359839546029,turnover_gain,1587
0.05566441846412026,0.010278256939160704,0.034541132403182045,0.055216464573888506,0.0765209923271228,turnover_gain,1588
0.05512402219107505,0.010096916832211809,0.035842505336988524,0.05553447796476694,0.07357520631868558,turnover_gain,1589
0.05616729644089906,0.011007938106391002,0.03434626030884965,0.0561384309542257,0.07780285322210573,turnover_gain,1590
0.054650487592318525,0.011313580051983397,0.033942342095990403,0.05435351995799205,0.07761052812978349,turnover_gain,1591
0.0284592293018042,0.00999841814430302,0.010921515345268543,0.02832769897127454,0.05089645619961679,turnover_gain,1592
0.03436172969742058,0.010359415304216133,0.016832723089572406,0.034406936506421446,0.055824046629190986,turnover_gain,1593
0.06534135465717913,0.01072178620368151,0.044857017117687845,0.06550792914650913,0.08729106028067267,turnover_gain,1594
0.05778063688466752,0.009512444746084262,0.040063887646533125,0.05784386734096142,0.07552051726022832,turnover_gain,1602
0.04844394173028532,0.00914256940083177,0.029866190425848812,0.048359099794480616,0.06501687607830062,turnover_gain,1608
0.05897322783718849,0.007577830735985861,0.04500749032266807,0.05923680908304134,0.07349866785521224,turnover_gain,1609
0.05876941131314003,0.008255604098753819,0.04385190669874253,0.05887482926502356,0.07640404366323994,turnover_gain,1610
0.058374086362909305,0.008431658507862387,0.043734056312319844,0.05765384486373116,0.07674090038215836,turnover_gain,1612
0.05819654128742278,0.009299005334106342,0.03995999067213528,0.0584529085275002,0.07584500359723327,turnover_gain,1613
0.04000886517764887,0.00918542303170445,0.024222456357570768,0.03994044948840236,0.057908771010926195,turnover_gain,1614
0.04678624583844686,0.008810571264083819,0.030523685156055306,0.04691183983475535,0.06406188347002585,turnover_gain,1616
0.04999611964724831,0.008364295088340514,0.03405412933080212,0.04976383710587422,0.06619182565398118,turnover_gain,1617
0.0519328799293624,0.008485556649250351,0.037191481387774526,0.05137949747244436,0.07026340135938859,turnover_gain,1618
0.045547718872240094,0.007084903645796995,0.03268558116515683,0.04551950762784061,0.06040943386340661,turnover_gain,1619
0.04443237988865846,0.0067983867411008075,0.03135722940129427,0.044346428136420236,0.05638518775903439,turnover_gain,1620
0.03780635155005629,0.006338920537585826,0.026516549518185557,0.03753658676761453,0.051042938238072814,turnover_gain,1621
0.03593715504989305,0.0061876560881814315,0.02386583137310361,0.03593875819072456,0.04875455118366262,turnover_gain,1622
0.0360331172921151,0.005991773298173306,0.023319981422442817,0.0360781617548875,0.047844155430497415,turnover_gain,1623
0.03688660079301191,0.006757797231881796,0.024529952571964258,0.03685443701792787,0.04966891627902023,turnover_gain,1624
0.04085542809900498,0.008316648754228453,0.025905669811523823,0.040842075550558396,0.05727692177124544,turnover_gain,1625
0.03494405985067777,0.006266295902461911,0.023622877323894127,0.03504441148910738,0.048750133859692284,turnover_gain,1626
0.03912232198543634,0.009084577739782673,0.02220183855440755,0.038824502596834995,0.05768755451712049,turnover_gain,1627
0.03563765374823489,0.0048243413660578405,0.02716861651733882,0.035188431343162185,0.04538351951790107,turnover_gain,1629
0.036089726730298984,0.005001961142780309,0.027096993485616283,0.03604067352783321,0.04652998989945453,turnover_gain,1630
0.03569923566227651,0.005034853559526417,0.025318302030391954,0.035908063933955625,0.04516615040479662,turnover_gain,1631
0.01878844041690263,0.004526683176432152,0.010367744744922058,0.01879078343825881,0.02889708170502243,turnover_gain,1632
0.0186020911144014,0.00446392824705126,0.009978243111974566,0.01822054414306678,0.027928527401313227,turnover_gain,1633
0.018465935716945263,0.0041924419844679315,0.00979333207018466,0.018053626541647577,0.025847896640476993,turnover_gain,1634
0.01737472760429303,0.004056126447532925,0.009782709650974657,0.017677535550958055,0.025826114527950864,turnover_gain,1635
0.01976104761009276,0.0041102603025160375,0.011611387628866524,0.01948584136547706,0.027583932021272947,turnover_gain,1636
0.019148291686995784,0.004407191453711317,0.011302142213766417,0.019276045276982984,0.02867183968111992,turnover_gain,1637
0.02191751157409388,0.0053938202586888565,0.012156096602860662,0.02182250874143437,0.03229704164102539,turnover_gain,1639
0.020642448705334684,0.004355879150792043,0.011780820805484921,0.0202372588313321,0.02932000398428749,turnover_gain,1640
0.023752399689596877,0.004314424871611394,0.016086702624496053,0.02404558817825669,0.03205715267006866,turnover_gain,1641
0.023360791384669007,0.004824464965628314,0.013289867671309321,0.023018899894120665,0.03266656708089908,turnover_gain,1642
0.04660987553668463,0.01162786517347788,0.02588725077686795,0.04607843137254902,0.07074474875415765,turnover_gain,1658
0.0635033836607765,0.008125095851172815,0.04759479964109738,0.06314857704111326,0.07872372568416246,turnover_gain,1659
0.045477499837131646,0.0089106459737281,0.02931473244425089,0.04439224753097833,0.062020294076722764,turnover_gain,1660
0.046968512110437594,0.008874743170208563,0.03090751457076994,0.046379326466618076,0.06410017555106233,turnover_gain,1661
0.0474377184551747,0.008644772804057083,0.031222902238189635,0.047342984706827615,0.06522364584177641,turnover_gain,1662
0.0513600235452797,0.009499688509462973,0.03296557802789009,0.051137798797859776,0.0687531977975292,turnover_gain,1666
0.060127990699619556,0.00866905757406758,0.04335772070328679,0.0603950266600869,0.07735029353289277,turnover_gain,1669
0.0649602575972462,0.009674253287953268,0.04792016918320786,0.0645386929513207,0.0850096208527156,turnover_gain,1672
0.06744239469814861,0.00972629974020865,0.05001128794037246,0.06668786478617443,0.08814431037086949,turnover_gain,1674
0.07071620465197058,0.0111018538265008,0.049733836804859086,0.07063109855467538,0.09426899385908219,turnover_gain,1675
0.06737197158006493,0.012867811968441977,0.0450050416281878,0.06704136307948841,0.09552635158286947,turnover_gain,1676
0.06467780176993068,0.008871482169659804,0.04676709463491105,0.06431945601243334,0.08291676543867169,turnover_gain,1678
0.06929102002692586,0.010401996045822483,0.049958850863266825,0.06840033041717898,0.08963355492961006,turnover_gain,1679
0.06801652931713903,0.009995640157450927,0.04820514240167526,0.06702027555073994,0.08698846524920997,turnover_gain,1680
0.07163198251848124,0.01159996397750826,0.05050342643636265,0.07158299879497415,0.09609350342729446,turnover_gain,1681
0.04532727900259807,0.008286219856284827,0.03048976644967028,0.04511230307677243,0.06229666329128794,turnover_gain,1684
0.058564410477338825,0.006595662322634131,0.04576847300113651,0.0583411529757978,0.07174934013270345,turnover_gain,1685
0.0399469971439932,0.006624204385772381,0.02661696772818302,0.03981149198928762,0.05353806399424267,turnover_gain,1686
0.03970593266508623,0.006510465697846371,0.028719325342461712,0.03942517534424364,0.05295278796378419,turnover_gain,1687
0.03885159816582148,0.006594082975549196,0.025954492159828653,0.039439469795946445,0.05288407146243064,turnover_gain,1688
0.03678350578724563,0.0061900246184336165,0.025052261730783808,0.03650450230506107,0.04811164182837276,turnover_gain,1689
0.043605560964929374,0.005983836525789726,0.03270624107462704,0.043769272490585764,0.05493485480482569,turnover_gain,1692
0.04344554135730303,0.006561730591407757,0.03111403272767847,0.04373883419294758,0.05747744541210327,turnover_gain,1693
0.044957089347569375,0.0068784717667552935,0.032429945593637655,0.04441019331448573,0.05867348470555794,turnover_gain,1694
0.05106943040944852,0.007507709356907605,0.03663409910738843,0.051224465572911916,0.06587860544990547,turnover_gain,1695
0.04857610215503201,0.007239250968257455,0.03564693592264819,0.04787659401068353,0.06360017032510475,turnover_gain,1696
0.041358967216718306,0.00667057208964838,0.029295845085268883,0.0409204662983654,0.05560566228356719,turnover_gain,1697
0.0400129026910166,0.0057536552037508164,0.028995398456472313,0.039870106175007775,0.05083130753187863,turnover_gain,1698
0.03785455790966006,0.0057961081085394625,0.027496629900138098,0.037523249379656703,0.05061574328013855,turnover_gain,1699
0.03526480667369818,0.006099633620312191,0.023805383337968663,0.03548568055916555,0.04835837447476368,turnover_gain,1700
0.049548270454994166,0.009145643426784315,0.032486807759245125,0.04890196429404578,0.06801231744558273,turnover_gain,1701
0.0388581329927426,0.007714888088027125,0.024630074246173632,0.039092114131226006,0.05413816444408365,turnover_gain,1702
0.029149283352553436,0.006689310997359876,0.017687926993667,0.028665377830961035,0.044102612544456944,turnover_gain,1703
0.03930697655345103,0.00837496604395289,0.023830190283266894,0.038703590043085115,0.05818993291931802,turnover_gain,1704
0.03514555765930244,0.007631716541642716,0.02173402494596888,0.03551199631511226,0.0499182942571764,turnover_gain,1705
0.022433170141280122,0.005798196133693723,0.012322453030736688,0.0218575044139421,0.0343765187750077,turnover_gain,1706
0.02572128523907352,0.003957803274088711,0.01828055545549301,0.024976060856281457,0.03393703338292423,turnover_gain,1707
0.021290136432781274,0.004825181158219093,0.012463832878655597,0.021531800292791534,0.029709892747294745,turnover_gain,1708
0.023265062937547445,0.004854454345598632,0.013795691824565089,0.02302101089714985,0.03311776792877776,turnover_gain,1710
0.021196118007563096,0.0051012298801212715,0.012202355682200267,0.02090443169077484,0.030852459574035023,turnover_gain,1711
0.02187746436147283,0.005371525335800808,0.012009228068293921,0.022096460832585065,0.031257497719102086,turnover_gain,1712
0.06339267001696174,0.008241816570026128,0.04731011803860226,0.06370859712931284,0.07933324420295586,turnover_gain,1731
0.0499924033287312,0.01137806622115491,0.030798218835115205,0.04936523908674938,0.07321951060535835,turnover_gain,1732
0.04861726866436474,0.009273196810111801,0.0324553488446615,0.047599382099042596,0.0680172012215956,turnover_gain,1733
0.05368201397219576,0.009678554958761252,0.03587219553696387,0.05316764915353078,0.0726216425274138,turnover_gain,1734
0.05840256567671311,0.009293463394672649,0.04040458643139258,0.058484675151689675,0.07706195798110903,turnover_gain,1738
0.0634545805868326,0.008398531252103263,0.04655736338608261,0.06396120115696005,0.07959038431889713,turnover_gain,1739
0.06869346850500856,0.007477846306878884,0.055300689288130804,0.06831862751718265,0.08459714788689239,turnover_gain,1743
0.06835106071885587,0.007388844728795222,0.05460147010565917,0.06863172336059072,0.08283354927372732,turnover_gain,1748
0.06767214683616073,0.007432600017380014,0.053212792052172754,0.06740309062240463,0.0823306693760903,turnover_gain,1749
0.06770149654003942,0.0072704608835286785,0.053685218174238276,0.06775194996408727,0.08229703716756306,turnover_gain,1753
0.06558453119922282,0.00736003711949589,0.05098061227981991,0.06580104038356852,0.08006913066541636,turnover_gain,1755
0.06329867256387262,0.0070000995835625334,0.05029189070237608,0.06284057270721287,0.07694940498608978,turnover_gain,1756
0.05971358142793585,0.006574761906599455,0.04780282108714418,0.05947444492981424,0.07240264950239912,turnover_gain,1757
0.057452602668751185,0.0061540676404928775,0.045765914364919176,0.057713565470106754,0.06926427827152302,turnover_gain,1758
0.05660989931262893,0.005981891048317985,0.04500722424859648,0.056672970602233766,0.06857634493838313,turnover_gain,1759
0.05662975012857916,0.005952837975618704,0.04408627104919347,0.056481309492547274,0.06879772950883653,turnover_gain,1760
0.0554655209656323,0.00551857088866353,0.04532813360101947,0.05515660610820966,0.06659620425243597,turnover_gain,1761
0.054241929755955536,0.005369522397212209,0.04520996835289127,0.05407396671156768,0.06469491579307933,turnover_gain,1762
0.05356875594226999,0.004857404264529106,0.043848465571823175,0.05379287475269202,0.06248608110140174,turnover_gain,1764
0.05280577286758912,0.004945047346558252,0.0432562605501921,0.05304829955118258,0.06279597487103379,turnover_gain,1765
0.05065062410469219,0.004848783910424379,0.04109423645033088,0.05051266392965646,0.05992835857982932,turnover_gain,1766
0.04914936656172225,0.004849060346287766,0.04004646191640811,0.04936023595279493,0.05817388316506483,turnover_gain,1767
0.04739391065017282,0.004669811716402558,0.03841038728054202,0.047502309497352554,0.0563472672581531,turnover_gain,1769
0.044996439579128696,0.004760462387466206,0.03621899797833731,0.04516965037487115,0.05435829297459169,turnover_gain,1770
0.03796405487683004,0.004578595706826516,0.02913891397064474,0.03823757745815541,0.0469755659017452,turnover_gain,1772
0.03634842781028177,0.004547572937019465,0.027524689136321695,0.03649691309979399,0.045406994515409756,turnover_gain,1773
0.036576542793258865,0.004750386738237796,0.027301424623440377,0.036557563035641685,0.04585396290103707,turnover_gain,1774
0.03456481799572279,0.004850133890192226,0.025817258869357446,0.03461375452088416,0.04447328020843804,turnover_gain,1775
0.030653769359082133,0.004278313675375291,0.02288044457012399,0.030582585529493184,0.03938394960176252,turnover_gain,1776
0.027467521799617502,0.004078017004740276,0.019879455810090478,0.02742541153911094,0.03522927679326288,turnover_gain,1777
0.02640760996101671,0.0038600276165239706,0.018433680073206962,0.026116521869976112,0.033783364870951585,turnover_gain,1778
0.026119865210916856,0.003889035678938591,0.01962756088103622,0.025859733653354304,0.03374572876877542,turnover_gain,1779
0.030672570318179482,0.004021099263690391,0.02302365933658159,0.030591217268594206,0.039832756101847756,turnover_gain,1782
0.030328564051867485,0.004060985735523547,0.02282262194473946,0.03039002993185804,0.03828564625535227,turnover_gain,1783
0.06413957954747014,0.008409921626216971,0.04858525723325968,0.06362990758969816,0.08198959460663646,turnover_gain,1803
0.06404051320081991,0.008327853723307405,0.049657335821818686,0.0638497870635497,0.08007713579115167,turnover_gain,1804
0.06378035951031742,0.008137383448238859,0.04695440881818934,0.06462478032551378,0.07922859257113006,turnover_gain,1805
0.06344092431348758,0.007837478950257007,0.04876405181124164,0.06333493949735872,0.07863923508874957,turnover_gain,1806
0.06334390856208613,0.007859127291026825,0.04921272079003886,0.06303754256839365,0.07922330105794614,turnover_gain,1807
0.06191408785395295,0.008109523379515446,0.04746643358594452,0.06169377184425538,0.07856718936956072,turnover_gain,1809
0.07028196273497496,0.007267510316818765,0.056383415671819086,0.0699441798025432,0.08457302024619684,turnover_gain,1815
0.06969391959288396,0.007309044929421256,0.05683468778318684,0.06907158289782966,0.0842244179081084,turnover_gain,1816
0.07024066518868306,0.007452994543869927,0.056702932544804935,0.07036871942851744,0.08483850216952701,turnover_gain,1819
0.07002871342021177,0.006818089196851295,0.05673645106433584,0.0698519194253127,0.08319234224951243,turnover_gain,1820
0.07028458844401055,0.0072736532207233,0.057060067242957646,0.07012022725240219,0.08438296931268965,turnover_gain,1821
0.07286237337133088,0.007560632047795611,0.0586115728437116,0.07261654582422421,0.08785562992159217,turnover_gain,1823
0.07340068467093036,0.007256665323232798,0.05938443298993592,0.07347120325977038,0.08647570378468068,turnover_gain,1824
0.07245976791845811,0.007501562313154315,0.05918964920347804,0.07206422776097371,0.08670883099797082,turnover_gain,1825
0.07063447086904598,0.007296299127532173,0.05692701435689888,0.07050927750865069,0.08574032078059471,turnover_gain,1826
0.06326855468317333,0.006665767765687686,0.05176558154722752,0.06291604137593482,0.0764105918941556,turnover_gain,1828
0.06156992978592926,0.006589477078689002,0.04964962270787032,0.06115136943645602,0.07389817024983225,turnover_gain,1829
0.061612984355465285,0.0058728709304927676,0.05117336766220766,0.06203445140627117,0.07203294221234231,turnover_gain,1830
0.06190437676237518,0.005691985152676503,0.051587923636102664,0.062172351467350034,0.07310124926395346,turnover_gain,1831
0.061358587038801246,0.0059692140094566495,0.050108367625313226,0.061183921888612415,0.07395779615722965,turnover_gain,1832
0.05939590086956569,0.0052578865265474695,0.04931502839692084,0.05920127355161847,0.07003686844014052,turnover_gain,1833
0.057697265513480644,0.004536776566344651,0.0484639536509427,0.05775648891382394,0.06729398728917442,turnover_gain,1834
0.05712610620419404,0.00453704240825919,0.04783861667334588,0.057302473728627665,0.0659623867470918,turnover_gain,1835
0.05646368034167348,0.005038570807077991,0.04725948061126518,0.056685545854004475,0.06766706054277503,turnover_gain,1836
0.05537019531340315,0.00504103174859447,0.046718724005084214,0.05516044791400425,0.0652304135627803,turnover_gain,1837
0.05387878246790529,0.004937546623575579,0.044511176248263194,0.05344151838863846,0.06422565861724755,turnover_gain,1838
0.05247075888218772,0.004986389552600862,0.043192178951990956,0.05244095438845471,0.061628834249762836,turnover_gain,1839
0.049930574950279465,0.0047232837430311835,0.040291834915541606,0.050006936490929695,0.059229723417871034,turnover_gain,1840
0.04814811508034249,0.005153859259635176,0.038694585161610166,0.04777625660261703,0.058052396327277024,turnover_gain,1841
0.04370423285549804,0.005004026785434725,0.03399300730461957,0.04354370739948722,0.05333668308402257,turnover_gain,1842
0.03923220164574372,0.004723340557057041,0.030105755211890593,0.039484811816461456,0.048254118332524666,turnover_gain,1843
0.036670996879581544,0.004719431650751958,0.027325231710820685,0.03673580949669571,0.045348369810922974,turnover_gain,1844
0.03612125900725735,0.0047554483885884685,0.026848000960701744,0.03605407327273595,0.04514680469903228,turnover_gain,1845
0.03510576629431469,0.004674963359170908,0.02570119390980374,0.03475080227568133,0.04367194296218977,turnover_gain,1846
0.03259204386671009,0.004207486169046673,0.025282973886617353,0.03233519485869002,0.04080663366911868,turnover_gain,1847
0.029422321406163368,0.003881754155498762,0.02260055778717045,0.02881366151069072,0.03759345335228254,turnover_gain,1848
0.02712111945048443,0.00389785203779556,0.019673278975546528,0.02707343865788394,0.03481830805986249,turnover_gain,1849
0.02685203825400944,0.003937936144514463,0.019571590254936273,0.027074810211008268,0.03433575068301225,turnover_gain,1850
0.0280492670364858,0.0038852900392661203,0.020895059951432454,0.028238497923869607,0.035558324560446046,turnover_gain,1851
0.029846715814366265,0.0038939504317299575,0.022421741702380652,0.029881427479965444,0.03723559145677514,turnover_gain,1852
0.031863194339751176,0.004190907266058181,0.023693920457111023,0.03160016671534919,0.040022081974189015,turnover_gain,1853
0.031098093174871604,0.004384215648363004,0.022687801405991893,0.03137530467099806,0.0391875397082482,turnover_gain,1854
0.028476928657297684,0.004291748858070184,0.01945306773452902,0.02853152301152151,0.036253799543736046,turnover_gain,1855
0.027126219284737373,0.0041023598627001785,0.01822859319475371,0.02710461936690943,0.03452444084657022,turnover_gain,1856
0.06453856452811016,0.008507736471698208,0.048983307809904605,0.0638927861354332,0.08272878235232421,turnover_gain,1875
0.06475607889138664,0.00788728397213417,0.05069605403444435,0.06451115079026107,0.08073237029270672,turnover_gain,1876
0.06483678958112567,0.007699799886867621,0.050315250126103474,0.06473302353231475,0.07978691638627589,turnover_gain,1877
0.06504721255089198,0.00789005511512858,0.049758118549177374,0.06521388547737514,0.0809280963108836,turnover_gain,1878
0.06463551470916222,0.007726672873728894,0.050558305058861025,0.06434647774692688,0.08098485037197715,turnover_gain,1879
0.06490454592337379,0.007821485964343816,0.050437607870007596,0.064693278014580885,0.08073333643399232,turnover_gain,1880
0.0646089228795223,0.0079287068999176,0.05025849892984181,0.06449694986885265,0.07982102066221582,turnover_gain,1881
0.0650979083253306,0.008344216689260626,0.049920365096604594,0.0651159930391151,0.08062322008563971,turnover_gain,1882
0.06695935984489136,0.007992933943062809,0.05152302553675531,0.06692654315906586,0.0823277378981837,turnover_gain,1884
0.07261693650864806,0.007109743961908353,0.05978528832516262,0.07217334105277183,0.08569582878392258,turnover_gain,1892
0.0778309208857867,0.007803514340003748,0.06254090118465956,0.07776436169507603,0.0929688224285052,turnover_gain,1895
0.07885361236886819,0.007543476321214661,0.06351556157789855,0.07885140991412515,0.09254691901756322,turnover_gain,1896
0.07677220517172081,0.007221978622030552,0.06333529505044884,0.07651492119793654,0.09153445889146829,turnover_gain,1897
0.0666430688492828,0.007032346316947361,0.05209244843200656,0.06652364555922967,0.0803570563563859,turnover_gain,1899
0.06373225973094179,0.006213289974488866,0.05205562329739958,0.06385555498761639,0.07748973561911719,turnover_gain,1900
0.06353302117965065,0.005988599312583453,0.0516699846189252,0.06350868593200713,0.07639134043329295,turnover_gain,1901
0.06506309402176996,0.006125885391272556,0.05371397804936818,0.06508562375011881,0.07786368359913254,turnover_gain,1902
0.06510218316881844,0.0058460848513969136,0.05385684024489148,0.06500711376373045,0.07626492940800526,turnover_gain,1903
0.0636843021810443,0.0059483903767773684,0.052676957795881975,0.0634835768683436,0.07588712962398919,turnover_gain,1904
0.06155784258411465,0.005374197198805746,0.051314473966107964,0.06095499680227495,0.072721842893071445,turnover_gain,1905
0.06029214414778331,0.0049645121471823305,0.050517213746174745,0.060707676931081186,0.06987821250641757,turnover_gain,1906
0.05976715329527393,0.005330544773973744,0.0498314461851041,0.05983038156476837,0.06950003130289088,turnover_gain,1907
0.059583481704238,0.005131808865091833,0.04948894795020306,0.05953501604236211,0.06882861009894074,turnover_gain,1908
0.0582509112448917,0.005137118593738611,0.04883445754936886,0.05783188394091532,0.06830883288922684,turnover_gain,1909
0.05566630147163398,0.005015610918708096,0.04604022069627157,0.055669597146181554,0.06523017075723266,turnover_gain,1910
0.05224068465078054,0.0049217818945506,0.043490890793083214,0.05256152067622972,0.062086706892133144,turnover_gain,1911
0.04878475626256836,0.005017876016713698,0.038218412183347705,0.048855425411404016,0.0581588640853511,turnover_gain,1912
0.04550467533884251,0.00513078155402218,0.03458259325532021,0.045710250962340784,0.05476740810914493,turnover_gain,1913
0.04094259345721057,0.004816640162900728,0.03149144266199305,0.04103354396871764,0.05010165029839044,turnover_gain,1914
0.036024862986507915,0.004456141496842121,0.026971158797318543,0.03587794272461908,0.04461451937549088,turnover_gain,1916
0.034813103706602615,0.004441420537615095,0.026704230261152803,0.03512708863490426,0.04314820834152663,turnover_gain,1917
0.033625578918523025,0.004165962938212042,0.026442417424352813,0.033821653289822035,0.0415303835855877,turnover_gain,1918
0.03158880123176468,0.004120020446554098,0.02369829442875831,0.03137348271611087,0.04002007721213517,turnover_gain,1919
0.029958716548611146,0.004161691814270791,0.022312073022190453,0.02972006889719464,0.03839709880937209,turnover_gain,1920
0.029544632814569503,0.0038544495493151353,0.0221222211176327,0.029619431074900827,0.0368974370886112,turnover_gain,1921
0.029731099842184278,0.004175421159485106,0.022259567032139892,0.029499380027399096,0.03820675648008205,turnover_gain,1922
0.030851835984671505,0.004066075535617267,0.02330489716419579,0.03086448381161211,0.03951152590943566,turnover_gain,1923
0.031786239478355016,0.004312078052823405,0.02367358402271593,0.03136509244015773,0.03996515370914713,turnover_gain,1924
0.03169082566515729,0.0043778086320568725,0.02357882940414949,0.03162324121054955,0.03987447007473538,turnover_gain,1925
0.029595583390382475,0.004212883518481118,0.022302811922048374,0.029623883708682804,0.03741864684009715,turnover_gain,1926
0.027738463395621697,0.004096078027499421,0.019474343106556335,0.02813358941109393,0.035404877221972525,turnover_gain,1927
0.026195590786200696,0.003933867009442675,0.018100843889581646,0.0266860604376758,0.03417384806797572,turnover_gain,1928
0.06725694143809453,0.008132164711341866,0.05239687501055193,0.06757833609674388,0.08349488656636238,turnover_gain,1950
0.06775273805706629,0.00821780910866897,0.05165972237093602,0.0678054243279262,0.08543167886292787,turnover_gain,1951
0.06822993971819136,0.008060186483333965,0.05281096119145727,0.0681528119028119,0.0852407768985474,turnover_gain,1952
0.06869357215844907,0.00842101219571531,0.05260729287231806,0.06881749356802608,0.08540022128156405,turnover_gain,1953
0.0824850798804774,0.00799522080096009,0.06615479605921416,0.08230402710545907,0.09753699366323666,turnover_gain,1967
0.08286846454770774,0.00783803783363111,0.06692007889913153,0.08247721160771956,0.09798767453547674,turnover_gain,1968
0.07872754052857005,0.007308375375867809,0.06429804947150485,0.07890315338430912,0.0931602211033379,turnover_gain,1969
0.0713977151219002,0.006950299665411011,0.059265686931739246,0.07096585724815602,0.08590596426523131,turnover_gain,1970
0.0668630855446001,0.006801712989877541,0.054939561977739255,0.066960855677166,0.08088445445906914,turnover_gain,1971
0.06638916669495866,0.006360183150930311,0.055369746435500085,0.06622253993824262,0.07981749220144516,turnover_gain,1972
0.06707904702541986,0.005912730657703004,0.05642982669554705,0.06667028514550684,0.07897791854803703,turnover_gain,1973
0.06723150745484238,0.00609635721035068,0.05621407281272578,0.06722279935690538,0.07904338199214515,turnover_gain,1974
0.06593308871969984,0.005986992742911985,0.055265698483568125,0.06622159113455459,0.07782559561429972,turnover_gain,1975
0.06487642435124416,0.005797446663103641,0.053353475868548536,0.06448058433089182,0.07608647440957907,turnover_gain,1976
0.06424148803212357,0.005396362039143574,0.05436546653485505,0.06416490142992293,0.07497954139427132,turnover_gain,1977
0.06422115494046923,0.005341104483791492,0.054376162254603025,0.06418949004844057,0.07478836407170604,turnover_gain,1978
0.06399499603412363,0.005340956265755612,0.05309528581546071,0.06434332505996354,0.07385146450970347,turnover_gain,1979
0.062384114944569045,0.005187971437690289,0.052396349321232064,0.06242903522583809,0.07275909332657164,turnover_gain,1980
0.058871987552818986,0.005154524452232523,0.049812824969744866,0.058727038766947626,0.06999641992774688,turnover_gain,1981
0.054190835926604494,0.004903362023153184,0.04480778972478055,0.05432265249936487,0.0633510357221493,turnover_gain,1982
0.04938787275781542,0.0049714537861829024,0.03932042526343896,0.04910710374960037,0.0590902672547401,turnover_gain,1983
0.046399683408181444,0.004909760584520841,0.03660113971561362,0.04649148405903601,0.055977766293068484,turnover_gain,1984
0.043443921254398506,0.004517132912699992,0.03430231636333994,0.04339324588049842,0.05209679538407376,turnover_gain,1985
0.040158370299479246,0.0045120160351214775,0.03196142970610645,0.040003208659337514,0.0490379560072213,turnover_gain,1986
0.03838955347509683,0.0046077353239199325,0.029286781054440703,0.03838280365247004,0.04731877580263503,turnover_gain,1987
0.03609825017062929,0.004443956143625904,0.02651626692585701,0.036441778792864477,0.04408964306975455,turnover_gain,1988
0.035063377563823536,0.004330042902826524,0.026359303021260154,0.03506409514448498,0.04368038248685376,turnover_gain,1989
0.03465882348665175,0.004362572073037843,0.02614982740311222,0.03482791390612239,0.042754438699984396,turnover_gain,1990
0.03312045379213195,0.004047533359221687,0.026006016125463174,0.033304529982725685,0.04206345884299427,turnover_gain,1991
0.03208187108447437,0.0037871747432758345,0.024718975087812685,0.03200763288694437,0.03915876959491508,turnover_gain,1992
0.03088701891278407,0.0037518784142425102,0.0246427143901819,0.030545376390278045,0.03905154641645568,turnover_gain,1993
0.03110107654628319,0.0038393152207537775,0.024362757101252033,0.030675911005233723,0.03941805385186207,turnover_gain,1994
0.032532175960844116,0.003981147668326007,0.024763663781435723,0.03216188016087709,0.04088188863733489,turnover_gain,1995
0.03344004054956881,0.00430446503919392,0.024927082510713485,0.03335398696559931,0.042182718520035876,turnover_gain,1996
0.03170276233054138,0.004121686829968178,0.024890332752225103,0.03191832584535993,0.03946819641403328,turnover_gain,1997
0.029786672081516957,0.003935076142546518,0.022192643780796183,0.02951084163461573,0.03697236995821469,turnover_gain,1998
0.07193257950236256,0.008681308940008374,0.05623819902052078,0.07158770114113414,0.08879473339303251,turnover_gain,2024
0.074362038142884307,0.008565902448457901,0.05893911631594063,0.07454227752735762,0.09170332674933535,turnover_gain,2027
0.07454901673036163,0.008967465646773358,0.057446136557175606,0.07465938609573723,0.09490663012304047,turnover_gain,2028
0.0867029858355663,0.007755315048498026,0.07067746211465528,0.0865751795952106,0.10063789865633753,turnover_gain,2039
0.08409870849181504,0.007701803401718018,0.06904542749486811,0.083881319600121,0.09959673432735777,turnover_gain,2040
0.07829961200205077,0.00775657783317748,0.06299024463588869,0.07836149646071695,0.09422170868416266,turnover_gain,2041
0.07058427475637757,0.006563693473155736,0.058006140942262994,0.07044857218921204,0.08315541834148693,turnover_gain,2044
0.07077330114973193,0.00603263506336744,0.058992104775159836,0.070697605865423,0.0821577662109581,turnover_gain,2045
0.06944371531358004,0.005678319099782645,0.057554635152291304,0.06986562209427902,0.08013671577222913,turnover_gain,2046
0.06892988112121719,0.005548216138582182,0.05893867896034857,0.0690454844350947,0.0794582538214475,turnover_gain,2047
0.06824701285741178,0.005609284240748436,0.05760164087688477,0.06795976066286505,0.07932779704704182,turnover_gain,2048
0.06751836958286787,0.005538712411345167,0.05637044475985061,0.06728359528361888,0.07786228420941574,turnover_gain,2049
0.0670857829771288,0.005169656424087451,0.057467077756351716,0.06708150269561841,0.07823077999021846,turnover_gain,2050
0.06545707394654643,0.005172486784177317,0.05586638459232698,0.06548075494008589,0.07599755928862852,turnover_gain,2051
0.061739628517642614,0.005310206834607019,0.05167928467767288,0.061375763923821464,0.07270617423001596,turnover_gain,2052
0.05664857840156613,0.004876412545394958,0.0468455557063261,0.05676571643767274,0.06672898493291479,turnover_gain,2053
0.051745430120162333,0.004856052161090654,0.04208122662655805,0.051685869894058975,0.06092877552271284,turnover_gain,2054
0.047641201195599184,0.004652494689559338,0.038536652119076496,0.04763820195336062,0.05644271328287809,turnover_gain,2055
0.04560486030496051,0.004561672287559316,0.03777127507075105,0.04562155294707104,0.05461428253661165,turnover_gain,2056
0.0429663829739227,0.004322305664688565,0.03458938861991164,0.04269432432939667,0.051427015791743136,turnover_gain,2057
0.04120465764088693,0.004387070198177722,0.03334459903882498,0.040755619943060706,0.04943346419725908,turnover_gain,2058
0.03822292115935311,0.004265648727618185,0.030311364030874494,0.0378661039056029,0.04625334944917465,turnover_gain,2059
0.03666227763106581,0.00440498138002125,0.027407576228624414,0.03646340106391727,0.04464923279376225,turnover_gain,2060
0.03594635474188261,0.004352641903918351,0.028488552683829306,0.03598559847068375,0.04417186306872922,turnover_gain,2061
0.0341736848514049,0.0040949353012473,0.02580512092098343,0.034382409762113104,0.04214129615424011,turnover_gain,2062
0.032645058496116375,0.0038933515222956973,0.025589772535464187,0.03272052417486754,0.04002320381407757,turnover_gain,2063
0.031418019127438024,0.0037465544785813694,0.024343035152911183,0.03139196317114512,0.03864726508622661,turnover_gain,2064
0.031718034396587144,0.00386762656835099,0.024217949921282796,0.03152471398847331,0.03987010181986108,turnover_gain,2065
0.03334649859777345,0.003782086924182454,0.025831279732977868,0.033011003507210174,0.04027148573146383,turnover_gain,2066
0.034441961976656534,0.004118624622871616,0.025969571874225602,0.034339544502267914,0.04190945113518749,turnover_gain,2067
0.03282639079711949,0.004108131907461401,0.024675447103363543,0.032953584926854226,0.041534224184812944,turnover_gain,2068
0.03097291997180419,0.0037945131626737857,0.02335386753392256,0.030708651156795434,0.03767373828294973,turnover_gain,2069
0.08921688580508137,0.007647879020372029,0.07369131799869348,0.08941624696344266,0.10317422375512993,turnover_gain,2111
0.0843696570167704,0.007833469009381625,0.06862250094600954,0.08396322424183364,0.09952622674061029,turnover_gain,2112
0.07936790000926223,0.007485497688851398,0.06554608587603082,0.07952430604088387,0.09467977255761503,turnover_gain,2113
0.07540114018387989,0.007173265678871693,0.061001231903993446,0.07496318343303987,0.08969102495687477,turnover_gain,2114
0.07559580751300299,0.006333123417301021,0.0628943822485343,0.07595284069026828,0.08706832081151371,turnover_gain,2116
0.0754572060829188,0.005847352712510834,0.06449365080318628,0.07557778426977131,0.08620583627140915,turnover_gain,2117
0.07481618362303862,0.005681444078898351,0.06322685637626382,0.07485019994561395,0.08560847522128279,turnover_gain,2118
0.07511182621114379,0.005601999058177119,0.06383390176676715,0.07520587186948513,0.08562660163885676,turnover_gain,2119
0.07331850494943695,0.005682955643514506,0.06277899896480173,0.0732889000455954,0.08405987819553165,turnover_gain,2120
0.07090626943151308,0.005398033996525357,0.06094458337702656,0.07063332267983469,0.08129233478473505,turnover_gain,2121
0.06784142774282828,0.005453088838958624,0.0583848096225123,0.06782419555668368,0.07817658448957068,turnover_gain,2122
0.06431366414845867,0.005406050355396397,0.05326499126553286,0.06421380890299253,0.07504992022674035,turnover_gain,2123
0.05934441489603413,0.005294210839935691,0.049987049689287626,0.05930628777242495,0.06949148836499529,turnover_gain,2124
0.054661049859289275,0.004706107337222844,0.04580877688468135,0.054883960376816754,0.0632981064190448,turnover_gain,2125
0.050612835498731155,0.004496040886482877,0.041917219978528715,0.05040166656995501,0.05925789323121735,turnover_gain,2126
0.04828890858514473,0.004579572099220176,0.03987732785628723,0.04816322128600173,0.05727208041445849,turnover_gain,2127
0.04670489245233353,0.004491525821935923,0.03756298405280561,0.046581182903479484,0.0548723433242728,turnover_gain,2128
0.04484127732910453,0.0041356019266876225,0.03704322336468409,0.04443866427143872,0.052985639643804684,turnover_gain,2129
0.041564152041475066,0.004172687487503472,0.03398286203216433,0.041395324848099796,0.04963913268734167,turnover_gain,2130
0.03795396430887597,0.004102068712537534,0.029838040745220156,0.038078009914315154,0.04573733275404861,turnover_gain,2131
0.03710755853168029,0.00411613594328603,0.029588343722488784,0.037047176458045436,0.04516389308784886,turnover_gain,2132
0.03519921408663692,0.003918261530433652,0.028125998781821888,0.035173676517064115,0.04293030716780822,turnover_gain,2133
0.03340801601051021,0.0037926013684517583,0.026639547629640672,0.03355342685753322,0.040987636468936856,turnover_gain,2134
0.032290534219307276,0.003611067740510983,0.025412885680179666,0.03221869059756818,0.039633167228648,turnover_gain,2135
0.031944644350222796,0.003705831150864093,0.023980341701089675,0.03217466129136744,0.0390494288878966,turnover_gain,2136
0.03264874931052472,0.003712746745251592,0.025409647764284216,0.032500213423502886,0.03959696660004134,turnover_gain,2137
0.03327125137998264,0.0042301372121764935,0.02551632947594857,0.03278316730235996,0.041568340679990164,turnover_gain,2138
0.03239634447475921,0.0040460227704622355,0.0241814240298509,0.03264457761768514,0.0398399064826493,turnover_gain,2139
0.02921255463855099,0.004065108310155077,0.02161285385270932,0.02949943766570195,0.03710278783330167,turnover_gain,2140
0.08033829365852681,0.008655978185201276,0.06347431164891915,0.08027213562177968,0.09818599873709338,turnover_gain,2171
0.09344797934202116,0.007692946053655228,0.07860790970188047,0.0934631330636719,0.10812050011617323,turnover_gain,2182
0.09094384420244732,0.007862263814881079,0.07664860471899883,0.09095333523179325,0.10627458130603917,turnover_gain,2183
0.08774131717641906,0.007833855562732486,0.07236716825169734,0.08786824498748902,0.10306277181289336,turnover_gain,2184
0.08254761887683543,0.007054900475915577,0.0695394125449083,0.08220812268744737,0.09616978434936697,turnover_gain,2186
0.08133272862372089,0.0064837255472936,0.07032118664828221,0.08122252864999227,0.09467878539509385,turnover_gain,2187
0.08151535019300289,0.006378452183269318,0.06930578104497738,0.08175235956380064,0.09374234530412746,turnover_gain,2188
0.0816885907947766,0.00584241436629571,0.07094037349616296,0.08113171745974324,0.09378643294986232,turnover_gain,2189
0.08147438448657288,0.005835964743332682,0.07076508116499881,0.08113573074832586,0.09312781280546968,turnover_gain,2191
0.07358687902058586,0.005855012235718215,0.06199971467601393,0.07337419889530908,0.08569849385390926,turnover_gain,2193
0.06771540612289952,0.005471056206977997,0.05713099568873764,0.06775182557553693,0.07730265021768644,turnover_gain,2194
0.06080597805964569,0.005229280269867546,0.050659380787963414,0.060591986372648024,0.07090682437705424,turnover_gain,2195
0.05538260053976471,0.004967961796591706,0.046255867827119525,0.05530556445441322,0.06572553479736151,turnover_gain,2196
0.05228778385162401,0.0049660492932958825,0.0420039149634343,0.05242328970947251,0.061748201533866065,turnover_gain,2197
0.05125165177592779,0.00447496518115881,0.04180988847320485,0.05136286897750571,0.060021191258900854,turnover_gain,2198
0.05096188646601904,0.004340658901656252,0.04241918368676858,0.05118483295258355,0.05864747557990118,turnover_gain,2199
0.04806725977479578,0.004316005315538358,0.03962601688185486,0.04812825977668611,0.056328058789108515,turnover_gain,2200
0.043413296360071234,0.004274835473637564,0.034961765355010305,0.043542549036940416,0.051288313390873835,turnover_gain,2201
0.03934969581669223,0.00410045423234773,0.030802699949082607,0.0393795170893461,0.04776882614505226,turnover_gain,2202
0.037236067342704786,0.003958358640688027,0.029301666676982863,0.037523122516993634,0.04493042187425515,turnover_gain,2203
0.035602665363291944,0.003799986479031775,0.028047647745389686,0.036021509772081975,0.04329152448853827,turnover_gain,2204
0.032702941518541036,0.0037884151204835327,0.026237368749269907,0.03225621950262632,0.04021138617525181,turnover_gain,2205
0.0316417257726589,0.0036090157291156864,0.025005422762477216,0.03189494878412215,0.03913261009517417,turnover_gain,2206
0.031974240102091434,0.0037439423318207654,0.023729994489541398,0.031964579963728895,0.03932806952087782,turnover_gain,2207
0.03180817846755769,0.003764975558675852,0.024945521913962678,0.03202750935709771,0.03898725128062722,turnover_gain,2208
0.03190192194514052,0.003812520794216056,0.025025829469701343,0.03199051001575373,0.039294560405686144,turnover_gain,2209
0.03156430557760139,0.0037443156674784924,0.024122838156511638,0.031089801951932335,0.03836672538690557,turnover_gain,2210
0.027868103043854984,0.0035385752418356075,0.021315079397229958,0.028060875905703494,0.03444612420879949,turnover_gain,2211
0.025108843358309898,0.0033853766408661096,0.019720833148040275,0.024555122040831705,0.03147430616258829,turnover_gain,2212
0.023552209653875583,0.003224947582813176,0.017089359183826328,0.022955145755302928,0.030108248965002044,turnover_gain,2213
0.022006568829885227,0.0032700534967468153,0.015733250748092224,0.02153362851130073,0.028453544278411364,turnover_gain,2214
0.07904692366928791,0.009505370789140686,0.06205200452905665,0.07862043371537042,0.09758184204333582,turnover_gain,2240
0.08060902102476034,0.009970848537516995,0.06107512455149763,0.08086998221491892,0.10073653264273545,turnover_gain,2241
0.08567424661687258,0.007729766712913265,0.07095586966683133,0.0860402042884093,0.09977228941478306,turnover_gain,2250
0.09580079557311089,0.007718218414999766,0.08120703557047844,0.0957472231294888,0.1117553750951227,turnover_gain,2254
0.09273367840266304,0.0077112156909134805,0.07739893505939573,0.09279214299443178,0.10729828512749118,turnover_gain,2255
0.08933296206845175,0.007037331561386716,0.07631824499945801,0.08909754218056246,0.10341646475272767,turnover_gain,2257
0.08705837447762622,0.006573627407058119,0.07385474933714459,0.08687147308175407,0.1003536445183371,turnover_gain,2258
0.08480964917943351,0.006357550706301631,0.07324101964833404,0.08486776520861156,0.09658876958116332,turnover_gain,2259
0.08470095330931725,0.006124686666390406,0.0732970480858648,0.08505417958559852,0.0959839352783446,turnover_gain,2260
0.08668269549969482,0.0057687323660015,0.07647879443862753,0.08655692963803649,0.0985379956242465,turnover_gain,2261
0.08796969737261712,0.005797052160659575,0.0773092746321635,0.08747141380869043,0.10070070526076894,turnover_gain,2262
0.08471881321793473,0.005825748533987079,0.07368334542327452,0.08486046695256158,0.09670286438535035,turnover_gain,2263
0.07882923461411256,0.006051326230564284,0.06699601479739543,0.0788021029112696,0.09001990307149524,turnover_gain,2264
0.0712954864610374,0.005919071219419969,0.0596693966524629,0.07109672414552434,0.08323891235998489,turnover_gain,2265
0.06365949046896943,0.005094100249956923,0.05390791689007176,0.06354732052330023,0.07338777395062752,turnover_gain,2266
0.05699633529437393,0.004728712363892251,0.048276197857241396,0.057180166826832676,0.0662339447102033,turnover_gain,2267
0.05225924708145858,0.0044828854537146134,0.043234383683512276,0.052302088826066406,0.06080496106560749,turnover_gain,2268
0.04951106542013972,0.004635508755131712,0.041088953396291865,0.049735746692074326,0.058576426850789544,turnover_gain,2269
0.048824159677176654,0.004635618072112302,0.040622913903294186,0.04894893762801873,0.057121738060302726,turnover_gain,2270
0.048080666100705834,0.004565202994546559,0.03919718843817124,0.048091152122648785,0.05641024063357164,turnover_gain,2271
0.042810624913928896,0.004320667359299065,0.03480100170813221,0.04285660886812667,0.0512576599384414,turnover_gain,2272
0.03905913125672356,0.003925598668602339,0.03176468530868943,0.038836387908497,0.047116068584905475,turnover_gain,2273
0.03729488934040721,0.003661765266792272,0.030367712631324862,0.0371844630981025,0.044666478867545566,turnover_gain,2274
0.03477728463253524,0.003817061164554818,0.027522112765854624,0.034568447735070354,0.04273244832164697,turnover_gain,2275
0.03197242152655013,0.0036550496746979855,0.02484471258282478,0.03174806868406545,0.03870388803919026,turnover_gain,2276
0.03077137362662349,0.00391760965685779,0.023409877222168734,0.030380353776415594,0.038482306786678785,turnover_gain,2277
0.030879283679599783,0.0036406330272159434,0.024703845423044622,0.030534201449886902,0.038809474130390875,turnover_gain,2278
0.03102092462204806,0.0034031698442842056,0.02477807111312402,0.030585290993555843,0.037491787512944776,turnover_gain,2279
0.030912578535112457,0.003754095483892906,0.023626401902589765,0.030686679850290027,0.03872388010122503,turnover_gain,2280
0.029945524767159087,0.0037794263878655108,0.02354715795975844,0.029480258299773528,0.03767512423352395,turnover_gain,2281
0.026388100298051914,0.003504414929755244,0.019704844020295192,0.02668595666623913,0.03272474079761316,turnover_gain,2282
0.023268891081593,0.003487335029554392,0.016857937343000853,0.02285037040600929,0.030047468949398602,turnover_gain,2283
0.021886929732231712,0.0034853842391879847,0.01552274116120174,0.021371436537676702,0.028366090274810952,turnover_gain,2284
0.020858445976318578,0.003291770516555353,0.014206578395879962,0.02120402954462637,0.027093192062722017,turnover_gain,2285
0.020026609339630165,0.0033072874879316303,0.012937586835285148,0.019921213789519394,0.026975149688692752,turnover_gain,2286
0.08108433282548945,0.009594298177149093,0.06298502765609988,0.0812487184098494,0.10306174604516563,turnover_gain,2312
0.08256409566552321,0.009662638627920453,0.06299248594524756,0.08256020695855161,0.10259072670684935,turnover_gain,2313
0.08582659781710847,0.007431299185362785,0.07208186350005519,0.08545549532060934,0.10109005837012797,turnover_gain,2320
0.09439969217879825,0.007823432393963157,0.07984760285449985,0.09424362719027138,0.11043479546477156,turnover_gain,2326
0.09108296304574781,0.007366604547690394,0.07708161299303948,0.09092144544377517,0.10516509818803398,turnover_gain,2327
0.08932213938911626,0.007267770017291302,0.07603048812341585,0.08863442260677147,0.1047464491828647,turnover_gain,2328
0.08872386814479646,0.0070628703553476295,0.07639357737761228,0.08883971720692269,0.1021037186796964,turnover_gain,2329
0.08731427210634382,0.006746734746876878,0.07404533236039149,0.08716181725897937,0.10031381385155869,turnover_gain,2330
0.08534695682352554,0.006112196964921397,0.07386095782606623,0.0851304074908015,0.09734377247114902,turnover_gain,2331
0.08622548873891539,0.006102082782424694,0.07467988641341211,0.08600528127079778,0.0993185982508264,turnover_gain,2332
0.08854916254944671,0.0060302913774042165,0.07666210100325126,0.08872989044921284,0.10088291502161315,turnover_gain,2333
0.08756530793619251,0.005896609102136234,0.07693509143457872,0.0875375229015557,0.0995339954302409,turnover_gain,2334
0.08132064641901486,0.006062067340063015,0.07016253034863573,0.08139216606280476,0.09282082558267955,turnover_gain,2335
0.07443876166925245,0.005761052690210028,0.06244994888167077,0.07465985652006926,0.08567071996830433,turnover_gain,2336
0.0664840384785498,0.005475504907713861,0.05543040622597882,0.06654368536870287,0.0767266254865008,turnover_gain,2337
0.058564431680939305,0.004916983306287083,0.04883575815434297,0.0587500059729591,0.06843804248493389,turnover_gain,2338
0.05233807238159351,0.004683039386034184,0.042989075516668446,0.0523604232493184,0.06094105331374161,turnover_gain,2339
0.04933153902785924,0.0045058043106123115,0.04078880541380659,0.049594151918140573,0.05838339030538562,turnover_gain,2340
0.04732498547419288,0.0046258104217790155,0.03898092802061727,0.047371766116357156,0.056466035799580205,turnover_gain,2341
0.04618305106164597,0.004571929327743105,0.03759663143321405,0.0459747702631535,0.055269204029671934,turnover_gain,2342
0.041044780646291155,0.004241957727190232,0.03346877874655194,0.04053250526366556,0.049910599724783254,turnover_gain,2343
0.03684434947626258,0.004065118950985739,0.02883692674678047,0.037187390337948815,0.044494197486855194,turnover_gain,2344
0.03567327283170387,0.003802599686812395,0.028727536159384906,0.035519063051700814,0.04358985801625812,turnover_gain,2345
0.0350955077546489,0.003799754347077096,0.027190315853082715,0.03532917010812753,0.04244245130173743,turnover_gain,2346
0.033223555318149314,0.003975473418671483,0.025752139616701995,0.033296974667738136,0.04092776478169533,turnover_gain,2347
0.03153899937829252,0.003943457210543867,0.024467999181354512,0.03149267985378633,0.03951909263882364,turnover_gain,2348
0.030377191203235055,0.004083203791339713,0.02197039155937041,0.030145737545159056,0.038560398791407526,turnover_gain,2349
0.030314576190916563,0.0038826898404956496,0.02327161946863449,0.030244686951798307,0.038336661960977986,turnover_gain,2350
0.030167421280284927,0.0038766109832124394,0.022074289549061078,0.030260233293429473,0.03741063929988314,turnover_gain,2351
0.02811564223636284,0.0037931334615254877,0.02075321032640632,0.02783697595888911,0.03609860640893766,turnover_gain,2352
0.0248705390874859,0.003677963936700937,0.018234965358694667,0.025039202869839322,0.03244295133871482,turnover_gain,2353
0.021661070309743125,0.0035161064234161955,0.015417488537254765,0.021269848745161354,0.02838304003203771,turnover_gain,2354
0.020467593261452213,0.003790820702034153,0.014044673668318448,0.01978834341455747,0.028473252582839347,turnover_gain,2355
0.01976029200598373,0.0036561409290249234,0.012752731318094832,0.019734288955764935,0.028069096022531114,turnover_gain,2356
0.01923448734190147,0.003498594583863477,0.01265655203814637,0.019668608261872132,0.025753100640228583,turnover_gain,2357
0.01894381876020172,0.0034923919509130493,0.01269697873243387,0.018503320768428408,0.02558150878848052,turnover_gain,2358
0.017828087114077358,0.003511176128254136,0.011356062177602122,0.017186282880569222,0.02536415363636276,turnover_gain,2359
0.08229901953643969,0.009453270778048074,0.06476538992315803,0.08141260753984508,0.10126792162043921,turnover_gain,2384
0.08356800576255179,0.009289164431537942,0.06494833367008006,0.08354597592522103,0.1025778468522786,turnover_gain,2385
0.08492769451330921,0.009431495205942705,0.06777578056768033,0.08476841032317692,0.10459766846497325,turnover_gain,2386
0.08840683973502952,0.008036458156284511,0.07324093535195779,0.08805580605109778,0.1031906884073051,turnover_gain,2390
0.08826234254914797,0.0080803892418492,0.07228296219623553,0.08829955877229703,0.10325318212685164,turnover_gain,2392
0.08935339364598535,0.008250168153056882,0.07405420420636896,0.08972380894899336,0.1062360804194988,turnover_gain,2393
0.09253979368634022,0.007967836299973722,0.07861558868354605,0.09213802197236329,0.10765933698519009,turnover_gain,2394
0.0950558538378196,0.007634685069083632,0.0802666090931606,0.09511873523862951,0.1089911167781419,turnover_gain,2395
0.09341759770921805,0.007759238471643436,0.07799668017311,0.09340698053020777,0.10852718612307005,turnover_gain,2397
0.09070513902521177,0.007330461783636198,0.07730482605921207,0.09023895182881031,0.10432107098259356,turnover_gain,2398
0.0883425412501313,0.0075491760277629745,0.07423942986818972,0.08837685061748919,0.10265291998147187,turnover_gain,2399
0.08599911961769817,0.0072898083576941825,0.07251736365879329,0.08580231015787107,0.10047473164736603,turnover_gain,2400
0.08472978964075635,0.006573155773249353,0.07252962106034157,0.08448143262218892,0.09779786266564947,turnover_gain,2401
0.08423562910050186,0.006399889690334541,0.07159605216361094,0.08398953383258921,0.09678089883286922,turnover_gain,2402
0.08431102385684941,0.006413369842821061,0.0731341738867604,0.0839585728439694,0.09844395755544172,turnover_gain,2403
0.08727910855706493,0.005814689971467996,0.07519347363150387,0.08746092378117876,0.09930368535051692,turnover_gain,2405
0.08319595661696477,0.005987002265581273,0.07154468222882321,0.08316791128282258,0.09527803530303415,turnover_gain,2406
0.07600686167534151,0.00579802148621824,0.06445232310741424,0.07580061565778339,0.08730518008892475,turnover_gain,2407
0.06788614617879797,0.005195899276501032,0.05767644033619457,0.06764219559328369,0.07815031969904464,turnover_gain,2408
0.060114041866107366,0.004798278494271162,0.05031745051130989,0.0601147130389378,0.06914056827963086,turnover_gain,2409
0.05365571510432765,0.00470997291327619,0.04449068234247576,0.05378877710542835,0.06227892879264849,turnover_gain,2410
0.049387638042747775,0.004739931612672408,0.04028742032416439,0.049530678092302535,0.058754689470922355,turnover_gain,2411
0.04724936433467943,0.0043281294241714705,0.039417784726019915,0.04670597795108735,0.05552261539117057,turnover_gain,2412
0.04539957569381124,0.0042553639774589,0.037612783260991434,0.045596171047969813,0.054536092838011065,turnover_gain,2413
0.0413745678858099,0.004175030643220687,0.034490036863429455,0.04141066495593149,0.05054060760686649,turnover_gain,2414
0.03627902032513954,0.003919130375392948,0.02886548241201485,0.03597598242356396,0.044299282837886804,turnover_gain,2415
0.033650933639305644,0.0036254580764487586,0.02733143051619761,0.033048785165818786,0.04142419507670412,turnover_gain,2416
0.03345656507122449,0.003610515366008709,0.02710373689526449,0.03299056512990593,0.04123144948508926,turnover_gain,2417
0.03390955268067031,0.0035888210580195886,0.02721063670887216,0.03387671335648106,0.041071041126810044,turnover_gain,2418
0.032547517470506555,0.003922661488142271,0.025540593323500994,0.03249246186799708,0.04046144579715538,turnover_gain,2419
0.03145036744154614,0.0039627823729245296,0.02306920453019431,0.03126027974527994,0.038419548717063476,turnover_gain,2420
0.0311238757067689,0.004095064218446648,0.023075968736431612,0.031241154186729965,0.03926582590782101,turnover_gain,2421
0.030492532446836095,0.0040828918738204855,0.02312833110370882,0.030237977065865125,0.03823667925621626,turnover_gain,2422
0.028709250620141544,0.003876142933644548,0.02197474215306943,0.02879796223432403,0.037013527692080224,turnover_gain,2423
0.025571357139331508,0.0037734770450968884,0.018133380908638627,0.025280217651391615,0.031976668411757427,turnover_gain,2424
0.022106536126693357,0.003604361044612599,0.015319005752079435,0.022266219423070596,0.029234793133387865,turnover_gain,2425
0.01984250096441948,0.0032821506664857786,0.013952129705387565,0.019644507772146616,0.02657385851151324,turnover_gain,2426
0.018365917053101446,0.0031864612535739776,0.012640395754061954,0.018238066987640206,0.025286393922899345,turnover_gain,2427
0.01731257280726969,0.0032625496642690022,0.011244853991894786,0.017007914512069358,0.023917978208232445,turnover_gain,2428
0.01662046469998058,0.003313017341626734,0.009902882408106524,0.016895750015869994,0.02275857980837441,turnover_gain,2429
0.01647741539160833,0.003433546355938746,0.009888172662637461,0.016294273237688325,0.02397541925921392,turnover_gain,2430
0.01629420546466633,0.003371830962239898,0.009976664941301311,0.015699026055559603,0.023894627120509833,turnover_gain,2431
0.0831487077483739,0.009233917958092851,0.06563022925086273,0.0832435564692598,0.10082209285545399,turnover_gain,2456
0.08482067797944333,0.009202798875877324,0.06829284886711964,0.08459837633945572,0.10315027668571872,turnover_gain,2457
0.08636685565082677,0.009191146310181229,0.06834571389056686,0.08608713417509864,0.10579085640609409,turnover_gain,2458
0.09152973006772223,0.008654297199157099,0.07343069942492539,0.09185361152649371,0.10766687686260615,turnover_gain,2462
0.09195591189902214,0.008624859155207686,0.07532725963287266,0.09191550684234187,0.10944268428540156,turnover_gain,2464
0.09474672771080236,0.007976544597208422,0.07819326777286008,0.09483005910013909,0.11059982575172406,turnover_gain,2466
0.09134913953994853,0.007053398796749172,0.07765305769446662,0.09101989172508745,0.10471378255648117,turnover_gain,2468
0.08915801242176015,0.0073201803618184414,0.07396562242087784,0.0886936233684556,0.10350394415787513,turnover_gain,2469
0.08725028298906873,0.007465791988022207,0.0728371942366245,0.08707309688033718,0.1010989276503295,turnover_gain,2470
0.08410275794122232,0.007376315133142937,0.07080498783848654,0.0836359477590603,0.1001819563173816,turnover_gain,2471
0.08120159961237187,0.006912049012278641,0.06938376820001238,0.081002023834414,0.09489715449993237,turnover_gain,2472
0.08048343827258223,0.00630057455056338,0.06908910537188039,0.08033676796530267,0.09316405697639815,turnover_gain,2473
0.08235167110048726,0.006334709855005871,0.07091339859674589,0.08170927394004274,0.0950419123785215,turnover_gain,2474
0.0840261028601321,0.006305312502541411,0.07206666473161168,0.08420379070390777,0.09579136883138163,turnover_gain,2475
0.08476393407613672,0.006162952011198985,0.07239017608084185,0.0849474068699797,0.09722923608156855,turnover_gain,2476
0.0772077415493882,0.005618003866832995,0.0664645194001236,0.07695451557640412,0.08822380342328297,turnover_gain,2478
0.07078836510026046,0.004795614676612759,0.06169459618133677,0.07063663102593505,0.08126528652890962,turnover_gain,2479
0.06305254200823673,0.0047802147487778016,0.05288735995296631,0.06325410400389943,0.07192874249422092,turnover_gain,2480
0.056123677048712683,0.0044282163359364865,0.04758412136289231,0.05616396645414322,0.0649601103087789,turnover_gain,2481
0.050970924535127866,0.004208627868120977,0.0430364125081231,0.05087013122811221,0.058836001065741196,turnover_gain,2482
0.048375698717005006,0.004441451391061903,0.03978642781186982,0.048136544371694984,0.05676967350782498,turnover_gain,2483
0.04654639316666295,0.004206411443232501,0.03776002774702055,0.04636719197667399,0.05469376837001062,turnover_gain,2484
0.042519134229694326,0.004245636523346275,0.034792539377886435,0.04195047137465212,0.05132467799296749,turnover_gain,2485
0.038665780070546975,0.003951267350151402,0.03173777110369247,0.0386210092383525,0.045931127634462485,turnover_gain,2486
0.03536531485299024,0.003863308258657252,0.027502848223619144,0.03548140975570873,0.04284937729381388,turnover_gain,2487
0.03450185593120361,0.003686453750141196,0.027325991904516633,0.034152850292627726,0.041537948906036085,turnover_gain,2488
0.03358725150312719,0.0036745084822726102,0.02694938158387777,0.03373746833056433,0.04210185429882912,turnover_gain,2489
0.03198044977909223,0.003748142398460232,0.024538003216869827,0.03228536616035793,0.039536360503545094,turnover_gain,2490
0.031226338863598074,0.004175675188994495,0.023024893998230118,0.03122527628040613,0.039431854143790857,turnover_gain,2491
0.03046584406615801,0.004152570480848788,0.02175544616333172,0.030545870810409756,0.03825413761764573,turnover_gain,2492
0.029692854237083333,0.004208013486928768,0.021704091444294946,0.02989691448643613,0.038072944429905796,turnover_gain,2493
0.029361071167272292,0.004022936015306481,0.021810245362101875,0.028876172644695476,0.037081572948354714,turnover_gain,2494
0.026845168020367124,0.003815020427644552,0.020513765364195614,0.026364347710192994,0.03475794055202737,turnover_gain,2495
0.02250770617212316,0.003643048913058666,0.01532380022370523,0.022239016849844296,0.029298323099370954,turnover_gain,2496
0.019150036740868376,0.003276425163949275,0.012640813536982223,0.019395329614603562,0.02537659930518395,turnover_gain,2497
0.017456525425839822,0.0031652847504723817,0.011275618654078223,0.01689146910262082,0.023873318108456665,turnover_gain,2498
0.016121887500074168,0.0031644600117752245,0.011073202414666593,0.0155417735490489,0.022587667956581726,turnover_gain,2499
0.015623683099829009,0.0030293041336976333,0.009847752969482027,0.015494821295488827,0.02122666755299227,turnover_gain,2500
0.01569026953116625,0.003202456716754886,0.00989484363746833,0.015522428458336809,0.02247735716205833,turnover_gain,2501
0.015500057953741202,0.0032542465425676923,0.009864185188805814,0.015530730166096667,0.02256914215675223,turnover_gain,2502
0.01517768864936705,0.0032350870351386778,0.009863594418849306,0.015521975046227012,0.022442669800509376,turnover_gain,2503
0.08902954720994229,0.009484114832112568,0.07085427311159864,0.0888079246513185,0.10829454904550666,turnover_gain,2530
0.09196503410705338,0.009836586493545615,0.07388884547228418,0.09210252543131037,0.11075901122840606,turnover_gain,2531
0.09434219707859845,0.00914476542052276,0.07764003586988388,0.09438777333546262,0.1110904511908048,turnover_gain,2532
0.09403136932955933,0.00885809484676203,0.07758962217692494,0.09361415990074277,0.11205556334873734,turnover_gain,2535
0.08815572038547728,0.007010101631237288,0.07352469063073276,0.0878024973247071,0.10104549154871244,turnover_gain,2539
0.08633000685380156,0.0071225316377923455,0.07251372532474835,0.08632666448753795,0.10006813775204308,turnover_gain,2540
0.08506364030895604,0.007276152304002694,0.07130926572207388,0.0857840941355183,0.09844917295119199,turnover_gain,2541
0.0830782885257427,0.006811746141279028,0.0710378192164273,0.08314581606115208,0.09754049688733382,turnover_gain,2542
0.08139280124678305,0.006253488172446217,0.06993381021999404,0.0813489590969103,0.09411960013220881,turnover_gain,2544
0.08123167176048775,0.005736315215246528,0.07038726758771649,0.08104895405487159,0.09295464450916364,turnover_gain,2545
0.08126568540821173,0.005807603773663306,0.06990745955315018,0.08119915371683353,0.0923010167223163,turnover_gain,2546
0.08063767781542633,0.0058571605478393764,0.06948709136955968,0.0806257625290008,0.09304352995349312,turnover_gain,2547
0.07898294310083656,0.005787284967293448,0.0680664878971174,0.07877490157980542,0.0905771435010139,turnover_gain,2548
0.07590566085788324,0.005396822764208908,0.06528568706048353,0.07600078004674199,0.08601194403028109,turnover_gain,2549
0.07199184938931312,0.005086190599072616,0.06212307420662736,0.07167009400860752,0.08249802213457534,turnover_gain,2550
0.06620065924611422,0.0047224223659994655,0.057247710105476426,0.06628931167671101,0.07486246304630269,turnover_gain,2551
0.06071934184646447,0.004531129555631624,0.0516280272614612,0.06114111284057616,0.06869233274816888,turnover_gain,2552
0.055377791688336224,0.0042396107052886205,0.0473802969693043,0.0551679416098952,0.06383289583974362,turnover_gain,2553
0.05190680462125656,0.00444706545733106,0.043069664410716725,0.05151830394626159,0.06044894801973192,turnover_gain,2554
0.049527112769395684,0.0043170417082949,0.04174049470544503,0.049295406146767445,0.05797136545995627,turnover_gain,2555
0.04529771654052998,0.004589371872172132,0.037373310116827436,0.04516080622416403,0.054441744983339535,turnover_gain,2556
0.04189865228148497,0.004156525085535991,0.034599266490489305,0.041605691647737295,0.050233823743983254,turnover_gain,2557
0.03771649317302909,0.004104800715626427,0.02911404066404076,0.0374607119572124,0.04556417091923196,turnover_gain,2558
0.03566120788853624,0.0036696560544742167,0.028638768486123133,0.03565797282889931,0.04270444594887024,turnover_gain,2559
0.03391718586174815,0.0035838844505945936,0.027161518639050863,0.03395463740647246,0.04104419940765725,turnover_gain,2560
0.03155545628260604,0.0037634578626134585,0.02430372672761446,0.031384380144573315,0.03939726570752913,turnover_gain,2561
0.031779462472697015,0.004077073068802389,0.024333132069893133,0.03131052961982457,0.04072225992658746,turnover_gain,2562
0.03103580072277631,0.004044155971358966,0.023278479015691213,0.03117435720890846,0.039243312803976686,turnover_gain,2563
0.028604654898882417,0.003909639060128543,0.021678236400700907,0.028495239715351117,0.03682553020700808,turnover_gain,2564
0.028646087672671433,0.003980243738312561,0.021730561062444302,0.028665215318456044,0.0367633441781971,turnover_gain,2565
0.027827423248667892,0.0035731044135164387,0.02161902328595485,0.02752022710115464,0.03473781292330464,turnover_gain,2566
0.024764445464279885,0.0037235426122679215,0.017889943976926084,0.02473755693341183,0.03176706507776492,turnover_gain,2567
0.020715748804034553,0.003524293042436937,0.013898474699831432,0.020759180467572465,0.02779193709460114,turnover_gain,2568
0.01802677456363286,0.003112257455112991,0.012522998049062643,0.018068306343556606,0.023860161081895634,turnover_gain,2569
0.016321723216576954,0.0030780930447164017,0.011157867547249213,0.016685075600936867,0.022235543288921352,turnover_gain,2570
0.015577531233370683,0.002961353731818194,0.009863057836659318,0.015432344493887641,0.021094786816722447,turnover_gain,2571
0.01525040185463896,0.0028451339957098263,0.009880146832824833,0.01542366113716539,0.021051358234371986,turnover_gain,2572
0.01500550929219666,0.002967573246014299,0.009862451800078418,0.01540813581865098,0.021020656838445968,turnover_gain,2573
0.01481974615362255,0.0030409229071895255,0.008538556304389907,0.014229906634407583,0.02107933466543197,turnover_gain,2574
0.014704100585505206,0.0031736124960832614,0.008538738627192018,0.014233277924102004,0.021216884304285102,turnover_gain,2575
0.014618594295414985,0.00303400888753515,0.008563385571308632,0.014231945597235098,0.021088849144498344,turnover_gain,2576
0.09423230158262039,0.009038720492772033,0.07814991753708615,0.09361295988687852,0.11340059442167968,turnover_gain,2605
0.09356075258410927,0.00912855361266111,0.07559533664373536,0.09349862516278035,0.1105006586126884,turnover_gain,2606
0.09284909451639974,0.008689507820083526,0.07580047834784445,0.0926917659024241,0.11178065646458206,turnover_gain,2607
0.09094289299686927,0.00838939378907102,0.07302887505469308,0.0907759564272736,0.10685455177312381,turnover_gain,2608
0.08797921611070958,0.007729874610993765,0.07272134641563409,0.08750530445651104,0.10447451898006624,turnover_gain,2609
0.0860305796314685,0.007155019787749237,0.07103903017809249,0.08631814916379513,0.10001016103734449,turnover_gain,2610
0.0852597800680227,0.007346720681521912,0.07096205967472133,0.085657880637352,0.09921709048896837,turnover_gain,2611
0.0858348421850648,0.006963784032114107,0.07330420369942096,0.08535825584904891,0.10056851664919257,turnover_gain,2612
0.08559673973437339,0.007447056194263079,0.0723876479134651,0.08546220854936047,0.10125451561716892,turnover_gain,2613
0.08543175971514617,0.006882716176568107,0.07271742245334847,0.08511087220647287,0.10091327899373402,turnover_gain,2614
0.08426646138418831,0.0064488745711072356,0.0720666764676091,0.08379131385005538,0.09700555741584273,turnover_gain,2615
0.082809872948412,0.006270324998935312,0.07051781479827812,0.08271899962481627,0.09612491006816717,turnover_gain,2616
0.07948724518476481,0.0058138115272814515,0.06911660650409064,0.07924905174540353,0.0917760782223739,turnover_gain,2617
0.07674229523025289,0.005664015350187441,0.06552688998875171,0.07707036053136138,0.0872002308779777,turnover_gain,2618
0.07526498698319,0.005486666849965394,0.0657031144729802,0.07503377049974058,0.08626720375332236,turnover_gain,2619
0.07455434844180203,0.005603024889294373,0.06388540197252902,0.07471050017330372,0.08615498475144381,turnover_gain,2620
0.07299036949046346,0.004811727142732491,0.06375060005033087,0.07285712772390418,0.08222867735508593,turnover_gain,2621
0.06910309159526186,0.004584871191241046,0.059877611404184974,0.06924901875925615,0.0782454260246547,turnover_gain,2622
0.06334387760996583,0.004467663839096803,0.05482036165632336,0.0631878552587112,0.07275008178868535,turnover_gain,2623
0.05899249660951398,0.004239850099157719,0.05116270169437503,0.059004228796724026,0.0681550324433154,turnover_gain,2624
0.055394538360720516,0.004304888276489088,0.046994255102071614,0.05568694210582501,0.06354705342299373,turnover_gain,2625
0.052051058378010696,0.004366854584783238,0.04322037464573216,0.05214944941282376,0.06005417266134284,turnover_gain,2626
0.04757905416272544,0.004219450818361831,0.03955320142717709,0.04755322298256982,0.05608822106933956,turnover_gain,2627
0.044717289746085465,0.0037844455115754482,0.03739510121299162,0.04445279280749625,0.052962425751407964,turnover_gain,2628
0.04160471456288443,0.0039464730873155635,0.03424822934771326,0.041464277030635044,0.04892657560442568,turnover_gain,2629
0.038351971122211836,0.0036646828097655127,0.031501947446293546,0.03843335615412241,0.0455748200418816,turnover_gain,2630
0.03687014514425541,0.003250461327885286,0.030006758944278192,0.03682157856046201,0.043565023976066174,turnover_gain,2631
0.035234698396198645,0.0034469181641331543,0.028486958590241793,0.03523765239839016,0.04225399783167897,turnover_gain,2632
0.03391105717693164,0.0038013420391473122,0.02700244724222723,0.033842857697996165,0.040674138279301206,turnover_gain,2633
0.033040624998444686,0.0035979767871650577,0.025665910324894965,0.03263959759652024,0.03952789948801821,turnover_gain,2634
0.030405184871377597,0.0037135493630482894,0.024393954692867734,0.029982708537681813,0.038110996861628325,turnover_gain,2635
0.02797195967166393,0.0037486739908565722,0.020517873268894163,0.027933390840078946,0.035387719629373975,turnover_gain,2636
0.026967208253913525,0.0036651752524446274,0.020399749396048952,0.027242576814426656,0.033881597592449395,turnover_gain,2637
0.02425683500809969,0.0037478737390110846,0.016523120317540777,0.02359366975247418,0.03166182040942527,turnover_gain,2638
0.020540613004142373,0.0038834088278807567,0.01369754178578484,0.02067708609476887,0.028892458626222674,turnover_gain,2639
0.017590802054350464,0.0034508731322339036,0.011019986172714609,0.01796606447492312,0.02484864698048348,turnover_gain,2640
0.016391550421194657,0.003272610903334844,0.011088579935585268,0.016603830162918266,0.02369193598904748,turnover_gain,2641
0.01587561499607856,0.0028643029432294177,0.01115137531746097,0.015403418228177798,0.022239568472428094,turnover_gain,2642
0.01567713867567863,0.0027906366178990904,0.011182382280285588,0.01545045862237972,0.021045634100157685,turnover_gain,2643
0.015539806576565143,0.002871417781052474,0.009895049754859983,0.015435252936086111,0.021088382936845746,turnover_gain,2644
0.015368729502457311,0.0030731617535503953,0.00979823084942697,0.015451080849576374,0.02116702780125028,turnover_gain,2645
0.015364643513140944,0.003128599972278082,0.00988660376627301,0.015483419156029918,0.021265335430823925,turnover_gain,2646
0.015269803407787776,0.00300665155379803,0.009855477535732423,0.015522519194815853,0.02120631335928858,turnover_gain,2647
0.015047354800567861,0.0029376871462227843,0.009888726825733184,0.015495580808080807,0.02118903345832767,turnover_gain,2648
0.09142093798460199,0.008454777095380745,0.07494851661879323,0.09126315334208207,0.10646766740994058,turnover_gain,2678
0.09020667139265252,0.008317455736929326,0.07270079722022364,0.08978296069919331,0.10661394198724448,turnover_gain,2679
0.08921295880336089,0.008194561217097454,0.0743042898823096,0.08917376137019335,0.10509230095183822,turnover_gain,2680
0.08792623479871302,0.0077981639449082995,0.07380815224658879,0.08794122441790089,0.10296965426006706,turnover_gain,2681
0.08737383550300433,0.007635836485221778,0.07282892820085358,0.0870590547561565,0.10238704142227426,turnover_gain,2682
0.0880266840632652,0.0074918531273776645,0.07316332484845747,0.08782514739507538,0.1023555771196819,turnover_gain,2683
0.08858741501692304,0.007957343404425249,0.07285982918228995,0.0881775350487635,0.10451763705987628,turnover_gain,2684
0.08776237148860641,0.007685569557787832,0.07119805515348201,0.08770093845764597,0.10329663907967264,turnover_gain,2685
0.08501239530738476,0.007174095465274579,0.07191529331062904,0.08518820311644004,0.0985403018918268,turnover_gain,2686
0.08130842377461636,0.006672461267177106,0.06877529833793247,0.08064981958441994,0.0947885419869508,turnover_gain,2687
0.0770320633126623,0.006082790691940086,0.06489158793110894,0.07710482046259454,0.08936224399521793,turnover_gain,2688
0.07313490083334616,0.005743520487512943,0.061988486231968815,0.07321571832054125,0.08388827297772898,turnover_gain,2689
0.06977872630350314,0.0053015183577616,0.058973771366429464,0.06974533600109131,0.0794552854521172,turnover_gain,2691
0.0698134135664236,0.005133396099681521,0.06018074791298538,0.06976922530595761,0.07937236662008826,turnover_gain,2692
0.0673395350110464,0.004708462583549536,0.05816477087826656,0.06700076893931578,0.07762287888108883,turnover_gain,2693
0.06272470587596828,0.004354818483877281,0.05423593234707412,0.06277562020627792,0.0711129533579457,turnover_gain,2694
0.05842155817176884,0.004263860896973638,0.05113770941261172,0.058238761662165545,0.06714370325091758,turnover_gain,2695
0.056003284991766336,0.004161972432835458,0.047871543631593294,0.056205099680313626,0.0645090925199351,turnover_gain,2696
0.05381378575514089,0.003938670469815476,0.04585085585072414,0.053869845727895854,0.06154603031832553,turnover_gain,2697
0.0507865472790756,0.0040255792444061555,0.04353676510239555,0.050806537571748175,0.05896580425734231,turnover_gain,2698
0.048362314505696793,0.003823477969072813,0.04135716252966712,0.0485733805729565,0.056039779475849455,turnover_gain,2699
0.0464457650417174,0.003852474255959404,0.038874736089393215,0.04682500356794793,0.05390963373759804,turnover_gain,2700
0.04254247138840922,0.0037609353474476873,0.03570789360600232,0.04261815980911654,0.049701177186085986,turnover_gain,2701
0.040115863800903456,0.0034839900230666464,0.03399850489301677,0.03991741019151786,0.04689145977378811,turnover_gain,2702
0.038717654602884184,0.0033088998951723886,0.032597861607172166,0.03838106113012005,0.04518609673155756,turnover_gain,2703
0.03649277061186751,0.003438239685688837,0.02981075516676435,0.0366253392367399,0.04332801730221773,turnover_gain,2704
0.034391232898055936,0.0033700918013285478,0.027182701197731623,0.03414423968504582,0.04086042058001126,turnover_gain,2705
0.032621335121974855,0.003556164421008236,0.025597980048916905,0.03252220447021184,0.0394936974053597,turnover_gain,2706
0.030282658699142154,0.003626619161493349,0.022908429453520014,0.030057241691222952,0.03772740171843284,turnover_gain,2707
0.028281145164236302,0.003672154402769766,0.020481422966005507,0.028568131743298777,0.035474402189739594,turnover_gain,2708
0.025481843349374932,0.003664280642373941,0.01781497028880139,0.025908913614211892,0.032822451442048456,turnover_gain,2709
0.02183245408113093,0.0035842183064700274,0.015139798491789216,0.021977240932158967,0.028894341187158865,turnover_gain,2710
0.017726244449370113,0.0035164231339521496,0.011057444245937275,0.017885375414212236,0.024848606718801434,turnover_gain,2711
0.015775532605033823,0.003223844734868931,0.009753598179056328,0.015321668683880144,0.022414813519955636,turnover_gain,2712
0.015728635175416866,0.003066601911093217,0.01102662758954379,0.015340937968597436,0.021048687701923183,turnover_gain,2713
0.016058903000985773,0.0028085761292435136,0.011158001022109384,0.015452234610714603,0.022334675618417118,turnover_gain,2714
0.016514994711982266,0.0026208366773876357,0.011290919184225664,0.016754471585475886,0.022383787524033444,turnover_gain,2715
0.016441906682217008,0.002665788158909686,0.011267370143312933,0.016777082954976614,0.02229717724058741,turnover_gain,2716
0.016265807359482104,0.0028518297048445605,0.011259130989617233,0.016192628941036773,0.021226364666031387,turnover_gain,2717
0.016086927097253397,0.0029715832798335464,0.011236239529830602,0.01563482015493351,0.022593947938222586,turnover_gain,2718
0.01612435219043568,0.0029380501019798553,0.009952212730861672,0.015664108923976447,0.02256198126927661,turnover_gain,2719
0.09082158063592158,0.008620184403426524,0.07529134020197517,0.09054441886629855,0.10840981704909697,turnover_gain,2750
0.09039689420741027,0.008696242975956362,0.073423339848667,0.09049771679113505,0.10840261037695247,turnover_gain,2751
0.09008590110574628,0.008070469530024011,0.07570515629401009,0.0899597851224043,0.10632218712547527,turnover_gain,2752
0.08987573153056688,0.007855486552031159,0.07485862087823031,0.0899836290577859,0.10426515000963528,turnover_gain,2753
0.0893752091532863,0.007636210391730886,0.07559261581684372,0.08957195861110265,0.10372666614357161,turnover_gain,2755
0.08769865446083906,0.007717721495640309,0.07383785588902837,0.08756606454549964,0.10395934437767002,turnover_gain,2756
0.084271773717904,0.0072118491008837165,0.07142517563361689,0.08442030901272879,0.09930670407304258,turnover_gain,2757
0.0773081377904609,0.006790039554265581,0.06392482436084385,0.07690415679159548,0.09091040074085188,turnover_gain,2758
0.07338568863192214,0.006278734980665488,0.060710849149012515,0.07358810015629771,0.08418940171880328,turnover_gain,2759
0.06087464014624116,0.004492696302622595,0.05189919101095595,0.06077463894675379,0.07023412601579355,turnover_gain,2765
0.0577308757661244,0.004191652595394728,0.04982578877974913,0.057821505642222895,0.06633300732694546,turnover_gain,2766
0.056688517454543785,0.004165008456189767,0.048434473779414663,0.0565832575775994,0.06477534507187066,turnover_gain,2767
0.055870399890169974,0.00411730486593728,0.04841694074617785,0.05568490170385483,0.06436979299023103,turnover_gain,2768
0.05397526883558142,0.0036075281524393598,0.046870051334889584,0.05404644672191272,0.06131460872268682,turnover_gain,2769
0.05225236284266267,0.0036409344700087834,0.044720534941081407,0.05213459339633071,0.059407237425130884,turnover_gain,2770
0.05006914910185577,0.0036824975240089585,0.04309075888582834,0.05012089287331554,0.057433496790889764,turnover_gain,2771
0.043824949686379094,0.003926395856500282,0.03579730796480171,0.044010175494999526,0.05117930380989822,turnover_gain,2773
0.041296386608106,0.003905449429476638,0.03262995965694042,0.041250257682647826,0.04903479460933558,turnover_gain,2774
0.03841040505036118,0.0035487227723031787,0.03121384742095983,0.03834848835304165,0.04511656919833546,turnover_gain,2775
0.0348289019171858,0.0033547896512990155,0.028432721631017118,0.03512291011635493,0.04106858881167511,turnover_gain,2776
0.032215304327076935,0.003490384962813699,0.02570084211584713,0.03238859982510077,0.039137553384773205,turnover_gain,2777
0.03152939518738639,0.0033725654159062965,0.025593137056794026,0.031223125461586884,0.038066683698917275,turnover_gain,2778
0.029745542557610874,0.0035712665769959077,0.023005297952632224,0.029883762384819344,0.03692664517018265,turnover_gain,2779
0.02665697550683509,0.0036053517426588183,0.019133407482338226,0.026102131299643602,0.034155930768434234,turnover_gain,2780
0.023660483694466865,0.003604583363909239,0.016475915705261975,0.02338201963496735,0.031445775704240765,turnover_gain,2781
0.020399549241947552,0.0035734585860322083,0.01372154388319822,0.02056344081079947,0.027521330259738186,turnover_gain,2782
0.017616085213612742,0.0035576307467259155,0.011117644602691783,0.01787244546052625,0.024926023012808787,turnover_gain,2783
0.015640748292201367,0.003286641042413864,0.009722043319469449,0.015310426060530815,0.022309533231940733,turnover_gain,2784
0.015087092744112797,0.0031625319041423193,0.009721838551258442,0.015239537166332747,0.022208263496596103,turnover_gain,2785
0.015300819666634397,0.002997082684071508,0.009760836991200426,0.015340288425818634,0.02102176625574747,turnover_gain,2786
0.0157908218807766,0.0030657183718186065,0.00978426503147394,0.015428680702303932,0.022371298518958506,turnover_gain,2787
0.016243342058343685,0.0031149441841196736,0.00979204823444729,0.016739509886440067,0.022398093235308926,turnover_gain,2788
0.016411060217182142,0.0031842297120426998,0.009839923923210899,0.01676214114588915,0.02252099865284484,turnover_gain,2789
0.016414337642611326,0.003150717867492073,0.011167694588077563,0.016791907361560762,0.02253701560527974,turnover_gain,2790
0.016451918647190682,0.0029904939263908003,0.009928304010660655,0.016823964489825753,0.022634579070449537,turnover_gain,2791
0.08757299572254001,0.008036302098205775,0.07300240226712129,0.08731074413043664,0.10377916059917065,turnover_gain,2826
0.0865611860955168,0.008111646360326078,0.07135103426189444,0.08618968323106523,0.10124291652095134,turnover_gain,2827
0.05729438155741528,0.004270245714956619,0.04849565532202285,0.0573405027894749,0.06492344868592345,turnover_gain,2838
0.05695162804345683,0.004067463574835639,0.04904379133203293,0.05698959405827962,0.06511102852875128,turnover_gain,2839
0.05467223890096055,0.003968230239696447,0.04761120401380112,0.054672780694279485,0.06250000642995893,turnover_gain,2840
0.0532649066785651,0.0036582637729707583,0.04669626321926931,0.05302023051637968,0.06132217147947271,turnover_gain,2841
0.05104945302074121,0.0038509742119927025,0.04352610882130901,0.05090882882982238,0.05929232127843798,turnover_gain,2842
0.049461062586714864,0.003851734974409318,0.04183080078714892,0.049799811846243366,0.05622832327057671,turnover_gain,2843
0.0464278932394527,0.004049797128588554,0.03922281782170794,0.04594425965669416,0.05445945743550661,turnover_gain,2844
0.043236223136921964,0.0038743437124934134,0.035513975365370654,0.04287825666008585,0.051252010753582024,turnover_gain,2845
0.03997861236465578,0.00393730731392553,0.032581070038225295,0.03989719032163086,0.047988246373685095,turnover_gain,2846
0.035536156327301734,0.003747453972798583,0.028388476504763043,0.035524763031832204,0.04259931721245281,turnover_gain,2847
0.032342603112732494,0.0037084369258534406,0.02567461695543644,0.03258719083408318,0.0393064108487752,turnover_gain,2848
0.03083403875009406,0.0036333666904183317,0.02430835598866324,0.031041047714374666,0.03798209433057928,turnover_gain,2849
0.029989856888379594,0.0034984983383701137,0.024256546568207672,0.029837087927793417,0.03687147561678022,turnover_gain,2850
0.02690231133429578,0.003657945832346685,0.020331305036149553,0.027061382060284862,0.03409347508449582,turnover_gain,2851
0.024166094174168068,0.00365611421630953,0.017834749779706505,0.023446091787068156,0.03172950003583702,turnover_gain,2852
0.02208758016271271,0.0035866811707467184,0.015187914935108451,0.021991280960820023,0.030072025882776843,turnover_gain,2853
0.01985338379642001,0.0035464129867861364,0.013729314583718918,0.019370001315836376,0.026308237412556945,turnover_gain,2854
0.017161337378200723,0.003447189725512315,0.011034360053697071,0.016769448100281723,0.023898469403907913,turnover_gain,2855
0.015318668241732015,0.0033470548754596413,0.0096683248841398,0.015266267648864334,0.022278263193435593,turnover_gain,2856
0.014621254642844098,0.0032252744175291113,0.008379489304300674,0.01401831434600848,0.020999247823298827,turnover_gain,2857
0.014490639728140306,0.0029131010790191523,0.009721842838084853,0.014007335533626961,0.020997610297718496,turnover_gain,2858
0.0144931959185354,0.0029884966151440388,0.00843520500015984,0.014030795527115773,0.021005390507628178,turnover_gain,2859
0.014739632658879127,0.003021991892351093,0.008474248618525339,0.015305582182045892,0.02104489634851177,turnover_gain,2860
0.015141870992277566,0.0030218176343334165,0.00981654460856763,0.015424991999251705,0.021123527243087702,turnover_gain,2861
0.015355880309860482,0.002905140901204184,0.009855869776173547,0.015489648162335407,0.021188166606756965,turnover_gain,2862
0.056894273221427934,0.004525360662440389,0.04846471953958934,0.05664603627150658,0.06529894817827647,turnover_gain,2909
0.056747062535411646,0.004434962519408693,0.04835723697216198,0.05678055232966729,0.06580505120087594,turnover_gain,2910
0.05507925957081522,0.0038478402271863985,0.047767901732100354,0.05510477220386075,0.06226296319670688,turnover_gain,2911
0.05285454101663079,0.0037141508490109005,0.04565026604620704,0.05313517832291952,0.06015161239143067,turnover_gain,2912
0.0505744899562175,0.0038113935335704423,0.04386846632810374,0.0502831618745699,0.05852253297244659,turnover_gain,2913
0.04898246782354886,0.00436995598440441,0.04045743946850492,0.049145420938947845,0.05766865293127352,turnover_gain,2914
0.047734142101996946,0.004189121283276349,0.03991952569460793,0.04762246325233301,0.05644224046488206,turnover_gain,2915
0.045119317312594484,0.004054558935977856,0.037350159038348464,0.04524252463678066,0.05283903673315344,turnover_gain,2916
0.04159203840704653,0.003980405481642915,0.03286848213263856,0.04147949273607784,0.04901174578487531,turnover_gain,2917
0.036620575349944916,0.003977081894608336,0.028741836469664588,0.0367135623401383,0.0441460763371274,turnover_gain,2918
0.033195021470209266,0.00393723699674097,0.02576134252760943,0.032956563610122724,0.041007920919903365,turnover_gain,2919
0.03173112905023351,0.0037382285003345144,0.024471959922593815,0.03147562371464407,0.03955696837610656,turnover_gain,2920
0.030266993738155796,0.003673533287289248,0.02320611745137697,0.03005350828150908,0.0370321333296941,turnover_gain,2921
0.02764174133151445,0.003787606384562048,0.02043079887528696,0.027427534082350005,0.03559754545267143,turnover_gain,2922
0.02552114496678828,0.003411953339679161,0.019204568270976465,0.02537861342793464,0.032794490355136326,turnover_gain,2923
0.02413424130879639,0.0034835679292353657,0.017662899938801376,0.024594073228026477,0.03049035328304279,turnover_gain,2924
0.02279983955411143,0.003410953652687053,0.016530889562547748,0.02223312135219655,0.03033346959477556,turnover_gain,2925
0.021055074880732595,0.0034635514060026044,0.015110860606784519,0.020829149019100976,0.027760444103680112,turnover_gain,2926
0.01879139562322175,0.0034424676687091716,0.012507737868575853,0.018811377975433963,0.025182968666305684,turnover_gain,2927
0.01770929867004509,0.0033922539915358066,0.011134728646681849,0.018063571920944065,0.023879693828321984,turnover_gain,2928
0.017145356155254213,0.0031767923350239143,0.011119041739971398,0.016831705826093633,0.023854669399250367,turnover_gain,2929
0.016725495692731678,0.0029627685680562637,0.011204912596235107,0.016799443424419774,0.02249198442751055,turnover_gain,2930
0.01626929367756173,0.002956612424425467,0.009871746649416493,0.016791554941324765,0.021339748630001387,turnover_gain,2931
0.015666446871958967,0.0029830598578915526,0.009903860152037756,0.01551841274875891,0.021238934286687095,turnover_gain,2932
0.015396748970835457,0.0030044843982982307,0.009870980815603328,0.01551358916310152,0.022351524251553272,turnover_gain,2933
0.05588046877301394,0.004643808100884929,0.04682082239264293,0.05572090246003334,0.06483129332210613,turnover_gain,2981
0.05534003741583685,0.0041748590570089205,0.04718543251601811,0.055219779238293146,0.06357023245720922,turnover_gain,2982
0.05314987314672679,0.003940119107911426,0.04559583017988903,0.05297556573583369,0.06024043089960301,turnover_gain,2983
0.05085479435677421,0.003847505886857323,0.044011841940900964,0.05053133118959886,0.05884614463799029,turnover_gain,2984
0.0489871792830654,0.004246097199971208,0.04113128602590564,0.04877588590074017,0.05736847767123038,turnover_gain,2985
0.04879459575555886,0.004036479260080506,0.04193117651481969,0.04896246786625419,0.05648831789637255,turnover_gain,2986
0.04777004944934966,0.0039495574350574495,0.04028035737444942,0.047576347371784594,0.05587076985296843,turnover_gain,2987
0.04462562890615278,0.003884897606082443,0.037391931177685536,0.04458249676983697,0.05185276567523518,turnover_gain,2988
0.040360608537081656,0.004053605372736712,0.032877813979944805,0.04039344840553445,0.04825731653059657,turnover_gain,2989
0.036773553852435525,0.003991738615319658,0.028929229477431876,0.036652093472986466,0.04440943971992861,turnover_gain,2990
0.03460943411404612,0.00394696157144669,0.026048389899972508,0.034422805801210085,0.04209140962177234,turnover_gain,2991
0.033045478304006365,0.0038800572043961746,0.024685375783173452,0.03309498550051212,0.04104989610984147,turnover_gain,2992
0.030557224198518567,0.0036793192581723935,0.02347619973404307,0.0304389668485043,0.037498925175525596,turnover_gain,2993
0.02836928877282683,0.0035725137828640174,0.021878337210536735,0.02882849802175732,0.03469249874678377,turnover_gain,2994
0.0271918480596854,0.003603646893464882,0.02064038452339203,0.027304242580265387,0.03499252008937898,turnover_gain,2995
0.02618397920450881,0.003564066972297907,0.019385962632856076,0.02628137297412475,0.033273879762427946,turnover_gain,2996
0.02545849767954788,0.0035536898116766613,0.019370535352649848,0.025024605513596077,0.03334900555967598,turnover_gain,2997
0.02365548709200348,0.0034456374501345517,0.016764442272814428,0.023701945045512117,0.03068301959311181,turnover_gain,2998
0.021806883285645957,0.0033355046226475372,0.015450973828913462,0.022244139319987012,0.02816003256852365,turnover_gain,2999
0.021125323095103236,0.0033735909735414086,0.014046188138366911,0.02110226174256936,0.027999544409067278,turnover_gain,3000
0.02054029574353069,0.0032323327937543115,0.01395879894342045,0.02090747616360749,0.026880610420388557,turnover_gain,3001
0.019861851817549497,0.003268437338020016,0.01269506496332232,0.01973251504626481,0.02552399901967554,turnover_gain,3002
0.018743814006334725,0.003232405147244433,0.012675132638869968,0.01844091453602727,0.02548126192329805,turnover_gain,3003
0.01734121470537096,0.003049494295387086,0.011380647327583468,0.017040165757928983,0.02402608199509166,turnover_gain,3004
0.016289234356254824,0.0030110528380783153,0.01001780927317171,0.015762810949596313,0.022721796200794328,turnover_gain,3005
0.054789150269860774,0.004687468128135826,0.04568976834556172,0.05481654526196726,0.0637140178526169,turnover_gain,3052
0.054995825202918326,0.004595035108880308,0.04614205887484316,0.054826852209635735,0.06406934375833173,turnover_gain,3053
0.05432060970798195,0.004062878134787595,0.04610241187368469,0.05437700770173018,0.062226215130977695,turnover_gain,3054
0.052453113293111954,0.00436736007886914,0.043756278456943305,0.05250818267556946,0.061038630605276804,turnover_gain,3055
0.05044547224835697,0.004058929122654656,0.04309658037324285,0.05061956550104639,0.0580986030588807,turnover_gain,3056
0.05006081675784543,0.004069764516697499,0.04240586101502688,0.050022309498721974,0.05819047072467376,turnover_gain,3057
0.050309186397447365,0.00397514604941478,0.04297866601642336,0.04993045773550815,0.05824365796951595,turnover_gain,3058
0.04870921552598946,0.003978348088216567,0.04183349018593965,0.04891046397141734,0.05640628662867836,turnover_gain,3059
0.0448758198597333,0.0039417515825829405,0.03657376316615219,0.04483220009854484,0.052217395672074646,turnover_gain,3060
0.04094422294705202,0.004067911646210785,0.03197654103824623,0.04097964637861687,0.04868963631943758,turnover_gain,3061
0.03814978009576695,0.0038638516145546417,0.03048043323749292,0.03775489508679139,0.045994921216898986,turnover_gain,3062
0.03649542813930381,0.004136777109013463,0.02771301401296118,0.03625161560958298,0.0443079926756936,turnover_gain,3063
0.03457340273233033,0.0039391461251579865,0.02624880866541143,0.03471905717070353,0.04171075026716827,turnover_gain,3064
0.032268947983909724,0.0036477999630762613,0.025001227116141046,0.032089200206512306,0.03902674245195365,turnover_gain,3065
0.030102366410699053,0.0036953777250857693,0.023527888337384718,0.030311488656350805,0.03751761290180956,turnover_gain,3066
0.02945269941155789,0.003754302639996135,0.022205541325728204,0.029260572739902173,0.03670240217203849,turnover_gain,3067
0.02951445690505412,0.0037513823738122096,0.022327089574413525,0.029340518570707984,0.03635676396452535,turnover_gain,3068
0.0286093599809676,0.0037842020386069874,0.022138581979938822,0.028071324764035187,0.036356603585872886,turnover_gain,3069
0.026663786223954107,0.0036920022487784043,0.019645869530211656,0.026606036772712314,0.03367093332049197,turnover_gain,3070
0.02509353659223658,0.0034956003237957877,0.01839617201193772,0.02528274308529087,0.03243970430885682,turnover_gain,3071
0.024286126979746938,0.003339424612406453,0.018275604029117827,0.02404542152655577,0.031165087241809088,turnover_gain,3072
0.02364452109990152,0.0032883742111248014,0.016904324445777583,0.02397261588781683,0.02981979630184057,turnover_gain,3073
0.022498045712365248,0.0033557971559270983,0.015635475178487318,0.022646241470394013,0.029784806758433948,turnover_gain,3074
0.020837073273349667,0.0032672504564985683,0.014243523229149886,0.02122962530034418,0.02704052735131443,turnover_gain,3075
0.01924302605798076,0.0031810503743813705,0.012801167715478033,0.019732463863819796,0.025600560412620824,turnover_gain,3076
0.015943690389150753,0.003072145252107433,0.010058306163554133,0.015798612803340863,0.022941392663694552,turnover_gain,3078
0.015080463840182327,0.003024115120560056,0.010024916493616571,0.014462858875435304,0.02159491539641841,turnover_gain,3079
0.054452640701319555,0.004660483687229208,0.045505314684686195,0.05418979797809885,0.06362681327623429,turnover_gain,3124
0.05505921669655614,0.004606438917551886,0.04637941527193635,0.0552157919306651,0.06420994289119437,turnover_gain,3125
0.05455847367815863,0.004696596171054857,0.04434974379266273,0.054689228357816574,0.0639184575118222,turnover_gain,3126
0.05307302334671103,0.004419204549863053,0.044885898598537935,0.0530419742121705,0.06159763669417411,turnover_gain,3127
0.052090472594694764,0.004277228574530746,0.044342443336419124,0.0521985909175114,0.05990853913914765,turnover_gain,3128
0.05224814998794295,0.004265898947596928,0.04439016984904605,0.051816337245256874,0.060647558452707966,turnover_gain,3129
0.05168733653606186,0.004099169816362949,0.04393264261004381,0.05150165253301009,0.05978697552659499,turnover_gain,3130
0.048885446333651154,0.004098938805594433,0.04142717743162399,0.04860936572980982,0.05734208447124977,turnover_gain,3131
0.04249672269102292,0.003973502290856642,0.03492689593948852,0.042354268546624274,0.04960895654851802,turnover_gain,3133
0.04026146469805176,0.0041162385744654756,0.03198946671175744,0.040192183578174,0.04830368943408116,turnover_gain,3134
0.03836505377087321,0.003952559298897192,0.030569191304895226,0.038291384558068464,0.04621891152788926,turnover_gain,3135
0.036579197680253986,0.003867906432531651,0.02904681455027193,0.0364297237332189,0.04382272478748788,turnover_gain,3136
0.034583777730988786,0.003678082391056398,0.027671032757450562,0.03487636932842167,0.041903572090577546,turnover_gain,3137
0.03272542117854381,0.0037424605385852454,0.02529660044333452,0.032344819555802214,0.04051322100831209,turnover_gain,3138
0.03275949574431066,0.003864173650985187,0.0251525961756964,0.032384280159159895,0.040497470708299746,turnover_gain,3139
0.032949985739787885,0.003915913902251734,0.026512087695196782,0.03250065881525399,0.041894099117817225,turnover_gain,3140
0.03176988610548566,0.0037991453335207634,0.02418353917607468,0.0312836630770311,0.03945091752216345,turnover_gain,3141
0.029936672031487796,0.00399303320916585,0.022551188763825208,0.02976928593852566,0.038065848821640665,turnover_gain,3142
0.028298773447072684,0.0037491966981531327,0.022527211702155978,0.028294448154592852,0.0357902958187534,turnover_gain,3143
0.027463941487116554,0.0035260467972292185,0.02126939937447173,0.027037434419661343,0.034371624596706556,turnover_gain,3144
0.026171673855844638,0.0034493122813040395,0.01986506450433021,0.02570630137399175,0.03289221009355544,turnover_gain,3145
0.0247462490119091,0.003502511650189534,0.018494284640785372,0.024407359769735945,0.03149906105048336,turnover_gain,3146
0.0228409312225282,0.0033703178752966215,0.016942357648552328,0.022817767563362894,0.02883659228652253,turnover_gain,3147
0.017532218416156927,0.003072313792658745,0.011578996681816802,0.01734345966080797,0.024505919842471767,turnover_gain,3150
0.016478246343826837,0.002958158708083199,0.011477889481742888,0.015958122530209184,0.02308629509035461,turnover_gain,3151
0.054872594654694046,0.004844921951843007,0.046105540676645566,0.05491131090475819,0.06417155683003262,turnover_gain,3199
0.05433443280550998,0.004586877017888745,0.045281523726279756,0.054701791951869236,0.06261461769367337,turnover_gain,3200
0.05203612664009233,0.004237464100746568,0.043243567687999925,0.05188415797624697,0.059464613991949196,turnover_gain,3202
0.048298060654142445,0.004016447741363389,0.039977338429799336,0.04839105819839398,0.055664941576940595,turnover_gain,3203
0.04612058592861367,0.003920462032380097,0.03861573131578401,0.04600234537956659,0.05411571660609611,turnover_gain,3204
0.043761952474398985,0.0039695324082187275,0.035539472378632676,0.04383681227508114,0.05171069962920277,turnover_gain,3205
0.0426700764383707,0.00394529407679208,0.035211508766822865,0.04254082301785094,0.05015994081420012,turnover_gain,3206
0.04105686822290615,0.003893713550372142,0.03381640664936919,0.04109114390905824,0.0485316791060857,turnover_gain,3207
0.038934434464949534,0.003714070675023198,0.031354456159833614,0.038664058286746905,0.04649919544757592,turnover_gain,3208
0.03616817244156825,0.0038543842417535605,0.028288073362522554,0.035809143610568084,0.0438302692610563,turnover_gain,3209
0.03524617438441885,0.003729676379824212,0.028182649377555328,0.03536025842395914,0.04289082384265386,turnover_gain,3210
0.03592975777749604,0.003761452128839142,0.02817328700130771,0.03551127587924564,0.043773471487190144,turnover_gain,3211
0.03632274568409544,0.0038926272163073493,0.0284125473108233,0.03660608146627628,0.04391057227202921,turnover_gain,3212
0.03501598795217252,0.004023181531166936,0.027085565306926122,0.034502500774834466,0.042650297212445766,turnover_gain,3213
0.032817275900557254,0.004043327240036589,0.025425420384721707,0.0328368432979049,0.04036850310416326,turnover_gain,3214
0.031482736729796644,0.0039015957601881775,0.02423219041945895,0.031476910246869605,0.03885550304059006,turnover_gain,3215
0.030035333388679038,0.003936800714734984,0.02285485934444786,0.029943477474315992,0.0384239092735353,turnover_gain,3216
0.02842657490741475,0.0036512027703668156,0.021457108435629733,0.028553011568622368,0.03587385309961769,turnover_gain,3217
0.02671281074667012,0.0035697927697383417,0.01988607905422471,0.027047487473521217,0.03310794748105466,turnover_gain,3218
0.01997364960710948,0.0032071546051638854,0.014348017577096072,0.020236768076771827,0.026240354371793808,turnover_gain,3221
0.018861433052336247,0.00304549251351741,0.013057944107875707,0.018859549316375707,0.0247336918382575,turnover_gain,3222
0.05741338116023519,0.005159306237725952,0.04753115665643962,0.057722653178879105,0.06692606062994348,turnover_gain,3270
0.05751007887856078,0.0049867432329257074,0.047462395307405564,0.05761933761242886,0.06692326556280628,turnover_gain,3271
0.056894036072842775,0.004510272748935379,0.04830561064991451,0.056828733652519434,0.06551969991350592,turnover_gain,3272
0.05547775621093985,0.004302746596029457,0.04714540490939883,0.055385445452919416,0.06421271207923909,turnover_gain,3273
0.048450257079711324,0.004079881351828273,0.04028811388277815,0.04857166640671552,0.05636830797128959,turnover_gain,3275
0.044797171568177634,0.003778069487296055,0.03708375871155697,0.04466199931821222,0.05204420043263356,turnover_gain,3278
0.04376682142169664,0.003932135264819981,0.03577895161516062,0.04414916982159951,0.0515518201057017,turnover_gain,3279
0.04113475722557452,0.003894041819117341,0.033973856970868986,0.04128721643668764,0.048588631215405215,turnover_gain,3280
0.038537022711828565,0.003856171483418727,0.031198666301782318,0.03851086988897144,0.045814705274719335,turnover_gain,3281
0.03772301762002518,0.0039045116515120334,0.03110472647940096,0.03743564149685287,0.04563328242659865,turnover_gain,3282
0.03854410252686853,0.0042060520099923135,0.031006290394718288,0.03847273357656533,0.047085728048642014,turnover_gain,3283
0.039171853875627195,0.004173163535174356,0.03125172778181043,0.039421659713059186,0.047301592761278266,turnover_gain,3284
0.037983499286049716,0.004146457432497801,0.02999927067290634,0.03816817867011174,0.04601029186905921,turnover_gain,3285
0.0354782406222584,0.004160369497180755,0.027202339727201742,0.03574397911469787,0.04358556766659457,turnover_gain,3286
0.033235143202085565,0.0039499125148716825,0.0258704227792952,0.03312946905929487,0.041599149517297845,turnover_gain,3287
0.02040160803995738,0.003007606544468473,0.0145462534966829,0.020363926397356978,0.02629270819054593,turnover_gain,3293
0.01961567240782544,0.0030514315018270797,0.013255049756920458,0.019140791559105245,0.024938254721582977,turnover_gain,3294
0.017899234652038104,0.0028697131011084912,0.013134795946777605,0.01763076034572219,0.023521719544063055,turnover_gain,3295
0.05922615388564556,0.004803741814809099,0.04989282586713007,0.05940612398332345,0.06832549795302624,turnover_gain,3343
0.058202222954402735,0.0049018568170562885,0.048768004693516206,0.05809541666111369,0.06839697352260717,turnover_gain,3344
0.05705293632290697,0.004772704326210579,0.0483594599429777,0.057178256305740076,0.06684232660418553,turnover_gain,3345
0.044789129589333544,0.0038295176289140807,0.03733829869867331,0.04466944804207871,0.051948805842312665,turnover_gain,3351
0.042571775897879374,0.003770508326779888,0.03550999783041015,0.043046732408988535,0.049518390982221286,turnover_gain,3352
0.04024897417298497,0.0037082921499754814,0.032633352888385966,0.040293478279792794,0.04655072997620674,turnover_gain,3353
0.04046327508076529,0.0039581305045551145,0.03294473066263815,0.040342786688700595,0.04914893271900782,turnover_gain,3354
0.040802582149365205,0.004249534798774014,0.032841415958862454,0.04041085758028856,0.04888169386609203,turnover_gain,3355
0.04062714443059773,0.004175460667210685,0.032053062546279466,0.040547419215251124,0.048867077285624186,turnover_gain,3356
0.03960365607104503,0.004278045620558158,0.031840504626893876,0.0395800967480164,0.04885139511495432,turnover_gain,3357
0.043701407249811204,0.004070599148759926,0.03600542539898209,0.04359364768196768,0.05112728686300236,turnover_gain,3426
0.04354493585216874,0.004154837593895692,0.03604494036870198,0.04343083767856476,0.052299806812611246,turnover_gain,3427
0.04785110877527473,0.004129932741814895,0.03937054926972048,0.048161064435917555,0.05579355492960383,turnover_gain,3497
0.04732224315475559,0.004322107925753224,0.039289546593567336,0.0470656044631563,0.055672903980391264,turnover_gain,3498
0.047163582549865433,0.004245015438843125,0.03957946815991398,0.046869148974812105,0.05548629998366431,turnover_gain,3499
0.04988247534353062,0.004237914288019316,0.04146918715183923,0.04961450577748183,0.057930603318001844,turnover_gain,3568
0.04972021351577509,0.004411638272518957,0.04118971392152836,0.0498203564651557,0.05793609889395023,turnover_gain,3569
0.0494740851555763,0.0045929062453139245,0.04122089899719547,0.04973251854324916,0.05788422447146709,turnover_gain,3570
0.04891022949496061,0.004221852933916708,0.040768079382309946,0.04889008120750558,0.057435148486300255,turnover_gain,3571
0.05050986584185657,0.0045744664808328415,0.041287216461350286,0.050549956528949724,0.05943647697455149,turnover_gain,3641
0.05074445401818087,0.0047375839459625115,0.04242610369738639,0.0507787377167775,0.05974614345154316,turnover_gain,3642
0.00877344246952606,0.004349198607329296,0.0019837364079490064,0.008163535661004416,0.018178823593873485,turnover_loss,56
0.009221537437652867,0.0042457253758411044,0.0018935833902939167,0.009278483417257037,0.017502141677707386,turnover_loss,57
0.007600347044418674,0.003895926631347951,0.001937984496124031,0.007693890762185591,0.015672847284896072,turnover_loss,128
0.010902068806927786,0.0047160701494393335,0.0020829028925619837,0.010157594985029033,0.021634489719260647,turnover_loss,198
0.008742089682629559,0.0038784763789635464,0.0018653261470425648,0.009052387806468684,0.016701344473942534,turnover_loss,199
0.0071720090690253315,0.0039081151898297285,0,0.006657806901606389,0.015447911814935569,turnover_loss,203
0.010547373981339007,0.004545159029288508,0.004019175867650612,0.010159153998915054,0.02142921090957014,turnover_loss,270
0.0110966208049448,0.004326092559592321,0.003968253968253968,0.010797937825584136,0.020141121325186428,turnover_loss,271
0.01109588478609317,0.004437253353329167,0.0020487638278022125,0.01022212146887277,0.020611787901766456,turnover_loss,272
0.008668151141364041,0.00404181366398017,0.0017857142857142857,0.008816262035457989,0.01737571503019946,turnover_loss,274
0.008170495181985359,0.0037721375568026336,0.0017985611510791368,0.00753643061936921,0.015838140140001837,turnover_loss,276
0.008595213970356811,0.004320291500611315,0.0020483540454785828,0.008372062540079127,0.017097484383052915,turnover_loss,341
0.007767757854774636,0.004372342239946779,0,0.006881307913418005,0.017971534477640983,turnover_loss,342
0.0067674753679469015,0.004138800038447012,0,0.006332301165785973,0.01677420930479935,turnover_loss,343
0.007139251219638946,0.003959339130386574,0,0.006419938933184429,0.016351741841874125,turnover_loss,344
0.0063491782381372075,0.0036245707717152704,0,0.006583232276635575,0.014839656149274249,turnover_loss,345
0.005246283433849755,0.0032378556566639784,0,0.0044150752988666355,0.012806044752344417,turnover_loss,347
0.009851535659861476,0.004255939913066133,0.0020829028925619837,0.010223965834871418,0.018229765835601243,turnover_loss,412
0.009117640256939693,0.0037997823183657537,0.001893939393939394,0.009178346459800816,0.016764678862823155,turnover_loss,413
0.009874178775053338,0.003915423541961579,0.003622862579501616,0.009205190592051906,0.018162286970630957,turnover_loss,414
0.009947416839245347,0.004108851785799265,0.001951645359848485,0.009359574249280134,0.01827588549565986,turnover_loss,415
0.009712410925299085,0.004298662125716045,0.001893939393939394,0.009207983442219219,0.020035536633598312,turnover_loss,416
0.005755439889112857,0.0036562182973181013,0,0.006139210982273757,0.012894355642497992,turnover_loss,417
0.006104139433951611,0.0036652930425869956,0,0.006130880980940957,0.0143814095124662,turnover_loss,418
0.011065463848456239,0.005105648277415296,0.0022517495173745173,0.010960599504015098,0.022579583034881247,turnover_loss,483
0.00841459222835107,0.004564032146126312,0,0.007177858320466857,0.017960373518180237,turnover_loss,484
0.008870853120437483,0.00446017100809081,0.002173444527736132,0.00877329811535275,0.019056722959698267,turnover_loss,485
0.01006811723427234,0.004520835731144676,0.0021008403361344537,0.010223646025460782,0.01912236176518551,turnover_loss,486
0.009141646962668438,0.004403191629756953,0.0020325203252032522,0.008494054120321868,0.018863514582979173,turnover_loss,487
0.012118519404770302,0.004975967354614765,0.004300509133197189,0.011640757094601214,0.02285540581061717,turnover_loss,554
0.011902244807416126,0.005099323851308865,0.0024032738095238096,0.01153864959817161,0.023701450718071757,turnover_loss,555
0.010542459086804408,0.00512790957916511,0.002403846153846154,0.009736729496152684,0.02138832374386619,turnover_loss,556
0.009582101059526126,0.004531235006448476,0.002380952380952381,0.009594956172844053,0.01952882597552404,turnover_loss,557
0.00991252749770927,0.0047979819723108314,0.0023148148148148147,0.009418375294557127,0.02066415488890956,turnover_loss,558
0.010818584661380337,0.004656723366654801,0.0022935779816513763,0.010878569265726305,0.02132851135117416,turnover_loss,559
0.009482912826351542,0.004266382848942618,0.0022123893805309734,0.0090659482688959,0.01782086703081114,turnover_loss,560
0.008637700221078057,0.004127806241005213,0.0022522522522522522,0.008928749387820184,0.017920249084654862,turnover_loss,561
0.00816246654911531,0.003697899291518234,0.0020325203252032522,0.008139486354218644,0.015881376788218146,turnover_loss,563
0.007663815036256136,0.0036723579259569654,0,0.00823128737485722,0.014760213978029282,turnover_loss,564
0.011943939478089497,0.005508165649162047,0.002777777777777778,0.011351005640653406,0.023135236345488867,turnover_loss,592
0.012088666583837795,0.0059376731609003,0.0028735632183908046,0.011718431098720675,0.02421476135539706,turnover_loss,593
0.008032016535935597,0.004059271832861215,0,0.006913774836462936,0.017418233492126782,turnover_loss,625
0.007672389584442844,0.0037999089822296603,0.002154711906867079,0.0067066612282320245,0.015241244945761864,turnover_loss,626
0.007366256704826755,0.0035090413372925308,0.002031250000000003,0.006484418047386563,0.014689633103567894,turnover_loss,627
0.0076323540777602185,0.0036812239037241285,0.0020487638278022125,0.008359593837535014,0.015031959349503006,turnover_loss,628
0.00884213220454278,0.003741353458213469,0.0021551724137931034,0.008361302421460656,0.01670952192742529,turnover_loss,629
0.008981965512382869,0.003781297422488753,0.0020491803278688526,0.008368495703366091,0.016431707317073167,turnover_loss,630
0.009631715363256244,0.004182516396844724,0.0018378998497209102,0.009137699827630196,0.017720110952763993,turnover_loss,634
0.009122355650430024,0.004362238990303422,0.0019083969465648854,0.009297451639898426,0.017429061081918808,turnover_loss,635
0.009940799462052601,0.0042191133293005886,0.0022114274721046555,0.008849904074345154,0.019014496572064846,turnover_loss,636
0.007291014353360313,0.0037768813077791326,0.001937984496124031,0.006241391184573003,0.01605122279045371,turnover_loss,637
0.007960272174841757,0.003593143006464297,0.0017605633802816902,0.007209517185833384,0.01580961246178394,turnover_loss,640
0.014842121828027646,0.0073601331027363485,0.0035211267605633804,0.01408660295103957,0.03019122638545178,turnover_loss,663
0.014715471874650162,0.006719219453757714,0.0033761557610241825,0.01410253903747474,0.02774301726118362,turnover_loss,664
0.015097429218003245,0.006982749728885584,0.0033783783783783786,0.01408730325171198,0.029932008045494875,turnover_loss,665
0.012484031068844098,0.0061051829851999015,0.003289473684210526,0.012995763125468322,0.02632440984866476,turnover_loss,666
0.01112439337921496,0.005199261944074505,0.0023579395168400637,0.011055888558625677,0.022826159040571677,turnover_loss,696
0.008846387558303906,0.00406130180036788,0.00223164902022756,0.008772605003889032,0.01743427527044722,turnover_loss,698
0.009281506749287339,0.004152326417679211,0.002136752136752137,0.00862535358142957,0.017241443395162363,turnover_loss,699
0.00991979670712531,0.004794649344869674,0.0024752475247524753,0.009832634380330392,0.01974867304106561,turnover_loss,700
0.009379527319081964,0.004545267473122702,0.002232142857142857,0.009174311926605505,0.018488155853376785,turnover_loss,701
0.006166542311078447,0.00393945102517431,0,0.00493908242908814,0.014365728021978013,turnover_loss,702
0.0053287682977116325,0.003137512339719969,0,0.005799162380739416,0.011797597712395323,turnover_loss,704
0.0054669895791192415,0.0031238066289103815,0,0.005668887796347195,0.011638392770456715,turnover_loss,705
0.009326388266217057,0.0041591063192531605,0.0018790030632135895,0.009627836604738095,0.01735211640254124,turnover_loss,706
0.00998026102929757,0.0044543007201302675,0.0021181989745050565,0.010130100764568512,0.018751819391752782,turnover_loss,708
0.009113558000452502,0.004247918260646369,0.0020321105428796225,0.008214775500314494,0.018313216799973553,turnover_loss,710
0.008692289205502232,0.004116145526702128,0.0019372448073850526,0.008100662854673549,0.01770827165758194,turnover_loss,711
0.00832688901122451,0.0038378013154457416,0.0020487638278022125,0.008130081300813009,0.016616305096418732,turnover_loss,712
0.006174210374725275,0.003266924756306898,0,0.005409184067561915,0.0122399681660315,turnover_loss,716
0.00706377277886728,0.0038081008750271046,0,0.007300054523764728,0.014808024057468786,turnover_loss,717
0.015731823826798386,0.006962448699714123,0.0030468750000000044,0.016245912180687546,0.02901241464695279,turnover_loss,735
0.014752842929551315,0.00622812340796231,0.003125,0.015286179450745247,0.026814231876130547,turnover_loss,736
0.015005936345907953,0.006445775883503038,0.003246753246753247,0.013723698013081573,0.02685949036207778,turnover_loss,737
0.01184995648472432,0.005705352953658193,0.0029403214774281804,0.01190204256350462,0.02411917468336412,turnover_loss,738
0.00594840579098797,0.004076693344016813,0,0.0051814862542955325,0.0152862891995464,turnover_loss,772
0.005953388060294592,0.0037560410649073303,0,0.00510204081632653,0.01309250062572679,turnover_loss,773
0.00566203485611154,0.0037512486746358767,0,0.004901960784313725,0.014378189254797835,turnover_loss,774
0.0053598796602489585,0.003430829777346512,0,0.004976232917409389,0.012376273671056426,turnover_loss,775
0.005696609809361502,0.00371206604341642,0,0.004902196387542809,0.014470417180633723,turnover_loss,776
0.007873471020209619,0.004144255512455078,0.0022522522522522522,0.007033475783475783,0.01644783590233292,turnover_loss,777
0.006764083404319567,0.0040806026414744855,0,0.006966078227760471,0.015832798601577266,turnover_loss,778
0.0042280158319347024,0.0029993951029437618,0,0.004149449035812672,0.010400494581924769,turnover_loss,783
0.005333131215658304,0.0031192838232580546,0,0.005937007874015748,0.012011650645603346,turnover_loss,784
0.007754861030063043,0.0033636882024355376,0.0019230769230769232,0.007649607634307757,0.015255864258726853,turnover_loss,787
0.006842036819975027,0.003204568059700398,0.0017730496453900709,0.0072203107079553755,0.013139427359773737,turnover_loss,788
0.011315643788444959,0.006143644863370118,0,0.010008171479274078,0.024822281601110503,turnover_loss,804
0.01382470324971695,0.006682692718993766,0.002976190476190476,0.012675983891172988,0.027956666621236415,turnover_loss,805
0.013221488400892155,0.006064396687880743,0.0029394861392832996,0.012309151996938845,0.026563753201128127,turnover_loss,806
0.01660730520309945,0.007495582357009839,0.003246753246753247,0.016286038890030594,0.031250066992518276,turnover_loss,807
0.011839972589967699,0.005730639059182238,0.0026785714285714325,0.01212115485029014,0.023116707687979618,turnover_loss,808
0.010239817850409217,0.005976710165984223,0,0.010469680105702765,0.02450444062760239,turnover_loss,809
0.00792283124107141,0.005015662637886903,0,0.00684931506849315,0.019569758859390537,turnover_loss,810
0.01428935134524813,0.006618027111910455,0.0033333333333333335,0.01342645998558039,0.027125541209017234,turnover_loss,811
0.012172364970679424,0.006223730287511492,0,0.012660359786884177,0.025721755620364252,turnover_loss,812
0.01788531922989068,0.007509798011020381,0.0035211267605633804,0.01709360900537371,0.033122240712972144,turnover_loss,813
0.007906314033953024,0.003643587054493265,0.0019083969465648854,0.007692307692307693,0.015344972291596629,turnover_loss,845
0.004961662582364266,0.003008319444900911,0,0.003968253968253968,0.011615376480319201,turnover_loss,846
0.008546343007873606,0.003942148322864602,0.0019083969465648854,0.0078125,0.017270305247407948,turnover_loss,847
0.010091532299266067,0.004312120474143543,0.002065692318114077,0.010043434250866436,0.018381451612903228,turnover_loss,848
0.010724419089794972,0.004048987469673859,0.00384637575277554,0.009962926509186351,0.01941737187847964,turnover_loss,849
0.009993284073329271,0.0038655387855335522,0.0036782355353366914,0.009329822580908306,0.01814923552854701,turnover_loss,850
0.010053619389611019,0.004402529378790459,0.0020487638278022125,0.010048905373846366,0.01872751576486099,turnover_loss,851
0.006874929979867236,0.003673075811276173,0,0.006578947368421052,0.015040080095965193,turnover_loss,855
0.006611054446216157,0.0038946163897997876,0,0.0065223924812222766,0.01511593893346998,turnover_loss,856
0.006961067047444017,0.003731499926262433,0.0018750000000000027,0.006123787044322056,0.014453634706073805,turnover_loss,857
0.00751074040719455,0.003745463003995284,0.0017853976697061803,0.00719443079077111,0.014774986263155826,turnover_loss,858
0.00800090909149549,0.003927218223095371,0.0019527464874031007,0.007815432483894979,0.01589802474585142,turnover_loss,859
0.007629916228252739,0.0036915612196063356,0.0019681194635826774,0.007714785517292785,0.01550468097793679,turnover_loss,860
0.011120865474474889,0.006808365990405797,0,0.011363636363636364,0.02617889776967435,turnover_loss,876
0.010960877843497283,0.006468318276975345,0,0.011407608199856634,0.023867904422843637,turnover_loss,877
0.010335892673107253,0.006273547167451707,0,0.00819672131147541,0.02618909764616044,turnover_loss,878
0.010700347236361872,0.00645033705575531,0,0.011118852150335166,0.02363642694870557,turnover_loss,879
0.010142415866187172,0.005593842159423732,0,0.010571545213308838,0.021801779094378197,turnover_loss,881
0.009467468080024008,0.005523516475031003,0,0.007577497129735936,0.02113434298657048,turnover_loss,882
0.01067504270543937,0.00562332537165202,0,0.010567514677103717,0.02166165731862662,turnover_loss,883
0.012875882607579617,0.006175583955978148,0.003205128205128205,0.013192835004452463,0.025943499542045143,turnover_loss,884
0.014080106719949727,0.006775972398786789,0.003287365047233468,0.013757803369121241,0.02821023582459544,turnover_loss,885
0.009896250277756275,0.004389163923720901,0.0022123893805309734,0.00894974874946929,0.01910977938496358,turnover_loss,916
0.010104978057374684,0.004756659335485644,0.002136299435028249,0.010623059055636638,0.019532450391091794,turnover_loss,917
0.009576068223197386,0.004904143787153463,0.002403846153846154,0.009686092769097671,0.020106500073141194,turnover_loss,918
0.0063045728666009954,0.003899315971522243,0,0.0069554598111787515,0.014263814016172504,turnover_loss,920
0.005040189889257218,0.0035157081908546786,0,0.004784798534798535,0.01404464276992164,turnover_loss,921
0.006326632944589059,0.00384364674079679,0,0.006687268523551709,0.01559652574652435,turnover_loss,922
0.006815159075606404,0.003761638406587662,0,0.006579968944099379,0.0153600617634735,turnover_loss,923
0.005932567390713242,0.003432553126305559,0,0.004975740221080932,0.01237952646684339,turnover_loss,927
0.005831885572229087,0.0038520139234760136,0,0.00502626793291574,0.014909954650644118,turnover_loss,929
0.00520314383336192,0.0030957725453185044,0,0.004807692307692308,0.011999646507397467,turnover_loss,931
0.015323336894305869,0.006414408061837372,0.0034710331050228312,0.01444549650846254,0.027175670827610014,turnover_loss,947
0.01174195297827663,0.005840145212549897,0.0032072368421052675,0.010872643995950098,0.022109864639217304,turnover_loss,948
0.015775272147544657,0.006917455103402622,0.0036218944099378884,0.014720920419449831,0.03056357135045114,turnover_loss,949
0.010455811938591563,0.005473449662830339,0,0.01056338028169014,0.021796446839605403,turnover_loss,950
0.011172543321614303,0.005888009295040152,0,0.010504564074883047,0.023799454921030257,turnover_loss,951
0.012395239997467292,0.005943566490241306,0.0034710331050228312,0.010571545213308838,0.024310951479579686,turnover_loss,952
0.014581950886209264,0.006452084967233842,0.003472222222222222,0.013795045045045045,0.029587084069645334,turnover_loss,953
0.01361807741797645,0.005725092869059037,0.0029394861392832996,0.013649974085538766,0.02536766928898141,turnover_loss,955
0.015523006558932795,0.0053998466881602465,0.005720375916323977,0.01643621171663559,0.02610992285975217,turnover_loss,956
0.0062523566471768,0.0040366022655237395,0,0.00529233870967742,0.015083318748070921,turnover_loss,985
0.00627429936075851,0.0040287754384667656,0,0.005208333333333333,0.015306149013807334,turnover_loss,986
0.00632614641909099,0.0040996345995155704,0,0.005103369389774029,0.015005559309119685,turnover_loss,987
0.006281918164894797,0.003647384355840656,0,0.006839971934582027,0.013979526012236293,turnover_loss,988
0.006014481999424617,0.0037132871432881244,0,0.004807692307692308,0.014069683237828468,turnover_loss,989
0.006982177891195508,0.003673768714205095,0,0.006829175923212621,0.015608866157364927,turnover_loss,991
0.007018280057307495,0.0037502594693491105,0,0.00661862776064721,0.01531473746999346,turnover_loss,992
0.006582160168889774,0.0035171330642152173,0,0.006617761217202298,0.013394868082368078,turnover_loss,993
0.005231403904795803,0.0032099003222478928,0,0.004405371836671324,0.011141844000699463,turnover_loss,994
0.004212987637439676,0.002732114257083283,0,0.004184759770275949,0.010469625350140054,turnover_loss,995
0.004520075224467548,0.002985329651945191,0,0.004201680672268907,0.010505670488534397,turnover_loss,996
0.00692047671735608,0.003531817526483503,0.0018750000000000027,0.00609850489733903,0.013985675571041425,turnover_loss,997
0.007950801723811083,0.0038358495268742726,0,0.00793764206017693,0.015842657829706733,turnover_loss,999
0.00784256314317735,0.0039952096845181735,0.0020491803278688526,0.00809743306978284,0.016598320470103033,turnover_loss,1001
0.004977671803859499,0.003563333767921945,0,0.0045871559633027525,0.013280367244752584,turnover_loss,1002
0.005088307282780737,0.0034630493370823396,0,0.004545830233903628,0.013259506457166984,turnover_loss,1003
0.012595248561151068,0.006616452313526758,0,0.013412705468885034,0.026715622142795697,turnover_loss,1018
0.016402277341423303,0.007223307111610717,0.003424657534246575,0.016432652962258223,0.03182795527383078,turnover_loss,1019
0.011483240817499919,0.007081437508772957,0,0.011612993520426902,0.02871589347672562,turnover_loss,1021
0.011571582859953534,0.007475486263173926,0,0.01161698180743504,0.02815289766056441,turnover_loss,1022
0.01042702332427569,0.0062822017123150345,0,0.01107124029618435,0.024000781791037668,turnover_loss,1023
0.011079424607037142,0.006299890179142561,0,0.011194029850746268,0.022849025974025973,turnover_loss,1025
0.011045864295909716,0.00701857941319203,0,0.011027526395173454,0.0269004864622211,turnover_loss,1027
0.010303357928733064,0.0064569567067595144,0,0.008000512032770097,0.025170624416422566,turnover_loss,1028
0.01131736599759591,0.006163998608737381,0,0.010817805383022775,0.025022411273689153,turnover_loss,1029
0.009914903636656593,0.004683397679736951,0.0022123893805309734,0.009346406669409666,0.019900289264332932,turnover_loss,1055
0.007940906528730578,0.003859142801002167,0,0.00818047780887645,0.014835006859325203,turnover_loss,1057
0.008361396306941979,0.003621266576119082,0.001953125,0.007816742674590874,0.015318527870363913,turnover_loss,1058
0.007955475568051176,0.0041083835465721315,0.002066115702479339,0.008359593837535014,0.01745085535701887,turnover_loss,1061
0.007663872566660716,0.003855697979368779,0.002048319327731095,0.006628491094084624,0.01672266803706756,turnover_loss,1063
0.008895337781244024,0.004107328595043241,0.0020321105428796225,0.008281966254866668,0.017685651261040162,turnover_loss,1064
0.008351925164495497,0.004037322024285451,0.001984126984126984,0.008359738523508577,0.017163722976805854,turnover_loss,1065
0.008267864983767354,0.004109169217054818,0.0020483540454785828,0.00837825156933381,0.016815762707612515,turnover_loss,1066
0.005930203588905483,0.003803362128297012,0,0.004901960784313725,0.014494544005997801,turnover_loss,1068
0.005964049853916876,0.0038296473700010604,0,0.004927184466019417,0.014712027297461329,turnover_loss,1069
0.005748341100662011,0.0036386414452091323,0,0.004831030619865571,0.013959311810109724,turnover_loss,1070
0.005214126808906972,0.003518649944087454,0,0.004651263412945656,0.013701974622881702,turnover_loss,1073
0.005322729011882007,0.003493530457475678,0,0.004640644996363937,0.013721489568096809,turnover_loss,1075
0.005178370181730258,0.0033562020211636576,0,0.0047169811320754715,0.011973218102954337,turnover_loss,1076
0.014643958682964352,0.007468947775772748,0,0.015151515151515152,0.030958894096494896,turnover_loss,1089
0.015272810086369439,0.007269526238913333,0.0037299714661984196,0.015105084980318189,0.030722898956152492,turnover_loss,1090
0.016794516944992437,0.0071932441991462304,0.0035211267605633804,0.017203871034467348,0.030830757293216337,turnover_loss,1091
0.016876509436623197,0.006720187047525475,0.003676470588235294,0.017286341692101193,0.030280541838761013,turnover_loss,1092
0.016997860095737043,0.006942031966274884,0.003472222222222222,0.016785692656126446,0.03081192419930542,turnover_loss,1093
0.016452929512669974,0.006951531498254555,0.005875743555849306,0.015867433912001423,0.03215730017212096,turnover_loss,1094
0.013857984281296079,0.006144707266356701,0.003048780487804878,0.0125,0.02698570620992952,turnover_loss,1095
0.014957954640521038,0.006608093065795818,0.003205128205128205,0.014890518025666906,0.027983789065242796,turnover_loss,1096
0.016902262310004013,0.0073774766184288585,0.00342350055534987,0.016150516150516152,0.032999770010030474,turnover_loss,1097
0.015459275742528316,0.0068356545094947155,0.0031635680379746836,0.01564316132014274,0.029205668855557886,turnover_loss,1098
0.015519208805197702,0.007119405945022069,0.0033333333333333335,0.01567354738155495,0.02923445619016864,turnover_loss,1100
0.01499451722916468,0.006864516393507074,0.003205128205128205,0.013731215095651715,0.030162517931268683,turnover_loss,1101
0.012722987783380765,0.005117939999307909,0.0027472527472527475,0.013025119321922317,0.02349712188534388,turnover_loss,1103
0.008540708068178752,0.004383096183745138,0,0.007978723404255319,0.018240611525355773,turnover_loss,1126
0.007246849049518267,0.004149118695946165,0,0.007653061224489796,0.015711481324278437,turnover_loss,1127
0.006446252562046068,0.00409706533290283,0,0.0052357456140350875,0.015681778235070016,turnover_loss,1128
0.006807809900772092,0.004217499694855466,0,0.007417369095400106,0.015282326028782175,turnover_loss,1129
0.0073655019977739095,0.003980084047041246,0,0.007425742574257425,0.015158439539514647,turnover_loss,1130
0.0076764265199236745,0.003928975332645339,0,0.006901970778117567,0.015876591939676048,turnover_loss,1131
0.0061732851765019066,0.0036516214442700624,0,0.0062864684634620725,0.014499355388698515,turnover_loss,1133
0.005818319402142982,0.003245674921700714,0,0.0061987670496539676,0.012536178666381804,turnover_loss,1134
0.004659921789032277,0.0031003808903260458,0,0.004115296030348192,0.01203266129032258,turnover_loss,1137
0.0038369378242080173,0.0026666839453252096,0,0.004115296030348192,0.010147144099349508,turnover_loss,1138
0.003804779786351263,0.0028907504022699024,0,0.0040650406504065045,0.010297399635187249,turnover_loss,1139
0.004117971699032903,0.002802197421504666,0,0.004081700653072105,0.01016422709775061,turnover_loss,1140
0.007040661402554179,0.003409074585670903,0.0019083969465648854,0.005968378952630921,0.013553127791347734,turnover_loss,1142
0.007128765365792746,0.003383212411038458,0.0018244869353644345,0.007382552181292806,0.01326075830055842,turnover_loss,1143
0.007898257846159842,0.003561628172771916,0.0018653261470425648,0.007553072571155039,0.015076660046060288,turnover_loss,1144
0.007520069256489807,0.0033897693241921553,0.0017605633802816902,0.007108834779283556,0.01438172327903699,turnover_loss,1145
0.0139195997656671,0.006543336425980441,0.0033783783783783786,0.01375008002890021,0.027449774260561933,turnover_loss,1161
0.012567018782520284,0.0070587707611996925,0.0033322368421052637,0.011034946543067702,0.028571395478131905,turnover_loss,1162
0.012885681305264475,0.006654839108903271,0.00342350055534987,0.011091379654641118,0.027006239557226388,turnover_loss,1163
0.010024389204595401,0.0057818221930850365,0,0.00847457627118644,0.023450633917493795,turnover_loss,1164
0.009344189406720944,0.005774010677402582,0,0.007874503968253968,0.02256128864221625,turnover_loss,1165
0.01100657395742116,0.006165875519864445,0,0.011173328331170237,0.026201732813206695,turnover_loss,1166
0.01060771102032444,0.0058934516916576115,0,0.010714285714285714,0.022288873808362045,turnover_loss,1167
0.011325757704711685,0.00618816259532256,0,0.010874067937033969,0.02524784899871352,turnover_loss,1168
0.011169845880291655,0.005439345170671858,0,0.010855315081466931,0.021819129359786218,turnover_loss,1169
0.011043482384153338,0.00618900881560979,0,0.010820056742844107,0.024903710049039875,turnover_loss,1170
0.011758581301441291,0.006151476650616482,0.0031250000000000045,0.010818566557057607,0.024857213319730495,turnover_loss,1171
0.011073703596614231,0.005692046220079409,0,0.01061438072881735,0.021538880229322613,turnover_loss,1172
0.010481980354689545,0.006077238325621476,0,0.01037583626185892,0.023895820934661853,turnover_loss,1173
0.012186548722449066,0.006094943333354866,0,0.010673411036933656,0.024155639315344108,turnover_loss,1175
0.015468217595635176,0.00505275058947105,0.006302980453707297,0.014930758706012848,0.02533784374605221,turnover_loss,1196
0.012565661754348291,0.004587470949041754,0.0038314738696418084,0.012782762273580968,0.021749978445358312,turnover_loss,1197
0.009267746750358163,0.0036498390157711706,0.0034489197168074367,0.008940853923543154,0.015964423839076515,turnover_loss,1198
0.008588922184981286,0.0037657673615197527,0.0017853976697061803,0.00862174096900251,0.017461379880317505,turnover_loss,1199
0.0074528292150665455,0.0032957357575223436,0.0016889057681842917,0.006863847667558968,0.014930851397102832,turnover_loss,1200
0.006829162269057022,0.0038622217807078433,0,0.0063025210084033615,0.016297555574544376,turnover_loss,1201
0.00795763213015146,0.00410770101413906,0.001981707317073174,0.00847548941424642,0.01739419007310504,turnover_loss,1202
0.006035701310952578,0.003359072886589892,0,0.0060161290322580645,0.014001177680287996,turnover_loss,1203
0.007027216222586999,0.004027530363463886,0,0.006580653326811498,0.015587887092530199,turnover_loss,1204
0.006852976127223585,0.003705763114921197,0,0.00646551724137931,0.015050591759205142,turnover_loss,1205
0.006975446369810512,0.0037003572011377536,0,0.006321230274693162,0.014480069203767884,turnover_loss,1206
0.006971900459366037,0.003796365137589114,0.001984126984126984,0.006267651688774684,0.014798047163612103,turnover_loss,1207
0.006757287673064807,0.0035896997553070157,0,0.006139483023106407,0.014263662481332892,turnover_loss,1208
0.007003657125649839,0.003753412147294864,0,0.006374040272345357,0.014725120976023817,turnover_loss,1209
0.006256627164853987,0.0037217134879865546,0,0.006329983776093722,0.014470920400503084,turnover_loss,1210
0.005065152493158393,0.0034194777607886545,0,0.004456518054865096,0.01303587667437486,turnover_loss,1211
0.005141735718046726,0.003205342856465077,0,0.004175564854040789,0.012003968888635022,turnover_loss,1212
0.004480646411646271,0.0031800343530942994,0,0.004608392796466191,0.011532662249405369,turnover_loss,1213
0.004587424620765791,0.0030927206724122728,0,0.004629629629629629,0.011555261453041827,turnover_loss,1214
0.004636692131009345,0.0033065759210691038,0,0.0045871559633027525,0.011773975319536023,turnover_loss,1215
0.004894617637543214,0.003475887437643761,0,0.004567829261170382,0.011596635728371774,turnover_loss,1216
0.019536380257628848,0.007320188215344352,0.0069397522522522525,0.020013762873351916,0.03370509654224543,turnover_loss,1234
0.019086901460141546,0.007658084972051236,0.006446755802644979,0.01936729628301101,0.03571989989177489,turnover_loss,1235
0.018465920539402485,0.007088293108093767,0.006710704188443915,0.01735242088502958,0.033076002259754746,turnover_loss,1236
0.016909577972740404,0.0071038082620043744,0.00346875,0.01666434659598841,0.03014231656257329,turnover_loss,1237
0.0175385840955488,0.00731835233988847,0.006294395391194172,0.016449055330634278,0.03447960720644869,turnover_loss,1238
0.014942543174451185,0.006454109852844411,0.002976190476190476,0.014577701017049943,0.028159966021767034,turnover_loss,1239
0.015263648198918107,0.006176220971077502,0.0056186868686868684,0.014527933401720192,0.027991371760520672,turnover_loss,1240
0.014425957264417328,0.005737180748374043,0.0031635680379746836,0.014489641076907625,0.026603130997410043,turnover_loss,1241
0.01531378810007224,0.006788381600647036,0.003246753246753247,0.01548996913580247,0.02886488823468336,turnover_loss,1242
0.016205825816791194,0.006451016461722614,0.006132773239379418,0.01599439993080344,0.0288664224090329,turnover_loss,1243
0.01541932949842271,0.006885012533076235,0.0033333333333333335,0.015757381258023107,0.02908642053354212,turnover_loss,1244
0.015588383630919338,0.006734746726152579,0.003046965737514518,0.01474978314765576,0.0290841603855195,turnover_loss,1246
0.01727989422319556,0.006875298091762013,0.005788316308713113,0.01729361264028001,0.031212354546156004,turnover_loss,1247
0.01640251343886921,0.006239915439435637,0.005435408735724304,0.016185594458002467,0.029545020502033663,turnover_loss,1248
0.015264260940621735,0.006049140536112695,0.005127670661803023,0.015103048570163138,0.027255306177488253,turnover_loss,1249
0.011676721274069646,0.004967344385524467,0.0024032738095238096,0.01173261117674728,0.02241443243194937,turnover_loss,1268
0.009781832814127216,0.004477792634995864,0.002153376436781609,0.009020324151903097,0.019740499326487925,turnover_loss,1269
0.010161192296561927,0.004313387674757814,0.0022123893805309734,0.010648945820604758,0.019343164955983545,turnover_loss,1270
0.009570897874792969,0.004255539200565929,0.002173913043478261,0.00879370494275213,0.017894668774467232,turnover_loss,1271
0.010630567258606713,0.004671598894607534,0.002293056713928274,0.010796845875591331,0.020346424955799948,turnover_loss,1272
0.00844116736496606,0.003934480427400803,0.002293056713928274,0.00809157915136176,0.016101268190782038,turnover_loss,1273
0.007520334545766316,0.0037870491678529314,0.002230687111801242,0.006944444444444444,0.015851945721196685,turnover_loss,1274
0.007677908486880016,0.003946790288461076,0,0.006840713612857804,0.01580968718368374,turnover_loss,1275
0.007764315174391811,0.003937545147634365,0.0021551724137931034,0.006657094894315435,0.01737396944448637,turnover_loss,1276
0.007547786265702708,0.0038344102029779885,0.0021008403361344537,0.0065423058290762625,0.01501291879189222,turnover_loss,1277
0.005872033739695241,0.0032519377347951972,0,0.006225444401267007,0.012699050014742736,turnover_loss,1279
0.006041730731557816,0.0032304687247589905,0,0.006164476358217044,0.012316235220787716,turnover_loss,1280
0.0057951065792239895,0.0032841912106086157,0,0.006,0.01223190989818796,turnover_loss,1281
0.005824348545046529,0.0033300646514203653,0,0.005883391894417301,0.013688059074601503,turnover_loss,1282
0.007327561310019259,0.003587224785954655,0.0019230769230769232,0.007656722923625771,0.01553912216356802,turnover_loss,1283
0.007609707920925376,0.0036809269813645818,0.0018656716417910447,0.007633587786259542,0.015214819570764797,turnover_loss,1284
0.00822796963862482,0.0038768298262789737,0.0018055555555555583,0.0077379516310041386,0.01699498056633623,turnover_loss,1286
0.007685128151570594,0.00383976912635136,0.0018244869353644345,0.007421328813449094,0.015229328497546752,turnover_loss,1287
0.006277089339531577,0.003122013464579629,0,0.005550435784857715,0.012720010213805394,turnover_loss,1288
0.006149646130149602,0.0031553850303392794,0.0016927083333333358,0.005522793912886792,0.01251945741448996,turnover_loss,1289
0.018700318868761466,0.007649397336384118,0.0038446969696969697,0.01833291263146821,0.03369872478225061,turnover_loss,1305
0.018674983394809212,0.007793992379913489,0.003676470588235294,0.018073130723195614,0.03557960588552627,turnover_loss,1306
0.015626001521210034,0.006991126922834177,0.0034710331050228312,0.013988680581990442,0.030079766267282097,turnover_loss,1307
0.014816195025288005,0.007104264142580843,0.0033783783783783786,0.013825728864678314,0.030463598945269788,turnover_loss,1308
0.016395430482324544,0.007907576725622322,0.0036231884057971015,0.015187429441874208,0.033810777896745046,turnover_loss,1309
0.010096690147646904,0.0058009558842000986,0,0.010452417150678961,0.022567824937810933,turnover_loss,1312
0.010450242294904113,0.005796784437518328,0,0.010090090090090091,0.022912297077228787,turnover_loss,1313
0.009730145546440971,0.0053742402293524985,0,0.009879147871442392,0.022299124651773684,turnover_loss,1314
0.00960449422422736,0.005647505873921158,0,0.009628866735934247,0.022199933243639114,turnover_loss,1315
0.010605196429299095,0.005873281833775195,0,0.009615384615384616,0.023847868729150287,turnover_loss,1316
0.010654174176082186,0.005659022200435453,0,0.009363216440422324,0.021850415409645288,turnover_loss,1319
0.01238772103743306,0.006214756881050408,0.0028735632183908046,0.01194792204097787,0.026277647170862704,turnover_loss,1320
0.011284012431305583,0.006205264221620565,0,0.011597288585705363,0.02581674066540184,turnover_loss,1321
0.011813599454478671,0.0063926108925025866,0,0.01168197294591818,0.025950005513165366,turnover_loss,1322
0.0122180932431572,0.005837289491239265,0.002687457103637612,0.011021816219549799,0.023951610960244937,turnover_loss,1328
0.01245835490798745,0.00515994161465611,0.002630222463374932,0.012413294081968288,0.022508257728533956,turnover_loss,1339
0.014093145356914515,0.005696698363267632,0.002474045948284149,0.014045307742131495,0.02592806550992689,turnover_loss,1340
0.014261544041022952,0.0058551412998311195,0.004566526754026754,0.01410748339971581,0.027489053203826948,turnover_loss,1341
0.010558446054891651,0.004264998275507198,0.00409758814728077,0.010486385716305212,0.01930828404089856,turnover_loss,1344
0.010447288698829731,0.004224562899971289,0.0022311638471177943,0.010365726530417072,0.018811885432598402,turnover_loss,1345
0.01102397629810633,0.004482104569088474,0.0039372458813742035,0.010133999785647795,0.020391050474035166,turnover_loss,1346
0.007577380864712454,0.0037338760797494624,0,0.00656328320802005,0.015319685956567049,turnover_loss,1348
0.006371362997072211,0.0035438461920424937,0,0.006132231404958678,0.014164152887232204,turnover_loss,1349
0.006764626489381082,0.0035154432366301044,0,0.005952380952380952,0.013674482019567124,turnover_loss,1351
0.006997557763810547,0.0037736703606792796,0,0.005968631945200398,0.015270150947039138,turnover_loss,1352
0.007790228361122341,0.003542646122773566,0.001851851851851852,0.007575757575757576,0.014998601271366218,turnover_loss,1353
0.007232097459276878,0.003522882457223566,0.001851851851851852,0.007416343943378844,0.01488827052699149,turnover_loss,1354
0.006380034002032132,0.0033300281038612352,0,0.005597014925373134,0.014087106900878233,turnover_loss,1355
0.00790718711409371,0.004072169717838288,0.0019837364079490064,0.007984254992319507,0.01628075956124429,turnover_loss,1357
0.006462277195020634,0.00342284485099653,0,0.00572683696918703,0.014468249956864538,turnover_loss,1358
0.006557453870556613,0.0033801628138997735,0,0.006736069427771108,0.013655199852726063,turnover_loss,1359
0.005479672017708676,0.0034315506045224215,0,0.004367228646971344,0.013009932913082431,turnover_loss,1360
0.006016417922967475,0.0036118074651007295,0,0.0061653163583514446,0.01424508700659315,turnover_loss,1361
0.016822550711710824,0.007479118426292107,0.003785093582887701,0.015781009984639015,0.03225803188697402,turnover_loss,1377
0.019783565664554553,0.007874669725376215,0.006493506493506494,0.019391080967118626,0.03574212817682733,turnover_loss,1379
0.01767362202057321,0.006984754889729782,0.003786465400271371,0.017355708274939416,0.031638548657690564,turnover_loss,1380
0.01974778613018408,0.007243141086951645,0.006533456354300385,0.019192285825988357,0.03514918625678118,turnover_loss,1381
0.0134429940066461,0.006460617479424154,0.003245712620712621,0.01344370929286822,0.026448521872863975,turnover_loss,1382
0.011850553635994581,0.005722732648951321,0.0031240354938271604,0.012288975533722817,0.02478231837606836,turnover_loss,1383
0.020254247014086364,0.00789144862660374,0.006944444444444444,0.019185086333832493,0.037306857282484035,turnover_loss,1384
0.01695313253732697,0.007919630678886909,0.003787878787878788,0.01572296314227667,0.03291688634480681,turnover_loss,1385
0.01834383144664883,0.007740169027406996,0.004027605459057072,0.018416155471686638,0.03475565890762463,turnover_loss,1386
0.013046589096287904,0.006211035866085957,0.002840111082737487,0.011979024622443882,0.02624168900131147,turnover_loss,1393
0.016845302174174803,0.006030910085286366,0.0054700999816313985,0.016308243727598565,0.028960642222255403,turnover_loss,1400
0.01094807573821825,0.004807371596358995,0.002173444527736132,0.011181535517818704,0.01997676194765219,turnover_loss,1410
0.00882392695418169,0.004195426054179682,0.0021929824561403508,0.008832573083661035,0.01782683928790034,turnover_loss,1412
0.009063786312567644,0.004316535872771687,0.0021929824561403508,0.008935639765422568,0.017710477143682173,turnover_loss,1413
0.008935936617468113,0.004073655227140907,0.0020829028925619837,0.008457385149507059,0.01736930392700746,turnover_loss,1414
0.007123050108238325,0.0035663215284397988,0,0.006232927055119568,0.014229375884054981,turnover_loss,1415
0.007615089607149157,0.003813248811218996,0.001908035507749248,0.007731178287190988,0.015407199955132204,turnover_loss,1416
0.008943555983000517,0.003934378305032382,0.0019837364079490064,0.008073892153328122,0.01723752602359472,turnover_loss,1417
0.008590393538469477,0.003794755645561143,0.0018378998497209102,0.008756746509632457,0.01623277155258206,turnover_loss,1418
0.009749857395517522,0.004050658356985223,0.0019227099236641223,0.009356623599553686,0.018385937669775244,turnover_loss,1419
0.008536829730032218,0.003918260180690082,0.0019083969465648854,0.007715834129379309,0.016749930901050303,turnover_loss,1420
0.00729136203481707,0.00390934903077764,0.001937984496124031,0.007752170915324985,0.015516073823765261,turnover_loss,1421
0.007200259196612919,0.003617974051185088,0.0018935833902939167,0.007575757575757576,0.015282678776043768,turnover_loss,1422
0.008288635012449246,0.003779451174062723,0.0019227099236641223,0.00764893001735107,0.01658958337837617,turnover_loss,1423
0.008393377235402915,0.003843117606171385,0.0019083969465648854,0.007737263342277877,0.01706310563683002,turnover_loss,1424
0.008410042095348194,0.0036949140034748715,0.0018796992481203006,0.00833933218283612,0.016425925051835922,turnover_loss,1425
0.006854540318430904,0.003530169811196309,0.0017352253401360545,0.007112017760650979,0.014325413140482761,turnover_loss,1426
0.006199890722485612,0.0033103859701661864,0.0017857142857142857,0.005541938997821351,0.012909224770605727,turnover_loss,1427
0.008530098258356936,0.003574110819702499,0.003559845951150299,0.008196358051347023,0.01634491305997523,turnover_loss,1428
0.010912958729933824,0.004356363241420992,0.003984649565838163,0.010140363646208184,0.020182564050229446,turnover_loss,1429
0.010774783078017382,0.0046294859376689815,0.002154711906867079,0.010278652475043549,0.020284524281303347,turnover_loss,1430
0.01648054679089935,0.00763629153278557,0.0037313432835820895,0.015384615384615385,0.03353661172745896,turnover_loss,1448
0.012686875627829589,0.006007092636852571,0.0032031250000000002,0.01235989010893817,0.02576127303577627,turnover_loss,1449
0.011047463554729946,0.006021861927813675,0.0029017857142857183,0.010116244491244491,0.025212739967486793,turnover_loss,1450
0.011713566199383898,0.005828760593274634,0.003287365047233468,0.010613682092555332,0.025517754864303337,turnover_loss,1452
0.008391654032431552,0.005173290184457935,0,0.007276064519088932,0.02102923110764381,turnover_loss,1453
0.010947880531854264,0.005733954595056954,0,0.010514475743348982,0.023156237482976846,turnover_loss,1454
0.010011395274658951,0.005555826310999472,0,0.010785336671359329,0.022014787683966,turnover_loss,1455
0.014887546013648492,0.006866350079751496,0.0033322368421052637,0.013471505030625434,0.029252657891356518,turnover_loss,1456
0.016225322341624816,0.006402021742827161,0.005406127327319937,0.01594329665490713,0.02930204399914727,turnover_loss,1462
0.017354827828214386,0.006244840207270462,0.005680222165474974,0.016213206086359344,0.030595330803596513,turnover_loss,1465
0.017257150156571702,0.0062625945099317034,0.005646013045942822,0.01654785186522229,0.03021513853571873,turnover_loss,1466
0.01583468733841601,0.005518153379656239,0.005049242424242425,0.01617201478652315,0.026181377262992966,turnover_loss,1468
0.016132840111373573,0.005964141874512836,0.005616416978776529,0.01537399919492118,0.028578013995185145,turnover_loss,1471
0.018562458521352125,0.006318183763867978,0.007281795143800095,0.01827089104200495,0.03134254631872935,turnover_loss,1476
0.01704923115421113,0.0056649127210485406,0.006990543982494822,0.016461287559160986,0.027643149777935347,turnover_loss,1479
0.015658464307097223,0.006101682253535374,0.005024633713371337,0.0147757885943503,0.0290889810414457,turnover_loss,1480
0.013120684766586472,0.005095582998017436,0.004504055902836685,0.011989447363876263,0.02487502521336569,turnover_loss,1481
0.011152950482132589,0.0046028859923866895,0.0022522522522522522,0.011007240971079524,0.021596940712780358,turnover_loss,1482
0.010123670535036001,0.004624577754278485,0.0022123893805309734,0.009207959896033291,0.020050895341271444,turnover_loss,1483
0.009301667473565915,0.004353728304893054,0.0021929824561403508,0.008890798214187506,0.01958906237670638,turnover_loss,1484
0.009229822410613797,0.004341687584820534,0.002173913043478261,0.008929620614403222,0.0181019656019656,turnover_loss,1485
0.009590177765894116,0.004413088155657525,0.0021929824561403508,0.008961715750404789,0.019542526238221742,turnover_loss,1486
0.010317124878258664,0.004226282061365358,0.0021181989745050565,0.010299796408002037,0.020303940617818,turnover_loss,1487
0.010326294967466619,0.0042271326688004375,0.003830466758863332,0.009807327457540791,0.0195385481169219,turnover_loss,1488
0.00812954406922108,0.0038728975513964282,0.001908035507749248,0.007752290131890938,0.015717542233724745,turnover_loss,1489
0.011502388305963401,0.00491844501538663,0.00219203720508167,0.010931933894188117,0.021460384389257507,turnover_loss,1490
0.008427599468569013,0.00357206514188313,0.0016337216704863764,0.008118905577341323,0.016143283925825834,turnover_loss,1491
0.008386628037632774,0.0036401754562467126,0.0017857142857142857,0.008748373481850783,0.015939906387899515,turnover_loss,1492
0.00983877699154348,0.0043281916416846485,0.0019376118067978535,0.009537094774661055,0.018637437089548514,turnover_loss,1493
0.007381324992070797,0.0035818258748779204,0.0017979233634369102,0.00726217378425633,0.014838634825115762,turnover_loss,1494
0.006089487345628929,0.003155349411359085,0,0.00528169014084507,0.01347301691437354,turnover_loss,1495
0.005789347359186065,0.002942404059819714,0,0.00531923812377813,0.010804701216749384,turnover_loss,1496
0.006428516018497934,0.0032078039834664766,0.0015718387437009258,0.006473444570669876,0.01324180228433137,turnover_loss,1497
0.005714216077847401,0.0030091824346287297,0.0017006802721088435,0.005319148936170213,0.012287799799154495,turnover_loss,1498
0.005172763158476618,0.0029206152394719857,0,0.00529435103903189,0.010778850522066818,turnover_loss,1499
0.0047455920974139735,0.0030480916552938606,0,0.003623568992814517,0.012203669253308697,turnover_loss,1500
0.006199239029492352,0.003029623500932234,0.0016233766233766235,0.0052144873804356555,0.011954717743151107,turnover_loss,1502
0.016019502231738245,0.007136398151285616,0.0036231884057971015,0.015123247399366803,0.030319779026120937,turnover_loss,1518
0.01578823305401105,0.00775010057972787,0.003293918918918924,0.016752873433561345,0.029880808440018957,turnover_loss,1520
0.018807965200009366,0.00774187596815396,0.00390625,0.018334569389079448,0.03473893628246095,turnover_loss,1521
0.01858311534199574,0.007938809626004406,0.004030657962109575,0.018074715609038092,0.035316313642725916,turnover_loss,1522
0.018195933641188225,0.0071525631175119115,0.00690355143923241,0.0175152015594327,0.03397034286332232,turnover_loss,1523
0.01644495100267537,0.005949451102802526,0.005781898217362322,0.016760523238700212,0.028425896447508214,turnover_loss,1528
0.01774474987680714,0.0058444590703721384,0.007976163921299472,0.017068545079793815,0.029648327724555796,turnover_loss,1529
0.014936706710788068,0.006119088097010205,0.005023395721925134,0.015080155714428313,0.027671950007903408,turnover_loss,1533
0.016164757248912986,0.00602698897453912,0.004852057327785483,0.01627231002147516,0.02867189804860363,turnover_loss,1536
0.016852832556219922,0.005920539982586999,0.006907433270191004,0.017012511995269375,0.028629722679933172,turnover_loss,1537
0.01745508556944591,0.006727791226371061,0.00561999961245651,0.01707243196384717,0.03246071791995814,turnover_loss,1538
0.01865134833837134,0.007023577378111399,0.006105529121188456,0.017962164887782118,0.0346430345504134,turnover_loss,1539
0.020809844390834466,0.007128110050281569,0.006408253205128205,0.020772572809524964,0.03440762378340372,turnover_loss,1540
0.021550597609091133,0.006583852540094163,0.009827424504026206,0.020665733291373715,0.035131531098200226,turnover_loss,1542
0.014980597573434113,0.005724197153794115,0.004586489898989899,0.014463549814715267,0.026696860044877015,turnover_loss,1550
0.011561783561248816,0.0049517446195155735,0.0023142838939857286,0.01099201436612586,0.023410448883649262,turnover_loss,1551
0.010654008644169254,0.004610795434757599,0.00211864406779661,0.010578245389187878,0.019353167780405595,turnover_loss,1552
0.011457322257646707,0.004328212131357056,0.004066095543920529,0.011300186463897976,0.019879800283374792,turnover_loss,1553
0.011947208345370868,0.004440409468040856,0.004255012018083969,0.01082319009986532,0.02223788855812418,turnover_loss,1554
0.011484451656551783,0.004471489747850733,0.0038749692383413313,0.011587038501471308,0.020134487933672923,turnover_loss,1555
0.009213683058580365,0.003338343944182939,0.0032746888171759744,0.008515557679210483,0.01647556801010748,turnover_loss,1556
0.00959366732587406,0.003517721836446455,0.003280381184329693,0.009759021110372332,0.016418100183295346,turnover_loss,1557
0.0101901028445867,0.00392519362531073,0.0033231614441388848,0.009783878713489055,0.018592550846452425,turnover_loss,1558
0.010179861252826087,0.0038959518066058103,0.0016886261261261262,0.0098605987717118,0.01789163173958759,turnover_loss,1559
0.010643612421737995,0.003655659814955516,0.0032479550124654946,0.00986743147206079,0.017755612253781257,turnover_loss,1560
0.010275067663176353,0.0035787868255916047,0.0032576861010981642,0.009692174368578823,0.017424722436351715,turnover_loss,1561
0.009325879621076578,0.0035221725147776546,0.0031690255114216123,0.009406557324495175,0.015981928275779607,turnover_loss,1562
0.008112594116718958,0.0029970015266679094,0.0031058177636206414,0.007943219540377617,0.01442411071461598,turnover_loss,1563
0.007566929775936197,0.0030359444253088325,0.0016231147884373694,0.007834757834757834,0.014153383071638076,turnover_loss,1564
0.007425075870912172,0.0027371317361723074,0.0030865344221127984,0.007832400556093716,0.012624054337597768,turnover_loss,1565
0.006823853116343736,0.003496119733565572,0.0017479482323232323,0.00705491441931358,0.01421222157938703,turnover_loss,1566
0.003803686068009859,0.0025152587704201997,0,0.0035211267605633804,0.008816751350300384,turnover_loss,1567
0.0045257501410632785,0.002618404504201631,0,0.0035460992907801418,0.010300788756998167,turnover_loss,1568
0.004591624603642379,0.0028743329244593566,0,0.0035409157123565877,0.010323141091871624,turnover_loss,1569
0.00531166277587381,0.0028728868984709663,0,0.0050456621004566216,0.011562689071811062,turnover_loss,1570
0.005701923611739531,0.002775030869297875,0.0016231147884373694,0.004995640802092415,0.011401261449536623,turnover_loss,1571
0.012665172493123643,0.006778743448918399,0,0.011196562436685351,0.02754345199987805,turnover_loss,1586
0.013360158835717714,0.006845772225389229,0,0.013611714545205557,0.0287568009587919,turnover_loss,1587
0.012502930231647438,0.006392163789048232,0,0.011368778280542988,0.025150806308255825,turnover_loss,1588
0.013183036515774774,0.006252915789909616,0,0.013636367756086065,0.025115306376479973,turnover_loss,1589
0.017302120531299068,0.007198711767427119,0.0035714285714285713,0.017645415189160036,0.03146154295051353,turnover_loss,1590
0.016130481779985745,0.007239332222347562,0.003676470588235294,0.015355477855477856,0.03092802048623966,turnover_loss,1591
0.007439240251156035,0.005240159882696605,0,0.007194616977225673,0.01824678472135122,turnover_loss,1592
0.009985591354852783,0.006137714026847594,0,0.010007578781312958,0.023703362582237847,turnover_loss,1593
0.012547215299069233,0.005943233431739801,0.0030845604640785365,0.012683525752950115,0.02316068381514275,turnover_loss,1594
0.019420793194797423,0.006646486476586044,0.007573863636363637,0.018895127041053006,0.031867558436418024,turnover_loss,1602
0.015679113763038714,0.005820821163839197,0.005001356603247359,0.015318888193575301,0.027769990346350287,turnover_loss,1608
0.017807156353209855,0.005715025665013457,0.0073929263056547794,0.017265497569204417,0.02941307626160725,turnover_loss,1609
0.01659173328736345,0.005950393590550027,0.00495744409259221,0.016706902030464328,0.02857865893881968,turnover_loss,1610
0.017027763943219167,0.005637134276148149,0.007162574340296909,0.01670686223683295,0.0287766902587777,turnover_loss,1612
0.01909130628525299,0.005918561772406167,0.009287146033159558,0.01901402049224738,0.03181880808369243,turnover_loss,1613
0.015318984716273167,0.005918804048046161,0.005465917176558832,0.014806403437184219,0.027452063777456043,turnover_loss,1614
0.018206131181138577,0.006292501078598411,0.007638742462869575,0.018100587358534356,0.0315109973678178,turnover_loss,1616
0.01874551861548982,0.006089843308672613,0.007679360403955397,0.018797774596027703,0.03139302691763785,turnover_loss,1617
0.0190476971390106,0.006039254267793239,0.00896467825695767,0.018971503845954987,0.03152899918217695,turnover_loss,1618
0.014161621230096962,0.005164870799005819,0.0046279216711352525,0.013529055798792641,0.024264547576474227,turnover_loss,1619
0.013020926956461606,0.005033767967981785,0.004347826086956522,0.012878629314001903,0.023437722747878028,turnover_loss,1620
0.012314510360734745,0.004757814248764517,0.004034567156630114,0.01199598436042602,0.022111211619182967,turnover_loss,1621
0.01142961269532473,0.004499242928889635,0.0037868476241988817,0.011501920828376944,0.020729110389356525,turnover_loss,1622
0.011417532522314575,0.004346840358905557,0.0038835591689250232,0.01134162630715491,0.021056163458153466,turnover_loss,1623
0.011077104693761556,0.0045898913842661055,0.0037212710747432593,0.011168833422869513,0.020800965760734393,turnover_loss,1624
0.01140087122786024,0.004787475925096735,0.0037917399927477518,0.010503898889550332,0.02191900368245421,turnover_loss,1625
0.00971740907598725,0.00410626724666631,0.0019073288139455395,0.009120705554024305,0.018470458482620702,turnover_loss,1626
0.01265652716660858,0.005674367053928916,0.0025246212121212124,0.012466321332887376,0.024599061079781322,turnover_loss,1627
0.010676300331397298,0.003378875047280632,0.004728027572667604,0.011010397821927087,0.01762461588530273,turnover_loss,1629
0.010993817006539315,0.0037207038143862356,0.0032889920680275473,0.010995395385960647,0.019011575744817353,turnover_loss,1630
0.010692591335446373,0.003695320469767486,0.0033540489226421763,0.010960042292512937,0.018796740868698855,turnover_loss,1631
0.004738284925908018,0.0028314188201679644,0,0.0035591207353797283,0.010598005215792827,turnover_loss,1632
0.005166635717239789,0.0029234031568452666,0,0.004977924944812362,0.011570338229995534,turnover_loss,1633
0.005067912692336473,0.002800633181212218,0,0.004887537705514681,0.011282181320095988,turnover_loss,1634
0.004859570226276856,0.0025924661786203176,0,0.004891978936096584,0.009837338481345539,turnover_loss,1635
0.005586694787663336,0.002835990032691668,0.0015720813679245284,0.004966887417218543,0.011413458010178795,turnover_loss,1636
0.005674923965498179,0.0028509878298633873,0.001601808176100629,0.004929401013413982,0.01139824936736241,turnover_loss,1637
0.005112743422967273,0.0030459733908034725,0,0.0051488757997294335,0.011975898560888692,turnover_loss,1639
0.005957500616612912,0.00294994897609489,0.001644736842105263,0.005137937595129376,0.011738917227263777,turnover_loss,1640
0.006596973171185485,0.0028813952679007755,0.0016129032258064516,0.006516118112465047,0.012949225198628142,turnover_loss,1641
0.006956376601856431,0.003094215163491601,0.0016129032258064516,0.006600731962356221,0.01321715551317305,turnover_loss,1642
0.011704359347811345,0.007021454054915797,0,0.011225625445288004,0.028921873630472633,turnover_loss,1658
0.01317452448682524,0.006123205269239825,0.0034710331050228312,0.013636314886314886,0.025372128458770914,turnover_loss,1659
0.010750908617043227,0.005524907734554978,0.002807445363625139,0.011263361397327495,0.023309187760738953,turnover_loss,1660
0.011134377697669435,0.005549526629334576,0.002777777777777778,0.011437804754614509,0.02345983821107534,turnover_loss,1661
0.010849830323479134,0.005456287108085816,0.002715945883441258,0.011375811432532931,0.022900607712713215,turnover_loss,1662
0.014953479685678383,0.0066971774797194095,0.0033333333333333335,0.0134737846381682,0.02897842289289657,turnover_loss,1666
0.016700720144368505,0.006528712122285541,0.0060996137187961175,0.01639152149073888,0.02974951251412777,turnover_loss,1669
0.020067744482735676,0.007369918813746899,0.008613830503853564,0.01902919422957471,0.03629633331061034,turnover_loss,1672
0.019018421846350136,0.007244155557433601,0.005918618757977647,0.01882482591670824,0.03405519901072805,turnover_loss,1674
0.022722257036773854,0.008048173126480042,0.006533329324995992,0.02231034916508828,0.03949023785650624,turnover_loss,1675
0.01873357080792129,0.0075150433254487356,0.00609779458986635,0.018649336166316713,0.03359541782568212,turnover_loss,1676
0.019523014278073417,0.006295432766702988,0.007842219661216027,0.0187518841758157,0.03311208910313252,turnover_loss,1678
0.01929561358985133,0.007008619527907098,0.007508747817308744,0.018703511722951597,0.03426522800629043,turnover_loss,1679
0.01868734606482114,0.006396000178908984,0.007985404523920861,0.018467235219855577,0.03228963993998512,turnover_loss,1680
0.018674809822499285,0.007042089268182722,0.0056309977146080875,0.018140973553430854,0.031798798301516495,turnover_loss,1681
0.014901274176891742,0.005681208576994673,0.0045871559633027525,0.01392566411412294,0.02739621613754374,turnover_loss,1684
0.012214993947965274,0.004524459210573408,0.00423996023069849,0.012717500811642302,0.0216143726596112,turnover_loss,1685
0.010060538496615553,0.00412759086382464,0.0034707657531692767,0.010384905490886855,0.018927054973081555,turnover_loss,1686
0.011897392939069946,0.004449149477452831,0.003803182792175882,0.011141066488268694,0.02145904988246703,turnover_loss,1687
0.010108301674645237,0.0041864587512526275,0.003398075773999311,0.009566610492717464,0.019541534189460474,turnover_loss,1688
0.008849893497362848,0.004011122759948746,0.0018235233214267225,0.008508557511129992,0.01676920063649191,turnover_loss,1689
0.009708801247866349,0.003831257276977281,0.0034428319817109546,0.008968631680421162,0.017430635769000065,turnover_loss,1692
0.012404020888390193,0.004611244703218034,0.0038328017391688787,0.011654793394794308,0.02239395876458481,turnover_loss,1693
0.012054685972184133,0.004810686361780552,0.004033287637326023,0.012060413290280864,0.02170796389654776,turnover_loss,1694
0.014881548572081883,0.005372539085474301,0.004273816481589714,0.014745759711676349,0.025329528896669957,turnover_loss,1695
0.013391981515488066,0.0047169982737571186,0.005562452267702823,0.013558181921147067,0.023470709231622304,turnover_loss,1696
0.011535212028306019,0.0044129886902269395,0.0037758471009155005,0.011308312334431738,0.020681179573171258,turnover_loss,1697
0.011927117871818634,0.004365989342389362,0.0037596093566057056,0.011203656019589541,0.020682110569560368,turnover_loss,1698
0.01116979376478018,0.004397802387505565,0.0036401759738218607,0.010971168532310793,0.020026527980818797,turnover_loss,1699
0.010217783751596137,0.003920567190271266,0.0035975550070105364,0.00966869683765267,0.018500723376420683,turnover_loss,1700
0.013130751209645311,0.005100237688896436,0.004126348651531089,0.012596916528243678,0.024185361273276456,turnover_loss,1701
0.010831225044679049,0.00450166378052523,0.003508312807881773,0.010804990534827306,0.020155717338794746,turnover_loss,1702
0.00786162651975659,0.003631653566077149,0.0016556291390728477,0.00805719235845323,0.015445981072474274,turnover_loss,1703
0.009397714428544009,0.004234031826727438,0.0019527464874031007,0.009492149314419543,0.01809671610083166,turnover_loss,1704
0.010248886829544928,0.004755411960020233,0.0018935833902939167,0.009590642440415818,0.020307428272591948,turnover_loss,1705
0.006289696709408905,0.003435917089051166,0,0.005548747276688453,0.014343346464744725,turnover_loss,1706
0.005942730046235964,0.002712300063937,0.001524159275683666,0.0061753071706313655,0.012234751428098626,turnover_loss,1707
0.006125448142927635,0.003042989888869933,0.0015239310902145167,0.006175710377098482,0.012452522330346945,turnover_loss,1708
0.005366248303011757,0.002944007155094012,0,0.0046299803060142405,0.012170081764112689,turnover_loss,1710
0.006640159792235687,0.003287459518262282,0.001646959459459462,0.006845441677527188,0.013772087498883867,turnover_loss,1711
0.007575874965017108,0.003506260528056158,0.001736111111111111,0.007049195289942967,0.015565736945047289,turnover_loss,1712
0.013361912760218841,0.006083941098653415,0.0035701710261569417,0.013600433705654344,0.025270520179902944,turnover_loss,1731
0.014100169325670939,0.0068284397125174204,0.0031645569620253164,0.013034887787050729,0.02859616014824348,turnover_loss,1732
0.010871845544189133,0.005564360311439785,0,0.00924767496374797,0.023335696278676547,turnover_loss,1733
0.011814462854059148,0.005768721658930052,0.0029069767441860465,0.011841368643152814,0.02355254385482126,turnover_loss,1734
0.013631280772340928,0.005849222534022813,0.0026028380102040816,0.012975398936170213,0.02569333468823472,turnover_loss,1738
0.012297978774851587,0.005704809016966729,0,0.01262581168831169,0.02244389831560884,turnover_loss,1739
0.015200105530543948,0.005523237182259189,0.005817099567099567,0.014809153998678123,0.025950102400759636,turnover_loss,1743
0.017923128446475343,0.005918696359975109,0.007807804427054111,0.018136695434028093,0.02946409157021894,turnover_loss,1748
0.0176456697138695,0.005826943879243416,0.0075754020176736075,0.01782773878301599,0.02999003774369487,turnover_loss,1749
0.015587129134319764,0.005192498208283702,0.006587270043152397,0.015872072146260283,0.02551276700481484,turnover_loss,1753
0.014173903274113388,0.004982769582723123,0.0045359017797604925,0.013567099011177959,0.02398272746553217,turnover_loss,1755
0.013364873923109945,0.00484009693602587,0.004404962650479651,0.012939790875819746,0.023548500064387183,turnover_loss,1756
0.012367127110968037,0.00472200806033104,0.004300859392693335,0.012418991952534753,0.02307826810295927,turnover_loss,1757
0.012540568828118449,0.00475420233871762,0.004114715845305769,0.012357299808133982,0.022573619770405402,turnover_loss,1758
0.01375355576908501,0.004549809774597844,0.0059072527803781805,0.013954843932315502,0.02377936189435297,turnover_loss,1759
0.014387463705591982,0.004357199580507561,0.005958023538731398,0.013890760840597078,0.023367652118045586,turnover_loss,1760
0.0129068029810097,0.003980974652051289,0.00568087472798848,0.013173426189469359,0.021299369363893206,turnover_loss,1761
0.011063818204437696,0.003979525433281551,0.0038793485579620693,0.011067271397391821,0.020259049244921445,turnover_loss,1762
0.011152613131237188,0.0036377408007582635,0.0035850411696399355,0.010841236201321137,0.018944151515809037,turnover_loss,1764
0.011702088761109355,0.0038471691170587174,0.005161765893328255,0.011960249950636513,0.020226179609351615,turnover_loss,1765
0.011380131589909028,0.0036782505706183283,0.005032331944827105,0.011519149643300265,0.01873332251470873,turnover_loss,1766
0.010909092867802866,0.003656380509659252,0.00481752668928191,0.010387380377094586,0.018076758182551285,turnover_loss,1767
0.010540377438568664,0.003429576326814596,0.004699448297804929,0.009993193534842503,0.017387478726397686,turnover_loss,1769
0.011069971712663381,0.0036727534811276303,0.004620607635057821,0.011130524068986779,0.01751323780823095,turnover_loss,1770
0.009428628287401087,0.0034059760262091423,0.0031348705329285087,0.009303955010891415,0.015554322642069445,turnover_loss,1772
0.009610415845200563,0.0033482359233380004,0.0045272762592227555,0.009286216966205515,0.015627796207606858,turnover_loss,1773
0.010223562676827159,0.0034901533903212373,0.0031645569620253164,0.010573734738904786,0.018332587620939093,turnover_loss,1774
0.009277791397217497,0.003253495068644259,0.0030769456460955223,0.009199327843429896,0.016637787677678074,turnover_loss,1775
0.007570032837976635,0.0030304254345985865,0.0015815413947637392,0.007653977664013548,0.013780069129467038,turnover_loss,1776
0.0058560715318242635,0.0028534037487123244,0.0015057986436765025,0.006079534929289777,0.012258897788078503,turnover_loss,1777
0.005487238450992694,0.0027458119696021598,0.0014338235294117667,0.005939173006480699,0.012069355434173798,turnover_loss,1778
0.0056800324670127165,0.0026432441089292245,0.0015057986436765025,0.006043529472052207,0.012115687561402615,turnover_loss,1779
0.008596106842698228,0.0030100011960433656,0.003061248723490156,0.009000947104400015,0.014064785608259207,turnover_loss,1782
0.008537696166977018,0.003048317493434287,0.0030673367565582964,0.00788272365937222,0.01532697186615183,turnover_loss,1783
0.014136774472274129,0.006496741911379456,0.003472222222222222,0.014260261797026504,0.027859023183049447,turnover_loss,1803
0.01386806803899371,0.006380159970056791,0.0035199041471048512,0.01409149673369447,0.025775748435347277,turnover_loss,1804
0.013423116369251784,0.006178090954071497,0.0033772522522522524,0.01382034182856972,0.02499607682560813,turnover_loss,1805
0.012986071394124941,0.006059360010803033,0.003246753246753247,0.013353395629515033,0.024710378253937626,turnover_loss,1806
0.012776481300625083,0.005982297124207865,0.003245712620712621,0.013250231796475595,0.024055378978470158,turnover_loss,1807
0.0124501153987052,0.006035259072087205,0.0029017857142857183,0.012874019886849688,0.026241445367590432,turnover_loss,1809
0.015475691922433156,0.005943032234512925,0.005715111825070671,0.014907417487398109,0.02786116055352905,turnover_loss,1815
0.015943195188469105,0.005974149060720185,0.00548305848873693,0.01468365751168546,0.02833838261235318,turnover_loss,1816
0.018150105429248383,0.005992402650686381,0.006017343182252821,0.018369329280143426,0.02950437170365153,turnover_loss,1819
0.01780319085791877,0.005675683989309577,0.007808707989887765,0.017835864962927456,0.02948799061648201,turnover_loss,1820
0.018262496987906388,0.00585254601036117,0.00806154037297301,0.017873543602144687,0.03109641782963903,turnover_loss,1821
0.017413047218296743,0.006056349202773648,0.007141172506738544,0.016924245233801,0.02973191663162051,turnover_loss,1823
0.01692832508544858,0.005537068617890918,0.0071275423783811855,0.0166188654265683,0.028633724897957572,turnover_loss,1824
0.016329922956867724,0.005377846490267742,0.006881356746103639,0.015913850152980587,0.027138853198615073,turnover_loss,1825
0.01586672011762108,0.005167995874806516,0.006690184613968049,0.015657371858278958,0.02660182226032849,turnover_loss,1826
0.013161930507348643,0.0047159679668859434,0.004317441835488594,0.012711864406779662,0.021582077970561338,turnover_loss,1828
0.013611423156446933,0.004782264037043403,0.0042738086763875775,0.014045348093719276,0.022868020189590138,turnover_loss,1829
0.014991412433763689,0.004847247397460848,0.006185757672634271,0.014364907433083465,0.024563835621741685,turnover_loss,1830
0.016336051523465657,0.00456427219027467,0.007902362872622443,0.01586143032550369,0.025429883628318772,turnover_loss,1831
0.01523085028898757,0.004302636574134123,0.007598347164798545,0.015133704383494944,0.024330346837293463,turnover_loss,1832
0.012355995474863577,0.00401330518192627,0.0038367279747209106,0.012645710750075,0.02029710074019464,turnover_loss,1833
0.010655938671132691,0.003788223809715237,0.003690967624723366,0.010734808399301092,0.01826747204982559,turnover_loss,1834
0.01104779681963249,0.00387035982299003,0.005080206220419203,0.010705310093378806,0.019343558504262712,turnover_loss,1835
0.012089086959851256,0.004007730221686148,0.005060588629679856,0.01207654362613558,0.019456785170872612,turnover_loss,1836
0.012478489834609831,0.003918592524021204,0.006444323994505084,0.01195751420668346,0.020374389499342963,turnover_loss,1837
0.011360386578233475,0.0037475387447169547,0.0048900820165862675,0.011367538688655723,0.019841478364258095,turnover_loss,1838
0.0103678150069463,0.003647113966473282,0.0034458393617876376,0.009763250418597495,0.017872402369763198,turnover_loss,1839
0.010030317680769976,0.003417867725041068,0.0032490662858027167,0.009739189943030913,0.01712180419981939,turnover_loss,1840
0.010710172143817566,0.003561505271083869,0.004723085125517838,0.010804545120836886,0.018746343248056945,turnover_loss,1841
0.009867733485503644,0.0034681479897444244,0.003224389467472773,0.009396886489289422,0.017180949888684956,turnover_loss,1842
0.00891923283066563,0.0033921732471258147,0.0030121203883541905,0.009131003145077083,0.015589536674803166,turnover_loss,1843
0.00877091456130831,0.0033803709518290185,0.0030218265359471517,0.009045588607571074,0.015321746709620367,turnover_loss,1844
0.009431443104291327,0.003298052983682863,0.0030487634821127325,0.009132680168803625,0.01662866916429648,turnover_loss,1845
0.009317756785323638,0.003208651699193346,0.003060370759859754,0.009079741683253298,0.016419108982059085,turnover_loss,1846
0.008207975828332362,0.002960542072618733,0.003012254513778904,0.007682933570552115,0.01489030234362111,turnover_loss,1847
0.006518111472678912,0.002792836869876456,0.0015057986436765025,0.006117692910085077,0.012376069156129267,turnover_loss,1848
0.005410653191763049,0.002506086729225334,0.001488095238095238,0.004631024096385543,0.010664766835429336,turnover_loss,1849
0.005535864662902432,0.0025148668357341847,0.0014792899408284023,0.004702240566037736,0.010611101503161094,turnover_loss,1850
0.0067594063520457865,0.0028311895078945467,0.001533277560884923,0.006136004402399782,0.012128131027616217,turnover_loss,1851
0.007839305214866105,0.0030202229783374158,0.0029748851294903924,0.007576473441841407,0.013694672042387054,turnover_loss,1852
0.008996953915575853,0.0030783626209543264,0.004464603978042347,0.009020033917501842,0.01515380685145317,turnover_loss,1853
0.00908124173760818,0.0029860415887253064,0.004388985277142199,0.009048597718189319,0.014958925962030975,turnover_loss,1854
0.008165633795084788,0.0031254350870512297,0.0030025703463203465,0.0076343695302787985,0.015008748781339142,turnover_loss,1855
0.0072963572326969015,0.002750787040058686,0.0015337423312883436,0.007550602098756838,0.013482962407122105,turnover_loss,1856
0.015266620299429927,0.006440884632409581,0.0035701710261569417,0.014586342008783587,0.02837837536484925,turnover_loss,1875
0.015079107009505996,0.0065957618718995885,0.0036218944099378884,0.014408470861974134,0.028597627358816616,turnover_loss,1876
0.014897507894751829,0.006398730702853839,0.0035689484126984125,0.014190821256038648,0.02827918049292379,turnover_loss,1877
0.014512548363944505,0.006229158844051152,0.003618225134008339,0.013909103570899847,0.027770279979793505,turnover_loss,1878
0.014102417994566492,0.006192583790840287,0.0033322368421052637,0.013793034263371768,0.026952882940368635,turnover_loss,1879
0.014191660784169944,0.006357542622566746,0.003205128205128205,0.013623777488214108,0.026773099083672713,turnover_loss,1880
0.013783412922884155,0.006248239624954457,0.003245712620712621,0.013326520514020515,0.026453608615033514,turnover_loss,1881
0.014081344538850519,0.006405620535931502,0.003246753246753247,0.013168066965535321,0.028519104044846613,turnover_loss,1882
0.014660508868647818,0.00574138587879069,0.0034698761261261262,0.015039897848557332,0.02542275787013906,turnover_loss,1884
0.018419090599391785,0.005596338373345129,0.007652954414275597,0.018118491968480106,0.030363829980619438,turnover_loss,1892
0.018395085256103366,0.006024698587549976,0.007285150543061789,0.01890235948151381,0.030535062906011205,turnover_loss,1895
0.018609251285779334,0.0057807690883437774,0.007264712166727355,0.018632923737544948,0.03013581768984806,turnover_loss,1896
0.018228362520525395,0.005666150252412647,0.008778921945236407,0.0180285275474279,0.029590224728905358,turnover_loss,1897
0.013952893460661411,0.004722453421943129,0.00434749868820002,0.013100265788365713,0.02332211673465735,turnover_loss,1899
0.01351610426986033,0.0043963138601869275,0.004365335376541233,0.014075582253988115,0.02254698903765407,turnover_loss,1900
0.0152128169859197,0.004715128516255047,0.006273480393445688,0.01467485929617237,0.02555283305963158,turnover_loss,1901
0.016925704905632995,0.004768280860603675,0.007976082476974462,0.017122653703581035,0.026293292540369842,turnover_loss,1902
0.015923066451694775,0.004729538287738883,0.00756103616881593,0.015368967804692903,0.025024059540443868,turnover_loss,1903
0.013112592696058285,0.004480813784047713,0.005267925247902365,0.0130604569702595,0.022250819556872286,turnover_loss,1904
0.010943979351701298,0.003971635041271253,0.0036274279448621554,0.010860355218727247,0.02021537825433282,turnover_loss,1905
0.010698007069233073,0.00406309632012949,0.0034458393617876376,0.010651494176593312,0.019620925514106578,turnover_loss,1906
0.011927692346542049,0.004136056915952193,0.0036766519739705214,0.011966597479829751,0.020697286977124925,turnover_loss,1907
0.012951702784240623,0.004145815274734561,0.00645760357371819,0.012634569955112704,0.021672532393235827,turnover_loss,1908
0.011909160617111239,0.004045298097791203,0.004819913793673974,0.011650023246732977,0.020001109605013306,turnover_loss,1909
0.010534176072034862,0.003775092797532438,0.004536646163167463,0.009843918047831409,0.017554183321396494,turnover_loss,1910
0.010157900251422186,0.00346107061256445,0.0032486692094894796,0.00960206787713995,0.01704241651875806,turnover_loss,1911
0.009947636180179444,0.0034172566644933102,0.004517447683244353,0.009487096627157708,0.016982220650109105,turnover_loss,1912
0.009806572125569363,0.003527868133427089,0.003109849188560884,0.009365665276035585,0.01697086111710721,turnover_loss,1913
0.00886195670936052,0.0032860627355002915,0.003020093186648517,0.009056905296430707,0.015363399373778551,turnover_loss,1914
0.008855371028246076,0.0032667060117972818,0.003005198180636777,0.008959942382093775,0.016332470608065072,turnover_loss,1916
0.008665731590495444,0.00295900270526564,0.0031436774874018516,0.008872611645164123,0.01488198480864896,turnover_loss,1917
0.008453802555190564,0.0028971058666789973,0.0030859463758236764,0.007605319063652397,0.014819734494625012,turnover_loss,1918
0.007424572870335582,0.002684443079045444,0.002915245201618839,0.0074555371802939386,0.013266341917998125,turnover_loss,1919
0.0060842322842539045,0.0027201515453981148,0.0014695378151260504,0.005985151223667819,0.01187225966802273,turnover_loss,1920
0.0057094048459914604,0.0026005610054349792,0.0014705882352941176,0.005953783220065136,0.010491903688979648,turnover_loss,1921
0.0064788087969862105,0.002797492600468538,0.0014792899408284023,0.0060047033325464575,0.011992486889664502,turnover_loss,1922
0.00790110424526641,0.0029757478391213244,0.0028731222013577947,0.0075138639507212265,0.013549284658083364,turnover_loss,1923
0.008557842710110085,0.003172726864780051,0.002940756474974297,0.00822747052937477,0.014878095971668717,turnover_loss,1924
0.009104540380576755,0.0032237228604739612,0.003030564192988239,0.00897339262141169,0.016130921782732753,turnover_loss,1925
0.008653756316819309,0.0031465344494174177,0.0029935690748680156,0.008988165352494833,0.014920961126413602,turnover_loss,1926
0.007536229008057288,0.002724793693058409,0.0030040327231622777,0.007548486629444608,0.012149597889766682,turnover_loss,1927
0.0063629360758859135,0.002663716896661156,0.0015151515151515152,0.006097560975609756,0.011997876361168764,turnover_loss,1928
0.01662120862397056,0.006549559595643759,0.003675138533674339,0.017005428731707455,0.03033473322947006,turnover_loss,1950
0.016458229728235206,0.006195536854020481,0.003676470588235294,0.016887805544428827,0.029831769874383015,turnover_loss,1951
0.016657565413909756,0.0064940417752473705,0.003673844537815126,0.016736563465374693,0.030321534392837208,turnover_loss,1952
0.016698293635901654,0.006543176513650896,0.0035211267605633804,0.0164447156492414,0.029547898178485778,turnover_loss,1953
0.02015497335323033,0.0062405510878749395,0.009061004784688995,0.019956479372294663,0.0324165728810933,turnover_loss,1967
0.020414145048178515,0.005845157509869201,0.009165552044651276,0.020318183686143677,0.032174663849762745,turnover_loss,1968
0.019028076970933217,0.005547330262420989,0.00873684055944986,0.018821334654950173,0.03064152660187285,turnover_loss,1969
0.016039040942507684,0.005162512929964827,0.006568765847331319,0.015298225327295094,0.02747770557142575,turnover_loss,1970
0.014454352423256985,0.004928895099887341,0.0061152723765400385,0.014490239225876656,0.024634757667811216,turnover_loss,1971
0.015156427500049512,0.004683417338997689,0.00629438207671713,0.014412936961902214,0.024467443418116776,turnover_loss,1972
0.01586590439325247,0.004560926344082606,0.007929313811436304,0.015722218480054024,0.02647601896705253,turnover_loss,1973
0.014936173495219644,0.004606486218488866,0.0071848694666823655,0.015156464542334552,0.024538129959816246,turnover_loss,1974
0.012841350738535854,0.004592073500134807,0.005481213154929712,0.013111951919203828,0.02195261196225271,turnover_loss,1975
0.011151735602173325,0.004137620878178529,0.005225145872309941,0.01086138522500707,0.01992353748895269,turnover_loss,1976
0.010673959598144073,0.0038588041711242567,0.0036532969088921246,0.010564148445627405,0.019140607021010052,turnover_loss,1977
0.011777493168692723,0.003998780150728153,0.005168584242321399,0.011829368828044369,0.020495591239442893,turnover_loss,1978
0.012683499811396605,0.004011274200490668,0.005062680865810161,0.012150808687545964,0.020700498473509948,turnover_loss,1979
0.012084061818036574,0.003684117493864157,0.004886523711020838,0.011638894523340507,0.01942805592430538,turnover_loss,1980
0.010930379365609588,0.003618675006086007,0.0048384011970049835,0.011068879314318516,0.017620979488316677,turnover_loss,1981
0.010200241547169054,0.003583513274781624,0.004490593427391676,0.009574628309350765,0.017596025461610355,turnover_loss,1982
0.00936837528263534,0.003363412372646936,0.003117674250934839,0.009286095154700762,0.016520643967508377,turnover_loss,1983
0.009356347300014556,0.0033666992077148288,0.00308737888172477,0.009169228618752766,0.016645279506033183,turnover_loss,1984
0.008726283761927897,0.003192032260402668,0.0029863519352264544,0.00897078543229804,0.015268564258825824,turnover_loss,1985
0.008383241526840748,0.0033432886803925563,0.0015723270440251573,0.007657604228415717,0.015010246421590732,turnover_loss,1986
0.008606596472189658,0.0032870439951659816,0.002906877125660121,0.008786257146709352,0.01617646270089194,turnover_loss,1987
0.008088110608064069,0.002902347971353407,0.0029409665166465647,0.0074874428189517905,0.014620564423153737,turnover_loss,1988
0.008019899720135533,0.0028767629462811547,0.002959094799406125,0.007451651252846997,0.01334714627394967,turnover_loss,1989
0.008280441131176455,0.002823450724534791,0.00297587634234301,0.007465829147794341,0.01452739459720628,turnover_loss,1990
0.006758847385686246,0.002688893765617942,0.0014965630868440634,0.007182271842462114,0.011872881630348964,turnover_loss,1991
0.005903941552344067,0.0026903237253561403,0.0014367816091954023,0.0058758992533620505,0.01168356128702627,turnover_loss,1992
0.0061703412257873985,0.0026772108108761637,0.0014532783304207555,0.0059181278850586275,0.011732204490469206,turnover_loss,1993
0.007605348890196158,0.002759477929817648,0.002857142857142857,0.007389565234127477,0.01331704449205246,turnover_loss,1994
0.008617251731225567,0.0029669469216582383,0.0029581473407384335,0.008777322452955616,0.014691155778463291,turnover_loss,1995
0.009291040633078578,0.0031897821986013202,0.003002825048115485,0.008914319903405963,0.015947611682804695,turnover_loss,1996
0.008990966331256334,0.003057199615190877,0.002993794527577055,0.008920237876889054,0.014803788934426503,turnover_loss,1997
0.008098316521907633,0.0028781597840756875,0.0029850607537259123,0.007530392781952914,0.013448871942417751,turnover_loss,1998
0.018785036882749614,0.006634977110680368,0.0067179348429348435,0.01800653594771242,0.03234976062775739,turnover_loss,2024
0.01887599245795019,0.00673593368187818,0.006754504504504505,0.018768222960296132,0.03237267694887557,turnover_loss,2027
0.01860014822061613,0.006812606540700284,0.006337535912953115,0.01861200995322051,0.03339601874505075,turnover_loss,2028
0.02224352854410499,0.006251813452363119,0.009634700960986887,0.022390484825999042,0.033723082631558494,turnover_loss,2039
0.02071874140730234,0.005647172939100391,0.009088647196759638,0.020390343287291213,0.03146293689620598,turnover_loss,2040
0.018558368227251813,0.005523583909525109,0.00879745326531091,0.01836623884621652,0.02978264356362225,turnover_loss,2041
0.015388721219101387,0.00475489749048586,0.007772358787952054,0.014592546348158644,0.025721743286375644,turnover_loss,2044
0.01437945719211305,0.004446467139071293,0.006164386302840502,0.013836421643013713,0.0247873890341027,turnover_loss,2045
0.012646812763887821,0.004367202871073945,0.003937084914611006,0.012987433494667994,0.021955408792152475,turnover_loss,2046
0.011242463607833555,0.00406030162394754,0.0037536931287744323,0.011042380492742598,0.019940398475188276,turnover_loss,2047
0.010990720323818924,0.003947960058562041,0.003814704407421853,0.010777422409038766,0.019675838754554,turnover_loss,2048
0.011661194321243136,0.00376084222775724,0.005153316802006668,0.011892608649385638,0.018658779875119606,turnover_loss,2049
0.012622998188783584,0.004044738310237951,0.005074514831664413,0.011960010557613017,0.021478530542251083,turnover_loss,2050
0.012674338332706495,0.0038556721002288834,0.006288966646802585,0.012729948433357889,0.021146805372464553,turnover_loss,2051
0.012134469724764061,0.003740508705914197,0.004874015324030122,0.012280445569299515,0.019151461263336937,turnover_loss,2052
0.010488382233939466,0.0036673429328155623,0.0032669331002039884,0.010733319790848954,0.01727553089687174,turnover_loss,2053
0.009609012436976618,0.003392250149889019,0.003167950963012505,0.009298710271764165,0.016919181783588252,turnover_loss,2054
0.008513791504901782,0.0032252024746266127,0.00297660178529243,0.007879993434238716,0.014979347625908067,turnover_loss,2055
0.007931244900456675,0.0032837153878876304,0.0015429731879118382,0.007536168582072565,0.014720138763249969,turnover_loss,2056
0.007384898250261288,0.003033322347550651,0.0028258413613632388,0.007427295887780235,0.01353897554132404,turnover_loss,2057
0.007825296730498423,0.002989100314258797,0.0028897581556042787,0.00740723555002847,0.013411912630907538,turnover_loss,2058
0.00742940297441727,0.002943119649533647,0.0015232627363255882,0.0072735406977973965,0.013221264121188998,turnover_loss,2059
0.007394480388613988,0.0028968127722116825,0.0015057986436765025,0.007249838897403733,0.013061732829207041,turnover_loss,2060
0.007880655046146984,0.002709590652406699,0.0029171400818093027,0.00730500478936834,0.013019514963592417,turnover_loss,2061
0.007266225204733113,0.002595012373621126,0.002881682048603388,0.00722650001745828,0.011708720411814765,turnover_loss,2062
0.006237294200172929,0.0026315212132769794,0.0014617758057935536,0.005869191049913942,0.011599598700669045,turnover_loss,2063
0.006159232141696555,0.002630424897854833,0.001445086705202312,0.005840487908387519,0.011537504547254263,turnover_loss,2064
0.007386083268557102,0.0026091125029044297,0.002860423679046869,0.007242528286033001,0.01297602975113075,turnover_loss,2065
0.008562200708588843,0.0027524886354562557,0.004295203674690215,0.008649656531227337,0.014414844157036222,turnover_loss,2066
0.00988779651916674,0.0029449090118836593,0.0043276956923481704,0.010158104942057015,0.015900114014759083,turnover_loss,2067
0.009541169517042567,0.002970793565814755,0.0043770399836801305,0.008893453831236636,0.01600515926995789,turnover_loss,2068
0.008607773927909386,0.002939244056004601,0.002985308716936576,0.008806379548963609,0.014587521814760928,turnover_loss,2069
0.02317695422420066,0.006126455006444395,0.011273166562453677,0.023064437372122173,0.0355836670399686,turnover_loss,2111
0.020635394371888834,0.0059612709327857985,0.009018906684747478,0.0200167198837342,0.032900776819218006,turnover_loss,2112
0.01861704888838777,0.005637718667177775,0.008742787989895522,0.017674891356190846,0.029896990232265167,turnover_loss,2113
0.016367031139027544,0.005120679273700392,0.006512613914502272,0.016313237147112976,0.026786431333492768,turnover_loss,2114
0.014372885949760644,0.004467158653106088,0.00589917887985636,0.013878278584160937,0.023796699627088812,turnover_loss,2116
0.01369755607591107,0.004208829227760009,0.006129379761094874,0.013334029280813108,0.023269867045034875,turnover_loss,2117
0.012786147764922928,0.004259416285108955,0.005361760249653055,0.012867479934214391,0.022519353392692676,turnover_loss,2118
0.012181179888737147,0.004068820174926855,0.005207632991271526,0.012262820611800507,0.020026088139657464,turnover_loss,2119
0.01217998034292659,0.00401742551715002,0.00519047280379562,0.012102203615997374,0.02063552556878491,turnover_loss,2120
0.012509642116090075,0.003884535518415144,0.00511470439002495,0.011925685339872559,0.020258004588616745,turnover_loss,2121
0.013377657558584614,0.003923186700440998,0.0064343236372686905,0.013080902615415241,0.02239665332402974,turnover_loss,2122
0.013243873910364622,0.00393131757599617,0.0062570488348335515,0.012724203549655588,0.02180309286774605,turnover_loss,2123
0.011261083189125156,0.0036141442889732305,0.004721865397669708,0.010921094556709358,0.018437103087118274,turnover_loss,2124
0.00910950435744642,0.0033204696586559604,0.0030130186023637692,0.009163901499659208,0.015454147146884931,turnover_loss,2125
0.007868798575398458,0.003009636057658779,0.0029762932925358077,0.007566377116561317,0.013769562017886438,turnover_loss,2126
0.007009261640794688,0.0028800534762993832,0.0015432098765432098,0.007353709134398781,0.012090100534916586,turnover_loss,2127
0.007003767879262597,0.002952763126172758,0.002851532766433367,0.007126030268984266,0.013309671404310906,turnover_loss,2128
0.007407670586585164,0.002885047247965773,0.0015149233296823659,0.0073314752777071555,0.013095434389924243,turnover_loss,2129
0.007065087495791913,0.0028895836834512668,0.0014619883040935672,0.007172781550608533,0.012948496246431105,turnover_loss,2130
0.006677819597868211,0.0027056809557881936,0.0014448790778021393,0.007068710933294043,0.01153488922936575,turnover_loss,2131
0.007664318792779181,0.0028909125289726394,0.002796414036674055,0.007175250087921758,0.014157487122307463,turnover_loss,2132
0.007483543471989573,0.0025973324414308614,0.0028195548838419594,0.007152718516667034,0.012874905963062984,turnover_loss,2133
0.0067848766788286465,0.002385585895830903,0.0028174513742774917,0.007067357108555716,0.011402484146400656,turnover_loss,2134
0.0063689946394887105,0.0026246876846309657,0.0014528654485049834,0.005789370555810512,0.012665258970022412,turnover_loss,2135
0.006781414833055041,0.0026654525352500747,0.0014788573999100314,0.007042894805276326,0.012817848150830443,turnover_loss,2136
0.0075618939531185946,0.0027765782872979827,0.0028256524588191096,0.0071735310295273896,0.013062613247979176,turnover_loss,2137
0.008783580841553937,0.0030899269514727797,0.002923769066494867,0.00860507534099154,0.015669997519208004,turnover_loss,2138
0.009185177424137003,0.0028040600532251397,0.004343723957104895,0.008702375984550415,0.014427772452204616,turnover_loss,2139
0.007758978971730691,0.002820233759563288,0.0029069767441860465,0.00728934806609533,0.0132008586476263,turnover_loss,2140
0.021340089066898167,0.006753553607301561,0.00918456010574603,0.02149418476158388,0.034187913202727856,turnover_loss,2171
0.025946381177007156,0.0064031071187038826,0.013875451960498756,0.025731571345610833,0.03976851756384611,turnover_loss,2182
0.02389001369645429,0.006268250083703338,0.013345525035250267,0.023938846823872137,0.0373780242454169,turnover_loss,2183
0.021433846678767673,0.006084843883889985,0.008961360245032591,0.02128770478724884,0.03307100013277121,turnover_loss,2184
0.017163453318775945,0.005187459727990683,0.00800198683477913,0.016613300215230248,0.02814825998365306,turnover_loss,2186
0.015448848551064707,0.004543418780140105,0.007521457854559508,0.015620870328359238,0.02415553713917796,turnover_loss,2187
0.014855503403669257,0.004730209776555001,0.0060201645490445405,0.015034842137683791,0.025170996978395782,turnover_loss,2188
0.014546853975394914,0.004584676122087482,0.007179095074550196,0.014270767275469005,0.024293016655856686,turnover_loss,2189
0.013737580685837053,0.004378724468631402,0.00530820048007548,0.01376161266030679,0.023461188789708654,turnover_loss,2191
0.014314207156993617,0.00435262528650645,0.006503967748087192,0.014233767151674025,0.023796822028319505,turnover_loss,2193
0.013458074953168558,0.004056414056293533,0.006210154123786726,0.012996556662640813,0.022041124377421305,turnover_loss,2194
0.011117449849395021,0.0037748472143518323,0.0045588676307823026,0.010829481919969184,0.01837494538105662,turnover_loss,2195
0.008655028936236786,0.00342910867434712,0.002967799902179096,0.007836566679215756,0.01640876884826722,turnover_loss,2196
0.007387237721851357,0.003236694954660375,0.0015149233296823659,0.0074642006069342405,0.01471216773688249,turnover_loss,2197
0.0072342287384374445,0.0029926374582961465,0.0027577869668222064,0.007251538023748082,0.013377862127737805,turnover_loss,2198
0.007763135672552936,0.003211948578390603,0.0014613581367211132,0.007375394613608416,0.014489236420192132,turnover_loss,2199
0.007717523690375731,0.0031189391206601354,0.0028252127096194874,0.007311313001242473,0.014373324487077748,turnover_loss,2200
0.006850956692379984,0.0029332635601901362,0.0014611528822055138,0.007078657003928676,0.013991795325679493,turnover_loss,2201
0.006536371624600145,0.002745954821755501,0.0014122310036183583,0.005852137987253594,0.011385729025112978,turnover_loss,2202
0.007039905254627117,0.002869949535757574,0.001461565764121286,0.007001554779789315,0.01274340515688415,turnover_loss,2203
0.007196362491405539,0.0026693847788510404,0.0026955940478958383,0.007007545837602443,0.012582086549452682,turnover_loss,2204
0.006348127790759101,0.002520501234002072,0.0026580257519171566,0.005682185082126965,0.01147581449578884,turnover_loss,2205
0.0060878703161231324,0.002467547897942803,0.0014448790778021393,0.005666357168636702,0.011178986122170907,turnover_loss,2206
0.0062731678407677086,0.0025808081945088534,0.002762141994478951,0.005694481991530317,0.011423536988523041,turnover_loss,2207
0.0066339118722590455,0.0026860771344133835,0.00273224043715847,0.006367444837520461,0.012637871878106374,turnover_loss,2208
0.0076807430062874,0.0028703818100219466,0.002812648910349689,0.007136339722612808,0.014128583393064584,turnover_loss,2209
0.00868897511067528,0.002789827801094946,0.002907658447321909,0.008525479789375737,0.01428219341915211,turnover_loss,2210
0.007416506236734743,0.0027772992286088658,0.0028244642237161884,0.007166142661196518,0.012878214519512578,turnover_loss,2211
0.006061228515150543,0.002670266056617463,0.0014285714285714286,0.0057806365528232356,0.011514834802863133,turnover_loss,2212
0.005475943747393426,0.0023855131534173423,0.0014283685064935066,0.005681818181818182,0.010195611923066065,turnover_loss,2213
0.004965246875956584,0.0022471438671814886,0.0014124293785310734,0.004365689457601222,0.00996958129065996,turnover_loss,2214
0.021380253951243895,0.006760533481121843,0.009519416758317781,0.020263326598344122,0.033868472339079796,turnover_loss,2240
0.02119376660265714,0.0069867070928827865,0.008334800914687015,0.020265642376960248,0.03566994976055864,turnover_loss,2241
0.021718321733401623,0.006634299043668666,0.010270337041639844,0.021210284502711896,0.035366951770960185,turnover_loss,2250
0.026403249940348827,0.006094057601177254,0.015550855484840252,0.026690604595902556,0.03943330196482745,turnover_loss,2254
0.02401902518580691,0.0061957421240943535,0.012838761482865058,0.023791544297989943,0.03768332802550274,turnover_loss,2255
0.019339513043354628,0.00545991817314942,0.01020465848082383,0.01903287210697839,0.030692376636739183,turnover_loss,2257
0.017355036156712793,0.004756761251292568,0.008379065810210145,0.017222518468854184,0.0270281122933058,turnover_loss,2258
0.015561524328060388,0.004622364000571227,0.007547362338151337,0.015242906133943546,0.025161094120207533,turnover_loss,2259
0.01514029299241047,0.0047312103914222,0.00722774043101614,0.015002461532573121,0.02477062412104667,turnover_loss,2260
0.015138353297565112,0.004446017525715005,0.0069683308273184134,0.014780542557843415,0.02434474778303292,turnover_loss,2261
0.015198355129040561,0.004287237755878268,0.007045276766383859,0.015302989311503229,0.024085857072310143,turnover_loss,2262
0.015396031168274983,0.004411832993648844,0.007960985184199207,0.015156252278640779,0.024743170167910843,turnover_loss,2263
0.015573202124882618,0.004220710706022069,0.007921457606374397,0.015105838050188315,0.02364964995398974,turnover_loss,2264
0.014435683610670923,0.004065289593440296,0.007474062908270714,0.01418557309041166,0.023338893717642507,turnover_loss,2265
0.01181682834551408,0.003727036074879075,0.004711964369852772,0.01199331302334496,0.019703870843834733,turnover_loss,2266
0.009050041074680645,0.003238875778258553,0.003051220731559863,0.009008427457796241,0.015215024445495598,turnover_loss,2267
0.007305871738284773,0.003008441884168055,0.0015418320105820107,0.0074040850405539755,0.013309028824165228,turnover_loss,2268
0.0068510337295209014,0.0030428975349696148,0.0014532783304207555,0.00656518677998221,0.01317316962515589,turnover_loss,2269
0.007286858238861825,0.002873555958600182,0.002775932503142448,0.007201601779829046,0.013081063282258394,turnover_loss,2270
0.007880617997308796,0.0030778412441283616,0.002785323965802816,0.007274006167104536,0.01433511000422821,turnover_loss,2271
0.006234135550974099,0.0027862711862347185,0.001444470901208618,0.005734099251422009,0.011422740337144513,turnover_loss,2272
0.005561515568997343,0.002431932590744076,0.0013732531055900621,0.005581758362056516,0.011044232370670308,turnover_loss,2273
0.006366025965462974,0.002617586176247629,0.0014448790778021393,0.005720435524572009,0.012323840932311038,turnover_loss,2274
0.006676566639955839,0.002526651785070685,0.0026888540538725623,0.006773669273669274,0.012265282036079999,turnover_loss,2275
0.006083100654852549,0.002474207115780094,0.0014204545454545455,0.005590954522738631,0.01110328979962199,turnover_loss,2276
0.006042509390994402,0.0023381648745733363,0.002687992352366167,0.005596403823862841,0.011032381592468608,turnover_loss,2277
0.006616839975354368,0.002647578621917878,0.002702339436210404,0.006878365024302302,0.012446786505458135,turnover_loss,2278
0.00683146497852505,0.0026327834216204556,0.0027624309392265192,0.006953870046511641,0.01254836685564166,turnover_loss,2279
0.00761165740155201,0.002742697187928047,0.002762327608639084,0.007081736145523799,0.012642623851679918,turnover_loss,2280
0.008620378423587143,0.0028149660880599624,0.00287393342506865,0.008427368298183007,0.014102089967277912,turnover_loss,2281
0.007648383314923576,0.0026436464014440077,0.0028011177129691005,0.007163849927452619,0.012785751013390816,turnover_loss,2282
0.00599858763073551,0.0025294160649690037,0.0014122310036183583,0.005698283610505995,0.011309116031424687,turnover_loss,2283
0.005083385871802595,0.0024306222454878253,0.0014044943820224719,0.0043110495410338436,0.009959721533496804,turnover_loss,2284
0.00467533136894642,0.0022319391528911933,0,0.004294770010253141,0.008629806756009727,turnover_loss,2285
0.004508374872172009,0.0021987574387488354,0.0014039124092122416,0.00427834712915517,0.008588054187192119,turnover_loss,2286
0.021796435219501767,0.007133479105277183,0.009573028321293366,0.02226721665641096,0.03489548737643249,turnover_loss,2312
0.021472823890711864,0.007000070773838646,0.009333148911273912,0.02189524555378214,0.036318139097744354,turnover_loss,2313
0.020132323379821782,0.006740504775324579,0.008156367307812317,0.019619208570524984,0.033701421627577166,turnover_loss,2320
0.025157106333197524,0.006175193272142293,0.01339342511813886,0.024912546338213222,0.037708496695753824,turnover_loss,2326
0.022116372317814614,0.005907225739860704,0.01056454053575577,0.02173308027216464,0.034066722597171056,turnover_loss,2327
0.01943788405945685,0.005541782372269303,0.0097866236173929,0.018852242039206542,0.030593897904472683,turnover_loss,2328
0.017576905514655947,0.005209598791759015,0.008042058987865575,0.017648952463818632,0.027726791609891846,turnover_loss,2329
0.015785335090093333,0.004944955328563014,0.0074993262205963595,0.01546265442501998,0.026518999732128602,turnover_loss,2330
0.0148705394662752,0.004641639060691989,0.007185538999773969,0.014876632830408531,0.02411094427034106,turnover_loss,2331
0.015043235746717011,0.004472424107820665,0.00729584311785697,0.014674326735569187,0.024115512019164825,turnover_loss,2332
0.015711055481944108,0.004132115145489172,0.008702677880462353,0.015607400963412062,0.024208304827009024,turnover_loss,2333
0.016360651597499977,0.004252578139157739,0.00866694782671151,0.01588309021857199,0.024666335227278128,turnover_loss,2334
0.015820739256543932,0.00406448991048054,0.008005172709019983,0.0160185597070375,0.024233251144778988,turnover_loss,2335
0.014779363571117417,0.004119270187960517,0.0076976714866286424,0.014348654850243371,0.023079013313873936,turnover_loss,2336
0.01260265254507584,0.0036270023379558567,0.006004271773148455,0.012301724770805631,0.019763612383916693,turnover_loss,2337
0.009929782292238854,0.0033551682065467094,0.004284079820452772,0.010155862515938306,0.01665998366380076,turnover_loss,2338
0.007727132035207644,0.002847033752134728,0.0028814578745007275,0.007483957225551683,0.013341574648582993,turnover_loss,2339
0.007123352545331275,0.0030005269495749633,0.0015149233296823659,0.007226563380650752,0.013208098945600115,turnover_loss,2340
0.007216431509301348,0.0029356186228349937,0.00144467382328654,0.007188588705504319,0.012940424452932822,turnover_loss,2341
0.007994020790008279,0.0028308253111656895,0.0028290420050481363,0.008303360912026908,0.014114037740923496,turnover_loss,2342
0.006677346172757847,0.002574894941179094,0.002717391304347826,0.006924929109825444,0.012425857450306678,turnover_loss,2343
0.005566536814786505,0.00249033435233585,0.001388888888888889,0.005576600352844992,0.011075950629031994,turnover_loss,2344
0.005883833626822535,0.002508791535899959,0.001411649030808128,0.00554753138932167,0.011068509084698327,turnover_loss,2345
0.0068026688966747375,0.0026295367942757246,0.002709997046297356,0.006776863280013515,0.012328475142440736,turnover_loss,2346
0.006821607288949535,0.002569249949131697,0.00269469355840057,0.006790657338846274,0.012222631055066782,turnover_loss,2347
0.006888191276678899,0.0026929299290811845,0.0026736228052641714,0.006819488387969163,0.012349572589542399,turnover_loss,2348
0.0074861396903737,0.0028117613494768015,0.0027098633960047007,0.006952673785117453,0.013703732752476291,turnover_loss,2349
0.007814666272839065,0.0027795686007534444,0.0027798777293159315,0.007089363208918786,0.013800102264131288,turnover_loss,2350
0.008005014402173303,0.0028129976906363526,0.0027932130582394217,0.008228661701721008,0.01381040991880898,turnover_loss,2351
0.008306574131688555,0.002799623560550348,0.0028403541906070807,0.00833508442995981,0.013938616316691561,turnover_loss,2352
0.007570196851018513,0.0027716792562297444,0.002793381091373214,0.007071353900099293,0.01258002303074158,turnover_loss,2353
0.0060131493035505395,0.002449872435234936,0.0014122310036183583,0.005651309919834776,0.011238751391028931,turnover_loss,2354
0.00494410601322086,0.0021756627536690487,0.0013966480446927375,0.004274094182418854,0.00984734629587351,turnover_loss,2355
0.004401150870099094,0.0020036631191132376,0.0014042982235892285,0.00425338432753687,0.008483068850812134,turnover_loss,2356
0.0042296744803268045,0.002061378819174504,0,0.004245901059636046,0.008491030278288372,turnover_loss,2357
0.0044742171297701885,0.002196223291979477,0.001369382022471912,0.004261363636363636,0.008589396490809231,turnover_loss,2358
0.004536993643016619,0.0022118056147349624,0.0014124293785310734,0.004269945462264459,0.008699951613130696,turnover_loss,2359
0.021688086532689686,0.007156881531241727,0.009373272368064034,0.021886373378671196,0.037238318145309694,turnover_loss,2384
0.021498430791348097,0.00670557922560765,0.009006742920164422,0.0218777108031494,0.0355541163332859,turnover_loss,2385
0.021155165818476,0.00658657638948613,0.008993775039446294,0.021187869707611627,0.033617442433722444,turnover_loss,2386
0.02107161821610088,0.0068584117630137815,0.008760610534543677,0.020238734365749432,0.035253118293952605,turnover_loss,2390
0.021215041689938714,0.006660574827975711,0.008171787182933583,0.021142305342425886,0.03317832020273077,turnover_loss,2392
0.021400022360151476,0.006488973023630355,0.010275243394704347,0.021052078094042852,0.033534761882996075,turnover_loss,2393
0.02278670862093817,0.006987233473068376,0.01012951149126906,0.022724734976952383,0.037537752712329626,turnover_loss,2394
0.024103498357677635,0.006864817716771824,0.012218291307515197,0.023727010619896738,0.0389712278815892,turnover_loss,2395
0.024073919453712622,0.00630507507224906,0.011495014572527487,0.02394388611446397,0.03704498450062923,turnover_loss,2397
0.021992892497338715,0.005628052691793974,0.0109124147572284,0.021810870591371153,0.03263564349338338,turnover_loss,2398
0.0198052607030581,0.005506491158868511,0.010115179043525373,0.019253179923684947,0.030680234738697125,turnover_loss,2399
0.01687533222623141,0.005469593796242759,0.006328500572296763,0.016266932404367922,0.0284363368314932,turnover_loss,2400
0.014803028366234537,0.004694760871476568,0.005794231887670323,0.01419084479985277,0.023707818199175203,turnover_loss,2401
0.014471450939885814,0.004759983645698181,0.005608433903270121,0.014534791415194894,0.023906796179765287,turnover_loss,2402
0.01444670553717355,0.004725697922789834,0.005834589209246918,0.014425225834995729,0.02332158251493256,turnover_loss,2403
0.01519715141170028,0.004266035058942276,0.008027709682029597,0.014911719199764743,0.02399661689662034,turnover_loss,2405
0.014772667914263913,0.004314256010240378,0.0067576705407041485,0.01474585505766077,0.02397911606477713,turnover_loss,2406
0.013304398268956597,0.00405499907711783,0.006098757319872824,0.01305691165143608,0.020667944160316976,turnover_loss,2407
0.011420590427687434,0.0036442205611245636,0.004627324639954026,0.01120218517395234,0.01850211723127017,turnover_loss,2408
0.009506595425851827,0.003207632490365948,0.004328781510835874,0.009112551888952672,0.016402220983350667,turnover_loss,2409
0.008037498960379178,0.0028290080580937018,0.002982711921230943,0.00756451841528445,0.013369678276332201,turnover_loss,2410
0.0073929308122600325,0.002900641781632615,0.002832463884430176,0.007300597043207897,0.01327539299118702,turnover_loss,2411
0.007962987886850752,0.0028995965740005497,0.002861607142857143,0.007337808392235912,0.013432373614072308,turnover_loss,2412
0.008710289787551718,0.002808701023561286,0.0028983851430118396,0.008497006956224924,0.014136884708770506,turnover_loss,2413
0.007897527966468719,0.0027482366812416575,0.002811047743773118,0.008288134870919138,0.013714098380892804,turnover_loss,2414
0.006303666752406771,0.002408381650042457,0.002702339436210404,0.005666894531551912,0.011186738445707766,turnover_loss,2415
0.005664951171386523,0.0023948889761388867,0.0013440860215053765,0.005517405296817062,0.009846584796136676,turnover_loss,2416
0.006274907131720175,0.0025367078542066946,0.0025945841109496753,0.005608119780087724,0.012173674431794713,turnover_loss,2417
0.007516338671721852,0.0027854341619807633,0.0026943417628360086,0.008019968606107056,0.013471233861115275,turnover_loss,2418
0.008001091447812136,0.0025680757230458766,0.004003861441715503,0.008096232633769126,0.013498729272826934,turnover_loss,2419
0.008775931314907533,0.002814153331105743,0.00401034151034151,0.008244372540598066,0.014897654641629458,turnover_loss,2420
0.009498374593300222,0.0028429586953650303,0.004107174162437963,0.009557372681237072,0.015104103435120678,turnover_loss,2421
0.009093953307021356,0.0029044241855413046,0.004113835035584171,0.00952366104202395,0.015081503903907221,turnover_loss,2422
0.00882004651477551,0.0031026160020287876,0.004135784690220174,0.008364457138074613,0.015343719359095388,turnover_loss,2423
0.007966990483611746,0.0028071885872460243,0.0028009658890243523,0.007116748891819088,0.013791992704899295,turnover_loss,2424
0.006454090192067414,0.0025161507661104186,0.002777777777777778,0.005682000841315734,0.01126015901201048,turnover_loss,2425
0.005237875018987033,0.0023246961358216007,0.0014044943820224719,0.005594438516100684,0.011143989631801073,turnover_loss,2426
0.0042947260071685475,0.002099415175514974,0.0013964540657976413,0.00423728813559322,0.00845879870284448,turnover_loss,2427
0.0041451616137181905,0.002073858962751435,0.0013541666666666687,0.00422944330949949,0.008475881555299637,turnover_loss,2428
0.004072306649726493,0.002072436043147651,0,0.00423728813559322,0.008484041412995524,turnover_loss,2429
0.004208776678450207,0.002163487647201859,0,0.0042459997525789335,0.008459375046373356,turnover_loss,2430
0.004280396060898621,0.0022288904860806005,0,0.004261363636363636,0.008556511950651982,turnover_loss,2431
0.021903862915553674,0.007291451903310002,0.009682138379129901,0.021798545387222038,0.03720580843341386,turnover_loss,2456
0.02193874416099435,0.00688071240625121,0.0094959157698848,0.02194718991754203,0.03545512075555179,turnover_loss,2457
0.021937037018891114,0.006517669886096187,0.009257895207108614,0.021538549813256577,0.03528870293671281,turnover_loss,2458
0.021756520027944093,0.006595055048331234,0.010102129845809625,0.021642996690937107,0.035038589387372636,turnover_loss,2462
0.02137247143991343,0.006944830146897479,0.008286584083034551,0.02084431043464368,0.035947540990917314,turnover_loss,2464
0.023015035909760874,0.006598873141216068,0.010474885607639369,0.02241923901102604,0.03607610877349284,turnover_loss,2466
0.02181476875955108,0.006401091692104385,0.009347992377825666,0.02217578949161913,0.03388560094485217,turnover_loss,2468
0.02115373047493623,0.005957909628639291,0.010573597528775076,0.021205757013056645,0.03368804527238228,turnover_loss,2469
0.019829457018873935,0.005582252419345095,0.010454277839067938,0.019159512106355893,0.030851719805193807,turnover_loss,2470
0.017300468643320584,0.00518929830035367,0.00803987405594322,0.016657707899039233,0.028501751339574995,turnover_loss,2471
0.014447498923677415,0.004878706604157036,0.005842251433685015,0.013781639506573077,0.025498951204222724,turnover_loss,2472
0.013591850728767082,0.004787123816710446,0.00549070569245219,0.01321906260344978,0.023391186177227446,turnover_loss,2473
0.013719710992096873,0.004587908644028113,0.00556197703366482,0.013206574661239345,0.02289332768018479,turnover_loss,2474
0.014094638436552646,0.00445590594987076,0.00683406146697567,0.014131764561891812,0.022798621429815723,turnover_loss,2475
0.013721530748598174,0.004200447924991937,0.006468030145037446,0.013571147224744227,0.022156522532995913,turnover_loss,2476
0.012209694057299417,0.00409880719164013,0.004715912175431429,0.012380599046463055,0.02032833644794391,turnover_loss,2478
0.01073906840722732,0.0034908915165502937,0.004639463179010014,0.010851772180691163,0.017379519171208748,turnover_loss,2479
0.009163975878332838,0.003246153479299026,0.003107855605701819,0.009065768587399275,0.015522252101781774,turnover_loss,2480
0.008127209135828246,0.00291262179824429,0.002970352452521596,0.007621951219512195,0.014888238550720958,turnover_loss,2481
0.007453892481278748,0.0029299595624947936,0.0028662585210564727,0.0073778985201636916,0.013469374156827446,turnover_loss,2482
0.007772081601395107,0.0031178294648762225,0.0027317137240280664,0.007373076131346883,0.014281292571416465,turnover_loss,2483
0.008451950396099889,0.002925764050768394,0.004097803813257306,0.008480945727722828,0.014356967635431537,turnover_loss,2484
0.007935355694907074,0.002950024204219189,0.0027777369433394238,0.008268218049687161,0.013950574876897897,turnover_loss,2485
0.007135478309727485,0.002728164524070466,0.0027773941068139963,0.006971973637738868,0.012759619961207986,turnover_loss,2486
0.006246289937950418,0.002519879472816966,0.0026878126617215802,0.00561850360520648,0.011298902926543331,turnover_loss,2487
0.006401339486197129,0.002446626365009402,0.0026386877576027624,0.0067536434002676456,0.010991955934566604,turnover_loss,2488
0.006685579946681483,0.002355446672675685,0.0026883185563676406,0.006753021488927247,0.011103917865106547,turnover_loss,2489
0.007303361991751266,0.0025370556414728114,0.0026890330179803867,0.006869852720025073,0.012318695665700154,turnover_loss,2490
0.008687381204888073,0.0026905453216244136,0.003938707561298629,0.00826789476275576,0.013673621188347626,turnover_loss,2491
0.009595430839987347,0.002637935182201276,0.005404844398094749,0.009554144925850645,0.014943135158976554,turnover_loss,2492
0.009388350713660606,0.002665076294604699,0.0053904123313045305,0.009571386733261968,0.015042980617034145,turnover_loss,2493
0.009270153263377675,0.0030616256416985516,0.004143266954040435,0.009585359995196061,0.01644742160375851,turnover_loss,2494
0.00844838283811697,0.0027745278414932004,0.004138561460262994,0.008364369956548727,0.013975120321688869,turnover_loss,2495
0.007043155192391822,0.0024513244206859942,0.0028089887640449437,0.007014802891140359,0.012531759902877615,turnover_loss,2496
0.005691923289903123,0.002229908334185587,0.0014285714285714286,0.005633847521107091,0.009865010301034845,turnover_loss,2497
0.0052723252879824205,0.00216534994957123,0.0013966480446927375,0.005590779864110948,0.009839408895660087,turnover_loss,2498
0.004606103209370222,0.002086508731609372,0.0013812154696132596,0.004245770373240346,0.009777972335476262,turnover_loss,2499
0.004386681847494275,0.002062410679882,0,0.004237560192616372,0.008467773854596638,turnover_loss,2500
0.004479637855148672,0.002111798543661455,0.001361731843575421,0.004253338469440164,0.008524927497312467,turnover_loss,2501
0.004559157478264304,0.002179022645172699,0,0.004269480519480519,0.008556584477790998,turnover_loss,2502
0.0046326123124456695,0.0022235137512100172,0,0.004278018914629832,0.008597232518204339,turnover_loss,2503
0.023054333991835253,0.00707944025212815,0.009093847944417586,0.02321491942984426,0.03656046857044601,turnover_loss,2530
0.02363415875418078,0.006967735256208386,0.01094384410266647,0.023397257750599545,0.03722753448894925,turnover_loss,2531
0.024079613024299576,0.007070865227504766,0.010931450653419673,0.023390212733745502,0.03848071534386266,turnover_loss,2532
0.021787933500442756,0.006880049603094573,0.008519217914438501,0.02149206469391723,0.036010873402720245,turnover_loss,2535
0.019502159545147123,0.006118857247707717,0.008687919908062237,0.019802696511472054,0.031397917679638745,turnover_loss,2539
0.019800639461975928,0.005715777637720923,0.008675621533920829,0.019511890564297092,0.031152640823492422,turnover_loss,2540
0.019910034975472616,0.005560730542811779,0.010126969984812943,0.01926245236260018,0.031056250003453988,turnover_loss,2541
0.0181001640163841,0.005280418864395079,0.008312468582597573,0.01790726716638023,0.028669083734871394,turnover_loss,2542
0.014833816531205893,0.004767921411661275,0.005893493859685637,0.014833598541577522,0.02490897643943163,turnover_loss,2544
0.014132901750713368,0.004428183078883465,0.005597177387215049,0.014301199574531775,0.022140366204179893,turnover_loss,2545
0.013464702990862163,0.004330986081661852,0.005315653483578162,0.0130113031426606,0.022954300220597943,turnover_loss,2546
0.012591968083603439,0.003979226660135961,0.00496859040741831,0.012330714980450007,0.020792983521291237,turnover_loss,2547
0.01181683876549954,0.004098767014468351,0.004936199720775429,0.01164710583812462,0.020561964283109902,turnover_loss,2548
0.011124799646227096,0.003914903492224412,0.004572477827050998,0.011138289010575318,0.019332955002743034,turnover_loss,2549
0.010559786233174691,0.0036191036807550307,0.004685628506703932,0.009690305929345912,0.018381401828492617,turnover_loss,2550
0.009057975116739725,0.0033252633173661934,0.003048768520929726,0.009061866669702857,0.015788702575138133,turnover_loss,2551
0.008350400768924309,0.0031851523553928715,0.0029808637920050963,0.007776928226163203,0.014966948827550026,turnover_loss,2552
0.007896946425419328,0.003104545041128809,0.0029378802106827234,0.007475760533554787,0.014663757629236912,turnover_loss,2553
0.007832515012349535,0.003027004509824188,0.0028426988196570604,0.007407539441572906,0.013410593945360679,turnover_loss,2554
0.008211867944624588,0.0030091725862304063,0.0028769365892424388,0.007435119689864928,0.014438131859627747,turnover_loss,2555
0.007440169635530115,0.0028388061556950976,0.002835631863730127,0.007188616401330376,0.014026248869340426,turnover_loss,2556
0.00716320003944162,0.002679960999815108,0.0027709266557922716,0.007079708153982355,0.01273149258070735,turnover_loss,2557
0.006027132137996102,0.002625457111429246,0.0014198593829355002,0.005675534110384309,0.011223302447400333,turnover_loss,2558
0.005893078941068353,0.0024409977535551648,0.0014283685064935066,0.0055945266626875895,0.011114101936751351,turnover_loss,2559
0.0056407846899905545,0.002470052763960618,0.0014039124092122416,0.005505680083882527,0.01090981686002513,turnover_loss,2560
0.0053443012169641126,0.002466314673181254,0.0013885073260073261,0.005448523436962375,0.010819638307994282,turnover_loss,2561
0.007346553197310376,0.002670601045180277,0.0027123817364196395,0.006877963931207923,0.013595705758008492,turnover_loss,2562
0.00831891487406375,0.0024902743391116344,0.004041014208044784,0.008231794743576638,0.013568076851122718,turnover_loss,2563
0.007975026516366278,0.0026660558745820575,0.0027940612983385327,0.008192340027534054,0.013651880988382332,turnover_loss,2564
0.008414987624286734,0.0026401192462056564,0.0028088057953205153,0.00825052890822189,0.013662056980342393,turnover_loss,2565
0.00853567482606722,0.002772185442289907,0.004143077226640763,0.00831209911085862,0.013824296007953794,turnover_loss,2566
0.007252004288936596,0.0025634294246427943,0.002800946268281966,0.00698341458651546,0.01250776344263026,turnover_loss,2567
0.006220874574496537,0.0022586141514717665,0.0027620597792724264,0.005634026350700828,0.011142540051192992,turnover_loss,2568
0.005649102596820572,0.0021449513833556753,0.0014204545454545455,0.005610398679532757,0.009824207245086243,turnover_loss,2569
0.00521672936444161,0.001997016792227367,0.0014367816091954023,0.005586850849232369,0.009792425145941874,turnover_loss,2570
0.004842138196559034,0.0019819585443963937,0.0014044943820224719,0.004269526377577226,0.008507065547605443,turnover_loss,2571
0.004942501877614432,0.002112712249484019,0.0014124293785310734,0.004285855040912844,0.008530938164942402,turnover_loss,2572
0.005085299005416681,0.0021331590401550003,0.0014124293785310734,0.0056179775280898875,0.009847727416999935,turnover_loss,2573
0.005155896217733665,0.0021565520425576743,0.0014124293785310734,0.00564985354263587,0.009871423845813805,turnover_loss,2574
0.005313150744650976,0.0022559076295784646,0.0014202539162814587,0.005662070122614816,0.00996842666271349,turnover_loss,2575
0.005165392996622727,0.002123224017749439,0.0014204545454545455,0.005681909898011593,0.008654103180967656,turnover_loss,2576
0.022618340866455904,0.007030319057971271,0.00852172074913039,0.022303428543128077,0.03640816579892804,turnover_loss,2605
0.022556708647118177,0.006719364635931293,0.010124132592227286,0.022586928980826357,0.03556719047627338,turnover_loss,2606
0.022195010790849182,0.006407389290971149,0.011578414793220835,0.021934831587926126,0.034710283747324266,turnover_loss,2607
0.020975541990301085,0.0065731345446841056,0.009672167497785333,0.021070345337675114,0.03370557878114902,turnover_loss,2608
0.019202717312494164,0.006250952661895516,0.00918287272056441,0.018792603600095575,0.032514177385644334,turnover_loss,2609
0.01808242390604197,0.005915580750140241,0.007008272253763941,0.01769967702388986,0.03076439705999395,turnover_loss,2610
0.018640336430478924,0.006052955079087815,0.00686166142710403,0.017996207069805724,0.030407489309587712,turnover_loss,2611
0.020033610023343904,0.005379730359820242,0.010464789419420462,0.019506510926251705,0.03003239539515788,turnover_loss,2612
0.019538523106000717,0.005544885721910532,0.008330827361692808,0.019942379679090613,0.03049184562442935,turnover_loss,2613
0.018359791214430182,0.004970340382450587,0.00965165495384448,0.017972845219145432,0.028025853597963987,turnover_loss,2614
0.01677940300315222,0.004601313932450902,0.0077145270110490684,0.01686893751584053,0.026151781957198666,turnover_loss,2615
0.015287498295617666,0.004448947465166322,0.007284174500293618,0.014799940351027576,0.02418168391968098,turnover_loss,2616
0.013364813133092616,0.004343177798250774,0.0055128857765077,0.012932418118588331,0.022790999844795986,turnover_loss,2617
0.011776388377734535,0.003958229712808084,0.00506560785852445,0.01210799820412632,0.01952840217872152,turnover_loss,2618
0.01072560348462082,0.00377321733341576,0.0035344035298860376,0.01031991205682705,0.018491373649055433,turnover_loss,2619
0.010816530496195704,0.003952652913537769,0.003450896143330354,0.010375185196413728,0.019312295589332805,turnover_loss,2620
0.010571052354051615,0.0036597741301675267,0.0032459689264574677,0.009784941834050705,0.01796624528725678,turnover_loss,2621
0.009484111246883305,0.003373688866193251,0.004564544278771252,0.00926848106559866,0.016868232102491314,turnover_loss,2622
0.008133791707190995,0.0032255433231926436,0.0029223115791758786,0.0077309184185650835,0.015201952970299028,turnover_loss,2623
0.007640683280862722,0.0031702634459056774,0.0015913676464770344,0.007499710400684605,0.01495047904624814,turnover_loss,2624
0.007724914692799066,0.003077457609348007,0.0028089488636363655,0.007490991827035578,0.013619943615706311,turnover_loss,2625
0.00723509194729785,0.002823132860297204,0.0015146978769733262,0.0072836696571834635,0.013129050895183077,turnover_loss,2626
0.006205647086850693,0.0026963859321878685,0.0014792899408284023,0.005832407557607009,0.011602161199144773,turnover_loss,2627
0.005970744550024364,0.0024507343599933056,0.0014285714285714286,0.005749985482977537,0.011289218570387807,turnover_loss,2628
0.005952193501060602,0.002454166016395291,0.0014619883040935672,0.005710495507007135,0.01126368524042277,turnover_loss,2629
0.005498235268804707,0.002458007578343781,0.0013966480446927375,0.005604392623687253,0.01005044981239139,turnover_loss,2630
0.005162483770600952,0.002276746128327296,0.0013020833333333333,0.005482429818989373,0.009726435407909005,turnover_loss,2631
0.00511043328022548,0.002320216911165515,0.0013087300938045376,0.0054441539320858115,0.009768116017871215,turnover_loss,2632
0.006227488129168272,0.0025674342529420826,0.0013881340579710146,0.005666888493101948,0.011144357596482657,turnover_loss,2633
0.0072608849375839675,0.002780554660179812,0.0027315098915870373,0.006882386876427669,0.01348860735946834,turnover_loss,2634
0.007315196469554757,0.0026580800986976995,0.0027045061388199995,0.006893788478886783,0.012438252017922336,turnover_loss,2635
0.007504491979939239,0.0026850660690515274,0.0027418220792276684,0.006924306966100252,0.012484206128723955,turnover_loss,2636
0.007818824768935853,0.002662084754567604,0.0027699146311024768,0.008134527894755845,0.01250255011338087,turnover_loss,2637
0.0066875988965862,0.002696905798064767,0.001388888888888889,0.006890941317736899,0.012385839088328673,turnover_loss,2638
0.005571643085658472,0.0023997026924352134,0.0013966480446927375,0.005551761714181851,0.011088377836701755,turnover_loss,2639
0.0052237528347498525,0.0021465570095498838,0.0013966480446927375,0.005555555555555556,0.009737934512725015,turnover_loss,2640
0.005130198137726769,0.0020758450124932944,0.0014122310036183583,0.005559695249365128,0.009753637976700395,turnover_loss,2641
0.0050077610264045455,0.0020405521672817962,0.0014124293785310734,0.004257396910998606,0.009753840782122904,turnover_loss,2642
0.004846812418373487,0.002055588741223251,0.0014124293785310734,0.004261363636363636,0.008458904352513903,turnover_loss,2643
0.005079996642594117,0.002142139640158477,0.0014124293785310734,0.005586679360296836,0.009769618458770113,turnover_loss,2644
0.005355108298854315,0.002288307456951726,0.0014204545454545455,0.005658419852963989,0.009911357880381843,turnover_loss,2645
0.00544832288072916,0.0023219683675881515,0.0014204545454545455,0.0056737930148947095,0.009943181818181818,turnover_loss,2646
0.005438977561413612,0.0022481221661752393,0.0014285714285714286,0.005678078463307706,0.0099512987012987,turnover_loss,2647
0.005325629049584512,0.0020685719857913665,0.0014285714285714286,0.005698145245559038,0.00995176989324235,turnover_loss,2648
0.022699001991752846,0.006333900349493126,0.010226318874099248,0.022617640558961434,0.035219673690344594,turnover_loss,2678
0.021676636052480228,0.006204492067149551,0.009823036273570696,0.021553587256326653,0.03360378006595566,turnover_loss,2679
0.020273459045286546,0.006112124141722781,0.009413458758723845,0.019773404684264424,0.03304540851492648,turnover_loss,2680
0.01910944116210105,0.006184819378584517,0.008998631498008367,0.018448155189660045,0.03088145489001904,turnover_loss,2681
0.018939667077087576,0.006209412440679117,0.008234738032122253,0.018315489483109897,0.03213613625446223,turnover_loss,2682
0.0200552747883363,0.00581486287005933,0.008479469558250883,0.019811073698898903,0.03126094942497845,turnover_loss,2683
0.020444381418874284,0.005511252610936261,0.010470754824679603,0.020244822780449527,0.030437702066093072,turnover_loss,2684
0.01993783826503762,0.005376616879137565,0.009770341462540341,0.019998139059636384,0.029950160114474468,turnover_loss,2685
0.01822262289354601,0.0048100245332856825,0.009535671838363121,0.01760276594426048,0.02844469190620992,turnover_loss,2686
0.01591895552191297,0.0048446298678488705,0.0072051218849018585,0.016084616714609694,0.025547506530279585,turnover_loss,2687
0.013645882963837456,0.004367347412147923,0.006893903226393132,0.01292483581160394,0.023163651476829396,turnover_loss,2688
0.011482630380182445,0.004060729817234624,0.003677909709041206,0.010944141957610252,0.020761713174350417,turnover_loss,2689
0.010091445285546102,0.0037600507073768494,0.003324940780554378,0.00999051767619016,0.017699488765131666,turnover_loss,2691
0.01010842754359422,0.0036766930992621896,0.0032597248129720992,0.009906864102469432,0.01772015121701352,turnover_loss,2692
0.009292815917580518,0.003413950060591104,0.00316327501000533,0.00942953544539335,0.017133300050611075,turnover_loss,2693
0.00781742681994052,0.0031268988591617052,0.002861283936651584,0.007723678603220841,0.014473324717209357,turnover_loss,2694
0.0068149580618413795,0.0028855059477104175,0.0015337423312883436,0.0062314902499724005,0.012384270978139288,turnover_loss,2695
0.0070970693208412166,0.002958972825180613,0.0015047107032782293,0.007384299155931701,0.013524540269615427,turnover_loss,2696
0.006741296083381222,0.002736676807088492,0.0014782272325375774,0.006173416925119387,0.011977787930126582,turnover_loss,2697
0.005885274987392931,0.0027320399513082612,0.0014617758057935536,0.005857711772114384,0.011710091501346345,turnover_loss,2698
0.005736158568307494,0.0024493820330228145,0.001419665404040404,0.00579313194942935,0.010232587150302586,turnover_loss,2699
0.006236655098551785,0.0025697740425598896,0.0014699506970418225,0.005836239617250695,0.01137974788725641,turnover_loss,2700
0.005598178662409835,0.0025106940678902537,0.001350119650900901,0.00562258049008871,0.011243596854461016,turnover_loss,2701
0.005312169326358816,0.0023166971654975345,0.0012953367875647669,0.005491473575613319,0.009874661390778113,turnover_loss,2702
0.0057181198109130865,0.0025169958607778285,0.0013886970534069982,0.005571166046056907,0.011083567524717982,turnover_loss,2703
0.006082653450851227,0.0023613975471055387,0.0014204545454545455,0.0056228805011175505,0.01102730513742218,turnover_loss,2704
0.00593048797965185,0.002579379432132471,0.0013966480446927375,0.005547414222702778,0.011009772349545921,turnover_loss,2705
0.0063745649062525505,0.0026492971473984083,0.0013736263736263737,0.0067599627472357815,0.012019055521657615,turnover_loss,2706
0.006923089003184064,0.002571595694549791,0.0026883069884341853,0.006802887068541718,0.012327535866337834,turnover_loss,2707
0.007421404086422502,0.0025177289565650822,0.002747413279191185,0.006877963931207923,0.012296148961481549,turnover_loss,2708
0.006641566641259802,0.0024898831781991907,0.00270301861430116,0.006831888990223994,0.01227291801787985,turnover_loss,2709
0.005640068997329677,0.002476042677015133,0.0013810257422135876,0.005525030525030525,0.011019543522515399,turnover_loss,2710
0.004821984551212416,0.002198486157436524,0.0013736263736263737,0.0041824865169998934,0.009661191136228915,turnover_loss,2711
0.004545878199844516,0.001998458071698415,0.0013736263736263737,0.004182443648735784,0.008326266959297685,turnover_loss,2712
0.004577668063585604,0.002037566261312893,0.0013812154696132596,0.00419783406217089,0.008388133424842145,turnover_loss,2713
0.0046380292913182535,0.0020100999935653906,0.001388888888888889,0.004213747645951036,0.008420141562032524,turnover_loss,2714
0.004894649138018539,0.002125526200204549,0.0014044943820224719,0.004265560442869035,0.009670590534965814,turnover_loss,2715
0.00518719687580528,0.0021340113510646052,0.0014124293785310734,0.005602505779342607,0.00982433209836739,turnover_loss,2716
0.005326827221306717,0.002295925109073335,0.0014124293785310734,0.005649717514124294,0.009895903757244556,turnover_loss,2717
0.005454261366689109,0.0024191082083298556,0.0014204545454545455,0.005657742681047765,0.011228312600538838,turnover_loss,2718
0.005561031765376527,0.0025364521608261395,0.0014204545454545455,0.005681909898011593,0.01131603804226008,turnover_loss,2719
0.0223739685373036,0.006219768208736851,0.010264596391759764,0.02189032536201989,0.0346362784704402,turnover_loss,2750
0.021124459159795106,0.0062809718547967635,0.009759114768052206,0.021103482381175695,0.033700356777543905,turnover_loss,2751
0.020134778845726814,0.0060158250799747974,0.009100989917552415,0.020325921266542358,0.031186763442674733,turnover_loss,2752
0.019570093372038997,0.006441145140796138,0.00865247984011604,0.019633724864497493,0.03294044889940709,turnover_loss,2753
0.02090290248355812,0.005960101199384563,0.010187470062008215,0.02079238629081592,0.03258672405492766,turnover_loss,2755
0.020249472612588162,0.005452110499986036,0.009250010659705153,0.02005616456332078,0.030207625994694957,turnover_loss,2756
0.019012989654250908,0.004892665748323511,0.010050558942332902,0.018917312753276433,0.028862302463268236,turnover_loss,2757
0.015977643864099573,0.004806409287355819,0.007427728602705339,0.015283245749111064,0.02586141632234625,turnover_loss,2758
0.013823903153051438,0.0046853429433475055,0.0053575705706755935,0.01340542917747633,0.02377131699913941,turnover_loss,2759
0.007316190844504591,0.003156774977273532,0.0016223491698175246,0.007452421542066273,0.013781702384863774,turnover_loss,2765
0.006403833422147777,0.0027243012603711063,0.001523705637505477,0.006202894012116256,0.01222341570354989,turnover_loss,2766
0.006660996563515695,0.002857812114422321,0.001524159275683666,0.006129104813315339,0.013402453297835714,turnover_loss,2767
0.0063498180195782,0.0027964700156069,0.0014367816091954023,0.006080521016206855,0.012087894621567409,turnover_loss,2768
0.00558947444602787,0.0025960064721818298,0.0014204545454545455,0.005794745685200379,0.011429142077670406,turnover_loss,2769
0.005742065617262183,0.0026266739062307336,0.0014442702720355311,0.00583544007680431,0.01156441358865957,turnover_loss,2770
0.006122598508572935,0.0026157723678439087,0.001495918047625679,0.005812724842241837,0.011493830305937059,turnover_loss,2771
0.006260404619082376,0.002385614584259773,0.00148765756302521,0.005714967245650967,0.011214211923130879,turnover_loss,2773
0.00649200745844193,0.002587661554219614,0.0027038123578666954,0.005773191024229815,0.012539161154054124,turnover_loss,2774
0.006198679683539454,0.0025078966756198868,0.0014285714285714286,0.00565558758181709,0.011215626066531887,turnover_loss,2775
0.0051897110359145505,0.0023505597428053137,0.0013736263736263737,0.005494013129749862,0.009705515002688564,turnover_loss,2776
0.004923765149162351,0.002394400179771703,0.0013513513513513514,0.004234028683181226,0.00968717426784555,turnover_loss,2777
0.006211870394156259,0.0024688734596825953,0.0014202539162814587,0.0055327535442851825,0.011051324074795251,turnover_loss,2778
0.007181295613906075,0.0025245569485352515,0.0027028682725260674,0.0068264436127944104,0.012215340210578716,turnover_loss,2779
0.007060018406405504,0.002480715895927496,0.0027249320730743775,0.00682423211858307,0.012278450488911694,turnover_loss,2780
0.006302896263999102,0.0024295572697202116,0.002717024089306698,0.005564729999474194,0.012243144481994013,turnover_loss,2781
0.005580987374429269,0.002347848700055781,0.0013736263736263737,0.005510018214936248,0.01095898840853848,turnover_loss,2782
0.0050099770149284765,0.0021892457420940757,0.0013736263736263737,0.005494505494505495,0.009645930726731831,turnover_loss,2783
0.00453917554252497,0.0020921079156201268,0.0013810257422135876,0.004174511558998735,0.009623163438771173,turnover_loss,2784
0.004430714048401805,0.0019406579089950792,0.0013812154696132596,0.00418227215980025,0.008372329629862113,turnover_loss,2785
0.00458562653975133,0.001970609110819779,0.001388888888888889,0.004197921982523266,0.008419687043596651,turnover_loss,2786
0.004811954581893304,0.0021128694178473724,0.0013966480446927375,0.00423728813559322,0.009761405959031657,turnover_loss,2787
0.005243423058505807,0.002182649933551597,0.0014124293785310734,0.00558659217877095,0.00982388031436417,turnover_loss,2788
0.005462372805624366,0.0022950574369950717,0.0014204545454545455,0.005638214086431264,0.009919601584855822,turnover_loss,2789
0.005574399762815875,0.002406835556136483,0.0014204545454545455,0.005665859564164649,0.010014488981516315,turnover_loss,2790
0.0054853442997524655,0.0022950665807278405,0.0014285714285714286,0.005673838872991416,0.00991910861031624,turnover_loss,2791
0.021167382596279285,0.005866824892653383,0.010336670208641052,0.020759531846879422,0.03274283351897236,turnover_loss,2826
0.020932363106176004,0.005775594721213698,0.010140944206502718,0.020643662772739775,0.032550078520466555,turnover_loss,2827
0.007067399487075283,0.002865914829258765,0.0015432098765432098,0.007590841040171565,0.012421716582905072,turnover_loss,2838
0.006834557919727479,0.0028553013078106244,0.0015146978769733262,0.0062067219389813025,0.012369284737755854,turnover_loss,2839
0.005731904496408562,0.0025080340035775884,0.0014448790778021393,0.005938223043309942,0.010551533849937539,turnover_loss,2840
0.005745422898798625,0.0027690452129932566,0.0013964540657976413,0.005860780751962162,0.011773234013537599,turnover_loss,2841
0.005621928659687416,0.0027387875667545174,0.0013736263736263737,0.005780536778956265,0.011636375822957679,turnover_loss,2842
0.006528864859455667,0.0026542367449133254,0.001366120218579235,0.00695771825933025,0.011594078878210927,turnover_loss,2843
0.007303462416914049,0.002746711901947412,0.002712265294623848,0.007058175860711386,0.01271363382740178,turnover_loss,2844
0.007077319308350694,0.0027591383451651265,0.0014878751056635671,0.006988296573035858,0.012589230010185888,turnover_loss,2845
0.006471924759050833,0.0025707731616708886,0.0014701607387140902,0.005715380649752955,0.01238107594505584,turnover_loss,2846
0.005244877716860718,0.0024927588774520336,0.0013440860215053765,0.005524946201741782,0.009756861950833199,turnover_loss,2847
0.004540291931728767,0.0023996023665128316,0,0.0041751089826241785,0.009536189089223527,turnover_loss,2848
0.00514348884397214,0.002447925571478143,0.0013365447188976602,0.0053962675721719745,0.010873202551045496,turnover_loss,2849
0.006805842320622795,0.002605698844816657,0.0013964540657976413,0.0068035595803381125,0.012057900063025942,turnover_loss,2850
0.006981527855399857,0.0025562602366099177,0.002717055691548245,0.006813134149852226,0.01227875394528585,turnover_loss,2851
0.006772597080843229,0.002343297434818086,0.002724788064461978,0.0068306010928961755,0.011167422048609928,turnover_loss,2852
0.006422917827559424,0.0024579305333350234,0.0027321343719241085,0.006731523629366217,0.01109173741929912,turnover_loss,2853
0.005737150690692316,0.0022897271050578006,0.0013812154696132596,0.005525073393294635,0.010885578544830571,turnover_loss,2854
0.005029549467308533,0.0022825615619999117,0.0013736263736263737,0.004209778686371411,0.009668700122774708,turnover_loss,2855
0.00461235729133786,0.0021419421290211375,0.0013810257422135876,0.004182184978274364,0.009676814166565007,turnover_loss,2856
0.004446168522650229,0.002121816121510213,0.0013812154696132596,0.004189944134078212,0.009668521006448102,turnover_loss,2857
0.004530311652608276,0.0021760495464612823,0.0013886970534069982,0.004213483146067416,0.00974588764742396,turnover_loss,2858
0.004740775404848357,0.002209393010639702,0.0013966480446927375,0.00422944330949949,0.00980027148327161,turnover_loss,2859
0.004915341157971389,0.0022199822511944196,0.0014044943820224719,0.004265560442869035,0.009808632925328168,turnover_loss,2860
0.005093743443215997,0.002284821525627501,0.0013964540657976413,0.005625912524598489,0.009855719559242845,turnover_loss,2861
0.005109304552737752,0.0022148707919784133,0.0014124293785310734,0.005638037439718072,0.009832103196293969,turnover_loss,2862
0.00785708479398772,0.0032293385770124543,0.0028967954415915773,0.00768491536399506,0.015183163909412182,turnover_loss,2909
0.007421059743695433,0.0031758886030616917,0.001488095238095238,0.007515364088133276,0.013821318515023174,turnover_loss,2910
0.00671520409551019,0.00272186616685204,0.0015820296950879707,0.006191922148240287,0.012178882508963302,turnover_loss,2911
0.0058621677522870865,0.002707048147477739,0.0014790723981900453,0.005954912992378342,0.011811828983219008,turnover_loss,2912
0.005400753712676854,0.0025491430716499106,0.0013810257422135876,0.0057331956694826915,0.010431791040343669,turnover_loss,2913
0.006173042487316238,0.0026683251486291945,0.0014784348599377502,0.005872233433685116,0.011552906759425687,turnover_loss,2914
0.007454612118775098,0.002856116981508621,0.0027456821327556118,0.007134546653922851,0.013981719987127605,turnover_loss,2915
0.0073457884587779495,0.002763523818100506,0.0027280466284621834,0.0070799680424010565,0.012812014724713942,turnover_loss,2916
0.006619072917271554,0.0027664533904051456,0.001445086705202312,0.006938696631807604,0.01264311086307714,turnover_loss,2917
0.0050757958376293,0.0024613520649600356,0.0013659346044191019,0.005493086670311374,0.009892842399300885,turnover_loss,2918
0.004376936216283079,0.0024368883075088646,0,0.0041921242045868164,0.00980943283131499,turnover_loss,2919
0.004607541896875771,0.002409460851799975,0,0.004190978975641382,0.009736853920315236,turnover_loss,2920
0.005612248016382787,0.0026384033356268576,0.0013513513513513514,0.0054896299912449344,0.010983843277806975,turnover_loss,2921
0.006346928260313663,0.002674964015550494,0.0013810257422135876,0.00674699658371466,0.012313279223788783,turnover_loss,2922
0.00657966065467668,0.002489217502923117,0.0014198593829355002,0.006823660189947257,0.011030784725120977,turnover_loss,2923
0.006821164790275521,0.0023709387100226604,0.002717704367862152,0.0068621115250954035,0.011112896472845593,turnover_loss,2924
0.006643242563432914,0.002500464768452471,0.0027399070085476337,0.0068797671150746705,0.01127301203842274,turnover_loss,2925
0.005919209633718283,0.0024510662277715677,0.0013966480446927375,0.005564265922603161,0.011111136550966207,turnover_loss,2926
0.0052734749220172406,0.0023213776310984364,0.0013886970534069982,0.005532661091487284,0.00981064368451413,turnover_loss,2927
0.005008920620097256,0.002217831574060569,0.001388888888888889,0.0042335430576956,0.009800447989736586,turnover_loss,2928
0.005014332794205873,0.0022232766541800987,0.0013966480446927375,0.004237557135601829,0.009817683911759518,turnover_loss,2929
0.005041711020426095,0.0022315648110217343,0.0014044943820224719,0.005586679360296836,0.009895562294835243,turnover_loss,2930
0.004974938089450105,0.0022437140244728256,0.0014042982235892285,0.004257396910998606,0.00983959404557862,turnover_loss,2931
0.004882422462941909,0.0021626192565975377,0.0014122310036183583,0.004277597402597403,0.00854048487188829,turnover_loss,2932
0.004767052657889049,0.0020936937039278992,0.0014204545454545455,0.004285714285714286,0.008563924129589354,turnover_loss,2933
0.008076949064714222,0.003124529379118435,0.0028144999721743023,0.007849218493567752,0.013989771802271803,turnover_loss,2981
0.007557486364823607,0.0028653032288038166,0.0029736247947454845,0.007632994684634042,0.013611589235193941,turnover_loss,2982
0.006291593940220518,0.0027791890642538866,0.0015149233296823659,0.006085957458461487,0.012076139873106231,turnover_loss,2983
0.005817813969267142,0.0027639610456161355,0.0014202539162814587,0.005886358773475057,0.011817435109849853,turnover_loss,2984
0.006419333215496034,0.002841244927721174,0.0015060240963855422,0.005962208679601883,0.012966082504841535,turnover_loss,2985
0.007508431345314593,0.0028585909032469883,0.0028087381764289117,0.007221374288382782,0.014209116716361596,turnover_loss,2986
0.007593349311312174,0.0027808856341566338,0.002809164793539793,0.007234850151050418,0.012800041946932674,turnover_loss,2987
0.006636173207957084,0.002777624804513864,0.0014619883040935672,0.00696083193857875,0.011627727776814461,turnover_loss,2988
0.005267269640607718,0.0024955441485673057,0,0.005573167703316407,0.010035868451453534,turnover_loss,2989
0.004530178428192221,0.0022866374305923367,0,0.004259845865950517,0.009704378326436761,turnover_loss,2990
0.004663750956811018,0.002342663319560501,0.001282894736842107,0.0042471895920171785,0.009617979791285106,turnover_loss,2991
0.0054541462876217875,0.002579851841655496,0.0013440860215053765,0.0055274361348531574,0.011000547249707605,turnover_loss,2992
0.005999640380203228,0.0025483005806601258,0.0013440860215053765,0.00559853532531849,0.011037682662262781,turnover_loss,2993
0.006126977201201573,0.002516576772560586,0.0013440860215053765,0.005661934849721241,0.011128761679412298,turnover_loss,2994
0.006764877866225459,0.0026273737721950775,0.0014122310036183583,0.006884725331005223,0.012386265233467903,turnover_loss,2995
0.00722240548898533,0.002520908216711976,0.0027624309392265192,0.0069806429701099945,0.012456662060624032,turnover_loss,2996
0.0070841024418456435,0.0025714833059305793,0.0027710995138999156,0.006970895918899094,0.012487806903267715,turnover_loss,2997
0.006373290301380897,0.0025168331845201466,0.002762513154433044,0.005662749803298637,0.01130024812359296,turnover_loss,2998
0.005684744983552017,0.0024128942676767185,0.0013966480446927375,0.005618858357622403,0.011157672584548644,turnover_loss,2999
0.005556140929295088,0.0023546546009927333,0.0013966480446927375,0.0056179775280898875,0.009949245812505456,turnover_loss,3000
0.005601415764028414,0.002314643830130677,0.0014122310036183583,0.005633936935903959,0.009947330379969449,turnover_loss,3001
0.005592649788397902,0.0023164413461796217,0.0014044943820224719,0.005649807684539165,0.009952242656727514,turnover_loss,3002
0.005196874814599377,0.002196970199585317,0.0014124293785310734,0.005649717514124294,0.009919686422334727,turnover_loss,3003
0.004741485085167895,0.0021887950530554423,0.0014122310036183583,0.004299049272573501,0.008605737048136304,turnover_loss,3004
0.004505076588078639,0.0021207491671068317,0.0013966480446927375,0.004302134646962233,0.008588141320318023,turnover_loss,3005
0.008298431740795201,0.0031897029425753502,0.0030332814027370482,0.008029047893345511,0.014505670054583095,turnover_loss,3052
0.008156369680780668,0.003042833973979705,0.0029935664385514686,0.007976540311518007,0.014107457666853165,turnover_loss,3053
0.007831758464338444,0.0031222776417425824,0.0029407464740282075,0.007696713619160495,0.014051780873859636,turnover_loss,3054
0.007203747544442091,0.003040349048824819,0.0015151515151515152,0.007484363462624332,0.013520808682185291,turnover_loss,3055
0.007141290344340495,0.002815972448079426,0.0028404348533025005,0.00735676263725973,0.013358567706236783,turnover_loss,3056
0.007664099898000451,0.0027243118400419927,0.0028950085884581317,0.007370361007496271,0.013161887887587261,turnover_loss,3057
0.00807486536770581,0.0030227688531373393,0.0029071065136058814,0.007458392900828906,0.01452219570315964,turnover_loss,3058
0.007015454201967251,0.0026657678855884943,0.0028100909717679572,0.007143092866889713,0.012872120992647989,turnover_loss,3059
0.005600278198086745,0.002498520316820106,0.0014124293785310734,0.0057246683406449615,0.010210419092509328,turnover_loss,3060
0.004666989753823432,0.002452400939024696,0,0.0043358330511625714,0.011168167951848816,turnover_loss,3061
0.0047551426134526155,0.0023638319833511486,0.0013227513227513227,0.004305460739023127,0.009909045557243229,turnover_loss,3062
0.005429162693977825,0.002530172490911267,0.0013659346044191019,0.005592373209873817,0.011147492301679225,turnover_loss,3063
0.005832785847512371,0.002456014269268524,0.0014118408662900188,0.005667840531091173,0.011191396974711281,turnover_loss,3064
0.005799958787621687,0.0024581684609274682,0.001412034845185115,0.005618332198388378,0.0110544446796941,turnover_loss,3065
0.006145718174268764,0.0024605956442782986,0.0014202539162814587,0.005668342308615923,0.011237481671030043,turnover_loss,3066
0.007181965110188119,0.002870413024680209,0.002717704367862152,0.0070104579537848145,0.01394228310526312,turnover_loss,3067
0.008078164263882472,0.002856606040534745,0.0028329170339720373,0.008281618743575265,0.013954461939379279,turnover_loss,3068
0.007645435590748283,0.002813372411816558,0.0028093367840654436,0.007111298426992311,0.012886275021565885,turnover_loss,3069
0.00674311612056332,0.0026911062472194684,0.002760228393033193,0.007019492081943715,0.012626256935051578,turnover_loss,3070
0.006244081939697352,0.002552327904244373,0.001445086705202312,0.005737199620432494,0.011271281837190124,turnover_loss,3071
0.00596440263569518,0.002459847367242335,0.0014367816091954023,0.005687526026660511,0.011278074489164711,turnover_loss,3072
0.005837871036027345,0.0024259808889909393,0.0014124293785310734,0.005691046172403038,0.0111911323000638,turnover_loss,3073
0.0056553441067346815,0.0024364931106534817,0.0014124293785310734,0.005682374840795533,0.010112733207174771,turnover_loss,3074
0.005288678721659747,0.0022750568124659345,0.0014204545454545455,0.005678349833814475,0.010000800026123302,turnover_loss,3075
0.004961308101404242,0.002231500109184162,0.0014124293785310734,0.004352548036758563,0.009921754120788254,turnover_loss,3076
0.00350186151124782,0.0020960767655306797,0,0.0029239766081871343,0.008662321280404102,turnover_loss,3078
0.0032864929364590637,0.00200218795705434,0,0.00291557580834151,0.007318150187015714,turnover_loss,3079
0.008893316796401908,0.003409087524676906,0.0031051108043861665,0.009305089809133365,0.0159503437299416,turnover_loss,3124
0.008813307585142035,0.0031293579171731254,0.0030688192184430037,0.009215686381282742,0.015471362732247118,turnover_loss,3125
0.009099316083463602,0.003188603916994507,0.0030601425743906046,0.009225613410269753,0.015389968441451355,turnover_loss,3126
0.008225313290414045,0.0031963315425849346,0.003003669267817786,0.0077971199527820095,0.015198548833823046,turnover_loss,3127
0.007907953654510974,0.003034248169308907,0.0029164130655305338,0.007577427593606891,0.013614165648735977,turnover_loss,3128
0.008160723326627537,0.003016621077816193,0.0029583087789903035,0.00752805080396138,0.014767699622248436,turnover_loss,3129
0.007520024128697487,0.002758584345879829,0.0028856245704229344,0.007382873174874573,0.013309502631328279,turnover_loss,3130
0.006015786781372381,0.002494736491939097,0.0014534883720930232,0.005908166798766771,0.010452138233310083,turnover_loss,3131
0.004934700669138962,0.0022722585354169856,0.0013736263736263737,0.0044343317038642565,0.008798709871768146,turnover_loss,3133
0.005401872382261254,0.002487496551968649,0.0013960725029160785,0.005641596895204425,0.01135963296380897,turnover_loss,3134
0.005658610580130484,0.0025228969613202996,0.0013812154696132596,0.005681909898011593,0.011264866974843976,turnover_loss,3135
0.005601253128584771,0.0026178057587007823,0.0014042982235892285,0.005661640262827488,0.011271471090245084,turnover_loss,3136
0.005699605967093007,0.0026566995983006293,0.0013886970534069982,0.00563554826006211,0.011270763381224883,turnover_loss,3137
0.0062328596717797415,0.002672946588769986,0.0014118408662900188,0.005679208417627398,0.011309667517780697,turnover_loss,3138
0.0077797036110434726,0.002826282561002874,0.0027853965797401555,0.007122896055505589,0.01287293967518624,turnover_loss,3139
0.008730504968671312,0.002721372950612827,0.004121450167518795,0.008507825168585637,0.014161478937385539,turnover_loss,3140
0.008260243702099275,0.0028775615300542174,0.0028501225335467364,0.0084762248075132135,0.014137781871571298,turnover_loss,3141
0.007239769582576939,0.0028193703115751974,0.0014693348930481284,0.007143742160076055,0.012777050586103787,turnover_loss,3142
0.006701800606001469,0.002630617230950822,0.0014448790778021393,0.0071006470877406445,0.01151241819816847,turnover_loss,3143
0.006474972768405751,0.0025181825189520245,0.002808596447178457,0.005819923044287835,0.01144672027535757,turnover_loss,3144
0.006042057026557919,0.0024746605345506807,0.0014534883720930232,0.005764502650212564,0.011399680588090252,turnover_loss,3145
0.005818822848436202,0.0024122373070280005,0.0014283685064935066,0.005772281496510976,0.010119036816178376,turnover_loss,3146
0.005422209901614169,0.0022940969077321987,0.0014204545454545455,0.005731835501248193,0.010124204117959073,turnover_loss,3147
0.0036960157901647353,0.00217985706560895,0,0.0029411764705882353,0.008679136768321041,turnover_loss,3150
0.0033969888923676395,0.002054595646114479,0,0.0029411764705882353,0.00731075982316997,turnover_loss,3151
0.00872590102696899,0.0034690632703210525,0.002978605702272539,0.008987390012346037,0.015406373005457176,turnover_loss,3199
0.008131301858553777,0.003106205331128401,0.002952854834648313,0.007664151070617727,0.014854544011818906,turnover_loss,3200
0.006539396149424909,0.0026586825839866554,0.0015525554021930833,0.006037732054831111,0.01210474578411112,turnover_loss,3202
0.005506387817406038,0.0025278753316279753,0.0014041042446941323,0.005740425393075448,0.011577922587785979,turnover_loss,3203
0.0052003300112382625,0.002390067854770694,0.001358512044653349,0.004519522661913168,0.010298420195197885,turnover_loss,3204
0.005476581826091467,0.002601319908697097,0.0013392857142857162,0.005731951871657754,0.010146363913254384,turnover_loss,3205
0.005737166232665238,0.002675601638171888,0.0014365763546798028,0.005769486565575951,0.010334239674496686,turnover_loss,3206
0.0056313089748187325,0.0025584142463905917,0.0014365763546798028,0.005735705254378861,0.011433415341118832,turnover_loss,3207
0.005422426990848871,0.0026230501430423545,0.0013964540657976413,0.005702335262317424,0.011487141357199077,turnover_loss,3208
0.005551196454822504,0.0025429303956024567,0.0013964540657976413,0.00571242599873215,0.010166092551976195,turnover_loss,3209
0.0063479459095861146,0.0025276442123787113,0.0014786449016100179,0.0058830618740320206,0.011588555450458294,turnover_loss,3210
0.007939480834487605,0.002761923868370511,0.0028252534547333077,0.007265556116780399,0.014078537991737486,turnover_loss,3211
0.009159277270284831,0.0028673815992185723,0.00419738166961043,0.008691918107440532,0.014426946243493253,turnover_loss,3212
0.00865885918253706,0.0031584549721225996,0.002901441852391902,0.008651481440337814,0.014421382154263454,turnover_loss,3213
0.007762244874355459,0.0028898867368949664,0.002873357963875205,0.007278232946423744,0.013036987208344364,turnover_loss,3214
0.007307640720363897,0.002806294796160927,0.002824858757062147,0.007234078314337806,0.012973949486123501,turnover_loss,3215
0.006614044057029947,0.002641437008095668,0.0014790723981900453,0.006527211474945317,0.011664728166898031,turnover_loss,3216
0.006256904579745736,0.0024221349595689896,0.0014705882352941176,0.005848649803569592,0.010334182948583506,turnover_loss,3217
0.005883618725068289,0.0023140306466221247,0.001445086705202312,0.0058061889700819075,0.010201150731834606,turnover_loss,3218
0.003845175224206902,0.002093787900085036,0,0.0043192613583461735,0.00872264487985791,turnover_loss,3221
0.003587331236249487,0.00202610982021341,0,0.0029589942921175194,0.007361967243315307,turnover_loss,3222
0.009806059107444929,0.003516084900530271,0.0031043965342178303,0.009429136322227145,0.016821022495462908,turnover_loss,3270
0.009258414283266668,0.0032533576647623555,0.0030602021496887247,0.009210355857742335,0.015639535102154288,turnover_loss,3271
0.008056665400321905,0.003199097146767841,0.0027812493313321713,0.007687486628509217,0.015257883639104334,turnover_loss,3272
0.0073778889182023995,0.00300010300638955,0.001524390243902439,0.007502379451165516,0.013717235809599899,turnover_loss,3273
0.00555636954237583,0.0026615061640290517,0.0013964540657976413,0.00579787759107225,0.011818361334410225,turnover_loss,3275
0.0057003738207567186,0.002553409424886054,0.0014448790778021393,0.005805854518519544,0.010346125822563895,turnover_loss,3278
0.005427919504075968,0.0025562140991124927,0.0013966480446927375,0.005716089466089466,0.010375954746853041,turnover_loss,3279
0.005220029476185576,0.002605717697178996,0.001436172803428794,0.004455793074911114,0.01027961282903143,turnover_loss,3280
0.005425461211914022,0.0024536980434965066,0.0013734387197501953,0.00573551596777752,0.010219806917830511,turnover_loss,3281
0.006442235990520777,0.0025473837231882006,0.001487020024772915,0.005892772844514976,0.011545119397152002,turnover_loss,3282
0.008153826083322957,0.002944255703995023,0.002849012612813761,0.008491210290344222,0.01421928489922837,turnover_loss,3283
0.009139907968124191,0.0030770869095536417,0.002942764974706127,0.008758003917348727,0.01561125822410665,turnover_loss,3284
0.009019459094230709,0.003263313599598668,0.002943659281894576,0.008813947875392247,0.015864606131310095,turnover_loss,3285
0.008208787337461998,0.003018578654043297,0.002941275700563626,0.008549594889437006,0.014403148613327947,turnover_loss,3286
0.007500171865405023,0.002795797342961062,0.00289950520938599,0.007320409627168027,0.013192475585207555,turnover_loss,3287
0.003808349107186794,0.0020219426986459194,0,0.004361196330870762,0.007396766296072505,turnover_loss,3293
0.003562411963660279,0.00203883070858363,0,0.0029940119760479044,0.0074053690453611196,turnover_loss,3294
0.0031784318783975862,0.0019313012668790582,0,0.002976190476190476,0.00740598640866544,turnover_loss,3295
0.009175073339731209,0.0033160106894203956,0.0030857469089598582,0.009243967282417782,0.016707112282462747,turnover_loss,3343
0.008345083553088974,0.003207354471952466,0.0030119059178653294,0.007851237050347171,0.015107070988530749,turnover_loss,3344
0.007829444955845677,0.00325206223641109,0.0016023089171974523,0.007700663148937052,0.015060061789927115,turnover_loss,3345
0.005198107037847648,0.002645636059245099,0.001366120218579235,0.004501564686200844,0.010382116704112893,turnover_loss,3351
0.004892867772923386,0.0025197156294010058,0,0.004465182241302201,0.010306194977152449,turnover_loss,3352
0.00519985378716614,0.002496583422239722,0.001366120218579235,0.004531763417305585,0.010293307065119432,turnover_loss,3353
0.006473613610194966,0.002779165734775031,0.0014617758057935536,0.005915748043525675,0.01302514337677972,turnover_loss,3354
0.008172990131347913,0.002958953971759874,0.0028899705701611197,0.008555165663752098,0.014685007496327819,turnover_loss,3355
0.009237560119314127,0.003103550800220497,0.0042563138611393225,0.008809137737275376,0.01609251812949494,turnover_loss,3356
0.00915752020897958,0.003081773704285244,0.0029944307189816175,0.008869970584888375,0.0159680706372083,turnover_loss,3357
0.007058524612043508,0.002896835810503926,0.0015337423312883436,0.007254052099744168,0.01327425627533386,turnover_loss,3426
0.007828279670157397,0.0028848286311641633,0.00289950520938599,0.007423744450872597,0.013660776094225674,turnover_loss,3427
0.0068385715849448555,0.0029670430612423956,0.0014619883040935672,0.0061465577087811505,0.013282542602451259,turnover_loss,3497
0.007914823093285617,0.0031514735390842648,0.0028896848841857667,0.007478614801424765,0.014748390006835074,turnover_loss,3498
0.009045944091822964,0.0032823819156701166,0.0030857297374452955,0.008930908107917107,0.016257512860849206,turnover_loss,3499
0.006955221296045366,0.0028978640194576295,0.0015921047327259535,0.0073386753125791945,0.012394464629146238,turnover_loss,3568
0.007423814705652284,0.0030901416093723415,0.0015720813679245284,0.007518051776942598,0.013634972309399055,turnover_loss,3569
0.008781647358904524,0.003282534207226605,0.0029407464740282075,0.009004825443235517,0.01513488228062908,turnover_loss,3570
0.009393225894456642,0.0032593696756195957,0.00311646801005831,0.009049595036356193,0.015268351471352519,turnover_loss,3571
0.008059668122746392,0.0030589536353295625,0.0016123895623587426,0.007712536260043442,0.013950288705947706,turnover_loss,3641
0.009004389692973458,0.0032639315590421362,0.003126098397911014,0.009089262481503314,0.016300756884025727,turnover_loss,3642
