grid_cell,metric,mk_S,mk_tau,mk_p
56,corrected_richness,10,1,0.02748633611151034
56,shannon,10,1,0.02748633611151034
56,inv_simpson,10,1,0.02748633611151034
56,trait_volume,0,0,1
56,trait_dispersion,0,0,1
56,rao_q,0,0,1
56,feve,10,1,0.02748633611151034
56,fdiv,6,0.6,0.2206713619198468
57,corrected_richness,10,1,0.02748633611151034
57,shannon,10,1,0.02748633611151034
57,inv_simpson,10,1,0.02748633611151034
57,trait_volume,0,0,1
57,trait_dispersion,0,0,1
57,rao_q,0,0,1
57,feve,10,1,0.02748633611151034
57,fdiv,8,0.8,0.08641073297370003
128,corrected_richness,10,1,0.02748633611151034
128,shannon,10,1,0.02748633611151034
128,inv_simpson,10,1,0.02748633611151034
128,trait_volume,0,0,1
128,trait_dispersion,2,0.2,0.8064959405073402
128,rao_q,2,0.2,0.8064959405073402
128,feve,10,1,0.02748633611151034
128,fdiv,0,0,1
198,corrected_richness,10,1,0.02748633611151034
198,shannon,10,1,0.02748633611151034
198,inv_simpson,10,1,0.02748633611151034
198,trait_volume,-2,-0.2,0.8064959405073402
198,trait_dispersion,-2,-0.2,0.8064959405073402
198,rao_q,-2,-0.2,0.8064959405073402
198,feve,10,1,0.02748633611151034
198,fdiv,8,0.8,0.08641073297370003
199,corrected_richness,10,1,0.02748633611151034
199,shannon,10,1,0.02748633611151034
199,inv_simpson,10,1,0.02748633611151034
199,trait_volume,-2,-0.2,0.8064959405073402
199,trait_dispersion,-2,-0.2,0.8064959405073402
199,rao_q,-2,-0.2,0.8064959405073402
199,feve,10,1,0.02748633611151034
199,fdiv,8,0.8,0.08641073297370003
203,corrected_richness,10,1,0.02748633611151034
203,shannon,10,1,0.02748633611151034
203,inv_simpson,10,1,0.02748633611151034
203,trait_volume,2,0.2,0.8064959405073402
203,trait_dispersion,2,0.2,0.8064959405073402
203,rao_q,4,0.4,0.4624327264504763
203,feve,8,0.8,0.08641073297370003
203,fdiv,-4,-0.4,0.4624327264504763
270,corrected_richness,10,1,0.02748633611151034
270,shannon,10,1,0.02748633611151034
270,inv_simpson,10,1,0.02748633611151034
270,trait_volume,0,0,1
270,trait_dispersion,0,0,1
270,rao_q,0,0,1
270,feve,10,1,0.02748633611151034
270,fdiv,6,0.6,0.2206713619198468
271,corrected_richness,10,1,0.02748633611151034
271,shannon,10,1,0.02748633611151034
271,inv_simpson,10,1,0.02748633611151034
271,trait_volume,-2,-0.2,0.8064959405073402
271,trait_dispersion,-2,-0.2,0.8064959405073402
271,rao_q,0,0,1
271,feve,10,1,0.02748633611151034
271,fdiv,8,0.8,0.08641073297370003
272,corrected_richness,10,1,0.02748633611151034
272,shannon,10,1,0.02748633611151034
272,inv_simpson,10,1,0.02748633611151034
272,trait_volume,0,0,1
272,trait_dispersion,0,0,1
272,rao_q,0,0,1
272,feve,10,1,0.02748633611151034
272,fdiv,8,0.8,0.08641073297370003
274,corrected_richness,10,1,0.02748633611151034
274,shannon,10,1,0.02748633611151034
274,inv_simpson,10,1,0.02748633611151034
274,trait_volume,-2,-0.2,0.8064959405073402
274,trait_dispersion,-4,-0.4,0.4624327264504763
274,rao_q,-4,-0.4,0.4624327264504763
274,feve,10,1,0.02748633611151034
274,fdiv,10,1,0.02748633611151034
276,corrected_richness,10,1,0.02748633611151034
276,shannon,10,1,0.02748633611151034
276,inv_simpson,10,1,0.02748633611151034
276,trait_volume,-4,-0.4,0.4624327264504763
276,trait_dispersion,-8,-0.8,0.08641073297370003
276,rao_q,-6,-0.6,0.2206713619198468
276,feve,6,0.6,0.2206713619198468
276,fdiv,8,0.8,0.08641073297370003
341,corrected_richness,10,1,0.02748633611151034
341,shannon,10,1,0.02748633611151034
341,inv_simpson,10,1,0.02748633611151034
341,trait_volume,-6,-0.6,0.2206713619198468
341,trait_dispersion,-4,-0.4,0.4624327264504763
341,rao_q,-4,-0.4,0.4624327264504763
341,feve,10,1,0.02748633611151034
341,fdiv,8,0.8,0.08641073297370003
342,corrected_richness,10,1,0.02748633611151034
342,shannon,10,1,0.02748633611151034
342,inv_simpson,10,1,0.02748633611151034
342,trait_volume,-2,-0.2,0.8064959405073402
342,trait_dispersion,2,0.2,0.8064959405073402
342,rao_q,4,0.4,0.4624327264504763
342,feve,10,1,0.02748633611151034
342,fdiv,-4,-0.4,0.4624327264504763
343,corrected_richness,10,1,0.02748633611151034
343,shannon,10,1,0.02748633611151034
343,inv_simpson,10,1,0.02748633611151034
343,trait_volume,4,0.4,0.4624327264504763
343,trait_dispersion,4,0.4,0.4624327264504763
343,rao_q,4,0.4,0.4624327264504763
343,feve,10,1,0.02748633611151034
343,fdiv,-6,-0.6,0.2206713619198468
344,corrected_richness,10,1,0.02748633611151034
344,shannon,10,1,0.02748633611151034
344,inv_simpson,10,1,0.02748633611151034
344,trait_volume,2,0.2,0.8064959405073402
344,trait_dispersion,4,0.4,0.4624327264504763
344,rao_q,4,0.4,0.4624327264504763
344,feve,10,1,0.02748633611151034
344,fdiv,-2,-0.2,0.8064959405073402
345,corrected_richness,10,1,0.02748633611151034
345,shannon,10,1,0.02748633611151034
345,inv_simpson,10,1,0.02748633611151034
345,trait_volume,-2,-0.2,0.8064959405073402
345,trait_dispersion,-2,-0.2,0.8064959405073402
345,rao_q,0,0,1
345,feve,10,1,0.02748633611151034
345,fdiv,6,0.6,0.2206713619198468
347,corrected_richness,10,1,0.02748633611151034
347,shannon,10,1,0.02748633611151034
347,inv_simpson,10,1,0.02748633611151034
347,trait_volume,0,0,1
347,trait_dispersion,0,0,1
347,rao_q,4,0.4,0.4624327264504763
347,feve,10,1,0.02748633611151034
347,fdiv,2,0.2,0.8064959405073402
412,corrected_richness,10,1,0.02748633611151034
412,shannon,10,1,0.02748633611151034
412,inv_simpson,10,1,0.02748633611151034
412,trait_volume,0,0,1
412,trait_dispersion,0,0,1
412,rao_q,0,0,1
412,feve,10,1,0.02748633611151034
412,fdiv,2,0.2,0.8064959405073402
413,corrected_richness,10,1,0.02748633611151034
413,shannon,10,1,0.02748633611151034
413,inv_simpson,10,1,0.02748633611151034
413,trait_volume,-2,-0.2,0.8064959405073402
413,trait_dispersion,-2,-0.2,0.8064959405073402
413,rao_q,-2,-0.2,0.8064959405073402
413,feve,10,1,0.02748633611151034
413,fdiv,8,0.8,0.08641073297370003
414,corrected_richness,10,1,0.02748633611151034
414,shannon,10,1,0.02748633611151034
414,inv_simpson,10,1,0.02748633611151034
414,trait_volume,0,0,1
414,trait_dispersion,0,0,1
414,rao_q,0,0,1
414,feve,10,1,0.02748633611151034
414,fdiv,8,0.8,0.08641073297370003
415,corrected_richness,10,1,0.02748633611151034
415,shannon,10,1,0.02748633611151034
415,inv_simpson,10,1,0.02748633611151034
415,trait_volume,0,0,1
415,trait_dispersion,-2,-0.2,0.8064959405073402
415,rao_q,0,0,1
415,feve,10,1,0.02748633611151034
415,fdiv,8,0.8,0.08641073297370003
416,corrected_richness,10,1,0.02748633611151034
416,shannon,10,1,0.02748633611151034
416,inv_simpson,10,1,0.02748633611151034
416,trait_volume,0,0,1
416,trait_dispersion,-2,-0.2,0.8064959405073402
416,rao_q,0,0,1
416,feve,10,1,0.02748633611151034
416,fdiv,10,1,0.02748633611151034
417,corrected_richness,10,1,0.02748633611151034
417,shannon,10,1,0.02748633611151034
417,inv_simpson,10,1,0.02748633611151034
417,trait_volume,4,0.4,0.4624327264504763
417,trait_dispersion,4,0.4,0.4624327264504763
417,rao_q,6,0.6,0.2206713619198468
417,feve,8,0.8,0.08641073297370003
417,fdiv,-6,-0.6,0.2206713619198468
418,corrected_richness,10,1,0.02748633611151034
418,shannon,10,1,0.02748633611151034
418,inv_simpson,10,1,0.02748633611151034
418,trait_volume,4,0.4,0.4624327264504763
418,trait_dispersion,6,0.6,0.2206713619198468
418,rao_q,6,0.6,0.2206713619198468
418,feve,10,1,0.02748633611151034
418,fdiv,-6,-0.6,0.2206713619198468
483,corrected_richness,10,1,0.02748633611151034
483,shannon,10,1,0.02748633611151034
483,inv_simpson,10,1,0.02748633611151034
483,trait_volume,-6,-0.6,0.2206713619198468
483,trait_dispersion,-6,-0.6,0.2206713619198468
483,rao_q,-6,-0.6,0.2206713619198468
483,feve,10,1,0.02748633611151034
483,fdiv,8,0.8,0.08641073297370003
484,corrected_richness,10,1,0.02748633611151034
484,shannon,10,1,0.02748633611151034
484,inv_simpson,10,1,0.02748633611151034
484,trait_volume,-4,-0.4,0.4624327264504763
484,trait_dispersion,-4,-0.4,0.4624327264504763
484,rao_q,-4,-0.4,0.4624327264504763
484,feve,10,1,0.02748633611151034
484,fdiv,8,0.8,0.08641073297370003
485,corrected_richness,10,1,0.02748633611151034
485,shannon,10,1,0.02748633611151034
485,inv_simpson,10,1,0.02748633611151034
485,trait_volume,-2,-0.2,0.8064959405073402
485,trait_dispersion,-2,-0.2,0.8064959405073402
485,rao_q,-4,-0.4,0.4624327264504763
485,feve,10,1,0.02748633611151034
485,fdiv,8,0.8,0.08641073297370003
486,corrected_richness,10,1,0.02748633611151034
486,shannon,10,1,0.02748633611151034
486,inv_simpson,10,1,0.02748633611151034
486,trait_volume,-4,-0.4,0.4624327264504763
486,trait_dispersion,-2,-0.2,0.8064959405073402
486,rao_q,-4,-0.4,0.4624327264504763
486,feve,10,1,0.02748633611151034
486,fdiv,8,0.8,0.08641073297370003
487,corrected_richness,10,1,0.02748633611151034
487,shannon,10,1,0.02748633611151034
487,inv_simpson,10,1,0.02748633611151034
487,trait_volume,-2,-0.2,0.8064959405073402
487,trait_dispersion,-2,-0.2,0.8064959405073402
487,rao_q,-2,-0.2,0.8064959405073402
487,feve,10,1,0.02748633611151034
487,fdiv,8,0.8,0.08641073297370003
554,corrected_richness,10,1,0.02748633611151034
554,shannon,10,1,0.02748633611151034
554,inv_simpson,10,1,0.02748633611151034
554,trait_volume,-6,-0.6,0.2206713619198468
554,trait_dispersion,-6,-0.6,0.2206713619198468
554,rao_q,-6,-0.6,0.2206713619198468
554,feve,10,1,0.02748633611151034
554,fdiv,8,0.8,0.08641073297370003
555,corrected_richness,10,1,0.02748633611151034
555,shannon,10,1,0.02748633611151034
555,inv_simpson,10,1,0.02748633611151034
555,trait_volume,-6,-0.6,0.2206713619198468
555,trait_dispersion,-6,-0.6,0.2206713619198468
555,rao_q,-6,-0.6,0.2206713619198468
555,feve,10,1,0.02748633611151034
555,fdiv,8,0.8,0.08641073297370003
556,corrected_richness,10,1,0.02748633611151034
556,shannon,10,1,0.02748633611151034
556,inv_simpson,10,1,0.02748633611151034
556,trait_volume,-6,-0.6,0.2206713619198468
556,trait_dispersion,-6,-0.6,0.2206713619198468
556,rao_q,-6,-0.6,0.2206713619198468
556,feve,10,1,0.02748633611151034
556,fdiv,8,0.8,0.08641073297370003
557,corrected_richness,10,1,0.02748633611151034
557,shannon,10,1,0.02748633611151034
557,inv_simpson,10,1,0.02748633611151034
557,trait_volume,-6,-0.6,0.2206713619198468
557,trait_dispersion,-6,-0.6,0.2206713619198468
557,rao_q,-6,-0.6,0.2206713619198468
557,feve,10,1,0.02748633611151034
557,fdiv,8,0.8,0.08641073297370003
558,corrected_richness,10,1,0.02748633611151034
558,shannon,10,1,0.02748633611151034
558,inv_simpson,10,1,0.02748633611151034
558,trait_volume,-4,-0.4,0.4624327264504763
558,trait_dispersion,-6,-0.6,0.2206713619198468
558,rao_q,-6,-0.6,0.2206713619198468
558,feve,10,1,0.02748633611151034
558,fdiv,8,0.8,0.08641073297370003
559,corrected_richness,10,1,0.02748633611151034
559,shannon,10,1,0.02748633611151034
559,inv_simpson,10,1,0.02748633611151034
559,trait_volume,-2,-0.2,0.8064959405073402
559,trait_dispersion,-2,-0.2,0.8064959405073402
559,rao_q,-4,-0.4,0.4624327264504763
559,feve,10,1,0.02748633611151034
559,fdiv,8,0.8,0.08641073297370003
560,corrected_richness,10,1,0.02748633611151034
560,shannon,10,1,0.02748633611151034
560,inv_simpson,10,1,0.02748633611151034
560,trait_volume,-2,-0.2,0.8064959405073402
560,trait_dispersion,-2,-0.2,0.8064959405073402
560,rao_q,-2,-0.2,0.8064959405073402
560,feve,10,1,0.02748633611151034
560,fdiv,6,0.6,0.2206713619198468
561,corrected_richness,10,1,0.02748633611151034
561,shannon,10,1,0.02748633611151034
561,inv_simpson,10,1,0.02748633611151034
561,trait_volume,0,0,1
561,trait_dispersion,0,0,1
561,rao_q,2,0.2,0.8064959405073402
561,feve,10,1,0.02748633611151034
561,fdiv,2,0.2,0.8064959405073402
563,corrected_richness,10,1,0.02748633611151034
563,shannon,10,1,0.02748633611151034
563,inv_simpson,10,1,0.02748633611151034
563,trait_volume,0,0,1
563,trait_dispersion,0,0,1
563,rao_q,0,0,1
563,feve,8,0.8,0.08641073297370003
563,fdiv,-2,-0.2,0.8064959405073402
564,corrected_richness,10,1,0.02748633611151034
564,shannon,10,1,0.02748633611151034
564,inv_simpson,10,1,0.02748633611151034
564,trait_volume,0,0,1
564,trait_dispersion,2,0.2,0.8064959405073402
564,rao_q,2,0.2,0.8064959405073402
564,feve,8,0.8,0.08641073297370003
564,fdiv,-2,-0.2,0.8064959405073402
592,corrected_richness,10,1,0.02748633611151034
592,shannon,10,1,0.02748633611151034
592,inv_simpson,10,1,0.02748633611151034
592,trait_volume,-10,-1,0.02748633611151034
592,trait_dispersion,-10,-1,0.02748633611151034
592,rao_q,-10,-1,0.02748633611151034
592,feve,10,1,0.02748633611151034
592,fdiv,10,1,0.02748633611151034
593,corrected_richness,10,1,0.02748633611151034
593,shannon,10,1,0.02748633611151034
593,inv_simpson,10,1,0.02748633611151034
593,trait_volume,-10,-1,0.02748633611151034
593,trait_dispersion,-10,-1,0.02748633611151034
593,rao_q,-10,-1,0.02748633611151034
593,feve,10,1,0.02748633611151034
593,fdiv,10,1,0.02748633611151034
625,corrected_richness,10,1,0.02748633611151034
625,shannon,10,1,0.02748633611151034
625,inv_simpson,10,1,0.02748633611151034
625,trait_volume,0,0,1
625,trait_dispersion,2,0.2,0.8064959405073402
625,rao_q,2,0.2,0.8064959405073402
625,feve,10,1,0.02748633611151034
625,fdiv,-4,-0.4,0.4624327264504763
626,corrected_richness,10,1,0.02748633611151034
626,shannon,10,1,0.02748633611151034
626,inv_simpson,10,1,0.02748633611151034
626,trait_volume,-2,-0.2,0.8064959405073402
626,trait_dispersion,2,0.2,0.8064959405073402
626,rao_q,2,0.2,0.8064959405073402
626,feve,10,1,0.02748633611151034
626,fdiv,-4,-0.4,0.4624327264504763
627,corrected_richness,10,1,0.02748633611151034
627,shannon,10,1,0.02748633611151034
627,inv_simpson,10,1,0.02748633611151034
627,trait_volume,0,0,1
627,trait_dispersion,2,0.2,0.8064959405073402
627,rao_q,2,0.2,0.8064959405073402
627,feve,8,0.8,0.08641073297370003
627,fdiv,-2,-0.2,0.8064959405073402
628,corrected_richness,10,1,0.02748633611151034
628,shannon,10,1,0.02748633611151034
628,inv_simpson,10,1,0.02748633611151034
628,trait_volume,0,0,1
628,trait_dispersion,2,0.2,0.8064959405073402
628,rao_q,4,0.4,0.4624327264504763
628,feve,6,0.6,0.2206713619198468
628,fdiv,-6,-0.6,0.2206713619198468
629,corrected_richness,10,1,0.02748633611151034
629,shannon,10,1,0.02748633611151034
629,inv_simpson,10,1,0.02748633611151034
629,trait_volume,0,0,1
629,trait_dispersion,2,0.2,0.8064959405073402
629,rao_q,4,0.4,0.4624327264504763
629,feve,6,0.6,0.2206713619198468
629,fdiv,-2,-0.2,0.8064959405073402
630,corrected_richness,10,1,0.02748633611151034
630,shannon,10,1,0.02748633611151034
630,inv_simpson,10,1,0.02748633611151034
630,trait_volume,-2,-0.2,0.8064959405073402
630,trait_dispersion,0,0,1
630,rao_q,2,0.2,0.8064959405073402
630,feve,8,0.8,0.08641073297370003
630,fdiv,0,0,1
634,corrected_richness,10,1,0.02748633611151034
634,shannon,10,1,0.02748633611151034
634,inv_simpson,10,1,0.02748633611151034
634,trait_volume,-6,-0.6,0.2206713619198468
634,trait_dispersion,-8,-0.8,0.08641073297370003
634,rao_q,-8,-0.8,0.08641073297370003
634,feve,10,1,0.02748633611151034
634,fdiv,10,1,0.02748633611151034
635,corrected_richness,10,1,0.02748633611151034
635,shannon,10,1,0.02748633611151034
635,inv_simpson,10,1,0.02748633611151034
635,trait_volume,-6,-0.6,0.2206713619198468
635,trait_dispersion,-6,-0.6,0.2206713619198468
635,rao_q,-6,-0.6,0.2206713619198468
635,feve,10,1,0.02748633611151034
635,fdiv,4,0.4,0.4624327264504763
636,corrected_richness,10,1,0.02748633611151034
636,shannon,10,1,0.02748633611151034
636,inv_simpson,10,1,0.02748633611151034
636,trait_volume,-4,-0.4,0.4624327264504763
636,trait_dispersion,0,0,1
636,rao_q,0,0,1
636,feve,8,0.8,0.08641073297370003
636,fdiv,-4,-0.4,0.4624327264504763
637,corrected_richness,10,1,0.02748633611151034
637,shannon,10,1,0.02748633611151034
637,inv_simpson,10,1,0.02748633611151034
637,trait_volume,-6,-0.6,0.2206713619198468
637,trait_dispersion,-6,-0.6,0.2206713619198468
637,rao_q,-6,-0.6,0.2206713619198468
637,feve,8,0.8,0.08641073297370003
637,fdiv,6,0.6,0.2206713619198468
640,corrected_richness,10,1,0.02748633611151034
640,shannon,10,1,0.02748633611151034
640,inv_simpson,10,1,0.02748633611151034
640,trait_volume,-10,-1,0.02748633611151034
640,trait_dispersion,-10,-1,0.02748633611151034
640,rao_q,-10,-1,0.02748633611151034
640,feve,6,0.6,0.2206713619198468
640,fdiv,10,1,0.02748633611151034
663,corrected_richness,10,1,0.02748633611151034
663,shannon,10,1,0.02748633611151034
663,inv_simpson,10,1,0.02748633611151034
663,trait_volume,-8,-0.8,0.08641073297370003
663,trait_dispersion,-8,-0.8,0.08641073297370003
663,rao_q,-8,-0.8,0.08641073297370003
663,feve,10,1,0.02748633611151034
663,fdiv,10,1,0.02748633611151034
664,corrected_richness,10,1,0.02748633611151034
664,shannon,10,1,0.02748633611151034
664,inv_simpson,10,1,0.02748633611151034
664,trait_volume,-8,-0.8,0.08641073297370003
664,trait_dispersion,-8,-0.8,0.08641073297370003
664,rao_q,-8,-0.8,0.08641073297370003
664,feve,10,1,0.02748633611151034
664,fdiv,10,1,0.02748633611151034
665,corrected_richness,10,1,0.02748633611151034
665,shannon,10,1,0.02748633611151034
665,inv_simpson,10,1,0.02748633611151034
665,trait_volume,-10,-1,0.02748633611151034
665,trait_dispersion,-10,-1,0.02748633611151034
665,rao_q,-10,-1,0.02748633611151034
665,feve,10,1,0.02748633611151034
665,fdiv,10,1,0.02748633611151034
666,corrected_richness,10,1,0.02748633611151034
666,shannon,10,1,0.02748633611151034
666,inv_simpson,10,1,0.02748633611151034
666,trait_volume,-8,-0.8,0.08641073297370003
666,trait_dispersion,-8,-0.8,0.08641073297370003
666,rao_q,-8,-0.8,0.08641073297370003
666,feve,10,1,0.02748633611151034
666,fdiv,10,1,0.02748633611151034
696,corrected_richness,10,1,0.02748633611151034
696,shannon,10,1,0.02748633611151034
696,inv_simpson,10,1,0.02748633611151034
696,trait_volume,-6,-0.6,0.2206713619198468
696,trait_dispersion,-6,-0.6,0.2206713619198468
696,rao_q,-6,-0.6,0.2206713619198468
696,feve,10,1,0.02748633611151034
696,fdiv,2,0.2,0.8064959405073402
698,corrected_richness,10,1,0.02748633611151034
698,shannon,10,1,0.02748633611151034
698,inv_simpson,10,1,0.02748633611151034
698,trait_volume,-4,-0.4,0.4624327264504763
698,trait_dispersion,-2,-0.2,0.8064959405073402
698,rao_q,-2,-0.2,0.8064959405073402
698,feve,10,1,0.02748633611151034
698,fdiv,0,0,1
699,corrected_richness,10,1,0.02748633611151034
699,shannon,10,1,0.02748633611151034
699,inv_simpson,10,1,0.02748633611151034
699,trait_volume,-4,-0.4,0.4624327264504763
699,trait_dispersion,-2,-0.2,0.8064959405073402
699,rao_q,-2,-0.2,0.8064959405073402
699,feve,10,1,0.02748633611151034
699,fdiv,2,0.2,0.8064959405073402
700,corrected_richness,10,1,0.02748633611151034
700,shannon,10,1,0.02748633611151034
700,inv_simpson,10,1,0.02748633611151034
700,trait_volume,2,0.2,0.8064959405073402
700,trait_dispersion,2,0.2,0.8064959405073402
700,rao_q,2,0.2,0.8064959405073402
700,feve,6,0.6,0.2206713619198468
700,fdiv,-8,-0.8,0.08641073297370003
701,corrected_richness,10,1,0.02748633611151034
701,shannon,10,1,0.02748633611151034
701,inv_simpson,10,1,0.02748633611151034
701,trait_volume,-2,-0.2,0.8064959405073402
701,trait_dispersion,2,0.2,0.8064959405073402
701,rao_q,2,0.2,0.8064959405073402
701,feve,4,0.4,0.4624327264504763
701,fdiv,-2,-0.2,0.8064959405073402
702,corrected_richness,10,1,0.02748633611151034
702,shannon,10,1,0.02748633611151034
702,inv_simpson,10,1,0.02748633611151034
702,trait_volume,-4,-0.4,0.4624327264504763
702,trait_dispersion,-4,-0.4,0.4624327264504763
702,rao_q,-4,-0.4,0.4624327264504763
702,feve,10,1,0.02748633611151034
702,fdiv,-2,-0.2,0.8064959405073402
704,corrected_richness,10,1,0.02748633611151034
704,shannon,10,1,0.02748633611151034
704,inv_simpson,10,1,0.02748633611151034
704,trait_volume,-2,-0.2,0.8064959405073402
704,trait_dispersion,-2,-0.2,0.8064959405073402
704,rao_q,2,0.2,0.8064959405073402
704,feve,10,1,0.02748633611151034
704,fdiv,0,0,1
705,corrected_richness,10,1,0.02748633611151034
705,shannon,10,1,0.02748633611151034
705,inv_simpson,10,1,0.02748633611151034
705,trait_volume,-4,-0.4,0.4624327264504763
705,trait_dispersion,-4,-0.4,0.4624327264504763
705,rao_q,-2,-0.2,0.8064959405073402
705,feve,10,1,0.02748633611151034
705,fdiv,8,0.8,0.08641073297370003
706,corrected_richness,10,1,0.02748633611151034
706,shannon,10,1,0.02748633611151034
706,inv_simpson,10,1,0.02748633611151034
706,trait_volume,-6,-0.6,0.2206713619198468
706,trait_dispersion,-6,-0.6,0.2206713619198468
706,rao_q,-6,-0.6,0.2206713619198468
706,feve,10,1,0.02748633611151034
706,fdiv,10,1,0.02748633611151034
708,corrected_richness,10,1,0.02748633611151034
708,shannon,10,1,0.02748633611151034
708,inv_simpson,10,1,0.02748633611151034
708,trait_volume,-6,-0.6,0.2206713619198468
708,trait_dispersion,-8,-0.8,0.08641073297370003
708,rao_q,-6,-0.6,0.2206713619198468
708,feve,10,1,0.02748633611151034
708,fdiv,10,1,0.02748633611151034
710,corrected_richness,10,1,0.02748633611151034
710,shannon,10,1,0.02748633611151034
710,inv_simpson,10,1,0.02748633611151034
710,trait_volume,-8,-0.8,0.08641073297370003
710,trait_dispersion,-10,-1,0.02748633611151034
710,rao_q,-10,-1,0.02748633611151034
710,feve,10,1,0.02748633611151034
710,fdiv,10,1,0.02748633611151034
711,corrected_richness,10,1,0.02748633611151034
711,shannon,10,1,0.02748633611151034
711,inv_simpson,10,1,0.02748633611151034
711,trait_volume,-10,-1,0.02748633611151034
711,trait_dispersion,-10,-1,0.02748633611151034
711,rao_q,-10,-1,0.02748633611151034
711,feve,10,1,0.02748633611151034
711,fdiv,10,1,0.02748633611151034
712,corrected_richness,10,1,0.02748633611151034
712,shannon,10,1,0.02748633611151034
712,inv_simpson,10,1,0.02748633611151034
712,trait_volume,-10,-1,0.02748633611151034
712,trait_dispersion,-10,-1,0.02748633611151034
712,rao_q,-10,-1,0.02748633611151034
712,feve,10,1,0.02748633611151034
712,fdiv,10,1,0.02748633611151034
716,corrected_richness,10,1,0.02748633611151034
716,shannon,10,1,0.02748633611151034
716,inv_simpson,10,1,0.02748633611151034
716,trait_volume,-10,-1,0.02748633611151034
716,trait_dispersion,-10,-1,0.02748633611151034
716,rao_q,-10,-1,0.02748633611151034
716,feve,10,1,0.02748633611151034
716,fdiv,10,1,0.02748633611151034
717,corrected_richness,10,1,0.02748633611151034
717,shannon,10,1,0.02748633611151034
717,inv_simpson,10,1,0.02748633611151034
717,trait_volume,-10,-1,0.02748633611151034
717,trait_dispersion,-10,-1,0.02748633611151034
717,rao_q,-10,-1,0.02748633611151034
717,feve,10,1,0.02748633611151034
717,fdiv,10,1,0.02748633611151034
735,corrected_richness,10,1,0.02748633611151034
735,shannon,10,1,0.02748633611151034
735,inv_simpson,10,1,0.02748633611151034
735,trait_volume,-10,-1,0.02748633611151034
735,trait_dispersion,-10,-1,0.02748633611151034
735,rao_q,-10,-1,0.02748633611151034
735,feve,10,1,0.02748633611151034
735,fdiv,10,1,0.02748633611151034
736,corrected_richness,10,1,0.02748633611151034
736,shannon,10,1,0.02748633611151034
736,inv_simpson,10,1,0.02748633611151034
736,trait_volume,-10,-1,0.02748633611151034
736,trait_dispersion,-10,-1,0.02748633611151034
736,rao_q,-10,-1,0.02748633611151034
736,feve,10,1,0.02748633611151034
736,fdiv,10,1,0.02748633611151034
737,corrected_richness,10,1,0.02748633611151034
737,shannon,10,1,0.02748633611151034
737,inv_simpson,10,1,0.02748633611151034
737,trait_volume,-8,-0.8,0.08641073297370003
737,trait_dispersion,-8,-0.8,0.08641073297370003
737,rao_q,-8,-0.8,0.08641073297370003
737,feve,10,1,0.02748633611151034
737,fdiv,8,0.8,0.08641073297370003
738,corrected_richness,10,1,0.02748633611151034
738,shannon,10,1,0.02748633611151034
738,inv_simpson,10,1,0.02748633611151034
738,trait_volume,-10,-1,0.02748633611151034
738,trait_dispersion,-10,-1,0.02748633611151034
738,rao_q,-10,-1,0.02748633611151034
738,feve,10,1,0.02748633611151034
738,fdiv,10,1,0.02748633611151034
772,corrected_richness,10,1,0.02748633611151034
772,shannon,10,1,0.02748633611151034
772,inv_simpson,10,1,0.02748633611151034
772,trait_volume,-6,-0.6,0.2206713619198468
772,trait_dispersion,-6,-0.6,0.2206713619198468
772,rao_q,-6,-0.6,0.2206713619198468
772,feve,10,1,0.02748633611151034
772,fdiv,8,0.8,0.08641073297370003
773,corrected_richness,10,1,0.02748633611151034
773,shannon,10,1,0.02748633611151034
773,inv_simpson,10,1,0.02748633611151034
773,trait_volume,-6,-0.6,0.2206713619198468
773,trait_dispersion,-6,-0.6,0.2206713619198468
773,rao_q,-4,-0.4,0.4624327264504763
773,feve,8,0.8,0.08641073297370003
773,fdiv,2,0.2,0.8064959405073402
774,corrected_richness,10,1,0.02748633611151034
774,shannon,10,1,0.02748633611151034
774,inv_simpson,10,1,0.02748633611151034
774,trait_volume,-4,-0.4,0.4624327264504763
774,trait_dispersion,-4,-0.4,0.4624327264504763
774,rao_q,-4,-0.4,0.4624327264504763
774,feve,8,0.8,0.08641073297370003
774,fdiv,4,0.4,0.4624327264504763
775,corrected_richness,10,1,0.02748633611151034
775,shannon,10,1,0.02748633611151034
775,inv_simpson,10,1,0.02748633611151034
775,trait_volume,-4,-0.4,0.4624327264504763
775,trait_dispersion,-4,-0.4,0.4624327264504763
775,rao_q,-4,-0.4,0.4624327264504763
775,feve,8,0.8,0.08641073297370003
775,fdiv,8,0.8,0.08641073297370003
776,corrected_richness,10,1,0.02748633611151034
776,shannon,10,1,0.02748633611151034
776,inv_simpson,10,1,0.02748633611151034
776,trait_volume,-4,-0.4,0.4624327264504763
776,trait_dispersion,-4,-0.4,0.4624327264504763
776,rao_q,-4,-0.4,0.4624327264504763
776,feve,8,0.8,0.08641073297370003
776,fdiv,8,0.8,0.08641073297370003
777,corrected_richness,10,1,0.02748633611151034
777,shannon,10,1,0.02748633611151034
777,inv_simpson,10,1,0.02748633611151034
777,trait_volume,0,0,1
777,trait_dispersion,-4,-0.4,0.4624327264504763
777,rao_q,2,0.2,0.8064959405073402
777,feve,8,0.8,0.08641073297370003
777,fdiv,8,0.8,0.08641073297370003
778,corrected_richness,10,1,0.02748633611151034
778,shannon,10,1,0.02748633611151034
778,inv_simpson,10,1,0.02748633611151034
778,trait_volume,-2,-0.2,0.8064959405073402
778,trait_dispersion,-4,-0.4,0.4624327264504763
778,rao_q,-4,-0.4,0.4624327264504763
778,feve,8,0.8,0.08641073297370003
778,fdiv,8,0.8,0.08641073297370003
783,corrected_richness,10,1,0.02748633611151034
783,shannon,10,1,0.02748633611151034
783,inv_simpson,10,1,0.02748633611151034
783,trait_volume,-8,-0.8,0.08641073297370003
783,trait_dispersion,-8,-0.8,0.08641073297370003
783,rao_q,-8,-0.8,0.08641073297370003
783,feve,8,0.8,0.08641073297370003
783,fdiv,6,0.6,0.2206713619198468
784,corrected_richness,10,1,0.02748633611151034
784,shannon,10,1,0.02748633611151034
784,inv_simpson,10,1,0.02748633611151034
784,trait_volume,-8,-0.8,0.08641073297370003
784,trait_dispersion,-8,-0.8,0.08641073297370003
784,rao_q,-8,-0.8,0.08641073297370003
784,feve,10,1,0.02748633611151034
784,fdiv,8,0.8,0.08641073297370003
787,corrected_richness,10,1,0.02748633611151034
787,shannon,10,1,0.02748633611151034
787,inv_simpson,10,1,0.02748633611151034
787,trait_volume,-10,-1,0.02748633611151034
787,trait_dispersion,-10,-1,0.02748633611151034
787,rao_q,-10,-1,0.02748633611151034
787,feve,10,1,0.02748633611151034
787,fdiv,10,1,0.02748633611151034
788,corrected_richness,10,1,0.02748633611151034
788,shannon,10,1,0.02748633611151034
788,inv_simpson,10,1,0.02748633611151034
788,trait_volume,-10,-1,0.02748633611151034
788,trait_dispersion,-10,-1,0.02748633611151034
788,rao_q,-10,-1,0.02748633611151034
788,feve,10,1,0.02748633611151034
788,fdiv,10,1,0.02748633611151034
804,corrected_richness,10,1,0.02748633611151034
804,shannon,10,1,0.02748633611151034
804,inv_simpson,10,1,0.02748633611151034
804,trait_volume,-8,-0.8,0.08641073297370003
804,trait_dispersion,-8,-0.8,0.08641073297370003
804,rao_q,-8,-0.8,0.08641073297370003
804,feve,10,1,0.02748633611151034
804,fdiv,8,0.8,0.08641073297370003
805,corrected_richness,10,1,0.02748633611151034
805,shannon,10,1,0.02748633611151034
805,inv_simpson,10,1,0.02748633611151034
805,trait_volume,-10,-1,0.02748633611151034
805,trait_dispersion,-10,-1,0.02748633611151034
805,rao_q,-10,-1,0.02748633611151034
805,feve,10,1,0.02748633611151034
805,fdiv,10,1,0.02748633611151034
806,corrected_richness,10,1,0.02748633611151034
806,shannon,10,1,0.02748633611151034
806,inv_simpson,10,1,0.02748633611151034
806,trait_volume,-10,-1,0.02748633611151034
806,trait_dispersion,-10,-1,0.02748633611151034
806,rao_q,-10,-1,0.02748633611151034
806,feve,10,1,0.02748633611151034
806,fdiv,10,1,0.02748633611151034
807,corrected_richness,10,1,0.02748633611151034
807,shannon,10,1,0.02748633611151034
807,inv_simpson,10,1,0.02748633611151034
807,trait_volume,-10,-1,0.02748633611151034
807,trait_dispersion,-10,-1,0.02748633611151034
807,rao_q,-10,-1,0.02748633611151034
807,feve,10,1,0.02748633611151034
807,fdiv,10,1,0.02748633611151034
808,corrected_richness,10,1,0.02748633611151034
808,shannon,10,1,0.02748633611151034
808,inv_simpson,10,1,0.02748633611151034
808,trait_volume,-10,-1,0.02748633611151034
808,trait_dispersion,-10,-1,0.02748633611151034
808,rao_q,-10,-1,0.02748633611151034
808,feve,10,1,0.02748633611151034
808,fdiv,10,1,0.02748633611151034
809,corrected_richness,10,1,0.02748633611151034
809,shannon,10,1,0.02748633611151034
809,inv_simpson,10,1,0.02748633611151034
809,trait_volume,-8,-0.8,0.08641073297370003
809,trait_dispersion,-8,-0.8,0.08641073297370003
809,rao_q,-8,-0.8,0.08641073297370003
809,feve,10,1,0.02748633611151034
809,fdiv,10,1,0.02748633611151034
810,corrected_richness,10,1,0.02748633611151034
810,shannon,10,1,0.02748633611151034
810,inv_simpson,10,1,0.02748633611151034
810,trait_volume,-8,-0.8,0.08641073297370003
810,trait_dispersion,-8,-0.8,0.08641073297370003
810,rao_q,-8,-0.8,0.08641073297370003
810,feve,10,1,0.02748633611151034
810,fdiv,8,0.8,0.08641073297370003
811,corrected_richness,10,1,0.02748633611151034
811,shannon,10,1,0.02748633611151034
811,inv_simpson,10,1,0.02748633611151034
811,trait_volume,-10,-1,0.02748633611151034
811,trait_dispersion,-8,-0.8,0.08641073297370003
811,rao_q,-8,-0.8,0.08641073297370003
811,feve,10,1,0.02748633611151034
811,fdiv,10,1,0.02748633611151034
812,corrected_richness,10,1,0.02748633611151034
812,shannon,10,1,0.02748633611151034
812,inv_simpson,10,1,0.02748633611151034
812,trait_volume,-10,-1,0.02748633611151034
812,trait_dispersion,-10,-1,0.02748633611151034
812,rao_q,-10,-1,0.02748633611151034
812,feve,10,1,0.02748633611151034
812,fdiv,10,1,0.02748633611151034
813,corrected_richness,10,1,0.02748633611151034
813,shannon,10,1,0.02748633611151034
813,inv_simpson,10,1,0.02748633611151034
813,trait_volume,-10,-1,0.02748633611151034
813,trait_dispersion,-10,-1,0.02748633611151034
813,rao_q,-10,-1,0.02748633611151034
813,feve,10,1,0.02748633611151034
813,fdiv,10,1,0.02748633611151034
845,corrected_richness,10,1,0.02748633611151034
845,shannon,10,1,0.02748633611151034
845,inv_simpson,10,1,0.02748633611151034
845,trait_volume,-2,-0.2,0.8064959405073402
845,trait_dispersion,-2,-0.2,0.8064959405073402
845,rao_q,-2,-0.2,0.8064959405073402
845,feve,8,0.8,0.08641073297370003
845,fdiv,4,0.4,0.4624327264504763
846,corrected_richness,10,1,0.02748633611151034
846,shannon,10,1,0.02748633611151034
846,inv_simpson,10,1,0.02748633611151034
846,trait_volume,0,0,1
846,trait_dispersion,0,0,1
846,rao_q,2,0.2,0.8064959405073402
846,feve,10,1,0.02748633611151034
846,fdiv,0,0,1
847,corrected_richness,10,1,0.02748633611151034
847,shannon,10,1,0.02748633611151034
847,inv_simpson,10,1,0.02748633611151034
847,trait_volume,-2,-0.2,0.8064959405073402
847,trait_dispersion,-2,-0.2,0.8064959405073402
847,rao_q,-4,-0.4,0.4624327264504763
847,feve,10,1,0.02748633611151034
847,fdiv,6,0.6,0.2206713619198468
848,corrected_richness,10,1,0.02748633611151034
848,shannon,10,1,0.02748633611151034
848,inv_simpson,10,1,0.02748633611151034
848,trait_volume,-6,-0.6,0.2206713619198468
848,trait_dispersion,-8,-0.8,0.08641073297370003
848,rao_q,-6,-0.6,0.2206713619198468
848,feve,10,1,0.02748633611151034
848,fdiv,8,0.8,0.08641073297370003
849,corrected_richness,10,1,0.02748633611151034
849,shannon,10,1,0.02748633611151034
849,inv_simpson,10,1,0.02748633611151034
849,trait_volume,-6,-0.6,0.2206713619198468
849,trait_dispersion,-8,-0.8,0.08641073297370003
849,rao_q,-6,-0.6,0.2206713619198468
849,feve,10,1,0.02748633611151034
849,fdiv,8,0.8,0.08641073297370003
850,corrected_richness,10,1,0.02748633611151034
850,shannon,10,1,0.02748633611151034
850,inv_simpson,10,1,0.02748633611151034
850,trait_volume,-6,-0.6,0.2206713619198468
850,trait_dispersion,-6,-0.6,0.2206713619198468
850,rao_q,-6,-0.6,0.2206713619198468
850,feve,8,0.8,0.08641073297370003
850,fdiv,10,1,0.02748633611151034
851,corrected_richness,10,1,0.02748633611151034
851,shannon,10,1,0.02748633611151034
851,inv_simpson,10,1,0.02748633611151034
851,trait_volume,-8,-0.8,0.08641073297370003
851,trait_dispersion,-8,-0.8,0.08641073297370003
851,rao_q,-8,-0.8,0.08641073297370003
851,feve,8,0.8,0.08641073297370003
851,fdiv,8,0.8,0.08641073297370003
855,corrected_richness,10,1,0.02748633611151034
855,shannon,10,1,0.02748633611151034
855,inv_simpson,10,1,0.02748633611151034
855,trait_volume,4,0.4,0.4624327264504763
855,trait_dispersion,6,0.6,0.2206713619198468
855,rao_q,8,0.8,0.08641073297370003
855,feve,10,1,0.02748633611151034
855,fdiv,-6,-0.6,0.2206713619198468
856,corrected_richness,10,1,0.02748633611151034
856,shannon,10,1,0.02748633611151034
856,inv_simpson,10,1,0.02748633611151034
856,trait_volume,4,0.4,0.4624327264504763
856,trait_dispersion,6,0.6,0.2206713619198468
856,rao_q,8,0.8,0.08641073297370003
856,feve,10,1,0.02748633611151034
856,fdiv,-4,-0.4,0.4624327264504763
857,corrected_richness,10,1,0.02748633611151034
857,shannon,10,1,0.02748633611151034
857,inv_simpson,10,1,0.02748633611151034
857,trait_volume,-10,-1,0.02748633611151034
857,trait_dispersion,-10,-1,0.02748633611151034
857,rao_q,-10,-1,0.02748633611151034
857,feve,10,1,0.02748633611151034
857,fdiv,2,0.2,0.8064959405073402
858,corrected_richness,10,1,0.02748633611151034
858,shannon,10,1,0.02748633611151034
858,inv_simpson,10,1,0.02748633611151034
858,trait_volume,-10,-1,0.02748633611151034
858,trait_dispersion,-10,-1,0.02748633611151034
858,rao_q,-10,-1,0.02748633611151034
858,feve,10,1,0.02748633611151034
858,fdiv,10,1,0.02748633611151034
859,corrected_richness,10,1,0.02748633611151034
859,shannon,10,1,0.02748633611151034
859,inv_simpson,10,1,0.02748633611151034
859,trait_volume,-10,-1,0.02748633611151034
859,trait_dispersion,-10,-1,0.02748633611151034
859,rao_q,-10,-1,0.02748633611151034
859,feve,10,1,0.02748633611151034
859,fdiv,10,1,0.02748633611151034
860,corrected_richness,10,1,0.02748633611151034
860,shannon,10,1,0.02748633611151034
860,inv_simpson,10,1,0.02748633611151034
860,trait_volume,-10,-1,0.02748633611151034
860,trait_dispersion,-10,-1,0.02748633611151034
860,rao_q,-10,-1,0.02748633611151034
860,feve,10,1,0.02748633611151034
860,fdiv,10,1,0.02748633611151034
876,corrected_richness,10,1,0.02748633611151034
876,shannon,10,1,0.02748633611151034
876,inv_simpson,10,1,0.02748633611151034
876,trait_volume,-4,-0.4,0.4624327264504763
876,trait_dispersion,-6,-0.6,0.2206713619198468
876,rao_q,-2,-0.2,0.8064959405073402
876,feve,10,1,0.02748633611151034
876,fdiv,8,0.8,0.08641073297370003
877,corrected_richness,10,1,0.02748633611151034
877,shannon,10,1,0.02748633611151034
877,inv_simpson,10,1,0.02748633611151034
877,trait_volume,-6,-0.6,0.2206713619198468
877,trait_dispersion,-6,-0.6,0.2206713619198468
877,rao_q,-6,-0.6,0.2206713619198468
877,feve,10,1,0.02748633611151034
877,fdiv,8,0.8,0.08641073297370003
878,corrected_richness,10,1,0.02748633611151034
878,shannon,10,1,0.02748633611151034
878,inv_simpson,10,1,0.02748633611151034
878,trait_volume,-6,-0.6,0.2206713619198468
878,trait_dispersion,-6,-0.6,0.2206713619198468
878,rao_q,-6,-0.6,0.2206713619198468
878,feve,10,1,0.02748633611151034
878,fdiv,8,0.8,0.08641073297370003
879,corrected_richness,10,1,0.02748633611151034
879,shannon,10,1,0.02748633611151034
879,inv_simpson,10,1,0.02748633611151034
879,trait_volume,-6,-0.6,0.2206713619198468
879,trait_dispersion,-6,-0.6,0.2206713619198468
879,rao_q,-6,-0.6,0.2206713619198468
879,feve,10,1,0.02748633611151034
879,fdiv,8,0.8,0.08641073297370003
881,corrected_richness,10,1,0.02748633611151034
881,shannon,10,1,0.02748633611151034
881,inv_simpson,10,1,0.02748633611151034
881,trait_volume,-6,-0.6,0.2206713619198468
881,trait_dispersion,-6,-0.6,0.2206713619198468
881,rao_q,-6,-0.6,0.2206713619198468
881,feve,10,1,0.02748633611151034
881,fdiv,8,0.8,0.08641073297370003
882,corrected_richness,10,1,0.02748633611151034
882,shannon,10,1,0.02748633611151034
882,inv_simpson,10,1,0.02748633611151034
882,trait_volume,-6,-0.6,0.2206713619198468
882,trait_dispersion,-6,-0.6,0.2206713619198468
882,rao_q,-6,-0.6,0.2206713619198468
882,feve,10,1,0.02748633611151034
882,fdiv,8,0.8,0.08641073297370003
883,corrected_richness,10,1,0.02748633611151034
883,shannon,10,1,0.02748633611151034
883,inv_simpson,10,1,0.02748633611151034
883,trait_volume,-6,-0.6,0.2206713619198468
883,trait_dispersion,-6,-0.6,0.2206713619198468
883,rao_q,-6,-0.6,0.2206713619198468
883,feve,10,1,0.02748633611151034
883,fdiv,10,1,0.02748633611151034
884,corrected_richness,10,1,0.02748633611151034
884,shannon,10,1,0.02748633611151034
884,inv_simpson,10,1,0.02748633611151034
884,trait_volume,-8,-0.8,0.08641073297370003
884,trait_dispersion,-10,-1,0.02748633611151034
884,rao_q,-8,-0.8,0.08641073297370003
884,feve,10,1,0.02748633611151034
884,fdiv,10,1,0.02748633611151034
885,corrected_richness,10,1,0.02748633611151034
885,shannon,10,1,0.02748633611151034
885,inv_simpson,10,1,0.02748633611151034
885,trait_volume,-10,-1,0.02748633611151034
885,trait_dispersion,-10,-1,0.02748633611151034
885,rao_q,-8,-0.8,0.08641073297370003
885,feve,10,1,0.02748633611151034
885,fdiv,10,1,0.02748633611151034
916,corrected_richness,10,1,0.02748633611151034
916,shannon,10,1,0.02748633611151034
916,inv_simpson,10,1,0.02748633611151034
916,trait_volume,-4,-0.4,0.4624327264504763
916,trait_dispersion,-2,-0.2,0.8064959405073402
916,rao_q,-4,-0.4,0.4624327264504763
916,feve,10,1,0.02748633611151034
916,fdiv,2,0.2,0.8064959405073402
917,corrected_richness,10,1,0.02748633611151034
917,shannon,10,1,0.02748633611151034
917,inv_simpson,10,1,0.02748633611151034
917,trait_volume,-6,-0.6,0.2206713619198468
917,trait_dispersion,-4,-0.4,0.4624327264504763
917,rao_q,-2,-0.2,0.8064959405073402
917,feve,10,1,0.02748633611151034
917,fdiv,0,0,1
918,corrected_richness,10,1,0.02748633611151034
918,shannon,10,1,0.02748633611151034
918,inv_simpson,10,1,0.02748633611151034
918,trait_volume,0,0,1
918,trait_dispersion,2,0.2,0.8064959405073402
918,rao_q,2,0.2,0.8064959405073402
918,feve,8,0.8,0.08641073297370003
918,fdiv,-2,-0.2,0.8064959405073402
920,corrected_richness,10,1,0.02748633611151034
920,shannon,10,1,0.02748633611151034
920,inv_simpson,10,1,0.02748633611151034
920,trait_volume,-4,-0.4,0.4624327264504763
920,trait_dispersion,0,0,1
920,rao_q,0,0,1
920,feve,6,0.6,0.2206713619198468
920,fdiv,-2,-0.2,0.8064959405073402
921,corrected_richness,10,1,0.02748633611151034
921,shannon,10,1,0.02748633611151034
921,inv_simpson,10,1,0.02748633611151034
921,trait_volume,-4,-0.4,0.4624327264504763
921,trait_dispersion,-2,-0.2,0.8064959405073402
921,rao_q,0,0,1
921,feve,8,0.8,0.08641073297370003
921,fdiv,-4,-0.4,0.4624327264504763
922,corrected_richness,10,1,0.02748633611151034
922,shannon,10,1,0.02748633611151034
922,inv_simpson,10,1,0.02748633611151034
922,trait_volume,-6,-0.6,0.2206713619198468
922,trait_dispersion,-4,-0.4,0.4624327264504763
922,rao_q,-4,-0.4,0.4624327264504763
922,feve,8,0.8,0.08641073297370003
922,fdiv,-2,-0.2,0.8064959405073402
923,corrected_richness,10,1,0.02748633611151034
923,shannon,10,1,0.02748633611151034
923,inv_simpson,10,1,0.02748633611151034
923,trait_volume,-6,-0.6,0.2206713619198468
923,trait_dispersion,-6,-0.6,0.2206713619198468
923,rao_q,-6,-0.6,0.2206713619198468
923,feve,8,0.8,0.08641073297370003
923,fdiv,2,0.2,0.8064959405073402
927,corrected_richness,10,1,0.02748633611151034
927,shannon,10,1,0.02748633611151034
927,inv_simpson,10,1,0.02748633611151034
927,trait_volume,-6,-0.6,0.2206713619198468
927,trait_dispersion,-6,-0.6,0.2206713619198468
927,rao_q,-6,-0.6,0.2206713619198468
927,feve,8,0.8,0.08641073297370003
927,fdiv,2,0.2,0.8064959405073402
929,corrected_richness,10,1,0.02748633611151034
929,shannon,10,1,0.02748633611151034
929,inv_simpson,10,1,0.02748633611151034
929,trait_volume,-10,-1,0.02748633611151034
929,trait_dispersion,-10,-1,0.02748633611151034
929,rao_q,-6,-0.6,0.2206713619198468
929,feve,8,0.8,0.08641073297370003
929,fdiv,8,0.8,0.08641073297370003
931,corrected_richness,10,1,0.02748633611151034
931,shannon,10,1,0.02748633611151034
931,inv_simpson,10,1,0.02748633611151034
931,trait_volume,-10,-1,0.02748633611151034
931,trait_dispersion,-8,-0.8,0.08641073297370003
931,rao_q,-6,-0.6,0.2206713619198468
931,feve,8,0.8,0.08641073297370003
931,fdiv,2,0.2,0.8064959405073402
947,corrected_richness,10,1,0.02748633611151034
947,shannon,10,1,0.02748633611151034
947,inv_simpson,10,1,0.02748633611151034
947,trait_volume,-8,-0.8,0.08641073297370003
947,trait_dispersion,-8,-0.8,0.08641073297370003
947,rao_q,-8,-0.8,0.08641073297370003
947,feve,10,1,0.02748633611151034
947,fdiv,8,0.8,0.08641073297370003
948,corrected_richness,10,1,0.02748633611151034
948,shannon,10,1,0.02748633611151034
948,inv_simpson,10,1,0.02748633611151034
948,trait_volume,-8,-0.8,0.08641073297370003
948,trait_dispersion,-8,-0.8,0.08641073297370003
948,rao_q,-8,-0.8,0.08641073297370003
948,feve,10,1,0.02748633611151034
948,fdiv,10,1,0.02748633611151034
949,corrected_richness,10,1,0.02748633611151034
949,shannon,10,1,0.02748633611151034
949,inv_simpson,10,1,0.02748633611151034
949,trait_volume,-8,-0.8,0.08641073297370003
949,trait_dispersion,-8,-0.8,0.08641073297370003
949,rao_q,-8,-0.8,0.08641073297370003
949,feve,10,1,0.02748633611151034
949,fdiv,8,0.8,0.08641073297370003
950,corrected_richness,10,1,0.02748633611151034
950,shannon,10,1,0.02748633611151034
950,inv_simpson,10,1,0.02748633611151034
950,trait_volume,-8,-0.8,0.08641073297370003
950,trait_dispersion,-8,-0.8,0.08641073297370003
950,rao_q,-8,-0.8,0.08641073297370003
950,feve,10,1,0.02748633611151034
950,fdiv,10,1,0.02748633611151034
951,corrected_richness,10,1,0.02748633611151034
951,shannon,10,1,0.02748633611151034
951,inv_simpson,10,1,0.02748633611151034
951,trait_volume,-8,-0.8,0.08641073297370003
951,trait_dispersion,-8,-0.8,0.08641073297370003
951,rao_q,-8,-0.8,0.08641073297370003
951,feve,10,1,0.02748633611151034
951,fdiv,10,1,0.02748633611151034
952,corrected_richness,10,1,0.02748633611151034
952,shannon,10,1,0.02748633611151034
952,inv_simpson,10,1,0.02748633611151034
952,trait_volume,-8,-0.8,0.08641073297370003
952,trait_dispersion,-8,-0.8,0.08641073297370003
952,rao_q,-8,-0.8,0.08641073297370003
952,feve,10,1,0.02748633611151034
952,fdiv,10,1,0.02748633611151034
953,corrected_richness,10,1,0.02748633611151034
953,shannon,10,1,0.02748633611151034
953,inv_simpson,10,1,0.02748633611151034
953,trait_volume,-8,-0.8,0.08641073297370003
953,trait_dispersion,-8,-0.8,0.08641073297370003
953,rao_q,-8,-0.8,0.08641073297370003
953,feve,10,1,0.02748633611151034
953,fdiv,10,1,0.02748633611151034
955,corrected_richness,10,1,0.02748633611151034
955,shannon,10,1,0.02748633611151034
955,inv_simpson,10,1,0.02748633611151034
955,trait_volume,-10,-1,0.02748633611151034
955,trait_dispersion,-10,-1,0.02748633611151034
955,rao_q,-10,-1,0.02748633611151034
955,feve,10,1,0.02748633611151034
955,fdiv,10,1,0.02748633611151034
956,corrected_richness,10,1,0.02748633611151034
956,shannon,10,1,0.02748633611151034
956,inv_simpson,10,1,0.02748633611151034
956,trait_volume,-10,-1,0.02748633611151034
956,trait_dispersion,-10,-1,0.02748633611151034
956,rao_q,-10,-1,0.02748633611151034
956,feve,10,1,0.02748633611151034
956,fdiv,10,1,0.02748633611151034
985,corrected_richness,10,1,0.02748633611151034
985,shannon,10,1,0.02748633611151034
985,inv_simpson,10,1,0.02748633611151034
985,trait_volume,-6,-0.6,0.2206713619198468
985,trait_dispersion,-6,-0.6,0.2206713619198468
985,rao_q,-6,-0.6,0.2206713619198468
985,feve,8,0.8,0.08641073297370003
985,fdiv,6,0.6,0.2206713619198468
986,corrected_richness,10,1,0.02748633611151034
986,shannon,10,1,0.02748633611151034
986,inv_simpson,10,1,0.02748633611151034
986,trait_volume,-6,-0.6,0.2206713619198468
986,trait_dispersion,-6,-0.6,0.2206713619198468
986,rao_q,-6,-0.6,0.2206713619198468
986,feve,8,0.8,0.08641073297370003
986,fdiv,6,0.6,0.2206713619198468
987,corrected_richness,10,1,0.02748633611151034
987,shannon,10,1,0.02748633611151034
987,inv_simpson,10,1,0.02748633611151034
987,trait_volume,-4,-0.4,0.4624327264504763
987,trait_dispersion,-4,-0.4,0.4624327264504763
987,rao_q,-2,-0.2,0.8064959405073402
987,feve,8,0.8,0.08641073297370003
987,fdiv,0,0,1
988,corrected_richness,10,1,0.02748633611151034
988,shannon,10,1,0.02748633611151034
988,inv_simpson,10,1,0.02748633611151034
988,trait_volume,-2,-0.2,0.8064959405073402
988,trait_dispersion,0,0,1
988,rao_q,2,0.2,0.8064959405073402
988,feve,10,1,0.02748633611151034
988,fdiv,0,0,1
989,corrected_richness,10,1,0.02748633611151034
989,shannon,10,1,0.02748633611151034
989,inv_simpson,10,1,0.02748633611151034
989,trait_volume,-2,-0.2,0.8064959405073402
989,trait_dispersion,0,0,1
989,rao_q,2,0.2,0.8064959405073402
989,feve,8,0.8,0.08641073297370003
989,fdiv,0,0,1
991,corrected_richness,10,1,0.02748633611151034
991,shannon,10,1,0.02748633611151034
991,inv_simpson,10,1,0.02748633611151034
991,trait_volume,-2,-0.2,0.8064959405073402
991,trait_dispersion,2,0.2,0.8064959405073402
991,rao_q,4,0.4,0.4624327264504763
991,feve,8,0.8,0.08641073297370003
991,fdiv,-4,-0.4,0.4624327264504763
992,corrected_richness,10,1,0.02748633611151034
992,shannon,10,1,0.02748633611151034
992,inv_simpson,10,1,0.02748633611151034
992,trait_volume,-4,-0.4,0.4624327264504763
992,trait_dispersion,-2,-0.2,0.8064959405073402
992,rao_q,4,0.4,0.4624327264504763
992,feve,8,0.8,0.08641073297370003
992,fdiv,0,0,1
993,corrected_richness,10,1,0.02748633611151034
993,shannon,10,1,0.02748633611151034
993,inv_simpson,10,1,0.02748633611151034
993,trait_volume,-4,-0.4,0.4624327264504763
993,trait_dispersion,-2,-0.2,0.8064959405073402
993,rao_q,-2,-0.2,0.8064959405073402
993,feve,8,0.8,0.08641073297370003
993,fdiv,0,0,1
994,corrected_richness,10,1,0.02748633611151034
994,shannon,10,1,0.02748633611151034
994,inv_simpson,10,1,0.02748633611151034
994,trait_volume,-6,-0.6,0.2206713619198468
994,trait_dispersion,-4,-0.4,0.4624327264504763
994,rao_q,-4,-0.4,0.4624327264504763
994,feve,8,0.8,0.08641073297370003
994,fdiv,-2,-0.2,0.8064959405073402
995,corrected_richness,10,1,0.02748633611151034
995,shannon,10,1,0.02748633611151034
995,inv_simpson,10,1,0.02748633611151034
995,trait_volume,-6,-0.6,0.2206713619198468
995,trait_dispersion,-6,-0.6,0.2206713619198468
995,rao_q,-6,-0.6,0.2206713619198468
995,feve,8,0.8,0.08641073297370003
995,fdiv,0,0,1
996,corrected_richness,10,1,0.02748633611151034
996,shannon,10,1,0.02748633611151034
996,inv_simpson,10,1,0.02748633611151034
996,trait_volume,-8,-0.8,0.08641073297370003
996,trait_dispersion,-8,-0.8,0.08641073297370003
996,rao_q,-8,-0.8,0.08641073297370003
996,feve,8,0.8,0.08641073297370003
996,fdiv,0,0,1
997,corrected_richness,10,1,0.02748633611151034
997,shannon,10,1,0.02748633611151034
997,inv_simpson,10,1,0.02748633611151034
997,trait_volume,-10,-1,0.02748633611151034
997,trait_dispersion,-10,-1,0.02748633611151034
997,rao_q,-10,-1,0.02748633611151034
997,feve,10,1,0.02748633611151034
997,fdiv,8,0.8,0.08641073297370003
999,corrected_richness,10,1,0.02748633611151034
999,shannon,10,1,0.02748633611151034
999,inv_simpson,10,1,0.02748633611151034
999,trait_volume,-10,-1,0.02748633611151034
999,trait_dispersion,-10,-1,0.02748633611151034
999,rao_q,-10,-1,0.02748633611151034
999,feve,6,0.6,0.2206713619198468
999,fdiv,8,0.8,0.08641073297370003
1001,corrected_richness,10,1,0.02748633611151034
1001,shannon,10,1,0.02748633611151034
1001,inv_simpson,10,1,0.02748633611151034
1001,trait_volume,-10,-1,0.02748633611151034
1001,trait_dispersion,-10,-1,0.02748633611151034
1001,rao_q,-8,-0.8,0.08641073297370003
1001,feve,10,1,0.02748633611151034
1001,fdiv,8,0.8,0.08641073297370003
1002,corrected_richness,10,1,0.02748633611151034
1002,shannon,10,1,0.02748633611151034
1002,inv_simpson,10,1,0.02748633611151034
1002,trait_volume,-8,-0.8,0.08641073297370003
1002,trait_dispersion,-8,-0.8,0.08641073297370003
1002,rao_q,-8,-0.8,0.08641073297370003
1002,feve,8,0.8,0.08641073297370003
1002,fdiv,2,0.2,0.8064959405073402
1003,corrected_richness,10,1,0.02748633611151034
1003,shannon,10,1,0.02748633611151034
1003,inv_simpson,10,1,0.02748633611151034
1003,trait_volume,-8,-0.8,0.08641073297370003
1003,trait_dispersion,-8,-0.8,0.08641073297370003
1003,rao_q,-8,-0.8,0.08641073297370003
1003,feve,8,0.8,0.08641073297370003
1003,fdiv,0,0,1
1018,corrected_richness,10,1,0.02748633611151034
1018,shannon,10,1,0.02748633611151034
1018,inv_simpson,10,1,0.02748633611151034
1018,trait_volume,-8,-0.8,0.08641073297370003
1018,trait_dispersion,-8,-0.8,0.08641073297370003
1018,rao_q,-8,-0.8,0.08641073297370003
1018,feve,10,1,0.02748633611151034
1018,fdiv,8,0.8,0.08641073297370003
1019,corrected_richness,10,1,0.02748633611151034
1019,shannon,10,1,0.02748633611151034
1019,inv_simpson,10,1,0.02748633611151034
1019,trait_volume,-8,-0.8,0.08641073297370003
1019,trait_dispersion,-8,-0.8,0.08641073297370003
1019,rao_q,-8,-0.8,0.08641073297370003
1019,feve,10,1,0.02748633611151034
1019,fdiv,8,0.8,0.08641073297370003
1021,corrected_richness,10,1,0.02748633611151034
1021,shannon,10,1,0.02748633611151034
1021,inv_simpson,10,1,0.02748633611151034
1021,trait_volume,-6,-0.6,0.2206713619198468
1021,trait_dispersion,-6,-0.6,0.2206713619198468
1021,rao_q,-6,-0.6,0.2206713619198468
1021,feve,10,1,0.02748633611151034
1021,fdiv,10,1,0.02748633611151034
1022,corrected_richness,10,1,0.02748633611151034
1022,shannon,10,1,0.02748633611151034
1022,inv_simpson,10,1,0.02748633611151034
1022,trait_volume,-6,-0.6,0.2206713619198468
1022,trait_dispersion,-6,-0.6,0.2206713619198468
1022,rao_q,-4,-0.4,0.4624327264504763
1022,feve,10,1,0.02748633611151034
1022,fdiv,10,1,0.02748633611151034
1023,corrected_richness,10,1,0.02748633611151034
1023,shannon,10,1,0.02748633611151034
1023,inv_simpson,10,1,0.02748633611151034
1023,trait_volume,-6,-0.6,0.2206713619198468
1023,trait_dispersion,-6,-0.6,0.2206713619198468
1023,rao_q,-6,-0.6,0.2206713619198468
1023,feve,10,1,0.02748633611151034
1023,fdiv,10,1,0.02748633611151034
1025,corrected_richness,10,1,0.02748633611151034
1025,shannon,10,1,0.02748633611151034
1025,inv_simpson,10,1,0.02748633611151034
1025,trait_volume,-6,-0.6,0.2206713619198468
1025,trait_dispersion,-6,-0.6,0.2206713619198468
1025,rao_q,-6,-0.6,0.2206713619198468
1025,feve,10,1,0.02748633611151034
1025,fdiv,10,1,0.02748633611151034
1027,corrected_richness,10,1,0.02748633611151034
1027,shannon,10,1,0.02748633611151034
1027,inv_simpson,10,1,0.02748633611151034
1027,trait_volume,-6,-0.6,0.2206713619198468
1027,trait_dispersion,-6,-0.6,0.2206713619198468
1027,rao_q,-6,-0.6,0.2206713619198468
1027,feve,10,1,0.02748633611151034
1027,fdiv,10,1,0.02748633611151034
1028,corrected_richness,10,1,0.02748633611151034
1028,shannon,10,1,0.02748633611151034
1028,inv_simpson,10,1,0.02748633611151034
1028,trait_volume,-6,-0.6,0.2206713619198468
1028,trait_dispersion,-6,-0.6,0.2206713619198468
1028,rao_q,-6,-0.6,0.2206713619198468
1028,feve,10,1,0.02748633611151034
1028,fdiv,10,1,0.02748633611151034
1029,corrected_richness,10,1,0.02748633611151034
1029,shannon,10,1,0.02748633611151034
1029,inv_simpson,10,1,0.02748633611151034
1029,trait_volume,-6,-0.6,0.2206713619198468
1029,trait_dispersion,-6,-0.6,0.2206713619198468
1029,rao_q,-6,-0.6,0.2206713619198468
1029,feve,10,1,0.02748633611151034
1029,fdiv,8,0.8,0.08641073297370003
1055,corrected_richness,10,1,0.02748633611151034
1055,shannon,10,1,0.02748633611151034
1055,inv_simpson,10,1,0.02748633611151034
1055,trait_volume,-6,-0.6,0.2206713619198468
1055,trait_dispersion,-6,-0.6,0.2206713619198468
1055,rao_q,-6,-0.6,0.2206713619198468
1055,feve,10,1,0.02748633611151034
1055,fdiv,0,0,1
1057,corrected_richness,10,1,0.02748633611151034
1057,shannon,10,1,0.02748633611151034
1057,inv_simpson,10,1,0.02748633611151034
1057,trait_volume,-6,-0.6,0.2206713619198468
1057,trait_dispersion,-4,-0.4,0.4624327264504763
1057,rao_q,-4,-0.4,0.4624327264504763
1057,feve,10,1,0.02748633611151034
1057,fdiv,2,0.2,0.8064959405073402
1058,corrected_richness,10,1,0.02748633611151034
1058,shannon,10,1,0.02748633611151034
1058,inv_simpson,10,1,0.02748633611151034
1058,trait_volume,-6,-0.6,0.2206713619198468
1058,trait_dispersion,-4,-0.4,0.4624327264504763
1058,rao_q,-4,-0.4,0.4624327264504763
1058,feve,8,0.8,0.08641073297370003
1058,fdiv,4,0.4,0.4624327264504763
1061,corrected_richness,10,1,0.02748633611151034
1061,shannon,10,1,0.02748633611151034
1061,inv_simpson,10,1,0.02748633611151034
1061,trait_volume,-4,-0.4,0.4624327264504763
1061,trait_dispersion,-2,-0.2,0.8064959405073402
1061,rao_q,0,0,1
1061,feve,10,1,0.02748633611151034
1061,fdiv,2,0.2,0.8064959405073402
1063,corrected_richness,10,1,0.02748633611151034
1063,shannon,10,1,0.02748633611151034
1063,inv_simpson,10,1,0.02748633611151034
1063,trait_volume,0,0,1
1063,trait_dispersion,2,0.2,0.8064959405073402
1063,rao_q,4,0.4,0.4624327264504763
1063,feve,10,1,0.02748633611151034
1063,fdiv,0,0,1
1064,corrected_richness,10,1,0.02748633611151034
1064,shannon,10,1,0.02748633611151034
1064,inv_simpson,10,1,0.02748633611151034
1064,trait_volume,-8,-0.8,0.08641073297370003
1064,trait_dispersion,-6,-0.6,0.2206713619198468
1064,rao_q,-8,-0.8,0.08641073297370003
1064,feve,8,0.8,0.08641073297370003
1064,fdiv,2,0.2,0.8064959405073402
1065,corrected_richness,10,1,0.02748633611151034
1065,shannon,10,1,0.02748633611151034
1065,inv_simpson,10,1,0.02748633611151034
1065,trait_volume,-8,-0.8,0.08641073297370003
1065,trait_dispersion,-8,-0.8,0.08641073297370003
1065,rao_q,-8,-0.8,0.08641073297370003
1065,feve,8,0.8,0.08641073297370003
1065,fdiv,6,0.6,0.2206713619198468
1066,corrected_richness,10,1,0.02748633611151034
1066,shannon,10,1,0.02748633611151034
1066,inv_simpson,10,1,0.02748633611151034
1066,trait_volume,-8,-0.8,0.08641073297370003
1066,trait_dispersion,-8,-0.8,0.08641073297370003
1066,rao_q,-8,-0.8,0.08641073297370003
1066,feve,8,0.8,0.08641073297370003
1066,fdiv,4,0.4,0.4624327264504763
1068,corrected_richness,10,1,0.02748633611151034
1068,shannon,10,1,0.02748633611151034
1068,inv_simpson,10,1,0.02748633611151034
1068,trait_volume,-6,-0.6,0.2206713619198468
1068,trait_dispersion,-6,-0.6,0.2206713619198468
1068,rao_q,-4,-0.4,0.4624327264504763
1068,feve,8,0.8,0.08641073297370003
1068,fdiv,-2,-0.2,0.8064959405073402
1069,corrected_richness,10,1,0.02748633611151034
1069,shannon,10,1,0.02748633611151034
1069,inv_simpson,10,1,0.02748633611151034
1069,trait_volume,-6,-0.6,0.2206713619198468
1069,trait_dispersion,-6,-0.6,0.2206713619198468
1069,rao_q,-6,-0.6,0.2206713619198468
1069,feve,8,0.8,0.08641073297370003
1069,fdiv,0,0,1
1070,corrected_richness,10,1,0.02748633611151034
1070,shannon,10,1,0.02748633611151034
1070,inv_simpson,10,1,0.02748633611151034
1070,trait_volume,-6,-0.6,0.2206713619198468
1070,trait_dispersion,-6,-0.6,0.2206713619198468
1070,rao_q,-6,-0.6,0.2206713619198468
1070,feve,8,0.8,0.08641073297370003
1070,fdiv,0,0,1
1073,corrected_richness,10,1,0.02748633611151034
1073,shannon,10,1,0.02748633611151034
1073,inv_simpson,10,1,0.02748633611151034
1073,trait_volume,-10,-1,0.02748633611151034
1073,trait_dispersion,-10,-1,0.02748633611151034
1073,rao_q,-8,-0.8,0.08641073297370003
1073,feve,8,0.8,0.08641073297370003
1073,fdiv,2,0.2,0.8064959405073402
1075,corrected_richness,10,1,0.02748633611151034
1075,shannon,10,1,0.02748633611151034
1075,inv_simpson,10,1,0.02748633611151034
1075,trait_volume,-10,-1,0.02748633611151034
1075,trait_dispersion,-10,-1,0.02748633611151034
1075,rao_q,-8,-0.8,0.08641073297370003
1075,feve,8,0.8,0.08641073297370003
1075,fdiv,4,0.4,0.4624327264504763
1076,corrected_richness,10,1,0.02748633611151034
1076,shannon,10,1,0.02748633611151034
1076,inv_simpson,10,1,0.02748633611151034
1076,trait_volume,-10,-1,0.02748633611151034
1076,trait_dispersion,-10,-1,0.02748633611151034
1076,rao_q,-8,-0.8,0.08641073297370003
1076,feve,8,0.8,0.08641073297370003
1076,fdiv,0,0,1
1089,corrected_richness,10,1,0.02748633611151034
1089,shannon,10,1,0.02748633611151034
1089,inv_simpson,10,1,0.02748633611151034
1089,trait_volume,-8,-0.8,0.08641073297370003
1089,trait_dispersion,-8,-0.8,0.08641073297370003
1089,rao_q,-6,-0.6,0.2206713619198468
1089,feve,10,1,0.02748633611151034
1089,fdiv,10,1,0.02748633611151034
1090,corrected_richness,10,1,0.02748633611151034
1090,shannon,10,1,0.02748633611151034
1090,inv_simpson,10,1,0.02748633611151034
1090,trait_volume,-10,-1,0.02748633611151034
1090,trait_dispersion,-8,-0.8,0.08641073297370003
1090,rao_q,-8,-0.8,0.08641073297370003
1090,feve,10,1,0.02748633611151034
1090,fdiv,10,1,0.02748633611151034
1091,corrected_richness,10,1,0.02748633611151034
1091,shannon,10,1,0.02748633611151034
1091,inv_simpson,10,1,0.02748633611151034
1091,trait_volume,-10,-1,0.02748633611151034
1091,trait_dispersion,-10,-1,0.02748633611151034
1091,rao_q,-10,-1,0.02748633611151034
1091,feve,10,1,0.02748633611151034
1091,fdiv,10,1,0.02748633611151034
1092,corrected_richness,10,1,0.02748633611151034
1092,shannon,10,1,0.02748633611151034
1092,inv_simpson,10,1,0.02748633611151034
1092,trait_volume,-10,-1,0.02748633611151034
1092,trait_dispersion,-10,-1,0.02748633611151034
1092,rao_q,-10,-1,0.02748633611151034
1092,feve,10,1,0.02748633611151034
1092,fdiv,10,1,0.02748633611151034
1093,corrected_richness,10,1,0.02748633611151034
1093,shannon,10,1,0.02748633611151034
1093,inv_simpson,10,1,0.02748633611151034
1093,trait_volume,-10,-1,0.02748633611151034
1093,trait_dispersion,-10,-1,0.02748633611151034
1093,rao_q,-10,-1,0.02748633611151034
1093,feve,10,1,0.02748633611151034
1093,fdiv,8,0.8,0.08641073297370003
1094,corrected_richness,10,1,0.02748633611151034
1094,shannon,10,1,0.02748633611151034
1094,inv_simpson,10,1,0.02748633611151034
1094,trait_volume,-10,-1,0.02748633611151034
1094,trait_dispersion,-10,-1,0.02748633611151034
1094,rao_q,-10,-1,0.02748633611151034
1094,feve,10,1,0.02748633611151034
1094,fdiv,8,0.8,0.08641073297370003
1095,corrected_richness,10,1,0.02748633611151034
1095,shannon,10,1,0.02748633611151034
1095,inv_simpson,10,1,0.02748633611151034
1095,trait_volume,-10,-1,0.02748633611151034
1095,trait_dispersion,-10,-1,0.02748633611151034
1095,rao_q,-10,-1,0.02748633611151034
1095,feve,10,1,0.02748633611151034
1095,fdiv,8,0.8,0.08641073297370003
1096,corrected_richness,10,1,0.02748633611151034
1096,shannon,10,1,0.02748633611151034
1096,inv_simpson,10,1,0.02748633611151034
1096,trait_volume,-10,-1,0.02748633611151034
1096,trait_dispersion,-10,-1,0.02748633611151034
1096,rao_q,-10,-1,0.02748633611151034
1096,feve,10,1,0.02748633611151034
1096,fdiv,8,0.8,0.08641073297370003
1097,corrected_richness,10,1,0.02748633611151034
1097,shannon,10,1,0.02748633611151034
1097,inv_simpson,10,1,0.02748633611151034
1097,trait_volume,-10,-1,0.02748633611151034
1097,trait_dispersion,-10,-1,0.02748633611151034
1097,rao_q,-10,-1,0.02748633611151034
1097,feve,10,1,0.02748633611151034
1097,fdiv,8,0.8,0.08641073297370003
1098,corrected_richness,10,1,0.02748633611151034
1098,shannon,10,1,0.02748633611151034
1098,inv_simpson,10,1,0.02748633611151034
1098,trait_volume,-10,-1,0.02748633611151034
1098,trait_dispersion,-10,-1,0.02748633611151034
1098,rao_q,-10,-1,0.02748633611151034
1098,feve,10,1,0.02748633611151034
1098,fdiv,10,1,0.02748633611151034
1100,corrected_richness,10,1,0.02748633611151034
1100,shannon,10,1,0.02748633611151034
1100,inv_simpson,10,1,0.02748633611151034
1100,trait_volume,-8,-0.8,0.08641073297370003
1100,trait_dispersion,-8,-0.8,0.08641073297370003
1100,rao_q,-8,-0.8,0.08641073297370003
1100,feve,10,1,0.02748633611151034
1100,fdiv,8,0.8,0.08641073297370003
1101,corrected_richness,10,1,0.02748633611151034
1101,shannon,10,1,0.02748633611151034
1101,inv_simpson,10,1,0.02748633611151034
1101,trait_volume,-8,-0.8,0.08641073297370003
1101,trait_dispersion,-8,-0.8,0.08641073297370003
1101,rao_q,-8,-0.8,0.08641073297370003
1101,feve,10,1,0.02748633611151034
1101,fdiv,8,0.8,0.08641073297370003
1103,corrected_richness,10,1,0.02748633611151034
1103,shannon,10,1,0.02748633611151034
1103,inv_simpson,10,1,0.02748633611151034
1103,trait_volume,-10,-1,0.02748633611151034
1103,trait_dispersion,-10,-1,0.02748633611151034
1103,rao_q,-10,-1,0.02748633611151034
1103,feve,10,1,0.02748633611151034
1103,fdiv,10,1,0.02748633611151034
1126,corrected_richness,10,1,0.02748633611151034
1126,shannon,10,1,0.02748633611151034
1126,inv_simpson,10,1,0.02748633611151034
1126,trait_volume,-6,-0.6,0.2206713619198468
1126,trait_dispersion,-6,-0.6,0.2206713619198468
1126,rao_q,-6,-0.6,0.2206713619198468
1126,feve,8,0.8,0.08641073297370003
1126,fdiv,6,0.6,0.2206713619198468
1127,corrected_richness,10,1,0.02748633611151034
1127,shannon,10,1,0.02748633611151034
1127,inv_simpson,10,1,0.02748633611151034
1127,trait_volume,-6,-0.6,0.2206713619198468
1127,trait_dispersion,-6,-0.6,0.2206713619198468
1127,rao_q,-6,-0.6,0.2206713619198468
1127,feve,8,0.8,0.08641073297370003
1127,fdiv,6,0.6,0.2206713619198468
1128,corrected_richness,10,1,0.02748633611151034
1128,shannon,10,1,0.02748633611151034
1128,inv_simpson,10,1,0.02748633611151034
1128,trait_volume,-6,-0.6,0.2206713619198468
1128,trait_dispersion,-6,-0.6,0.2206713619198468
1128,rao_q,-6,-0.6,0.2206713619198468
1128,feve,8,0.8,0.08641073297370003
1128,fdiv,4,0.4,0.4624327264504763
1129,corrected_richness,10,1,0.02748633611151034
1129,shannon,10,1,0.02748633611151034
1129,inv_simpson,10,1,0.02748633611151034
1129,trait_volume,-6,-0.6,0.2206713619198468
1129,trait_dispersion,-6,-0.6,0.2206713619198468
1129,rao_q,-4,-0.4,0.4624327264504763
1129,feve,8,0.8,0.08641073297370003
1129,fdiv,2,0.2,0.8064959405073402
1130,corrected_richness,10,1,0.02748633611151034
1130,shannon,10,1,0.02748633611151034
1130,inv_simpson,10,1,0.02748633611151034
1130,trait_volume,-6,-0.6,0.2206713619198468
1130,trait_dispersion,-4,-0.4,0.4624327264504763
1130,rao_q,-2,-0.2,0.8064959405073402
1130,feve,6,0.6,0.2206713619198468
1130,fdiv,-2,-0.2,0.8064959405073402
1131,corrected_richness,10,1,0.02748633611151034
1131,shannon,10,1,0.02748633611151034
1131,inv_simpson,10,1,0.02748633611151034
1131,trait_volume,-4,-0.4,0.4624327264504763
1131,trait_dispersion,0,0,1
1131,rao_q,2,0.2,0.8064959405073402
1131,feve,10,1,0.02748633611151034
1131,fdiv,-2,-0.2,0.8064959405073402
1133,corrected_richness,10,1,0.02748633611151034
1133,shannon,10,1,0.02748633611151034
1133,inv_simpson,10,1,0.02748633611151034
1133,trait_volume,-4,-0.4,0.4624327264504763
1133,trait_dispersion,-2,-0.2,0.8064959405073402
1133,rao_q,-4,-0.4,0.4624327264504763
1133,feve,8,0.8,0.08641073297370003
1133,fdiv,-2,-0.2,0.8064959405073402
1134,corrected_richness,10,1,0.02748633611151034
1134,shannon,10,1,0.02748633611151034
1134,inv_simpson,10,1,0.02748633611151034
1134,trait_volume,-6,-0.6,0.2206713619198468
1134,trait_dispersion,-4,-0.4,0.4624327264504763
1134,rao_q,-4,-0.4,0.4624327264504763
1134,feve,8,0.8,0.08641073297370003
1134,fdiv,-2,-0.2,0.8064959405073402
1137,corrected_richness,10,1,0.02748633611151034
1137,shannon,10,1,0.02748633611151034
1137,inv_simpson,10,1,0.02748633611151034
1137,trait_volume,-8,-0.8,0.08641073297370003
1137,trait_dispersion,-6,-0.6,0.2206713619198468
1137,rao_q,-8,-0.8,0.08641073297370003
1137,feve,10,1,0.02748633611151034
1137,fdiv,-2,-0.2,0.8064959405073402
1138,corrected_richness,10,1,0.02748633611151034
1138,shannon,10,1,0.02748633611151034
1138,inv_simpson,10,1,0.02748633611151034
1138,trait_volume,-8,-0.8,0.08641073297370003
1138,trait_dispersion,-8,-0.8,0.08641073297370003
1138,rao_q,-8,-0.8,0.08641073297370003
1138,feve,10,1,0.02748633611151034
1138,fdiv,0,0,1
1139,corrected_richness,10,1,0.02748633611151034
1139,shannon,10,1,0.02748633611151034
1139,inv_simpson,10,1,0.02748633611151034
1139,trait_volume,-8,-0.8,0.08641073297370003
1139,trait_dispersion,-8,-0.8,0.08641073297370003
1139,rao_q,-8,-0.8,0.08641073297370003
1139,feve,10,1,0.02748633611151034
1139,fdiv,0,0,1
1140,corrected_richness,10,1,0.02748633611151034
1140,shannon,10,1,0.02748633611151034
1140,inv_simpson,10,1,0.02748633611151034
1140,trait_volume,-8,-0.8,0.08641073297370003
1140,trait_dispersion,-8,-0.8,0.08641073297370003
1140,rao_q,-8,-0.8,0.08641073297370003
1140,feve,10,1,0.02748633611151034
1140,fdiv,0,0,1
1142,corrected_richness,10,1,0.02748633611151034
1142,shannon,10,1,0.02748633611151034
1142,inv_simpson,10,1,0.02748633611151034
1142,trait_volume,-10,-1,0.02748633611151034
1142,trait_dispersion,-10,-1,0.02748633611151034
1142,rao_q,-10,-1,0.02748633611151034
1142,feve,8,0.8,0.08641073297370003
1142,fdiv,8,0.8,0.08641073297370003
1143,corrected_richness,10,1,0.02748633611151034
1143,shannon,10,1,0.02748633611151034
1143,inv_simpson,10,1,0.02748633611151034
1143,trait_volume,-10,-1,0.02748633611151034
1143,trait_dispersion,-10,-1,0.02748633611151034
1143,rao_q,-10,-1,0.02748633611151034
1143,feve,8,0.8,0.08641073297370003
1143,fdiv,10,1,0.02748633611151034
1144,corrected_richness,10,1,0.02748633611151034
1144,shannon,10,1,0.02748633611151034
1144,inv_simpson,10,1,0.02748633611151034
1144,trait_volume,-10,-1,0.02748633611151034
1144,trait_dispersion,-10,-1,0.02748633611151034
1144,rao_q,-10,-1,0.02748633611151034
1144,feve,8,0.8,0.08641073297370003
1144,fdiv,10,1,0.02748633611151034
1145,corrected_richness,10,1,0.02748633611151034
1145,shannon,10,1,0.02748633611151034
1145,inv_simpson,10,1,0.02748633611151034
1145,trait_volume,-10,-1,0.02748633611151034
1145,trait_dispersion,-10,-1,0.02748633611151034
1145,rao_q,-10,-1,0.02748633611151034
1145,feve,10,1,0.02748633611151034
1145,fdiv,10,1,0.02748633611151034
1161,corrected_richness,10,1,0.02748633611151034
1161,shannon,10,1,0.02748633611151034
1161,inv_simpson,10,1,0.02748633611151034
1161,trait_volume,-10,-1,0.02748633611151034
1161,trait_dispersion,-8,-0.8,0.08641073297370003
1161,rao_q,-8,-0.8,0.08641073297370003
1161,feve,10,1,0.02748633611151034
1161,fdiv,8,0.8,0.08641073297370003
1162,corrected_richness,10,1,0.02748633611151034
1162,shannon,10,1,0.02748633611151034
1162,inv_simpson,10,1,0.02748633611151034
1162,trait_volume,-8,-0.8,0.08641073297370003
1162,trait_dispersion,-8,-0.8,0.08641073297370003
1162,rao_q,-8,-0.8,0.08641073297370003
1162,feve,10,1,0.02748633611151034
1162,fdiv,8,0.8,0.08641073297370003
1163,corrected_richness,10,1,0.02748633611151034
1163,shannon,10,1,0.02748633611151034
1163,inv_simpson,10,1,0.02748633611151034
1163,trait_volume,-8,-0.8,0.08641073297370003
1163,trait_dispersion,-8,-0.8,0.08641073297370003
1163,rao_q,-8,-0.8,0.08641073297370003
1163,feve,10,1,0.02748633611151034
1163,fdiv,8,0.8,0.08641073297370003
1164,corrected_richness,10,1,0.02748633611151034
1164,shannon,10,1,0.02748633611151034
1164,inv_simpson,10,1,0.02748633611151034
1164,trait_volume,-8,-0.8,0.08641073297370003
1164,trait_dispersion,-8,-0.8,0.08641073297370003
1164,rao_q,-8,-0.8,0.08641073297370003
1164,feve,10,1,0.02748633611151034
1164,fdiv,10,1,0.02748633611151034
1165,corrected_richness,10,1,0.02748633611151034
1165,shannon,10,1,0.02748633611151034
1165,inv_simpson,10,1,0.02748633611151034
1165,trait_volume,-6,-0.6,0.2206713619198468
1165,trait_dispersion,-6,-0.6,0.2206713619198468
1165,rao_q,-6,-0.6,0.2206713619198468
1165,feve,10,1,0.02748633611151034
1165,fdiv,10,1,0.02748633611151034
1166,corrected_richness,10,1,0.02748633611151034
1166,shannon,10,1,0.02748633611151034
1166,inv_simpson,10,1,0.02748633611151034
1166,trait_volume,-4,-0.4,0.4624327264504763
1166,trait_dispersion,-6,-0.6,0.2206713619198468
1166,rao_q,-4,-0.4,0.4624327264504763
1166,feve,10,1,0.02748633611151034
1166,fdiv,10,1,0.02748633611151034
1167,corrected_richness,10,1,0.02748633611151034
1167,shannon,10,1,0.02748633611151034
1167,inv_simpson,10,1,0.02748633611151034
1167,trait_volume,-6,-0.6,0.2206713619198468
1167,trait_dispersion,-6,-0.6,0.2206713619198468
1167,rao_q,-6,-0.6,0.2206713619198468
1167,feve,10,1,0.02748633611151034
1167,fdiv,8,0.8,0.08641073297370003
1168,corrected_richness,10,1,0.02748633611151034
1168,shannon,10,1,0.02748633611151034
1168,inv_simpson,10,1,0.02748633611151034
1168,trait_volume,-6,-0.6,0.2206713619198468
1168,trait_dispersion,-6,-0.6,0.2206713619198468
1168,rao_q,-6,-0.6,0.2206713619198468
1168,feve,10,1,0.02748633611151034
1168,fdiv,10,1,0.02748633611151034
1169,corrected_richness,10,1,0.02748633611151034
1169,shannon,10,1,0.02748633611151034
1169,inv_simpson,10,1,0.02748633611151034
1169,trait_volume,-6,-0.6,0.2206713619198468
1169,trait_dispersion,-8,-0.8,0.08641073297370003
1169,rao_q,-6,-0.6,0.2206713619198468
1169,feve,10,1,0.02748633611151034
1169,fdiv,10,1,0.02748633611151034
1170,corrected_richness,10,1,0.02748633611151034
1170,shannon,10,1,0.02748633611151034
1170,inv_simpson,10,1,0.02748633611151034
1170,trait_volume,-6,-0.6,0.2206713619198468
1170,trait_dispersion,-8,-0.8,0.08641073297370003
1170,rao_q,-6,-0.6,0.2206713619198468
1170,feve,10,1,0.02748633611151034
1170,fdiv,10,1,0.02748633611151034
1171,corrected_richness,10,1,0.02748633611151034
1171,shannon,10,1,0.02748633611151034
1171,inv_simpson,10,1,0.02748633611151034
1171,trait_volume,-6,-0.6,0.2206713619198468
1171,trait_dispersion,-8,-0.8,0.08641073297370003
1171,rao_q,-6,-0.6,0.2206713619198468
1171,feve,10,1,0.02748633611151034
1171,fdiv,10,1,0.02748633611151034
1172,corrected_richness,10,1,0.02748633611151034
1172,shannon,10,1,0.02748633611151034
1172,inv_simpson,10,1,0.02748633611151034
1172,trait_volume,-6,-0.6,0.2206713619198468
1172,trait_dispersion,-8,-0.8,0.08641073297370003
1172,rao_q,-6,-0.6,0.2206713619198468
1172,feve,10,1,0.02748633611151034
1172,fdiv,10,1,0.02748633611151034
1173,corrected_richness,10,1,0.02748633611151034
1173,shannon,10,1,0.02748633611151034
1173,inv_simpson,10,1,0.02748633611151034
1173,trait_volume,-6,-0.6,0.2206713619198468
1173,trait_dispersion,-8,-0.8,0.08641073297370003
1173,rao_q,-6,-0.6,0.2206713619198468
1173,feve,10,1,0.02748633611151034
1173,fdiv,10,1,0.02748633611151034
1175,corrected_richness,10,1,0.02748633611151034
1175,shannon,10,1,0.02748633611151034
1175,inv_simpson,10,1,0.02748633611151034
1175,trait_volume,-6,-0.6,0.2206713619198468
1175,trait_dispersion,-6,-0.6,0.2206713619198468
1175,rao_q,-6,-0.6,0.2206713619198468
1175,feve,10,1,0.02748633611151034
1175,fdiv,8,0.8,0.08641073297370003
1196,corrected_richness,10,1,0.02748633611151034
1196,shannon,10,1,0.02748633611151034
1196,inv_simpson,10,1,0.02748633611151034
1196,trait_volume,-6,-0.6,0.2206713619198468
1196,trait_dispersion,-8,-0.8,0.08641073297370003
1196,rao_q,-6,-0.6,0.2206713619198468
1196,feve,10,1,0.02748633611151034
1196,fdiv,8,0.8,0.08641073297370003
1197,corrected_richness,10,1,0.02748633611151034
1197,shannon,10,1,0.02748633611151034
1197,inv_simpson,10,1,0.02748633611151034
1197,trait_volume,-8,-0.8,0.08641073297370003
1197,trait_dispersion,-8,-0.8,0.08641073297370003
1197,rao_q,-6,-0.6,0.2206713619198468
1197,feve,10,1,0.02748633611151034
1197,fdiv,8,0.8,0.08641073297370003
1198,corrected_richness,10,1,0.02748633611151034
1198,shannon,10,1,0.02748633611151034
1198,inv_simpson,10,1,0.02748633611151034
1198,trait_volume,-6,-0.6,0.2206713619198468
1198,trait_dispersion,-8,-0.8,0.08641073297370003
1198,rao_q,-6,-0.6,0.2206713619198468
1198,feve,6,0.6,0.2206713619198468
1198,fdiv,8,0.8,0.08641073297370003
1199,corrected_richness,10,1,0.02748633611151034
1199,shannon,10,1,0.02748633611151034
1199,inv_simpson,10,1,0.02748633611151034
1199,trait_volume,-6,-0.6,0.2206713619198468
1199,trait_dispersion,-6,-0.6,0.2206713619198468
1199,rao_q,-6,-0.6,0.2206713619198468
1199,feve,4,0.4,0.4624327264504763
1199,fdiv,8,0.8,0.08641073297370003
1200,corrected_richness,10,1,0.02748633611151034
1200,shannon,10,1,0.02748633611151034
1200,inv_simpson,10,1,0.02748633611151034
1200,trait_volume,-6,-0.6,0.2206713619198468
1200,trait_dispersion,-6,-0.6,0.2206713619198468
1200,rao_q,-6,-0.6,0.2206713619198468
1200,feve,2,0.2,0.8064959405073402
1200,fdiv,8,0.8,0.08641073297370003
1201,corrected_richness,10,1,0.02748633611151034
1201,shannon,10,1,0.02748633611151034
1201,inv_simpson,10,1,0.02748633611151034
1201,trait_volume,-4,-0.4,0.4624327264504763
1201,trait_dispersion,-4,-0.4,0.4624327264504763
1201,rao_q,-4,-0.4,0.4624327264504763
1201,feve,10,1,0.02748633611151034
1201,fdiv,2,0.2,0.8064959405073402
1202,corrected_richness,10,1,0.02748633611151034
1202,shannon,10,1,0.02748633611151034
1202,inv_simpson,10,1,0.02748633611151034
1202,trait_volume,-4,-0.4,0.4624327264504763
1202,trait_dispersion,0,0,1
1202,rao_q,2,0.2,0.8064959405073402
1202,feve,10,1,0.02748633611151034
1202,fdiv,0,0,1
1203,corrected_richness,10,1,0.02748633611151034
1203,shannon,10,1,0.02748633611151034
1203,inv_simpson,10,1,0.02748633611151034
1203,trait_volume,-4,-0.4,0.4624327264504763
1203,trait_dispersion,-4,-0.4,0.4624327264504763
1203,rao_q,-4,-0.4,0.4624327264504763
1203,feve,8,0.8,0.08641073297370003
1203,fdiv,2,0.2,0.8064959405073402
1204,corrected_richness,10,1,0.02748633611151034
1204,shannon,10,1,0.02748633611151034
1204,inv_simpson,10,1,0.02748633611151034
1204,trait_volume,0,0,1
1204,trait_dispersion,0,0,1
1204,rao_q,2,0.2,0.8064959405073402
1204,feve,10,1,0.02748633611151034
1204,fdiv,-4,-0.4,0.4624327264504763
1205,corrected_richness,10,1,0.02748633611151034
1205,shannon,10,1,0.02748633611151034
1205,inv_simpson,10,1,0.02748633611151034
1205,trait_volume,-4,-0.4,0.4624327264504763
1205,trait_dispersion,0,0,1
1205,rao_q,0,0,1
1205,feve,10,1,0.02748633611151034
1205,fdiv,2,0.2,0.8064959405073402
1206,corrected_richness,10,1,0.02748633611151034
1206,shannon,10,1,0.02748633611151034
1206,inv_simpson,10,1,0.02748633611151034
1206,trait_volume,-4,-0.4,0.4624327264504763
1206,trait_dispersion,0,0,1
1206,rao_q,-2,-0.2,0.8064959405073402
1206,feve,10,1,0.02748633611151034
1206,fdiv,0,0,1
1207,corrected_richness,10,1,0.02748633611151034
1207,shannon,10,1,0.02748633611151034
1207,inv_simpson,10,1,0.02748633611151034
1207,trait_volume,-6,-0.6,0.2206713619198468
1207,trait_dispersion,-2,-0.2,0.8064959405073402
1207,rao_q,-4,-0.4,0.4624327264504763
1207,feve,10,1,0.02748633611151034
1207,fdiv,0,0,1
1208,corrected_richness,10,1,0.02748633611151034
1208,shannon,10,1,0.02748633611151034
1208,inv_simpson,10,1,0.02748633611151034
1208,trait_volume,-6,-0.6,0.2206713619198468
1208,trait_dispersion,-4,-0.4,0.4624327264504763
1208,rao_q,-4,-0.4,0.4624327264504763
1208,feve,10,1,0.02748633611151034
1208,fdiv,2,0.2,0.8064959405073402
1209,corrected_richness,10,1,0.02748633611151034
1209,shannon,10,1,0.02748633611151034
1209,inv_simpson,10,1,0.02748633611151034
1209,trait_volume,-8,-0.8,0.08641073297370003
1209,trait_dispersion,-6,-0.6,0.2206713619198468
1209,rao_q,-6,-0.6,0.2206713619198468
1209,feve,8,0.8,0.08641073297370003
1209,fdiv,2,0.2,0.8064959405073402
1210,corrected_richness,10,1,0.02748633611151034
1210,shannon,10,1,0.02748633611151034
1210,inv_simpson,10,1,0.02748633611151034
1210,trait_volume,-8,-0.8,0.08641073297370003
1210,trait_dispersion,-8,-0.8,0.08641073297370003
1210,rao_q,-8,-0.8,0.08641073297370003
1210,feve,8,0.8,0.08641073297370003
1210,fdiv,2,0.2,0.8064959405073402
1211,corrected_richness,10,1,0.02748633611151034
1211,shannon,10,1,0.02748633611151034
1211,inv_simpson,10,1,0.02748633611151034
1211,trait_volume,-8,-0.8,0.08641073297370003
1211,trait_dispersion,-6,-0.6,0.2206713619198468
1211,rao_q,-6,-0.6,0.2206713619198468
1211,feve,8,0.8,0.08641073297370003
1211,fdiv,-4,-0.4,0.4624327264504763
1212,corrected_richness,10,1,0.02748633611151034
1212,shannon,10,1,0.02748633611151034
1212,inv_simpson,10,1,0.02748633611151034
1212,trait_volume,-8,-0.8,0.08641073297370003
1212,trait_dispersion,-10,-1,0.02748633611151034
1212,rao_q,-8,-0.8,0.08641073297370003
1212,feve,8,0.8,0.08641073297370003
1212,fdiv,4,0.4,0.4624327264504763
1213,corrected_richness,10,1,0.02748633611151034
1213,shannon,10,1,0.02748633611151034
1213,inv_simpson,10,1,0.02748633611151034
1213,trait_volume,-8,-0.8,0.08641073297370003
1213,trait_dispersion,-6,-0.6,0.2206713619198468
1213,rao_q,-4,-0.4,0.4624327264504763
1213,feve,8,0.8,0.08641073297370003
1213,fdiv,-4,-0.4,0.4624327264504763
1214,corrected_richness,10,1,0.02748633611151034
1214,shannon,10,1,0.02748633611151034
1214,inv_simpson,10,1,0.02748633611151034
1214,trait_volume,-10,-1,0.02748633611151034
1214,trait_dispersion,-8,-0.8,0.08641073297370003
1214,rao_q,-8,-0.8,0.08641073297370003
1214,feve,6,0.6,0.2206713619198468
1214,fdiv,-2,-0.2,0.8064959405073402
1215,corrected_richness,10,1,0.02748633611151034
1215,shannon,10,1,0.02748633611151034
1215,inv_simpson,10,1,0.02748633611151034
1215,trait_volume,-10,-1,0.02748633611151034
1215,trait_dispersion,-10,-1,0.02748633611151034
1215,rao_q,-8,-0.8,0.08641073297370003
1215,feve,8,0.8,0.08641073297370003
1215,fdiv,0,0,1
1216,corrected_richness,10,1,0.02748633611151034
1216,shannon,10,1,0.02748633611151034
1216,inv_simpson,10,1,0.02748633611151034
1216,trait_volume,-10,-1,0.02748633611151034
1216,trait_dispersion,-10,-1,0.02748633611151034
1216,rao_q,-10,-1,0.02748633611151034
1216,feve,8,0.8,0.08641073297370003
1216,fdiv,4,0.4,0.4624327264504763
1234,corrected_richness,10,1,0.02748633611151034
1234,shannon,10,1,0.02748633611151034
1234,inv_simpson,10,1,0.02748633611151034
1234,trait_volume,-10,-1,0.02748633611151034
1234,trait_dispersion,-8,-0.8,0.08641073297370003
1234,rao_q,-8,-0.8,0.08641073297370003
1234,feve,10,1,0.02748633611151034
1234,fdiv,10,1,0.02748633611151034
1235,corrected_richness,10,1,0.02748633611151034
1235,shannon,10,1,0.02748633611151034
1235,inv_simpson,10,1,0.02748633611151034
1235,trait_volume,-10,-1,0.02748633611151034
1235,trait_dispersion,-10,-1,0.02748633611151034
1235,rao_q,-10,-1,0.02748633611151034
1235,feve,10,1,0.02748633611151034
1235,fdiv,10,1,0.02748633611151034
1236,corrected_richness,10,1,0.02748633611151034
1236,shannon,10,1,0.02748633611151034
1236,inv_simpson,10,1,0.02748633611151034
1236,trait_volume,-10,-1,0.02748633611151034
1236,trait_dispersion,-10,-1,0.02748633611151034
1236,rao_q,-10,-1,0.02748633611151034
1236,feve,10,1,0.02748633611151034
1236,fdiv,10,1,0.02748633611151034
1237,corrected_richness,10,1,0.02748633611151034
1237,shannon,10,1,0.02748633611151034
1237,inv_simpson,10,1,0.02748633611151034
1237,trait_volume,-10,-1,0.02748633611151034
1237,trait_dispersion,-10,-1,0.02748633611151034
1237,rao_q,-10,-1,0.02748633611151034
1237,feve,10,1,0.02748633611151034
1237,fdiv,10,1,0.02748633611151034
1238,corrected_richness,10,1,0.02748633611151034
1238,shannon,10,1,0.02748633611151034
1238,inv_simpson,10,1,0.02748633611151034
1238,trait_volume,-10,-1,0.02748633611151034
1238,trait_dispersion,-10,-1,0.02748633611151034
1238,rao_q,-10,-1,0.02748633611151034
1238,feve,10,1,0.02748633611151034
1238,fdiv,10,1,0.02748633611151034
1239,corrected_richness,10,1,0.02748633611151034
1239,shannon,10,1,0.02748633611151034
1239,inv_simpson,10,1,0.02748633611151034
1239,trait_volume,-10,-1,0.02748633611151034
1239,trait_dispersion,-10,-1,0.02748633611151034
1239,rao_q,-10,-1,0.02748633611151034
1239,feve,10,1,0.02748633611151034
1239,fdiv,8,0.8,0.08641073297370003
1240,corrected_richness,10,1,0.02748633611151034
1240,shannon,10,1,0.02748633611151034
1240,inv_simpson,10,1,0.02748633611151034
1240,trait_volume,-10,-1,0.02748633611151034
1240,trait_dispersion,-10,-1,0.02748633611151034
1240,rao_q,-10,-1,0.02748633611151034
1240,feve,10,1,0.02748633611151034
1240,fdiv,8,0.8,0.08641073297370003
1241,corrected_richness,10,1,0.02748633611151034
1241,shannon,10,1,0.02748633611151034
1241,inv_simpson,10,1,0.02748633611151034
1241,trait_volume,-10,-1,0.02748633611151034
1241,trait_dispersion,-10,-1,0.02748633611151034
1241,rao_q,-10,-1,0.02748633611151034
1241,feve,10,1,0.02748633611151034
1241,fdiv,8,0.8,0.08641073297370003
1242,corrected_richness,10,1,0.02748633611151034
1242,shannon,10,1,0.02748633611151034
1242,inv_simpson,10,1,0.02748633611151034
1242,trait_volume,-8,-0.8,0.08641073297370003
1242,trait_dispersion,-8,-0.8,0.08641073297370003
1242,rao_q,-8,-0.8,0.08641073297370003
1242,feve,10,1,0.02748633611151034
1242,fdiv,8,0.8,0.08641073297370003
1243,corrected_richness,10,1,0.02748633611151034
1243,shannon,10,1,0.02748633611151034
1243,inv_simpson,10,1,0.02748633611151034
1243,trait_volume,-10,-1,0.02748633611151034
1243,trait_dispersion,-10,-1,0.02748633611151034
1243,rao_q,-10,-1,0.02748633611151034
1243,feve,10,1,0.02748633611151034
1243,fdiv,10,1,0.02748633611151034
1244,corrected_richness,10,1,0.02748633611151034
1244,shannon,10,1,0.02748633611151034
1244,inv_simpson,10,1,0.02748633611151034
1244,trait_volume,-10,-1,0.02748633611151034
1244,trait_dispersion,-10,-1,0.02748633611151034
1244,rao_q,-10,-1,0.02748633611151034
1244,feve,10,1,0.02748633611151034
1244,fdiv,10,1,0.02748633611151034
1246,corrected_richness,10,1,0.02748633611151034
1246,shannon,10,1,0.02748633611151034
1246,inv_simpson,10,1,0.02748633611151034
1246,trait_volume,-10,-1,0.02748633611151034
1246,trait_dispersion,-10,-1,0.02748633611151034
1246,rao_q,-10,-1,0.02748633611151034
1246,feve,10,1,0.02748633611151034
1246,fdiv,10,1,0.02748633611151034
1247,corrected_richness,10,1,0.02748633611151034
1247,shannon,10,1,0.02748633611151034
1247,inv_simpson,10,1,0.02748633611151034
1247,trait_volume,-10,-1,0.02748633611151034
1247,trait_dispersion,-10,-1,0.02748633611151034
1247,rao_q,-10,-1,0.02748633611151034
1247,feve,10,1,0.02748633611151034
1247,fdiv,10,1,0.02748633611151034
1248,corrected_richness,10,1,0.02748633611151034
1248,shannon,10,1,0.02748633611151034
1248,inv_simpson,10,1,0.02748633611151034
1248,trait_volume,-10,-1,0.02748633611151034
1248,trait_dispersion,-10,-1,0.02748633611151034
1248,rao_q,-10,-1,0.02748633611151034
1248,feve,10,1,0.02748633611151034
1248,fdiv,10,1,0.02748633611151034
1249,corrected_richness,10,1,0.02748633611151034
1249,shannon,10,1,0.02748633611151034
1249,inv_simpson,10,1,0.02748633611151034
1249,trait_volume,-10,-1,0.02748633611151034
1249,trait_dispersion,-10,-1,0.02748633611151034
1249,rao_q,-10,-1,0.02748633611151034
1249,feve,10,1,0.02748633611151034
1249,fdiv,10,1,0.02748633611151034
1268,corrected_richness,10,1,0.02748633611151034
1268,shannon,10,1,0.02748633611151034
1268,inv_simpson,10,1,0.02748633611151034
1268,trait_volume,-6,-0.6,0.2206713619198468
1268,trait_dispersion,-2,-0.2,0.8064959405073402
1268,rao_q,-2,-0.2,0.8064959405073402
1268,feve,4,0.4,0.4624327264504763
1268,fdiv,-4,-0.4,0.4624327264504763
1269,corrected_richness,10,1,0.02748633611151034
1269,shannon,10,1,0.02748633611151034
1269,inv_simpson,10,1,0.02748633611151034
1269,trait_volume,-6,-0.6,0.2206713619198468
1269,trait_dispersion,-6,-0.6,0.2206713619198468
1269,rao_q,-6,-0.6,0.2206713619198468
1269,feve,4,0.4,0.4624327264504763
1269,fdiv,-2,-0.2,0.8064959405073402
1270,corrected_richness,10,1,0.02748633611151034
1270,shannon,10,1,0.02748633611151034
1270,inv_simpson,10,1,0.02748633611151034
1270,trait_volume,-6,-0.6,0.2206713619198468
1270,trait_dispersion,-4,-0.4,0.4624327264504763
1270,rao_q,-2,-0.2,0.8064959405073402
1270,feve,4,0.4,0.4624327264504763
1270,fdiv,-2,-0.2,0.8064959405073402
1271,corrected_richness,10,1,0.02748633611151034
1271,shannon,10,1,0.02748633611151034
1271,inv_simpson,10,1,0.02748633611151034
1271,trait_volume,-6,-0.6,0.2206713619198468
1271,trait_dispersion,-4,-0.4,0.4624327264504763
1271,rao_q,-2,-0.2,0.8064959405073402
1271,feve,4,0.4,0.4624327264504763
1271,fdiv,-2,-0.2,0.8064959405073402
1272,corrected_richness,10,1,0.02748633611151034
1272,shannon,10,1,0.02748633611151034
1272,inv_simpson,10,1,0.02748633611151034
1272,trait_volume,-4,-0.4,0.4624327264504763
1272,trait_dispersion,0,0,1
1272,rao_q,0,0,1
1272,feve,6,0.6,0.2206713619198468
1272,fdiv,-2,-0.2,0.8064959405073402
1273,corrected_richness,10,1,0.02748633611151034
1273,shannon,10,1,0.02748633611151034
1273,inv_simpson,10,1,0.02748633611151034
1273,trait_volume,-4,-0.4,0.4624327264504763
1273,trait_dispersion,-4,-0.4,0.4624327264504763
1273,rao_q,-2,-0.2,0.8064959405073402
1273,feve,6,0.6,0.2206713619198468
1273,fdiv,-2,-0.2,0.8064959405073402
1274,corrected_richness,10,1,0.02748633611151034
1274,shannon,10,1,0.02748633611151034
1274,inv_simpson,10,1,0.02748633611151034
1274,trait_volume,-6,-0.6,0.2206713619198468
1274,trait_dispersion,-4,-0.4,0.4624327264504763
1274,rao_q,-4,-0.4,0.4624327264504763
1274,feve,10,1,0.02748633611151034
1274,fdiv,-2,-0.2,0.8064959405073402
1275,corrected_richness,10,1,0.02748633611151034
1275,shannon,10,1,0.02748633611151034
1275,inv_simpson,10,1,0.02748633611151034
1275,trait_volume,-6,-0.6,0.2206713619198468
1275,trait_dispersion,-4,-0.4,0.4624327264504763
1275,rao_q,-2,-0.2,0.8064959405073402
1275,feve,10,1,0.02748633611151034
1275,fdiv,-2,-0.2,0.8064959405073402
1276,corrected_richness,10,1,0.02748633611151034
1276,shannon,10,1,0.02748633611151034
1276,inv_simpson,10,1,0.02748633611151034
1276,trait_volume,-6,-0.6,0.2206713619198468
1276,trait_dispersion,-4,-0.4,0.4624327264504763
1276,rao_q,-2,-0.2,0.8064959405073402
1276,feve,8,0.8,0.08641073297370003
1276,fdiv,-2,-0.2,0.8064959405073402
1277,corrected_richness,10,1,0.02748633611151034
1277,shannon,10,1,0.02748633611151034
1277,inv_simpson,10,1,0.02748633611151034
1277,trait_volume,-6,-0.6,0.2206713619198468
1277,trait_dispersion,-6,-0.6,0.2206713619198468
1277,rao_q,-6,-0.6,0.2206713619198468
1277,feve,8,0.8,0.08641073297370003
1277,fdiv,-2,-0.2,0.8064959405073402
1279,corrected_richness,10,1,0.02748633611151034
1279,shannon,10,1,0.02748633611151034
1279,inv_simpson,10,1,0.02748633611151034
1279,trait_volume,-8,-0.8,0.08641073297370003
1279,trait_dispersion,-6,-0.6,0.2206713619198468
1279,rao_q,-6,-0.6,0.2206713619198468
1279,feve,10,1,0.02748633611151034
1279,fdiv,-2,-0.2,0.8064959405073402
1280,corrected_richness,10,1,0.02748633611151034
1280,shannon,10,1,0.02748633611151034
1280,inv_simpson,10,1,0.02748633611151034
1280,trait_volume,-8,-0.8,0.08641073297370003
1280,trait_dispersion,-6,-0.6,0.2206713619198468
1280,rao_q,-8,-0.8,0.08641073297370003
1280,feve,10,1,0.02748633611151034
1280,fdiv,-2,-0.2,0.8064959405073402
1281,corrected_richness,10,1,0.02748633611151034
1281,shannon,10,1,0.02748633611151034
1281,inv_simpson,10,1,0.02748633611151034
1281,trait_volume,-8,-0.8,0.08641073297370003
1281,trait_dispersion,-8,-0.8,0.08641073297370003
1281,rao_q,-8,-0.8,0.08641073297370003
1281,feve,10,1,0.02748633611151034
1281,fdiv,0,0,1
1282,corrected_richness,10,1,0.02748633611151034
1282,shannon,10,1,0.02748633611151034
1282,inv_simpson,10,1,0.02748633611151034
1282,trait_volume,-8,-0.8,0.08641073297370003
1282,trait_dispersion,-8,-0.8,0.08641073297370003
1282,rao_q,-8,-0.8,0.08641073297370003
1282,feve,10,1,0.02748633611151034
1282,fdiv,-2,-0.2,0.8064959405073402
1283,corrected_richness,10,1,0.02748633611151034
1283,shannon,10,1,0.02748633611151034
1283,inv_simpson,10,1,0.02748633611151034
1283,trait_volume,-10,-1,0.02748633611151034
1283,trait_dispersion,-10,-1,0.02748633611151034
1283,rao_q,-8,-0.8,0.08641073297370003
1283,feve,10,1,0.02748633611151034
1283,fdiv,8,0.8,0.08641073297370003
1284,corrected_richness,10,1,0.02748633611151034
1284,shannon,10,1,0.02748633611151034
1284,inv_simpson,10,1,0.02748633611151034
1284,trait_volume,-10,-1,0.02748633611151034
1284,trait_dispersion,-10,-1,0.02748633611151034
1284,rao_q,-10,-1,0.02748633611151034
1284,feve,8,0.8,0.08641073297370003
1284,fdiv,8,0.8,0.08641073297370003
1286,corrected_richness,10,1,0.02748633611151034
1286,shannon,10,1,0.02748633611151034
1286,inv_simpson,10,1,0.02748633611151034
1286,trait_volume,-10,-1,0.02748633611151034
1286,trait_dispersion,-10,-1,0.02748633611151034
1286,rao_q,-10,-1,0.02748633611151034
1286,feve,10,1,0.02748633611151034
1286,fdiv,8,0.8,0.08641073297370003
1287,corrected_richness,10,1,0.02748633611151034
1287,shannon,10,1,0.02748633611151034
1287,inv_simpson,10,1,0.02748633611151034
1287,trait_volume,-10,-1,0.02748633611151034
1287,trait_dispersion,-10,-1,0.02748633611151034
1287,rao_q,-10,-1,0.02748633611151034
1287,feve,8,0.8,0.08641073297370003
1287,fdiv,8,0.8,0.08641073297370003
1288,corrected_richness,10,1,0.02748633611151034
1288,shannon,10,1,0.02748633611151034
1288,inv_simpson,10,1,0.02748633611151034
1288,trait_volume,-10,-1,0.02748633611151034
1288,trait_dispersion,-10,-1,0.02748633611151034
1288,rao_q,-10,-1,0.02748633611151034
1288,feve,10,1,0.02748633611151034
1288,fdiv,8,0.8,0.08641073297370003
1289,corrected_richness,10,1,0.02748633611151034
1289,shannon,10,1,0.02748633611151034
1289,inv_simpson,10,1,0.02748633611151034
1289,trait_volume,-10,-1,0.02748633611151034
1289,trait_dispersion,-10,-1,0.02748633611151034
1289,rao_q,-10,-1,0.02748633611151034
1289,feve,10,1,0.02748633611151034
1289,fdiv,8,0.8,0.08641073297370003
1305,corrected_richness,10,1,0.02748633611151034
1305,shannon,10,1,0.02748633611151034
1305,inv_simpson,10,1,0.02748633611151034
1305,trait_volume,-10,-1,0.02748633611151034
1305,trait_dispersion,-10,-1,0.02748633611151034
1305,rao_q,-10,-1,0.02748633611151034
1305,feve,10,1,0.02748633611151034
1305,fdiv,10,1,0.02748633611151034
1306,corrected_richness,10,1,0.02748633611151034
1306,shannon,10,1,0.02748633611151034
1306,inv_simpson,10,1,0.02748633611151034
1306,trait_volume,-10,-1,0.02748633611151034
1306,trait_dispersion,-10,-1,0.02748633611151034
1306,rao_q,-10,-1,0.02748633611151034
1306,feve,10,1,0.02748633611151034
1306,fdiv,10,1,0.02748633611151034
1307,corrected_richness,10,1,0.02748633611151034
1307,shannon,10,1,0.02748633611151034
1307,inv_simpson,10,1,0.02748633611151034
1307,trait_volume,-10,-1,0.02748633611151034
1307,trait_dispersion,-10,-1,0.02748633611151034
1307,rao_q,-10,-1,0.02748633611151034
1307,feve,10,1,0.02748633611151034
1307,fdiv,10,1,0.02748633611151034
1308,corrected_richness,10,1,0.02748633611151034
1308,shannon,10,1,0.02748633611151034
1308,inv_simpson,10,1,0.02748633611151034
1308,trait_volume,-10,-1,0.02748633611151034
1308,trait_dispersion,-10,-1,0.02748633611151034
1308,rao_q,-10,-1,0.02748633611151034
1308,feve,10,1,0.02748633611151034
1308,fdiv,10,1,0.02748633611151034
1309,corrected_richness,10,1,0.02748633611151034
1309,shannon,10,1,0.02748633611151034
1309,inv_simpson,10,1,0.02748633611151034
1309,trait_volume,-10,-1,0.02748633611151034
1309,trait_dispersion,-10,-1,0.02748633611151034
1309,rao_q,-10,-1,0.02748633611151034
1309,feve,10,1,0.02748633611151034
1309,fdiv,10,1,0.02748633611151034
1312,corrected_richness,10,1,0.02748633611151034
1312,shannon,10,1,0.02748633611151034
1312,inv_simpson,10,1,0.02748633611151034
1312,trait_volume,-6,-0.6,0.2206713619198468
1312,trait_dispersion,-6,-0.6,0.2206713619198468
1312,rao_q,-6,-0.6,0.2206713619198468
1312,feve,10,1,0.02748633611151034
1312,fdiv,10,1,0.02748633611151034
1313,corrected_richness,10,1,0.02748633611151034
1313,shannon,10,1,0.02748633611151034
1313,inv_simpson,10,1,0.02748633611151034
1313,trait_volume,-6,-0.6,0.2206713619198468
1313,trait_dispersion,-8,-0.8,0.08641073297370003
1313,rao_q,-8,-0.8,0.08641073297370003
1313,feve,10,1,0.02748633611151034
1313,fdiv,10,1,0.02748633611151034
1314,corrected_richness,10,1,0.02748633611151034
1314,shannon,10,1,0.02748633611151034
1314,inv_simpson,10,1,0.02748633611151034
1314,trait_volume,-6,-0.6,0.2206713619198468
1314,trait_dispersion,-8,-0.8,0.08641073297370003
1314,rao_q,-6,-0.6,0.2206713619198468
1314,feve,10,1,0.02748633611151034
1314,fdiv,10,1,0.02748633611151034
1315,corrected_richness,10,1,0.02748633611151034
1315,shannon,10,1,0.02748633611151034
1315,inv_simpson,10,1,0.02748633611151034
1315,trait_volume,-6,-0.6,0.2206713619198468
1315,trait_dispersion,-8,-0.8,0.08641073297370003
1315,rao_q,-6,-0.6,0.2206713619198468
1315,feve,10,1,0.02748633611151034
1315,fdiv,10,1,0.02748633611151034
1316,corrected_richness,10,1,0.02748633611151034
1316,shannon,10,1,0.02748633611151034
1316,inv_simpson,10,1,0.02748633611151034
1316,trait_volume,-8,-0.8,0.08641073297370003
1316,trait_dispersion,-8,-0.8,0.08641073297370003
1316,rao_q,-8,-0.8,0.08641073297370003
1316,feve,10,1,0.02748633611151034
1316,fdiv,10,1,0.02748633611151034
1319,corrected_richness,10,1,0.02748633611151034
1319,shannon,10,1,0.02748633611151034
1319,inv_simpson,10,1,0.02748633611151034
1319,trait_volume,-10,-1,0.02748633611151034
1319,trait_dispersion,-10,-1,0.02748633611151034
1319,rao_q,-10,-1,0.02748633611151034
1319,feve,10,1,0.02748633611151034
1319,fdiv,10,1,0.02748633611151034
1320,corrected_richness,10,1,0.02748633611151034
1320,shannon,10,1,0.02748633611151034
1320,inv_simpson,10,1,0.02748633611151034
1320,trait_volume,-8,-0.8,0.08641073297370003
1320,trait_dispersion,-8,-0.8,0.08641073297370003
1320,rao_q,-8,-0.8,0.08641073297370003
1320,feve,10,1,0.02748633611151034
1320,fdiv,8,0.8,0.08641073297370003
1321,corrected_richness,10,1,0.02748633611151034
1321,shannon,10,1,0.02748633611151034
1321,inv_simpson,10,1,0.02748633611151034
1321,trait_volume,-8,-0.8,0.08641073297370003
1321,trait_dispersion,-8,-0.8,0.08641073297370003
1321,rao_q,-8,-0.8,0.08641073297370003
1321,feve,10,1,0.02748633611151034
1321,fdiv,8,0.8,0.08641073297370003
1322,corrected_richness,10,1,0.02748633611151034
1322,shannon,10,1,0.02748633611151034
1322,inv_simpson,10,1,0.02748633611151034
1322,trait_volume,-8,-0.8,0.08641073297370003
1322,trait_dispersion,-8,-0.8,0.08641073297370003
1322,rao_q,-8,-0.8,0.08641073297370003
1322,feve,10,1,0.02748633611151034
1322,fdiv,8,0.8,0.08641073297370003
1328,corrected_richness,10,1,0.02748633611151034
1328,shannon,10,1,0.02748633611151034
1328,inv_simpson,10,1,0.02748633611151034
1328,trait_volume,-10,-1,0.02748633611151034
1328,trait_dispersion,-10,-1,0.02748633611151034
1328,rao_q,-10,-1,0.02748633611151034
1328,feve,10,1,0.02748633611151034
1328,fdiv,6,0.6,0.2206713619198468
1339,corrected_richness,10,1,0.02748633611151034
1339,shannon,10,1,0.02748633611151034
1339,inv_simpson,10,1,0.02748633611151034
1339,trait_volume,-8,-0.8,0.08641073297370003
1339,trait_dispersion,-6,-0.6,0.2206713619198468
1339,rao_q,-8,-0.8,0.08641073297370003
1339,feve,10,1,0.02748633611151034
1339,fdiv,8,0.8,0.08641073297370003
1340,corrected_richness,10,1,0.02748633611151034
1340,shannon,10,1,0.02748633611151034
1340,inv_simpson,10,1,0.02748633611151034
1340,trait_volume,-6,-0.6,0.2206713619198468
1340,trait_dispersion,-6,-0.6,0.2206713619198468
1340,rao_q,-6,-0.6,0.2206713619198468
1340,feve,10,1,0.02748633611151034
1340,fdiv,8,0.8,0.08641073297370003
1341,corrected_richness,10,1,0.02748633611151034
1341,shannon,10,1,0.02748633611151034
1341,inv_simpson,10,1,0.02748633611151034
1341,trait_volume,-6,-0.6,0.2206713619198468
1341,trait_dispersion,-6,-0.6,0.2206713619198468
1341,rao_q,-6,-0.6,0.2206713619198468
1341,feve,10,1,0.02748633611151034
1341,fdiv,8,0.8,0.08641073297370003
1344,corrected_richness,10,1,0.02748633611151034
1344,shannon,10,1,0.02748633611151034
1344,inv_simpson,10,1,0.02748633611151034
1344,trait_volume,-6,-0.6,0.2206713619198468
1344,trait_dispersion,-6,-0.6,0.2206713619198468
1344,rao_q,-6,-0.6,0.2206713619198468
1344,feve,8,0.8,0.08641073297370003
1344,fdiv,4,0.4,0.4624327264504763
1345,corrected_richness,10,1,0.02748633611151034
1345,shannon,10,1,0.02748633611151034
1345,inv_simpson,10,1,0.02748633611151034
1345,trait_volume,-6,-0.6,0.2206713619198468
1345,trait_dispersion,-4,-0.4,0.4624327264504763
1345,rao_q,-4,-0.4,0.4624327264504763
1345,feve,6,0.6,0.2206713619198468
1345,fdiv,2,0.2,0.8064959405073402
1346,corrected_richness,10,1,0.02748633611151034
1346,shannon,10,1,0.02748633611151034
1346,inv_simpson,10,1,0.02748633611151034
1346,trait_volume,-6,-0.6,0.2206713619198468
1346,trait_dispersion,-6,-0.6,0.2206713619198468
1346,rao_q,-6,-0.6,0.2206713619198468
1346,feve,4,0.4,0.4624327264504763
1346,fdiv,6,0.6,0.2206713619198468
1348,corrected_richness,10,1,0.02748633611151034
1348,shannon,10,1,0.02748633611151034
1348,inv_simpson,10,1,0.02748633611151034
1348,trait_volume,-4,-0.4,0.4624327264504763
1348,trait_dispersion,0,0,1
1348,rao_q,2,0.2,0.8064959405073402
1348,feve,10,1,0.02748633611151034
1348,fdiv,-6,-0.6,0.2206713619198468
1349,corrected_richness,10,1,0.02748633611151034
1349,shannon,10,1,0.02748633611151034
1349,inv_simpson,10,1,0.02748633611151034
1349,trait_volume,-4,-0.4,0.4624327264504763
1349,trait_dispersion,-2,-0.2,0.8064959405073402
1349,rao_q,-4,-0.4,0.4624327264504763
1349,feve,10,1,0.02748633611151034
1349,fdiv,-8,-0.8,0.08641073297370003
1351,corrected_richness,10,1,0.02748633611151034
1351,shannon,10,1,0.02748633611151034
1351,inv_simpson,10,1,0.02748633611151034
1351,trait_volume,-8,-0.8,0.08641073297370003
1351,trait_dispersion,-8,-0.8,0.08641073297370003
1351,rao_q,-8,-0.8,0.08641073297370003
1351,feve,6,0.6,0.2206713619198468
1351,fdiv,2,0.2,0.8064959405073402
1352,corrected_richness,10,1,0.02748633611151034
1352,shannon,10,1,0.02748633611151034
1352,inv_simpson,10,1,0.02748633611151034
1352,trait_volume,-10,-1,0.02748633611151034
1352,trait_dispersion,-10,-1,0.02748633611151034
1352,rao_q,-8,-0.8,0.08641073297370003
1352,feve,10,1,0.02748633611151034
1352,fdiv,2,0.2,0.8064959405073402
1353,corrected_richness,10,1,0.02748633611151034
1353,shannon,10,1,0.02748633611151034
1353,inv_simpson,10,1,0.02748633611151034
1353,trait_volume,-10,-1,0.02748633611151034
1353,trait_dispersion,-10,-1,0.02748633611151034
1353,rao_q,-10,-1,0.02748633611151034
1353,feve,4,0.4,0.4624327264504763
1353,fdiv,8,0.8,0.08641073297370003
1354,corrected_richness,10,1,0.02748633611151034
1354,shannon,10,1,0.02748633611151034
1354,inv_simpson,10,1,0.02748633611151034
1354,trait_volume,-10,-1,0.02748633611151034
1354,trait_dispersion,-10,-1,0.02748633611151034
1354,rao_q,-10,-1,0.02748633611151034
1354,feve,6,0.6,0.2206713619198468
1354,fdiv,8,0.8,0.08641073297370003
1355,corrected_richness,10,1,0.02748633611151034
1355,shannon,10,1,0.02748633611151034
1355,inv_simpson,10,1,0.02748633611151034
1355,trait_volume,-10,-1,0.02748633611151034
1355,trait_dispersion,-10,-1,0.02748633611151034
1355,rao_q,-10,-1,0.02748633611151034
1355,feve,10,1,0.02748633611151034
1355,fdiv,8,0.8,0.08641073297370003
1357,corrected_richness,10,1,0.02748633611151034
1357,shannon,10,1,0.02748633611151034
1357,inv_simpson,10,1,0.02748633611151034
1357,trait_volume,-10,-1,0.02748633611151034
1357,trait_dispersion,-10,-1,0.02748633611151034
1357,rao_q,-10,-1,0.02748633611151034
1357,feve,8,0.8,0.08641073297370003
1357,fdiv,8,0.8,0.08641073297370003
1358,corrected_richness,10,1,0.02748633611151034
1358,shannon,10,1,0.02748633611151034
1358,inv_simpson,10,1,0.02748633611151034
1358,trait_volume,-10,-1,0.02748633611151034
1358,trait_dispersion,-10,-1,0.02748633611151034
1358,rao_q,-10,-1,0.02748633611151034
1358,feve,10,1,0.02748633611151034
1358,fdiv,10,1,0.02748633611151034
1359,corrected_richness,10,1,0.02748633611151034
1359,shannon,10,1,0.02748633611151034
1359,inv_simpson,10,1,0.02748633611151034
1359,trait_volume,-10,-1,0.02748633611151034
1359,trait_dispersion,-10,-1,0.02748633611151034
1359,rao_q,-10,-1,0.02748633611151034
1359,feve,10,1,0.02748633611151034
1359,fdiv,8,0.8,0.08641073297370003
1360,corrected_richness,10,1,0.02748633611151034
1360,shannon,10,1,0.02748633611151034
1360,inv_simpson,10,1,0.02748633611151034
1360,trait_volume,-10,-1,0.02748633611151034
1360,trait_dispersion,-10,-1,0.02748633611151034
1360,rao_q,-10,-1,0.02748633611151034
1360,feve,10,1,0.02748633611151034
1360,fdiv,0,0,1
1361,corrected_richness,10,1,0.02748633611151034
1361,shannon,10,1,0.02748633611151034
1361,inv_simpson,10,1,0.02748633611151034
1361,trait_volume,-10,-1,0.02748633611151034
1361,trait_dispersion,-10,-1,0.02748633611151034
1361,rao_q,-10,-1,0.02748633611151034
1361,feve,10,1,0.02748633611151034
1361,fdiv,2,0.2,0.8064959405073402
1377,corrected_richness,10,1,0.02748633611151034
1377,shannon,10,1,0.02748633611151034
1377,inv_simpson,10,1,0.02748633611151034
1377,trait_volume,-8,-0.8,0.08641073297370003
1377,trait_dispersion,-8,-0.8,0.08641073297370003
1377,rao_q,-8,-0.8,0.08641073297370003
1377,feve,10,1,0.02748633611151034
1377,fdiv,10,1,0.02748633611151034
1379,corrected_richness,10,1,0.02748633611151034
1379,shannon,10,1,0.02748633611151034
1379,inv_simpson,10,1,0.02748633611151034
1379,trait_volume,-10,-1,0.02748633611151034
1379,trait_dispersion,-8,-0.8,0.08641073297370003
1379,rao_q,-8,-0.8,0.08641073297370003
1379,feve,10,1,0.02748633611151034
1379,fdiv,8,0.8,0.08641073297370003
1380,corrected_richness,10,1,0.02748633611151034
1380,shannon,10,1,0.02748633611151034
1380,inv_simpson,10,1,0.02748633611151034
1380,trait_volume,-8,-0.8,0.08641073297370003
1380,trait_dispersion,-8,-0.8,0.08641073297370003
1380,rao_q,-8,-0.8,0.08641073297370003
1380,feve,10,1,0.02748633611151034
1380,fdiv,10,1,0.02748633611151034
1381,corrected_richness,10,1,0.02748633611151034
1381,shannon,10,1,0.02748633611151034
1381,inv_simpson,10,1,0.02748633611151034
1381,trait_volume,-10,-1,0.02748633611151034
1381,trait_dispersion,-8,-0.8,0.08641073297370003
1381,rao_q,-8,-0.8,0.08641073297370003
1381,feve,10,1,0.02748633611151034
1381,fdiv,10,1,0.02748633611151034
1382,corrected_richness,10,1,0.02748633611151034
1382,shannon,10,1,0.02748633611151034
1382,inv_simpson,10,1,0.02748633611151034
1382,trait_volume,-6,-0.6,0.2206713619198468
1382,trait_dispersion,-6,-0.6,0.2206713619198468
1382,rao_q,-6,-0.6,0.2206713619198468
1382,feve,10,1,0.02748633611151034
1382,fdiv,8,0.8,0.08641073297370003
1383,corrected_richness,10,1,0.02748633611151034
1383,shannon,10,1,0.02748633611151034
1383,inv_simpson,10,1,0.02748633611151034
1383,trait_volume,-10,-1,0.02748633611151034
1383,trait_dispersion,-10,-1,0.02748633611151034
1383,rao_q,-10,-1,0.02748633611151034
1383,feve,10,1,0.02748633611151034
1383,fdiv,8,0.8,0.08641073297370003
1384,corrected_richness,10,1,0.02748633611151034
1384,shannon,10,1,0.02748633611151034
1384,inv_simpson,10,1,0.02748633611151034
1384,trait_volume,-8,-0.8,0.08641073297370003
1384,trait_dispersion,-8,-0.8,0.08641073297370003
1384,rao_q,-8,-0.8,0.08641073297370003
1384,feve,10,1,0.02748633611151034
1384,fdiv,10,1,0.02748633611151034
1385,corrected_richness,10,1,0.02748633611151034
1385,shannon,10,1,0.02748633611151034
1385,inv_simpson,10,1,0.02748633611151034
1385,trait_volume,-10,-1,0.02748633611151034
1385,trait_dispersion,-10,-1,0.02748633611151034
1385,rao_q,-10,-1,0.02748633611151034
1385,feve,10,1,0.02748633611151034
1385,fdiv,10,1,0.02748633611151034
1386,corrected_richness,10,1,0.02748633611151034
1386,shannon,10,1,0.02748633611151034
1386,inv_simpson,10,1,0.02748633611151034
1386,trait_volume,-10,-1,0.02748633611151034
1386,trait_dispersion,-10,-1,0.02748633611151034
1386,rao_q,-10,-1,0.02748633611151034
1386,feve,10,1,0.02748633611151034
1386,fdiv,10,1,0.02748633611151034
1393,corrected_richness,10,1,0.02748633611151034
1393,shannon,10,1,0.02748633611151034
1393,inv_simpson,10,1,0.02748633611151034
1393,trait_volume,-10,-1,0.02748633611151034
1393,trait_dispersion,-10,-1,0.02748633611151034
1393,rao_q,-10,-1,0.02748633611151034
1393,feve,10,1,0.02748633611151034
1393,fdiv,8,0.8,0.08641073297370003
1400,corrected_richness,10,1,0.02748633611151034
1400,shannon,10,1,0.02748633611151034
1400,inv_simpson,10,1,0.02748633611151034
1400,trait_volume,-10,-1,0.02748633611151034
1400,trait_dispersion,-10,-1,0.02748633611151034
1400,rao_q,-10,-1,0.02748633611151034
1400,feve,10,1,0.02748633611151034
1400,fdiv,10,1,0.02748633611151034
1410,corrected_richness,10,1,0.02748633611151034
1410,shannon,10,1,0.02748633611151034
1410,inv_simpson,10,1,0.02748633611151034
1410,trait_volume,-6,-0.6,0.2206713619198468
1410,trait_dispersion,-6,-0.6,0.2206713619198468
1410,rao_q,-6,-0.6,0.2206713619198468
1410,feve,4,0.4,0.4624327264504763
1410,fdiv,-2,-0.2,0.8064959405073402
1412,corrected_richness,10,1,0.02748633611151034
1412,shannon,10,1,0.02748633611151034
1412,inv_simpson,10,1,0.02748633611151034
1412,trait_volume,-6,-0.6,0.2206713619198468
1412,trait_dispersion,-6,-0.6,0.2206713619198468
1412,rao_q,-6,-0.6,0.2206713619198468
1412,feve,10,1,0.02748633611151034
1412,fdiv,-2,-0.2,0.8064959405073402
1413,corrected_richness,10,1,0.02748633611151034
1413,shannon,10,1,0.02748633611151034
1413,inv_simpson,10,1,0.02748633611151034
1413,trait_volume,-6,-0.6,0.2206713619198468
1413,trait_dispersion,-4,-0.4,0.4624327264504763
1413,rao_q,-4,-0.4,0.4624327264504763
1413,feve,10,1,0.02748633611151034
1413,fdiv,-2,-0.2,0.8064959405073402
1414,corrected_richness,10,1,0.02748633611151034
1414,shannon,10,1,0.02748633611151034
1414,inv_simpson,10,1,0.02748633611151034
1414,trait_volume,-6,-0.6,0.2206713619198468
1414,trait_dispersion,-4,-0.4,0.4624327264504763
1414,rao_q,-4,-0.4,0.4624327264504763
1414,feve,10,1,0.02748633611151034
1414,fdiv,-2,-0.2,0.8064959405073402
1415,corrected_richness,10,1,0.02748633611151034
1415,shannon,10,1,0.02748633611151034
1415,inv_simpson,10,1,0.02748633611151034
1415,trait_volume,-6,-0.6,0.2206713619198468
1415,trait_dispersion,-4,-0.4,0.4624327264504763
1415,rao_q,-6,-0.6,0.2206713619198468
1415,feve,10,1,0.02748633611151034
1415,fdiv,-2,-0.2,0.8064959405073402
1416,corrected_richness,10,1,0.02748633611151034
1416,shannon,10,1,0.02748633611151034
1416,inv_simpson,10,1,0.02748633611151034
1416,trait_volume,-6,-0.6,0.2206713619198468
1416,trait_dispersion,-4,-0.4,0.4624327264504763
1416,rao_q,-4,-0.4,0.4624327264504763
1416,feve,10,1,0.02748633611151034
1416,fdiv,0,0,1
1417,corrected_richness,10,1,0.02748633611151034
1417,shannon,10,1,0.02748633611151034
1417,inv_simpson,10,1,0.02748633611151034
1417,trait_volume,-6,-0.6,0.2206713619198468
1417,trait_dispersion,-4,-0.4,0.4624327264504763
1417,rao_q,-4,-0.4,0.4624327264504763
1417,feve,10,1,0.02748633611151034
1417,fdiv,0,0,1
1418,corrected_richness,10,1,0.02748633611151034
1418,shannon,10,1,0.02748633611151034
1418,inv_simpson,10,1,0.02748633611151034
1418,trait_volume,-6,-0.6,0.2206713619198468
1418,trait_dispersion,-4,-0.4,0.4624327264504763
1418,rao_q,-8,-0.8,0.08641073297370003
1418,feve,8,0.8,0.08641073297370003
1418,fdiv,6,0.6,0.2206713619198468
1419,corrected_richness,10,1,0.02748633611151034
1419,shannon,10,1,0.02748633611151034
1419,inv_simpson,10,1,0.02748633611151034
1419,trait_volume,-4,-0.4,0.4624327264504763
1419,trait_dispersion,-2,-0.2,0.8064959405073402
1419,rao_q,-4,-0.4,0.4624327264504763
1419,feve,6,0.6,0.2206713619198468
1419,fdiv,4,0.4,0.4624327264504763
1420,corrected_richness,10,1,0.02748633611151034
1420,shannon,10,1,0.02748633611151034
1420,inv_simpson,10,1,0.02748633611151034
1420,trait_volume,-4,-0.4,0.4624327264504763
1420,trait_dispersion,-4,-0.4,0.4624327264504763
1420,rao_q,-4,-0.4,0.4624327264504763
1420,feve,10,1,0.02748633611151034
1420,fdiv,0,0,1
1421,corrected_richness,10,1,0.02748633611151034
1421,shannon,10,1,0.02748633611151034
1421,inv_simpson,10,1,0.02748633611151034
1421,trait_volume,-6,-0.6,0.2206713619198468
1421,trait_dispersion,-4,-0.4,0.4624327264504763
1421,rao_q,-6,-0.6,0.2206713619198468
1421,feve,10,1,0.02748633611151034
1421,fdiv,0,0,1
1422,corrected_richness,10,1,0.02748633611151034
1422,shannon,10,1,0.02748633611151034
1422,inv_simpson,10,1,0.02748633611151034
1422,trait_volume,-6,-0.6,0.2206713619198468
1422,trait_dispersion,-6,-0.6,0.2206713619198468
1422,rao_q,-6,-0.6,0.2206713619198468
1422,feve,10,1,0.02748633611151034
1422,fdiv,0,0,1
1423,corrected_richness,10,1,0.02748633611151034
1423,shannon,10,1,0.02748633611151034
1423,inv_simpson,10,1,0.02748633611151034
1423,trait_volume,-6,-0.6,0.2206713619198468
1423,trait_dispersion,-6,-0.6,0.2206713619198468
1423,rao_q,-6,-0.6,0.2206713619198468
1423,feve,10,1,0.02748633611151034
1423,fdiv,2,0.2,0.8064959405073402
1424,corrected_richness,10,1,0.02748633611151034
1424,shannon,10,1,0.02748633611151034
1424,inv_simpson,10,1,0.02748633611151034
1424,trait_volume,-8,-0.8,0.08641073297370003
1424,trait_dispersion,-8,-0.8,0.08641073297370003
1424,rao_q,-8,-0.8,0.08641073297370003
1424,feve,10,1,0.02748633611151034
1424,fdiv,2,0.2,0.8064959405073402
1425,corrected_richness,10,1,0.02748633611151034
1425,shannon,10,1,0.02748633611151034
1425,inv_simpson,10,1,0.02748633611151034
1425,trait_volume,-10,-1,0.02748633611151034
1425,trait_dispersion,-10,-1,0.02748633611151034
1425,rao_q,-10,-1,0.02748633611151034
1425,feve,8,0.8,0.08641073297370003
1425,fdiv,8,0.8,0.08641073297370003
1426,corrected_richness,10,1,0.02748633611151034
1426,shannon,10,1,0.02748633611151034
1426,inv_simpson,10,1,0.02748633611151034
1426,trait_volume,-10,-1,0.02748633611151034
1426,trait_dispersion,-10,-1,0.02748633611151034
1426,rao_q,-10,-1,0.02748633611151034
1426,feve,10,1,0.02748633611151034
1426,fdiv,8,0.8,0.08641073297370003
1427,corrected_richness,10,1,0.02748633611151034
1427,shannon,10,1,0.02748633611151034
1427,inv_simpson,10,1,0.02748633611151034
1427,trait_volume,-10,-1,0.02748633611151034
1427,trait_dispersion,-10,-1,0.02748633611151034
1427,rao_q,-10,-1,0.02748633611151034
1427,feve,10,1,0.02748633611151034
1427,fdiv,8,0.8,0.08641073297370003
1428,corrected_richness,10,1,0.02748633611151034
1428,shannon,10,1,0.02748633611151034
1428,inv_simpson,10,1,0.02748633611151034
1428,trait_volume,-10,-1,0.02748633611151034
1428,trait_dispersion,-10,-1,0.02748633611151034
1428,rao_q,-10,-1,0.02748633611151034
1428,feve,10,1,0.02748633611151034
1428,fdiv,8,0.8,0.08641073297370003
1429,corrected_richness,10,1,0.02748633611151034
1429,shannon,10,1,0.02748633611151034
1429,inv_simpson,10,1,0.02748633611151034
1429,trait_volume,-10,-1,0.02748633611151034
1429,trait_dispersion,-10,-1,0.02748633611151034
1429,rao_q,-10,-1,0.02748633611151034
1429,feve,10,1,0.02748633611151034
1429,fdiv,8,0.8,0.08641073297370003
1430,corrected_richness,10,1,0.02748633611151034
1430,shannon,10,1,0.02748633611151034
1430,inv_simpson,10,1,0.02748633611151034
1430,trait_volume,-10,-1,0.02748633611151034
1430,trait_dispersion,-10,-1,0.02748633611151034
1430,rao_q,-10,-1,0.02748633611151034
1430,feve,8,0.8,0.08641073297370003
1430,fdiv,8,0.8,0.08641073297370003
1448,corrected_richness,10,1,0.02748633611151034
1448,shannon,10,1,0.02748633611151034
1448,inv_simpson,10,1,0.02748633611151034
1448,trait_volume,-10,-1,0.02748633611151034
1448,trait_dispersion,-10,-1,0.02748633611151034
1448,rao_q,-10,-1,0.02748633611151034
1448,feve,10,1,0.02748633611151034
1448,fdiv,10,1,0.02748633611151034
1449,corrected_richness,10,1,0.02748633611151034
1449,shannon,10,1,0.02748633611151034
1449,inv_simpson,10,1,0.02748633611151034
1449,trait_volume,-10,-1,0.02748633611151034
1449,trait_dispersion,-10,-1,0.02748633611151034
1449,rao_q,-10,-1,0.02748633611151034
1449,feve,10,1,0.02748633611151034
1449,fdiv,10,1,0.02748633611151034
1450,corrected_richness,10,1,0.02748633611151034
1450,shannon,10,1,0.02748633611151034
1450,inv_simpson,10,1,0.02748633611151034
1450,trait_volume,-10,-1,0.02748633611151034
1450,trait_dispersion,-10,-1,0.02748633611151034
1450,rao_q,-10,-1,0.02748633611151034
1450,feve,10,1,0.02748633611151034
1450,fdiv,10,1,0.02748633611151034
1452,corrected_richness,10,1,0.02748633611151034
1452,shannon,10,1,0.02748633611151034
1452,inv_simpson,10,1,0.02748633611151034
1452,trait_volume,-8,-0.8,0.08641073297370003
1452,trait_dispersion,-8,-0.8,0.08641073297370003
1452,rao_q,-8,-0.8,0.08641073297370003
1452,feve,10,1,0.02748633611151034
1452,fdiv,10,1,0.02748633611151034
1453,corrected_richness,10,1,0.02748633611151034
1453,shannon,10,1,0.02748633611151034
1453,inv_simpson,10,1,0.02748633611151034
1453,trait_volume,-6,-0.6,0.2206713619198468
1453,trait_dispersion,-8,-0.8,0.08641073297370003
1453,rao_q,-6,-0.6,0.2206713619198468
1453,feve,10,1,0.02748633611151034
1453,fdiv,10,1,0.02748633611151034
1454,corrected_richness,10,1,0.02748633611151034
1454,shannon,10,1,0.02748633611151034
1454,inv_simpson,10,1,0.02748633611151034
1454,trait_volume,-6,-0.6,0.2206713619198468
1454,trait_dispersion,-8,-0.8,0.08641073297370003
1454,rao_q,-6,-0.6,0.2206713619198468
1454,feve,10,1,0.02748633611151034
1454,fdiv,10,1,0.02748633611151034
1455,corrected_richness,10,1,0.02748633611151034
1455,shannon,10,1,0.02748633611151034
1455,inv_simpson,10,1,0.02748633611151034
1455,trait_volume,-6,-0.6,0.2206713619198468
1455,trait_dispersion,-6,-0.6,0.2206713619198468
1455,rao_q,-6,-0.6,0.2206713619198468
1455,feve,10,1,0.02748633611151034
1455,fdiv,10,1,0.02748633611151034
1456,corrected_richness,10,1,0.02748633611151034
1456,shannon,10,1,0.02748633611151034
1456,inv_simpson,10,1,0.02748633611151034
1456,trait_volume,-8,-0.8,0.08641073297370003
1456,trait_dispersion,-8,-0.8,0.08641073297370003
1456,rao_q,-8,-0.8,0.08641073297370003
1456,feve,10,1,0.02748633611151034
1456,fdiv,8,0.8,0.08641073297370003
1462,corrected_richness,10,1,0.02748633611151034
1462,shannon,10,1,0.02748633611151034
1462,inv_simpson,10,1,0.02748633611151034
1462,trait_volume,-10,-1,0.02748633611151034
1462,trait_dispersion,-10,-1,0.02748633611151034
1462,rao_q,-10,-1,0.02748633611151034
1462,feve,10,1,0.02748633611151034
1462,fdiv,8,0.8,0.08641073297370003
1465,corrected_richness,10,1,0.02748633611151034
1465,shannon,10,1,0.02748633611151034
1465,inv_simpson,10,1,0.02748633611151034
1465,trait_volume,-10,-1,0.02748633611151034
1465,trait_dispersion,-10,-1,0.02748633611151034
1465,rao_q,-10,-1,0.02748633611151034
1465,feve,10,1,0.02748633611151034
1465,fdiv,8,0.8,0.08641073297370003
1466,corrected_richness,10,1,0.02748633611151034
1466,shannon,10,1,0.02748633611151034
1466,inv_simpson,10,1,0.02748633611151034
1466,trait_volume,-10,-1,0.02748633611151034
1466,trait_dispersion,-10,-1,0.02748633611151034
1466,rao_q,-10,-1,0.02748633611151034
1466,feve,10,1,0.02748633611151034
1466,fdiv,8,0.8,0.08641073297370003
1468,corrected_richness,10,1,0.02748633611151034
1468,shannon,10,1,0.02748633611151034
1468,inv_simpson,10,1,0.02748633611151034
1468,trait_volume,-10,-1,0.02748633611151034
1468,trait_dispersion,-10,-1,0.02748633611151034
1468,rao_q,-10,-1,0.02748633611151034
1468,feve,10,1,0.02748633611151034
1468,fdiv,8,0.8,0.08641073297370003
1471,corrected_richness,10,1,0.02748633611151034
1471,shannon,10,1,0.02748633611151034
1471,inv_simpson,10,1,0.02748633611151034
1471,trait_volume,-10,-1,0.02748633611151034
1471,trait_dispersion,-10,-1,0.02748633611151034
1471,rao_q,-10,-1,0.02748633611151034
1471,feve,10,1,0.02748633611151034
1471,fdiv,10,1,0.02748633611151034
1476,corrected_richness,10,1,0.02748633611151034
1476,shannon,10,1,0.02748633611151034
1476,inv_simpson,10,1,0.02748633611151034
1476,trait_volume,-10,-1,0.02748633611151034
1476,trait_dispersion,-10,-1,0.02748633611151034
1476,rao_q,-10,-1,0.02748633611151034
1476,feve,10,1,0.02748633611151034
1476,fdiv,10,1,0.02748633611151034
1479,corrected_richness,10,1,0.02748633611151034
1479,shannon,10,1,0.02748633611151034
1479,inv_simpson,10,1,0.02748633611151034
1479,trait_volume,-6,-0.6,0.2206713619198468
1479,trait_dispersion,-6,-0.6,0.2206713619198468
1479,rao_q,-6,-0.6,0.2206713619198468
1479,feve,6,0.6,0.2206713619198468
1479,fdiv,8,0.8,0.08641073297370003
1480,corrected_richness,10,1,0.02748633611151034
1480,shannon,10,1,0.02748633611151034
1480,inv_simpson,10,1,0.02748633611151034
1480,trait_volume,-6,-0.6,0.2206713619198468
1480,trait_dispersion,-6,-0.6,0.2206713619198468
1480,rao_q,-6,-0.6,0.2206713619198468
1480,feve,10,1,0.02748633611151034
1480,fdiv,8,0.8,0.08641073297370003
1481,corrected_richness,10,1,0.02748633611151034
1481,shannon,10,1,0.02748633611151034
1481,inv_simpson,10,1,0.02748633611151034
1481,trait_volume,-6,-0.6,0.2206713619198468
1481,trait_dispersion,-6,-0.6,0.2206713619198468
1481,rao_q,-6,-0.6,0.2206713619198468
1481,feve,2,0.2,0.8064959405073402
1481,fdiv,4,0.4,0.4624327264504763
1482,corrected_richness,10,1,0.02748633611151034
1482,shannon,10,1,0.02748633611151034
1482,inv_simpson,10,1,0.02748633611151034
1482,trait_volume,-4,-0.4,0.4624327264504763
1482,trait_dispersion,-4,-0.4,0.4624327264504763
1482,rao_q,-4,-0.4,0.4624327264504763
1482,feve,-2,-0.2,0.8064959405073402
1482,fdiv,0,0,1
1483,corrected_richness,10,1,0.02748633611151034
1483,shannon,10,1,0.02748633611151034
1483,inv_simpson,10,1,0.02748633611151034
1483,trait_volume,2,0.2,0.8064959405073402
1483,trait_dispersion,2,0.2,0.8064959405073402
1483,rao_q,2,0.2,0.8064959405073402
1483,feve,4,0.4,0.4624327264504763
1483,fdiv,-4,-0.4,0.4624327264504763
1484,corrected_richness,10,1,0.02748633611151034
1484,shannon,10,1,0.02748633611151034
1484,inv_simpson,10,1,0.02748633611151034
1484,trait_volume,2,0.2,0.8064959405073402
1484,trait_dispersion,2,0.2,0.8064959405073402
1484,rao_q,2,0.2,0.8064959405073402
1484,feve,4,0.4,0.4624327264504763
1484,fdiv,-4,-0.4,0.4624327264504763
1485,corrected_richness,10,1,0.02748633611151034
1485,shannon,10,1,0.02748633611151034
1485,inv_simpson,10,1,0.02748633611151034
1485,trait_volume,2,0.2,0.8064959405073402
1485,trait_dispersion,2,0.2,0.8064959405073402
1485,rao_q,2,0.2,0.8064959405073402
1485,feve,0,0,1
1485,fdiv,-4,-0.4,0.4624327264504763
1486,corrected_richness,10,1,0.02748633611151034
1486,shannon,10,1,0.02748633611151034
1486,inv_simpson,10,1,0.02748633611151034
1486,trait_volume,2,0.2,0.8064959405073402
1486,trait_dispersion,2,0.2,0.8064959405073402
1486,rao_q,2,0.2,0.8064959405073402
1486,feve,0,0,1
1486,fdiv,-4,-0.4,0.4624327264504763
1487,corrected_richness,10,1,0.02748633611151034
1487,shannon,10,1,0.02748633611151034
1487,inv_simpson,10,1,0.02748633611151034
1487,trait_volume,-4,-0.4,0.4624327264504763
1487,trait_dispersion,-2,-0.2,0.8064959405073402
1487,rao_q,-2,-0.2,0.8064959405073402
1487,feve,2,0.2,0.8064959405073402
1487,fdiv,0,0,1
1488,corrected_richness,10,1,0.02748633611151034
1488,shannon,10,1,0.02748633611151034
1488,inv_simpson,10,1,0.02748633611151034
1488,trait_volume,-6,-0.6,0.2206713619198468
1488,trait_dispersion,-2,-0.2,0.8064959405073402
1488,rao_q,-4,-0.4,0.4624327264504763
1488,feve,2,0.2,0.8064959405073402
1488,fdiv,2,0.2,0.8064959405073402
1489,corrected_richness,10,1,0.02748633611151034
1489,shannon,10,1,0.02748633611151034
1489,inv_simpson,10,1,0.02748633611151034
1489,trait_volume,-8,-0.8,0.08641073297370003
1489,trait_dispersion,-8,-0.8,0.08641073297370003
1489,rao_q,-6,-0.6,0.2206713619198468
1489,feve,4,0.4,0.4624327264504763
1489,fdiv,4,0.4,0.4624327264504763
1490,corrected_richness,10,1,0.02748633611151034
1490,shannon,10,1,0.02748633611151034
1490,inv_simpson,10,1,0.02748633611151034
1490,trait_volume,-8,-0.8,0.08641073297370003
1490,trait_dispersion,-6,-0.6,0.2206713619198468
1490,rao_q,-6,-0.6,0.2206713619198468
1490,feve,6,0.6,0.2206713619198468
1490,fdiv,4,0.4,0.4624327264504763
1491,corrected_richness,10,1,0.02748633611151034
1491,shannon,10,1,0.02748633611151034
1491,inv_simpson,10,1,0.02748633611151034
1491,trait_volume,-8,-0.8,0.08641073297370003
1491,trait_dispersion,-8,-0.8,0.08641073297370003
1491,rao_q,-10,-1,0.02748633611151034
1491,feve,10,1,0.02748633611151034
1491,fdiv,10,1,0.02748633611151034
1492,corrected_richness,10,1,0.02748633611151034
1492,shannon,10,1,0.02748633611151034
1492,inv_simpson,10,1,0.02748633611151034
1492,trait_volume,-6,-0.6,0.2206713619198468
1492,trait_dispersion,-4,-0.4,0.4624327264504763
1492,rao_q,-6,-0.6,0.2206713619198468
1492,feve,8,0.8,0.08641073297370003
1492,fdiv,0,0,1
1493,corrected_richness,10,1,0.02748633611151034
1493,shannon,10,1,0.02748633611151034
1493,inv_simpson,10,1,0.02748633611151034
1493,trait_volume,-6,-0.6,0.2206713619198468
1493,trait_dispersion,-6,-0.6,0.2206713619198468
1493,rao_q,-6,-0.6,0.2206713619198468
1493,feve,10,1,0.02748633611151034
1493,fdiv,0,0,1
1494,corrected_richness,10,1,0.02748633611151034
1494,shannon,10,1,0.02748633611151034
1494,inv_simpson,10,1,0.02748633611151034
1494,trait_volume,-8,-0.8,0.08641073297370003
1494,trait_dispersion,-8,-0.8,0.08641073297370003
1494,rao_q,-8,-0.8,0.08641073297370003
1494,feve,10,1,0.02748633611151034
1494,fdiv,6,0.6,0.2206713619198468
1495,corrected_richness,10,1,0.02748633611151034
1495,shannon,10,1,0.02748633611151034
1495,inv_simpson,10,1,0.02748633611151034
1495,trait_volume,-8,-0.8,0.08641073297370003
1495,trait_dispersion,-8,-0.8,0.08641073297370003
1495,rao_q,-8,-0.8,0.08641073297370003
1495,feve,10,1,0.02748633611151034
1495,fdiv,8,0.8,0.08641073297370003
1496,corrected_richness,10,1,0.02748633611151034
1496,shannon,10,1,0.02748633611151034
1496,inv_simpson,10,1,0.02748633611151034
1496,trait_volume,-8,-0.8,0.08641073297370003
1496,trait_dispersion,-8,-0.8,0.08641073297370003
1496,rao_q,-8,-0.8,0.08641073297370003
1496,feve,10,1,0.02748633611151034
1496,fdiv,6,0.6,0.2206713619198468
1497,corrected_richness,10,1,0.02748633611151034
1497,shannon,10,1,0.02748633611151034
1497,inv_simpson,10,1,0.02748633611151034
1497,trait_volume,-8,-0.8,0.08641073297370003
1497,trait_dispersion,-8,-0.8,0.08641073297370003
1497,rao_q,-10,-1,0.02748633611151034
1497,feve,10,1,0.02748633611151034
1497,fdiv,8,0.8,0.08641073297370003
1498,corrected_richness,10,1,0.02748633611151034
1498,shannon,10,1,0.02748633611151034
1498,inv_simpson,10,1,0.02748633611151034
1498,trait_volume,-10,-1,0.02748633611151034
1498,trait_dispersion,-10,-1,0.02748633611151034
1498,rao_q,-10,-1,0.02748633611151034
1498,feve,8,0.8,0.08641073297370003
1498,fdiv,2,0.2,0.8064959405073402
1499,corrected_richness,10,1,0.02748633611151034
1499,shannon,10,1,0.02748633611151034
1499,inv_simpson,10,1,0.02748633611151034
1499,trait_volume,-10,-1,0.02748633611151034
1499,trait_dispersion,-10,-1,0.02748633611151034
1499,rao_q,-10,-1,0.02748633611151034
1499,feve,8,0.8,0.08641073297370003
1499,fdiv,8,0.8,0.08641073297370003
1500,corrected_richness,10,1,0.02748633611151034
1500,shannon,10,1,0.02748633611151034
1500,inv_simpson,10,1,0.02748633611151034
1500,trait_volume,-10,-1,0.02748633611151034
1500,trait_dispersion,-10,-1,0.02748633611151034
1500,rao_q,-10,-1,0.02748633611151034
1500,feve,10,1,0.02748633611151034
1500,fdiv,8,0.8,0.08641073297370003
1502,corrected_richness,10,1,0.02748633611151034
1502,shannon,10,1,0.02748633611151034
1502,inv_simpson,10,1,0.02748633611151034
1502,trait_volume,-10,-1,0.02748633611151034
1502,trait_dispersion,-10,-1,0.02748633611151034
1502,rao_q,-10,-1,0.02748633611151034
1502,feve,10,1,0.02748633611151034
1502,fdiv,8,0.8,0.08641073297370003
1518,corrected_richness,10,1,0.02748633611151034
1518,shannon,10,1,0.02748633611151034
1518,inv_simpson,10,1,0.02748633611151034
1518,trait_volume,-10,-1,0.02748633611151034
1518,trait_dispersion,-10,-1,0.02748633611151034
1518,rao_q,-10,-1,0.02748633611151034
1518,feve,10,1,0.02748633611151034
1518,fdiv,10,1,0.02748633611151034
1520,corrected_richness,10,1,0.02748633611151034
1520,shannon,10,1,0.02748633611151034
1520,inv_simpson,10,1,0.02748633611151034
1520,trait_volume,-10,-1,0.02748633611151034
1520,trait_dispersion,-10,-1,0.02748633611151034
1520,rao_q,-10,-1,0.02748633611151034
1520,feve,10,1,0.02748633611151034
1520,fdiv,10,1,0.02748633611151034
1521,corrected_richness,10,1,0.02748633611151034
1521,shannon,10,1,0.02748633611151034
1521,inv_simpson,10,1,0.02748633611151034
1521,trait_volume,-10,-1,0.02748633611151034
1521,trait_dispersion,-10,-1,0.02748633611151034
1521,rao_q,-10,-1,0.02748633611151034
1521,feve,10,1,0.02748633611151034
1521,fdiv,10,1,0.02748633611151034
1522,corrected_richness,10,1,0.02748633611151034
1522,shannon,10,1,0.02748633611151034
1522,inv_simpson,10,1,0.02748633611151034
1522,trait_volume,-10,-1,0.02748633611151034
1522,trait_dispersion,-10,-1,0.02748633611151034
1522,rao_q,-10,-1,0.02748633611151034
1522,feve,10,1,0.02748633611151034
1522,fdiv,10,1,0.02748633611151034
1523,corrected_richness,10,1,0.02748633611151034
1523,shannon,10,1,0.02748633611151034
1523,inv_simpson,10,1,0.02748633611151034
1523,trait_volume,-10,-1,0.02748633611151034
1523,trait_dispersion,-10,-1,0.02748633611151034
1523,rao_q,-10,-1,0.02748633611151034
1523,feve,10,1,0.02748633611151034
1523,fdiv,10,1,0.02748633611151034
1528,corrected_richness,10,1,0.02748633611151034
1528,shannon,10,1,0.02748633611151034
1528,inv_simpson,10,1,0.02748633611151034
1528,trait_volume,-10,-1,0.02748633611151034
1528,trait_dispersion,-10,-1,0.02748633611151034
1528,rao_q,-10,-1,0.02748633611151034
1528,feve,10,1,0.02748633611151034
1528,fdiv,10,1,0.02748633611151034
1529,corrected_richness,10,1,0.02748633611151034
1529,shannon,10,1,0.02748633611151034
1529,inv_simpson,10,1,0.02748633611151034
1529,trait_volume,-10,-1,0.02748633611151034
1529,trait_dispersion,-10,-1,0.02748633611151034
1529,rao_q,-10,-1,0.02748633611151034
1529,feve,10,1,0.02748633611151034
1529,fdiv,10,1,0.02748633611151034
1533,corrected_richness,10,1,0.02748633611151034
1533,shannon,10,1,0.02748633611151034
1533,inv_simpson,10,1,0.02748633611151034
1533,trait_volume,-10,-1,0.02748633611151034
1533,trait_dispersion,-10,-1,0.02748633611151034
1533,rao_q,-10,-1,0.02748633611151034
1533,feve,10,1,0.02748633611151034
1533,fdiv,10,1,0.02748633611151034
1536,corrected_richness,10,1,0.02748633611151034
1536,shannon,10,1,0.02748633611151034
1536,inv_simpson,10,1,0.02748633611151034
1536,trait_volume,-10,-1,0.02748633611151034
1536,trait_dispersion,-10,-1,0.02748633611151034
1536,rao_q,-10,-1,0.02748633611151034
1536,feve,10,1,0.02748633611151034
1536,fdiv,10,1,0.02748633611151034
1537,corrected_richness,10,1,0.02748633611151034
1537,shannon,10,1,0.02748633611151034
1537,inv_simpson,10,1,0.02748633611151034
1537,trait_volume,-10,-1,0.02748633611151034
1537,trait_dispersion,-10,-1,0.02748633611151034
1537,rao_q,-10,-1,0.02748633611151034
1537,feve,10,1,0.02748633611151034
1537,fdiv,10,1,0.02748633611151034
1538,corrected_richness,10,1,0.02748633611151034
1538,shannon,10,1,0.02748633611151034
1538,inv_simpson,10,1,0.02748633611151034
1538,trait_volume,-10,-1,0.02748633611151034
1538,trait_dispersion,-10,-1,0.02748633611151034
1538,rao_q,-10,-1,0.02748633611151034
1538,feve,10,1,0.02748633611151034
1538,fdiv,10,1,0.02748633611151034
1539,corrected_richness,10,1,0.02748633611151034
1539,shannon,10,1,0.02748633611151034
1539,inv_simpson,10,1,0.02748633611151034
1539,trait_volume,-10,-1,0.02748633611151034
1539,trait_dispersion,-10,-1,0.02748633611151034
1539,rao_q,-10,-1,0.02748633611151034
1539,feve,10,1,0.02748633611151034
1539,fdiv,10,1,0.02748633611151034
1540,corrected_richness,10,1,0.02748633611151034
1540,shannon,10,1,0.02748633611151034
1540,inv_simpson,10,1,0.02748633611151034
1540,trait_volume,-10,-1,0.02748633611151034
1540,trait_dispersion,-10,-1,0.02748633611151034
1540,rao_q,-10,-1,0.02748633611151034
1540,feve,10,1,0.02748633611151034
1540,fdiv,10,1,0.02748633611151034
1542,corrected_richness,10,1,0.02748633611151034
1542,shannon,10,1,0.02748633611151034
1542,inv_simpson,10,1,0.02748633611151034
1542,trait_volume,-10,-1,0.02748633611151034
1542,trait_dispersion,-10,-1,0.02748633611151034
1542,rao_q,-10,-1,0.02748633611151034
1542,feve,10,1,0.02748633611151034
1542,fdiv,10,1,0.02748633611151034
1550,corrected_richness,10,1,0.02748633611151034
1550,shannon,10,1,0.02748633611151034
1550,inv_simpson,10,1,0.02748633611151034
1550,trait_volume,-6,-0.6,0.2206713619198468
1550,trait_dispersion,-6,-0.6,0.2206713619198468
1550,rao_q,-6,-0.6,0.2206713619198468
1550,feve,-2,-0.2,0.8064959405073402
1550,fdiv,8,0.8,0.08641073297370003
1551,corrected_richness,10,1,0.02748633611151034
1551,shannon,10,1,0.02748633611151034
1551,inv_simpson,10,1,0.02748633611151034
1551,trait_volume,-6,-0.6,0.2206713619198468
1551,trait_dispersion,-6,-0.6,0.2206713619198468
1551,rao_q,-6,-0.6,0.2206713619198468
1551,feve,-2,-0.2,0.8064959405073402
1551,fdiv,8,0.8,0.08641073297370003
1552,corrected_richness,10,1,0.02748633611151034
1552,shannon,10,1,0.02748633611151034
1552,inv_simpson,10,1,0.02748633611151034
1552,trait_volume,-6,-0.6,0.2206713619198468
1552,trait_dispersion,-6,-0.6,0.2206713619198468
1552,rao_q,-6,-0.6,0.2206713619198468
1552,feve,-2,-0.2,0.8064959405073402
1552,fdiv,8,0.8,0.08641073297370003
1553,corrected_richness,10,1,0.02748633611151034
1553,shannon,10,1,0.02748633611151034
1553,inv_simpson,10,1,0.02748633611151034
1553,trait_volume,-6,-0.6,0.2206713619198468
1553,trait_dispersion,-6,-0.6,0.2206713619198468
1553,rao_q,-6,-0.6,0.2206713619198468
1553,feve,0,0,1
1553,fdiv,6,0.6,0.2206713619198468
1554,corrected_richness,10,1,0.02748633611151034
1554,shannon,10,1,0.02748633611151034
1554,inv_simpson,10,1,0.02748633611151034
1554,trait_volume,-6,-0.6,0.2206713619198468
1554,trait_dispersion,-6,-0.6,0.2206713619198468
1554,rao_q,-6,-0.6,0.2206713619198468
1554,feve,-4,-0.4,0.4624327264504763
1554,fdiv,8,0.8,0.08641073297370003
1555,corrected_richness,10,1,0.02748633611151034
1555,shannon,10,1,0.02748633611151034
1555,inv_simpson,10,1,0.02748633611151034
1555,trait_volume,-6,-0.6,0.2206713619198468
1555,trait_dispersion,-6,-0.6,0.2206713619198468
1555,rao_q,-6,-0.6,0.2206713619198468
1555,feve,2,0.2,0.8064959405073402
1555,fdiv,6,0.6,0.2206713619198468
1556,corrected_richness,10,1,0.02748633611151034
1556,shannon,10,1,0.02748633611151034
1556,inv_simpson,10,1,0.02748633611151034
1556,trait_volume,-6,-0.6,0.2206713619198468
1556,trait_dispersion,-8,-0.8,0.08641073297370003
1556,rao_q,-6,-0.6,0.2206713619198468
1556,feve,6,0.6,0.2206713619198468
1556,fdiv,8,0.8,0.08641073297370003
1557,corrected_richness,10,1,0.02748633611151034
1557,shannon,10,1,0.02748633611151034
1557,inv_simpson,10,1,0.02748633611151034
1557,trait_volume,-6,-0.6,0.2206713619198468
1557,trait_dispersion,-8,-0.8,0.08641073297370003
1557,rao_q,-6,-0.6,0.2206713619198468
1557,feve,8,0.8,0.08641073297370003
1557,fdiv,8,0.8,0.08641073297370003
1558,corrected_richness,10,1,0.02748633611151034
1558,shannon,10,1,0.02748633611151034
1558,inv_simpson,10,1,0.02748633611151034
1558,trait_volume,-8,-0.8,0.08641073297370003
1558,trait_dispersion,-8,-0.8,0.08641073297370003
1558,rao_q,-8,-0.8,0.08641073297370003
1558,feve,10,1,0.02748633611151034
1558,fdiv,8,0.8,0.08641073297370003
1559,corrected_richness,10,1,0.02748633611151034
1559,shannon,10,1,0.02748633611151034
1559,inv_simpson,10,1,0.02748633611151034
1559,trait_volume,-8,-0.8,0.08641073297370003
1559,trait_dispersion,-8,-0.8,0.08641073297370003
1559,rao_q,-8,-0.8,0.08641073297370003
1559,feve,10,1,0.02748633611151034
1559,fdiv,8,0.8,0.08641073297370003
1560,corrected_richness,10,1,0.02748633611151034
1560,shannon,10,1,0.02748633611151034
1560,inv_simpson,10,1,0.02748633611151034
1560,trait_volume,-6,-0.6,0.2206713619198468
1560,trait_dispersion,-8,-0.8,0.08641073297370003
1560,rao_q,-6,-0.6,0.2206713619198468
1560,feve,10,1,0.02748633611151034
1560,fdiv,10,1,0.02748633611151034
1561,corrected_richness,10,1,0.02748633611151034
1561,shannon,10,1,0.02748633611151034
1561,inv_simpson,10,1,0.02748633611151034
1561,trait_volume,-6,-0.6,0.2206713619198468
1561,trait_dispersion,-8,-0.8,0.08641073297370003
1561,rao_q,-6,-0.6,0.2206713619198468
1561,feve,10,1,0.02748633611151034
1561,fdiv,10,1,0.02748633611151034
1562,corrected_richness,10,1,0.02748633611151034
1562,shannon,10,1,0.02748633611151034
1562,inv_simpson,10,1,0.02748633611151034
1562,trait_volume,-6,-0.6,0.2206713619198468
1562,trait_dispersion,-8,-0.8,0.08641073297370003
1562,rao_q,-10,-1,0.02748633611151034
1562,feve,10,1,0.02748633611151034
1562,fdiv,10,1,0.02748633611151034
1563,corrected_richness,10,1,0.02748633611151034
1563,shannon,10,1,0.02748633611151034
1563,inv_simpson,10,1,0.02748633611151034
1563,trait_volume,-10,-1,0.02748633611151034
1563,trait_dispersion,-10,-1,0.02748633611151034
1563,rao_q,-10,-1,0.02748633611151034
1563,feve,10,1,0.02748633611151034
1563,fdiv,10,1,0.02748633611151034
1564,corrected_richness,10,1,0.02748633611151034
1564,shannon,10,1,0.02748633611151034
1564,inv_simpson,10,1,0.02748633611151034
1564,trait_volume,-10,-1,0.02748633611151034
1564,trait_dispersion,-10,-1,0.02748633611151034
1564,rao_q,-10,-1,0.02748633611151034
1564,feve,10,1,0.02748633611151034
1564,fdiv,10,1,0.02748633611151034
1565,corrected_richness,10,1,0.02748633611151034
1565,shannon,10,1,0.02748633611151034
1565,inv_simpson,10,1,0.02748633611151034
1565,trait_volume,-10,-1,0.02748633611151034
1565,trait_dispersion,-10,-1,0.02748633611151034
1565,rao_q,-10,-1,0.02748633611151034
1565,feve,10,1,0.02748633611151034
1565,fdiv,10,1,0.02748633611151034
1566,corrected_richness,10,1,0.02748633611151034
1566,shannon,10,1,0.02748633611151034
1566,inv_simpson,10,1,0.02748633611151034
1566,trait_volume,-8,-0.8,0.08641073297370003
1566,trait_dispersion,-8,-0.8,0.08641073297370003
1566,rao_q,-8,-0.8,0.08641073297370003
1566,feve,8,0.8,0.08641073297370003
1566,fdiv,6,0.6,0.2206713619198468
1567,corrected_richness,10,1,0.02748633611151034
1567,shannon,10,1,0.02748633611151034
1567,inv_simpson,10,1,0.02748633611151034
1567,trait_volume,-10,-1,0.02748633611151034
1567,trait_dispersion,-10,-1,0.02748633611151034
1567,rao_q,-10,-1,0.02748633611151034
1567,feve,10,1,0.02748633611151034
1567,fdiv,8,0.8,0.08641073297370003
1568,corrected_richness,10,1,0.02748633611151034
1568,shannon,10,1,0.02748633611151034
1568,inv_simpson,10,1,0.02748633611151034
1568,trait_volume,-10,-1,0.02748633611151034
1568,trait_dispersion,-10,-1,0.02748633611151034
1568,rao_q,-10,-1,0.02748633611151034
1568,feve,10,1,0.02748633611151034
1568,fdiv,8,0.8,0.08641073297370003
1569,corrected_richness,10,1,0.02748633611151034
1569,shannon,10,1,0.02748633611151034
1569,inv_simpson,10,1,0.02748633611151034
1569,trait_volume,-10,-1,0.02748633611151034
1569,trait_dispersion,-10,-1,0.02748633611151034
1569,rao_q,-10,-1,0.02748633611151034
1569,feve,10,1,0.02748633611151034
1569,fdiv,8,0.8,0.08641073297370003
1570,corrected_richness,10,1,0.02748633611151034
1570,shannon,10,1,0.02748633611151034
1570,inv_simpson,10,1,0.02748633611151034
1570,trait_volume,-10,-1,0.02748633611151034
1570,trait_dispersion,-10,-1,0.02748633611151034
1570,rao_q,-10,-1,0.02748633611151034
1570,feve,10,1,0.02748633611151034
1570,fdiv,8,0.8,0.08641073297370003
1571,corrected_richness,10,1,0.02748633611151034
1571,shannon,10,1,0.02748633611151034
1571,inv_simpson,10,1,0.02748633611151034
1571,trait_volume,-10,-1,0.02748633611151034
1571,trait_dispersion,-10,-1,0.02748633611151034
1571,rao_q,-10,-1,0.02748633611151034
1571,feve,10,1,0.02748633611151034
1571,fdiv,8,0.8,0.08641073297370003
1586,corrected_richness,10,1,0.02748633611151034
1586,shannon,10,1,0.02748633611151034
1586,inv_simpson,10,1,0.02748633611151034
1586,trait_volume,-10,-1,0.02748633611151034
1586,trait_dispersion,-10,-1,0.02748633611151034
1586,rao_q,-10,-1,0.02748633611151034
1586,feve,10,1,0.02748633611151034
1586,fdiv,10,1,0.02748633611151034
1587,corrected_richness,10,1,0.02748633611151034
1587,shannon,10,1,0.02748633611151034
1587,inv_simpson,10,1,0.02748633611151034
1587,trait_volume,-10,-1,0.02748633611151034
1587,trait_dispersion,-10,-1,0.02748633611151034
1587,rao_q,-10,-1,0.02748633611151034
1587,feve,10,1,0.02748633611151034
1587,fdiv,10,1,0.02748633611151034
1588,corrected_richness,10,1,0.02748633611151034
1588,shannon,10,1,0.02748633611151034
1588,inv_simpson,10,1,0.02748633611151034
1588,trait_volume,-10,-1,0.02748633611151034
1588,trait_dispersion,-10,-1,0.02748633611151034
1588,rao_q,-10,-1,0.02748633611151034
1588,feve,10,1,0.02748633611151034
1588,fdiv,10,1,0.02748633611151034
1589,corrected_richness,10,1,0.02748633611151034
1589,shannon,10,1,0.02748633611151034
1589,inv_simpson,10,1,0.02748633611151034
1589,trait_volume,-10,-1,0.02748633611151034
1589,trait_dispersion,-10,-1,0.02748633611151034
1589,rao_q,-10,-1,0.02748633611151034
1589,feve,10,1,0.02748633611151034
1589,fdiv,10,1,0.02748633611151034
1590,corrected_richness,10,1,0.02748633611151034
1590,shannon,10,1,0.02748633611151034
1590,inv_simpson,10,1,0.02748633611151034
1590,trait_volume,-10,-1,0.02748633611151034
1590,trait_dispersion,-10,-1,0.02748633611151034
1590,rao_q,-10,-1,0.02748633611151034
1590,feve,10,1,0.02748633611151034
1590,fdiv,10,1,0.02748633611151034
1591,corrected_richness,10,1,0.02748633611151034
1591,shannon,10,1,0.02748633611151034
1591,inv_simpson,10,1,0.02748633611151034
1591,trait_volume,-10,-1,0.02748633611151034
1591,trait_dispersion,-10,-1,0.02748633611151034
1591,rao_q,-10,-1,0.02748633611151034
1591,feve,10,1,0.02748633611151034
1591,fdiv,10,1,0.02748633611151034
1592,corrected_richness,10,1,0.02748633611151034
1592,shannon,10,1,0.02748633611151034
1592,inv_simpson,10,1,0.02748633611151034
1592,trait_volume,-8,-0.8,0.08641073297370003
1592,trait_dispersion,-10,-1,0.02748633611151034
1592,rao_q,-4,-0.4,0.4624327264504763
1592,feve,10,1,0.02748633611151034
1592,fdiv,10,1,0.02748633611151034
1593,corrected_richness,10,1,0.02748633611151034
1593,shannon,10,1,0.02748633611151034
1593,inv_simpson,10,1,0.02748633611151034
1593,trait_volume,-10,-1,0.02748633611151034
1593,trait_dispersion,-10,-1,0.02748633611151034
1593,rao_q,-10,-1,0.02748633611151034
1593,feve,10,1,0.02748633611151034
1593,fdiv,10,1,0.02748633611151034
1594,corrected_richness,10,1,0.02748633611151034
1594,shannon,10,1,0.02748633611151034
1594,inv_simpson,10,1,0.02748633611151034
1594,trait_volume,-10,-1,0.02748633611151034
1594,trait_dispersion,-10,-1,0.02748633611151034
1594,rao_q,-10,-1,0.02748633611151034
1594,feve,10,1,0.02748633611151034
1594,fdiv,10,1,0.02748633611151034
1602,corrected_richness,10,1,0.02748633611151034
1602,shannon,10,1,0.02748633611151034
1602,inv_simpson,10,1,0.02748633611151034
1602,trait_volume,-10,-1,0.02748633611151034
1602,trait_dispersion,-10,-1,0.02748633611151034
1602,rao_q,-10,-1,0.02748633611151034
1602,feve,10,1,0.02748633611151034
1602,fdiv,10,1,0.02748633611151034
1608,corrected_richness,10,1,0.02748633611151034
1608,shannon,10,1,0.02748633611151034
1608,inv_simpson,10,1,0.02748633611151034
1608,trait_volume,-10,-1,0.02748633611151034
1608,trait_dispersion,-10,-1,0.02748633611151034
1608,rao_q,-10,-1,0.02748633611151034
1608,feve,10,1,0.02748633611151034
1608,fdiv,10,1,0.02748633611151034
1609,corrected_richness,10,1,0.02748633611151034
1609,shannon,10,1,0.02748633611151034
1609,inv_simpson,10,1,0.02748633611151034
1609,trait_volume,-10,-1,0.02748633611151034
1609,trait_dispersion,-10,-1,0.02748633611151034
1609,rao_q,-10,-1,0.02748633611151034
1609,feve,10,1,0.02748633611151034
1609,fdiv,10,1,0.02748633611151034
1610,corrected_richness,10,1,0.02748633611151034
1610,shannon,10,1,0.02748633611151034
1610,inv_simpson,10,1,0.02748633611151034
1610,trait_volume,-10,-1,0.02748633611151034
1610,trait_dispersion,-10,-1,0.02748633611151034
1610,rao_q,-10,-1,0.02748633611151034
1610,feve,10,1,0.02748633611151034
1610,fdiv,10,1,0.02748633611151034
1612,corrected_richness,10,1,0.02748633611151034
1612,shannon,10,1,0.02748633611151034
1612,inv_simpson,10,1,0.02748633611151034
1612,trait_volume,-10,-1,0.02748633611151034
1612,trait_dispersion,-10,-1,0.02748633611151034
1612,rao_q,-10,-1,0.02748633611151034
1612,feve,10,1,0.02748633611151034
1612,fdiv,10,1,0.02748633611151034
1613,corrected_richness,10,1,0.02748633611151034
1613,shannon,10,1,0.02748633611151034
1613,inv_simpson,10,1,0.02748633611151034
1613,trait_volume,-10,-1,0.02748633611151034
1613,trait_dispersion,-10,-1,0.02748633611151034
1613,rao_q,-10,-1,0.02748633611151034
1613,feve,10,1,0.02748633611151034
1613,fdiv,10,1,0.02748633611151034
1614,corrected_richness,10,1,0.02748633611151034
1614,shannon,10,1,0.02748633611151034
1614,inv_simpson,10,1,0.02748633611151034
1614,trait_volume,-10,-1,0.02748633611151034
1614,trait_dispersion,-10,-1,0.02748633611151034
1614,rao_q,-10,-1,0.02748633611151034
1614,feve,10,1,0.02748633611151034
1614,fdiv,10,1,0.02748633611151034
1616,corrected_richness,10,1,0.02748633611151034
1616,shannon,10,1,0.02748633611151034
1616,inv_simpson,10,1,0.02748633611151034
1616,trait_volume,-10,-1,0.02748633611151034
1616,trait_dispersion,-10,-1,0.02748633611151034
1616,rao_q,-10,-1,0.02748633611151034
1616,feve,10,1,0.02748633611151034
1616,fdiv,10,1,0.02748633611151034
1617,corrected_richness,10,1,0.02748633611151034
1617,shannon,10,1,0.02748633611151034
1617,inv_simpson,10,1,0.02748633611151034
1617,trait_volume,-10,-1,0.02748633611151034
1617,trait_dispersion,-10,-1,0.02748633611151034
1617,rao_q,-10,-1,0.02748633611151034
1617,feve,8,0.8,0.08641073297370003
1617,fdiv,10,1,0.02748633611151034
1618,corrected_richness,10,1,0.02748633611151034
1618,shannon,10,1,0.02748633611151034
1618,inv_simpson,10,1,0.02748633611151034
1618,trait_volume,-10,-1,0.02748633611151034
1618,trait_dispersion,-10,-1,0.02748633611151034
1618,rao_q,-10,-1,0.02748633611151034
1618,feve,8,0.8,0.08641073297370003
1618,fdiv,8,0.8,0.08641073297370003
1619,corrected_richness,10,1,0.02748633611151034
1619,shannon,10,1,0.02748633611151034
1619,inv_simpson,10,1,0.02748633611151034
1619,trait_volume,-10,-1,0.02748633611151034
1619,trait_dispersion,-8,-0.8,0.08641073297370003
1619,rao_q,-10,-1,0.02748633611151034
1619,feve,-2,-0.2,0.8064959405073402
1619,fdiv,8,0.8,0.08641073297370003
1620,corrected_richness,10,1,0.02748633611151034
1620,shannon,10,1,0.02748633611151034
1620,inv_simpson,10,1,0.02748633611151034
1620,trait_volume,-8,-0.8,0.08641073297370003
1620,trait_dispersion,-8,-0.8,0.08641073297370003
1620,rao_q,-8,-0.8,0.08641073297370003
1620,feve,-2,-0.2,0.8064959405073402
1620,fdiv,8,0.8,0.08641073297370003
1621,corrected_richness,10,1,0.02748633611151034
1621,shannon,10,1,0.02748633611151034
1621,inv_simpson,10,1,0.02748633611151034
1621,trait_volume,-8,-0.8,0.08641073297370003
1621,trait_dispersion,-8,-0.8,0.08641073297370003
1621,rao_q,-8,-0.8,0.08641073297370003
1621,feve,-2,-0.2,0.8064959405073402
1621,fdiv,8,0.8,0.08641073297370003
1622,corrected_richness,10,1,0.02748633611151034
1622,shannon,10,1,0.02748633611151034
1622,inv_simpson,10,1,0.02748633611151034
1622,trait_volume,-8,-0.8,0.08641073297370003
1622,trait_dispersion,-8,-0.8,0.08641073297370003
1622,rao_q,-8,-0.8,0.08641073297370003
1622,feve,0,0,1
1622,fdiv,8,0.8,0.08641073297370003
1623,corrected_richness,10,1,0.02748633611151034
1623,shannon,10,1,0.02748633611151034
1623,inv_simpson,10,1,0.02748633611151034
1623,trait_volume,-8,-0.8,0.08641073297370003
1623,trait_dispersion,-8,-0.8,0.08641073297370003
1623,rao_q,-8,-0.8,0.08641073297370003
1623,feve,-2,-0.2,0.8064959405073402
1623,fdiv,8,0.8,0.08641073297370003
1624,corrected_richness,10,1,0.02748633611151034
1624,shannon,10,1,0.02748633611151034
1624,inv_simpson,10,1,0.02748633611151034
1624,trait_volume,-10,-1,0.02748633611151034
1624,trait_dispersion,-8,-0.8,0.08641073297370003
1624,rao_q,-10,-1,0.02748633611151034
1624,feve,8,0.8,0.08641073297370003
1624,fdiv,8,0.8,0.08641073297370003
1625,corrected_richness,10,1,0.02748633611151034
1625,shannon,10,1,0.02748633611151034
1625,inv_simpson,10,1,0.02748633611151034
1625,trait_volume,-10,-1,0.02748633611151034
1625,trait_dispersion,-10,-1,0.02748633611151034
1625,rao_q,-10,-1,0.02748633611151034
1625,feve,6,0.6,0.2206713619198468
1625,fdiv,8,0.8,0.08641073297370003
1626,corrected_richness,10,1,0.02748633611151034
1626,shannon,10,1,0.02748633611151034
1626,inv_simpson,10,1,0.02748633611151034
1626,trait_volume,-6,-0.6,0.2206713619198468
1626,trait_dispersion,-6,-0.6,0.2206713619198468
1626,rao_q,-6,-0.6,0.2206713619198468
1626,feve,8,0.8,0.08641073297370003
1626,fdiv,6,0.6,0.2206713619198468
1627,corrected_richness,10,1,0.02748633611151034
1627,shannon,10,1,0.02748633611151034
1627,inv_simpson,10,1,0.02748633611151034
1627,trait_volume,-4,-0.4,0.4624327264504763
1627,trait_dispersion,-2,-0.2,0.8064959405073402
1627,rao_q,-4,-0.4,0.4624327264504763
1627,feve,4,0.4,0.4624327264504763
1627,fdiv,-2,-0.2,0.8064959405073402
1629,corrected_richness,10,1,0.02748633611151034
1629,shannon,10,1,0.02748633611151034
1629,inv_simpson,10,1,0.02748633611151034
1629,trait_volume,-6,-0.6,0.2206713619198468
1629,trait_dispersion,-8,-0.8,0.08641073297370003
1629,rao_q,-6,-0.6,0.2206713619198468
1629,feve,10,1,0.02748633611151034
1629,fdiv,8,0.8,0.08641073297370003
1630,corrected_richness,10,1,0.02748633611151034
1630,shannon,10,1,0.02748633611151034
1630,inv_simpson,10,1,0.02748633611151034
1630,trait_volume,-6,-0.6,0.2206713619198468
1630,trait_dispersion,-8,-0.8,0.08641073297370003
1630,rao_q,-6,-0.6,0.2206713619198468
1630,feve,10,1,0.02748633611151034
1630,fdiv,8,0.8,0.08641073297370003
1631,corrected_richness,10,1,0.02748633611151034
1631,shannon,10,1,0.02748633611151034
1631,inv_simpson,10,1,0.02748633611151034
1631,trait_volume,-6,-0.6,0.2206713619198468
1631,trait_dispersion,-8,-0.8,0.08641073297370003
1631,rao_q,-6,-0.6,0.2206713619198468
1631,feve,10,1,0.02748633611151034
1631,fdiv,10,1,0.02748633611151034
1632,corrected_richness,10,1,0.02748633611151034
1632,shannon,10,1,0.02748633611151034
1632,inv_simpson,10,1,0.02748633611151034
1632,trait_volume,-10,-1,0.02748633611151034
1632,trait_dispersion,-10,-1,0.02748633611151034
1632,rao_q,-10,-1,0.02748633611151034
1632,feve,10,1,0.02748633611151034
1632,fdiv,8,0.8,0.08641073297370003
1633,corrected_richness,10,1,0.02748633611151034
1633,shannon,10,1,0.02748633611151034
1633,inv_simpson,10,1,0.02748633611151034
1633,trait_volume,-8,-0.8,0.08641073297370003
1633,trait_dispersion,-8,-0.8,0.08641073297370003
1633,rao_q,-8,-0.8,0.08641073297370003
1633,feve,10,1,0.02748633611151034
1633,fdiv,8,0.8,0.08641073297370003
1634,corrected_richness,10,1,0.02748633611151034
1634,shannon,10,1,0.02748633611151034
1634,inv_simpson,10,1,0.02748633611151034
1634,trait_volume,-8,-0.8,0.08641073297370003
1634,trait_dispersion,-8,-0.8,0.08641073297370003
1634,rao_q,-8,-0.8,0.08641073297370003
1634,feve,10,1,0.02748633611151034
1634,fdiv,10,1,0.02748633611151034
1635,corrected_richness,10,1,0.02748633611151034
1635,shannon,10,1,0.02748633611151034
1635,inv_simpson,10,1,0.02748633611151034
1635,trait_volume,-8,-0.8,0.08641073297370003
1635,trait_dispersion,-8,-0.8,0.08641073297370003
1635,rao_q,-8,-0.8,0.08641073297370003
1635,feve,10,1,0.02748633611151034
1635,fdiv,10,1,0.02748633611151034
1636,corrected_richness,10,1,0.02748633611151034
1636,shannon,10,1,0.02748633611151034
1636,inv_simpson,10,1,0.02748633611151034
1636,trait_volume,-8,-0.8,0.08641073297370003
1636,trait_dispersion,-8,-0.8,0.08641073297370003
1636,rao_q,-10,-1,0.02748633611151034
1636,feve,10,1,0.02748633611151034
1636,fdiv,10,1,0.02748633611151034
1637,corrected_richness,10,1,0.02748633611151034
1637,shannon,10,1,0.02748633611151034
1637,inv_simpson,10,1,0.02748633611151034
1637,trait_volume,-8,-0.8,0.08641073297370003
1637,trait_dispersion,-8,-0.8,0.08641073297370003
1637,rao_q,-10,-1,0.02748633611151034
1637,feve,10,1,0.02748633611151034
1637,fdiv,10,1,0.02748633611151034
1639,corrected_richness,10,1,0.02748633611151034
1639,shannon,10,1,0.02748633611151034
1639,inv_simpson,10,1,0.02748633611151034
1639,trait_volume,-10,-1,0.02748633611151034
1639,trait_dispersion,-10,-1,0.02748633611151034
1639,rao_q,-10,-1,0.02748633611151034
1639,feve,10,1,0.02748633611151034
1639,fdiv,6,0.6,0.2206713619198468
1640,corrected_richness,10,1,0.02748633611151034
1640,shannon,10,1,0.02748633611151034
1640,inv_simpson,10,1,0.02748633611151034
1640,trait_volume,-10,-1,0.02748633611151034
1640,trait_dispersion,-10,-1,0.02748633611151034
1640,rao_q,-10,-1,0.02748633611151034
1640,feve,10,1,0.02748633611151034
1640,fdiv,10,1,0.02748633611151034
1641,corrected_richness,10,1,0.02748633611151034
1641,shannon,10,1,0.02748633611151034
1641,inv_simpson,10,1,0.02748633611151034
1641,trait_volume,-10,-1,0.02748633611151034
1641,trait_dispersion,-10,-1,0.02748633611151034
1641,rao_q,-10,-1,0.02748633611151034
1641,feve,10,1,0.02748633611151034
1641,fdiv,8,0.8,0.08641073297370003
1642,corrected_richness,10,1,0.02748633611151034
1642,shannon,10,1,0.02748633611151034
1642,inv_simpson,10,1,0.02748633611151034
1642,trait_volume,-10,-1,0.02748633611151034
1642,trait_dispersion,-10,-1,0.02748633611151034
1642,rao_q,-10,-1,0.02748633611151034
1642,feve,10,1,0.02748633611151034
1642,fdiv,8,0.8,0.08641073297370003
1658,corrected_richness,10,1,0.02748633611151034
1658,shannon,10,1,0.02748633611151034
1658,inv_simpson,10,1,0.02748633611151034
1658,trait_volume,-10,-1,0.02748633611151034
1658,trait_dispersion,-10,-1,0.02748633611151034
1658,rao_q,-8,-0.8,0.08641073297370003
1658,feve,10,1,0.02748633611151034
1658,fdiv,10,1,0.02748633611151034
1659,corrected_richness,10,1,0.02748633611151034
1659,shannon,10,1,0.02748633611151034
1659,inv_simpson,10,1,0.02748633611151034
1659,trait_volume,-10,-1,0.02748633611151034
1659,trait_dispersion,-10,-1,0.02748633611151034
1659,rao_q,-10,-1,0.02748633611151034
1659,feve,10,1,0.02748633611151034
1659,fdiv,10,1,0.02748633611151034
1660,corrected_richness,10,1,0.02748633611151034
1660,shannon,10,1,0.02748633611151034
1660,inv_simpson,10,1,0.02748633611151034
1660,trait_volume,-10,-1,0.02748633611151034
1660,trait_dispersion,-10,-1,0.02748633611151034
1660,rao_q,-10,-1,0.02748633611151034
1660,feve,10,1,0.02748633611151034
1660,fdiv,10,1,0.02748633611151034
1661,corrected_richness,10,1,0.02748633611151034
1661,shannon,10,1,0.02748633611151034
1661,inv_simpson,10,1,0.02748633611151034
1661,trait_volume,-10,-1,0.02748633611151034
1661,trait_dispersion,-10,-1,0.02748633611151034
1661,rao_q,-10,-1,0.02748633611151034
1661,feve,10,1,0.02748633611151034
1661,fdiv,10,1,0.02748633611151034
1662,corrected_richness,10,1,0.02748633611151034
1662,shannon,10,1,0.02748633611151034
1662,inv_simpson,10,1,0.02748633611151034
1662,trait_volume,-10,-1,0.02748633611151034
1662,trait_dispersion,-10,-1,0.02748633611151034
1662,rao_q,-10,-1,0.02748633611151034
1662,feve,10,1,0.02748633611151034
1662,fdiv,10,1,0.02748633611151034
1666,corrected_richness,10,1,0.02748633611151034
1666,shannon,10,1,0.02748633611151034
1666,inv_simpson,10,1,0.02748633611151034
1666,trait_volume,-10,-1,0.02748633611151034
1666,trait_dispersion,-10,-1,0.02748633611151034
1666,rao_q,-10,-1,0.02748633611151034
1666,feve,10,1,0.02748633611151034
1666,fdiv,10,1,0.02748633611151034
1669,corrected_richness,10,1,0.02748633611151034
1669,shannon,10,1,0.02748633611151034
1669,inv_simpson,10,1,0.02748633611151034
1669,trait_volume,-10,-1,0.02748633611151034
1669,trait_dispersion,-10,-1,0.02748633611151034
1669,rao_q,-10,-1,0.02748633611151034
1669,feve,10,1,0.02748633611151034
1669,fdiv,10,1,0.02748633611151034
1672,corrected_richness,10,1,0.02748633611151034
1672,shannon,10,1,0.02748633611151034
1672,inv_simpson,10,1,0.02748633611151034
1672,trait_volume,-10,-1,0.02748633611151034
1672,trait_dispersion,-10,-1,0.02748633611151034
1672,rao_q,-10,-1,0.02748633611151034
1672,feve,10,1,0.02748633611151034
1672,fdiv,10,1,0.02748633611151034
1674,corrected_richness,10,1,0.02748633611151034
1674,shannon,10,1,0.02748633611151034
1674,inv_simpson,10,1,0.02748633611151034
1674,trait_volume,-10,-1,0.02748633611151034
1674,trait_dispersion,-10,-1,0.02748633611151034
1674,rao_q,-10,-1,0.02748633611151034
1674,feve,10,1,0.02748633611151034
1674,fdiv,10,1,0.02748633611151034
1675,corrected_richness,10,1,0.02748633611151034
1675,shannon,10,1,0.02748633611151034
1675,inv_simpson,10,1,0.02748633611151034
1675,trait_volume,-10,-1,0.02748633611151034
1675,trait_dispersion,-10,-1,0.02748633611151034
1675,rao_q,-10,-1,0.02748633611151034
1675,feve,10,1,0.02748633611151034
1675,fdiv,10,1,0.02748633611151034
1676,corrected_richness,10,1,0.02748633611151034
1676,shannon,10,1,0.02748633611151034
1676,inv_simpson,10,1,0.02748633611151034
1676,trait_volume,-10,-1,0.02748633611151034
1676,trait_dispersion,-10,-1,0.02748633611151034
1676,rao_q,-10,-1,0.02748633611151034
1676,feve,10,1,0.02748633611151034
1676,fdiv,10,1,0.02748633611151034
1678,corrected_richness,10,1,0.02748633611151034
1678,shannon,10,1,0.02748633611151034
1678,inv_simpson,10,1,0.02748633611151034
1678,trait_volume,-10,-1,0.02748633611151034
1678,trait_dispersion,-10,-1,0.02748633611151034
1678,rao_q,-10,-1,0.02748633611151034
1678,feve,10,1,0.02748633611151034
1678,fdiv,10,1,0.02748633611151034
1679,corrected_richness,10,1,0.02748633611151034
1679,shannon,10,1,0.02748633611151034
1679,inv_simpson,10,1,0.02748633611151034
1679,trait_volume,-10,-1,0.02748633611151034
1679,trait_dispersion,-10,-1,0.02748633611151034
1679,rao_q,-10,-1,0.02748633611151034
1679,feve,10,1,0.02748633611151034
1679,fdiv,10,1,0.02748633611151034
1680,corrected_richness,10,1,0.02748633611151034
1680,shannon,10,1,0.02748633611151034
1680,inv_simpson,10,1,0.02748633611151034
1680,trait_volume,-10,-1,0.02748633611151034
1680,trait_dispersion,-10,-1,0.02748633611151034
1680,rao_q,-10,-1,0.02748633611151034
1680,feve,10,1,0.02748633611151034
1680,fdiv,10,1,0.02748633611151034
1681,corrected_richness,10,1,0.02748633611151034
1681,shannon,10,1,0.02748633611151034
1681,inv_simpson,10,1,0.02748633611151034
1681,trait_volume,-10,-1,0.02748633611151034
1681,trait_dispersion,-10,-1,0.02748633611151034
1681,rao_q,-10,-1,0.02748633611151034
1681,feve,10,1,0.02748633611151034
1681,fdiv,10,1,0.02748633611151034
1684,corrected_richness,10,1,0.02748633611151034
1684,shannon,10,1,0.02748633611151034
1684,inv_simpson,10,1,0.02748633611151034
1684,trait_volume,-10,-1,0.02748633611151034
1684,trait_dispersion,-10,-1,0.02748633611151034
1684,rao_q,-10,-1,0.02748633611151034
1684,feve,2,0.2,0.8064959405073402
1684,fdiv,10,1,0.02748633611151034
1685,corrected_richness,10,1,0.02748633611151034
1685,shannon,10,1,0.02748633611151034
1685,inv_simpson,10,1,0.02748633611151034
1685,trait_volume,-10,-1,0.02748633611151034
1685,trait_dispersion,-10,-1,0.02748633611151034
1685,rao_q,-10,-1,0.02748633611151034
1685,feve,10,1,0.02748633611151034
1685,fdiv,10,1,0.02748633611151034
1686,corrected_richness,10,1,0.02748633611151034
1686,shannon,10,1,0.02748633611151034
1686,inv_simpson,10,1,0.02748633611151034
1686,trait_volume,-10,-1,0.02748633611151034
1686,trait_dispersion,-10,-1,0.02748633611151034
1686,rao_q,-10,-1,0.02748633611151034
1686,feve,8,0.8,0.08641073297370003
1686,fdiv,8,0.8,0.08641073297370003
1687,corrected_richness,10,1,0.02748633611151034
1687,shannon,10,1,0.02748633611151034
1687,inv_simpson,10,1,0.02748633611151034
1687,trait_volume,-10,-1,0.02748633611151034
1687,trait_dispersion,-8,-0.8,0.08641073297370003
1687,rao_q,-10,-1,0.02748633611151034
1687,feve,6,0.6,0.2206713619198468
1687,fdiv,8,0.8,0.08641073297370003
1688,corrected_richness,10,1,0.02748633611151034
1688,shannon,10,1,0.02748633611151034
1688,inv_simpson,10,1,0.02748633611151034
1688,trait_volume,-10,-1,0.02748633611151034
1688,trait_dispersion,-8,-0.8,0.08641073297370003
1688,rao_q,-10,-1,0.02748633611151034
1688,feve,8,0.8,0.08641073297370003
1688,fdiv,8,0.8,0.08641073297370003
1689,corrected_richness,10,1,0.02748633611151034
1689,shannon,10,1,0.02748633611151034
1689,inv_simpson,10,1,0.02748633611151034
1689,trait_volume,-8,-0.8,0.08641073297370003
1689,trait_dispersion,-8,-0.8,0.08641073297370003
1689,rao_q,-8,-0.8,0.08641073297370003
1689,feve,8,0.8,0.08641073297370003
1689,fdiv,8,0.8,0.08641073297370003
1692,corrected_richness,10,1,0.02748633611151034
1692,shannon,10,1,0.02748633611151034
1692,inv_simpson,10,1,0.02748633611151034
1692,trait_volume,-10,-1,0.02748633611151034
1692,trait_dispersion,-8,-0.8,0.08641073297370003
1692,rao_q,-10,-1,0.02748633611151034
1692,feve,8,0.8,0.08641073297370003
1692,fdiv,8,0.8,0.08641073297370003
1693,corrected_richness,10,1,0.02748633611151034
1693,shannon,10,1,0.02748633611151034
1693,inv_simpson,10,1,0.02748633611151034
1693,trait_volume,-10,-1,0.02748633611151034
1693,trait_dispersion,-8,-0.8,0.08641073297370003
1693,rao_q,-10,-1,0.02748633611151034
1693,feve,2,0.2,0.8064959405073402
1693,fdiv,8,0.8,0.08641073297370003
1694,corrected_richness,10,1,0.02748633611151034
1694,shannon,10,1,0.02748633611151034
1694,inv_simpson,10,1,0.02748633611151034
1694,trait_volume,-10,-1,0.02748633611151034
1694,trait_dispersion,-8,-0.8,0.08641073297370003
1694,rao_q,-8,-0.8,0.08641073297370003
1694,feve,4,0.4,0.4624327264504763
1694,fdiv,8,0.8,0.08641073297370003
1695,corrected_richness,10,1,0.02748633611151034
1695,shannon,10,1,0.02748633611151034
1695,inv_simpson,10,1,0.02748633611151034
1695,trait_volume,-8,-0.8,0.08641073297370003
1695,trait_dispersion,-8,-0.8,0.08641073297370003
1695,rao_q,-8,-0.8,0.08641073297370003
1695,feve,2,0.2,0.8064959405073402
1695,fdiv,8,0.8,0.08641073297370003
1696,corrected_richness,10,1,0.02748633611151034
1696,shannon,10,1,0.02748633611151034
1696,inv_simpson,10,1,0.02748633611151034
1696,trait_volume,-8,-0.8,0.08641073297370003
1696,trait_dispersion,-8,-0.8,0.08641073297370003
1696,rao_q,-8,-0.8,0.08641073297370003
1696,feve,0,0,1
1696,fdiv,8,0.8,0.08641073297370003
1697,corrected_richness,10,1,0.02748633611151034
1697,shannon,10,1,0.02748633611151034
1697,inv_simpson,10,1,0.02748633611151034
1697,trait_volume,-8,-0.8,0.08641073297370003
1697,trait_dispersion,-8,-0.8,0.08641073297370003
1697,rao_q,-8,-0.8,0.08641073297370003
1697,feve,2,0.2,0.8064959405073402
1697,fdiv,8,0.8,0.08641073297370003
1698,corrected_richness,10,1,0.02748633611151034
1698,shannon,10,1,0.02748633611151034
1698,inv_simpson,10,1,0.02748633611151034
1698,trait_volume,-8,-0.8,0.08641073297370003
1698,trait_dispersion,-8,-0.8,0.08641073297370003
1698,rao_q,-8,-0.8,0.08641073297370003
1698,feve,4,0.4,0.4624327264504763
1698,fdiv,8,0.8,0.08641073297370003
1699,corrected_richness,10,1,0.02748633611151034
1699,shannon,10,1,0.02748633611151034
1699,inv_simpson,10,1,0.02748633611151034
1699,trait_volume,-8,-0.8,0.08641073297370003
1699,trait_dispersion,-8,-0.8,0.08641073297370003
1699,rao_q,-8,-0.8,0.08641073297370003
1699,feve,4,0.4,0.4624327264504763
1699,fdiv,6,0.6,0.2206713619198468
1700,corrected_richness,10,1,0.02748633611151034
1700,shannon,10,1,0.02748633611151034
1700,inv_simpson,10,1,0.02748633611151034
1700,trait_volume,-8,-0.8,0.08641073297370003
1700,trait_dispersion,-8,-0.8,0.08641073297370003
1700,rao_q,-8,-0.8,0.08641073297370003
1700,feve,8,0.8,0.08641073297370003
1700,fdiv,6,0.6,0.2206713619198468
1701,corrected_richness,10,1,0.02748633611151034
1701,shannon,10,1,0.02748633611151034
1701,inv_simpson,10,1,0.02748633611151034
1701,trait_volume,-10,-1,0.02748633611151034
1701,trait_dispersion,-10,-1,0.02748633611151034
1701,rao_q,-10,-1,0.02748633611151034
1701,feve,8,0.8,0.08641073297370003
1701,fdiv,8,0.8,0.08641073297370003
1702,corrected_richness,10,1,0.02748633611151034
1702,shannon,10,1,0.02748633611151034
1702,inv_simpson,10,1,0.02748633611151034
1702,trait_volume,-10,-1,0.02748633611151034
1702,trait_dispersion,-10,-1,0.02748633611151034
1702,rao_q,-10,-1,0.02748633611151034
1702,feve,8,0.8,0.08641073297370003
1702,fdiv,8,0.8,0.08641073297370003
1703,corrected_richness,10,1,0.02748633611151034
1703,shannon,10,1,0.02748633611151034
1703,inv_simpson,10,1,0.02748633611151034
1703,trait_volume,-10,-1,0.02748633611151034
1703,trait_dispersion,-10,-1,0.02748633611151034
1703,rao_q,-10,-1,0.02748633611151034
1703,feve,10,1,0.02748633611151034
1703,fdiv,8,0.8,0.08641073297370003
1704,corrected_richness,10,1,0.02748633611151034
1704,shannon,10,1,0.02748633611151034
1704,inv_simpson,10,1,0.02748633611151034
1704,trait_volume,-10,-1,0.02748633611151034
1704,trait_dispersion,-10,-1,0.02748633611151034
1704,rao_q,-10,-1,0.02748633611151034
1704,feve,10,1,0.02748633611151034
1704,fdiv,10,1,0.02748633611151034
1705,corrected_richness,10,1,0.02748633611151034
1705,shannon,10,1,0.02748633611151034
1705,inv_simpson,10,1,0.02748633611151034
1705,trait_volume,-8,-0.8,0.08641073297370003
1705,trait_dispersion,-8,-0.8,0.08641073297370003
1705,rao_q,-8,-0.8,0.08641073297370003
1705,feve,10,1,0.02748633611151034
1705,fdiv,6,0.6,0.2206713619198468
1706,corrected_richness,10,1,0.02748633611151034
1706,shannon,10,1,0.02748633611151034
1706,inv_simpson,10,1,0.02748633611151034
1706,trait_volume,-6,-0.6,0.2206713619198468
1706,trait_dispersion,-4,-0.4,0.4624327264504763
1706,rao_q,-2,-0.2,0.8064959405073402
1706,feve,8,0.8,0.08641073297370003
1706,fdiv,-10,-1,0.02748633611151034
1707,corrected_richness,10,1,0.02748633611151034
1707,shannon,10,1,0.02748633611151034
1707,inv_simpson,10,1,0.02748633611151034
1707,trait_volume,-10,-1,0.02748633611151034
1707,trait_dispersion,-10,-1,0.02748633611151034
1707,rao_q,-10,-1,0.02748633611151034
1707,feve,10,1,0.02748633611151034
1707,fdiv,10,1,0.02748633611151034
1708,corrected_richness,10,1,0.02748633611151034
1708,shannon,10,1,0.02748633611151034
1708,inv_simpson,10,1,0.02748633611151034
1708,trait_volume,-8,-0.8,0.08641073297370003
1708,trait_dispersion,-8,-0.8,0.08641073297370003
1708,rao_q,-8,-0.8,0.08641073297370003
1708,feve,10,1,0.02748633611151034
1708,fdiv,8,0.8,0.08641073297370003
1710,corrected_richness,10,1,0.02748633611151034
1710,shannon,10,1,0.02748633611151034
1710,inv_simpson,10,1,0.02748633611151034
1710,trait_volume,-8,-0.8,0.08641073297370003
1710,trait_dispersion,-8,-0.8,0.08641073297370003
1710,rao_q,-8,-0.8,0.08641073297370003
1710,feve,10,1,0.02748633611151034
1710,fdiv,8,0.8,0.08641073297370003
1711,corrected_richness,10,1,0.02748633611151034
1711,shannon,10,1,0.02748633611151034
1711,inv_simpson,10,1,0.02748633611151034
1711,trait_volume,-10,-1,0.02748633611151034
1711,trait_dispersion,-10,-1,0.02748633611151034
1711,rao_q,-10,-1,0.02748633611151034
1711,feve,10,1,0.02748633611151034
1711,fdiv,6,0.6,0.2206713619198468
1712,corrected_richness,10,1,0.02748633611151034
1712,shannon,10,1,0.02748633611151034
1712,inv_simpson,10,1,0.02748633611151034
1712,trait_volume,-10,-1,0.02748633611151034
1712,trait_dispersion,-10,-1,0.02748633611151034
1712,rao_q,-10,-1,0.02748633611151034
1712,feve,10,1,0.02748633611151034
1712,fdiv,6,0.6,0.2206713619198468
1731,corrected_richness,10,1,0.02748633611151034
1731,shannon,10,1,0.02748633611151034
1731,inv_simpson,10,1,0.02748633611151034
1731,trait_volume,-10,-1,0.02748633611151034
1731,trait_dispersion,-10,-1,0.02748633611151034
1731,rao_q,-10,-1,0.02748633611151034
1731,feve,10,1,0.02748633611151034
1731,fdiv,10,1,0.02748633611151034
1732,corrected_richness,10,1,0.02748633611151034
1732,shannon,10,1,0.02748633611151034
1732,inv_simpson,10,1,0.02748633611151034
1732,trait_volume,-10,-1,0.02748633611151034
1732,trait_dispersion,-10,-1,0.02748633611151034
1732,rao_q,-10,-1,0.02748633611151034
1732,feve,10,1,0.02748633611151034
1732,fdiv,10,1,0.02748633611151034
1733,corrected_richness,10,1,0.02748633611151034
1733,shannon,10,1,0.02748633611151034
1733,inv_simpson,10,1,0.02748633611151034
1733,trait_volume,-10,-1,0.02748633611151034
1733,trait_dispersion,-10,-1,0.02748633611151034
1733,rao_q,-10,-1,0.02748633611151034
1733,feve,10,1,0.02748633611151034
1733,fdiv,10,1,0.02748633611151034
1734,corrected_richness,10,1,0.02748633611151034
1734,shannon,10,1,0.02748633611151034
1734,inv_simpson,10,1,0.02748633611151034
1734,trait_volume,-10,-1,0.02748633611151034
1734,trait_dispersion,-10,-1,0.02748633611151034
1734,rao_q,-10,-1,0.02748633611151034
1734,feve,10,1,0.02748633611151034
1734,fdiv,10,1,0.02748633611151034
1738,corrected_richness,10,1,0.02748633611151034
1738,shannon,10,1,0.02748633611151034
1738,inv_simpson,10,1,0.02748633611151034
1738,trait_volume,-10,-1,0.02748633611151034
1738,trait_dispersion,-10,-1,0.02748633611151034
1738,rao_q,-10,-1,0.02748633611151034
1738,feve,10,1,0.02748633611151034
1738,fdiv,10,1,0.02748633611151034
1739,corrected_richness,10,1,0.02748633611151034
1739,shannon,10,1,0.02748633611151034
1739,inv_simpson,10,1,0.02748633611151034
1739,trait_volume,-10,-1,0.02748633611151034
1739,trait_dispersion,-10,-1,0.02748633611151034
1739,rao_q,-10,-1,0.02748633611151034
1739,feve,10,1,0.02748633611151034
1739,fdiv,10,1,0.02748633611151034
1743,corrected_richness,10,1,0.02748633611151034
1743,shannon,10,1,0.02748633611151034
1743,inv_simpson,10,1,0.02748633611151034
1743,trait_volume,-10,-1,0.02748633611151034
1743,trait_dispersion,-10,-1,0.02748633611151034
1743,rao_q,-10,-1,0.02748633611151034
1743,feve,10,1,0.02748633611151034
1743,fdiv,10,1,0.02748633611151034
1748,corrected_richness,10,1,0.02748633611151034
1748,shannon,10,1,0.02748633611151034
1748,inv_simpson,10,1,0.02748633611151034
1748,trait_volume,-10,-1,0.02748633611151034
1748,trait_dispersion,-10,-1,0.02748633611151034
1748,rao_q,-10,-1,0.02748633611151034
1748,feve,10,1,0.02748633611151034
1748,fdiv,10,1,0.02748633611151034
1749,corrected_richness,10,1,0.02748633611151034
1749,shannon,10,1,0.02748633611151034
1749,inv_simpson,10,1,0.02748633611151034
1749,trait_volume,-10,-1,0.02748633611151034
1749,trait_dispersion,-10,-1,0.02748633611151034
1749,rao_q,-10,-1,0.02748633611151034
1749,feve,10,1,0.02748633611151034
1749,fdiv,10,1,0.02748633611151034
1753,corrected_richness,10,1,0.02748633611151034
1753,shannon,10,1,0.02748633611151034
1753,inv_simpson,10,1,0.02748633611151034
1753,trait_volume,-10,-1,0.02748633611151034
1753,trait_dispersion,-10,-1,0.02748633611151034
1753,rao_q,-10,-1,0.02748633611151034
1753,feve,10,1,0.02748633611151034
1753,fdiv,10,1,0.02748633611151034
1755,corrected_richness,10,1,0.02748633611151034
1755,shannon,10,1,0.02748633611151034
1755,inv_simpson,10,1,0.02748633611151034
1755,trait_volume,-10,-1,0.02748633611151034
1755,trait_dispersion,-10,-1,0.02748633611151034
1755,rao_q,-10,-1,0.02748633611151034
1755,feve,10,1,0.02748633611151034
1755,fdiv,10,1,0.02748633611151034
1756,corrected_richness,10,1,0.02748633611151034
1756,shannon,10,1,0.02748633611151034
1756,inv_simpson,10,1,0.02748633611151034
1756,trait_volume,-10,-1,0.02748633611151034
1756,trait_dispersion,-10,-1,0.02748633611151034
1756,rao_q,-10,-1,0.02748633611151034
1756,feve,10,1,0.02748633611151034
1756,fdiv,10,1,0.02748633611151034
1757,corrected_richness,10,1,0.02748633611151034
1757,shannon,10,1,0.02748633611151034
1757,inv_simpson,10,1,0.02748633611151034
1757,trait_volume,-10,-1,0.02748633611151034
1757,trait_dispersion,-10,-1,0.02748633611151034
1757,rao_q,-10,-1,0.02748633611151034
1757,feve,10,1,0.02748633611151034
1757,fdiv,10,1,0.02748633611151034
1758,corrected_richness,10,1,0.02748633611151034
1758,shannon,10,1,0.02748633611151034
1758,inv_simpson,10,1,0.02748633611151034
1758,trait_volume,-10,-1,0.02748633611151034
1758,trait_dispersion,-10,-1,0.02748633611151034
1758,rao_q,-10,-1,0.02748633611151034
1758,feve,10,1,0.02748633611151034
1758,fdiv,10,1,0.02748633611151034
1759,corrected_richness,10,1,0.02748633611151034
1759,shannon,10,1,0.02748633611151034
1759,inv_simpson,10,1,0.02748633611151034
1759,trait_volume,-10,-1,0.02748633611151034
1759,trait_dispersion,-10,-1,0.02748633611151034
1759,rao_q,-10,-1,0.02748633611151034
1759,feve,10,1,0.02748633611151034
1759,fdiv,10,1,0.02748633611151034
1760,corrected_richness,10,1,0.02748633611151034
1760,shannon,10,1,0.02748633611151034
1760,inv_simpson,10,1,0.02748633611151034
1760,trait_volume,-10,-1,0.02748633611151034
1760,trait_dispersion,-10,-1,0.02748633611151034
1760,rao_q,-10,-1,0.02748633611151034
1760,feve,10,1,0.02748633611151034
1760,fdiv,10,1,0.02748633611151034
1761,corrected_richness,10,1,0.02748633611151034
1761,shannon,10,1,0.02748633611151034
1761,inv_simpson,10,1,0.02748633611151034
1761,trait_volume,-10,-1,0.02748633611151034
1761,trait_dispersion,-10,-1,0.02748633611151034
1761,rao_q,-10,-1,0.02748633611151034
1761,feve,10,1,0.02748633611151034
1761,fdiv,10,1,0.02748633611151034
1762,corrected_richness,10,1,0.02748633611151034
1762,shannon,10,1,0.02748633611151034
1762,inv_simpson,10,1,0.02748633611151034
1762,trait_volume,-10,-1,0.02748633611151034
1762,trait_dispersion,-10,-1,0.02748633611151034
1762,rao_q,-10,-1,0.02748633611151034
1762,feve,10,1,0.02748633611151034
1762,fdiv,10,1,0.02748633611151034
1764,corrected_richness,10,1,0.02748633611151034
1764,shannon,10,1,0.02748633611151034
1764,inv_simpson,10,1,0.02748633611151034
1764,trait_volume,-10,-1,0.02748633611151034
1764,trait_dispersion,-10,-1,0.02748633611151034
1764,rao_q,-10,-1,0.02748633611151034
1764,feve,8,0.8,0.08641073297370003
1764,fdiv,10,1,0.02748633611151034
1765,corrected_richness,10,1,0.02748633611151034
1765,shannon,10,1,0.02748633611151034
1765,inv_simpson,10,1,0.02748633611151034
1765,trait_volume,-10,-1,0.02748633611151034
1765,trait_dispersion,-10,-1,0.02748633611151034
1765,rao_q,-10,-1,0.02748633611151034
1765,feve,8,0.8,0.08641073297370003
1765,fdiv,10,1,0.02748633611151034
1766,corrected_richness,10,1,0.02748633611151034
1766,shannon,10,1,0.02748633611151034
1766,inv_simpson,10,1,0.02748633611151034
1766,trait_volume,-10,-1,0.02748633611151034
1766,trait_dispersion,-10,-1,0.02748633611151034
1766,rao_q,-10,-1,0.02748633611151034
1766,feve,8,0.8,0.08641073297370003
1766,fdiv,10,1,0.02748633611151034
1767,corrected_richness,10,1,0.02748633611151034
1767,shannon,10,1,0.02748633611151034
1767,inv_simpson,10,1,0.02748633611151034
1767,trait_volume,-8,-0.8,0.08641073297370003
1767,trait_dispersion,-8,-0.8,0.08641073297370003
1767,rao_q,-10,-1,0.02748633611151034
1767,feve,8,0.8,0.08641073297370003
1767,fdiv,8,0.8,0.08641073297370003
1769,corrected_richness,10,1,0.02748633611151034
1769,shannon,10,1,0.02748633611151034
1769,inv_simpson,10,1,0.02748633611151034
1769,trait_volume,-8,-0.8,0.08641073297370003
1769,trait_dispersion,-8,-0.8,0.08641073297370003
1769,rao_q,-8,-0.8,0.08641073297370003
1769,feve,10,1,0.02748633611151034
1769,fdiv,8,0.8,0.08641073297370003
1770,corrected_richness,10,1,0.02748633611151034
1770,shannon,10,1,0.02748633611151034
1770,inv_simpson,10,1,0.02748633611151034
1770,trait_volume,-8,-0.8,0.08641073297370003
1770,trait_dispersion,-8,-0.8,0.08641073297370003
1770,rao_q,-8,-0.8,0.08641073297370003
1770,feve,10,1,0.02748633611151034
1770,fdiv,8,0.8,0.08641073297370003
1772,corrected_richness,10,1,0.02748633611151034
1772,shannon,10,1,0.02748633611151034
1772,inv_simpson,10,1,0.02748633611151034
1772,trait_volume,-8,-0.8,0.08641073297370003
1772,trait_dispersion,-8,-0.8,0.08641073297370003
1772,rao_q,-8,-0.8,0.08641073297370003
1772,feve,10,1,0.02748633611151034
1772,fdiv,8,0.8,0.08641073297370003
1773,corrected_richness,10,1,0.02748633611151034
1773,shannon,10,1,0.02748633611151034
1773,inv_simpson,10,1,0.02748633611151034
1773,trait_volume,-8,-0.8,0.08641073297370003
1773,trait_dispersion,-8,-0.8,0.08641073297370003
1773,rao_q,-8,-0.8,0.08641073297370003
1773,feve,10,1,0.02748633611151034
1773,fdiv,8,0.8,0.08641073297370003
1774,corrected_richness,10,1,0.02748633611151034
1774,shannon,10,1,0.02748633611151034
1774,inv_simpson,10,1,0.02748633611151034
1774,trait_volume,-8,-0.8,0.08641073297370003
1774,trait_dispersion,-8,-0.8,0.08641073297370003
1774,rao_q,-8,-0.8,0.08641073297370003
1774,feve,10,1,0.02748633611151034
1774,fdiv,8,0.8,0.08641073297370003
1775,corrected_richness,10,1,0.02748633611151034
1775,shannon,10,1,0.02748633611151034
1775,inv_simpson,10,1,0.02748633611151034
1775,trait_volume,-8,-0.8,0.08641073297370003
1775,trait_dispersion,-8,-0.8,0.08641073297370003
1775,rao_q,-8,-0.8,0.08641073297370003
1775,feve,10,1,0.02748633611151034
1775,fdiv,8,0.8,0.08641073297370003
1776,corrected_richness,10,1,0.02748633611151034
1776,shannon,10,1,0.02748633611151034
1776,inv_simpson,10,1,0.02748633611151034
1776,trait_volume,-8,-0.8,0.08641073297370003
1776,trait_dispersion,-8,-0.8,0.08641073297370003
1776,rao_q,-10,-1,0.02748633611151034
1776,feve,10,1,0.02748633611151034
1776,fdiv,10,1,0.02748633611151034
1777,corrected_richness,10,1,0.02748633611151034
1777,shannon,10,1,0.02748633611151034
1777,inv_simpson,10,1,0.02748633611151034
1777,trait_volume,-8,-0.8,0.08641073297370003
1777,trait_dispersion,-8,-0.8,0.08641073297370003
1777,rao_q,-10,-1,0.02748633611151034
1777,feve,10,1,0.02748633611151034
1777,fdiv,10,1,0.02748633611151034
1778,corrected_richness,10,1,0.02748633611151034
1778,shannon,10,1,0.02748633611151034
1778,inv_simpson,10,1,0.02748633611151034
1778,trait_volume,-10,-1,0.02748633611151034
1778,trait_dispersion,-8,-0.8,0.08641073297370003
1778,rao_q,-10,-1,0.02748633611151034
1778,feve,10,1,0.02748633611151034
1778,fdiv,10,1,0.02748633611151034
1779,corrected_richness,10,1,0.02748633611151034
1779,shannon,10,1,0.02748633611151034
1779,inv_simpson,10,1,0.02748633611151034
1779,trait_volume,-10,-1,0.02748633611151034
1779,trait_dispersion,-8,-0.8,0.08641073297370003
1779,rao_q,-10,-1,0.02748633611151034
1779,feve,10,1,0.02748633611151034
1779,fdiv,8,0.8,0.08641073297370003
1782,corrected_richness,10,1,0.02748633611151034
1782,shannon,10,1,0.02748633611151034
1782,inv_simpson,10,1,0.02748633611151034
1782,trait_volume,-10,-1,0.02748633611151034
1782,trait_dispersion,-10,-1,0.02748633611151034
1782,rao_q,-10,-1,0.02748633611151034
1782,feve,10,1,0.02748633611151034
1782,fdiv,8,0.8,0.08641073297370003
1783,corrected_richness,10,1,0.02748633611151034
1783,shannon,10,1,0.02748633611151034
1783,inv_simpson,10,1,0.02748633611151034
1783,trait_volume,-10,-1,0.02748633611151034
1783,trait_dispersion,-10,-1,0.02748633611151034
1783,rao_q,-10,-1,0.02748633611151034
1783,feve,10,1,0.02748633611151034
1783,fdiv,10,1,0.02748633611151034
1803,corrected_richness,10,1,0.02748633611151034
1803,shannon,10,1,0.02748633611151034
1803,inv_simpson,10,1,0.02748633611151034
1803,trait_volume,-10,-1,0.02748633611151034
1803,trait_dispersion,-10,-1,0.02748633611151034
1803,rao_q,-10,-1,0.02748633611151034
1803,feve,10,1,0.02748633611151034
1803,fdiv,10,1,0.02748633611151034
1804,corrected_richness,10,1,0.02748633611151034
1804,shannon,10,1,0.02748633611151034
1804,inv_simpson,10,1,0.02748633611151034
1804,trait_volume,-10,-1,0.02748633611151034
1804,trait_dispersion,-10,-1,0.02748633611151034
1804,rao_q,-10,-1,0.02748633611151034
1804,feve,10,1,0.02748633611151034
1804,fdiv,10,1,0.02748633611151034
1805,corrected_richness,10,1,0.02748633611151034
1805,shannon,10,1,0.02748633611151034
1805,inv_simpson,10,1,0.02748633611151034
1805,trait_volume,-10,-1,0.02748633611151034
1805,trait_dispersion,-10,-1,0.02748633611151034
1805,rao_q,-10,-1,0.02748633611151034
1805,feve,10,1,0.02748633611151034
1805,fdiv,10,1,0.02748633611151034
1806,corrected_richness,10,1,0.02748633611151034
1806,shannon,10,1,0.02748633611151034
1806,inv_simpson,10,1,0.02748633611151034
1806,trait_volume,-10,-1,0.02748633611151034
1806,trait_dispersion,-10,-1,0.02748633611151034
1806,rao_q,-10,-1,0.02748633611151034
1806,feve,10,1,0.02748633611151034
1806,fdiv,10,1,0.02748633611151034
1807,corrected_richness,10,1,0.02748633611151034
1807,shannon,10,1,0.02748633611151034
1807,inv_simpson,10,1,0.02748633611151034
1807,trait_volume,-10,-1,0.02748633611151034
1807,trait_dispersion,-10,-1,0.02748633611151034
1807,rao_q,-10,-1,0.02748633611151034
1807,feve,10,1,0.02748633611151034
1807,fdiv,10,1,0.02748633611151034
1809,corrected_richness,10,1,0.02748633611151034
1809,shannon,10,1,0.02748633611151034
1809,inv_simpson,10,1,0.02748633611151034
1809,trait_volume,-10,-1,0.02748633611151034
1809,trait_dispersion,-10,-1,0.02748633611151034
1809,rao_q,-10,-1,0.02748633611151034
1809,feve,10,1,0.02748633611151034
1809,fdiv,10,1,0.02748633611151034
1815,corrected_richness,10,1,0.02748633611151034
1815,shannon,10,1,0.02748633611151034
1815,inv_simpson,10,1,0.02748633611151034
1815,trait_volume,-10,-1,0.02748633611151034
1815,trait_dispersion,-10,-1,0.02748633611151034
1815,rao_q,-10,-1,0.02748633611151034
1815,feve,10,1,0.02748633611151034
1815,fdiv,10,1,0.02748633611151034
1816,corrected_richness,10,1,0.02748633611151034
1816,shannon,10,1,0.02748633611151034
1816,inv_simpson,10,1,0.02748633611151034
1816,trait_volume,-10,-1,0.02748633611151034
1816,trait_dispersion,-10,-1,0.02748633611151034
1816,rao_q,-10,-1,0.02748633611151034
1816,feve,10,1,0.02748633611151034
1816,fdiv,10,1,0.02748633611151034
1819,corrected_richness,10,1,0.02748633611151034
1819,shannon,10,1,0.02748633611151034
1819,inv_simpson,10,1,0.02748633611151034
1819,trait_volume,-10,-1,0.02748633611151034
1819,trait_dispersion,-10,-1,0.02748633611151034
1819,rao_q,-10,-1,0.02748633611151034
1819,feve,10,1,0.02748633611151034
1819,fdiv,10,1,0.02748633611151034
1820,corrected_richness,10,1,0.02748633611151034
1820,shannon,10,1,0.02748633611151034
1820,inv_simpson,10,1,0.02748633611151034
1820,trait_volume,-10,-1,0.02748633611151034
1820,trait_dispersion,-10,-1,0.02748633611151034
1820,rao_q,-10,-1,0.02748633611151034
1820,feve,10,1,0.02748633611151034
1820,fdiv,10,1,0.02748633611151034
1821,corrected_richness,10,1,0.02748633611151034
1821,shannon,10,1,0.02748633611151034
1821,inv_simpson,10,1,0.02748633611151034
1821,trait_volume,-10,-1,0.02748633611151034
1821,trait_dispersion,-10,-1,0.02748633611151034
1821,rao_q,-10,-1,0.02748633611151034
1821,feve,10,1,0.02748633611151034
1821,fdiv,10,1,0.02748633611151034
1823,corrected_richness,10,1,0.02748633611151034
1823,shannon,10,1,0.02748633611151034
1823,inv_simpson,10,1,0.02748633611151034
1823,trait_volume,-10,-1,0.02748633611151034
1823,trait_dispersion,-10,-1,0.02748633611151034
1823,rao_q,-10,-1,0.02748633611151034
1823,feve,10,1,0.02748633611151034
1823,fdiv,10,1,0.02748633611151034
1824,corrected_richness,10,1,0.02748633611151034
1824,shannon,10,1,0.02748633611151034
1824,inv_simpson,10,1,0.02748633611151034
1824,trait_volume,-10,-1,0.02748633611151034
1824,trait_dispersion,-10,-1,0.02748633611151034
1824,rao_q,-10,-1,0.02748633611151034
1824,feve,10,1,0.02748633611151034
1824,fdiv,10,1,0.02748633611151034
1825,corrected_richness,10,1,0.02748633611151034
1825,shannon,10,1,0.02748633611151034
1825,inv_simpson,10,1,0.02748633611151034
1825,trait_volume,-10,-1,0.02748633611151034
1825,trait_dispersion,-10,-1,0.02748633611151034
1825,rao_q,-10,-1,0.02748633611151034
1825,feve,10,1,0.02748633611151034
1825,fdiv,10,1,0.02748633611151034
1826,corrected_richness,10,1,0.02748633611151034
1826,shannon,10,1,0.02748633611151034
1826,inv_simpson,10,1,0.02748633611151034
1826,trait_volume,-10,-1,0.02748633611151034
1826,trait_dispersion,-10,-1,0.02748633611151034
1826,rao_q,-10,-1,0.02748633611151034
1826,feve,10,1,0.02748633611151034
1826,fdiv,10,1,0.02748633611151034
1828,corrected_richness,10,1,0.02748633611151034
1828,shannon,10,1,0.02748633611151034
1828,inv_simpson,10,1,0.02748633611151034
1828,trait_volume,-10,-1,0.02748633611151034
1828,trait_dispersion,-10,-1,0.02748633611151034
1828,rao_q,-10,-1,0.02748633611151034
1828,feve,10,1,0.02748633611151034
1828,fdiv,10,1,0.02748633611151034
1829,corrected_richness,10,1,0.02748633611151034
1829,shannon,10,1,0.02748633611151034
1829,inv_simpson,10,1,0.02748633611151034
1829,trait_volume,-10,-1,0.02748633611151034
1829,trait_dispersion,-10,-1,0.02748633611151034
1829,rao_q,-10,-1,0.02748633611151034
1829,feve,10,1,0.02748633611151034
1829,fdiv,10,1,0.02748633611151034
1830,corrected_richness,10,1,0.02748633611151034
1830,shannon,10,1,0.02748633611151034
1830,inv_simpson,10,1,0.02748633611151034
1830,trait_volume,-10,-1,0.02748633611151034
1830,trait_dispersion,-10,-1,0.02748633611151034
1830,rao_q,-10,-1,0.02748633611151034
1830,feve,10,1,0.02748633611151034
1830,fdiv,10,1,0.02748633611151034
1831,corrected_richness,10,1,0.02748633611151034
1831,shannon,10,1,0.02748633611151034
1831,inv_simpson,10,1,0.02748633611151034
1831,trait_volume,-10,-1,0.02748633611151034
1831,trait_dispersion,-10,-1,0.02748633611151034
1831,rao_q,-10,-1,0.02748633611151034
1831,feve,10,1,0.02748633611151034
1831,fdiv,10,1,0.02748633611151034
1832,corrected_richness,10,1,0.02748633611151034
1832,shannon,10,1,0.02748633611151034
1832,inv_simpson,10,1,0.02748633611151034
1832,trait_volume,-10,-1,0.02748633611151034
1832,trait_dispersion,-10,-1,0.02748633611151034
1832,rao_q,-10,-1,0.02748633611151034
1832,feve,10,1,0.02748633611151034
1832,fdiv,10,1,0.02748633611151034
1833,corrected_richness,10,1,0.02748633611151034
1833,shannon,10,1,0.02748633611151034
1833,inv_simpson,10,1,0.02748633611151034
1833,trait_volume,-10,-1,0.02748633611151034
1833,trait_dispersion,-10,-1,0.02748633611151034
1833,rao_q,-10,-1,0.02748633611151034
1833,feve,10,1,0.02748633611151034
1833,fdiv,10,1,0.02748633611151034
1834,corrected_richness,10,1,0.02748633611151034
1834,shannon,10,1,0.02748633611151034
1834,inv_simpson,10,1,0.02748633611151034
1834,trait_volume,-10,-1,0.02748633611151034
1834,trait_dispersion,-10,-1,0.02748633611151034
1834,rao_q,-10,-1,0.02748633611151034
1834,feve,10,1,0.02748633611151034
1834,fdiv,10,1,0.02748633611151034
1835,corrected_richness,10,1,0.02748633611151034
1835,shannon,10,1,0.02748633611151034
1835,inv_simpson,10,1,0.02748633611151034
1835,trait_volume,-10,-1,0.02748633611151034
1835,trait_dispersion,-10,-1,0.02748633611151034
1835,rao_q,-10,-1,0.02748633611151034
1835,feve,10,1,0.02748633611151034
1835,fdiv,10,1,0.02748633611151034
1836,corrected_richness,10,1,0.02748633611151034
1836,shannon,10,1,0.02748633611151034
1836,inv_simpson,10,1,0.02748633611151034
1836,trait_volume,-10,-1,0.02748633611151034
1836,trait_dispersion,-10,-1,0.02748633611151034
1836,rao_q,-10,-1,0.02748633611151034
1836,feve,8,0.8,0.08641073297370003
1836,fdiv,10,1,0.02748633611151034
1837,corrected_richness,10,1,0.02748633611151034
1837,shannon,10,1,0.02748633611151034
1837,inv_simpson,10,1,0.02748633611151034
1837,trait_volume,-10,-1,0.02748633611151034
1837,trait_dispersion,-10,-1,0.02748633611151034
1837,rao_q,-10,-1,0.02748633611151034
1837,feve,8,0.8,0.08641073297370003
1837,fdiv,10,1,0.02748633611151034
1838,corrected_richness,10,1,0.02748633611151034
1838,shannon,10,1,0.02748633611151034
1838,inv_simpson,10,1,0.02748633611151034
1838,trait_volume,-10,-1,0.02748633611151034
1838,trait_dispersion,-10,-1,0.02748633611151034
1838,rao_q,-10,-1,0.02748633611151034
1838,feve,10,1,0.02748633611151034
1838,fdiv,10,1,0.02748633611151034
1839,corrected_richness,10,1,0.02748633611151034
1839,shannon,10,1,0.02748633611151034
1839,inv_simpson,10,1,0.02748633611151034
1839,trait_volume,-8,-0.8,0.08641073297370003
1839,trait_dispersion,-8,-0.8,0.08641073297370003
1839,rao_q,-8,-0.8,0.08641073297370003
1839,feve,10,1,0.02748633611151034
1839,fdiv,8,0.8,0.08641073297370003
1840,corrected_richness,10,1,0.02748633611151034
1840,shannon,10,1,0.02748633611151034
1840,inv_simpson,10,1,0.02748633611151034
1840,trait_volume,-8,-0.8,0.08641073297370003
1840,trait_dispersion,-8,-0.8,0.08641073297370003
1840,rao_q,-8,-0.8,0.08641073297370003
1840,feve,10,1,0.02748633611151034
1840,fdiv,8,0.8,0.08641073297370003
1841,corrected_richness,10,1,0.02748633611151034
1841,shannon,10,1,0.02748633611151034
1841,inv_simpson,10,1,0.02748633611151034
1841,trait_volume,-8,-0.8,0.08641073297370003
1841,trait_dispersion,-8,-0.8,0.08641073297370003
1841,rao_q,-8,-0.8,0.08641073297370003
1841,feve,10,1,0.02748633611151034
1841,fdiv,8,0.8,0.08641073297370003
1842,corrected_richness,10,1,0.02748633611151034
1842,shannon,10,1,0.02748633611151034
1842,inv_simpson,10,1,0.02748633611151034
1842,trait_volume,-8,-0.8,0.08641073297370003
1842,trait_dispersion,-8,-0.8,0.08641073297370003
1842,rao_q,-8,-0.8,0.08641073297370003
1842,feve,10,1,0.02748633611151034
1842,fdiv,8,0.8,0.08641073297370003
1843,corrected_richness,10,1,0.02748633611151034
1843,shannon,10,1,0.02748633611151034
1843,inv_simpson,10,1,0.02748633611151034
1843,trait_volume,-8,-0.8,0.08641073297370003
1843,trait_dispersion,-8,-0.8,0.08641073297370003
1843,rao_q,-8,-0.8,0.08641073297370003
1843,feve,10,1,0.02748633611151034
1843,fdiv,8,0.8,0.08641073297370003
1844,corrected_richness,10,1,0.02748633611151034
1844,shannon,10,1,0.02748633611151034
1844,inv_simpson,10,1,0.02748633611151034
1844,trait_volume,-8,-0.8,0.08641073297370003
1844,trait_dispersion,-8,-0.8,0.08641073297370003
1844,rao_q,-8,-0.8,0.08641073297370003
1844,feve,10,1,0.02748633611151034
1844,fdiv,8,0.8,0.08641073297370003
1845,corrected_richness,10,1,0.02748633611151034
1845,shannon,10,1,0.02748633611151034
1845,inv_simpson,10,1,0.02748633611151034
1845,trait_volume,-8,-0.8,0.08641073297370003
1845,trait_dispersion,-8,-0.8,0.08641073297370003
1845,rao_q,-8,-0.8,0.08641073297370003
1845,feve,10,1,0.02748633611151034
1845,fdiv,8,0.8,0.08641073297370003
1846,corrected_richness,10,1,0.02748633611151034
1846,shannon,10,1,0.02748633611151034
1846,inv_simpson,10,1,0.02748633611151034
1846,trait_volume,-8,-0.8,0.08641073297370003
1846,trait_dispersion,-8,-0.8,0.08641073297370003
1846,rao_q,-8,-0.8,0.08641073297370003
1846,feve,10,1,0.02748633611151034
1846,fdiv,8,0.8,0.08641073297370003
1847,corrected_richness,10,1,0.02748633611151034
1847,shannon,10,1,0.02748633611151034
1847,inv_simpson,10,1,0.02748633611151034
1847,trait_volume,-8,-0.8,0.08641073297370003
1847,trait_dispersion,-8,-0.8,0.08641073297370003
1847,rao_q,-10,-1,0.02748633611151034
1847,feve,10,1,0.02748633611151034
1847,fdiv,8,0.8,0.08641073297370003
1848,corrected_richness,10,1,0.02748633611151034
1848,shannon,10,1,0.02748633611151034
1848,inv_simpson,10,1,0.02748633611151034
1848,trait_volume,-8,-0.8,0.08641073297370003
1848,trait_dispersion,-8,-0.8,0.08641073297370003
1848,rao_q,-10,-1,0.02748633611151034
1848,feve,10,1,0.02748633611151034
1848,fdiv,8,0.8,0.08641073297370003
1849,corrected_richness,10,1,0.02748633611151034
1849,shannon,10,1,0.02748633611151034
1849,inv_simpson,10,1,0.02748633611151034
1849,trait_volume,-8,-0.8,0.08641073297370003
1849,trait_dispersion,-8,-0.8,0.08641073297370003
1849,rao_q,-10,-1,0.02748633611151034
1849,feve,10,1,0.02748633611151034
1849,fdiv,8,0.8,0.08641073297370003
1850,corrected_richness,10,1,0.02748633611151034
1850,shannon,10,1,0.02748633611151034
1850,inv_simpson,10,1,0.02748633611151034
1850,trait_volume,-8,-0.8,0.08641073297370003
1850,trait_dispersion,-8,-0.8,0.08641073297370003
1850,rao_q,-10,-1,0.02748633611151034
1850,feve,10,1,0.02748633611151034
1850,fdiv,8,0.8,0.08641073297370003
1851,corrected_richness,10,1,0.02748633611151034
1851,shannon,10,1,0.02748633611151034
1851,inv_simpson,10,1,0.02748633611151034
1851,trait_volume,-8,-0.8,0.08641073297370003
1851,trait_dispersion,-8,-0.8,0.08641073297370003
1851,rao_q,-10,-1,0.02748633611151034
1851,feve,10,1,0.02748633611151034
1851,fdiv,8,0.8,0.08641073297370003
1852,corrected_richness,10,1,0.02748633611151034
1852,shannon,10,1,0.02748633611151034
1852,inv_simpson,10,1,0.02748633611151034
1852,trait_volume,-8,-0.8,0.08641073297370003
1852,trait_dispersion,-8,-0.8,0.08641073297370003
1852,rao_q,-10,-1,0.02748633611151034
1852,feve,10,1,0.02748633611151034
1852,fdiv,8,0.8,0.08641073297370003
1853,corrected_richness,10,1,0.02748633611151034
1853,shannon,10,1,0.02748633611151034
1853,inv_simpson,10,1,0.02748633611151034
1853,trait_volume,-8,-0.8,0.08641073297370003
1853,trait_dispersion,-8,-0.8,0.08641073297370003
1853,rao_q,-10,-1,0.02748633611151034
1853,feve,10,1,0.02748633611151034
1853,fdiv,8,0.8,0.08641073297370003
1854,corrected_richness,10,1,0.02748633611151034
1854,shannon,10,1,0.02748633611151034
1854,inv_simpson,10,1,0.02748633611151034
1854,trait_volume,-8,-0.8,0.08641073297370003
1854,trait_dispersion,-8,-0.8,0.08641073297370003
1854,rao_q,-10,-1,0.02748633611151034
1854,feve,10,1,0.02748633611151034
1854,fdiv,8,0.8,0.08641073297370003
1855,corrected_richness,10,1,0.02748633611151034
1855,shannon,10,1,0.02748633611151034
1855,inv_simpson,10,1,0.02748633611151034
1855,trait_volume,-8,-0.8,0.08641073297370003
1855,trait_dispersion,-8,-0.8,0.08641073297370003
1855,rao_q,-10,-1,0.02748633611151034
1855,feve,10,1,0.02748633611151034
1855,fdiv,8,0.8,0.08641073297370003
1856,corrected_richness,10,1,0.02748633611151034
1856,shannon,10,1,0.02748633611151034
1856,inv_simpson,10,1,0.02748633611151034
1856,trait_volume,-8,-0.8,0.08641073297370003
1856,trait_dispersion,-8,-0.8,0.08641073297370003
1856,rao_q,-8,-0.8,0.08641073297370003
1856,feve,10,1,0.02748633611151034
1856,fdiv,8,0.8,0.08641073297370003
1875,corrected_richness,10,1,0.02748633611151034
1875,shannon,10,1,0.02748633611151034
1875,inv_simpson,10,1,0.02748633611151034
1875,trait_volume,-10,-1,0.02748633611151034
1875,trait_dispersion,-10,-1,0.02748633611151034
1875,rao_q,-10,-1,0.02748633611151034
1875,feve,10,1,0.02748633611151034
1875,fdiv,10,1,0.02748633611151034
1876,corrected_richness,10,1,0.02748633611151034
1876,shannon,10,1,0.02748633611151034
1876,inv_simpson,10,1,0.02748633611151034
1876,trait_volume,-10,-1,0.02748633611151034
1876,trait_dispersion,-10,-1,0.02748633611151034
1876,rao_q,-10,-1,0.02748633611151034
1876,feve,10,1,0.02748633611151034
1876,fdiv,10,1,0.02748633611151034
1877,corrected_richness,10,1,0.02748633611151034
1877,shannon,10,1,0.02748633611151034
1877,inv_simpson,10,1,0.02748633611151034
1877,trait_volume,-10,-1,0.02748633611151034
1877,trait_dispersion,-10,-1,0.02748633611151034
1877,rao_q,-10,-1,0.02748633611151034
1877,feve,10,1,0.02748633611151034
1877,fdiv,10,1,0.02748633611151034
1878,corrected_richness,10,1,0.02748633611151034
1878,shannon,10,1,0.02748633611151034
1878,inv_simpson,10,1,0.02748633611151034
1878,trait_volume,-10,-1,0.02748633611151034
1878,trait_dispersion,-10,-1,0.02748633611151034
1878,rao_q,-10,-1,0.02748633611151034
1878,feve,10,1,0.02748633611151034
1878,fdiv,10,1,0.02748633611151034
1879,corrected_richness,10,1,0.02748633611151034
1879,shannon,10,1,0.02748633611151034
1879,inv_simpson,10,1,0.02748633611151034
1879,trait_volume,-10,-1,0.02748633611151034
1879,trait_dispersion,-10,-1,0.02748633611151034
1879,rao_q,-10,-1,0.02748633611151034
1879,feve,10,1,0.02748633611151034
1879,fdiv,10,1,0.02748633611151034
1880,corrected_richness,10,1,0.02748633611151034
1880,shannon,10,1,0.02748633611151034
1880,inv_simpson,10,1,0.02748633611151034
1880,trait_volume,-10,-1,0.02748633611151034
1880,trait_dispersion,-10,-1,0.02748633611151034
1880,rao_q,-10,-1,0.02748633611151034
1880,feve,10,1,0.02748633611151034
1880,fdiv,10,1,0.02748633611151034
1881,corrected_richness,10,1,0.02748633611151034
1881,shannon,10,1,0.02748633611151034
1881,inv_simpson,10,1,0.02748633611151034
1881,trait_volume,-10,-1,0.02748633611151034
1881,trait_dispersion,-10,-1,0.02748633611151034
1881,rao_q,-10,-1,0.02748633611151034
1881,feve,10,1,0.02748633611151034
1881,fdiv,10,1,0.02748633611151034
1882,corrected_richness,10,1,0.02748633611151034
1882,shannon,10,1,0.02748633611151034
1882,inv_simpson,10,1,0.02748633611151034
1882,trait_volume,-10,-1,0.02748633611151034
1882,trait_dispersion,-10,-1,0.02748633611151034
1882,rao_q,-10,-1,0.02748633611151034
1882,feve,10,1,0.02748633611151034
1882,fdiv,10,1,0.02748633611151034
1884,corrected_richness,10,1,0.02748633611151034
1884,shannon,10,1,0.02748633611151034
1884,inv_simpson,10,1,0.02748633611151034
1884,trait_volume,-10,-1,0.02748633611151034
1884,trait_dispersion,-10,-1,0.02748633611151034
1884,rao_q,-10,-1,0.02748633611151034
1884,feve,10,1,0.02748633611151034
1884,fdiv,10,1,0.02748633611151034
1892,corrected_richness,10,1,0.02748633611151034
1892,shannon,10,1,0.02748633611151034
1892,inv_simpson,10,1,0.02748633611151034
1892,trait_volume,-10,-1,0.02748633611151034
1892,trait_dispersion,-10,-1,0.02748633611151034
1892,rao_q,-10,-1,0.02748633611151034
1892,feve,10,1,0.02748633611151034
1892,fdiv,10,1,0.02748633611151034
1895,corrected_richness,10,1,0.02748633611151034
1895,shannon,10,1,0.02748633611151034
1895,inv_simpson,10,1,0.02748633611151034
1895,trait_volume,-10,-1,0.02748633611151034
1895,trait_dispersion,-10,-1,0.02748633611151034
1895,rao_q,-10,-1,0.02748633611151034
1895,feve,10,1,0.02748633611151034
1895,fdiv,10,1,0.02748633611151034
1896,corrected_richness,10,1,0.02748633611151034
1896,shannon,10,1,0.02748633611151034
1896,inv_simpson,10,1,0.02748633611151034
1896,trait_volume,-10,-1,0.02748633611151034
1896,trait_dispersion,-10,-1,0.02748633611151034
1896,rao_q,-10,-1,0.02748633611151034
1896,feve,10,1,0.02748633611151034
1896,fdiv,10,1,0.02748633611151034
1897,corrected_richness,10,1,0.02748633611151034
1897,shannon,10,1,0.02748633611151034
1897,inv_simpson,10,1,0.02748633611151034
1897,trait_volume,-10,-1,0.02748633611151034
1897,trait_dispersion,-10,-1,0.02748633611151034
1897,rao_q,-10,-1,0.02748633611151034
1897,feve,10,1,0.02748633611151034
1897,fdiv,10,1,0.02748633611151034
1899,corrected_richness,10,1,0.02748633611151034
1899,shannon,10,1,0.02748633611151034
1899,inv_simpson,10,1,0.02748633611151034
1899,trait_volume,-10,-1,0.02748633611151034
1899,trait_dispersion,-10,-1,0.02748633611151034
1899,rao_q,-10,-1,0.02748633611151034
1899,feve,10,1,0.02748633611151034
1899,fdiv,10,1,0.02748633611151034
1900,corrected_richness,10,1,0.02748633611151034
1900,shannon,10,1,0.02748633611151034
1900,inv_simpson,10,1,0.02748633611151034
1900,trait_volume,-10,-1,0.02748633611151034
1900,trait_dispersion,-10,-1,0.02748633611151034
1900,rao_q,-10,-1,0.02748633611151034
1900,feve,10,1,0.02748633611151034
1900,fdiv,10,1,0.02748633611151034
1901,corrected_richness,10,1,0.02748633611151034
1901,shannon,10,1,0.02748633611151034
1901,inv_simpson,10,1,0.02748633611151034
1901,trait_volume,-10,-1,0.02748633611151034
1901,trait_dispersion,-10,-1,0.02748633611151034
1901,rao_q,-10,-1,0.02748633611151034
1901,feve,10,1,0.02748633611151034
1901,fdiv,10,1,0.02748633611151034
1902,corrected_richness,10,1,0.02748633611151034
1902,shannon,10,1,0.02748633611151034
1902,inv_simpson,10,1,0.02748633611151034
1902,trait_volume,-10,-1,0.02748633611151034
1902,trait_dispersion,-10,-1,0.02748633611151034
1902,rao_q,-10,-1,0.02748633611151034
1902,feve,10,1,0.02748633611151034
1902,fdiv,10,1,0.02748633611151034
1903,corrected_richness,10,1,0.02748633611151034
1903,shannon,10,1,0.02748633611151034
1903,inv_simpson,10,1,0.02748633611151034
1903,trait_volume,-10,-1,0.02748633611151034
1903,trait_dispersion,-10,-1,0.02748633611151034
1903,rao_q,-10,-1,0.02748633611151034
1903,feve,10,1,0.02748633611151034
1903,fdiv,10,1,0.02748633611151034
1904,corrected_richness,10,1,0.02748633611151034
1904,shannon,10,1,0.02748633611151034
1904,inv_simpson,10,1,0.02748633611151034
1904,trait_volume,-10,-1,0.02748633611151034
1904,trait_dispersion,-10,-1,0.02748633611151034
1904,rao_q,-10,-1,0.02748633611151034
1904,feve,10,1,0.02748633611151034
1904,fdiv,10,1,0.02748633611151034
1905,corrected_richness,10,1,0.02748633611151034
1905,shannon,10,1,0.02748633611151034
1905,inv_simpson,10,1,0.02748633611151034
1905,trait_volume,-10,-1,0.02748633611151034
1905,trait_dispersion,-10,-1,0.02748633611151034
1905,rao_q,-10,-1,0.02748633611151034
1905,feve,10,1,0.02748633611151034
1905,fdiv,10,1,0.02748633611151034
1906,corrected_richness,10,1,0.02748633611151034
1906,shannon,10,1,0.02748633611151034
1906,inv_simpson,10,1,0.02748633611151034
1906,trait_volume,-10,-1,0.02748633611151034
1906,trait_dispersion,-10,-1,0.02748633611151034
1906,rao_q,-10,-1,0.02748633611151034
1906,feve,10,1,0.02748633611151034
1906,fdiv,10,1,0.02748633611151034
1907,corrected_richness,10,1,0.02748633611151034
1907,shannon,10,1,0.02748633611151034
1907,inv_simpson,10,1,0.02748633611151034
1907,trait_volume,-10,-1,0.02748633611151034
1907,trait_dispersion,-10,-1,0.02748633611151034
1907,rao_q,-10,-1,0.02748633611151034
1907,feve,8,0.8,0.08641073297370003
1907,fdiv,10,1,0.02748633611151034
1908,corrected_richness,10,1,0.02748633611151034
1908,shannon,10,1,0.02748633611151034
1908,inv_simpson,10,1,0.02748633611151034
1908,trait_volume,-10,-1,0.02748633611151034
1908,trait_dispersion,-10,-1,0.02748633611151034
1908,rao_q,-10,-1,0.02748633611151034
1908,feve,10,1,0.02748633611151034
1908,fdiv,10,1,0.02748633611151034
1909,corrected_richness,10,1,0.02748633611151034
1909,shannon,10,1,0.02748633611151034
1909,inv_simpson,10,1,0.02748633611151034
1909,trait_volume,-10,-1,0.02748633611151034
1909,trait_dispersion,-10,-1,0.02748633611151034
1909,rao_q,-10,-1,0.02748633611151034
1909,feve,10,1,0.02748633611151034
1909,fdiv,10,1,0.02748633611151034
1910,corrected_richness,10,1,0.02748633611151034
1910,shannon,10,1,0.02748633611151034
1910,inv_simpson,10,1,0.02748633611151034
1910,trait_volume,-10,-1,0.02748633611151034
1910,trait_dispersion,-10,-1,0.02748633611151034
1910,rao_q,-10,-1,0.02748633611151034
1910,feve,10,1,0.02748633611151034
1910,fdiv,10,1,0.02748633611151034
1911,corrected_richness,10,1,0.02748633611151034
1911,shannon,10,1,0.02748633611151034
1911,inv_simpson,10,1,0.02748633611151034
1911,trait_volume,-8,-0.8,0.08641073297370003
1911,trait_dispersion,-8,-0.8,0.08641073297370003
1911,rao_q,-8,-0.8,0.08641073297370003
1911,feve,10,1,0.02748633611151034
1911,fdiv,8,0.8,0.08641073297370003
1912,corrected_richness,10,1,0.02748633611151034
1912,shannon,10,1,0.02748633611151034
1912,inv_simpson,10,1,0.02748633611151034
1912,trait_volume,-8,-0.8,0.08641073297370003
1912,trait_dispersion,-8,-0.8,0.08641073297370003
1912,rao_q,-8,-0.8,0.08641073297370003
1912,feve,10,1,0.02748633611151034
1912,fdiv,8,0.8,0.08641073297370003
1913,corrected_richness,10,1,0.02748633611151034
1913,shannon,10,1,0.02748633611151034
1913,inv_simpson,10,1,0.02748633611151034
1913,trait_volume,-8,-0.8,0.08641073297370003
1913,trait_dispersion,-8,-0.8,0.08641073297370003
1913,rao_q,-8,-0.8,0.08641073297370003
1913,feve,10,1,0.02748633611151034
1913,fdiv,8,0.8,0.08641073297370003
1914,corrected_richness,10,1,0.02748633611151034
1914,shannon,10,1,0.02748633611151034
1914,inv_simpson,10,1,0.02748633611151034
1914,trait_volume,-8,-0.8,0.08641073297370003
1914,trait_dispersion,-8,-0.8,0.08641073297370003
1914,rao_q,-8,-0.8,0.08641073297370003
1914,feve,10,1,0.02748633611151034
1914,fdiv,8,0.8,0.08641073297370003
1916,corrected_richness,10,1,0.02748633611151034
1916,shannon,10,1,0.02748633611151034
1916,inv_simpson,10,1,0.02748633611151034
1916,trait_volume,-8,-0.8,0.08641073297370003
1916,trait_dispersion,-8,-0.8,0.08641073297370003
1916,rao_q,-8,-0.8,0.08641073297370003
1916,feve,10,1,0.02748633611151034
1916,fdiv,8,0.8,0.08641073297370003
1917,corrected_richness,10,1,0.02748633611151034
1917,shannon,10,1,0.02748633611151034
1917,inv_simpson,10,1,0.02748633611151034
1917,trait_volume,-8,-0.8,0.08641073297370003
1917,trait_dispersion,-8,-0.8,0.08641073297370003
1917,rao_q,-8,-0.8,0.08641073297370003
1917,feve,10,1,0.02748633611151034
1917,fdiv,8,0.8,0.08641073297370003
1918,corrected_richness,10,1,0.02748633611151034
1918,shannon,10,1,0.02748633611151034
1918,inv_simpson,10,1,0.02748633611151034
1918,trait_volume,-8,-0.8,0.08641073297370003
1918,trait_dispersion,-8,-0.8,0.08641073297370003
1918,rao_q,-8,-0.8,0.08641073297370003
1918,feve,10,1,0.02748633611151034
1918,fdiv,8,0.8,0.08641073297370003
1919,corrected_richness,10,1,0.02748633611151034
1919,shannon,10,1,0.02748633611151034
1919,inv_simpson,10,1,0.02748633611151034
1919,trait_volume,-8,-0.8,0.08641073297370003
1919,trait_dispersion,-8,-0.8,0.08641073297370003
1919,rao_q,-10,-1,0.02748633611151034
1919,feve,10,1,0.02748633611151034
1919,fdiv,8,0.8,0.08641073297370003
1920,corrected_richness,10,1,0.02748633611151034
1920,shannon,10,1,0.02748633611151034
1920,inv_simpson,10,1,0.02748633611151034
1920,trait_volume,-8,-0.8,0.08641073297370003
1920,trait_dispersion,-8,-0.8,0.08641073297370003
1920,rao_q,-10,-1,0.02748633611151034
1920,feve,10,1,0.02748633611151034
1920,fdiv,8,0.8,0.08641073297370003
1921,corrected_richness,10,1,0.02748633611151034
1921,shannon,10,1,0.02748633611151034
1921,inv_simpson,10,1,0.02748633611151034
1921,trait_volume,-8,-0.8,0.08641073297370003
1921,trait_dispersion,-8,-0.8,0.08641073297370003
1921,rao_q,-10,-1,0.02748633611151034
1921,feve,10,1,0.02748633611151034
1921,fdiv,8,0.8,0.08641073297370003
1922,corrected_richness,10,1,0.02748633611151034
1922,shannon,10,1,0.02748633611151034
1922,inv_simpson,10,1,0.02748633611151034
1922,trait_volume,-8,-0.8,0.08641073297370003
1922,trait_dispersion,-8,-0.8,0.08641073297370003
1922,rao_q,-10,-1,0.02748633611151034
1922,feve,10,1,0.02748633611151034
1922,fdiv,8,0.8,0.08641073297370003
1923,corrected_richness,10,1,0.02748633611151034
1923,shannon,10,1,0.02748633611151034
1923,inv_simpson,10,1,0.02748633611151034
1923,trait_volume,-8,-0.8,0.08641073297370003
1923,trait_dispersion,-8,-0.8,0.08641073297370003
1923,rao_q,-10,-1,0.02748633611151034
1923,feve,10,1,0.02748633611151034
1923,fdiv,8,0.8,0.08641073297370003
1924,corrected_richness,10,1,0.02748633611151034
1924,shannon,10,1,0.02748633611151034
1924,inv_simpson,10,1,0.02748633611151034
1924,trait_volume,-8,-0.8,0.08641073297370003
1924,trait_dispersion,-8,-0.8,0.08641073297370003
1924,rao_q,-10,-1,0.02748633611151034
1924,feve,10,1,0.02748633611151034
1924,fdiv,8,0.8,0.08641073297370003
1925,corrected_richness,10,1,0.02748633611151034
1925,shannon,10,1,0.02748633611151034
1925,inv_simpson,10,1,0.02748633611151034
1925,trait_volume,-6,-0.6,0.2206713619198468
1925,trait_dispersion,-8,-0.8,0.08641073297370003
1925,rao_q,-10,-1,0.02748633611151034
1925,feve,10,1,0.02748633611151034
1925,fdiv,6,0.6,0.2206713619198468
1926,corrected_richness,10,1,0.02748633611151034
1926,shannon,10,1,0.02748633611151034
1926,inv_simpson,10,1,0.02748633611151034
1926,trait_volume,-6,-0.6,0.2206713619198468
1926,trait_dispersion,-8,-0.8,0.08641073297370003
1926,rao_q,-8,-0.8,0.08641073297370003
1926,feve,10,1,0.02748633611151034
1926,fdiv,6,0.6,0.2206713619198468
1927,corrected_richness,10,1,0.02748633611151034
1927,shannon,10,1,0.02748633611151034
1927,inv_simpson,10,1,0.02748633611151034
1927,trait_volume,-8,-0.8,0.08641073297370003
1927,trait_dispersion,-8,-0.8,0.08641073297370003
1927,rao_q,-8,-0.8,0.08641073297370003
1927,feve,10,1,0.02748633611151034
1927,fdiv,6,0.6,0.2206713619198468
1928,corrected_richness,10,1,0.02748633611151034
1928,shannon,10,1,0.02748633611151034
1928,inv_simpson,10,1,0.02748633611151034
1928,trait_volume,-6,-0.6,0.2206713619198468
1928,trait_dispersion,-8,-0.8,0.08641073297370003
1928,rao_q,-8,-0.8,0.08641073297370003
1928,feve,10,1,0.02748633611151034
1928,fdiv,6,0.6,0.2206713619198468
1950,corrected_richness,10,1,0.02748633611151034
1950,shannon,10,1,0.02748633611151034
1950,inv_simpson,10,1,0.02748633611151034
1950,trait_volume,-10,-1,0.02748633611151034
1950,trait_dispersion,-10,-1,0.02748633611151034
1950,rao_q,-10,-1,0.02748633611151034
1950,feve,10,1,0.02748633611151034
1950,fdiv,10,1,0.02748633611151034
1951,corrected_richness,10,1,0.02748633611151034
1951,shannon,10,1,0.02748633611151034
1951,inv_simpson,10,1,0.02748633611151034
1951,trait_volume,-10,-1,0.02748633611151034
1951,trait_dispersion,-10,-1,0.02748633611151034
1951,rao_q,-10,-1,0.02748633611151034
1951,feve,10,1,0.02748633611151034
1951,fdiv,10,1,0.02748633611151034
1952,corrected_richness,10,1,0.02748633611151034
1952,shannon,10,1,0.02748633611151034
1952,inv_simpson,10,1,0.02748633611151034
1952,trait_volume,-10,-1,0.02748633611151034
1952,trait_dispersion,-10,-1,0.02748633611151034
1952,rao_q,-10,-1,0.02748633611151034
1952,feve,10,1,0.02748633611151034
1952,fdiv,10,1,0.02748633611151034
1953,corrected_richness,10,1,0.02748633611151034
1953,shannon,10,1,0.02748633611151034
1953,inv_simpson,10,1,0.02748633611151034
1953,trait_volume,-10,-1,0.02748633611151034
1953,trait_dispersion,-10,-1,0.02748633611151034
1953,rao_q,-10,-1,0.02748633611151034
1953,feve,10,1,0.02748633611151034
1953,fdiv,10,1,0.02748633611151034
1967,corrected_richness,10,1,0.02748633611151034
1967,shannon,10,1,0.02748633611151034
1967,inv_simpson,10,1,0.02748633611151034
1967,trait_volume,-10,-1,0.02748633611151034
1967,trait_dispersion,-10,-1,0.02748633611151034
1967,rao_q,-10,-1,0.02748633611151034
1967,feve,10,1,0.02748633611151034
1967,fdiv,10,1,0.02748633611151034
1968,corrected_richness,10,1,0.02748633611151034
1968,shannon,10,1,0.02748633611151034
1968,inv_simpson,10,1,0.02748633611151034
1968,trait_volume,-10,-1,0.02748633611151034
1968,trait_dispersion,-10,-1,0.02748633611151034
1968,rao_q,-10,-1,0.02748633611151034
1968,feve,10,1,0.02748633611151034
1968,fdiv,10,1,0.02748633611151034
1969,corrected_richness,10,1,0.02748633611151034
1969,shannon,10,1,0.02748633611151034
1969,inv_simpson,10,1,0.02748633611151034
1969,trait_volume,-10,-1,0.02748633611151034
1969,trait_dispersion,-10,-1,0.02748633611151034
1969,rao_q,-10,-1,0.02748633611151034
1969,feve,10,1,0.02748633611151034
1969,fdiv,10,1,0.02748633611151034
1970,corrected_richness,10,1,0.02748633611151034
1970,shannon,10,1,0.02748633611151034
1970,inv_simpson,10,1,0.02748633611151034
1970,trait_volume,-10,-1,0.02748633611151034
1970,trait_dispersion,-10,-1,0.02748633611151034
1970,rao_q,-10,-1,0.02748633611151034
1970,feve,10,1,0.02748633611151034
1970,fdiv,10,1,0.02748633611151034
1971,corrected_richness,10,1,0.02748633611151034
1971,shannon,10,1,0.02748633611151034
1971,inv_simpson,10,1,0.02748633611151034
1971,trait_volume,-10,-1,0.02748633611151034
1971,trait_dispersion,-10,-1,0.02748633611151034
1971,rao_q,-10,-1,0.02748633611151034
1971,feve,10,1,0.02748633611151034
1971,fdiv,10,1,0.02748633611151034
1972,corrected_richness,10,1,0.02748633611151034
1972,shannon,10,1,0.02748633611151034
1972,inv_simpson,10,1,0.02748633611151034
1972,trait_volume,-10,-1,0.02748633611151034
1972,trait_dispersion,-10,-1,0.02748633611151034
1972,rao_q,-10,-1,0.02748633611151034
1972,feve,10,1,0.02748633611151034
1972,fdiv,10,1,0.02748633611151034
1973,corrected_richness,10,1,0.02748633611151034
1973,shannon,10,1,0.02748633611151034
1973,inv_simpson,10,1,0.02748633611151034
1973,trait_volume,-10,-1,0.02748633611151034
1973,trait_dispersion,-10,-1,0.02748633611151034
1973,rao_q,-10,-1,0.02748633611151034
1973,feve,10,1,0.02748633611151034
1973,fdiv,10,1,0.02748633611151034
1974,corrected_richness,10,1,0.02748633611151034
1974,shannon,10,1,0.02748633611151034
1974,inv_simpson,10,1,0.02748633611151034
1974,trait_volume,-10,-1,0.02748633611151034
1974,trait_dispersion,-10,-1,0.02748633611151034
1974,rao_q,-10,-1,0.02748633611151034
1974,feve,10,1,0.02748633611151034
1974,fdiv,10,1,0.02748633611151034
1975,corrected_richness,10,1,0.02748633611151034
1975,shannon,10,1,0.02748633611151034
1975,inv_simpson,10,1,0.02748633611151034
1975,trait_volume,-10,-1,0.02748633611151034
1975,trait_dispersion,-10,-1,0.02748633611151034
1975,rao_q,-10,-1,0.02748633611151034
1975,feve,10,1,0.02748633611151034
1975,fdiv,10,1,0.02748633611151034
1976,corrected_richness,10,1,0.02748633611151034
1976,shannon,10,1,0.02748633611151034
1976,inv_simpson,10,1,0.02748633611151034
1976,trait_volume,-10,-1,0.02748633611151034
1976,trait_dispersion,-10,-1,0.02748633611151034
1976,rao_q,-10,-1,0.02748633611151034
1976,feve,10,1,0.02748633611151034
1976,fdiv,10,1,0.02748633611151034
1977,corrected_richness,10,1,0.02748633611151034
1977,shannon,10,1,0.02748633611151034
1977,inv_simpson,10,1,0.02748633611151034
1977,trait_volume,-10,-1,0.02748633611151034
1977,trait_dispersion,-10,-1,0.02748633611151034
1977,rao_q,-10,-1,0.02748633611151034
1977,feve,10,1,0.02748633611151034
1977,fdiv,10,1,0.02748633611151034
1978,corrected_richness,10,1,0.02748633611151034
1978,shannon,10,1,0.02748633611151034
1978,inv_simpson,10,1,0.02748633611151034
1978,trait_volume,-10,-1,0.02748633611151034
1978,trait_dispersion,-10,-1,0.02748633611151034
1978,rao_q,-10,-1,0.02748633611151034
1978,feve,10,1,0.02748633611151034
1978,fdiv,10,1,0.02748633611151034
1979,corrected_richness,10,1,0.02748633611151034
1979,shannon,10,1,0.02748633611151034
1979,inv_simpson,10,1,0.02748633611151034
1979,trait_volume,-10,-1,0.02748633611151034
1979,trait_dispersion,-10,-1,0.02748633611151034
1979,rao_q,-10,-1,0.02748633611151034
1979,feve,10,1,0.02748633611151034
1979,fdiv,10,1,0.02748633611151034
1980,corrected_richness,10,1,0.02748633611151034
1980,shannon,10,1,0.02748633611151034
1980,inv_simpson,10,1,0.02748633611151034
1980,trait_volume,-10,-1,0.02748633611151034
1980,trait_dispersion,-10,-1,0.02748633611151034
1980,rao_q,-10,-1,0.02748633611151034
1980,feve,10,1,0.02748633611151034
1980,fdiv,10,1,0.02748633611151034
1981,corrected_richness,10,1,0.02748633611151034
1981,shannon,10,1,0.02748633611151034
1981,inv_simpson,10,1,0.02748633611151034
1981,trait_volume,-10,-1,0.02748633611151034
1981,trait_dispersion,-10,-1,0.02748633611151034
1981,rao_q,-10,-1,0.02748633611151034
1981,feve,10,1,0.02748633611151034
1981,fdiv,10,1,0.02748633611151034
1982,corrected_richness,10,1,0.02748633611151034
1982,shannon,10,1,0.02748633611151034
1982,inv_simpson,10,1,0.02748633611151034
1982,trait_volume,-8,-0.8,0.08641073297370003
1982,trait_dispersion,-10,-1,0.02748633611151034
1982,rao_q,-10,-1,0.02748633611151034
1982,feve,10,1,0.02748633611151034
1982,fdiv,10,1,0.02748633611151034
1983,corrected_richness,10,1,0.02748633611151034
1983,shannon,10,1,0.02748633611151034
1983,inv_simpson,10,1,0.02748633611151034
1983,trait_volume,-8,-0.8,0.08641073297370003
1983,trait_dispersion,-8,-0.8,0.08641073297370003
1983,rao_q,-8,-0.8,0.08641073297370003
1983,feve,10,1,0.02748633611151034
1983,fdiv,10,1,0.02748633611151034
1984,corrected_richness,10,1,0.02748633611151034
1984,shannon,10,1,0.02748633611151034
1984,inv_simpson,10,1,0.02748633611151034
1984,trait_volume,-8,-0.8,0.08641073297370003
1984,trait_dispersion,-8,-0.8,0.08641073297370003
1984,rao_q,-8,-0.8,0.08641073297370003
1984,feve,10,1,0.02748633611151034
1984,fdiv,8,0.8,0.08641073297370003
1985,corrected_richness,10,1,0.02748633611151034
1985,shannon,10,1,0.02748633611151034
1985,inv_simpson,10,1,0.02748633611151034
1985,trait_volume,-8,-0.8,0.08641073297370003
1985,trait_dispersion,-8,-0.8,0.08641073297370003
1985,rao_q,-8,-0.8,0.08641073297370003
1985,feve,10,1,0.02748633611151034
1985,fdiv,8,0.8,0.08641073297370003
1986,corrected_richness,10,1,0.02748633611151034
1986,shannon,10,1,0.02748633611151034
1986,inv_simpson,10,1,0.02748633611151034
1986,trait_volume,-8,-0.8,0.08641073297370003
1986,trait_dispersion,-8,-0.8,0.08641073297370003
1986,rao_q,-8,-0.8,0.08641073297370003
1986,feve,10,1,0.02748633611151034
1986,fdiv,8,0.8,0.08641073297370003
1987,corrected_richness,10,1,0.02748633611151034
1987,shannon,10,1,0.02748633611151034
1987,inv_simpson,10,1,0.02748633611151034
1987,trait_volume,-8,-0.8,0.08641073297370003
1987,trait_dispersion,-8,-0.8,0.08641073297370003
1987,rao_q,-8,-0.8,0.08641073297370003
1987,feve,10,1,0.02748633611151034
1987,fdiv,8,0.8,0.08641073297370003
1988,corrected_richness,10,1,0.02748633611151034
1988,shannon,10,1,0.02748633611151034
1988,inv_simpson,10,1,0.02748633611151034
1988,trait_volume,-8,-0.8,0.08641073297370003
1988,trait_dispersion,-8,-0.8,0.08641073297370003
1988,rao_q,-8,-0.8,0.08641073297370003
1988,feve,10,1,0.02748633611151034
1988,fdiv,8,0.8,0.08641073297370003
1989,corrected_richness,10,1,0.02748633611151034
1989,shannon,10,1,0.02748633611151034
1989,inv_simpson,10,1,0.02748633611151034
1989,trait_volume,-8,-0.8,0.08641073297370003
1989,trait_dispersion,-8,-0.8,0.08641073297370003
1989,rao_q,-8,-0.8,0.08641073297370003
1989,feve,10,1,0.02748633611151034
1989,fdiv,8,0.8,0.08641073297370003
1990,corrected_richness,10,1,0.02748633611151034
1990,shannon,10,1,0.02748633611151034
1990,inv_simpson,10,1,0.02748633611151034
1990,trait_volume,-8,-0.8,0.08641073297370003
1990,trait_dispersion,-8,-0.8,0.08641073297370003
1990,rao_q,-8,-0.8,0.08641073297370003
1990,feve,10,1,0.02748633611151034
1990,fdiv,8,0.8,0.08641073297370003
1991,corrected_richness,10,1,0.02748633611151034
1991,shannon,10,1,0.02748633611151034
1991,inv_simpson,10,1,0.02748633611151034
1991,trait_volume,-8,-0.8,0.08641073297370003
1991,trait_dispersion,-8,-0.8,0.08641073297370003
1991,rao_q,-8,-0.8,0.08641073297370003
1991,feve,10,1,0.02748633611151034
1991,fdiv,8,0.8,0.08641073297370003
1992,corrected_richness,10,1,0.02748633611151034
1992,shannon,10,1,0.02748633611151034
1992,inv_simpson,10,1,0.02748633611151034
1992,trait_volume,-8,-0.8,0.08641073297370003
1992,trait_dispersion,-8,-0.8,0.08641073297370003
1992,rao_q,-8,-0.8,0.08641073297370003
1992,feve,10,1,0.02748633611151034
1992,fdiv,6,0.6,0.2206713619198468
1993,corrected_richness,10,1,0.02748633611151034
1993,shannon,10,1,0.02748633611151034
1993,inv_simpson,10,1,0.02748633611151034
1993,trait_volume,-8,-0.8,0.08641073297370003
1993,trait_dispersion,-8,-0.8,0.08641073297370003
1993,rao_q,-8,-0.8,0.08641073297370003
1993,feve,10,1,0.02748633611151034
1993,fdiv,6,0.6,0.2206713619198468
1994,corrected_richness,10,1,0.02748633611151034
1994,shannon,10,1,0.02748633611151034
1994,inv_simpson,10,1,0.02748633611151034
1994,trait_volume,-6,-0.6,0.2206713619198468
1994,trait_dispersion,-8,-0.8,0.08641073297370003
1994,rao_q,-8,-0.8,0.08641073297370003
1994,feve,10,1,0.02748633611151034
1994,fdiv,6,0.6,0.2206713619198468
1995,corrected_richness,10,1,0.02748633611151034
1995,shannon,10,1,0.02748633611151034
1995,inv_simpson,10,1,0.02748633611151034
1995,trait_volume,-6,-0.6,0.2206713619198468
1995,trait_dispersion,-6,-0.6,0.2206713619198468
1995,rao_q,-6,-0.6,0.2206713619198468
1995,feve,10,1,0.02748633611151034
1995,fdiv,6,0.6,0.2206713619198468
1996,corrected_richness,10,1,0.02748633611151034
1996,shannon,10,1,0.02748633611151034
1996,inv_simpson,10,1,0.02748633611151034
1996,trait_volume,-6,-0.6,0.2206713619198468
1996,trait_dispersion,-6,-0.6,0.2206713619198468
1996,rao_q,-6,-0.6,0.2206713619198468
1996,feve,10,1,0.02748633611151034
1996,fdiv,6,0.6,0.2206713619198468
1997,corrected_richness,10,1,0.02748633611151034
1997,shannon,10,1,0.02748633611151034
1997,inv_simpson,10,1,0.02748633611151034
1997,trait_volume,-6,-0.6,0.2206713619198468
1997,trait_dispersion,-6,-0.6,0.2206713619198468
1997,rao_q,-6,-0.6,0.2206713619198468
1997,feve,10,1,0.02748633611151034
1997,fdiv,6,0.6,0.2206713619198468
1998,corrected_richness,10,1,0.02748633611151034
1998,shannon,10,1,0.02748633611151034
1998,inv_simpson,10,1,0.02748633611151034
1998,trait_volume,-6,-0.6,0.2206713619198468
1998,trait_dispersion,-6,-0.6,0.2206713619198468
1998,rao_q,-6,-0.6,0.2206713619198468
1998,feve,10,1,0.02748633611151034
1998,fdiv,4,0.4,0.4624327264504763
2024,corrected_richness,10,1,0.02748633611151034
2024,shannon,10,1,0.02748633611151034
2024,inv_simpson,10,1,0.02748633611151034
2024,trait_volume,-10,-1,0.02748633611151034
2024,trait_dispersion,-10,-1,0.02748633611151034
2024,rao_q,-10,-1,0.02748633611151034
2024,feve,10,1,0.02748633611151034
2024,fdiv,10,1,0.02748633611151034
2027,corrected_richness,10,1,0.02748633611151034
2027,shannon,10,1,0.02748633611151034
2027,inv_simpson,10,1,0.02748633611151034
2027,trait_volume,-10,-1,0.02748633611151034
2027,trait_dispersion,-10,-1,0.02748633611151034
2027,rao_q,-10,-1,0.02748633611151034
2027,feve,10,1,0.02748633611151034
2027,fdiv,10,1,0.02748633611151034
2028,corrected_richness,10,1,0.02748633611151034
2028,shannon,10,1,0.02748633611151034
2028,inv_simpson,10,1,0.02748633611151034
2028,trait_volume,-10,-1,0.02748633611151034
2028,trait_dispersion,-10,-1,0.02748633611151034
2028,rao_q,-10,-1,0.02748633611151034
2028,feve,10,1,0.02748633611151034
2028,fdiv,10,1,0.02748633611151034
2039,corrected_richness,10,1,0.02748633611151034
2039,shannon,10,1,0.02748633611151034
2039,inv_simpson,10,1,0.02748633611151034
2039,trait_volume,-10,-1,0.02748633611151034
2039,trait_dispersion,-10,-1,0.02748633611151034
2039,rao_q,-10,-1,0.02748633611151034
2039,feve,10,1,0.02748633611151034
2039,fdiv,10,1,0.02748633611151034
2040,corrected_richness,10,1,0.02748633611151034
2040,shannon,10,1,0.02748633611151034
2040,inv_simpson,10,1,0.02748633611151034
2040,trait_volume,-10,-1,0.02748633611151034
2040,trait_dispersion,-10,-1,0.02748633611151034
2040,rao_q,-10,-1,0.02748633611151034
2040,feve,10,1,0.02748633611151034
2040,fdiv,10,1,0.02748633611151034
2041,corrected_richness,10,1,0.02748633611151034
2041,shannon,10,1,0.02748633611151034
2041,inv_simpson,10,1,0.02748633611151034
2041,trait_volume,-10,-1,0.02748633611151034
2041,trait_dispersion,-10,-1,0.02748633611151034
2041,rao_q,-10,-1,0.02748633611151034
2041,feve,10,1,0.02748633611151034
2041,fdiv,10,1,0.02748633611151034
2044,corrected_richness,10,1,0.02748633611151034
2044,shannon,10,1,0.02748633611151034
2044,inv_simpson,10,1,0.02748633611151034
2044,trait_volume,-10,-1,0.02748633611151034
2044,trait_dispersion,-10,-1,0.02748633611151034
2044,rao_q,-10,-1,0.02748633611151034
2044,feve,10,1,0.02748633611151034
2044,fdiv,10,1,0.02748633611151034
2045,corrected_richness,10,1,0.02748633611151034
2045,shannon,10,1,0.02748633611151034
2045,inv_simpson,10,1,0.02748633611151034
2045,trait_volume,-10,-1,0.02748633611151034
2045,trait_dispersion,-10,-1,0.02748633611151034
2045,rao_q,-10,-1,0.02748633611151034
2045,feve,10,1,0.02748633611151034
2045,fdiv,10,1,0.02748633611151034
2046,corrected_richness,10,1,0.02748633611151034
2046,shannon,10,1,0.02748633611151034
2046,inv_simpson,10,1,0.02748633611151034
2046,trait_volume,-10,-1,0.02748633611151034
2046,trait_dispersion,-10,-1,0.02748633611151034
2046,rao_q,-10,-1,0.02748633611151034
2046,feve,10,1,0.02748633611151034
2046,fdiv,10,1,0.02748633611151034
2047,corrected_richness,10,1,0.02748633611151034
2047,shannon,10,1,0.02748633611151034
2047,inv_simpson,10,1,0.02748633611151034
2047,trait_volume,-10,-1,0.02748633611151034
2047,trait_dispersion,-10,-1,0.02748633611151034
2047,rao_q,-10,-1,0.02748633611151034
2047,feve,10,1,0.02748633611151034
2047,fdiv,10,1,0.02748633611151034
2048,corrected_richness,10,1,0.02748633611151034
2048,shannon,10,1,0.02748633611151034
2048,inv_simpson,10,1,0.02748633611151034
2048,trait_volume,-10,-1,0.02748633611151034
2048,trait_dispersion,-10,-1,0.02748633611151034
2048,rao_q,-10,-1,0.02748633611151034
2048,feve,10,1,0.02748633611151034
2048,fdiv,10,1,0.02748633611151034
2049,corrected_richness,10,1,0.02748633611151034
2049,shannon,10,1,0.02748633611151034
2049,inv_simpson,10,1,0.02748633611151034
2049,trait_volume,-10,-1,0.02748633611151034
2049,trait_dispersion,-10,-1,0.02748633611151034
2049,rao_q,-10,-1,0.02748633611151034
2049,feve,10,1,0.02748633611151034
2049,fdiv,10,1,0.02748633611151034
2050,corrected_richness,10,1,0.02748633611151034
2050,shannon,10,1,0.02748633611151034
2050,inv_simpson,10,1,0.02748633611151034
2050,trait_volume,-10,-1,0.02748633611151034
2050,trait_dispersion,-10,-1,0.02748633611151034
2050,rao_q,-10,-1,0.02748633611151034
2050,feve,10,1,0.02748633611151034
2050,fdiv,10,1,0.02748633611151034
2051,corrected_richness,10,1,0.02748633611151034
2051,shannon,10,1,0.02748633611151034
2051,inv_simpson,10,1,0.02748633611151034
2051,trait_volume,-10,-1,0.02748633611151034
2051,trait_dispersion,-10,-1,0.02748633611151034
2051,rao_q,-10,-1,0.02748633611151034
2051,feve,10,1,0.02748633611151034
2051,fdiv,10,1,0.02748633611151034
2052,corrected_richness,10,1,0.02748633611151034
2052,shannon,10,1,0.02748633611151034
2052,inv_simpson,10,1,0.02748633611151034
2052,trait_volume,-10,-1,0.02748633611151034
2052,trait_dispersion,-10,-1,0.02748633611151034
2052,rao_q,-10,-1,0.02748633611151034
2052,feve,10,1,0.02748633611151034
2052,fdiv,10,1,0.02748633611151034
2053,corrected_richness,10,1,0.02748633611151034
2053,shannon,10,1,0.02748633611151034
2053,inv_simpson,10,1,0.02748633611151034
2053,trait_volume,-10,-1,0.02748633611151034
2053,trait_dispersion,-10,-1,0.02748633611151034
2053,rao_q,-10,-1,0.02748633611151034
2053,feve,10,1,0.02748633611151034
2053,fdiv,10,1,0.02748633611151034
2054,corrected_richness,10,1,0.02748633611151034
2054,shannon,10,1,0.02748633611151034
2054,inv_simpson,10,1,0.02748633611151034
2054,trait_volume,-8,-0.8,0.08641073297370003
2054,trait_dispersion,-10,-1,0.02748633611151034
2054,rao_q,-10,-1,0.02748633611151034
2054,feve,10,1,0.02748633611151034
2054,fdiv,10,1,0.02748633611151034
2055,corrected_richness,10,1,0.02748633611151034
2055,shannon,10,1,0.02748633611151034
2055,inv_simpson,10,1,0.02748633611151034
2055,trait_volume,-8,-0.8,0.08641073297370003
2055,trait_dispersion,-8,-0.8,0.08641073297370003
2055,rao_q,-8,-0.8,0.08641073297370003
2055,feve,10,1,0.02748633611151034
2055,fdiv,10,1,0.02748633611151034
2056,corrected_richness,10,1,0.02748633611151034
2056,shannon,10,1,0.02748633611151034
2056,inv_simpson,10,1,0.02748633611151034
2056,trait_volume,-8,-0.8,0.08641073297370003
2056,trait_dispersion,-8,-0.8,0.08641073297370003
2056,rao_q,-8,-0.8,0.08641073297370003
2056,feve,10,1,0.02748633611151034
2056,fdiv,8,0.8,0.08641073297370003
2057,corrected_richness,10,1,0.02748633611151034
2057,shannon,10,1,0.02748633611151034
2057,inv_simpson,10,1,0.02748633611151034
2057,trait_volume,-8,-0.8,0.08641073297370003
2057,trait_dispersion,-8,-0.8,0.08641073297370003
2057,rao_q,-8,-0.8,0.08641073297370003
2057,feve,10,1,0.02748633611151034
2057,fdiv,8,0.8,0.08641073297370003
2058,corrected_richness,10,1,0.02748633611151034
2058,shannon,10,1,0.02748633611151034
2058,inv_simpson,10,1,0.02748633611151034
2058,trait_volume,-8,-0.8,0.08641073297370003
2058,trait_dispersion,-8,-0.8,0.08641073297370003
2058,rao_q,-8,-0.8,0.08641073297370003
2058,feve,10,1,0.02748633611151034
2058,fdiv,8,0.8,0.08641073297370003
2059,corrected_richness,10,1,0.02748633611151034
2059,shannon,10,1,0.02748633611151034
2059,inv_simpson,10,1,0.02748633611151034
2059,trait_volume,-8,-0.8,0.08641073297370003
2059,trait_dispersion,-8,-0.8,0.08641073297370003
2059,rao_q,-8,-0.8,0.08641073297370003
2059,feve,10,1,0.02748633611151034
2059,fdiv,8,0.8,0.08641073297370003
2060,corrected_richness,10,1,0.02748633611151034
2060,shannon,10,1,0.02748633611151034
2060,inv_simpson,10,1,0.02748633611151034
2060,trait_volume,-8,-0.8,0.08641073297370003
2060,trait_dispersion,-8,-0.8,0.08641073297370003
2060,rao_q,-8,-0.8,0.08641073297370003
2060,feve,10,1,0.02748633611151034
2060,fdiv,8,0.8,0.08641073297370003
2061,corrected_richness,10,1,0.02748633611151034
2061,shannon,10,1,0.02748633611151034
2061,inv_simpson,10,1,0.02748633611151034
2061,trait_volume,-8,-0.8,0.08641073297370003
2061,trait_dispersion,-8,-0.8,0.08641073297370003
2061,rao_q,-8,-0.8,0.08641073297370003
2061,feve,10,1,0.02748633611151034
2061,fdiv,6,0.6,0.2206713619198468
2062,corrected_richness,10,1,0.02748633611151034
2062,shannon,10,1,0.02748633611151034
2062,inv_simpson,10,1,0.02748633611151034
2062,trait_volume,-8,-0.8,0.08641073297370003
2062,trait_dispersion,-6,-0.6,0.2206713619198468
2062,rao_q,-8,-0.8,0.08641073297370003
2062,feve,10,1,0.02748633611151034
2062,fdiv,6,0.6,0.2206713619198468
2063,corrected_richness,10,1,0.02748633611151034
2063,shannon,10,1,0.02748633611151034
2063,inv_simpson,10,1,0.02748633611151034
2063,trait_volume,-8,-0.8,0.08641073297370003
2063,trait_dispersion,-6,-0.6,0.2206713619198468
2063,rao_q,-8,-0.8,0.08641073297370003
2063,feve,10,1,0.02748633611151034
2063,fdiv,6,0.6,0.2206713619198468
2064,corrected_richness,10,1,0.02748633611151034
2064,shannon,10,1,0.02748633611151034
2064,inv_simpson,10,1,0.02748633611151034
2064,trait_volume,-8,-0.8,0.08641073297370003
2064,trait_dispersion,-4,-0.4,0.4624327264504763
2064,rao_q,-8,-0.8,0.08641073297370003
2064,feve,10,1,0.02748633611151034
2064,fdiv,6,0.6,0.2206713619198468
2065,corrected_richness,10,1,0.02748633611151034
2065,shannon,10,1,0.02748633611151034
2065,inv_simpson,10,1,0.02748633611151034
2065,trait_volume,-6,-0.6,0.2206713619198468
2065,trait_dispersion,-4,-0.4,0.4624327264504763
2065,rao_q,-6,-0.6,0.2206713619198468
2065,feve,10,1,0.02748633611151034
2065,fdiv,6,0.6,0.2206713619198468
2066,corrected_richness,10,1,0.02748633611151034
2066,shannon,10,1,0.02748633611151034
2066,inv_simpson,10,1,0.02748633611151034
2066,trait_volume,-6,-0.6,0.2206713619198468
2066,trait_dispersion,-2,-0.2,0.8064959405073402
2066,rao_q,-6,-0.6,0.2206713619198468
2066,feve,10,1,0.02748633611151034
2066,fdiv,4,0.4,0.4624327264504763
2067,corrected_richness,10,1,0.02748633611151034
2067,shannon,10,1,0.02748633611151034
2067,inv_simpson,10,1,0.02748633611151034
2067,trait_volume,-6,-0.6,0.2206713619198468
2067,trait_dispersion,-2,-0.2,0.8064959405073402
2067,rao_q,-6,-0.6,0.2206713619198468
2067,feve,10,1,0.02748633611151034
2067,fdiv,4,0.4,0.4624327264504763
2068,corrected_richness,10,1,0.02748633611151034
2068,shannon,10,1,0.02748633611151034
2068,inv_simpson,10,1,0.02748633611151034
2068,trait_volume,-6,-0.6,0.2206713619198468
2068,trait_dispersion,-2,-0.2,0.8064959405073402
2068,rao_q,-6,-0.6,0.2206713619198468
2068,feve,10,1,0.02748633611151034
2068,fdiv,4,0.4,0.4624327264504763
2069,corrected_richness,10,1,0.02748633611151034
2069,shannon,10,1,0.02748633611151034
2069,inv_simpson,10,1,0.02748633611151034
2069,trait_volume,-6,-0.6,0.2206713619198468
2069,trait_dispersion,-2,-0.2,0.8064959405073402
2069,rao_q,-6,-0.6,0.2206713619198468
2069,feve,10,1,0.02748633611151034
2069,fdiv,4,0.4,0.4624327264504763
2111,corrected_richness,10,1,0.02748633611151034
2111,shannon,10,1,0.02748633611151034
2111,inv_simpson,10,1,0.02748633611151034
2111,trait_volume,-10,-1,0.02748633611151034
2111,trait_dispersion,-10,-1,0.02748633611151034
2111,rao_q,-10,-1,0.02748633611151034
2111,feve,10,1,0.02748633611151034
2111,fdiv,10,1,0.02748633611151034
2112,corrected_richness,10,1,0.02748633611151034
2112,shannon,10,1,0.02748633611151034
2112,inv_simpson,10,1,0.02748633611151034
2112,trait_volume,-10,-1,0.02748633611151034
2112,trait_dispersion,-10,-1,0.02748633611151034
2112,rao_q,-10,-1,0.02748633611151034
2112,feve,10,1,0.02748633611151034
2112,fdiv,10,1,0.02748633611151034
2113,corrected_richness,10,1,0.02748633611151034
2113,shannon,10,1,0.02748633611151034
2113,inv_simpson,10,1,0.02748633611151034
2113,trait_volume,-10,-1,0.02748633611151034
2113,trait_dispersion,-10,-1,0.02748633611151034
2113,rao_q,-10,-1,0.02748633611151034
2113,feve,10,1,0.02748633611151034
2113,fdiv,10,1,0.02748633611151034
2114,corrected_richness,10,1,0.02748633611151034
2114,shannon,10,1,0.02748633611151034
2114,inv_simpson,10,1,0.02748633611151034
2114,trait_volume,-10,-1,0.02748633611151034
2114,trait_dispersion,-10,-1,0.02748633611151034
2114,rao_q,-10,-1,0.02748633611151034
2114,feve,10,1,0.02748633611151034
2114,fdiv,10,1,0.02748633611151034
2116,corrected_richness,10,1,0.02748633611151034
2116,shannon,10,1,0.02748633611151034
2116,inv_simpson,10,1,0.02748633611151034
2116,trait_volume,-10,-1,0.02748633611151034
2116,trait_dispersion,-10,-1,0.02748633611151034
2116,rao_q,-10,-1,0.02748633611151034
2116,feve,10,1,0.02748633611151034
2116,fdiv,10,1,0.02748633611151034
2117,corrected_richness,10,1,0.02748633611151034
2117,shannon,10,1,0.02748633611151034
2117,inv_simpson,10,1,0.02748633611151034
2117,trait_volume,-10,-1,0.02748633611151034
2117,trait_dispersion,-10,-1,0.02748633611151034
2117,rao_q,-10,-1,0.02748633611151034
2117,feve,10,1,0.02748633611151034
2117,fdiv,10,1,0.02748633611151034
2118,corrected_richness,10,1,0.02748633611151034
2118,shannon,10,1,0.02748633611151034
2118,inv_simpson,10,1,0.02748633611151034
2118,trait_volume,-10,-1,0.02748633611151034
2118,trait_dispersion,-10,-1,0.02748633611151034
2118,rao_q,-10,-1,0.02748633611151034
2118,feve,10,1,0.02748633611151034
2118,fdiv,10,1,0.02748633611151034
2119,corrected_richness,10,1,0.02748633611151034
2119,shannon,10,1,0.02748633611151034
2119,inv_simpson,10,1,0.02748633611151034
2119,trait_volume,-10,-1,0.02748633611151034
2119,trait_dispersion,-10,-1,0.02748633611151034
2119,rao_q,-10,-1,0.02748633611151034
2119,feve,10,1,0.02748633611151034
2119,fdiv,10,1,0.02748633611151034
2120,corrected_richness,10,1,0.02748633611151034
2120,shannon,10,1,0.02748633611151034
2120,inv_simpson,10,1,0.02748633611151034
2120,trait_volume,-10,-1,0.02748633611151034
2120,trait_dispersion,-10,-1,0.02748633611151034
2120,rao_q,-10,-1,0.02748633611151034
2120,feve,10,1,0.02748633611151034
2120,fdiv,10,1,0.02748633611151034
2121,corrected_richness,10,1,0.02748633611151034
2121,shannon,10,1,0.02748633611151034
2121,inv_simpson,10,1,0.02748633611151034
2121,trait_volume,-10,-1,0.02748633611151034
2121,trait_dispersion,-10,-1,0.02748633611151034
2121,rao_q,-10,-1,0.02748633611151034
2121,feve,10,1,0.02748633611151034
2121,fdiv,10,1,0.02748633611151034
2122,corrected_richness,10,1,0.02748633611151034
2122,shannon,10,1,0.02748633611151034
2122,inv_simpson,10,1,0.02748633611151034
2122,trait_volume,-10,-1,0.02748633611151034
2122,trait_dispersion,-10,-1,0.02748633611151034
2122,rao_q,-10,-1,0.02748633611151034
2122,feve,10,1,0.02748633611151034
2122,fdiv,10,1,0.02748633611151034
2123,corrected_richness,10,1,0.02748633611151034
2123,shannon,10,1,0.02748633611151034
2123,inv_simpson,10,1,0.02748633611151034
2123,trait_volume,-10,-1,0.02748633611151034
2123,trait_dispersion,-10,-1,0.02748633611151034
2123,rao_q,-10,-1,0.02748633611151034
2123,feve,10,1,0.02748633611151034
2123,fdiv,10,1,0.02748633611151034
2124,corrected_richness,10,1,0.02748633611151034
2124,shannon,10,1,0.02748633611151034
2124,inv_simpson,10,1,0.02748633611151034
2124,trait_volume,-10,-1,0.02748633611151034
2124,trait_dispersion,-10,-1,0.02748633611151034
2124,rao_q,-10,-1,0.02748633611151034
2124,feve,8,0.8,0.08641073297370003
2124,fdiv,10,1,0.02748633611151034
2125,corrected_richness,10,1,0.02748633611151034
2125,shannon,10,1,0.02748633611151034
2125,inv_simpson,10,1,0.02748633611151034
2125,trait_volume,-10,-1,0.02748633611151034
2125,trait_dispersion,-10,-1,0.02748633611151034
2125,rao_q,-10,-1,0.02748633611151034
2125,feve,10,1,0.02748633611151034
2125,fdiv,10,1,0.02748633611151034
2126,corrected_richness,10,1,0.02748633611151034
2126,shannon,10,1,0.02748633611151034
2126,inv_simpson,10,1,0.02748633611151034
2126,trait_volume,-8,-0.8,0.08641073297370003
2126,trait_dispersion,-10,-1,0.02748633611151034
2126,rao_q,-10,-1,0.02748633611151034
2126,feve,10,1,0.02748633611151034
2126,fdiv,10,1,0.02748633611151034
2127,corrected_richness,10,1,0.02748633611151034
2127,shannon,10,1,0.02748633611151034
2127,inv_simpson,10,1,0.02748633611151034
2127,trait_volume,-8,-0.8,0.08641073297370003
2127,trait_dispersion,-8,-0.8,0.08641073297370003
2127,rao_q,-10,-1,0.02748633611151034
2127,feve,10,1,0.02748633611151034
2127,fdiv,10,1,0.02748633611151034
2128,corrected_richness,10,1,0.02748633611151034
2128,shannon,10,1,0.02748633611151034
2128,inv_simpson,10,1,0.02748633611151034
2128,trait_volume,-8,-0.8,0.08641073297370003
2128,trait_dispersion,-8,-0.8,0.08641073297370003
2128,rao_q,-8,-0.8,0.08641073297370003
2128,feve,10,1,0.02748633611151034
2128,fdiv,8,0.8,0.08641073297370003
2129,corrected_richness,10,1,0.02748633611151034
2129,shannon,10,1,0.02748633611151034
2129,inv_simpson,10,1,0.02748633611151034
2129,trait_volume,-8,-0.8,0.08641073297370003
2129,trait_dispersion,-8,-0.8,0.08641073297370003
2129,rao_q,-8,-0.8,0.08641073297370003
2129,feve,10,1,0.02748633611151034
2129,fdiv,8,0.8,0.08641073297370003
2130,corrected_richness,10,1,0.02748633611151034
2130,shannon,10,1,0.02748633611151034
2130,inv_simpson,10,1,0.02748633611151034
2130,trait_volume,-8,-0.8,0.08641073297370003
2130,trait_dispersion,-8,-0.8,0.08641073297370003
2130,rao_q,-8,-0.8,0.08641073297370003
2130,feve,10,1,0.02748633611151034
2130,fdiv,8,0.8,0.08641073297370003
2131,corrected_richness,10,1,0.02748633611151034
2131,shannon,10,1,0.02748633611151034
2131,inv_simpson,10,1,0.02748633611151034
2131,trait_volume,-8,-0.8,0.08641073297370003
2131,trait_dispersion,-8,-0.8,0.08641073297370003
2131,rao_q,-8,-0.8,0.08641073297370003
2131,feve,10,1,0.02748633611151034
2131,fdiv,8,0.8,0.08641073297370003
2132,corrected_richness,10,1,0.02748633611151034
2132,shannon,10,1,0.02748633611151034
2132,inv_simpson,10,1,0.02748633611151034
2132,trait_volume,-8,-0.8,0.08641073297370003
2132,trait_dispersion,-6,-0.6,0.2206713619198468
2132,rao_q,-8,-0.8,0.08641073297370003
2132,feve,10,1,0.02748633611151034
2132,fdiv,6,0.6,0.2206713619198468
2133,corrected_richness,10,1,0.02748633611151034
2133,shannon,10,1,0.02748633611151034
2133,inv_simpson,10,1,0.02748633611151034
2133,trait_volume,-8,-0.8,0.08641073297370003
2133,trait_dispersion,-6,-0.6,0.2206713619198468
2133,rao_q,-8,-0.8,0.08641073297370003
2133,feve,10,1,0.02748633611151034
2133,fdiv,6,0.6,0.2206713619198468
2134,corrected_richness,10,1,0.02748633611151034
2134,shannon,10,1,0.02748633611151034
2134,inv_simpson,10,1,0.02748633611151034
2134,trait_volume,-8,-0.8,0.08641073297370003
2134,trait_dispersion,-4,-0.4,0.4624327264504763
2134,rao_q,-8,-0.8,0.08641073297370003
2134,feve,10,1,0.02748633611151034
2134,fdiv,6,0.6,0.2206713619198468
2135,corrected_richness,10,1,0.02748633611151034
2135,shannon,10,1,0.02748633611151034
2135,inv_simpson,10,1,0.02748633611151034
2135,trait_volume,-8,-0.8,0.08641073297370003
2135,trait_dispersion,-4,-0.4,0.4624327264504763
2135,rao_q,-8,-0.8,0.08641073297370003
2135,feve,10,1,0.02748633611151034
2135,fdiv,6,0.6,0.2206713619198468
2136,corrected_richness,10,1,0.02748633611151034
2136,shannon,10,1,0.02748633611151034
2136,inv_simpson,10,1,0.02748633611151034
2136,trait_volume,-6,-0.6,0.2206713619198468
2136,trait_dispersion,-4,-0.4,0.4624327264504763
2136,rao_q,-6,-0.6,0.2206713619198468
2136,feve,10,1,0.02748633611151034
2136,fdiv,4,0.4,0.4624327264504763
2137,corrected_richness,10,1,0.02748633611151034
2137,shannon,10,1,0.02748633611151034
2137,inv_simpson,10,1,0.02748633611151034
2137,trait_volume,-6,-0.6,0.2206713619198468
2137,trait_dispersion,-2,-0.2,0.8064959405073402
2137,rao_q,-6,-0.6,0.2206713619198468
2137,feve,10,1,0.02748633611151034
2137,fdiv,4,0.4,0.4624327264504763
2138,corrected_richness,10,1,0.02748633611151034
2138,shannon,10,1,0.02748633611151034
2138,inv_simpson,10,1,0.02748633611151034
2138,trait_volume,-6,-0.6,0.2206713619198468
2138,trait_dispersion,-2,-0.2,0.8064959405073402
2138,rao_q,-6,-0.6,0.2206713619198468
2138,feve,10,1,0.02748633611151034
2138,fdiv,4,0.4,0.4624327264504763
2139,corrected_richness,10,1,0.02748633611151034
2139,shannon,10,1,0.02748633611151034
2139,inv_simpson,10,1,0.02748633611151034
2139,trait_volume,-6,-0.6,0.2206713619198468
2139,trait_dispersion,-2,-0.2,0.8064959405073402
2139,rao_q,-6,-0.6,0.2206713619198468
2139,feve,10,1,0.02748633611151034
2139,fdiv,4,0.4,0.4624327264504763
2140,corrected_richness,10,1,0.02748633611151034
2140,shannon,10,1,0.02748633611151034
2140,inv_simpson,10,1,0.02748633611151034
2140,trait_volume,-6,-0.6,0.2206713619198468
2140,trait_dispersion,-2,-0.2,0.8064959405073402
2140,rao_q,-6,-0.6,0.2206713619198468
2140,feve,10,1,0.02748633611151034
2140,fdiv,4,0.4,0.4624327264504763
2171,corrected_richness,10,1,0.02748633611151034
2171,shannon,10,1,0.02748633611151034
2171,inv_simpson,10,1,0.02748633611151034
2171,trait_volume,-10,-1,0.02748633611151034
2171,trait_dispersion,-10,-1,0.02748633611151034
2171,rao_q,-10,-1,0.02748633611151034
2171,feve,10,1,0.02748633611151034
2171,fdiv,10,1,0.02748633611151034
2182,corrected_richness,10,1,0.02748633611151034
2182,shannon,10,1,0.02748633611151034
2182,inv_simpson,10,1,0.02748633611151034
2182,trait_volume,-10,-1,0.02748633611151034
2182,trait_dispersion,-10,-1,0.02748633611151034
2182,rao_q,-10,-1,0.02748633611151034
2182,feve,10,1,0.02748633611151034
2182,fdiv,10,1,0.02748633611151034
2183,corrected_richness,10,1,0.02748633611151034
2183,shannon,10,1,0.02748633611151034
2183,inv_simpson,10,1,0.02748633611151034
2183,trait_volume,-10,-1,0.02748633611151034
2183,trait_dispersion,-10,-1,0.02748633611151034
2183,rao_q,-10,-1,0.02748633611151034
2183,feve,10,1,0.02748633611151034
2183,fdiv,10,1,0.02748633611151034
2184,corrected_richness,10,1,0.02748633611151034
2184,shannon,10,1,0.02748633611151034
2184,inv_simpson,10,1,0.02748633611151034
2184,trait_volume,-10,-1,0.02748633611151034
2184,trait_dispersion,-10,-1,0.02748633611151034
2184,rao_q,-10,-1,0.02748633611151034
2184,feve,10,1,0.02748633611151034
2184,fdiv,10,1,0.02748633611151034
2186,corrected_richness,10,1,0.02748633611151034
2186,shannon,10,1,0.02748633611151034
2186,inv_simpson,10,1,0.02748633611151034
2186,trait_volume,-10,-1,0.02748633611151034
2186,trait_dispersion,-10,-1,0.02748633611151034
2186,rao_q,-10,-1,0.02748633611151034
2186,feve,10,1,0.02748633611151034
2186,fdiv,10,1,0.02748633611151034
2187,corrected_richness,10,1,0.02748633611151034
2187,shannon,10,1,0.02748633611151034
2187,inv_simpson,10,1,0.02748633611151034
2187,trait_volume,-10,-1,0.02748633611151034
2187,trait_dispersion,-10,-1,0.02748633611151034
2187,rao_q,-10,-1,0.02748633611151034
2187,feve,10,1,0.02748633611151034
2187,fdiv,10,1,0.02748633611151034
2188,corrected_richness,10,1,0.02748633611151034
2188,shannon,10,1,0.02748633611151034
2188,inv_simpson,10,1,0.02748633611151034
2188,trait_volume,-10,-1,0.02748633611151034
2188,trait_dispersion,-10,-1,0.02748633611151034
2188,rao_q,-10,-1,0.02748633611151034
2188,feve,10,1,0.02748633611151034
2188,fdiv,10,1,0.02748633611151034
2189,corrected_richness,10,1,0.02748633611151034
2189,shannon,10,1,0.02748633611151034
2189,inv_simpson,10,1,0.02748633611151034
2189,trait_volume,-10,-1,0.02748633611151034
2189,trait_dispersion,-10,-1,0.02748633611151034
2189,rao_q,-10,-1,0.02748633611151034
2189,feve,10,1,0.02748633611151034
2189,fdiv,10,1,0.02748633611151034
2191,corrected_richness,10,1,0.02748633611151034
2191,shannon,10,1,0.02748633611151034
2191,inv_simpson,10,1,0.02748633611151034
2191,trait_volume,-10,-1,0.02748633611151034
2191,trait_dispersion,-10,-1,0.02748633611151034
2191,rao_q,-10,-1,0.02748633611151034
2191,feve,10,1,0.02748633611151034
2191,fdiv,10,1,0.02748633611151034
2193,corrected_richness,10,1,0.02748633611151034
2193,shannon,10,1,0.02748633611151034
2193,inv_simpson,10,1,0.02748633611151034
2193,trait_volume,-10,-1,0.02748633611151034
2193,trait_dispersion,-10,-1,0.02748633611151034
2193,rao_q,-10,-1,0.02748633611151034
2193,feve,10,1,0.02748633611151034
2193,fdiv,10,1,0.02748633611151034
2194,corrected_richness,10,1,0.02748633611151034
2194,shannon,10,1,0.02748633611151034
2194,inv_simpson,10,1,0.02748633611151034
2194,trait_volume,-10,-1,0.02748633611151034
2194,trait_dispersion,-10,-1,0.02748633611151034
2194,rao_q,-10,-1,0.02748633611151034
2194,feve,10,1,0.02748633611151034
2194,fdiv,10,1,0.02748633611151034
2195,corrected_richness,10,1,0.02748633611151034
2195,shannon,10,1,0.02748633611151034
2195,inv_simpson,10,1,0.02748633611151034
2195,trait_volume,-10,-1,0.02748633611151034
2195,trait_dispersion,-10,-1,0.02748633611151034
2195,rao_q,-10,-1,0.02748633611151034
2195,feve,8,0.8,0.08641073297370003
2195,fdiv,10,1,0.02748633611151034
2196,corrected_richness,10,1,0.02748633611151034
2196,shannon,10,1,0.02748633611151034
2196,inv_simpson,10,1,0.02748633611151034
2196,trait_volume,-10,-1,0.02748633611151034
2196,trait_dispersion,-10,-1,0.02748633611151034
2196,rao_q,-10,-1,0.02748633611151034
2196,feve,8,0.8,0.08641073297370003
2196,fdiv,10,1,0.02748633611151034
2197,corrected_richness,10,1,0.02748633611151034
2197,shannon,10,1,0.02748633611151034
2197,inv_simpson,10,1,0.02748633611151034
2197,trait_volume,-10,-1,0.02748633611151034
2197,trait_dispersion,-10,-1,0.02748633611151034
2197,rao_q,-10,-1,0.02748633611151034
2197,feve,10,1,0.02748633611151034
2197,fdiv,10,1,0.02748633611151034
2198,corrected_richness,10,1,0.02748633611151034
2198,shannon,10,1,0.02748633611151034
2198,inv_simpson,10,1,0.02748633611151034
2198,trait_volume,-8,-0.8,0.08641073297370003
2198,trait_dispersion,-10,-1,0.02748633611151034
2198,rao_q,-10,-1,0.02748633611151034
2198,feve,10,1,0.02748633611151034
2198,fdiv,10,1,0.02748633611151034
2199,corrected_richness,10,1,0.02748633611151034
2199,shannon,10,1,0.02748633611151034
2199,inv_simpson,10,1,0.02748633611151034
2199,trait_volume,-8,-0.8,0.08641073297370003
2199,trait_dispersion,-8,-0.8,0.08641073297370003
2199,rao_q,-10,-1,0.02748633611151034
2199,feve,10,1,0.02748633611151034
2199,fdiv,8,0.8,0.08641073297370003
2200,corrected_richness,10,1,0.02748633611151034
2200,shannon,10,1,0.02748633611151034
2200,inv_simpson,10,1,0.02748633611151034
2200,trait_volume,-8,-0.8,0.08641073297370003
2200,trait_dispersion,-8,-0.8,0.08641073297370003
2200,rao_q,-8,-0.8,0.08641073297370003
2200,feve,10,1,0.02748633611151034
2200,fdiv,8,0.8,0.08641073297370003
2201,corrected_richness,10,1,0.02748633611151034
2201,shannon,10,1,0.02748633611151034
2201,inv_simpson,10,1,0.02748633611151034
2201,trait_volume,-8,-0.8,0.08641073297370003
2201,trait_dispersion,-8,-0.8,0.08641073297370003
2201,rao_q,-8,-0.8,0.08641073297370003
2201,feve,10,1,0.02748633611151034
2201,fdiv,8,0.8,0.08641073297370003
2202,corrected_richness,10,1,0.02748633611151034
2202,shannon,10,1,0.02748633611151034
2202,inv_simpson,10,1,0.02748633611151034
2202,trait_volume,-8,-0.8,0.08641073297370003
2202,trait_dispersion,-8,-0.8,0.08641073297370003
2202,rao_q,-8,-0.8,0.08641073297370003
2202,feve,10,1,0.02748633611151034
2202,fdiv,8,0.8,0.08641073297370003
2203,corrected_richness,10,1,0.02748633611151034
2203,shannon,10,1,0.02748633611151034
2203,inv_simpson,10,1,0.02748633611151034
2203,trait_volume,-8,-0.8,0.08641073297370003
2203,trait_dispersion,-6,-0.6,0.2206713619198468
2203,rao_q,-8,-0.8,0.08641073297370003
2203,feve,10,1,0.02748633611151034
2203,fdiv,6,0.6,0.2206713619198468
2204,corrected_richness,10,1,0.02748633611151034
2204,shannon,10,1,0.02748633611151034
2204,inv_simpson,10,1,0.02748633611151034
2204,trait_volume,-8,-0.8,0.08641073297370003
2204,trait_dispersion,-6,-0.6,0.2206713619198468
2204,rao_q,-8,-0.8,0.08641073297370003
2204,feve,10,1,0.02748633611151034
2204,fdiv,6,0.6,0.2206713619198468
2205,corrected_richness,10,1,0.02748633611151034
2205,shannon,10,1,0.02748633611151034
2205,inv_simpson,10,1,0.02748633611151034
2205,trait_volume,-8,-0.8,0.08641073297370003
2205,trait_dispersion,-4,-0.4,0.4624327264504763
2205,rao_q,-8,-0.8,0.08641073297370003
2205,feve,10,1,0.02748633611151034
2205,fdiv,6,0.6,0.2206713619198468
2206,corrected_richness,10,1,0.02748633611151034
2206,shannon,10,1,0.02748633611151034
2206,inv_simpson,10,1,0.02748633611151034
2206,trait_volume,-8,-0.8,0.08641073297370003
2206,trait_dispersion,-4,-0.4,0.4624327264504763
2206,rao_q,-8,-0.8,0.08641073297370003
2206,feve,10,1,0.02748633611151034
2206,fdiv,6,0.6,0.2206713619198468
2207,corrected_richness,10,1,0.02748633611151034
2207,shannon,10,1,0.02748633611151034
2207,inv_simpson,10,1,0.02748633611151034
2207,trait_volume,-6,-0.6,0.2206713619198468
2207,trait_dispersion,-4,-0.4,0.4624327264504763
2207,rao_q,-6,-0.6,0.2206713619198468
2207,feve,10,1,0.02748633611151034
2207,fdiv,4,0.4,0.4624327264504763
2208,corrected_richness,10,1,0.02748633611151034
2208,shannon,10,1,0.02748633611151034
2208,inv_simpson,10,1,0.02748633611151034
2208,trait_volume,-6,-0.6,0.2206713619198468
2208,trait_dispersion,-2,-0.2,0.8064959405073402
2208,rao_q,-6,-0.6,0.2206713619198468
2208,feve,10,1,0.02748633611151034
2208,fdiv,4,0.4,0.4624327264504763
2209,corrected_richness,10,1,0.02748633611151034
2209,shannon,10,1,0.02748633611151034
2209,inv_simpson,10,1,0.02748633611151034
2209,trait_volume,-4,-0.4,0.4624327264504763
2209,trait_dispersion,-2,-0.2,0.8064959405073402
2209,rao_q,-6,-0.6,0.2206713619198468
2209,feve,10,1,0.02748633611151034
2209,fdiv,4,0.4,0.4624327264504763
2210,corrected_richness,10,1,0.02748633611151034
2210,shannon,10,1,0.02748633611151034
2210,inv_simpson,10,1,0.02748633611151034
2210,trait_volume,-4,-0.4,0.4624327264504763
2210,trait_dispersion,-2,-0.2,0.8064959405073402
2210,rao_q,-6,-0.6,0.2206713619198468
2210,feve,10,1,0.02748633611151034
2210,fdiv,4,0.4,0.4624327264504763
2211,corrected_richness,10,1,0.02748633611151034
2211,shannon,10,1,0.02748633611151034
2211,inv_simpson,10,1,0.02748633611151034
2211,trait_volume,-4,-0.4,0.4624327264504763
2211,trait_dispersion,-2,-0.2,0.8064959405073402
2211,rao_q,-6,-0.6,0.2206713619198468
2211,feve,10,1,0.02748633611151034
2211,fdiv,4,0.4,0.4624327264504763
2212,corrected_richness,10,1,0.02748633611151034
2212,shannon,10,1,0.02748633611151034
2212,inv_simpson,10,1,0.02748633611151034
2212,trait_volume,-4,-0.4,0.4624327264504763
2212,trait_dispersion,-2,-0.2,0.8064959405073402
2212,rao_q,-6,-0.6,0.2206713619198468
2212,feve,10,1,0.02748633611151034
2212,fdiv,4,0.4,0.4624327264504763
2213,corrected_richness,10,1,0.02748633611151034
2213,shannon,10,1,0.02748633611151034
2213,inv_simpson,10,1,0.02748633611151034
2213,trait_volume,-4,-0.4,0.4624327264504763
2213,trait_dispersion,-2,-0.2,0.8064959405073402
2213,rao_q,-6,-0.6,0.2206713619198468
2213,feve,10,1,0.02748633611151034
2213,fdiv,4,0.4,0.4624327264504763
2214,corrected_richness,10,1,0.02748633611151034
2214,shannon,10,1,0.02748633611151034
2214,inv_simpson,10,1,0.02748633611151034
2214,trait_volume,-4,-0.4,0.4624327264504763
2214,trait_dispersion,-2,-0.2,0.8064959405073402
2214,rao_q,-6,-0.6,0.2206713619198468
2214,feve,10,1,0.02748633611151034
2214,fdiv,4,0.4,0.4624327264504763
2240,corrected_richness,10,1,0.02748633611151034
2240,shannon,10,1,0.02748633611151034
2240,inv_simpson,10,1,0.02748633611151034
2240,trait_volume,-10,-1,0.02748633611151034
2240,trait_dispersion,-10,-1,0.02748633611151034
2240,rao_q,-10,-1,0.02748633611151034
2240,feve,10,1,0.02748633611151034
2240,fdiv,10,1,0.02748633611151034
2241,corrected_richness,10,1,0.02748633611151034
2241,shannon,10,1,0.02748633611151034
2241,inv_simpson,10,1,0.02748633611151034
2241,trait_volume,-10,-1,0.02748633611151034
2241,trait_dispersion,-10,-1,0.02748633611151034
2241,rao_q,-10,-1,0.02748633611151034
2241,feve,10,1,0.02748633611151034
2241,fdiv,10,1,0.02748633611151034
2250,corrected_richness,10,1,0.02748633611151034
2250,shannon,10,1,0.02748633611151034
2250,inv_simpson,10,1,0.02748633611151034
2250,trait_volume,-10,-1,0.02748633611151034
2250,trait_dispersion,-10,-1,0.02748633611151034
2250,rao_q,-10,-1,0.02748633611151034
2250,feve,10,1,0.02748633611151034
2250,fdiv,10,1,0.02748633611151034
2254,corrected_richness,10,1,0.02748633611151034
2254,shannon,10,1,0.02748633611151034
2254,inv_simpson,10,1,0.02748633611151034
2254,trait_volume,-10,-1,0.02748633611151034
2254,trait_dispersion,-10,-1,0.02748633611151034
2254,rao_q,-10,-1,0.02748633611151034
2254,feve,10,1,0.02748633611151034
2254,fdiv,10,1,0.02748633611151034
2255,corrected_richness,10,1,0.02748633611151034
2255,shannon,10,1,0.02748633611151034
2255,inv_simpson,10,1,0.02748633611151034
2255,trait_volume,-10,-1,0.02748633611151034
2255,trait_dispersion,-10,-1,0.02748633611151034
2255,rao_q,-10,-1,0.02748633611151034
2255,feve,10,1,0.02748633611151034
2255,fdiv,10,1,0.02748633611151034
2257,corrected_richness,10,1,0.02748633611151034
2257,shannon,10,1,0.02748633611151034
2257,inv_simpson,10,1,0.02748633611151034
2257,trait_volume,-10,-1,0.02748633611151034
2257,trait_dispersion,-10,-1,0.02748633611151034
2257,rao_q,-10,-1,0.02748633611151034
2257,feve,10,1,0.02748633611151034
2257,fdiv,10,1,0.02748633611151034
2258,corrected_richness,10,1,0.02748633611151034
2258,shannon,10,1,0.02748633611151034
2258,inv_simpson,10,1,0.02748633611151034
2258,trait_volume,-10,-1,0.02748633611151034
2258,trait_dispersion,-10,-1,0.02748633611151034
2258,rao_q,-10,-1,0.02748633611151034
2258,feve,10,1,0.02748633611151034
2258,fdiv,10,1,0.02748633611151034
2259,corrected_richness,10,1,0.02748633611151034
2259,shannon,10,1,0.02748633611151034
2259,inv_simpson,10,1,0.02748633611151034
2259,trait_volume,-10,-1,0.02748633611151034
2259,trait_dispersion,-10,-1,0.02748633611151034
2259,rao_q,-10,-1,0.02748633611151034
2259,feve,10,1,0.02748633611151034
2259,fdiv,10,1,0.02748633611151034
2260,corrected_richness,10,1,0.02748633611151034
2260,shannon,10,1,0.02748633611151034
2260,inv_simpson,10,1,0.02748633611151034
2260,trait_volume,-10,-1,0.02748633611151034
2260,trait_dispersion,-10,-1,0.02748633611151034
2260,rao_q,-10,-1,0.02748633611151034
2260,feve,10,1,0.02748633611151034
2260,fdiv,10,1,0.02748633611151034
2261,corrected_richness,10,1,0.02748633611151034
2261,shannon,10,1,0.02748633611151034
2261,inv_simpson,10,1,0.02748633611151034
2261,trait_volume,-10,-1,0.02748633611151034
2261,trait_dispersion,-10,-1,0.02748633611151034
2261,rao_q,-10,-1,0.02748633611151034
2261,feve,10,1,0.02748633611151034
2261,fdiv,10,1,0.02748633611151034
2262,corrected_richness,10,1,0.02748633611151034
2262,shannon,10,1,0.02748633611151034
2262,inv_simpson,10,1,0.02748633611151034
2262,trait_volume,-10,-1,0.02748633611151034
2262,trait_dispersion,-10,-1,0.02748633611151034
2262,rao_q,-10,-1,0.02748633611151034
2262,feve,10,1,0.02748633611151034
2262,fdiv,10,1,0.02748633611151034
2263,corrected_richness,10,1,0.02748633611151034
2263,shannon,10,1,0.02748633611151034
2263,inv_simpson,10,1,0.02748633611151034
2263,trait_volume,-10,-1,0.02748633611151034
2263,trait_dispersion,-10,-1,0.02748633611151034
2263,rao_q,-10,-1,0.02748633611151034
2263,feve,10,1,0.02748633611151034
2263,fdiv,10,1,0.02748633611151034
2264,corrected_richness,10,1,0.02748633611151034
2264,shannon,10,1,0.02748633611151034
2264,inv_simpson,10,1,0.02748633611151034
2264,trait_volume,-10,-1,0.02748633611151034
2264,trait_dispersion,-10,-1,0.02748633611151034
2264,rao_q,-10,-1,0.02748633611151034
2264,feve,10,1,0.02748633611151034
2264,fdiv,10,1,0.02748633611151034
2265,corrected_richness,10,1,0.02748633611151034
2265,shannon,10,1,0.02748633611151034
2265,inv_simpson,10,1,0.02748633611151034
2265,trait_volume,-10,-1,0.02748633611151034
2265,trait_dispersion,-10,-1,0.02748633611151034
2265,rao_q,-10,-1,0.02748633611151034
2265,feve,10,1,0.02748633611151034
2265,fdiv,10,1,0.02748633611151034
2266,corrected_richness,10,1,0.02748633611151034
2266,shannon,10,1,0.02748633611151034
2266,inv_simpson,10,1,0.02748633611151034
2266,trait_volume,-10,-1,0.02748633611151034
2266,trait_dispersion,-10,-1,0.02748633611151034
2266,rao_q,-10,-1,0.02748633611151034
2266,feve,8,0.8,0.08641073297370003
2266,fdiv,10,1,0.02748633611151034
2267,corrected_richness,10,1,0.02748633611151034
2267,shannon,10,1,0.02748633611151034
2267,inv_simpson,10,1,0.02748633611151034
2267,trait_volume,-10,-1,0.02748633611151034
2267,trait_dispersion,-10,-1,0.02748633611151034
2267,rao_q,-10,-1,0.02748633611151034
2267,feve,8,0.8,0.08641073297370003
2267,fdiv,10,1,0.02748633611151034
2268,corrected_richness,10,1,0.02748633611151034
2268,shannon,10,1,0.02748633611151034
2268,inv_simpson,10,1,0.02748633611151034
2268,trait_volume,-10,-1,0.02748633611151034
2268,trait_dispersion,-10,-1,0.02748633611151034
2268,rao_q,-10,-1,0.02748633611151034
2268,feve,8,0.8,0.08641073297370003
2268,fdiv,10,1,0.02748633611151034
2269,corrected_richness,10,1,0.02748633611151034
2269,shannon,10,1,0.02748633611151034
2269,inv_simpson,10,1,0.02748633611151034
2269,trait_volume,-8,-0.8,0.08641073297370003
2269,trait_dispersion,-10,-1,0.02748633611151034
2269,rao_q,-10,-1,0.02748633611151034
2269,feve,10,1,0.02748633611151034
2269,fdiv,10,1,0.02748633611151034
2270,corrected_richness,10,1,0.02748633611151034
2270,shannon,10,1,0.02748633611151034
2270,inv_simpson,10,1,0.02748633611151034
2270,trait_volume,-8,-0.8,0.08641073297370003
2270,trait_dispersion,-8,-0.8,0.08641073297370003
2270,rao_q,-10,-1,0.02748633611151034
2270,feve,10,1,0.02748633611151034
2270,fdiv,8,0.8,0.08641073297370003
2271,corrected_richness,10,1,0.02748633611151034
2271,shannon,10,1,0.02748633611151034
2271,inv_simpson,10,1,0.02748633611151034
2271,trait_volume,-8,-0.8,0.08641073297370003
2271,trait_dispersion,-8,-0.8,0.08641073297370003
2271,rao_q,-10,-1,0.02748633611151034
2271,feve,10,1,0.02748633611151034
2271,fdiv,8,0.8,0.08641073297370003
2272,corrected_richness,10,1,0.02748633611151034
2272,shannon,10,1,0.02748633611151034
2272,inv_simpson,10,1,0.02748633611151034
2272,trait_volume,-8,-0.8,0.08641073297370003
2272,trait_dispersion,-8,-0.8,0.08641073297370003
2272,rao_q,-8,-0.8,0.08641073297370003
2272,feve,10,1,0.02748633611151034
2272,fdiv,8,0.8,0.08641073297370003
2273,corrected_richness,10,1,0.02748633611151034
2273,shannon,10,1,0.02748633611151034
2273,inv_simpson,10,1,0.02748633611151034
2273,trait_volume,-8,-0.8,0.08641073297370003
2273,trait_dispersion,-6,-0.6,0.2206713619198468
2273,rao_q,-8,-0.8,0.08641073297370003
2273,feve,10,1,0.02748633611151034
2273,fdiv,8,0.8,0.08641073297370003
2274,corrected_richness,10,1,0.02748633611151034
2274,shannon,10,1,0.02748633611151034
2274,inv_simpson,10,1,0.02748633611151034
2274,trait_volume,-8,-0.8,0.08641073297370003
2274,trait_dispersion,-6,-0.6,0.2206713619198468
2274,rao_q,-8,-0.8,0.08641073297370003
2274,feve,10,1,0.02748633611151034
2274,fdiv,6,0.6,0.2206713619198468
2275,corrected_richness,10,1,0.02748633611151034
2275,shannon,10,1,0.02748633611151034
2275,inv_simpson,10,1,0.02748633611151034
2275,trait_volume,-8,-0.8,0.08641073297370003
2275,trait_dispersion,-6,-0.6,0.2206713619198468
2275,rao_q,-8,-0.8,0.08641073297370003
2275,feve,10,1,0.02748633611151034
2275,fdiv,6,0.6,0.2206713619198468
2276,corrected_richness,10,1,0.02748633611151034
2276,shannon,10,1,0.02748633611151034
2276,inv_simpson,10,1,0.02748633611151034
2276,trait_volume,-8,-0.8,0.08641073297370003
2276,trait_dispersion,-4,-0.4,0.4624327264504763
2276,rao_q,-8,-0.8,0.08641073297370003
2276,feve,10,1,0.02748633611151034
2276,fdiv,6,0.6,0.2206713619198468
2277,corrected_richness,10,1,0.02748633611151034
2277,shannon,10,1,0.02748633611151034
2277,inv_simpson,10,1,0.02748633611151034
2277,trait_volume,-8,-0.8,0.08641073297370003
2277,trait_dispersion,-4,-0.4,0.4624327264504763
2277,rao_q,-8,-0.8,0.08641073297370003
2277,feve,10,1,0.02748633611151034
2277,fdiv,6,0.6,0.2206713619198468
2278,corrected_richness,10,1,0.02748633611151034
2278,shannon,10,1,0.02748633611151034
2278,inv_simpson,10,1,0.02748633611151034
2278,trait_volume,-6,-0.6,0.2206713619198468
2278,trait_dispersion,-4,-0.4,0.4624327264504763
2278,rao_q,-8,-0.8,0.08641073297370003
2278,feve,10,1,0.02748633611151034
2278,fdiv,4,0.4,0.4624327264504763
2279,corrected_richness,10,1,0.02748633611151034
2279,shannon,10,1,0.02748633611151034
2279,inv_simpson,10,1,0.02748633611151034
2279,trait_volume,-4,-0.4,0.4624327264504763
2279,trait_dispersion,-2,-0.2,0.8064959405073402
2279,rao_q,-6,-0.6,0.2206713619198468
2279,feve,10,1,0.02748633611151034
2279,fdiv,4,0.4,0.4624327264504763
2280,corrected_richness,10,1,0.02748633611151034
2280,shannon,10,1,0.02748633611151034
2280,inv_simpson,10,1,0.02748633611151034
2280,trait_volume,-4,-0.4,0.4624327264504763
2280,trait_dispersion,-2,-0.2,0.8064959405073402
2280,rao_q,-6,-0.6,0.2206713619198468
2280,feve,10,1,0.02748633611151034
2280,fdiv,4,0.4,0.4624327264504763
2281,corrected_richness,10,1,0.02748633611151034
2281,shannon,10,1,0.02748633611151034
2281,inv_simpson,10,1,0.02748633611151034
2281,trait_volume,-2,-0.2,0.8064959405073402
2281,trait_dispersion,-2,-0.2,0.8064959405073402
2281,rao_q,-6,-0.6,0.2206713619198468
2281,feve,10,1,0.02748633611151034
2281,fdiv,4,0.4,0.4624327264504763
2282,corrected_richness,10,1,0.02748633611151034
2282,shannon,10,1,0.02748633611151034
2282,inv_simpson,10,1,0.02748633611151034
2282,trait_volume,-2,-0.2,0.8064959405073402
2282,trait_dispersion,-2,-0.2,0.8064959405073402
2282,rao_q,-6,-0.6,0.2206713619198468
2282,feve,10,1,0.02748633611151034
2282,fdiv,4,0.4,0.4624327264504763
2283,corrected_richness,10,1,0.02748633611151034
2283,shannon,10,1,0.02748633611151034
2283,inv_simpson,10,1,0.02748633611151034
2283,trait_volume,-2,-0.2,0.8064959405073402
2283,trait_dispersion,-2,-0.2,0.8064959405073402
2283,rao_q,-6,-0.6,0.2206713619198468
2283,feve,10,1,0.02748633611151034
2283,fdiv,4,0.4,0.4624327264504763
2284,corrected_richness,10,1,0.02748633611151034
2284,shannon,10,1,0.02748633611151034
2284,inv_simpson,10,1,0.02748633611151034
2284,trait_volume,-2,-0.2,0.8064959405073402
2284,trait_dispersion,-2,-0.2,0.8064959405073402
2284,rao_q,-6,-0.6,0.2206713619198468
2284,feve,10,1,0.02748633611151034
2284,fdiv,4,0.4,0.4624327264504763
2285,corrected_richness,10,1,0.02748633611151034
2285,shannon,10,1,0.02748633611151034
2285,inv_simpson,10,1,0.02748633611151034
2285,trait_volume,-4,-0.4,0.4624327264504763
2285,trait_dispersion,-2,-0.2,0.8064959405073402
2285,rao_q,-6,-0.6,0.2206713619198468
2285,feve,10,1,0.02748633611151034
2285,fdiv,4,0.4,0.4624327264504763
2286,corrected_richness,10,1,0.02748633611151034
2286,shannon,10,1,0.02748633611151034
2286,inv_simpson,10,1,0.02748633611151034
2286,trait_volume,-4,-0.4,0.4624327264504763
2286,trait_dispersion,-2,-0.2,0.8064959405073402
2286,rao_q,-6,-0.6,0.2206713619198468
2286,feve,10,1,0.02748633611151034
2286,fdiv,4,0.4,0.4624327264504763
2312,corrected_richness,10,1,0.02748633611151034
2312,shannon,10,1,0.02748633611151034
2312,inv_simpson,10,1,0.02748633611151034
2312,trait_volume,-10,-1,0.02748633611151034
2312,trait_dispersion,-10,-1,0.02748633611151034
2312,rao_q,-10,-1,0.02748633611151034
2312,feve,10,1,0.02748633611151034
2312,fdiv,10,1,0.02748633611151034
2313,corrected_richness,10,1,0.02748633611151034
2313,shannon,10,1,0.02748633611151034
2313,inv_simpson,10,1,0.02748633611151034
2313,trait_volume,-10,-1,0.02748633611151034
2313,trait_dispersion,-10,-1,0.02748633611151034
2313,rao_q,-10,-1,0.02748633611151034
2313,feve,10,1,0.02748633611151034
2313,fdiv,10,1,0.02748633611151034
2320,corrected_richness,10,1,0.02748633611151034
2320,shannon,10,1,0.02748633611151034
2320,inv_simpson,10,1,0.02748633611151034
2320,trait_volume,-10,-1,0.02748633611151034
2320,trait_dispersion,-10,-1,0.02748633611151034
2320,rao_q,-10,-1,0.02748633611151034
2320,feve,10,1,0.02748633611151034
2320,fdiv,10,1,0.02748633611151034
2326,corrected_richness,10,1,0.02748633611151034
2326,shannon,10,1,0.02748633611151034
2326,inv_simpson,10,1,0.02748633611151034
2326,trait_volume,-10,-1,0.02748633611151034
2326,trait_dispersion,-10,-1,0.02748633611151034
2326,rao_q,-10,-1,0.02748633611151034
2326,feve,10,1,0.02748633611151034
2326,fdiv,10,1,0.02748633611151034
2327,corrected_richness,10,1,0.02748633611151034
2327,shannon,10,1,0.02748633611151034
2327,inv_simpson,10,1,0.02748633611151034
2327,trait_volume,-10,-1,0.02748633611151034
2327,trait_dispersion,-10,-1,0.02748633611151034
2327,rao_q,-10,-1,0.02748633611151034
2327,feve,10,1,0.02748633611151034
2327,fdiv,10,1,0.02748633611151034
2328,corrected_richness,10,1,0.02748633611151034
2328,shannon,10,1,0.02748633611151034
2328,inv_simpson,10,1,0.02748633611151034
2328,trait_volume,-10,-1,0.02748633611151034
2328,trait_dispersion,-10,-1,0.02748633611151034
2328,rao_q,-10,-1,0.02748633611151034
2328,feve,10,1,0.02748633611151034
2328,fdiv,10,1,0.02748633611151034
2329,corrected_richness,10,1,0.02748633611151034
2329,shannon,10,1,0.02748633611151034
2329,inv_simpson,10,1,0.02748633611151034
2329,trait_volume,-10,-1,0.02748633611151034
2329,trait_dispersion,-10,-1,0.02748633611151034
2329,rao_q,-10,-1,0.02748633611151034
2329,feve,10,1,0.02748633611151034
2329,fdiv,10,1,0.02748633611151034
2330,corrected_richness,10,1,0.02748633611151034
2330,shannon,10,1,0.02748633611151034
2330,inv_simpson,10,1,0.02748633611151034
2330,trait_volume,-10,-1,0.02748633611151034
2330,trait_dispersion,-10,-1,0.02748633611151034
2330,rao_q,-10,-1,0.02748633611151034
2330,feve,10,1,0.02748633611151034
2330,fdiv,10,1,0.02748633611151034
2331,corrected_richness,10,1,0.02748633611151034
2331,shannon,10,1,0.02748633611151034
2331,inv_simpson,10,1,0.02748633611151034
2331,trait_volume,-10,-1,0.02748633611151034
2331,trait_dispersion,-10,-1,0.02748633611151034
2331,rao_q,-10,-1,0.02748633611151034
2331,feve,10,1,0.02748633611151034
2331,fdiv,10,1,0.02748633611151034
2332,corrected_richness,10,1,0.02748633611151034
2332,shannon,10,1,0.02748633611151034
2332,inv_simpson,10,1,0.02748633611151034
2332,trait_volume,-10,-1,0.02748633611151034
2332,trait_dispersion,-10,-1,0.02748633611151034
2332,rao_q,-10,-1,0.02748633611151034
2332,feve,10,1,0.02748633611151034
2332,fdiv,10,1,0.02748633611151034
2333,corrected_richness,10,1,0.02748633611151034
2333,shannon,10,1,0.02748633611151034
2333,inv_simpson,10,1,0.02748633611151034
2333,trait_volume,-10,-1,0.02748633611151034
2333,trait_dispersion,-10,-1,0.02748633611151034
2333,rao_q,-10,-1,0.02748633611151034
2333,feve,10,1,0.02748633611151034
2333,fdiv,10,1,0.02748633611151034
2334,corrected_richness,10,1,0.02748633611151034
2334,shannon,10,1,0.02748633611151034
2334,inv_simpson,10,1,0.02748633611151034
2334,trait_volume,-10,-1,0.02748633611151034
2334,trait_dispersion,-10,-1,0.02748633611151034
2334,rao_q,-10,-1,0.02748633611151034
2334,feve,10,1,0.02748633611151034
2334,fdiv,10,1,0.02748633611151034
2335,corrected_richness,10,1,0.02748633611151034
2335,shannon,10,1,0.02748633611151034
2335,inv_simpson,10,1,0.02748633611151034
2335,trait_volume,-10,-1,0.02748633611151034
2335,trait_dispersion,-10,-1,0.02748633611151034
2335,rao_q,-10,-1,0.02748633611151034
2335,feve,10,1,0.02748633611151034
2335,fdiv,10,1,0.02748633611151034
2336,corrected_richness,10,1,0.02748633611151034
2336,shannon,10,1,0.02748633611151034
2336,inv_simpson,10,1,0.02748633611151034
2336,trait_volume,-10,-1,0.02748633611151034
2336,trait_dispersion,-10,-1,0.02748633611151034
2336,rao_q,-10,-1,0.02748633611151034
2336,feve,10,1,0.02748633611151034
2336,fdiv,10,1,0.02748633611151034
2337,corrected_richness,10,1,0.02748633611151034
2337,shannon,10,1,0.02748633611151034
2337,inv_simpson,10,1,0.02748633611151034
2337,trait_volume,-10,-1,0.02748633611151034
2337,trait_dispersion,-10,-1,0.02748633611151034
2337,rao_q,-10,-1,0.02748633611151034
2337,feve,8,0.8,0.08641073297370003
2337,fdiv,10,1,0.02748633611151034
2338,corrected_richness,10,1,0.02748633611151034
2338,shannon,10,1,0.02748633611151034
2338,inv_simpson,10,1,0.02748633611151034
2338,trait_volume,-10,-1,0.02748633611151034
2338,trait_dispersion,-10,-1,0.02748633611151034
2338,rao_q,-10,-1,0.02748633611151034
2338,feve,8,0.8,0.08641073297370003
2338,fdiv,10,1,0.02748633611151034
2339,corrected_richness,10,1,0.02748633611151034
2339,shannon,10,1,0.02748633611151034
2339,inv_simpson,10,1,0.02748633611151034
2339,trait_volume,-10,-1,0.02748633611151034
2339,trait_dispersion,-10,-1,0.02748633611151034
2339,rao_q,-10,-1,0.02748633611151034
2339,feve,8,0.8,0.08641073297370003
2339,fdiv,10,1,0.02748633611151034
2340,corrected_richness,10,1,0.02748633611151034
2340,shannon,10,1,0.02748633611151034
2340,inv_simpson,10,1,0.02748633611151034
2340,trait_volume,-10,-1,0.02748633611151034
2340,trait_dispersion,-10,-1,0.02748633611151034
2340,rao_q,-10,-1,0.02748633611151034
2340,feve,10,1,0.02748633611151034
2340,fdiv,10,1,0.02748633611151034
2341,corrected_richness,10,1,0.02748633611151034
2341,shannon,10,1,0.02748633611151034
2341,inv_simpson,10,1,0.02748633611151034
2341,trait_volume,-8,-0.8,0.08641073297370003
2341,trait_dispersion,-10,-1,0.02748633611151034
2341,rao_q,-10,-1,0.02748633611151034
2341,feve,10,1,0.02748633611151034
2341,fdiv,10,1,0.02748633611151034
2342,corrected_richness,10,1,0.02748633611151034
2342,shannon,10,1,0.02748633611151034
2342,inv_simpson,10,1,0.02748633611151034
2342,trait_volume,-8,-0.8,0.08641073297370003
2342,trait_dispersion,-8,-0.8,0.08641073297370003
2342,rao_q,-10,-1,0.02748633611151034
2342,feve,10,1,0.02748633611151034
2342,fdiv,8,0.8,0.08641073297370003
2343,corrected_richness,10,1,0.02748633611151034
2343,shannon,10,1,0.02748633611151034
2343,inv_simpson,10,1,0.02748633611151034
2343,trait_volume,-8,-0.8,0.08641073297370003
2343,trait_dispersion,-8,-0.8,0.08641073297370003
2343,rao_q,-10,-1,0.02748633611151034
2343,feve,10,1,0.02748633611151034
2343,fdiv,8,0.8,0.08641073297370003
2344,corrected_richness,10,1,0.02748633611151034
2344,shannon,10,1,0.02748633611151034
2344,inv_simpson,10,1,0.02748633611151034
2344,trait_volume,-8,-0.8,0.08641073297370003
2344,trait_dispersion,-6,-0.6,0.2206713619198468
2344,rao_q,-8,-0.8,0.08641073297370003
2344,feve,10,1,0.02748633611151034
2344,fdiv,6,0.6,0.2206713619198468
2345,corrected_richness,10,1,0.02748633611151034
2345,shannon,10,1,0.02748633611151034
2345,inv_simpson,10,1,0.02748633611151034
2345,trait_volume,-8,-0.8,0.08641073297370003
2345,trait_dispersion,-6,-0.6,0.2206713619198468
2345,rao_q,-8,-0.8,0.08641073297370003
2345,feve,10,1,0.02748633611151034
2345,fdiv,6,0.6,0.2206713619198468
2346,corrected_richness,10,1,0.02748633611151034
2346,shannon,10,1,0.02748633611151034
2346,inv_simpson,10,1,0.02748633611151034
2346,trait_volume,-8,-0.8,0.08641073297370003
2346,trait_dispersion,-6,-0.6,0.2206713619198468
2346,rao_q,-8,-0.8,0.08641073297370003
2346,feve,10,1,0.02748633611151034
2346,fdiv,6,0.6,0.2206713619198468
2347,corrected_richness,10,1,0.02748633611151034
2347,shannon,10,1,0.02748633611151034
2347,inv_simpson,10,1,0.02748633611151034
2347,trait_volume,-8,-0.8,0.08641073297370003
2347,trait_dispersion,-4,-0.4,0.4624327264504763
2347,rao_q,-8,-0.8,0.08641073297370003
2347,feve,10,1,0.02748633611151034
2347,fdiv,6,0.6,0.2206713619198468
2348,corrected_richness,10,1,0.02748633611151034
2348,shannon,10,1,0.02748633611151034
2348,inv_simpson,10,1,0.02748633611151034
2348,trait_volume,-8,-0.8,0.08641073297370003
2348,trait_dispersion,-4,-0.4,0.4624327264504763
2348,rao_q,-8,-0.8,0.08641073297370003
2348,feve,10,1,0.02748633611151034
2348,fdiv,4,0.4,0.4624327264504763
2349,corrected_richness,10,1,0.02748633611151034
2349,shannon,10,1,0.02748633611151034
2349,inv_simpson,10,1,0.02748633611151034
2349,trait_volume,-4,-0.4,0.4624327264504763
2349,trait_dispersion,-2,-0.2,0.8064959405073402
2349,rao_q,-8,-0.8,0.08641073297370003
2349,feve,10,1,0.02748633611151034
2349,fdiv,2,0.2,0.8064959405073402
2350,corrected_richness,10,1,0.02748633611151034
2350,shannon,10,1,0.02748633611151034
2350,inv_simpson,10,1,0.02748633611151034
2350,trait_volume,-2,-0.2,0.8064959405073402
2350,trait_dispersion,-4,-0.4,0.4624327264504763
2350,rao_q,-8,-0.8,0.08641073297370003
2350,feve,10,1,0.02748633611151034
2350,fdiv,4,0.4,0.4624327264504763
2351,corrected_richness,10,1,0.02748633611151034
2351,shannon,10,1,0.02748633611151034
2351,inv_simpson,10,1,0.02748633611151034
2351,trait_volume,-2,-0.2,0.8064959405073402
2351,trait_dispersion,0,0,1
2351,rao_q,-6,-0.6,0.2206713619198468
2351,feve,10,1,0.02748633611151034
2351,fdiv,4,0.4,0.4624327264504763
2352,corrected_richness,10,1,0.02748633611151034
2352,shannon,10,1,0.02748633611151034
2352,inv_simpson,10,1,0.02748633611151034
2352,trait_volume,-2,-0.2,0.8064959405073402
2352,trait_dispersion,0,0,1
2352,rao_q,-6,-0.6,0.2206713619198468
2352,feve,10,1,0.02748633611151034
2352,fdiv,4,0.4,0.4624327264504763
2353,corrected_richness,10,1,0.02748633611151034
2353,shannon,10,1,0.02748633611151034
2353,inv_simpson,10,1,0.02748633611151034
2353,trait_volume,-2,-0.2,0.8064959405073402
2353,trait_dispersion,2,0.2,0.8064959405073402
2353,rao_q,-6,-0.6,0.2206713619198468
2353,feve,10,1,0.02748633611151034
2353,fdiv,4,0.4,0.4624327264504763
2354,corrected_richness,10,1,0.02748633611151034
2354,shannon,10,1,0.02748633611151034
2354,inv_simpson,10,1,0.02748633611151034
2354,trait_volume,-2,-0.2,0.8064959405073402
2354,trait_dispersion,2,0.2,0.8064959405073402
2354,rao_q,-6,-0.6,0.2206713619198468
2354,feve,10,1,0.02748633611151034
2354,fdiv,4,0.4,0.4624327264504763
2355,corrected_richness,10,1,0.02748633611151034
2355,shannon,10,1,0.02748633611151034
2355,inv_simpson,10,1,0.02748633611151034
2355,trait_volume,-2,-0.2,0.8064959405073402
2355,trait_dispersion,2,0.2,0.8064959405073402
2355,rao_q,-6,-0.6,0.2206713619198468
2355,feve,10,1,0.02748633611151034
2355,fdiv,4,0.4,0.4624327264504763
2356,corrected_richness,10,1,0.02748633611151034
2356,shannon,10,1,0.02748633611151034
2356,inv_simpson,10,1,0.02748633611151034
2356,trait_volume,-2,-0.2,0.8064959405073402
2356,trait_dispersion,2,0.2,0.8064959405073402
2356,rao_q,-6,-0.6,0.2206713619198468
2356,feve,10,1,0.02748633611151034
2356,fdiv,4,0.4,0.4624327264504763
2357,corrected_richness,10,1,0.02748633611151034
2357,shannon,10,1,0.02748633611151034
2357,inv_simpson,10,1,0.02748633611151034
2357,trait_volume,-2,-0.2,0.8064959405073402
2357,trait_dispersion,0,0,1
2357,rao_q,-6,-0.6,0.2206713619198468
2357,feve,10,1,0.02748633611151034
2357,fdiv,4,0.4,0.4624327264504763
2358,corrected_richness,10,1,0.02748633611151034
2358,shannon,10,1,0.02748633611151034
2358,inv_simpson,10,1,0.02748633611151034
2358,trait_volume,-4,-0.4,0.4624327264504763
2358,trait_dispersion,-2,-0.2,0.8064959405073402
2358,rao_q,-6,-0.6,0.2206713619198468
2358,feve,10,1,0.02748633611151034
2358,fdiv,4,0.4,0.4624327264504763
2359,corrected_richness,10,1,0.02748633611151034
2359,shannon,10,1,0.02748633611151034
2359,inv_simpson,10,1,0.02748633611151034
2359,trait_volume,-4,-0.4,0.4624327264504763
2359,trait_dispersion,0,0,1
2359,rao_q,-6,-0.6,0.2206713619198468
2359,feve,10,1,0.02748633611151034
2359,fdiv,4,0.4,0.4624327264504763
2384,corrected_richness,10,1,0.02748633611151034
2384,shannon,10,1,0.02748633611151034
2384,inv_simpson,10,1,0.02748633611151034
2384,trait_volume,-10,-1,0.02748633611151034
2384,trait_dispersion,-10,-1,0.02748633611151034
2384,rao_q,-10,-1,0.02748633611151034
2384,feve,10,1,0.02748633611151034
2384,fdiv,10,1,0.02748633611151034
2385,corrected_richness,10,1,0.02748633611151034
2385,shannon,10,1,0.02748633611151034
2385,inv_simpson,10,1,0.02748633611151034
2385,trait_volume,-10,-1,0.02748633611151034
2385,trait_dispersion,-10,-1,0.02748633611151034
2385,rao_q,-10,-1,0.02748633611151034
2385,feve,10,1,0.02748633611151034
2385,fdiv,10,1,0.02748633611151034
2386,corrected_richness,10,1,0.02748633611151034
2386,shannon,10,1,0.02748633611151034
2386,inv_simpson,10,1,0.02748633611151034
2386,trait_volume,-10,-1,0.02748633611151034
2386,trait_dispersion,-10,-1,0.02748633611151034
2386,rao_q,-10,-1,0.02748633611151034
2386,feve,10,1,0.02748633611151034
2386,fdiv,10,1,0.02748633611151034
2390,corrected_richness,10,1,0.02748633611151034
2390,shannon,10,1,0.02748633611151034
2390,inv_simpson,10,1,0.02748633611151034
2390,trait_volume,-10,-1,0.02748633611151034
2390,trait_dispersion,-10,-1,0.02748633611151034
2390,rao_q,-10,-1,0.02748633611151034
2390,feve,10,1,0.02748633611151034
2390,fdiv,10,1,0.02748633611151034
2392,corrected_richness,10,1,0.02748633611151034
2392,shannon,10,1,0.02748633611151034
2392,inv_simpson,10,1,0.02748633611151034
2392,trait_volume,-10,-1,0.02748633611151034
2392,trait_dispersion,-10,-1,0.02748633611151034
2392,rao_q,-10,-1,0.02748633611151034
2392,feve,10,1,0.02748633611151034
2392,fdiv,10,1,0.02748633611151034
2393,corrected_richness,10,1,0.02748633611151034
2393,shannon,10,1,0.02748633611151034
2393,inv_simpson,10,1,0.02748633611151034
2393,trait_volume,-10,-1,0.02748633611151034
2393,trait_dispersion,-10,-1,0.02748633611151034
2393,rao_q,-10,-1,0.02748633611151034
2393,feve,10,1,0.02748633611151034
2393,fdiv,10,1,0.02748633611151034
2394,corrected_richness,10,1,0.02748633611151034
2394,shannon,10,1,0.02748633611151034
2394,inv_simpson,10,1,0.02748633611151034
2394,trait_volume,-10,-1,0.02748633611151034
2394,trait_dispersion,-10,-1,0.02748633611151034
2394,rao_q,-10,-1,0.02748633611151034
2394,feve,10,1,0.02748633611151034
2394,fdiv,10,1,0.02748633611151034
2395,corrected_richness,10,1,0.02748633611151034
2395,shannon,10,1,0.02748633611151034
2395,inv_simpson,10,1,0.02748633611151034
2395,trait_volume,-10,-1,0.02748633611151034
2395,trait_dispersion,-10,-1,0.02748633611151034
2395,rao_q,-10,-1,0.02748633611151034
2395,feve,10,1,0.02748633611151034
2395,fdiv,10,1,0.02748633611151034
2397,corrected_richness,10,1,0.02748633611151034
2397,shannon,10,1,0.02748633611151034
2397,inv_simpson,10,1,0.02748633611151034
2397,trait_volume,-10,-1,0.02748633611151034
2397,trait_dispersion,-10,-1,0.02748633611151034
2397,rao_q,-10,-1,0.02748633611151034
2397,feve,10,1,0.02748633611151034
2397,fdiv,10,1,0.02748633611151034
2398,corrected_richness,10,1,0.02748633611151034
2398,shannon,10,1,0.02748633611151034
2398,inv_simpson,10,1,0.02748633611151034
2398,trait_volume,-10,-1,0.02748633611151034
2398,trait_dispersion,-10,-1,0.02748633611151034
2398,rao_q,-10,-1,0.02748633611151034
2398,feve,10,1,0.02748633611151034
2398,fdiv,10,1,0.02748633611151034
2399,corrected_richness,10,1,0.02748633611151034
2399,shannon,10,1,0.02748633611151034
2399,inv_simpson,10,1,0.02748633611151034
2399,trait_volume,-10,-1,0.02748633611151034
2399,trait_dispersion,-10,-1,0.02748633611151034
2399,rao_q,-10,-1,0.02748633611151034
2399,feve,10,1,0.02748633611151034
2399,fdiv,10,1,0.02748633611151034
2400,corrected_richness,10,1,0.02748633611151034
2400,shannon,10,1,0.02748633611151034
2400,inv_simpson,10,1,0.02748633611151034
2400,trait_volume,-10,-1,0.02748633611151034
2400,trait_dispersion,-10,-1,0.02748633611151034
2400,rao_q,-10,-1,0.02748633611151034
2400,feve,10,1,0.02748633611151034
2400,fdiv,10,1,0.02748633611151034
2401,corrected_richness,10,1,0.02748633611151034
2401,shannon,10,1,0.02748633611151034
2401,inv_simpson,10,1,0.02748633611151034
2401,trait_volume,-10,-1,0.02748633611151034
2401,trait_dispersion,-10,-1,0.02748633611151034
2401,rao_q,-10,-1,0.02748633611151034
2401,feve,10,1,0.02748633611151034
2401,fdiv,10,1,0.02748633611151034
2402,corrected_richness,10,1,0.02748633611151034
2402,shannon,10,1,0.02748633611151034
2402,inv_simpson,10,1,0.02748633611151034
2402,trait_volume,-10,-1,0.02748633611151034
2402,trait_dispersion,-10,-1,0.02748633611151034
2402,rao_q,-10,-1,0.02748633611151034
2402,feve,10,1,0.02748633611151034
2402,fdiv,10,1,0.02748633611151034
2403,corrected_richness,10,1,0.02748633611151034
2403,shannon,10,1,0.02748633611151034
2403,inv_simpson,10,1,0.02748633611151034
2403,trait_volume,-10,-1,0.02748633611151034
2403,trait_dispersion,-10,-1,0.02748633611151034
2403,rao_q,-10,-1,0.02748633611151034
2403,feve,10,1,0.02748633611151034
2403,fdiv,10,1,0.02748633611151034
2405,corrected_richness,10,1,0.02748633611151034
2405,shannon,10,1,0.02748633611151034
2405,inv_simpson,10,1,0.02748633611151034
2405,trait_volume,-10,-1,0.02748633611151034
2405,trait_dispersion,-10,-1,0.02748633611151034
2405,rao_q,-10,-1,0.02748633611151034
2405,feve,10,1,0.02748633611151034
2405,fdiv,10,1,0.02748633611151034
2406,corrected_richness,10,1,0.02748633611151034
2406,shannon,10,1,0.02748633611151034
2406,inv_simpson,10,1,0.02748633611151034
2406,trait_volume,-10,-1,0.02748633611151034
2406,trait_dispersion,-10,-1,0.02748633611151034
2406,rao_q,-10,-1,0.02748633611151034
2406,feve,10,1,0.02748633611151034
2406,fdiv,10,1,0.02748633611151034
2407,corrected_richness,10,1,0.02748633611151034
2407,shannon,10,1,0.02748633611151034
2407,inv_simpson,10,1,0.02748633611151034
2407,trait_volume,-10,-1,0.02748633611151034
2407,trait_dispersion,-10,-1,0.02748633611151034
2407,rao_q,-10,-1,0.02748633611151034
2407,feve,10,1,0.02748633611151034
2407,fdiv,10,1,0.02748633611151034
2408,corrected_richness,10,1,0.02748633611151034
2408,shannon,10,1,0.02748633611151034
2408,inv_simpson,10,1,0.02748633611151034
2408,trait_volume,-10,-1,0.02748633611151034
2408,trait_dispersion,-10,-1,0.02748633611151034
2408,rao_q,-10,-1,0.02748633611151034
2408,feve,8,0.8,0.08641073297370003
2408,fdiv,10,1,0.02748633611151034
2409,corrected_richness,10,1,0.02748633611151034
2409,shannon,10,1,0.02748633611151034
2409,inv_simpson,10,1,0.02748633611151034
2409,trait_volume,-10,-1,0.02748633611151034
2409,trait_dispersion,-10,-1,0.02748633611151034
2409,rao_q,-10,-1,0.02748633611151034
2409,feve,8,0.8,0.08641073297370003
2409,fdiv,10,1,0.02748633611151034
2410,corrected_richness,10,1,0.02748633611151034
2410,shannon,10,1,0.02748633611151034
2410,inv_simpson,10,1,0.02748633611151034
2410,trait_volume,-10,-1,0.02748633611151034
2410,trait_dispersion,-10,-1,0.02748633611151034
2410,rao_q,-10,-1,0.02748633611151034
2410,feve,8,0.8,0.08641073297370003
2410,fdiv,10,1,0.02748633611151034
2411,corrected_richness,10,1,0.02748633611151034
2411,shannon,10,1,0.02748633611151034
2411,inv_simpson,10,1,0.02748633611151034
2411,trait_volume,-10,-1,0.02748633611151034
2411,trait_dispersion,-10,-1,0.02748633611151034
2411,rao_q,-10,-1,0.02748633611151034
2411,feve,10,1,0.02748633611151034
2411,fdiv,10,1,0.02748633611151034
2412,corrected_richness,10,1,0.02748633611151034
2412,shannon,10,1,0.02748633611151034
2412,inv_simpson,10,1,0.02748633611151034
2412,trait_volume,-10,-1,0.02748633611151034
2412,trait_dispersion,-10,-1,0.02748633611151034
2412,rao_q,-10,-1,0.02748633611151034
2412,feve,10,1,0.02748633611151034
2412,fdiv,10,1,0.02748633611151034
2413,corrected_richness,10,1,0.02748633611151034
2413,shannon,10,1,0.02748633611151034
2413,inv_simpson,10,1,0.02748633611151034
2413,trait_volume,-8,-0.8,0.08641073297370003
2413,trait_dispersion,-8,-0.8,0.08641073297370003
2413,rao_q,-10,-1,0.02748633611151034
2413,feve,10,1,0.02748633611151034
2413,fdiv,8,0.8,0.08641073297370003
2414,corrected_richness,10,1,0.02748633611151034
2414,shannon,10,1,0.02748633611151034
2414,inv_simpson,10,1,0.02748633611151034
2414,trait_volume,-8,-0.8,0.08641073297370003
2414,trait_dispersion,-8,-0.8,0.08641073297370003
2414,rao_q,-10,-1,0.02748633611151034
2414,feve,10,1,0.02748633611151034
2414,fdiv,8,0.8,0.08641073297370003
2415,corrected_richness,10,1,0.02748633611151034
2415,shannon,10,1,0.02748633611151034
2415,inv_simpson,10,1,0.02748633611151034
2415,trait_volume,-8,-0.8,0.08641073297370003
2415,trait_dispersion,-6,-0.6,0.2206713619198468
2415,rao_q,-10,-1,0.02748633611151034
2415,feve,10,1,0.02748633611151034
2415,fdiv,6,0.6,0.2206713619198468
2416,corrected_richness,10,1,0.02748633611151034
2416,shannon,10,1,0.02748633611151034
2416,inv_simpson,10,1,0.02748633611151034
2416,trait_volume,-8,-0.8,0.08641073297370003
2416,trait_dispersion,-6,-0.6,0.2206713619198468
2416,rao_q,-8,-0.8,0.08641073297370003
2416,feve,10,1,0.02748633611151034
2416,fdiv,6,0.6,0.2206713619198468
2417,corrected_richness,10,1,0.02748633611151034
2417,shannon,10,1,0.02748633611151034
2417,inv_simpson,10,1,0.02748633611151034
2417,trait_volume,-8,-0.8,0.08641073297370003
2417,trait_dispersion,-6,-0.6,0.2206713619198468
2417,rao_q,-8,-0.8,0.08641073297370003
2417,feve,10,1,0.02748633611151034
2417,fdiv,6,0.6,0.2206713619198468
2418,corrected_richness,10,1,0.02748633611151034
2418,shannon,10,1,0.02748633611151034
2418,inv_simpson,10,1,0.02748633611151034
2418,trait_volume,-8,-0.8,0.08641073297370003
2418,trait_dispersion,-2,-0.2,0.8064959405073402
2418,rao_q,-8,-0.8,0.08641073297370003
2418,feve,10,1,0.02748633611151034
2418,fdiv,6,0.6,0.2206713619198468
2419,corrected_richness,10,1,0.02748633611151034
2419,shannon,10,1,0.02748633611151034
2419,inv_simpson,10,1,0.02748633611151034
2419,trait_volume,-6,-0.6,0.2206713619198468
2419,trait_dispersion,-2,-0.2,0.8064959405073402
2419,rao_q,-8,-0.8,0.08641073297370003
2419,feve,10,1,0.02748633611151034
2419,fdiv,4,0.4,0.4624327264504763
2420,corrected_richness,10,1,0.02748633611151034
2420,shannon,10,1,0.02748633611151034
2420,inv_simpson,10,1,0.02748633611151034
2420,trait_volume,-4,-0.4,0.4624327264504763
2420,trait_dispersion,-2,-0.2,0.8064959405073402
2420,rao_q,-8,-0.8,0.08641073297370003
2420,feve,10,1,0.02748633611151034
2420,fdiv,4,0.4,0.4624327264504763
2421,corrected_richness,10,1,0.02748633611151034
2421,shannon,10,1,0.02748633611151034
2421,inv_simpson,10,1,0.02748633611151034
2421,trait_volume,-4,-0.4,0.4624327264504763
2421,trait_dispersion,-2,-0.2,0.8064959405073402
2421,rao_q,-8,-0.8,0.08641073297370003
2421,feve,10,1,0.02748633611151034
2421,fdiv,4,0.4,0.4624327264504763
2422,corrected_richness,10,1,0.02748633611151034
2422,shannon,10,1,0.02748633611151034
2422,inv_simpson,10,1,0.02748633611151034
2422,trait_volume,-2,-0.2,0.8064959405073402
2422,trait_dispersion,0,0,1
2422,rao_q,-6,-0.6,0.2206713619198468
2422,feve,10,1,0.02748633611151034
2422,fdiv,4,0.4,0.4624327264504763
2423,corrected_richness,10,1,0.02748633611151034
2423,shannon,10,1,0.02748633611151034
2423,inv_simpson,10,1,0.02748633611151034
2423,trait_volume,-2,-0.2,0.8064959405073402
2423,trait_dispersion,4,0.4,0.4624327264504763
2423,rao_q,-6,-0.6,0.2206713619198468
2423,feve,10,1,0.02748633611151034
2423,fdiv,4,0.4,0.4624327264504763
2424,corrected_richness,10,1,0.02748633611151034
2424,shannon,10,1,0.02748633611151034
2424,inv_simpson,10,1,0.02748633611151034
2424,trait_volume,-2,-0.2,0.8064959405073402
2424,trait_dispersion,4,0.4,0.4624327264504763
2424,rao_q,-6,-0.6,0.2206713619198468
2424,feve,10,1,0.02748633611151034
2424,fdiv,4,0.4,0.4624327264504763
2425,corrected_richness,10,1,0.02748633611151034
2425,shannon,10,1,0.02748633611151034
2425,inv_simpson,10,1,0.02748633611151034
2425,trait_volume,-2,-0.2,0.8064959405073402
2425,trait_dispersion,2,0.2,0.8064959405073402
2425,rao_q,-4,-0.4,0.4624327264504763
2425,feve,10,1,0.02748633611151034
2425,fdiv,4,0.4,0.4624327264504763
2426,corrected_richness,10,1,0.02748633611151034
2426,shannon,10,1,0.02748633611151034
2426,inv_simpson,10,1,0.02748633611151034
2426,trait_volume,-2,-0.2,0.8064959405073402
2426,trait_dispersion,2,0.2,0.8064959405073402
2426,rao_q,-6,-0.6,0.2206713619198468
2426,feve,10,1,0.02748633611151034
2426,fdiv,4,0.4,0.4624327264504763
2427,corrected_richness,10,1,0.02748633611151034
2427,shannon,10,1,0.02748633611151034
2427,inv_simpson,10,1,0.02748633611151034
2427,trait_volume,-2,-0.2,0.8064959405073402
2427,trait_dispersion,2,0.2,0.8064959405073402
2427,rao_q,-6,-0.6,0.2206713619198468
2427,feve,10,1,0.02748633611151034
2427,fdiv,4,0.4,0.4624327264504763
2428,corrected_richness,10,1,0.02748633611151034
2428,shannon,10,1,0.02748633611151034
2428,inv_simpson,10,1,0.02748633611151034
2428,trait_volume,-2,-0.2,0.8064959405073402
2428,trait_dispersion,2,0.2,0.8064959405073402
2428,rao_q,-6,-0.6,0.2206713619198468
2428,feve,10,1,0.02748633611151034
2428,fdiv,4,0.4,0.4624327264504763
2429,corrected_richness,10,1,0.02748633611151034
2429,shannon,10,1,0.02748633611151034
2429,inv_simpson,10,1,0.02748633611151034
2429,trait_volume,-2,-0.2,0.8064959405073402
2429,trait_dispersion,2,0.2,0.8064959405073402
2429,rao_q,-6,-0.6,0.2206713619198468
2429,feve,10,1,0.02748633611151034
2429,fdiv,4,0.4,0.4624327264504763
2430,corrected_richness,10,1,0.02748633611151034
2430,shannon,10,1,0.02748633611151034
2430,inv_simpson,10,1,0.02748633611151034
2430,trait_volume,-4,-0.4,0.4624327264504763
2430,trait_dispersion,2,0.2,0.8064959405073402
2430,rao_q,-6,-0.6,0.2206713619198468
2430,feve,10,1,0.02748633611151034
2430,fdiv,4,0.4,0.4624327264504763
2431,corrected_richness,10,1,0.02748633611151034
2431,shannon,10,1,0.02748633611151034
2431,inv_simpson,10,1,0.02748633611151034
2431,trait_volume,-4,-0.4,0.4624327264504763
2431,trait_dispersion,2,0.2,0.8064959405073402
2431,rao_q,-6,-0.6,0.2206713619198468
2431,feve,10,1,0.02748633611151034
2431,fdiv,4,0.4,0.4624327264504763
2456,corrected_richness,10,1,0.02748633611151034
2456,shannon,10,1,0.02748633611151034
2456,inv_simpson,10,1,0.02748633611151034
2456,trait_volume,-10,-1,0.02748633611151034
2456,trait_dispersion,-10,-1,0.02748633611151034
2456,rao_q,-10,-1,0.02748633611151034
2456,feve,10,1,0.02748633611151034
2456,fdiv,10,1,0.02748633611151034
2457,corrected_richness,10,1,0.02748633611151034
2457,shannon,10,1,0.02748633611151034
2457,inv_simpson,10,1,0.02748633611151034
2457,trait_volume,-10,-1,0.02748633611151034
2457,trait_dispersion,-10,-1,0.02748633611151034
2457,rao_q,-10,-1,0.02748633611151034
2457,feve,10,1,0.02748633611151034
2457,fdiv,10,1,0.02748633611151034
2458,corrected_richness,10,1,0.02748633611151034
2458,shannon,10,1,0.02748633611151034
2458,inv_simpson,10,1,0.02748633611151034
2458,trait_volume,-10,-1,0.02748633611151034
2458,trait_dispersion,-10,-1,0.02748633611151034
2458,rao_q,-10,-1,0.02748633611151034
2458,feve,10,1,0.02748633611151034
2458,fdiv,10,1,0.02748633611151034
2462,corrected_richness,10,1,0.02748633611151034
2462,shannon,10,1,0.02748633611151034
2462,inv_simpson,10,1,0.02748633611151034
2462,trait_volume,-10,-1,0.02748633611151034
2462,trait_dispersion,-10,-1,0.02748633611151034
2462,rao_q,-10,-1,0.02748633611151034
2462,feve,10,1,0.02748633611151034
2462,fdiv,10,1,0.02748633611151034
2464,corrected_richness,10,1,0.02748633611151034
2464,shannon,10,1,0.02748633611151034
2464,inv_simpson,10,1,0.02748633611151034
2464,trait_volume,-10,-1,0.02748633611151034
2464,trait_dispersion,-10,-1,0.02748633611151034
2464,rao_q,-10,-1,0.02748633611151034
2464,feve,10,1,0.02748633611151034
2464,fdiv,10,1,0.02748633611151034
2466,corrected_richness,10,1,0.02748633611151034
2466,shannon,10,1,0.02748633611151034
2466,inv_simpson,10,1,0.02748633611151034
2466,trait_volume,-10,-1,0.02748633611151034
2466,trait_dispersion,-10,-1,0.02748633611151034
2466,rao_q,-10,-1,0.02748633611151034
2466,feve,10,1,0.02748633611151034
2466,fdiv,10,1,0.02748633611151034
2468,corrected_richness,10,1,0.02748633611151034
2468,shannon,10,1,0.02748633611151034
2468,inv_simpson,10,1,0.02748633611151034
2468,trait_volume,-10,-1,0.02748633611151034
2468,trait_dispersion,-10,-1,0.02748633611151034
2468,rao_q,-10,-1,0.02748633611151034
2468,feve,10,1,0.02748633611151034
2468,fdiv,10,1,0.02748633611151034
2469,corrected_richness,10,1,0.02748633611151034
2469,shannon,10,1,0.02748633611151034
2469,inv_simpson,10,1,0.02748633611151034
2469,trait_volume,-10,-1,0.02748633611151034
2469,trait_dispersion,-10,-1,0.02748633611151034
2469,rao_q,-10,-1,0.02748633611151034
2469,feve,10,1,0.02748633611151034
2469,fdiv,10,1,0.02748633611151034
2470,corrected_richness,10,1,0.02748633611151034
2470,shannon,10,1,0.02748633611151034
2470,inv_simpson,10,1,0.02748633611151034
2470,trait_volume,-10,-1,0.02748633611151034
2470,trait_dispersion,-10,-1,0.02748633611151034
2470,rao_q,-10,-1,0.02748633611151034
2470,feve,10,1,0.02748633611151034
2470,fdiv,10,1,0.02748633611151034
2471,corrected_richness,10,1,0.02748633611151034
2471,shannon,10,1,0.02748633611151034
2471,inv_simpson,10,1,0.02748633611151034
2471,trait_volume,-10,-1,0.02748633611151034
2471,trait_dispersion,-10,-1,0.02748633611151034
2471,rao_q,-10,-1,0.02748633611151034
2471,feve,10,1,0.02748633611151034
2471,fdiv,10,1,0.02748633611151034
2472,corrected_richness,10,1,0.02748633611151034
2472,shannon,10,1,0.02748633611151034
2472,inv_simpson,10,1,0.02748633611151034
2472,trait_volume,-10,-1,0.02748633611151034
2472,trait_dispersion,-10,-1,0.02748633611151034
2472,rao_q,-10,-1,0.02748633611151034
2472,feve,10,1,0.02748633611151034
2472,fdiv,10,1,0.02748633611151034
2473,corrected_richness,10,1,0.02748633611151034
2473,shannon,10,1,0.02748633611151034
2473,inv_simpson,10,1,0.02748633611151034
2473,trait_volume,-10,-1,0.02748633611151034
2473,trait_dispersion,-10,-1,0.02748633611151034
2473,rao_q,-10,-1,0.02748633611151034
2473,feve,10,1,0.02748633611151034
2473,fdiv,10,1,0.02748633611151034
2474,corrected_richness,10,1,0.02748633611151034
2474,shannon,10,1,0.02748633611151034
2474,inv_simpson,10,1,0.02748633611151034
2474,trait_volume,-10,-1,0.02748633611151034
2474,trait_dispersion,-10,-1,0.02748633611151034
2474,rao_q,-10,-1,0.02748633611151034
2474,feve,10,1,0.02748633611151034
2474,fdiv,10,1,0.02748633611151034
2475,corrected_richness,10,1,0.02748633611151034
2475,shannon,10,1,0.02748633611151034
2475,inv_simpson,10,1,0.02748633611151034
2475,trait_volume,-10,-1,0.02748633611151034
2475,trait_dispersion,-10,-1,0.02748633611151034
2475,rao_q,-10,-1,0.02748633611151034
2475,feve,10,1,0.02748633611151034
2475,fdiv,10,1,0.02748633611151034
2476,corrected_richness,10,1,0.02748633611151034
2476,shannon,10,1,0.02748633611151034
2476,inv_simpson,10,1,0.02748633611151034
2476,trait_volume,-10,-1,0.02748633611151034
2476,trait_dispersion,-10,-1,0.02748633611151034
2476,rao_q,-10,-1,0.02748633611151034
2476,feve,10,1,0.02748633611151034
2476,fdiv,10,1,0.02748633611151034
2478,corrected_richness,10,1,0.02748633611151034
2478,shannon,10,1,0.02748633611151034
2478,inv_simpson,10,1,0.02748633611151034
2478,trait_volume,-10,-1,0.02748633611151034
2478,trait_dispersion,-10,-1,0.02748633611151034
2478,rao_q,-10,-1,0.02748633611151034
2478,feve,10,1,0.02748633611151034
2478,fdiv,10,1,0.02748633611151034
2479,corrected_richness,10,1,0.02748633611151034
2479,shannon,10,1,0.02748633611151034
2479,inv_simpson,10,1,0.02748633611151034
2479,trait_volume,-10,-1,0.02748633611151034
2479,trait_dispersion,-10,-1,0.02748633611151034
2479,rao_q,-10,-1,0.02748633611151034
2479,feve,10,1,0.02748633611151034
2479,fdiv,10,1,0.02748633611151034
2480,corrected_richness,10,1,0.02748633611151034
2480,shannon,10,1,0.02748633611151034
2480,inv_simpson,10,1,0.02748633611151034
2480,trait_volume,-10,-1,0.02748633611151034
2480,trait_dispersion,-10,-1,0.02748633611151034
2480,rao_q,-10,-1,0.02748633611151034
2480,feve,10,1,0.02748633611151034
2480,fdiv,10,1,0.02748633611151034
2481,corrected_richness,10,1,0.02748633611151034
2481,shannon,10,1,0.02748633611151034
2481,inv_simpson,10,1,0.02748633611151034
2481,trait_volume,-10,-1,0.02748633611151034
2481,trait_dispersion,-10,-1,0.02748633611151034
2481,rao_q,-10,-1,0.02748633611151034
2481,feve,10,1,0.02748633611151034
2481,fdiv,10,1,0.02748633611151034
2482,corrected_richness,10,1,0.02748633611151034
2482,shannon,10,1,0.02748633611151034
2482,inv_simpson,10,1,0.02748633611151034
2482,trait_volume,-10,-1,0.02748633611151034
2482,trait_dispersion,-10,-1,0.02748633611151034
2482,rao_q,-10,-1,0.02748633611151034
2482,feve,10,1,0.02748633611151034
2482,fdiv,10,1,0.02748633611151034
2483,corrected_richness,10,1,0.02748633611151034
2483,shannon,10,1,0.02748633611151034
2483,inv_simpson,10,1,0.02748633611151034
2483,trait_volume,-10,-1,0.02748633611151034
2483,trait_dispersion,-10,-1,0.02748633611151034
2483,rao_q,-10,-1,0.02748633611151034
2483,feve,10,1,0.02748633611151034
2483,fdiv,10,1,0.02748633611151034
2484,corrected_richness,10,1,0.02748633611151034
2484,shannon,10,1,0.02748633611151034
2484,inv_simpson,10,1,0.02748633611151034
2484,trait_volume,-10,-1,0.02748633611151034
2484,trait_dispersion,-10,-1,0.02748633611151034
2484,rao_q,-10,-1,0.02748633611151034
2484,feve,10,1,0.02748633611151034
2484,fdiv,10,1,0.02748633611151034
2485,corrected_richness,10,1,0.02748633611151034
2485,shannon,10,1,0.02748633611151034
2485,inv_simpson,10,1,0.02748633611151034
2485,trait_volume,-8,-0.8,0.08641073297370003
2485,trait_dispersion,-8,-0.8,0.08641073297370003
2485,rao_q,-10,-1,0.02748633611151034
2485,feve,10,1,0.02748633611151034
2485,fdiv,10,1,0.02748633611151034
2486,corrected_richness,10,1,0.02748633611151034
2486,shannon,10,1,0.02748633611151034
2486,inv_simpson,10,1,0.02748633611151034
2486,trait_volume,-8,-0.8,0.08641073297370003
2486,trait_dispersion,-6,-0.6,0.2206713619198468
2486,rao_q,-10,-1,0.02748633611151034
2486,feve,10,1,0.02748633611151034
2486,fdiv,8,0.8,0.08641073297370003
2487,corrected_richness,10,1,0.02748633611151034
2487,shannon,10,1,0.02748633611151034
2487,inv_simpson,10,1,0.02748633611151034
2487,trait_volume,-8,-0.8,0.08641073297370003
2487,trait_dispersion,-4,-0.4,0.4624327264504763
2487,rao_q,-8,-0.8,0.08641073297370003
2487,feve,10,1,0.02748633611151034
2487,fdiv,6,0.6,0.2206713619198468
2488,corrected_richness,10,1,0.02748633611151034
2488,shannon,10,1,0.02748633611151034
2488,inv_simpson,10,1,0.02748633611151034
2488,trait_volume,-8,-0.8,0.08641073297370003
2488,trait_dispersion,-4,-0.4,0.4624327264504763
2488,rao_q,-8,-0.8,0.08641073297370003
2488,feve,10,1,0.02748633611151034
2488,fdiv,6,0.6,0.2206713619198468
2489,corrected_richness,10,1,0.02748633611151034
2489,shannon,10,1,0.02748633611151034
2489,inv_simpson,10,1,0.02748633611151034
2489,trait_volume,-8,-0.8,0.08641073297370003
2489,trait_dispersion,-2,-0.2,0.8064959405073402
2489,rao_q,-8,-0.8,0.08641073297370003
2489,feve,10,1,0.02748633611151034
2489,fdiv,6,0.6,0.2206713619198468
2490,corrected_richness,10,1,0.02748633611151034
2490,shannon,10,1,0.02748633611151034
2490,inv_simpson,10,1,0.02748633611151034
2490,trait_volume,-6,-0.6,0.2206713619198468
2490,trait_dispersion,-2,-0.2,0.8064959405073402
2490,rao_q,-8,-0.8,0.08641073297370003
2490,feve,10,1,0.02748633611151034
2490,fdiv,6,0.6,0.2206713619198468
2491,corrected_richness,10,1,0.02748633611151034
2491,shannon,10,1,0.02748633611151034
2491,inv_simpson,10,1,0.02748633611151034
2491,trait_volume,-4,-0.4,0.4624327264504763
2491,trait_dispersion,-2,-0.2,0.8064959405073402
2491,rao_q,-8,-0.8,0.08641073297370003
2491,feve,10,1,0.02748633611151034
2491,fdiv,6,0.6,0.2206713619198468
2492,corrected_richness,10,1,0.02748633611151034
2492,shannon,10,1,0.02748633611151034
2492,inv_simpson,10,1,0.02748633611151034
2492,trait_volume,-4,-0.4,0.4624327264504763
2492,trait_dispersion,0,0,1
2492,rao_q,-8,-0.8,0.08641073297370003
2492,feve,10,1,0.02748633611151034
2492,fdiv,6,0.6,0.2206713619198468
2493,corrected_richness,10,1,0.02748633611151034
2493,shannon,10,1,0.02748633611151034
2493,inv_simpson,10,1,0.02748633611151034
2493,trait_volume,-2,-0.2,0.8064959405073402
2493,trait_dispersion,2,0.2,0.8064959405073402
2493,rao_q,-8,-0.8,0.08641073297370003
2493,feve,10,1,0.02748633611151034
2493,fdiv,6,0.6,0.2206713619198468
2494,corrected_richness,10,1,0.02748633611151034
2494,shannon,10,1,0.02748633611151034
2494,inv_simpson,10,1,0.02748633611151034
2494,trait_volume,-2,-0.2,0.8064959405073402
2494,trait_dispersion,4,0.4,0.4624327264504763
2494,rao_q,-2,-0.2,0.8064959405073402
2494,feve,10,1,0.02748633611151034
2494,fdiv,6,0.6,0.2206713619198468
2495,corrected_richness,10,1,0.02748633611151034
2495,shannon,10,1,0.02748633611151034
2495,inv_simpson,10,1,0.02748633611151034
2495,trait_volume,-2,-0.2,0.8064959405073402
2495,trait_dispersion,4,0.4,0.4624327264504763
2495,rao_q,-2,-0.2,0.8064959405073402
2495,feve,10,1,0.02748633611151034
2495,fdiv,6,0.6,0.2206713619198468
2496,corrected_richness,10,1,0.02748633611151034
2496,shannon,10,1,0.02748633611151034
2496,inv_simpson,10,1,0.02748633611151034
2496,trait_volume,-2,-0.2,0.8064959405073402
2496,trait_dispersion,4,0.4,0.4624327264504763
2496,rao_q,-4,-0.4,0.4624327264504763
2496,feve,10,1,0.02748633611151034
2496,fdiv,6,0.6,0.2206713619198468
2497,corrected_richness,10,1,0.02748633611151034
2497,shannon,10,1,0.02748633611151034
2497,inv_simpson,10,1,0.02748633611151034
2497,trait_volume,0,0,1
2497,trait_dispersion,4,0.4,0.4624327264504763
2497,rao_q,-4,-0.4,0.4624327264504763
2497,feve,10,1,0.02748633611151034
2497,fdiv,6,0.6,0.2206713619198468
2498,corrected_richness,10,1,0.02748633611151034
2498,shannon,10,1,0.02748633611151034
2498,inv_simpson,10,1,0.02748633611151034
2498,trait_volume,0,0,1
2498,trait_dispersion,4,0.4,0.4624327264504763
2498,rao_q,-4,-0.4,0.4624327264504763
2498,feve,10,1,0.02748633611151034
2498,fdiv,6,0.6,0.2206713619198468
2499,corrected_richness,10,1,0.02748633611151034
2499,shannon,10,1,0.02748633611151034
2499,inv_simpson,10,1,0.02748633611151034
2499,trait_volume,0,0,1
2499,trait_dispersion,2,0.2,0.8064959405073402
2499,rao_q,-6,-0.6,0.2206713619198468
2499,feve,10,1,0.02748633611151034
2499,fdiv,6,0.6,0.2206713619198468
2500,corrected_richness,10,1,0.02748633611151034
2500,shannon,10,1,0.02748633611151034
2500,inv_simpson,10,1,0.02748633611151034
2500,trait_volume,-2,-0.2,0.8064959405073402
2500,trait_dispersion,2,0.2,0.8064959405073402
2500,rao_q,-6,-0.6,0.2206713619198468
2500,feve,10,1,0.02748633611151034
2500,fdiv,6,0.6,0.2206713619198468
2501,corrected_richness,10,1,0.02748633611151034
2501,shannon,10,1,0.02748633611151034
2501,inv_simpson,10,1,0.02748633611151034
2501,trait_volume,-2,-0.2,0.8064959405073402
2501,trait_dispersion,2,0.2,0.8064959405073402
2501,rao_q,-6,-0.6,0.2206713619198468
2501,feve,10,1,0.02748633611151034
2501,fdiv,6,0.6,0.2206713619198468
2502,corrected_richness,10,1,0.02748633611151034
2502,shannon,10,1,0.02748633611151034
2502,inv_simpson,10,1,0.02748633611151034
2502,trait_volume,-4,-0.4,0.4624327264504763
2502,trait_dispersion,2,0.2,0.8064959405073402
2502,rao_q,-6,-0.6,0.2206713619198468
2502,feve,10,1,0.02748633611151034
2502,fdiv,4,0.4,0.4624327264504763
2503,corrected_richness,10,1,0.02748633611151034
2503,shannon,10,1,0.02748633611151034
2503,inv_simpson,10,1,0.02748633611151034
2503,trait_volume,-4,-0.4,0.4624327264504763
2503,trait_dispersion,2,0.2,0.8064959405073402
2503,rao_q,-6,-0.6,0.2206713619198468
2503,feve,10,1,0.02748633611151034
2503,fdiv,4,0.4,0.4624327264504763
2530,corrected_richness,10,1,0.02748633611151034
2530,shannon,10,1,0.02748633611151034
2530,inv_simpson,10,1,0.02748633611151034
2530,trait_volume,-10,-1,0.02748633611151034
2530,trait_dispersion,-10,-1,0.02748633611151034
2530,rao_q,-10,-1,0.02748633611151034
2530,feve,10,1,0.02748633611151034
2530,fdiv,8,0.8,0.08641073297370003
2531,corrected_richness,10,1,0.02748633611151034
2531,shannon,10,1,0.02748633611151034
2531,inv_simpson,10,1,0.02748633611151034
2531,trait_volume,-10,-1,0.02748633611151034
2531,trait_dispersion,-10,-1,0.02748633611151034
2531,rao_q,-10,-1,0.02748633611151034
2531,feve,10,1,0.02748633611151034
2531,fdiv,8,0.8,0.08641073297370003
2532,corrected_richness,10,1,0.02748633611151034
2532,shannon,10,1,0.02748633611151034
2532,inv_simpson,10,1,0.02748633611151034
2532,trait_volume,-10,-1,0.02748633611151034
2532,trait_dispersion,-10,-1,0.02748633611151034
2532,rao_q,-10,-1,0.02748633611151034
2532,feve,10,1,0.02748633611151034
2532,fdiv,8,0.8,0.08641073297370003
2535,corrected_richness,10,1,0.02748633611151034
2535,shannon,10,1,0.02748633611151034
2535,inv_simpson,10,1,0.02748633611151034
2535,trait_volume,-10,-1,0.02748633611151034
2535,trait_dispersion,-10,-1,0.02748633611151034
2535,rao_q,-10,-1,0.02748633611151034
2535,feve,10,1,0.02748633611151034
2535,fdiv,10,1,0.02748633611151034
2539,corrected_richness,10,1,0.02748633611151034
2539,shannon,10,1,0.02748633611151034
2539,inv_simpson,10,1,0.02748633611151034
2539,trait_volume,-10,-1,0.02748633611151034
2539,trait_dispersion,-10,-1,0.02748633611151034
2539,rao_q,-10,-1,0.02748633611151034
2539,feve,10,1,0.02748633611151034
2539,fdiv,10,1,0.02748633611151034
2540,corrected_richness,10,1,0.02748633611151034
2540,shannon,10,1,0.02748633611151034
2540,inv_simpson,10,1,0.02748633611151034
2540,trait_volume,-10,-1,0.02748633611151034
2540,trait_dispersion,-10,-1,0.02748633611151034
2540,rao_q,-10,-1,0.02748633611151034
2540,feve,10,1,0.02748633611151034
2540,fdiv,10,1,0.02748633611151034
2541,corrected_richness,10,1,0.02748633611151034
2541,shannon,10,1,0.02748633611151034
2541,inv_simpson,10,1,0.02748633611151034
2541,trait_volume,-10,-1,0.02748633611151034
2541,trait_dispersion,-10,-1,0.02748633611151034
2541,rao_q,-10,-1,0.02748633611151034
2541,feve,10,1,0.02748633611151034
2541,fdiv,10,1,0.02748633611151034
2542,corrected_richness,10,1,0.02748633611151034
2542,shannon,10,1,0.02748633611151034
2542,inv_simpson,10,1,0.02748633611151034
2542,trait_volume,-10,-1,0.02748633611151034
2542,trait_dispersion,-10,-1,0.02748633611151034
2542,rao_q,-10,-1,0.02748633611151034
2542,feve,10,1,0.02748633611151034
2542,fdiv,10,1,0.02748633611151034
2544,corrected_richness,10,1,0.02748633611151034
2544,shannon,10,1,0.02748633611151034
2544,inv_simpson,10,1,0.02748633611151034
2544,trait_volume,-10,-1,0.02748633611151034
2544,trait_dispersion,-10,-1,0.02748633611151034
2544,rao_q,-10,-1,0.02748633611151034
2544,feve,10,1,0.02748633611151034
2544,fdiv,10,1,0.02748633611151034
2545,corrected_richness,10,1,0.02748633611151034
2545,shannon,10,1,0.02748633611151034
2545,inv_simpson,10,1,0.02748633611151034
2545,trait_volume,-10,-1,0.02748633611151034
2545,trait_dispersion,-10,-1,0.02748633611151034
2545,rao_q,-10,-1,0.02748633611151034
2545,feve,10,1,0.02748633611151034
2545,fdiv,10,1,0.02748633611151034
2546,corrected_richness,10,1,0.02748633611151034
2546,shannon,10,1,0.02748633611151034
2546,inv_simpson,10,1,0.02748633611151034
2546,trait_volume,-10,-1,0.02748633611151034
2546,trait_dispersion,-10,-1,0.02748633611151034
2546,rao_q,-10,-1,0.02748633611151034
2546,feve,10,1,0.02748633611151034
2546,fdiv,10,1,0.02748633611151034
2547,corrected_richness,10,1,0.02748633611151034
2547,shannon,10,1,0.02748633611151034
2547,inv_simpson,10,1,0.02748633611151034
2547,trait_volume,-10,-1,0.02748633611151034
2547,trait_dispersion,-10,-1,0.02748633611151034
2547,rao_q,-10,-1,0.02748633611151034
2547,feve,10,1,0.02748633611151034
2547,fdiv,10,1,0.02748633611151034
2548,corrected_richness,10,1,0.02748633611151034
2548,shannon,10,1,0.02748633611151034
2548,inv_simpson,10,1,0.02748633611151034
2548,trait_volume,-10,-1,0.02748633611151034
2548,trait_dispersion,-10,-1,0.02748633611151034
2548,rao_q,-10,-1,0.02748633611151034
2548,feve,10,1,0.02748633611151034
2548,fdiv,10,1,0.02748633611151034
2549,corrected_richness,10,1,0.02748633611151034
2549,shannon,10,1,0.02748633611151034
2549,inv_simpson,10,1,0.02748633611151034
2549,trait_volume,-10,-1,0.02748633611151034
2549,trait_dispersion,-10,-1,0.02748633611151034
2549,rao_q,-10,-1,0.02748633611151034
2549,feve,10,1,0.02748633611151034
2549,fdiv,10,1,0.02748633611151034
2550,corrected_richness,10,1,0.02748633611151034
2550,shannon,10,1,0.02748633611151034
2550,inv_simpson,10,1,0.02748633611151034
2550,trait_volume,-10,-1,0.02748633611151034
2550,trait_dispersion,-10,-1,0.02748633611151034
2550,rao_q,-10,-1,0.02748633611151034
2550,feve,10,1,0.02748633611151034
2550,fdiv,10,1,0.02748633611151034
2551,corrected_richness,10,1,0.02748633611151034
2551,shannon,10,1,0.02748633611151034
2551,inv_simpson,10,1,0.02748633611151034
2551,trait_volume,-10,-1,0.02748633611151034
2551,trait_dispersion,-10,-1,0.02748633611151034
2551,rao_q,-10,-1,0.02748633611151034
2551,feve,10,1,0.02748633611151034
2551,fdiv,10,1,0.02748633611151034
2552,corrected_richness,10,1,0.02748633611151034
2552,shannon,10,1,0.02748633611151034
2552,inv_simpson,10,1,0.02748633611151034
2552,trait_volume,-10,-1,0.02748633611151034
2552,trait_dispersion,-10,-1,0.02748633611151034
2552,rao_q,-10,-1,0.02748633611151034
2552,feve,10,1,0.02748633611151034
2552,fdiv,10,1,0.02748633611151034
2553,corrected_richness,10,1,0.02748633611151034
2553,shannon,10,1,0.02748633611151034
2553,inv_simpson,10,1,0.02748633611151034
2553,trait_volume,-10,-1,0.02748633611151034
2553,trait_dispersion,-10,-1,0.02748633611151034
2553,rao_q,-10,-1,0.02748633611151034
2553,feve,10,1,0.02748633611151034
2553,fdiv,10,1,0.02748633611151034
2554,corrected_richness,10,1,0.02748633611151034
2554,shannon,10,1,0.02748633611151034
2554,inv_simpson,10,1,0.02748633611151034
2554,trait_volume,-10,-1,0.02748633611151034
2554,trait_dispersion,-10,-1,0.02748633611151034
2554,rao_q,-10,-1,0.02748633611151034
2554,feve,10,1,0.02748633611151034
2554,fdiv,10,1,0.02748633611151034
2555,corrected_richness,10,1,0.02748633611151034
2555,shannon,10,1,0.02748633611151034
2555,inv_simpson,10,1,0.02748633611151034
2555,trait_volume,-10,-1,0.02748633611151034
2555,trait_dispersion,-10,-1,0.02748633611151034
2555,rao_q,-10,-1,0.02748633611151034
2555,feve,10,1,0.02748633611151034
2555,fdiv,10,1,0.02748633611151034
2556,corrected_richness,10,1,0.02748633611151034
2556,shannon,10,1,0.02748633611151034
2556,inv_simpson,10,1,0.02748633611151034
2556,trait_volume,-10,-1,0.02748633611151034
2556,trait_dispersion,-8,-0.8,0.08641073297370003
2556,rao_q,-10,-1,0.02748633611151034
2556,feve,10,1,0.02748633611151034
2556,fdiv,10,1,0.02748633611151034
2557,corrected_richness,10,1,0.02748633611151034
2557,shannon,10,1,0.02748633611151034
2557,inv_simpson,10,1,0.02748633611151034
2557,trait_volume,-8,-0.8,0.08641073297370003
2557,trait_dispersion,-6,-0.6,0.2206713619198468
2557,rao_q,-10,-1,0.02748633611151034
2557,feve,10,1,0.02748633611151034
2557,fdiv,10,1,0.02748633611151034
2558,corrected_richness,10,1,0.02748633611151034
2558,shannon,10,1,0.02748633611151034
2558,inv_simpson,10,1,0.02748633611151034
2558,trait_volume,-8,-0.8,0.08641073297370003
2558,trait_dispersion,-4,-0.4,0.4624327264504763
2558,rao_q,-10,-1,0.02748633611151034
2558,feve,10,1,0.02748633611151034
2558,fdiv,8,0.8,0.08641073297370003
2559,corrected_richness,10,1,0.02748633611151034
2559,shannon,10,1,0.02748633611151034
2559,inv_simpson,10,1,0.02748633611151034
2559,trait_volume,-8,-0.8,0.08641073297370003
2559,trait_dispersion,-4,-0.4,0.4624327264504763
2559,rao_q,-8,-0.8,0.08641073297370003
2559,feve,10,1,0.02748633611151034
2559,fdiv,6,0.6,0.2206713619198468
2560,corrected_richness,10,1,0.02748633611151034
2560,shannon,10,1,0.02748633611151034
2560,inv_simpson,10,1,0.02748633611151034
2560,trait_volume,-6,-0.6,0.2206713619198468
2560,trait_dispersion,-2,-0.2,0.8064959405073402
2560,rao_q,-8,-0.8,0.08641073297370003
2560,feve,10,1,0.02748633611151034
2560,fdiv,6,0.6,0.2206713619198468
2561,corrected_richness,10,1,0.02748633611151034
2561,shannon,10,1,0.02748633611151034
2561,inv_simpson,10,1,0.02748633611151034
2561,trait_volume,-6,-0.6,0.2206713619198468
2561,trait_dispersion,-2,-0.2,0.8064959405073402
2561,rao_q,-8,-0.8,0.08641073297370003
2561,feve,10,1,0.02748633611151034
2561,fdiv,6,0.6,0.2206713619198468
2562,corrected_richness,10,1,0.02748633611151034
2562,shannon,10,1,0.02748633611151034
2562,inv_simpson,10,1,0.02748633611151034
2562,trait_volume,-4,-0.4,0.4624327264504763
2562,trait_dispersion,-2,-0.2,0.8064959405073402
2562,rao_q,-6,-0.6,0.2206713619198468
2562,feve,10,1,0.02748633611151034
2562,fdiv,6,0.6,0.2206713619198468
2563,corrected_richness,10,1,0.02748633611151034
2563,shannon,10,1,0.02748633611151034
2563,inv_simpson,10,1,0.02748633611151034
2563,trait_volume,-4,-0.4,0.4624327264504763
2563,trait_dispersion,0,0,1
2563,rao_q,-6,-0.6,0.2206713619198468
2563,feve,10,1,0.02748633611151034
2563,fdiv,6,0.6,0.2206713619198468
2564,corrected_richness,10,1,0.02748633611151034
2564,shannon,10,1,0.02748633611151034
2564,inv_simpson,10,1,0.02748633611151034
2564,trait_volume,-4,-0.4,0.4624327264504763
2564,trait_dispersion,2,0.2,0.8064959405073402
2564,rao_q,-4,-0.4,0.4624327264504763
2564,feve,10,1,0.02748633611151034
2564,fdiv,6,0.6,0.2206713619198468
2565,corrected_richness,10,1,0.02748633611151034
2565,shannon,10,1,0.02748633611151034
2565,inv_simpson,10,1,0.02748633611151034
2565,trait_volume,-2,-0.2,0.8064959405073402
2565,trait_dispersion,2,0.2,0.8064959405073402
2565,rao_q,-2,-0.2,0.8064959405073402
2565,feve,10,1,0.02748633611151034
2565,fdiv,6,0.6,0.2206713619198468
2566,corrected_richness,10,1,0.02748633611151034
2566,shannon,10,1,0.02748633611151034
2566,inv_simpson,10,1,0.02748633611151034
2566,trait_volume,2,0.2,0.8064959405073402
2566,trait_dispersion,4,0.4,0.4624327264504763
2566,rao_q,-2,-0.2,0.8064959405073402
2566,feve,10,1,0.02748633611151034
2566,fdiv,6,0.6,0.2206713619198468
2567,corrected_richness,10,1,0.02748633611151034
2567,shannon,10,1,0.02748633611151034
2567,inv_simpson,10,1,0.02748633611151034
2567,trait_volume,2,0.2,0.8064959405073402
2567,trait_dispersion,4,0.4,0.4624327264504763
2567,rao_q,-2,-0.2,0.8064959405073402
2567,feve,10,1,0.02748633611151034
2567,fdiv,6,0.6,0.2206713619198468
2568,corrected_richness,10,1,0.02748633611151034
2568,shannon,10,1,0.02748633611151034
2568,inv_simpson,10,1,0.02748633611151034
2568,trait_volume,2,0.2,0.8064959405073402
2568,trait_dispersion,4,0.4,0.4624327264504763
2568,rao_q,-2,-0.2,0.8064959405073402
2568,feve,10,1,0.02748633611151034
2568,fdiv,6,0.6,0.2206713619198468
2569,corrected_richness,10,1,0.02748633611151034
2569,shannon,10,1,0.02748633611151034
2569,inv_simpson,10,1,0.02748633611151034
2569,trait_volume,2,0.2,0.8064959405073402
2569,trait_dispersion,4,0.4,0.4624327264504763
2569,rao_q,-4,-0.4,0.4624327264504763
2569,feve,10,1,0.02748633611151034
2569,fdiv,6,0.6,0.2206713619198468
2570,corrected_richness,10,1,0.02748633611151034
2570,shannon,10,1,0.02748633611151034
2570,inv_simpson,10,1,0.02748633611151034
2570,trait_volume,2,0.2,0.8064959405073402
2570,trait_dispersion,4,0.4,0.4624327264504763
2570,rao_q,-4,-0.4,0.4624327264504763
2570,feve,10,1,0.02748633611151034
2570,fdiv,6,0.6,0.2206713619198468
2571,corrected_richness,10,1,0.02748633611151034
2571,shannon,10,1,0.02748633611151034
2571,inv_simpson,10,1,0.02748633611151034
2571,trait_volume,2,0.2,0.8064959405073402
2571,trait_dispersion,4,0.4,0.4624327264504763
2571,rao_q,-4,-0.4,0.4624327264504763
2571,feve,10,1,0.02748633611151034
2571,fdiv,6,0.6,0.2206713619198468
2572,corrected_richness,10,1,0.02748633611151034
2572,shannon,10,1,0.02748633611151034
2572,inv_simpson,10,1,0.02748633611151034
2572,trait_volume,-2,-0.2,0.8064959405073402
2572,trait_dispersion,4,0.4,0.4624327264504763
2572,rao_q,-6,-0.6,0.2206713619198468
2572,feve,10,1,0.02748633611151034
2572,fdiv,6,0.6,0.2206713619198468
2573,corrected_richness,10,1,0.02748633611151034
2573,shannon,10,1,0.02748633611151034
2573,inv_simpson,10,1,0.02748633611151034
2573,trait_volume,-2,-0.2,0.8064959405073402
2573,trait_dispersion,4,0.4,0.4624327264504763
2573,rao_q,-6,-0.6,0.2206713619198468
2573,feve,10,1,0.02748633611151034
2573,fdiv,6,0.6,0.2206713619198468
2574,corrected_richness,10,1,0.02748633611151034
2574,shannon,10,1,0.02748633611151034
2574,inv_simpson,10,1,0.02748633611151034
2574,trait_volume,-4,-0.4,0.4624327264504763
2574,trait_dispersion,2,0.2,0.8064959405073402
2574,rao_q,-6,-0.6,0.2206713619198468
2574,feve,10,1,0.02748633611151034
2574,fdiv,4,0.4,0.4624327264504763
2575,corrected_richness,10,1,0.02748633611151034
2575,shannon,10,1,0.02748633611151034
2575,inv_simpson,10,1,0.02748633611151034
2575,trait_volume,-4,-0.4,0.4624327264504763
2575,trait_dispersion,4,0.4,0.4624327264504763
2575,rao_q,-6,-0.6,0.2206713619198468
2575,feve,10,1,0.02748633611151034
2575,fdiv,2,0.2,0.8064959405073402
2576,corrected_richness,10,1,0.02748633611151034
2576,shannon,10,1,0.02748633611151034
2576,inv_simpson,10,1,0.02748633611151034
2576,trait_volume,-4,-0.4,0.4624327264504763
2576,trait_dispersion,4,0.4,0.4624327264504763
2576,rao_q,-6,-0.6,0.2206713619198468
2576,feve,10,1,0.02748633611151034
2576,fdiv,2,0.2,0.8064959405073402
2605,corrected_richness,10,1,0.02748633611151034
2605,shannon,10,1,0.02748633611151034
2605,inv_simpson,10,1,0.02748633611151034
2605,trait_volume,-10,-1,0.02748633611151034
2605,trait_dispersion,-10,-1,0.02748633611151034
2605,rao_q,-10,-1,0.02748633611151034
2605,feve,10,1,0.02748633611151034
2605,fdiv,8,0.8,0.08641073297370003
2606,corrected_richness,10,1,0.02748633611151034
2606,shannon,10,1,0.02748633611151034
2606,inv_simpson,10,1,0.02748633611151034
2606,trait_volume,-10,-1,0.02748633611151034
2606,trait_dispersion,-10,-1,0.02748633611151034
2606,rao_q,-10,-1,0.02748633611151034
2606,feve,10,1,0.02748633611151034
2606,fdiv,8,0.8,0.08641073297370003
2607,corrected_richness,10,1,0.02748633611151034
2607,shannon,10,1,0.02748633611151034
2607,inv_simpson,10,1,0.02748633611151034
2607,trait_volume,-10,-1,0.02748633611151034
2607,trait_dispersion,-10,-1,0.02748633611151034
2607,rao_q,-10,-1,0.02748633611151034
2607,feve,10,1,0.02748633611151034
2607,fdiv,8,0.8,0.08641073297370003
2608,corrected_richness,10,1,0.02748633611151034
2608,shannon,10,1,0.02748633611151034
2608,inv_simpson,10,1,0.02748633611151034
2608,trait_volume,-10,-1,0.02748633611151034
2608,trait_dispersion,-10,-1,0.02748633611151034
2608,rao_q,-10,-1,0.02748633611151034
2608,feve,10,1,0.02748633611151034
2608,fdiv,8,0.8,0.08641073297370003
2609,corrected_richness,10,1,0.02748633611151034
2609,shannon,10,1,0.02748633611151034
2609,inv_simpson,10,1,0.02748633611151034
2609,trait_volume,-10,-1,0.02748633611151034
2609,trait_dispersion,-10,-1,0.02748633611151034
2609,rao_q,-10,-1,0.02748633611151034
2609,feve,10,1,0.02748633611151034
2609,fdiv,10,1,0.02748633611151034
2610,corrected_richness,10,1,0.02748633611151034
2610,shannon,10,1,0.02748633611151034
2610,inv_simpson,10,1,0.02748633611151034
2610,trait_volume,-10,-1,0.02748633611151034
2610,trait_dispersion,-10,-1,0.02748633611151034
2610,rao_q,-10,-1,0.02748633611151034
2610,feve,10,1,0.02748633611151034
2610,fdiv,10,1,0.02748633611151034
2611,corrected_richness,10,1,0.02748633611151034
2611,shannon,10,1,0.02748633611151034
2611,inv_simpson,10,1,0.02748633611151034
2611,trait_volume,-10,-1,0.02748633611151034
2611,trait_dispersion,-10,-1,0.02748633611151034
2611,rao_q,-10,-1,0.02748633611151034
2611,feve,10,1,0.02748633611151034
2611,fdiv,10,1,0.02748633611151034
2612,corrected_richness,10,1,0.02748633611151034
2612,shannon,10,1,0.02748633611151034
2612,inv_simpson,10,1,0.02748633611151034
2612,trait_volume,-10,-1,0.02748633611151034
2612,trait_dispersion,-10,-1,0.02748633611151034
2612,rao_q,-10,-1,0.02748633611151034
2612,feve,10,1,0.02748633611151034
2612,fdiv,10,1,0.02748633611151034
2613,corrected_richness,10,1,0.02748633611151034
2613,shannon,10,1,0.02748633611151034
2613,inv_simpson,10,1,0.02748633611151034
2613,trait_volume,-10,-1,0.02748633611151034
2613,trait_dispersion,-10,-1,0.02748633611151034
2613,rao_q,-10,-1,0.02748633611151034
2613,feve,10,1,0.02748633611151034
2613,fdiv,10,1,0.02748633611151034
2614,corrected_richness,10,1,0.02748633611151034
2614,shannon,10,1,0.02748633611151034
2614,inv_simpson,10,1,0.02748633611151034
2614,trait_volume,-10,-1,0.02748633611151034
2614,trait_dispersion,-10,-1,0.02748633611151034
2614,rao_q,-10,-1,0.02748633611151034
2614,feve,10,1,0.02748633611151034
2614,fdiv,10,1,0.02748633611151034
2615,corrected_richness,10,1,0.02748633611151034
2615,shannon,10,1,0.02748633611151034
2615,inv_simpson,10,1,0.02748633611151034
2615,trait_volume,-10,-1,0.02748633611151034
2615,trait_dispersion,-10,-1,0.02748633611151034
2615,rao_q,-10,-1,0.02748633611151034
2615,feve,10,1,0.02748633611151034
2615,fdiv,10,1,0.02748633611151034
2616,corrected_richness,10,1,0.02748633611151034
2616,shannon,10,1,0.02748633611151034
2616,inv_simpson,10,1,0.02748633611151034
2616,trait_volume,-10,-1,0.02748633611151034
2616,trait_dispersion,-10,-1,0.02748633611151034
2616,rao_q,-10,-1,0.02748633611151034
2616,feve,10,1,0.02748633611151034
2616,fdiv,10,1,0.02748633611151034
2617,corrected_richness,10,1,0.02748633611151034
2617,shannon,10,1,0.02748633611151034
2617,inv_simpson,10,1,0.02748633611151034
2617,trait_volume,-10,-1,0.02748633611151034
2617,trait_dispersion,-10,-1,0.02748633611151034
2617,rao_q,-10,-1,0.02748633611151034
2617,feve,10,1,0.02748633611151034
2617,fdiv,10,1,0.02748633611151034
2618,corrected_richness,10,1,0.02748633611151034
2618,shannon,10,1,0.02748633611151034
2618,inv_simpson,10,1,0.02748633611151034
2618,trait_volume,-10,-1,0.02748633611151034
2618,trait_dispersion,-10,-1,0.02748633611151034
2618,rao_q,-10,-1,0.02748633611151034
2618,feve,10,1,0.02748633611151034
2618,fdiv,10,1,0.02748633611151034
2619,corrected_richness,10,1,0.02748633611151034
2619,shannon,10,1,0.02748633611151034
2619,inv_simpson,10,1,0.02748633611151034
2619,trait_volume,-10,-1,0.02748633611151034
2619,trait_dispersion,-10,-1,0.02748633611151034
2619,rao_q,-10,-1,0.02748633611151034
2619,feve,10,1,0.02748633611151034
2619,fdiv,10,1,0.02748633611151034
2620,corrected_richness,10,1,0.02748633611151034
2620,shannon,10,1,0.02748633611151034
2620,inv_simpson,10,1,0.02748633611151034
2620,trait_volume,-10,-1,0.02748633611151034
2620,trait_dispersion,-10,-1,0.02748633611151034
2620,rao_q,-10,-1,0.02748633611151034
2620,feve,10,1,0.02748633611151034
2620,fdiv,10,1,0.02748633611151034
2621,corrected_richness,10,1,0.02748633611151034
2621,shannon,10,1,0.02748633611151034
2621,inv_simpson,10,1,0.02748633611151034
2621,trait_volume,-10,-1,0.02748633611151034
2621,trait_dispersion,-10,-1,0.02748633611151034
2621,rao_q,-10,-1,0.02748633611151034
2621,feve,10,1,0.02748633611151034
2621,fdiv,10,1,0.02748633611151034
2622,corrected_richness,10,1,0.02748633611151034
2622,shannon,10,1,0.02748633611151034
2622,inv_simpson,10,1,0.02748633611151034
2622,trait_volume,-10,-1,0.02748633611151034
2622,trait_dispersion,-10,-1,0.02748633611151034
2622,rao_q,-10,-1,0.02748633611151034
2622,feve,10,1,0.02748633611151034
2622,fdiv,10,1,0.02748633611151034
2623,corrected_richness,10,1,0.02748633611151034
2623,shannon,10,1,0.02748633611151034
2623,inv_simpson,10,1,0.02748633611151034
2623,trait_volume,-10,-1,0.02748633611151034
2623,trait_dispersion,-10,-1,0.02748633611151034
2623,rao_q,-10,-1,0.02748633611151034
2623,feve,10,1,0.02748633611151034
2623,fdiv,10,1,0.02748633611151034
2624,corrected_richness,10,1,0.02748633611151034
2624,shannon,10,1,0.02748633611151034
2624,inv_simpson,10,1,0.02748633611151034
2624,trait_volume,-10,-1,0.02748633611151034
2624,trait_dispersion,-10,-1,0.02748633611151034
2624,rao_q,-10,-1,0.02748633611151034
2624,feve,10,1,0.02748633611151034
2624,fdiv,10,1,0.02748633611151034
2625,corrected_richness,10,1,0.02748633611151034
2625,shannon,10,1,0.02748633611151034
2625,inv_simpson,10,1,0.02748633611151034
2625,trait_volume,-10,-1,0.02748633611151034
2625,trait_dispersion,-10,-1,0.02748633611151034
2625,rao_q,-10,-1,0.02748633611151034
2625,feve,10,1,0.02748633611151034
2625,fdiv,10,1,0.02748633611151034
2626,corrected_richness,10,1,0.02748633611151034
2626,shannon,10,1,0.02748633611151034
2626,inv_simpson,10,1,0.02748633611151034
2626,trait_volume,-10,-1,0.02748633611151034
2626,trait_dispersion,-10,-1,0.02748633611151034
2626,rao_q,-10,-1,0.02748633611151034
2626,feve,10,1,0.02748633611151034
2626,fdiv,10,1,0.02748633611151034
2627,corrected_richness,10,1,0.02748633611151034
2627,shannon,10,1,0.02748633611151034
2627,inv_simpson,10,1,0.02748633611151034
2627,trait_volume,-10,-1,0.02748633611151034
2627,trait_dispersion,-8,-0.8,0.08641073297370003
2627,rao_q,-10,-1,0.02748633611151034
2627,feve,10,1,0.02748633611151034
2627,fdiv,10,1,0.02748633611151034
2628,corrected_richness,10,1,0.02748633611151034
2628,shannon,10,1,0.02748633611151034
2628,inv_simpson,10,1,0.02748633611151034
2628,trait_volume,-8,-0.8,0.08641073297370003
2628,trait_dispersion,-6,-0.6,0.2206713619198468
2628,rao_q,-10,-1,0.02748633611151034
2628,feve,10,1,0.02748633611151034
2628,fdiv,10,1,0.02748633611151034
2629,corrected_richness,10,1,0.02748633611151034
2629,shannon,10,1,0.02748633611151034
2629,inv_simpson,10,1,0.02748633611151034
2629,trait_volume,-8,-0.8,0.08641073297370003
2629,trait_dispersion,-4,-0.4,0.4624327264504763
2629,rao_q,-10,-1,0.02748633611151034
2629,feve,10,1,0.02748633611151034
2629,fdiv,10,1,0.02748633611151034
2630,corrected_richness,10,1,0.02748633611151034
2630,shannon,10,1,0.02748633611151034
2630,inv_simpson,10,1,0.02748633611151034
2630,trait_volume,-8,-0.8,0.08641073297370003
2630,trait_dispersion,-2,-0.2,0.8064959405073402
2630,rao_q,-8,-0.8,0.08641073297370003
2630,feve,10,1,0.02748633611151034
2630,fdiv,10,1,0.02748633611151034
2631,corrected_richness,10,1,0.02748633611151034
2631,shannon,10,1,0.02748633611151034
2631,inv_simpson,10,1,0.02748633611151034
2631,trait_volume,-6,-0.6,0.2206713619198468
2631,trait_dispersion,-2,-0.2,0.8064959405073402
2631,rao_q,-8,-0.8,0.08641073297370003
2631,feve,10,1,0.02748633611151034
2631,fdiv,8,0.8,0.08641073297370003
2632,corrected_richness,10,1,0.02748633611151034
2632,shannon,10,1,0.02748633611151034
2632,inv_simpson,10,1,0.02748633611151034
2632,trait_volume,-6,-0.6,0.2206713619198468
2632,trait_dispersion,-2,-0.2,0.8064959405073402
2632,rao_q,-6,-0.6,0.2206713619198468
2632,feve,10,1,0.02748633611151034
2632,fdiv,8,0.8,0.08641073297370003
2633,corrected_richness,10,1,0.02748633611151034
2633,shannon,10,1,0.02748633611151034
2633,inv_simpson,10,1,0.02748633611151034
2633,trait_volume,-4,-0.4,0.4624327264504763
2633,trait_dispersion,-2,-0.2,0.8064959405073402
2633,rao_q,-6,-0.6,0.2206713619198468
2633,feve,10,1,0.02748633611151034
2633,fdiv,6,0.6,0.2206713619198468
2634,corrected_richness,10,1,0.02748633611151034
2634,shannon,10,1,0.02748633611151034
2634,inv_simpson,10,1,0.02748633611151034
2634,trait_volume,-4,-0.4,0.4624327264504763
2634,trait_dispersion,0,0,1
2634,rao_q,-4,-0.4,0.4624327264504763
2634,feve,10,1,0.02748633611151034
2634,fdiv,6,0.6,0.2206713619198468
2635,corrected_richness,10,1,0.02748633611151034
2635,shannon,10,1,0.02748633611151034
2635,inv_simpson,10,1,0.02748633611151034
2635,trait_volume,-4,-0.4,0.4624327264504763
2635,trait_dispersion,2,0.2,0.8064959405073402
2635,rao_q,-4,-0.4,0.4624327264504763
2635,feve,10,1,0.02748633611151034
2635,fdiv,6,0.6,0.2206713619198468
2636,corrected_richness,10,1,0.02748633611151034
2636,shannon,10,1,0.02748633611151034
2636,inv_simpson,10,1,0.02748633611151034
2636,trait_volume,2,0.2,0.8064959405073402
2636,trait_dispersion,2,0.2,0.8064959405073402
2636,rao_q,-2,-0.2,0.8064959405073402
2636,feve,10,1,0.02748633611151034
2636,fdiv,6,0.6,0.2206713619198468
2637,corrected_richness,10,1,0.02748633611151034
2637,shannon,10,1,0.02748633611151034
2637,inv_simpson,10,1,0.02748633611151034
2637,trait_volume,2,0.2,0.8064959405073402
2637,trait_dispersion,4,0.4,0.4624327264504763
2637,rao_q,-2,-0.2,0.8064959405073402
2637,feve,10,1,0.02748633611151034
2637,fdiv,6,0.6,0.2206713619198468
2638,corrected_richness,10,1,0.02748633611151034
2638,shannon,10,1,0.02748633611151034
2638,inv_simpson,10,1,0.02748633611151034
2638,trait_volume,2,0.2,0.8064959405073402
2638,trait_dispersion,4,0.4,0.4624327264504763
2638,rao_q,0,0,1
2638,feve,10,1,0.02748633611151034
2638,fdiv,6,0.6,0.2206713619198468
2639,corrected_richness,10,1,0.02748633611151034
2639,shannon,10,1,0.02748633611151034
2639,inv_simpson,10,1,0.02748633611151034
2639,trait_volume,2,0.2,0.8064959405073402
2639,trait_dispersion,4,0.4,0.4624327264504763
2639,rao_q,0,0,1
2639,feve,10,1,0.02748633611151034
2639,fdiv,6,0.6,0.2206713619198468
2640,corrected_richness,10,1,0.02748633611151034
2640,shannon,10,1,0.02748633611151034
2640,inv_simpson,10,1,0.02748633611151034
2640,trait_volume,2,0.2,0.8064959405073402
2640,trait_dispersion,4,0.4,0.4624327264504763
2640,rao_q,0,0,1
2640,feve,10,1,0.02748633611151034
2640,fdiv,6,0.6,0.2206713619198468
2641,corrected_richness,10,1,0.02748633611151034
2641,shannon,10,1,0.02748633611151034
2641,inv_simpson,10,1,0.02748633611151034
2641,trait_volume,2,0.2,0.8064959405073402
2641,trait_dispersion,4,0.4,0.4624327264504763
2641,rao_q,-4,-0.4,0.4624327264504763
2641,feve,10,1,0.02748633611151034
2641,fdiv,6,0.6,0.2206713619198468
2642,corrected_richness,10,1,0.02748633611151034
2642,shannon,10,1,0.02748633611151034
2642,inv_simpson,10,1,0.02748633611151034
2642,trait_volume,2,0.2,0.8064959405073402
2642,trait_dispersion,4,0.4,0.4624327264504763
2642,rao_q,-4,-0.4,0.4624327264504763
2642,feve,10,1,0.02748633611151034
2642,fdiv,6,0.6,0.2206713619198468
2643,corrected_richness,10,1,0.02748633611151034
2643,shannon,10,1,0.02748633611151034
2643,inv_simpson,10,1,0.02748633611151034
2643,trait_volume,2,0.2,0.8064959405073402
2643,trait_dispersion,4,0.4,0.4624327264504763
2643,rao_q,-4,-0.4,0.4624327264504763
2643,feve,10,1,0.02748633611151034
2643,fdiv,6,0.6,0.2206713619198468
2644,corrected_richness,10,1,0.02748633611151034
2644,shannon,10,1,0.02748633611151034
2644,inv_simpson,10,1,0.02748633611151034
2644,trait_volume,-2,-0.2,0.8064959405073402
2644,trait_dispersion,4,0.4,0.4624327264504763
2644,rao_q,-6,-0.6,0.2206713619198468
2644,feve,10,1,0.02748633611151034
2644,fdiv,6,0.6,0.2206713619198468
2645,corrected_richness,10,1,0.02748633611151034
2645,shannon,10,1,0.02748633611151034
2645,inv_simpson,10,1,0.02748633611151034
2645,trait_volume,-2,-0.2,0.8064959405073402
2645,trait_dispersion,4,0.4,0.4624327264504763
2645,rao_q,-6,-0.6,0.2206713619198468
2645,feve,10,1,0.02748633611151034
2645,fdiv,6,0.6,0.2206713619198468
2646,corrected_richness,10,1,0.02748633611151034
2646,shannon,10,1,0.02748633611151034
2646,inv_simpson,10,1,0.02748633611151034
2646,trait_volume,-4,-0.4,0.4624327264504763
2646,trait_dispersion,4,0.4,0.4624327264504763
2646,rao_q,-6,-0.6,0.2206713619198468
2646,feve,10,1,0.02748633611151034
2646,fdiv,6,0.6,0.2206713619198468
2647,corrected_richness,10,1,0.02748633611151034
2647,shannon,10,1,0.02748633611151034
2647,inv_simpson,10,1,0.02748633611151034
2647,trait_volume,-4,-0.4,0.4624327264504763
2647,trait_dispersion,4,0.4,0.4624327264504763
2647,rao_q,-6,-0.6,0.2206713619198468
2647,feve,10,1,0.02748633611151034
2647,fdiv,2,0.2,0.8064959405073402
2648,corrected_richness,10,1,0.02748633611151034
2648,shannon,10,1,0.02748633611151034
2648,inv_simpson,10,1,0.02748633611151034
2648,trait_volume,-4,-0.4,0.4624327264504763
2648,trait_dispersion,4,0.4,0.4624327264504763
2648,rao_q,-6,-0.6,0.2206713619198468
2648,feve,10,1,0.02748633611151034
2648,fdiv,2,0.2,0.8064959405073402
2678,corrected_richness,10,1,0.02748633611151034
2678,shannon,10,1,0.02748633611151034
2678,inv_simpson,10,1,0.02748633611151034
2678,trait_volume,-10,-1,0.02748633611151034
2678,trait_dispersion,-10,-1,0.02748633611151034
2678,rao_q,-10,-1,0.02748633611151034
2678,feve,10,1,0.02748633611151034
2678,fdiv,8,0.8,0.08641073297370003
2679,corrected_richness,10,1,0.02748633611151034
2679,shannon,10,1,0.02748633611151034
2679,inv_simpson,10,1,0.02748633611151034
2679,trait_volume,-10,-1,0.02748633611151034
2679,trait_dispersion,-10,-1,0.02748633611151034
2679,rao_q,-10,-1,0.02748633611151034
2679,feve,10,1,0.02748633611151034
2679,fdiv,8,0.8,0.08641073297370003
2680,corrected_richness,10,1,0.02748633611151034
2680,shannon,10,1,0.02748633611151034
2680,inv_simpson,10,1,0.02748633611151034
2680,trait_volume,-10,-1,0.02748633611151034
2680,trait_dispersion,-10,-1,0.02748633611151034
2680,rao_q,-10,-1,0.02748633611151034
2680,feve,10,1,0.02748633611151034
2680,fdiv,8,0.8,0.08641073297370003
2681,corrected_richness,10,1,0.02748633611151034
2681,shannon,10,1,0.02748633611151034
2681,inv_simpson,10,1,0.02748633611151034
2681,trait_volume,-10,-1,0.02748633611151034
2681,trait_dispersion,-10,-1,0.02748633611151034
2681,rao_q,-10,-1,0.02748633611151034
2681,feve,10,1,0.02748633611151034
2681,fdiv,8,0.8,0.08641073297370003
2682,corrected_richness,10,1,0.02748633611151034
2682,shannon,10,1,0.02748633611151034
2682,inv_simpson,10,1,0.02748633611151034
2682,trait_volume,-10,-1,0.02748633611151034
2682,trait_dispersion,-10,-1,0.02748633611151034
2682,rao_q,-10,-1,0.02748633611151034
2682,feve,10,1,0.02748633611151034
2682,fdiv,10,1,0.02748633611151034
2683,corrected_richness,10,1,0.02748633611151034
2683,shannon,10,1,0.02748633611151034
2683,inv_simpson,10,1,0.02748633611151034
2683,trait_volume,-10,-1,0.02748633611151034
2683,trait_dispersion,-10,-1,0.02748633611151034
2683,rao_q,-10,-1,0.02748633611151034
2683,feve,10,1,0.02748633611151034
2683,fdiv,10,1,0.02748633611151034
2684,corrected_richness,10,1,0.02748633611151034
2684,shannon,10,1,0.02748633611151034
2684,inv_simpson,10,1,0.02748633611151034
2684,trait_volume,-10,-1,0.02748633611151034
2684,trait_dispersion,-10,-1,0.02748633611151034
2684,rao_q,-10,-1,0.02748633611151034
2684,feve,10,1,0.02748633611151034
2684,fdiv,10,1,0.02748633611151034
2685,corrected_richness,10,1,0.02748633611151034
2685,shannon,10,1,0.02748633611151034
2685,inv_simpson,10,1,0.02748633611151034
2685,trait_volume,-10,-1,0.02748633611151034
2685,trait_dispersion,-10,-1,0.02748633611151034
2685,rao_q,-10,-1,0.02748633611151034
2685,feve,10,1,0.02748633611151034
2685,fdiv,10,1,0.02748633611151034
2686,corrected_richness,10,1,0.02748633611151034
2686,shannon,10,1,0.02748633611151034
2686,inv_simpson,10,1,0.02748633611151034
2686,trait_volume,-10,-1,0.02748633611151034
2686,trait_dispersion,-10,-1,0.02748633611151034
2686,rao_q,-10,-1,0.02748633611151034
2686,feve,10,1,0.02748633611151034
2686,fdiv,10,1,0.02748633611151034
2687,corrected_richness,10,1,0.02748633611151034
2687,shannon,10,1,0.02748633611151034
2687,inv_simpson,10,1,0.02748633611151034
2687,trait_volume,-10,-1,0.02748633611151034
2687,trait_dispersion,-10,-1,0.02748633611151034
2687,rao_q,-10,-1,0.02748633611151034
2687,feve,10,1,0.02748633611151034
2687,fdiv,10,1,0.02748633611151034
2688,corrected_richness,10,1,0.02748633611151034
2688,shannon,10,1,0.02748633611151034
2688,inv_simpson,10,1,0.02748633611151034
2688,trait_volume,-10,-1,0.02748633611151034
2688,trait_dispersion,-10,-1,0.02748633611151034
2688,rao_q,-10,-1,0.02748633611151034
2688,feve,10,1,0.02748633611151034
2688,fdiv,10,1,0.02748633611151034
2689,corrected_richness,10,1,0.02748633611151034
2689,shannon,10,1,0.02748633611151034
2689,inv_simpson,10,1,0.02748633611151034
2689,trait_volume,-10,-1,0.02748633611151034
2689,trait_dispersion,-10,-1,0.02748633611151034
2689,rao_q,-10,-1,0.02748633611151034
2689,feve,10,1,0.02748633611151034
2689,fdiv,10,1,0.02748633611151034
2691,corrected_richness,10,1,0.02748633611151034
2691,shannon,10,1,0.02748633611151034
2691,inv_simpson,10,1,0.02748633611151034
2691,trait_volume,-10,-1,0.02748633611151034
2691,trait_dispersion,-10,-1,0.02748633611151034
2691,rao_q,-10,-1,0.02748633611151034
2691,feve,10,1,0.02748633611151034
2691,fdiv,10,1,0.02748633611151034
2692,corrected_richness,10,1,0.02748633611151034
2692,shannon,10,1,0.02748633611151034
2692,inv_simpson,10,1,0.02748633611151034
2692,trait_volume,-10,-1,0.02748633611151034
2692,trait_dispersion,-10,-1,0.02748633611151034
2692,rao_q,-10,-1,0.02748633611151034
2692,feve,10,1,0.02748633611151034
2692,fdiv,10,1,0.02748633611151034
2693,corrected_richness,10,1,0.02748633611151034
2693,shannon,10,1,0.02748633611151034
2693,inv_simpson,10,1,0.02748633611151034
2693,trait_volume,-10,-1,0.02748633611151034
2693,trait_dispersion,-10,-1,0.02748633611151034
2693,rao_q,-10,-1,0.02748633611151034
2693,feve,10,1,0.02748633611151034
2693,fdiv,10,1,0.02748633611151034
2694,corrected_richness,10,1,0.02748633611151034
2694,shannon,10,1,0.02748633611151034
2694,inv_simpson,10,1,0.02748633611151034
2694,trait_volume,-10,-1,0.02748633611151034
2694,trait_dispersion,-10,-1,0.02748633611151034
2694,rao_q,-10,-1,0.02748633611151034
2694,feve,10,1,0.02748633611151034
2694,fdiv,10,1,0.02748633611151034
2695,corrected_richness,10,1,0.02748633611151034
2695,shannon,10,1,0.02748633611151034
2695,inv_simpson,10,1,0.02748633611151034
2695,trait_volume,-10,-1,0.02748633611151034
2695,trait_dispersion,-10,-1,0.02748633611151034
2695,rao_q,-10,-1,0.02748633611151034
2695,feve,10,1,0.02748633611151034
2695,fdiv,10,1,0.02748633611151034
2696,corrected_richness,10,1,0.02748633611151034
2696,shannon,10,1,0.02748633611151034
2696,inv_simpson,10,1,0.02748633611151034
2696,trait_volume,-10,-1,0.02748633611151034
2696,trait_dispersion,-10,-1,0.02748633611151034
2696,rao_q,-10,-1,0.02748633611151034
2696,feve,10,1,0.02748633611151034
2696,fdiv,10,1,0.02748633611151034
2697,corrected_richness,10,1,0.02748633611151034
2697,shannon,10,1,0.02748633611151034
2697,inv_simpson,10,1,0.02748633611151034
2697,trait_volume,-10,-1,0.02748633611151034
2697,trait_dispersion,-10,-1,0.02748633611151034
2697,rao_q,-10,-1,0.02748633611151034
2697,feve,10,1,0.02748633611151034
2697,fdiv,10,1,0.02748633611151034
2698,corrected_richness,10,1,0.02748633611151034
2698,shannon,10,1,0.02748633611151034
2698,inv_simpson,10,1,0.02748633611151034
2698,trait_volume,-10,-1,0.02748633611151034
2698,trait_dispersion,-8,-0.8,0.08641073297370003
2698,rao_q,-10,-1,0.02748633611151034
2698,feve,10,1,0.02748633611151034
2698,fdiv,10,1,0.02748633611151034
2699,corrected_richness,10,1,0.02748633611151034
2699,shannon,10,1,0.02748633611151034
2699,inv_simpson,10,1,0.02748633611151034
2699,trait_volume,-8,-0.8,0.08641073297370003
2699,trait_dispersion,-6,-0.6,0.2206713619198468
2699,rao_q,-10,-1,0.02748633611151034
2699,feve,10,1,0.02748633611151034
2699,fdiv,10,1,0.02748633611151034
2700,corrected_richness,10,1,0.02748633611151034
2700,shannon,10,1,0.02748633611151034
2700,inv_simpson,10,1,0.02748633611151034
2700,trait_volume,-8,-0.8,0.08641073297370003
2700,trait_dispersion,-4,-0.4,0.4624327264504763
2700,rao_q,-10,-1,0.02748633611151034
2700,feve,10,1,0.02748633611151034
2700,fdiv,10,1,0.02748633611151034
2701,corrected_richness,10,1,0.02748633611151034
2701,shannon,10,1,0.02748633611151034
2701,inv_simpson,10,1,0.02748633611151034
2701,trait_volume,-6,-0.6,0.2206713619198468
2701,trait_dispersion,-2,-0.2,0.8064959405073402
2701,rao_q,-8,-0.8,0.08641073297370003
2701,feve,10,1,0.02748633611151034
2701,fdiv,10,1,0.02748633611151034
2702,corrected_richness,10,1,0.02748633611151034
2702,shannon,10,1,0.02748633611151034
2702,inv_simpson,10,1,0.02748633611151034
2702,trait_volume,-6,-0.6,0.2206713619198468
2702,trait_dispersion,-2,-0.2,0.8064959405073402
2702,rao_q,-8,-0.8,0.08641073297370003
2702,feve,10,1,0.02748633611151034
2702,fdiv,10,1,0.02748633611151034
2703,corrected_richness,10,1,0.02748633611151034
2703,shannon,10,1,0.02748633611151034
2703,inv_simpson,10,1,0.02748633611151034
2703,trait_volume,-4,-0.4,0.4624327264504763
2703,trait_dispersion,-2,-0.2,0.8064959405073402
2703,rao_q,-6,-0.6,0.2206713619198468
2703,feve,10,1,0.02748633611151034
2703,fdiv,10,1,0.02748633611151034
2704,corrected_richness,10,1,0.02748633611151034
2704,shannon,10,1,0.02748633611151034
2704,inv_simpson,10,1,0.02748633611151034
2704,trait_volume,-4,-0.4,0.4624327264504763
2704,trait_dispersion,0,0,1
2704,rao_q,-6,-0.6,0.2206713619198468
2704,feve,10,1,0.02748633611151034
2704,fdiv,8,0.8,0.08641073297370003
2705,corrected_richness,10,1,0.02748633611151034
2705,shannon,10,1,0.02748633611151034
2705,inv_simpson,10,1,0.02748633611151034
2705,trait_volume,-4,-0.4,0.4624327264504763
2705,trait_dispersion,2,0.2,0.8064959405073402
2705,rao_q,-4,-0.4,0.4624327264504763
2705,feve,10,1,0.02748633611151034
2705,fdiv,8,0.8,0.08641073297370003
2706,corrected_richness,10,1,0.02748633611151034
2706,shannon,10,1,0.02748633611151034
2706,inv_simpson,10,1,0.02748633611151034
2706,trait_volume,-2,-0.2,0.8064959405073402
2706,trait_dispersion,2,0.2,0.8064959405073402
2706,rao_q,-4,-0.4,0.4624327264504763
2706,feve,10,1,0.02748633611151034
2706,fdiv,8,0.8,0.08641073297370003
2707,corrected_richness,10,1,0.02748633611151034
2707,shannon,10,1,0.02748633611151034
2707,inv_simpson,10,1,0.02748633611151034
2707,trait_volume,4,0.4,0.4624327264504763
2707,trait_dispersion,2,0.2,0.8064959405073402
2707,rao_q,-2,-0.2,0.8064959405073402
2707,feve,10,1,0.02748633611151034
2707,fdiv,8,0.8,0.08641073297370003
2708,corrected_richness,10,1,0.02748633611151034
2708,shannon,10,1,0.02748633611151034
2708,inv_simpson,10,1,0.02748633611151034
2708,trait_volume,4,0.4,0.4624327264504763
2708,trait_dispersion,4,0.4,0.4624327264504763
2708,rao_q,0,0,1
2708,feve,10,1,0.02748633611151034
2708,fdiv,8,0.8,0.08641073297370003
2709,corrected_richness,10,1,0.02748633611151034
2709,shannon,10,1,0.02748633611151034
2709,inv_simpson,10,1,0.02748633611151034
2709,trait_volume,4,0.4,0.4624327264504763
2709,trait_dispersion,4,0.4,0.4624327264504763
2709,rao_q,2,0.2,0.8064959405073402
2709,feve,10,1,0.02748633611151034
2709,fdiv,8,0.8,0.08641073297370003
2710,corrected_richness,10,1,0.02748633611151034
2710,shannon,10,1,0.02748633611151034
2710,inv_simpson,10,1,0.02748633611151034
2710,trait_volume,2,0.2,0.8064959405073402
2710,trait_dispersion,4,0.4,0.4624327264504763
2710,rao_q,2,0.2,0.8064959405073402
2710,feve,10,1,0.02748633611151034
2710,fdiv,8,0.8,0.08641073297370003
2711,corrected_richness,10,1,0.02748633611151034
2711,shannon,10,1,0.02748633611151034
2711,inv_simpson,10,1,0.02748633611151034
2711,trait_volume,2,0.2,0.8064959405073402
2711,trait_dispersion,4,0.4,0.4624327264504763
2711,rao_q,0,0,1
2711,feve,10,1,0.02748633611151034
2711,fdiv,8,0.8,0.08641073297370003
2712,corrected_richness,10,1,0.02748633611151034
2712,shannon,10,1,0.02748633611151034
2712,inv_simpson,10,1,0.02748633611151034
2712,trait_volume,2,0.2,0.8064959405073402
2712,trait_dispersion,4,0.4,0.4624327264504763
2712,rao_q,0,0,1
2712,feve,10,1,0.02748633611151034
2712,fdiv,8,0.8,0.08641073297370003
2713,corrected_richness,10,1,0.02748633611151034
2713,shannon,10,1,0.02748633611151034
2713,inv_simpson,10,1,0.02748633611151034
2713,trait_volume,2,0.2,0.8064959405073402
2713,trait_dispersion,4,0.4,0.4624327264504763
2713,rao_q,-4,-0.4,0.4624327264504763
2713,feve,10,1,0.02748633611151034
2713,fdiv,8,0.8,0.08641073297370003
2714,corrected_richness,10,1,0.02748633611151034
2714,shannon,10,1,0.02748633611151034
2714,inv_simpson,10,1,0.02748633611151034
2714,trait_volume,2,0.2,0.8064959405073402
2714,trait_dispersion,4,0.4,0.4624327264504763
2714,rao_q,-4,-0.4,0.4624327264504763
2714,feve,10,1,0.02748633611151034
2714,fdiv,6,0.6,0.2206713619198468
2715,corrected_richness,10,1,0.02748633611151034
2715,shannon,10,1,0.02748633611151034
2715,inv_simpson,10,1,0.02748633611151034
2715,trait_volume,2,0.2,0.8064959405073402
2715,trait_dispersion,4,0.4,0.4624327264504763
2715,rao_q,-6,-0.6,0.2206713619198468
2715,feve,10,1,0.02748633611151034
2715,fdiv,6,0.6,0.2206713619198468
2716,corrected_richness,10,1,0.02748633611151034
2716,shannon,10,1,0.02748633611151034
2716,inv_simpson,10,1,0.02748633611151034
2716,trait_volume,-2,-0.2,0.8064959405073402
2716,trait_dispersion,4,0.4,0.4624327264504763
2716,rao_q,-6,-0.6,0.2206713619198468
2716,feve,10,1,0.02748633611151034
2716,fdiv,6,0.6,0.2206713619198468
2717,corrected_richness,10,1,0.02748633611151034
2717,shannon,10,1,0.02748633611151034
2717,inv_simpson,10,1,0.02748633611151034
2717,trait_volume,-4,-0.4,0.4624327264504763
2717,trait_dispersion,4,0.4,0.4624327264504763
2717,rao_q,-6,-0.6,0.2206713619198468
2717,feve,10,1,0.02748633611151034
2717,fdiv,6,0.6,0.2206713619198468
2718,corrected_richness,10,1,0.02748633611151034
2718,shannon,10,1,0.02748633611151034
2718,inv_simpson,10,1,0.02748633611151034
2718,trait_volume,-4,-0.4,0.4624327264504763
2718,trait_dispersion,4,0.4,0.4624327264504763
2718,rao_q,-6,-0.6,0.2206713619198468
2718,feve,10,1,0.02748633611151034
2718,fdiv,6,0.6,0.2206713619198468
2719,corrected_richness,10,1,0.02748633611151034
2719,shannon,10,1,0.02748633611151034
2719,inv_simpson,10,1,0.02748633611151034
2719,trait_volume,-4,-0.4,0.4624327264504763
2719,trait_dispersion,4,0.4,0.4624327264504763
2719,rao_q,-6,-0.6,0.2206713619198468
2719,feve,10,1,0.02748633611151034
2719,fdiv,4,0.4,0.4624327264504763
2750,corrected_richness,10,1,0.02748633611151034
2750,shannon,10,1,0.02748633611151034
2750,inv_simpson,10,1,0.02748633611151034
2750,trait_volume,-10,-1,0.02748633611151034
2750,trait_dispersion,-10,-1,0.02748633611151034
2750,rao_q,-10,-1,0.02748633611151034
2750,feve,10,1,0.02748633611151034
2750,fdiv,8,0.8,0.08641073297370003
2751,corrected_richness,10,1,0.02748633611151034
2751,shannon,10,1,0.02748633611151034
2751,inv_simpson,10,1,0.02748633611151034
2751,trait_volume,-10,-1,0.02748633611151034
2751,trait_dispersion,-10,-1,0.02748633611151034
2751,rao_q,-10,-1,0.02748633611151034
2751,feve,10,1,0.02748633611151034
2751,fdiv,8,0.8,0.08641073297370003
2752,corrected_richness,10,1,0.02748633611151034
2752,shannon,10,1,0.02748633611151034
2752,inv_simpson,10,1,0.02748633611151034
2752,trait_volume,-10,-1,0.02748633611151034
2752,trait_dispersion,-10,-1,0.02748633611151034
2752,rao_q,-10,-1,0.02748633611151034
2752,feve,10,1,0.02748633611151034
2752,fdiv,8,0.8,0.08641073297370003
2753,corrected_richness,10,1,0.02748633611151034
2753,shannon,10,1,0.02748633611151034
2753,inv_simpson,10,1,0.02748633611151034
2753,trait_volume,-10,-1,0.02748633611151034
2753,trait_dispersion,-10,-1,0.02748633611151034
2753,rao_q,-10,-1,0.02748633611151034
2753,feve,10,1,0.02748633611151034
2753,fdiv,8,0.8,0.08641073297370003
2755,corrected_richness,10,1,0.02748633611151034
2755,shannon,10,1,0.02748633611151034
2755,inv_simpson,10,1,0.02748633611151034
2755,trait_volume,-10,-1,0.02748633611151034
2755,trait_dispersion,-10,-1,0.02748633611151034
2755,rao_q,-10,-1,0.02748633611151034
2755,feve,10,1,0.02748633611151034
2755,fdiv,10,1,0.02748633611151034
2756,corrected_richness,10,1,0.02748633611151034
2756,shannon,10,1,0.02748633611151034
2756,inv_simpson,10,1,0.02748633611151034
2756,trait_volume,-10,-1,0.02748633611151034
2756,trait_dispersion,-10,-1,0.02748633611151034
2756,rao_q,-10,-1,0.02748633611151034
2756,feve,10,1,0.02748633611151034
2756,fdiv,10,1,0.02748633611151034
2757,corrected_richness,10,1,0.02748633611151034
2757,shannon,10,1,0.02748633611151034
2757,inv_simpson,10,1,0.02748633611151034
2757,trait_volume,-10,-1,0.02748633611151034
2757,trait_dispersion,-10,-1,0.02748633611151034
2757,rao_q,-10,-1,0.02748633611151034
2757,feve,10,1,0.02748633611151034
2757,fdiv,10,1,0.02748633611151034
2758,corrected_richness,10,1,0.02748633611151034
2758,shannon,10,1,0.02748633611151034
2758,inv_simpson,10,1,0.02748633611151034
2758,trait_volume,-10,-1,0.02748633611151034
2758,trait_dispersion,-10,-1,0.02748633611151034
2758,rao_q,-10,-1,0.02748633611151034
2758,feve,10,1,0.02748633611151034
2758,fdiv,10,1,0.02748633611151034
2759,corrected_richness,10,1,0.02748633611151034
2759,shannon,10,1,0.02748633611151034
2759,inv_simpson,10,1,0.02748633611151034
2759,trait_volume,-10,-1,0.02748633611151034
2759,trait_dispersion,-10,-1,0.02748633611151034
2759,rao_q,-10,-1,0.02748633611151034
2759,feve,10,1,0.02748633611151034
2759,fdiv,10,1,0.02748633611151034
2765,corrected_richness,10,1,0.02748633611151034
2765,shannon,10,1,0.02748633611151034
2765,inv_simpson,10,1,0.02748633611151034
2765,trait_volume,-10,-1,0.02748633611151034
2765,trait_dispersion,-10,-1,0.02748633611151034
2765,rao_q,-10,-1,0.02748633611151034
2765,feve,10,1,0.02748633611151034
2765,fdiv,8,0.8,0.08641073297370003
2766,corrected_richness,10,1,0.02748633611151034
2766,shannon,10,1,0.02748633611151034
2766,inv_simpson,10,1,0.02748633611151034
2766,trait_volume,-10,-1,0.02748633611151034
2766,trait_dispersion,-10,-1,0.02748633611151034
2766,rao_q,-10,-1,0.02748633611151034
2766,feve,10,1,0.02748633611151034
2766,fdiv,8,0.8,0.08641073297370003
2767,corrected_richness,10,1,0.02748633611151034
2767,shannon,10,1,0.02748633611151034
2767,inv_simpson,10,1,0.02748633611151034
2767,trait_volume,-10,-1,0.02748633611151034
2767,trait_dispersion,-10,-1,0.02748633611151034
2767,rao_q,-10,-1,0.02748633611151034
2767,feve,10,1,0.02748633611151034
2767,fdiv,8,0.8,0.08641073297370003
2768,corrected_richness,10,1,0.02748633611151034
2768,shannon,10,1,0.02748633611151034
2768,inv_simpson,10,1,0.02748633611151034
2768,trait_volume,-10,-1,0.02748633611151034
2768,trait_dispersion,-10,-1,0.02748633611151034
2768,rao_q,-10,-1,0.02748633611151034
2768,feve,10,1,0.02748633611151034
2768,fdiv,8,0.8,0.08641073297370003
2769,corrected_richness,10,1,0.02748633611151034
2769,shannon,10,1,0.02748633611151034
2769,inv_simpson,10,1,0.02748633611151034
2769,trait_volume,-8,-0.8,0.08641073297370003
2769,trait_dispersion,-8,-0.8,0.08641073297370003
2769,rao_q,-10,-1,0.02748633611151034
2769,feve,10,1,0.02748633611151034
2769,fdiv,8,0.8,0.08641073297370003
2770,corrected_richness,10,1,0.02748633611151034
2770,shannon,10,1,0.02748633611151034
2770,inv_simpson,10,1,0.02748633611151034
2770,trait_volume,-8,-0.8,0.08641073297370003
2770,trait_dispersion,-6,-0.6,0.2206713619198468
2770,rao_q,-10,-1,0.02748633611151034
2770,feve,10,1,0.02748633611151034
2770,fdiv,8,0.8,0.08641073297370003
2771,corrected_richness,10,1,0.02748633611151034
2771,shannon,10,1,0.02748633611151034
2771,inv_simpson,10,1,0.02748633611151034
2771,trait_volume,-8,-0.8,0.08641073297370003
2771,trait_dispersion,-4,-0.4,0.4624327264504763
2771,rao_q,-8,-0.8,0.08641073297370003
2771,feve,10,1,0.02748633611151034
2771,fdiv,8,0.8,0.08641073297370003
2773,corrected_richness,10,1,0.02748633611151034
2773,shannon,10,1,0.02748633611151034
2773,inv_simpson,10,1,0.02748633611151034
2773,trait_volume,-6,-0.6,0.2206713619198468
2773,trait_dispersion,-2,-0.2,0.8064959405073402
2773,rao_q,-6,-0.6,0.2206713619198468
2773,feve,10,1,0.02748633611151034
2773,fdiv,10,1,0.02748633611151034
2774,corrected_richness,10,1,0.02748633611151034
2774,shannon,10,1,0.02748633611151034
2774,inv_simpson,10,1,0.02748633611151034
2774,trait_volume,-4,-0.4,0.4624327264504763
2774,trait_dispersion,-2,-0.2,0.8064959405073402
2774,rao_q,-6,-0.6,0.2206713619198468
2774,feve,10,1,0.02748633611151034
2774,fdiv,10,1,0.02748633611151034
2775,corrected_richness,10,1,0.02748633611151034
2775,shannon,10,1,0.02748633611151034
2775,inv_simpson,10,1,0.02748633611151034
2775,trait_volume,-4,-0.4,0.4624327264504763
2775,trait_dispersion,0,0,1
2775,rao_q,-4,-0.4,0.4624327264504763
2775,feve,10,1,0.02748633611151034
2775,fdiv,10,1,0.02748633611151034
2776,corrected_richness,10,1,0.02748633611151034
2776,shannon,10,1,0.02748633611151034
2776,inv_simpson,10,1,0.02748633611151034
2776,trait_volume,0,0,1
2776,trait_dispersion,2,0.2,0.8064959405073402
2776,rao_q,-2,-0.2,0.8064959405073402
2776,feve,10,1,0.02748633611151034
2776,fdiv,10,1,0.02748633611151034
2777,corrected_richness,10,1,0.02748633611151034
2777,shannon,10,1,0.02748633611151034
2777,inv_simpson,10,1,0.02748633611151034
2777,trait_volume,4,0.4,0.4624327264504763
2777,trait_dispersion,2,0.2,0.8064959405073402
2777,rao_q,-2,-0.2,0.8064959405073402
2777,feve,10,1,0.02748633611151034
2777,fdiv,8,0.8,0.08641073297370003
2778,corrected_richness,10,1,0.02748633611151034
2778,shannon,10,1,0.02748633611151034
2778,inv_simpson,10,1,0.02748633611151034
2778,trait_volume,4,0.4,0.4624327264504763
2778,trait_dispersion,2,0.2,0.8064959405073402
2778,rao_q,4,0.4,0.4624327264504763
2778,feve,10,1,0.02748633611151034
2778,fdiv,8,0.8,0.08641073297370003
2779,corrected_richness,10,1,0.02748633611151034
2779,shannon,10,1,0.02748633611151034
2779,inv_simpson,10,1,0.02748633611151034
2779,trait_volume,4,0.4,0.4624327264504763
2779,trait_dispersion,4,0.4,0.4624327264504763
2779,rao_q,4,0.4,0.4624327264504763
2779,feve,10,1,0.02748633611151034
2779,fdiv,8,0.8,0.08641073297370003
2780,corrected_richness,10,1,0.02748633611151034
2780,shannon,10,1,0.02748633611151034
2780,inv_simpson,10,1,0.02748633611151034
2780,trait_volume,4,0.4,0.4624327264504763
2780,trait_dispersion,4,0.4,0.4624327264504763
2780,rao_q,2,0.2,0.8064959405073402
2780,feve,10,1,0.02748633611151034
2780,fdiv,8,0.8,0.08641073297370003
2781,corrected_richness,10,1,0.02748633611151034
2781,shannon,10,1,0.02748633611151034
2781,inv_simpson,10,1,0.02748633611151034
2781,trait_volume,4,0.4,0.4624327264504763
2781,trait_dispersion,4,0.4,0.4624327264504763
2781,rao_q,2,0.2,0.8064959405073402
2781,feve,10,1,0.02748633611151034
2781,fdiv,8,0.8,0.08641073297370003
2782,corrected_richness,10,1,0.02748633611151034
2782,shannon,10,1,0.02748633611151034
2782,inv_simpson,10,1,0.02748633611151034
2782,trait_volume,2,0.2,0.8064959405073402
2782,trait_dispersion,4,0.4,0.4624327264504763
2782,rao_q,2,0.2,0.8064959405073402
2782,feve,10,1,0.02748633611151034
2782,fdiv,8,0.8,0.08641073297370003
2783,corrected_richness,10,1,0.02748633611151034
2783,shannon,10,1,0.02748633611151034
2783,inv_simpson,10,1,0.02748633611151034
2783,trait_volume,2,0.2,0.8064959405073402
2783,trait_dispersion,6,0.6,0.2206713619198468
2783,rao_q,0,0,1
2783,feve,10,1,0.02748633611151034
2783,fdiv,8,0.8,0.08641073297370003
2784,corrected_richness,10,1,0.02748633611151034
2784,shannon,10,1,0.02748633611151034
2784,inv_simpson,10,1,0.02748633611151034
2784,trait_volume,2,0.2,0.8064959405073402
2784,trait_dispersion,6,0.6,0.2206713619198468
2784,rao_q,0,0,1
2784,feve,10,1,0.02748633611151034
2784,fdiv,8,0.8,0.08641073297370003
2785,corrected_richness,10,1,0.02748633611151034
2785,shannon,10,1,0.02748633611151034
2785,inv_simpson,10,1,0.02748633611151034
2785,trait_volume,2,0.2,0.8064959405073402
2785,trait_dispersion,6,0.6,0.2206713619198468
2785,rao_q,-4,-0.4,0.4624327264504763
2785,feve,10,1,0.02748633611151034
2785,fdiv,8,0.8,0.08641073297370003
2786,corrected_richness,10,1,0.02748633611151034
2786,shannon,10,1,0.02748633611151034
2786,inv_simpson,10,1,0.02748633611151034
2786,trait_volume,2,0.2,0.8064959405073402
2786,trait_dispersion,6,0.6,0.2206713619198468
2786,rao_q,-4,-0.4,0.4624327264504763
2786,feve,10,1,0.02748633611151034
2786,fdiv,6,0.6,0.2206713619198468
2787,corrected_richness,10,1,0.02748633611151034
2787,shannon,10,1,0.02748633611151034
2787,inv_simpson,10,1,0.02748633611151034
2787,trait_volume,-2,-0.2,0.8064959405073402
2787,trait_dispersion,6,0.6,0.2206713619198468
2787,rao_q,-6,-0.6,0.2206713619198468
2787,feve,10,1,0.02748633611151034
2787,fdiv,6,0.6,0.2206713619198468
2788,corrected_richness,10,1,0.02748633611151034
2788,shannon,10,1,0.02748633611151034
2788,inv_simpson,10,1,0.02748633611151034
2788,trait_volume,-4,-0.4,0.4624327264504763
2788,trait_dispersion,6,0.6,0.2206713619198468
2788,rao_q,-6,-0.6,0.2206713619198468
2788,feve,10,1,0.02748633611151034
2788,fdiv,6,0.6,0.2206713619198468
2789,corrected_richness,10,1,0.02748633611151034
2789,shannon,10,1,0.02748633611151034
2789,inv_simpson,10,1,0.02748633611151034
2789,trait_volume,-4,-0.4,0.4624327264504763
2789,trait_dispersion,6,0.6,0.2206713619198468
2789,rao_q,-6,-0.6,0.2206713619198468
2789,feve,10,1,0.02748633611151034
2789,fdiv,6,0.6,0.2206713619198468
2790,corrected_richness,10,1,0.02748633611151034
2790,shannon,10,1,0.02748633611151034
2790,inv_simpson,10,1,0.02748633611151034
2790,trait_volume,-4,-0.4,0.4624327264504763
2790,trait_dispersion,6,0.6,0.2206713619198468
2790,rao_q,-6,-0.6,0.2206713619198468
2790,feve,10,1,0.02748633611151034
2790,fdiv,4,0.4,0.4624327264504763
2791,corrected_richness,10,1,0.02748633611151034
2791,shannon,10,1,0.02748633611151034
2791,inv_simpson,10,1,0.02748633611151034
2791,trait_volume,-4,-0.4,0.4624327264504763
2791,trait_dispersion,6,0.6,0.2206713619198468
2791,rao_q,-6,-0.6,0.2206713619198468
2791,feve,10,1,0.02748633611151034
2791,fdiv,4,0.4,0.4624327264504763
2826,corrected_richness,10,1,0.02748633611151034
2826,shannon,10,1,0.02748633611151034
2826,inv_simpson,10,1,0.02748633611151034
2826,trait_volume,-10,-1,0.02748633611151034
2826,trait_dispersion,-10,-1,0.02748633611151034
2826,rao_q,-10,-1,0.02748633611151034
2826,feve,10,1,0.02748633611151034
2826,fdiv,8,0.8,0.08641073297370003
2827,corrected_richness,10,1,0.02748633611151034
2827,shannon,10,1,0.02748633611151034
2827,inv_simpson,10,1,0.02748633611151034
2827,trait_volume,-10,-1,0.02748633611151034
2827,trait_dispersion,-10,-1,0.02748633611151034
2827,rao_q,-10,-1,0.02748633611151034
2827,feve,10,1,0.02748633611151034
2827,fdiv,8,0.8,0.08641073297370003
2838,corrected_richness,10,1,0.02748633611151034
2838,shannon,10,1,0.02748633611151034
2838,inv_simpson,10,1,0.02748633611151034
2838,trait_volume,-10,-1,0.02748633611151034
2838,trait_dispersion,-10,-1,0.02748633611151034
2838,rao_q,-10,-1,0.02748633611151034
2838,feve,10,1,0.02748633611151034
2838,fdiv,8,0.8,0.08641073297370003
2839,corrected_richness,10,1,0.02748633611151034
2839,shannon,10,1,0.02748633611151034
2839,inv_simpson,10,1,0.02748633611151034
2839,trait_volume,-10,-1,0.02748633611151034
2839,trait_dispersion,-8,-0.8,0.08641073297370003
2839,rao_q,-10,-1,0.02748633611151034
2839,feve,10,1,0.02748633611151034
2839,fdiv,8,0.8,0.08641073297370003
2840,corrected_richness,10,1,0.02748633611151034
2840,shannon,10,1,0.02748633611151034
2840,inv_simpson,10,1,0.02748633611151034
2840,trait_volume,-8,-0.8,0.08641073297370003
2840,trait_dispersion,-8,-0.8,0.08641073297370003
2840,rao_q,-10,-1,0.02748633611151034
2840,feve,10,1,0.02748633611151034
2840,fdiv,8,0.8,0.08641073297370003
2841,corrected_richness,10,1,0.02748633611151034
2841,shannon,10,1,0.02748633611151034
2841,inv_simpson,10,1,0.02748633611151034
2841,trait_volume,-8,-0.8,0.08641073297370003
2841,trait_dispersion,-6,-0.6,0.2206713619198468
2841,rao_q,-8,-0.8,0.08641073297370003
2841,feve,10,1,0.02748633611151034
2841,fdiv,8,0.8,0.08641073297370003
2842,corrected_richness,10,1,0.02748633611151034
2842,shannon,10,1,0.02748633611151034
2842,inv_simpson,10,1,0.02748633611151034
2842,trait_volume,-6,-0.6,0.2206713619198468
2842,trait_dispersion,-4,-0.4,0.4624327264504763
2842,rao_q,-8,-0.8,0.08641073297370003
2842,feve,10,1,0.02748633611151034
2842,fdiv,8,0.8,0.08641073297370003
2843,corrected_richness,10,1,0.02748633611151034
2843,shannon,10,1,0.02748633611151034
2843,inv_simpson,10,1,0.02748633611151034
2843,trait_volume,-6,-0.6,0.2206713619198468
2843,trait_dispersion,-4,-0.4,0.4624327264504763
2843,rao_q,-6,-0.6,0.2206713619198468
2843,feve,10,1,0.02748633611151034
2843,fdiv,8,0.8,0.08641073297370003
2844,corrected_richness,10,1,0.02748633611151034
2844,shannon,10,1,0.02748633611151034
2844,inv_simpson,10,1,0.02748633611151034
2844,trait_volume,-4,-0.4,0.4624327264504763
2844,trait_dispersion,-2,-0.2,0.8064959405073402
2844,rao_q,-6,-0.6,0.2206713619198468
2844,feve,10,1,0.02748633611151034
2844,fdiv,8,0.8,0.08641073297370003
2845,corrected_richness,10,1,0.02748633611151034
2845,shannon,10,1,0.02748633611151034
2845,inv_simpson,10,1,0.02748633611151034
2845,trait_volume,-2,-0.2,0.8064959405073402
2845,trait_dispersion,-2,-0.2,0.8064959405073402
2845,rao_q,-2,-0.2,0.8064959405073402
2845,feve,10,1,0.02748633611151034
2845,fdiv,8,0.8,0.08641073297370003
2846,corrected_richness,10,1,0.02748633611151034
2846,shannon,10,1,0.02748633611151034
2846,inv_simpson,10,1,0.02748633611151034
2846,trait_volume,-2,-0.2,0.8064959405073402
2846,trait_dispersion,-2,-0.2,0.8064959405073402
2846,rao_q,-2,-0.2,0.8064959405073402
2846,feve,10,1,0.02748633611151034
2846,fdiv,10,1,0.02748633611151034
2847,corrected_richness,10,1,0.02748633611151034
2847,shannon,10,1,0.02748633611151034
2847,inv_simpson,10,1,0.02748633611151034
2847,trait_volume,2,0.2,0.8064959405073402
2847,trait_dispersion,2,0.2,0.8064959405073402
2847,rao_q,-2,-0.2,0.8064959405073402
2847,feve,10,1,0.02748633611151034
2847,fdiv,10,1,0.02748633611151034
2848,corrected_richness,10,1,0.02748633611151034
2848,shannon,10,1,0.02748633611151034
2848,inv_simpson,10,1,0.02748633611151034
2848,trait_volume,4,0.4,0.4624327264504763
2848,trait_dispersion,2,0.2,0.8064959405073402
2848,rao_q,2,0.2,0.8064959405073402
2848,feve,10,1,0.02748633611151034
2848,fdiv,10,1,0.02748633611151034
2849,corrected_richness,10,1,0.02748633611151034
2849,shannon,10,1,0.02748633611151034
2849,inv_simpson,10,1,0.02748633611151034
2849,trait_volume,4,0.4,0.4624327264504763
2849,trait_dispersion,2,0.2,0.8064959405073402
2849,rao_q,4,0.4,0.4624327264504763
2849,feve,10,1,0.02748633611151034
2849,fdiv,10,1,0.02748633611151034
2850,corrected_richness,10,1,0.02748633611151034
2850,shannon,10,1,0.02748633611151034
2850,inv_simpson,10,1,0.02748633611151034
2850,trait_volume,4,0.4,0.4624327264504763
2850,trait_dispersion,4,0.4,0.4624327264504763
2850,rao_q,4,0.4,0.4624327264504763
2850,feve,10,1,0.02748633611151034
2850,fdiv,8,0.8,0.08641073297370003
2851,corrected_richness,10,1,0.02748633611151034
2851,shannon,10,1,0.02748633611151034
2851,inv_simpson,10,1,0.02748633611151034
2851,trait_volume,4,0.4,0.4624327264504763
2851,trait_dispersion,4,0.4,0.4624327264504763
2851,rao_q,4,0.4,0.4624327264504763
2851,feve,10,1,0.02748633611151034
2851,fdiv,8,0.8,0.08641073297370003
2852,corrected_richness,10,1,0.02748633611151034
2852,shannon,10,1,0.02748633611151034
2852,inv_simpson,10,1,0.02748633611151034
2852,trait_volume,4,0.4,0.4624327264504763
2852,trait_dispersion,4,0.4,0.4624327264504763
2852,rao_q,2,0.2,0.8064959405073402
2852,feve,10,1,0.02748633611151034
2852,fdiv,8,0.8,0.08641073297370003
2853,corrected_richness,10,1,0.02748633611151034
2853,shannon,10,1,0.02748633611151034
2853,inv_simpson,10,1,0.02748633611151034
2853,trait_volume,2,0.2,0.8064959405073402
2853,trait_dispersion,4,0.4,0.4624327264504763
2853,rao_q,2,0.2,0.8064959405073402
2853,feve,10,1,0.02748633611151034
2853,fdiv,8,0.8,0.08641073297370003
2854,corrected_richness,10,1,0.02748633611151034
2854,shannon,10,1,0.02748633611151034
2854,inv_simpson,10,1,0.02748633611151034
2854,trait_volume,2,0.2,0.8064959405073402
2854,trait_dispersion,6,0.6,0.2206713619198468
2854,rao_q,0,0,1
2854,feve,10,1,0.02748633611151034
2854,fdiv,8,0.8,0.08641073297370003
2855,corrected_richness,10,1,0.02748633611151034
2855,shannon,10,1,0.02748633611151034
2855,inv_simpson,10,1,0.02748633611151034
2855,trait_volume,2,0.2,0.8064959405073402
2855,trait_dispersion,6,0.6,0.2206713619198468
2855,rao_q,0,0,1
2855,feve,10,1,0.02748633611151034
2855,fdiv,8,0.8,0.08641073297370003
2856,corrected_richness,10,1,0.02748633611151034
2856,shannon,10,1,0.02748633611151034
2856,inv_simpson,10,1,0.02748633611151034
2856,trait_volume,2,0.2,0.8064959405073402
2856,trait_dispersion,6,0.6,0.2206713619198468
2856,rao_q,-4,-0.4,0.4624327264504763
2856,feve,10,1,0.02748633611151034
2856,fdiv,8,0.8,0.08641073297370003
2857,corrected_richness,10,1,0.02748633611151034
2857,shannon,10,1,0.02748633611151034
2857,inv_simpson,10,1,0.02748633611151034
2857,trait_volume,2,0.2,0.8064959405073402
2857,trait_dispersion,6,0.6,0.2206713619198468
2857,rao_q,-4,-0.4,0.4624327264504763
2857,feve,10,1,0.02748633611151034
2857,fdiv,8,0.8,0.08641073297370003
2858,corrected_richness,10,1,0.02748633611151034
2858,shannon,10,1,0.02748633611151034
2858,inv_simpson,10,1,0.02748633611151034
2858,trait_volume,0,0,1
2858,trait_dispersion,6,0.6,0.2206713619198468
2858,rao_q,-4,-0.4,0.4624327264504763
2858,feve,10,1,0.02748633611151034
2858,fdiv,6,0.6,0.2206713619198468
2859,corrected_richness,10,1,0.02748633611151034
2859,shannon,10,1,0.02748633611151034
2859,inv_simpson,10,1,0.02748633611151034
2859,trait_volume,-2,-0.2,0.8064959405073402
2859,trait_dispersion,6,0.6,0.2206713619198468
2859,rao_q,-6,-0.6,0.2206713619198468
2859,feve,10,1,0.02748633611151034
2859,fdiv,6,0.6,0.2206713619198468
2860,corrected_richness,10,1,0.02748633611151034
2860,shannon,10,1,0.02748633611151034
2860,inv_simpson,10,1,0.02748633611151034
2860,trait_volume,-4,-0.4,0.4624327264504763
2860,trait_dispersion,6,0.6,0.2206713619198468
2860,rao_q,-6,-0.6,0.2206713619198468
2860,feve,10,1,0.02748633611151034
2860,fdiv,6,0.6,0.2206713619198468
2861,corrected_richness,10,1,0.02748633611151034
2861,shannon,10,1,0.02748633611151034
2861,inv_simpson,10,1,0.02748633611151034
2861,trait_volume,-4,-0.4,0.4624327264504763
2861,trait_dispersion,6,0.6,0.2206713619198468
2861,rao_q,-6,-0.6,0.2206713619198468
2861,feve,10,1,0.02748633611151034
2861,fdiv,4,0.4,0.4624327264504763
2862,corrected_richness,10,1,0.02748633611151034
2862,shannon,10,1,0.02748633611151034
2862,inv_simpson,10,1,0.02748633611151034
2862,trait_volume,-4,-0.4,0.4624327264504763
2862,trait_dispersion,6,0.6,0.2206713619198468
2862,rao_q,-6,-0.6,0.2206713619198468
2862,feve,10,1,0.02748633611151034
2862,fdiv,4,0.4,0.4624327264504763
2909,corrected_richness,10,1,0.02748633611151034
2909,shannon,10,1,0.02748633611151034
2909,inv_simpson,10,1,0.02748633611151034
2909,trait_volume,-8,-0.8,0.08641073297370003
2909,trait_dispersion,-8,-0.8,0.08641073297370003
2909,rao_q,-10,-1,0.02748633611151034
2909,feve,10,1,0.02748633611151034
2909,fdiv,8,0.8,0.08641073297370003
2910,corrected_richness,10,1,0.02748633611151034
2910,shannon,10,1,0.02748633611151034
2910,inv_simpson,10,1,0.02748633611151034
2910,trait_volume,-8,-0.8,0.08641073297370003
2910,trait_dispersion,-8,-0.8,0.08641073297370003
2910,rao_q,-10,-1,0.02748633611151034
2910,feve,10,1,0.02748633611151034
2910,fdiv,8,0.8,0.08641073297370003
2911,corrected_richness,10,1,0.02748633611151034
2911,shannon,10,1,0.02748633611151034
2911,inv_simpson,10,1,0.02748633611151034
2911,trait_volume,-8,-0.8,0.08641073297370003
2911,trait_dispersion,-8,-0.8,0.08641073297370003
2911,rao_q,-8,-0.8,0.08641073297370003
2911,feve,10,1,0.02748633611151034
2911,fdiv,8,0.8,0.08641073297370003
2912,corrected_richness,10,1,0.02748633611151034
2912,shannon,10,1,0.02748633611151034
2912,inv_simpson,10,1,0.02748633611151034
2912,trait_volume,-6,-0.6,0.2206713619198468
2912,trait_dispersion,-6,-0.6,0.2206713619198468
2912,rao_q,-8,-0.8,0.08641073297370003
2912,feve,10,1,0.02748633611151034
2912,fdiv,8,0.8,0.08641073297370003
2913,corrected_richness,10,1,0.02748633611151034
2913,shannon,10,1,0.02748633611151034
2913,inv_simpson,10,1,0.02748633611151034
2913,trait_volume,-6,-0.6,0.2206713619198468
2913,trait_dispersion,-6,-0.6,0.2206713619198468
2913,rao_q,-6,-0.6,0.2206713619198468
2913,feve,10,1,0.02748633611151034
2913,fdiv,8,0.8,0.08641073297370003
2914,corrected_richness,10,1,0.02748633611151034
2914,shannon,10,1,0.02748633611151034
2914,inv_simpson,10,1,0.02748633611151034
2914,trait_volume,-4,-0.4,0.4624327264504763
2914,trait_dispersion,-4,-0.4,0.4624327264504763
2914,rao_q,-6,-0.6,0.2206713619198468
2914,feve,10,1,0.02748633611151034
2914,fdiv,8,0.8,0.08641073297370003
2915,corrected_richness,10,1,0.02748633611151034
2915,shannon,10,1,0.02748633611151034
2915,inv_simpson,10,1,0.02748633611151034
2915,trait_volume,-2,-0.2,0.8064959405073402
2915,trait_dispersion,-2,-0.2,0.8064959405073402
2915,rao_q,-2,-0.2,0.8064959405073402
2915,feve,10,1,0.02748633611151034
2915,fdiv,8,0.8,0.08641073297370003
2916,corrected_richness,10,1,0.02748633611151034
2916,shannon,10,1,0.02748633611151034
2916,inv_simpson,10,1,0.02748633611151034
2916,trait_volume,-2,-0.2,0.8064959405073402
2916,trait_dispersion,-2,-0.2,0.8064959405073402
2916,rao_q,-2,-0.2,0.8064959405073402
2916,feve,10,1,0.02748633611151034
2916,fdiv,8,0.8,0.08641073297370003
2917,corrected_richness,10,1,0.02748633611151034
2917,shannon,10,1,0.02748633611151034
2917,inv_simpson,10,1,0.02748633611151034
2917,trait_volume,0,0,1
2917,trait_dispersion,-2,-0.2,0.8064959405073402
2917,rao_q,-2,-0.2,0.8064959405073402
2917,feve,10,1,0.02748633611151034
2917,fdiv,8,0.8,0.08641073297370003
2918,corrected_richness,10,1,0.02748633611151034
2918,shannon,10,1,0.02748633611151034
2918,inv_simpson,10,1,0.02748633611151034
2918,trait_volume,2,0.2,0.8064959405073402
2918,trait_dispersion,0,0,1
2918,rao_q,0,0,1
2918,feve,10,1,0.02748633611151034
2918,fdiv,8,0.8,0.08641073297370003
2919,corrected_richness,10,1,0.02748633611151034
2919,shannon,10,1,0.02748633611151034
2919,inv_simpson,10,1,0.02748633611151034
2919,trait_volume,4,0.4,0.4624327264504763
2919,trait_dispersion,2,0.2,0.8064959405073402
2919,rao_q,2,0.2,0.8064959405073402
2919,feve,10,1,0.02748633611151034
2919,fdiv,8,0.8,0.08641073297370003
2920,corrected_richness,10,1,0.02748633611151034
2920,shannon,10,1,0.02748633611151034
2920,inv_simpson,10,1,0.02748633611151034
2920,trait_volume,4,0.4,0.4624327264504763
2920,trait_dispersion,2,0.2,0.8064959405073402
2920,rao_q,4,0.4,0.4624327264504763
2920,feve,10,1,0.02748633611151034
2920,fdiv,8,0.8,0.08641073297370003
2921,corrected_richness,10,1,0.02748633611151034
2921,shannon,10,1,0.02748633611151034
2921,inv_simpson,10,1,0.02748633611151034
2921,trait_volume,4,0.4,0.4624327264504763
2921,trait_dispersion,2,0.2,0.8064959405073402
2921,rao_q,4,0.4,0.4624327264504763
2921,feve,10,1,0.02748633611151034
2921,fdiv,10,1,0.02748633611151034
2922,corrected_richness,10,1,0.02748633611151034
2922,shannon,10,1,0.02748633611151034
2922,inv_simpson,10,1,0.02748633611151034
2922,trait_volume,4,0.4,0.4624327264504763
2922,trait_dispersion,4,0.4,0.4624327264504763
2922,rao_q,4,0.4,0.4624327264504763
2922,feve,10,1,0.02748633611151034
2922,fdiv,8,0.8,0.08641073297370003
2923,corrected_richness,10,1,0.02748633611151034
2923,shannon,10,1,0.02748633611151034
2923,inv_simpson,10,1,0.02748633611151034
2923,trait_volume,2,0.2,0.8064959405073402
2923,trait_dispersion,4,0.4,0.4624327264504763
2923,rao_q,2,0.2,0.8064959405073402
2923,feve,10,1,0.02748633611151034
2923,fdiv,8,0.8,0.08641073297370003
2924,corrected_richness,10,1,0.02748633611151034
2924,shannon,10,1,0.02748633611151034
2924,inv_simpson,10,1,0.02748633611151034
2924,trait_volume,2,0.2,0.8064959405073402
2924,trait_dispersion,4,0.4,0.4624327264504763
2924,rao_q,0,0,1
2924,feve,10,1,0.02748633611151034
2924,fdiv,8,0.8,0.08641073297370003
2925,corrected_richness,10,1,0.02748633611151034
2925,shannon,10,1,0.02748633611151034
2925,inv_simpson,10,1,0.02748633611151034
2925,trait_volume,2,0.2,0.8064959405073402
2925,trait_dispersion,4,0.4,0.4624327264504763
2925,rao_q,0,0,1
2925,feve,10,1,0.02748633611151034
2925,fdiv,8,0.8,0.08641073297370003
2926,corrected_richness,10,1,0.02748633611151034
2926,shannon,10,1,0.02748633611151034
2926,inv_simpson,10,1,0.02748633611151034
2926,trait_volume,2,0.2,0.8064959405073402
2926,trait_dispersion,4,0.4,0.4624327264504763
2926,rao_q,0,0,1
2926,feve,10,1,0.02748633611151034
2926,fdiv,8,0.8,0.08641073297370003
2927,corrected_richness,10,1,0.02748633611151034
2927,shannon,10,1,0.02748633611151034
2927,inv_simpson,10,1,0.02748633611151034
2927,trait_volume,2,0.2,0.8064959405073402
2927,trait_dispersion,6,0.6,0.2206713619198468
2927,rao_q,-2,-0.2,0.8064959405073402
2927,feve,10,1,0.02748633611151034
2927,fdiv,8,0.8,0.08641073297370003
2928,corrected_richness,10,1,0.02748633611151034
2928,shannon,10,1,0.02748633611151034
2928,inv_simpson,10,1,0.02748633611151034
2928,trait_volume,0,0,1
2928,trait_dispersion,6,0.6,0.2206713619198468
2928,rao_q,-4,-0.4,0.4624327264504763
2928,feve,10,1,0.02748633611151034
2928,fdiv,6,0.6,0.2206713619198468
2929,corrected_richness,10,1,0.02748633611151034
2929,shannon,10,1,0.02748633611151034
2929,inv_simpson,10,1,0.02748633611151034
2929,trait_volume,0,0,1
2929,trait_dispersion,6,0.6,0.2206713619198468
2929,rao_q,-4,-0.4,0.4624327264504763
2929,feve,10,1,0.02748633611151034
2929,fdiv,6,0.6,0.2206713619198468
2930,corrected_richness,10,1,0.02748633611151034
2930,shannon,10,1,0.02748633611151034
2930,inv_simpson,10,1,0.02748633611151034
2930,trait_volume,-2,-0.2,0.8064959405073402
2930,trait_dispersion,6,0.6,0.2206713619198468
2930,rao_q,-6,-0.6,0.2206713619198468
2930,feve,10,1,0.02748633611151034
2930,fdiv,6,0.6,0.2206713619198468
2931,corrected_richness,10,1,0.02748633611151034
2931,shannon,10,1,0.02748633611151034
2931,inv_simpson,10,1,0.02748633611151034
2931,trait_volume,-4,-0.4,0.4624327264504763
2931,trait_dispersion,6,0.6,0.2206713619198468
2931,rao_q,-6,-0.6,0.2206713619198468
2931,feve,10,1,0.02748633611151034
2931,fdiv,6,0.6,0.2206713619198468
2932,corrected_richness,10,1,0.02748633611151034
2932,shannon,10,1,0.02748633611151034
2932,inv_simpson,10,1,0.02748633611151034
2932,trait_volume,-4,-0.4,0.4624327264504763
2932,trait_dispersion,6,0.6,0.2206713619198468
2932,rao_q,-6,-0.6,0.2206713619198468
2932,feve,10,1,0.02748633611151034
2932,fdiv,4,0.4,0.4624327264504763
2933,corrected_richness,10,1,0.02748633611151034
2933,shannon,10,1,0.02748633611151034
2933,inv_simpson,10,1,0.02748633611151034
2933,trait_volume,-4,-0.4,0.4624327264504763
2933,trait_dispersion,6,0.6,0.2206713619198468
2933,rao_q,-6,-0.6,0.2206713619198468
2933,feve,10,1,0.02748633611151034
2933,fdiv,4,0.4,0.4624327264504763
2981,corrected_richness,10,1,0.02748633611151034
2981,shannon,10,1,0.02748633611151034
2981,inv_simpson,10,1,0.02748633611151034
2981,trait_volume,-8,-0.8,0.08641073297370003
2981,trait_dispersion,-8,-0.8,0.08641073297370003
2981,rao_q,-8,-0.8,0.08641073297370003
2981,feve,10,1,0.02748633611151034
2981,fdiv,8,0.8,0.08641073297370003
2982,corrected_richness,10,1,0.02748633611151034
2982,shannon,10,1,0.02748633611151034
2982,inv_simpson,10,1,0.02748633611151034
2982,trait_volume,-6,-0.6,0.2206713619198468
2982,trait_dispersion,-8,-0.8,0.08641073297370003
2982,rao_q,-6,-0.6,0.2206713619198468
2982,feve,10,1,0.02748633611151034
2982,fdiv,8,0.8,0.08641073297370003
2983,corrected_richness,10,1,0.02748633611151034
2983,shannon,10,1,0.02748633611151034
2983,inv_simpson,10,1,0.02748633611151034
2983,trait_volume,-6,-0.6,0.2206713619198468
2983,trait_dispersion,-6,-0.6,0.2206713619198468
2983,rao_q,-6,-0.6,0.2206713619198468
2983,feve,10,1,0.02748633611151034
2983,fdiv,10,1,0.02748633611151034
2984,corrected_richness,10,1,0.02748633611151034
2984,shannon,10,1,0.02748633611151034
2984,inv_simpson,10,1,0.02748633611151034
2984,trait_volume,-4,-0.4,0.4624327264504763
2984,trait_dispersion,-6,-0.6,0.2206713619198468
2984,rao_q,-4,-0.4,0.4624327264504763
2984,feve,10,1,0.02748633611151034
2984,fdiv,10,1,0.02748633611151034
2985,corrected_richness,10,1,0.02748633611151034
2985,shannon,10,1,0.02748633611151034
2985,inv_simpson,10,1,0.02748633611151034
2985,trait_volume,-2,-0.2,0.8064959405073402
2985,trait_dispersion,-6,-0.6,0.2206713619198468
2985,rao_q,-2,-0.2,0.8064959405073402
2985,feve,10,1,0.02748633611151034
2985,fdiv,10,1,0.02748633611151034
2986,corrected_richness,10,1,0.02748633611151034
2986,shannon,10,1,0.02748633611151034
2986,inv_simpson,10,1,0.02748633611151034
2986,trait_volume,-2,-0.2,0.8064959405073402
2986,trait_dispersion,-2,-0.2,0.8064959405073402
2986,rao_q,-2,-0.2,0.8064959405073402
2986,feve,10,1,0.02748633611151034
2986,fdiv,10,1,0.02748633611151034
2987,corrected_richness,10,1,0.02748633611151034
2987,shannon,10,1,0.02748633611151034
2987,inv_simpson,10,1,0.02748633611151034
2987,trait_volume,0,0,1
2987,trait_dispersion,-2,-0.2,0.8064959405073402
2987,rao_q,-2,-0.2,0.8064959405073402
2987,feve,10,1,0.02748633611151034
2987,fdiv,6,0.6,0.2206713619198468
2988,corrected_richness,10,1,0.02748633611151034
2988,shannon,10,1,0.02748633611151034
2988,inv_simpson,10,1,0.02748633611151034
2988,trait_volume,2,0.2,0.8064959405073402
2988,trait_dispersion,-2,-0.2,0.8064959405073402
2988,rao_q,0,0,1
2988,feve,10,1,0.02748633611151034
2988,fdiv,4,0.4,0.4624327264504763
2989,corrected_richness,10,1,0.02748633611151034
2989,shannon,10,1,0.02748633611151034
2989,inv_simpson,10,1,0.02748633611151034
2989,trait_volume,2,0.2,0.8064959405073402
2989,trait_dispersion,-2,-0.2,0.8064959405073402
2989,rao_q,0,0,1
2989,feve,10,1,0.02748633611151034
2989,fdiv,4,0.4,0.4624327264504763
2990,corrected_richness,10,1,0.02748633611151034
2990,shannon,10,1,0.02748633611151034
2990,inv_simpson,10,1,0.02748633611151034
2990,trait_volume,4,0.4,0.4624327264504763
2990,trait_dispersion,-2,-0.2,0.8064959405073402
2990,rao_q,2,0.2,0.8064959405073402
2990,feve,10,1,0.02748633611151034
2990,fdiv,4,0.4,0.4624327264504763
2991,corrected_richness,10,1,0.02748633611151034
2991,shannon,10,1,0.02748633611151034
2991,inv_simpson,10,1,0.02748633611151034
2991,trait_volume,4,0.4,0.4624327264504763
2991,trait_dispersion,2,0.2,0.8064959405073402
2991,rao_q,4,0.4,0.4624327264504763
2991,feve,10,1,0.02748633611151034
2991,fdiv,4,0.4,0.4624327264504763
2992,corrected_richness,10,1,0.02748633611151034
2992,shannon,10,1,0.02748633611151034
2992,inv_simpson,10,1,0.02748633611151034
2992,trait_volume,4,0.4,0.4624327264504763
2992,trait_dispersion,2,0.2,0.8064959405073402
2992,rao_q,2,0.2,0.8064959405073402
2992,feve,10,1,0.02748633611151034
2992,fdiv,6,0.6,0.2206713619198468
2993,corrected_richness,10,1,0.02748633611151034
2993,shannon,10,1,0.02748633611151034
2993,inv_simpson,10,1,0.02748633611151034
2993,trait_volume,4,0.4,0.4624327264504763
2993,trait_dispersion,2,0.2,0.8064959405073402
2993,rao_q,2,0.2,0.8064959405073402
2993,feve,10,1,0.02748633611151034
2993,fdiv,6,0.6,0.2206713619198468
2994,corrected_richness,10,1,0.02748633611151034
2994,shannon,10,1,0.02748633611151034
2994,inv_simpson,10,1,0.02748633611151034
2994,trait_volume,2,0.2,0.8064959405073402
2994,trait_dispersion,4,0.4,0.4624327264504763
2994,rao_q,0,0,1
2994,feve,10,1,0.02748633611151034
2994,fdiv,6,0.6,0.2206713619198468
2995,corrected_richness,10,1,0.02748633611151034
2995,shannon,10,1,0.02748633611151034
2995,inv_simpson,10,1,0.02748633611151034
2995,trait_volume,2,0.2,0.8064959405073402
2995,trait_dispersion,4,0.4,0.4624327264504763
2995,rao_q,-2,-0.2,0.8064959405073402
2995,feve,10,1,0.02748633611151034
2995,fdiv,8,0.8,0.08641073297370003
2996,corrected_richness,10,1,0.02748633611151034
2996,shannon,10,1,0.02748633611151034
2996,inv_simpson,10,1,0.02748633611151034
2996,trait_volume,2,0.2,0.8064959405073402
2996,trait_dispersion,4,0.4,0.4624327264504763
2996,rao_q,-2,-0.2,0.8064959405073402
2996,feve,10,1,0.02748633611151034
2996,fdiv,8,0.8,0.08641073297370003
2997,corrected_richness,10,1,0.02748633611151034
2997,shannon,10,1,0.02748633611151034
2997,inv_simpson,10,1,0.02748633611151034
2997,trait_volume,0,0,1
2997,trait_dispersion,4,0.4,0.4624327264504763
2997,rao_q,-2,-0.2,0.8064959405073402
2997,feve,10,1,0.02748633611151034
2997,fdiv,8,0.8,0.08641073297370003
2998,corrected_richness,10,1,0.02748633611151034
2998,shannon,10,1,0.02748633611151034
2998,inv_simpson,10,1,0.02748633611151034
2998,trait_volume,0,0,1
2998,trait_dispersion,4,0.4,0.4624327264504763
2998,rao_q,-2,-0.2,0.8064959405073402
2998,feve,10,1,0.02748633611151034
2998,fdiv,8,0.8,0.08641073297370003
2999,corrected_richness,10,1,0.02748633611151034
2999,shannon,10,1,0.02748633611151034
2999,inv_simpson,10,1,0.02748633611151034
2999,trait_volume,-2,-0.2,0.8064959405073402
2999,trait_dispersion,6,0.6,0.2206713619198468
2999,rao_q,-2,-0.2,0.8064959405073402
2999,feve,10,1,0.02748633611151034
2999,fdiv,6,0.6,0.2206713619198468
3000,corrected_richness,10,1,0.02748633611151034
3000,shannon,10,1,0.02748633611151034
3000,inv_simpson,10,1,0.02748633611151034
3000,trait_volume,0,0,1
3000,trait_dispersion,6,0.6,0.2206713619198468
3000,rao_q,-4,-0.4,0.4624327264504763
3000,feve,10,1,0.02748633611151034
3000,fdiv,6,0.6,0.2206713619198468
3001,corrected_richness,10,1,0.02748633611151034
3001,shannon,10,1,0.02748633611151034
3001,inv_simpson,10,1,0.02748633611151034
3001,trait_volume,0,0,1
3001,trait_dispersion,6,0.6,0.2206713619198468
3001,rao_q,-4,-0.4,0.4624327264504763
3001,feve,10,1,0.02748633611151034
3001,fdiv,6,0.6,0.2206713619198468
3002,corrected_richness,10,1,0.02748633611151034
3002,shannon,10,1,0.02748633611151034
3002,inv_simpson,10,1,0.02748633611151034
3002,trait_volume,0,0,1
3002,trait_dispersion,6,0.6,0.2206713619198468
3002,rao_q,-4,-0.4,0.4624327264504763
3002,feve,10,1,0.02748633611151034
3002,fdiv,6,0.6,0.2206713619198468
3003,corrected_richness,10,1,0.02748633611151034
3003,shannon,10,1,0.02748633611151034
3003,inv_simpson,10,1,0.02748633611151034
3003,trait_volume,0,0,1
3003,trait_dispersion,6,0.6,0.2206713619198468
3003,rao_q,-6,-0.6,0.2206713619198468
3003,feve,10,1,0.02748633611151034
3003,fdiv,4,0.4,0.4624327264504763
3004,corrected_richness,10,1,0.02748633611151034
3004,shannon,10,1,0.02748633611151034
3004,inv_simpson,10,1,0.02748633611151034
3004,trait_volume,-2,-0.2,0.8064959405073402
3004,trait_dispersion,6,0.6,0.2206713619198468
3004,rao_q,-6,-0.6,0.2206713619198468
3004,feve,10,1,0.02748633611151034
3004,fdiv,4,0.4,0.4624327264504763
3005,corrected_richness,10,1,0.02748633611151034
3005,shannon,10,1,0.02748633611151034
3005,inv_simpson,10,1,0.02748633611151034
3005,trait_volume,-4,-0.4,0.4624327264504763
3005,trait_dispersion,6,0.6,0.2206713619198468
3005,rao_q,-8,-0.8,0.08641073297370003
3005,feve,10,1,0.02748633611151034
3005,fdiv,4,0.4,0.4624327264504763
3052,corrected_richness,10,1,0.02748633611151034
3052,shannon,10,1,0.02748633611151034
3052,inv_simpson,10,1,0.02748633611151034
3052,trait_volume,-6,-0.6,0.2206713619198468
3052,trait_dispersion,-8,-0.8,0.08641073297370003
3052,rao_q,-6,-0.6,0.2206713619198468
3052,feve,10,1,0.02748633611151034
3052,fdiv,6,0.6,0.2206713619198468
3053,corrected_richness,10,1,0.02748633611151034
3053,shannon,10,1,0.02748633611151034
3053,inv_simpson,10,1,0.02748633611151034
3053,trait_volume,-6,-0.6,0.2206713619198468
3053,trait_dispersion,-6,-0.6,0.2206713619198468
3053,rao_q,-6,-0.6,0.2206713619198468
3053,feve,10,1,0.02748633611151034
3053,fdiv,8,0.8,0.08641073297370003
3054,corrected_richness,10,1,0.02748633611151034
3054,shannon,10,1,0.02748633611151034
3054,inv_simpson,10,1,0.02748633611151034
3054,trait_volume,-4,-0.4,0.4624327264504763
3054,trait_dispersion,-6,-0.6,0.2206713619198468
3054,rao_q,-2,-0.2,0.8064959405073402
3054,feve,10,1,0.02748633611151034
3054,fdiv,10,1,0.02748633611151034
3055,corrected_richness,10,1,0.02748633611151034
3055,shannon,10,1,0.02748633611151034
3055,inv_simpson,10,1,0.02748633611151034
3055,trait_volume,-2,-0.2,0.8064959405073402
3055,trait_dispersion,-6,-0.6,0.2206713619198468
3055,rao_q,-2,-0.2,0.8064959405073402
3055,feve,10,1,0.02748633611151034
3055,fdiv,10,1,0.02748633611151034
3056,corrected_richness,10,1,0.02748633611151034
3056,shannon,10,1,0.02748633611151034
3056,inv_simpson,10,1,0.02748633611151034
3056,trait_volume,-2,-0.2,0.8064959405073402
3056,trait_dispersion,-6,-0.6,0.2206713619198468
3056,rao_q,-2,-0.2,0.8064959405073402
3056,feve,10,1,0.02748633611151034
3056,fdiv,8,0.8,0.08641073297370003
3057,corrected_richness,10,1,0.02748633611151034
3057,shannon,10,1,0.02748633611151034
3057,inv_simpson,10,1,0.02748633611151034
3057,trait_volume,2,0.2,0.8064959405073402
3057,trait_dispersion,-6,-0.6,0.2206713619198468
3057,rao_q,0,0,1
3057,feve,10,1,0.02748633611151034
3057,fdiv,8,0.8,0.08641073297370003
3058,corrected_richness,10,1,0.02748633611151034
3058,shannon,10,1,0.02748633611151034
3058,inv_simpson,10,1,0.02748633611151034
3058,trait_volume,2,0.2,0.8064959405073402
3058,trait_dispersion,-4,-0.4,0.4624327264504763
3058,rao_q,0,0,1
3058,feve,10,1,0.02748633611151034
3058,fdiv,6,0.6,0.2206713619198468
3059,corrected_richness,10,1,0.02748633611151034
3059,shannon,10,1,0.02748633611151034
3059,inv_simpson,10,1,0.02748633611151034
3059,trait_volume,2,0.2,0.8064959405073402
3059,trait_dispersion,-2,-0.2,0.8064959405073402
3059,rao_q,0,0,1
3059,feve,10,1,0.02748633611151034
3059,fdiv,6,0.6,0.2206713619198468
3060,corrected_richness,10,1,0.02748633611151034
3060,shannon,10,1,0.02748633611151034
3060,inv_simpson,10,1,0.02748633611151034
3060,trait_volume,4,0.4,0.4624327264504763
3060,trait_dispersion,-2,-0.2,0.8064959405073402
3060,rao_q,0,0,1
3060,feve,10,1,0.02748633611151034
3060,fdiv,6,0.6,0.2206713619198468
3061,corrected_richness,10,1,0.02748633611151034
3061,shannon,10,1,0.02748633611151034
3061,inv_simpson,10,1,0.02748633611151034
3061,trait_volume,4,0.4,0.4624327264504763
3061,trait_dispersion,-2,-0.2,0.8064959405073402
3061,rao_q,0,0,1
3061,feve,10,1,0.02748633611151034
3061,fdiv,4,0.4,0.4624327264504763
3062,corrected_richness,10,1,0.02748633611151034
3062,shannon,10,1,0.02748633611151034
3062,inv_simpson,10,1,0.02748633611151034
3062,trait_volume,4,0.4,0.4624327264504763
3062,trait_dispersion,-2,-0.2,0.8064959405073402
3062,rao_q,0,0,1
3062,feve,10,1,0.02748633611151034
3062,fdiv,4,0.4,0.4624327264504763
3063,corrected_richness,10,1,0.02748633611151034
3063,shannon,10,1,0.02748633611151034
3063,inv_simpson,10,1,0.02748633611151034
3063,trait_volume,4,0.4,0.4624327264504763
3063,trait_dispersion,-2,-0.2,0.8064959405073402
3063,rao_q,0,0,1
3063,feve,10,1,0.02748633611151034
3063,fdiv,4,0.4,0.4624327264504763
3064,corrected_richness,10,1,0.02748633611151034
3064,shannon,10,1,0.02748633611151034
3064,inv_simpson,10,1,0.02748633611151034
3064,trait_volume,0,0,1
3064,trait_dispersion,2,0.2,0.8064959405073402
3064,rao_q,-4,-0.4,0.4624327264504763
3064,feve,10,1,0.02748633611151034
3064,fdiv,4,0.4,0.4624327264504763
3065,corrected_richness,10,1,0.02748633611151034
3065,shannon,10,1,0.02748633611151034
3065,inv_simpson,10,1,0.02748633611151034
3065,trait_volume,-2,-0.2,0.8064959405073402
3065,trait_dispersion,2,0.2,0.8064959405073402
3065,rao_q,-4,-0.4,0.4624327264504763
3065,feve,10,1,0.02748633611151034
3065,fdiv,4,0.4,0.4624327264504763
3066,corrected_richness,10,1,0.02748633611151034
3066,shannon,10,1,0.02748633611151034
3066,inv_simpson,10,1,0.02748633611151034
3066,trait_volume,-2,-0.2,0.8064959405073402
3066,trait_dispersion,2,0.2,0.8064959405073402
3066,rao_q,-4,-0.4,0.4624327264504763
3066,feve,10,1,0.02748633611151034
3066,fdiv,4,0.4,0.4624327264504763
3067,corrected_richness,10,1,0.02748633611151034
3067,shannon,10,1,0.02748633611151034
3067,inv_simpson,10,1,0.02748633611151034
3067,trait_volume,-2,-0.2,0.8064959405073402
3067,trait_dispersion,4,0.4,0.4624327264504763
3067,rao_q,-4,-0.4,0.4624327264504763
3067,feve,10,1,0.02748633611151034
3067,fdiv,4,0.4,0.4624327264504763
3068,corrected_richness,10,1,0.02748633611151034
3068,shannon,10,1,0.02748633611151034
3068,inv_simpson,10,1,0.02748633611151034
3068,trait_volume,-2,-0.2,0.8064959405073402
3068,trait_dispersion,4,0.4,0.4624327264504763
3068,rao_q,-4,-0.4,0.4624327264504763
3068,feve,10,1,0.02748633611151034
3068,fdiv,6,0.6,0.2206713619198468
3069,corrected_richness,10,1,0.02748633611151034
3069,shannon,10,1,0.02748633611151034
3069,inv_simpson,10,1,0.02748633611151034
3069,trait_volume,-2,-0.2,0.8064959405073402
3069,trait_dispersion,4,0.4,0.4624327264504763
3069,rao_q,-2,-0.2,0.8064959405073402
3069,feve,10,1,0.02748633611151034
3069,fdiv,6,0.6,0.2206713619198468
3070,corrected_richness,10,1,0.02748633611151034
3070,shannon,10,1,0.02748633611151034
3070,inv_simpson,10,1,0.02748633611151034
3070,trait_volume,-2,-0.2,0.8064959405073402
3070,trait_dispersion,4,0.4,0.4624327264504763
3070,rao_q,-2,-0.2,0.8064959405073402
3070,feve,10,1,0.02748633611151034
3070,fdiv,6,0.6,0.2206713619198468
3071,corrected_richness,10,1,0.02748633611151034
3071,shannon,10,1,0.02748633611151034
3071,inv_simpson,10,1,0.02748633611151034
3071,trait_volume,-2,-0.2,0.8064959405073402
3071,trait_dispersion,6,0.6,0.2206713619198468
3071,rao_q,-2,-0.2,0.8064959405073402
3071,feve,10,1,0.02748633611151034
3071,fdiv,6,0.6,0.2206713619198468
3072,corrected_richness,10,1,0.02748633611151034
3072,shannon,10,1,0.02748633611151034
3072,inv_simpson,10,1,0.02748633611151034
3072,trait_volume,0,0,1
3072,trait_dispersion,6,0.6,0.2206713619198468
3072,rao_q,-2,-0.2,0.8064959405073402
3072,feve,10,1,0.02748633611151034
3072,fdiv,6,0.6,0.2206713619198468
3073,corrected_richness,10,1,0.02748633611151034
3073,shannon,10,1,0.02748633611151034
3073,inv_simpson,10,1,0.02748633611151034
3073,trait_volume,0,0,1
3073,trait_dispersion,6,0.6,0.2206713619198468
3073,rao_q,-4,-0.4,0.4624327264504763
3073,feve,10,1,0.02748633611151034
3073,fdiv,6,0.6,0.2206713619198468
3074,corrected_richness,10,1,0.02748633611151034
3074,shannon,10,1,0.02748633611151034
3074,inv_simpson,10,1,0.02748633611151034
3074,trait_volume,0,0,1
3074,trait_dispersion,6,0.6,0.2206713619198468
3074,rao_q,-4,-0.4,0.4624327264504763
3074,feve,10,1,0.02748633611151034
3074,fdiv,4,0.4,0.4624327264504763
3075,corrected_richness,10,1,0.02748633611151034
3075,shannon,10,1,0.02748633611151034
3075,inv_simpson,10,1,0.02748633611151034
3075,trait_volume,0,0,1
3075,trait_dispersion,6,0.6,0.2206713619198468
3075,rao_q,-4,-0.4,0.4624327264504763
3075,feve,10,1,0.02748633611151034
3075,fdiv,4,0.4,0.4624327264504763
3076,corrected_richness,10,1,0.02748633611151034
3076,shannon,10,1,0.02748633611151034
3076,inv_simpson,10,1,0.02748633611151034
3076,trait_volume,-2,-0.2,0.8064959405073402
3076,trait_dispersion,6,0.6,0.2206713619198468
3076,rao_q,-6,-0.6,0.2206713619198468
3076,feve,10,1,0.02748633611151034
3076,fdiv,4,0.4,0.4624327264504763
3078,corrected_richness,10,1,0.02748633611151034
3078,shannon,10,1,0.02748633611151034
3078,inv_simpson,10,1,0.02748633611151034
3078,trait_volume,-2,-0.2,0.8064959405073402
3078,trait_dispersion,8,0.8,0.08641073297370003
3078,rao_q,-8,-0.8,0.08641073297370003
3078,feve,10,1,0.02748633611151034
3078,fdiv,4,0.4,0.4624327264504763
3079,corrected_richness,10,1,0.02748633611151034
3079,shannon,10,1,0.02748633611151034
3079,inv_simpson,10,1,0.02748633611151034
3079,trait_volume,-4,-0.4,0.4624327264504763
3079,trait_dispersion,8,0.8,0.08641073297370003
3079,rao_q,-8,-0.8,0.08641073297370003
3079,feve,10,1,0.02748633611151034
3079,fdiv,4,0.4,0.4624327264504763
3124,corrected_richness,10,1,0.02748633611151034
3124,shannon,10,1,0.02748633611151034
3124,inv_simpson,10,1,0.02748633611151034
3124,trait_volume,-4,-0.4,0.4624327264504763
3124,trait_dispersion,-6,-0.6,0.2206713619198468
3124,rao_q,-2,-0.2,0.8064959405073402
3124,feve,10,1,0.02748633611151034
3124,fdiv,6,0.6,0.2206713619198468
3125,corrected_richness,10,1,0.02748633611151034
3125,shannon,10,1,0.02748633611151034
3125,inv_simpson,10,1,0.02748633611151034
3125,trait_volume,-4,-0.4,0.4624327264504763
3125,trait_dispersion,-6,-0.6,0.2206713619198468
3125,rao_q,-2,-0.2,0.8064959405073402
3125,feve,10,1,0.02748633611151034
3125,fdiv,8,0.8,0.08641073297370003
3126,corrected_richness,10,1,0.02748633611151034
3126,shannon,10,1,0.02748633611151034
3126,inv_simpson,10,1,0.02748633611151034
3126,trait_volume,0,0,1
3126,trait_dispersion,-6,-0.6,0.2206713619198468
3126,rao_q,2,0.2,0.8064959405073402
3126,feve,10,1,0.02748633611151034
3126,fdiv,8,0.8,0.08641073297370003
3127,corrected_richness,10,1,0.02748633611151034
3127,shannon,10,1,0.02748633611151034
3127,inv_simpson,10,1,0.02748633611151034
3127,trait_volume,2,0.2,0.8064959405073402
3127,trait_dispersion,-6,-0.6,0.2206713619198468
3127,rao_q,2,0.2,0.8064959405073402
3127,feve,10,1,0.02748633611151034
3127,fdiv,8,0.8,0.08641073297370003
3128,corrected_richness,10,1,0.02748633611151034
3128,shannon,10,1,0.02748633611151034
3128,inv_simpson,10,1,0.02748633611151034
3128,trait_volume,2,0.2,0.8064959405073402
3128,trait_dispersion,-6,-0.6,0.2206713619198468
3128,rao_q,2,0.2,0.8064959405073402
3128,feve,10,1,0.02748633611151034
3128,fdiv,6,0.6,0.2206713619198468
3129,corrected_richness,10,1,0.02748633611151034
3129,shannon,10,1,0.02748633611151034
3129,inv_simpson,10,1,0.02748633611151034
3129,trait_volume,4,0.4,0.4624327264504763
3129,trait_dispersion,-6,-0.6,0.2206713619198468
3129,rao_q,2,0.2,0.8064959405073402
3129,feve,10,1,0.02748633611151034
3129,fdiv,6,0.6,0.2206713619198468
3130,corrected_richness,10,1,0.02748633611151034
3130,shannon,10,1,0.02748633611151034
3130,inv_simpson,10,1,0.02748633611151034
3130,trait_volume,4,0.4,0.4624327264504763
3130,trait_dispersion,-6,-0.6,0.2206713619198468
3130,rao_q,0,0,1
3130,feve,10,1,0.02748633611151034
3130,fdiv,6,0.6,0.2206713619198468
3131,corrected_richness,10,1,0.02748633611151034
3131,shannon,10,1,0.02748633611151034
3131,inv_simpson,10,1,0.02748633611151034
3131,trait_volume,4,0.4,0.4624327264504763
3131,trait_dispersion,-6,-0.6,0.2206713619198468
3131,rao_q,0,0,1
3131,feve,10,1,0.02748633611151034
3131,fdiv,6,0.6,0.2206713619198468
3133,corrected_richness,10,1,0.02748633611151034
3133,shannon,10,1,0.02748633611151034
3133,inv_simpson,10,1,0.02748633611151034
3133,trait_volume,0,0,1
3133,trait_dispersion,-4,-0.4,0.4624327264504763
3133,rao_q,0,0,1
3133,feve,10,1,0.02748633611151034
3133,fdiv,4,0.4,0.4624327264504763
3134,corrected_richness,10,1,0.02748633611151034
3134,shannon,10,1,0.02748633611151034
3134,inv_simpson,10,1,0.02748633611151034
3134,trait_volume,-2,-0.2,0.8064959405073402
3134,trait_dispersion,-2,-0.2,0.8064959405073402
3134,rao_q,-2,-0.2,0.8064959405073402
3134,feve,10,1,0.02748633611151034
3134,fdiv,4,0.4,0.4624327264504763
3135,corrected_richness,10,1,0.02748633611151034
3135,shannon,10,1,0.02748633611151034
3135,inv_simpson,10,1,0.02748633611151034
3135,trait_volume,-4,-0.4,0.4624327264504763
3135,trait_dispersion,-2,-0.2,0.8064959405073402
3135,rao_q,-6,-0.6,0.2206713619198468
3135,feve,10,1,0.02748633611151034
3135,fdiv,4,0.4,0.4624327264504763
3136,corrected_richness,10,1,0.02748633611151034
3136,shannon,10,1,0.02748633611151034
3136,inv_simpson,10,1,0.02748633611151034
3136,trait_volume,-4,-0.4,0.4624327264504763
3136,trait_dispersion,-2,-0.2,0.8064959405073402
3136,rao_q,-6,-0.6,0.2206713619198468
3136,feve,10,1,0.02748633611151034
3136,fdiv,4,0.4,0.4624327264504763
3137,corrected_richness,10,1,0.02748633611151034
3137,shannon,10,1,0.02748633611151034
3137,inv_simpson,10,1,0.02748633611151034
3137,trait_volume,-4,-0.4,0.4624327264504763
3137,trait_dispersion,2,0.2,0.8064959405073402
3137,rao_q,-6,-0.6,0.2206713619198468
3137,feve,10,1,0.02748633611151034
3137,fdiv,4,0.4,0.4624327264504763
3138,corrected_richness,10,1,0.02748633611151034
3138,shannon,10,1,0.02748633611151034
3138,inv_simpson,10,1,0.02748633611151034
3138,trait_volume,-4,-0.4,0.4624327264504763
3138,trait_dispersion,2,0.2,0.8064959405073402
3138,rao_q,-6,-0.6,0.2206713619198468
3138,feve,10,1,0.02748633611151034
3138,fdiv,2,0.2,0.8064959405073402
3139,corrected_richness,10,1,0.02748633611151034
3139,shannon,10,1,0.02748633611151034
3139,inv_simpson,10,1,0.02748633611151034
3139,trait_volume,-4,-0.4,0.4624327264504763
3139,trait_dispersion,2,0.2,0.8064959405073402
3139,rao_q,-4,-0.4,0.4624327264504763
3139,feve,10,1,0.02748633611151034
3139,fdiv,2,0.2,0.8064959405073402
3140,corrected_richness,10,1,0.02748633611151034
3140,shannon,10,1,0.02748633611151034
3140,inv_simpson,10,1,0.02748633611151034
3140,trait_volume,-4,-0.4,0.4624327264504763
3140,trait_dispersion,4,0.4,0.4624327264504763
3140,rao_q,-4,-0.4,0.4624327264504763
3140,feve,10,1,0.02748633611151034
3140,fdiv,2,0.2,0.8064959405073402
3141,corrected_richness,10,1,0.02748633611151034
3141,shannon,10,1,0.02748633611151034
3141,inv_simpson,10,1,0.02748633611151034
3141,trait_volume,-2,-0.2,0.8064959405073402
3141,trait_dispersion,4,0.4,0.4624327264504763
3141,rao_q,-4,-0.4,0.4624327264504763
3141,feve,10,1,0.02748633611151034
3141,fdiv,4,0.4,0.4624327264504763
3142,corrected_richness,10,1,0.02748633611151034
3142,shannon,10,1,0.02748633611151034
3142,inv_simpson,10,1,0.02748633611151034
3142,trait_volume,-2,-0.2,0.8064959405073402
3142,trait_dispersion,4,0.4,0.4624327264504763
3142,rao_q,-4,-0.4,0.4624327264504763
3142,feve,10,1,0.02748633611151034
3142,fdiv,6,0.6,0.2206713619198468
3143,corrected_richness,10,1,0.02748633611151034
3143,shannon,10,1,0.02748633611151034
3143,inv_simpson,10,1,0.02748633611151034
3143,trait_volume,-2,-0.2,0.8064959405073402
3143,trait_dispersion,6,0.6,0.2206713619198468
3143,rao_q,-2,-0.2,0.8064959405073402
3143,feve,10,1,0.02748633611151034
3143,fdiv,6,0.6,0.2206713619198468
3144,corrected_richness,10,1,0.02748633611151034
3144,shannon,10,1,0.02748633611151034
3144,inv_simpson,10,1,0.02748633611151034
3144,trait_volume,0,0,1
3144,trait_dispersion,6,0.6,0.2206713619198468
3144,rao_q,-2,-0.2,0.8064959405073402
3144,feve,10,1,0.02748633611151034
3144,fdiv,6,0.6,0.2206713619198468
3145,corrected_richness,10,1,0.02748633611151034
3145,shannon,10,1,0.02748633611151034
3145,inv_simpson,10,1,0.02748633611151034
3145,trait_volume,0,0,1
3145,trait_dispersion,6,0.6,0.2206713619198468
3145,rao_q,-2,-0.2,0.8064959405073402
3145,feve,10,1,0.02748633611151034
3145,fdiv,4,0.4,0.4624327264504763
3146,corrected_richness,10,1,0.02748633611151034
3146,shannon,10,1,0.02748633611151034
3146,inv_simpson,10,1,0.02748633611151034
3146,trait_volume,0,0,1
3146,trait_dispersion,6,0.6,0.2206713619198468
3146,rao_q,-4,-0.4,0.4624327264504763
3146,feve,10,1,0.02748633611151034
3146,fdiv,4,0.4,0.4624327264504763
3147,corrected_richness,10,1,0.02748633611151034
3147,shannon,10,1,0.02748633611151034
3147,inv_simpson,10,1,0.02748633611151034
3147,trait_volume,0,0,1
3147,trait_dispersion,6,0.6,0.2206713619198468
3147,rao_q,-4,-0.4,0.4624327264504763
3147,feve,10,1,0.02748633611151034
3147,fdiv,4,0.4,0.4624327264504763
3150,corrected_richness,10,1,0.02748633611151034
3150,shannon,10,1,0.02748633611151034
3150,inv_simpson,10,1,0.02748633611151034
3150,trait_volume,-2,-0.2,0.8064959405073402
3150,trait_dispersion,8,0.8,0.08641073297370003
3150,rao_q,-8,-0.8,0.08641073297370003
3150,feve,10,1,0.02748633611151034
3150,fdiv,2,0.2,0.8064959405073402
3151,corrected_richness,10,1,0.02748633611151034
3151,shannon,10,1,0.02748633611151034
3151,inv_simpson,10,1,0.02748633611151034
3151,trait_volume,-2,-0.2,0.8064959405073402
3151,trait_dispersion,8,0.8,0.08641073297370003
3151,rao_q,-8,-0.8,0.08641073297370003
3151,feve,10,1,0.02748633611151034
3151,fdiv,2,0.2,0.8064959405073402
3199,corrected_richness,10,1,0.02748633611151034
3199,shannon,10,1,0.02748633611151034
3199,inv_simpson,10,1,0.02748633611151034
3199,trait_volume,4,0.4,0.4624327264504763
3199,trait_dispersion,-6,-0.6,0.2206713619198468
3199,rao_q,4,0.4,0.4624327264504763
3199,feve,10,1,0.02748633611151034
3199,fdiv,6,0.6,0.2206713619198468
3200,corrected_richness,10,1,0.02748633611151034
3200,shannon,10,1,0.02748633611151034
3200,inv_simpson,10,1,0.02748633611151034
3200,trait_volume,4,0.4,0.4624327264504763
3200,trait_dispersion,-8,-0.8,0.08641073297370003
3200,rao_q,4,0.4,0.4624327264504763
3200,feve,10,1,0.02748633611151034
3200,fdiv,6,0.6,0.2206713619198468
3202,corrected_richness,10,1,0.02748633611151034
3202,shannon,10,1,0.02748633611151034
3202,inv_simpson,10,1,0.02748633611151034
3202,trait_volume,2,0.2,0.8064959405073402
3202,trait_dispersion,-6,-0.6,0.2206713619198468
3202,rao_q,-2,-0.2,0.8064959405073402
3202,feve,10,1,0.02748633611151034
3202,fdiv,6,0.6,0.2206713619198468
3203,corrected_richness,10,1,0.02748633611151034
3203,shannon,10,1,0.02748633611151034
3203,inv_simpson,10,1,0.02748633611151034
3203,trait_volume,0,0,1
3203,trait_dispersion,-6,-0.6,0.2206713619198468
3203,rao_q,-2,-0.2,0.8064959405073402
3203,feve,10,1,0.02748633611151034
3203,fdiv,6,0.6,0.2206713619198468
3204,corrected_richness,10,1,0.02748633611151034
3204,shannon,10,1,0.02748633611151034
3204,inv_simpson,10,1,0.02748633611151034
3204,trait_volume,-2,-0.2,0.8064959405073402
3204,trait_dispersion,-6,-0.6,0.2206713619198468
3204,rao_q,-6,-0.6,0.2206713619198468
3204,feve,10,1,0.02748633611151034
3204,fdiv,6,0.6,0.2206713619198468
3205,corrected_richness,10,1,0.02748633611151034
3205,shannon,10,1,0.02748633611151034
3205,inv_simpson,10,1,0.02748633611151034
3205,trait_volume,-2,-0.2,0.8064959405073402
3205,trait_dispersion,-6,-0.6,0.2206713619198468
3205,rao_q,-6,-0.6,0.2206713619198468
3205,feve,10,1,0.02748633611151034
3205,fdiv,6,0.6,0.2206713619198468
3206,corrected_richness,10,1,0.02748633611151034
3206,shannon,10,1,0.02748633611151034
3206,inv_simpson,10,1,0.02748633611151034
3206,trait_volume,-6,-0.6,0.2206713619198468
3206,trait_dispersion,-4,-0.4,0.4624327264504763
3206,rao_q,-8,-0.8,0.08641073297370003
3206,feve,10,1,0.02748633611151034
3206,fdiv,4,0.4,0.4624327264504763
3207,corrected_richness,10,1,0.02748633611151034
3207,shannon,10,1,0.02748633611151034
3207,inv_simpson,10,1,0.02748633611151034
3207,trait_volume,-6,-0.6,0.2206713619198468
3207,trait_dispersion,-2,-0.2,0.8064959405073402
3207,rao_q,-6,-0.6,0.2206713619198468
3207,feve,10,1,0.02748633611151034
3207,fdiv,2,0.2,0.8064959405073402
3208,corrected_richness,10,1,0.02748633611151034
3208,shannon,10,1,0.02748633611151034
3208,inv_simpson,10,1,0.02748633611151034
3208,trait_volume,-6,-0.6,0.2206713619198468
3208,trait_dispersion,-2,-0.2,0.8064959405073402
3208,rao_q,-6,-0.6,0.2206713619198468
3208,feve,10,1,0.02748633611151034
3208,fdiv,2,0.2,0.8064959405073402
3209,corrected_richness,10,1,0.02748633611151034
3209,shannon,10,1,0.02748633611151034
3209,inv_simpson,10,1,0.02748633611151034
3209,trait_volume,-4,-0.4,0.4624327264504763
3209,trait_dispersion,-2,-0.2,0.8064959405073402
3209,rao_q,-6,-0.6,0.2206713619198468
3209,feve,10,1,0.02748633611151034
3209,fdiv,2,0.2,0.8064959405073402
3210,corrected_richness,10,1,0.02748633611151034
3210,shannon,10,1,0.02748633611151034
3210,inv_simpson,10,1,0.02748633611151034
3210,trait_volume,-4,-0.4,0.4624327264504763
3210,trait_dispersion,2,0.2,0.8064959405073402
3210,rao_q,-6,-0.6,0.2206713619198468
3210,feve,10,1,0.02748633611151034
3210,fdiv,2,0.2,0.8064959405073402
3211,corrected_richness,10,1,0.02748633611151034
3211,shannon,10,1,0.02748633611151034
3211,inv_simpson,10,1,0.02748633611151034
3211,trait_volume,-4,-0.4,0.4624327264504763
3211,trait_dispersion,2,0.2,0.8064959405073402
3211,rao_q,-6,-0.6,0.2206713619198468
3211,feve,10,1,0.02748633611151034
3211,fdiv,2,0.2,0.8064959405073402
3212,corrected_richness,10,1,0.02748633611151034
3212,shannon,10,1,0.02748633611151034
3212,inv_simpson,10,1,0.02748633611151034
3212,trait_volume,-4,-0.4,0.4624327264504763
3212,trait_dispersion,2,0.2,0.8064959405073402
3212,rao_q,-4,-0.4,0.4624327264504763
3212,feve,10,1,0.02748633611151034
3212,fdiv,2,0.2,0.8064959405073402
3213,corrected_richness,10,1,0.02748633611151034
3213,shannon,10,1,0.02748633611151034
3213,inv_simpson,10,1,0.02748633611151034
3213,trait_volume,-4,-0.4,0.4624327264504763
3213,trait_dispersion,4,0.4,0.4624327264504763
3213,rao_q,-4,-0.4,0.4624327264504763
3213,feve,10,1,0.02748633611151034
3213,fdiv,2,0.2,0.8064959405073402
3214,corrected_richness,10,1,0.02748633611151034
3214,shannon,10,1,0.02748633611151034
3214,inv_simpson,10,1,0.02748633611151034
3214,trait_volume,-2,-0.2,0.8064959405073402
3214,trait_dispersion,6,0.6,0.2206713619198468
3214,rao_q,-4,-0.4,0.4624327264504763
3214,feve,10,1,0.02748633611151034
3214,fdiv,2,0.2,0.8064959405073402
3215,corrected_richness,10,1,0.02748633611151034
3215,shannon,10,1,0.02748633611151034
3215,inv_simpson,10,1,0.02748633611151034
3215,trait_volume,-2,-0.2,0.8064959405073402
3215,trait_dispersion,6,0.6,0.2206713619198468
3215,rao_q,-2,-0.2,0.8064959405073402
3215,feve,10,1,0.02748633611151034
3215,fdiv,4,0.4,0.4624327264504763
3216,corrected_richness,10,1,0.02748633611151034
3216,shannon,10,1,0.02748633611151034
3216,inv_simpson,10,1,0.02748633611151034
3216,trait_volume,0,0,1
3216,trait_dispersion,6,0.6,0.2206713619198468
3216,rao_q,-2,-0.2,0.8064959405073402
3216,feve,10,1,0.02748633611151034
3216,fdiv,4,0.4,0.4624327264504763
3217,corrected_richness,10,1,0.02748633611151034
3217,shannon,10,1,0.02748633611151034
3217,inv_simpson,10,1,0.02748633611151034
3217,trait_volume,0,0,1
3217,trait_dispersion,6,0.6,0.2206713619198468
3217,rao_q,-2,-0.2,0.8064959405073402
3217,feve,10,1,0.02748633611151034
3217,fdiv,4,0.4,0.4624327264504763
3218,corrected_richness,10,1,0.02748633611151034
3218,shannon,10,1,0.02748633611151034
3218,inv_simpson,10,1,0.02748633611151034
3218,trait_volume,0,0,1
3218,trait_dispersion,6,0.6,0.2206713619198468
3218,rao_q,-2,-0.2,0.8064959405073402
3218,feve,10,1,0.02748633611151034
3218,fdiv,4,0.4,0.4624327264504763
3221,corrected_richness,10,1,0.02748633611151034
3221,shannon,10,1,0.02748633611151034
3221,inv_simpson,10,1,0.02748633611151034
3221,trait_volume,-2,-0.2,0.8064959405073402
3221,trait_dispersion,8,0.8,0.08641073297370003
3221,rao_q,-8,-0.8,0.08641073297370003
3221,feve,10,1,0.02748633611151034
3221,fdiv,2,0.2,0.8064959405073402
3222,corrected_richness,10,1,0.02748633611151034
3222,shannon,10,1,0.02748633611151034
3222,inv_simpson,10,1,0.02748633611151034
3222,trait_volume,-2,-0.2,0.8064959405073402
3222,trait_dispersion,8,0.8,0.08641073297370003
3222,rao_q,-8,-0.8,0.08641073297370003
3222,feve,10,1,0.02748633611151034
3222,fdiv,2,0.2,0.8064959405073402
3270,corrected_richness,10,1,0.02748633611151034
3270,shannon,10,1,0.02748633611151034
3270,inv_simpson,10,1,0.02748633611151034
3270,trait_volume,4,0.4,0.4624327264504763
3270,trait_dispersion,-10,-1,0.02748633611151034
3270,rao_q,4,0.4,0.4624327264504763
3270,feve,10,1,0.02748633611151034
3270,fdiv,6,0.6,0.2206713619198468
3271,corrected_richness,10,1,0.02748633611151034
3271,shannon,10,1,0.02748633611151034
3271,inv_simpson,10,1,0.02748633611151034
3271,trait_volume,4,0.4,0.4624327264504763
3271,trait_dispersion,-10,-1,0.02748633611151034
3271,rao_q,2,0.2,0.8064959405073402
3271,feve,10,1,0.02748633611151034
3271,fdiv,6,0.6,0.2206713619198468
3272,corrected_richness,10,1,0.02748633611151034
3272,shannon,10,1,0.02748633611151034
3272,inv_simpson,10,1,0.02748633611151034
3272,trait_volume,2,0.2,0.8064959405073402
3272,trait_dispersion,-10,-1,0.02748633611151034
3272,rao_q,0,0,1
3272,feve,10,1,0.02748633611151034
3272,fdiv,6,0.6,0.2206713619198468
3273,corrected_richness,10,1,0.02748633611151034
3273,shannon,10,1,0.02748633611151034
3273,inv_simpson,10,1,0.02748633611151034
3273,trait_volume,2,0.2,0.8064959405073402
3273,trait_dispersion,-10,-1,0.02748633611151034
3273,rao_q,-2,-0.2,0.8064959405073402
3273,feve,10,1,0.02748633611151034
3273,fdiv,6,0.6,0.2206713619198468
3275,corrected_richness,10,1,0.02748633611151034
3275,shannon,10,1,0.02748633611151034
3275,inv_simpson,10,1,0.02748633611151034
3275,trait_volume,-4,-0.4,0.4624327264504763
3275,trait_dispersion,-6,-0.6,0.2206713619198468
3275,rao_q,-8,-0.8,0.08641073297370003
3275,feve,10,1,0.02748633611151034
3275,fdiv,6,0.6,0.2206713619198468
3278,corrected_richness,10,1,0.02748633611151034
3278,shannon,10,1,0.02748633611151034
3278,inv_simpson,10,1,0.02748633611151034
3278,trait_volume,-6,-0.6,0.2206713619198468
3278,trait_dispersion,-6,-0.6,0.2206713619198468
3278,rao_q,-8,-0.8,0.08641073297370003
3278,feve,10,1,0.02748633611151034
3278,fdiv,4,0.4,0.4624327264504763
3279,corrected_richness,10,1,0.02748633611151034
3279,shannon,10,1,0.02748633611151034
3279,inv_simpson,10,1,0.02748633611151034
3279,trait_volume,-6,-0.6,0.2206713619198468
3279,trait_dispersion,-4,-0.4,0.4624327264504763
3279,rao_q,-8,-0.8,0.08641073297370003
3279,feve,10,1,0.02748633611151034
3279,fdiv,2,0.2,0.8064959405073402
3280,corrected_richness,10,1,0.02748633611151034
3280,shannon,10,1,0.02748633611151034
3280,inv_simpson,10,1,0.02748633611151034
3280,trait_volume,-6,-0.6,0.2206713619198468
3280,trait_dispersion,-2,-0.2,0.8064959405073402
3280,rao_q,-6,-0.6,0.2206713619198468
3280,feve,10,1,0.02748633611151034
3280,fdiv,2,0.2,0.8064959405073402
3281,corrected_richness,10,1,0.02748633611151034
3281,shannon,10,1,0.02748633611151034
3281,inv_simpson,10,1,0.02748633611151034
3281,trait_volume,-6,-0.6,0.2206713619198468
3281,trait_dispersion,-2,-0.2,0.8064959405073402
3281,rao_q,-6,-0.6,0.2206713619198468
3281,feve,10,1,0.02748633611151034
3281,fdiv,2,0.2,0.8064959405073402
3282,corrected_richness,10,1,0.02748633611151034
3282,shannon,10,1,0.02748633611151034
3282,inv_simpson,10,1,0.02748633611151034
3282,trait_volume,-4,-0.4,0.4624327264504763
3282,trait_dispersion,-2,-0.2,0.8064959405073402
3282,rao_q,-6,-0.6,0.2206713619198468
3282,feve,10,1,0.02748633611151034
3282,fdiv,2,0.2,0.8064959405073402
3283,corrected_richness,10,1,0.02748633611151034
3283,shannon,10,1,0.02748633611151034
3283,inv_simpson,10,1,0.02748633611151034
3283,trait_volume,-4,-0.4,0.4624327264504763
3283,trait_dispersion,2,0.2,0.8064959405073402
3283,rao_q,-4,-0.4,0.4624327264504763
3283,feve,10,1,0.02748633611151034
3283,fdiv,2,0.2,0.8064959405073402
3284,corrected_richness,10,1,0.02748633611151034
3284,shannon,10,1,0.02748633611151034
3284,inv_simpson,10,1,0.02748633611151034
3284,trait_volume,-4,-0.4,0.4624327264504763
3284,trait_dispersion,2,0.2,0.8064959405073402
3284,rao_q,-4,-0.4,0.4624327264504763
3284,feve,10,1,0.02748633611151034
3284,fdiv,0,0,1
3285,corrected_richness,10,1,0.02748633611151034
3285,shannon,10,1,0.02748633611151034
3285,inv_simpson,10,1,0.02748633611151034
3285,trait_volume,-4,-0.4,0.4624327264504763
3285,trait_dispersion,2,0.2,0.8064959405073402
3285,rao_q,-4,-0.4,0.4624327264504763
3285,feve,10,1,0.02748633611151034
3285,fdiv,0,0,1
3286,corrected_richness,10,1,0.02748633611151034
3286,shannon,10,1,0.02748633611151034
3286,inv_simpson,10,1,0.02748633611151034
3286,trait_volume,-4,-0.4,0.4624327264504763
3286,trait_dispersion,4,0.4,0.4624327264504763
3286,rao_q,-4,-0.4,0.4624327264504763
3286,feve,10,1,0.02748633611151034
3286,fdiv,0,0,1
3287,corrected_richness,10,1,0.02748633611151034
3287,shannon,10,1,0.02748633611151034
3287,inv_simpson,10,1,0.02748633611151034
3287,trait_volume,-2,-0.2,0.8064959405073402
3287,trait_dispersion,6,0.6,0.2206713619198468
3287,rao_q,-2,-0.2,0.8064959405073402
3287,feve,10,1,0.02748633611151034
3287,fdiv,2,0.2,0.8064959405073402
3293,corrected_richness,10,1,0.02748633611151034
3293,shannon,10,1,0.02748633611151034
3293,inv_simpson,10,1,0.02748633611151034
3293,trait_volume,-2,-0.2,0.8064959405073402
3293,trait_dispersion,8,0.8,0.08641073297370003
3293,rao_q,-6,-0.6,0.2206713619198468
3293,feve,10,1,0.02748633611151034
3293,fdiv,2,0.2,0.8064959405073402
3294,corrected_richness,10,1,0.02748633611151034
3294,shannon,10,1,0.02748633611151034
3294,inv_simpson,10,1,0.02748633611151034
3294,trait_volume,-2,-0.2,0.8064959405073402
3294,trait_dispersion,8,0.8,0.08641073297370003
3294,rao_q,-8,-0.8,0.08641073297370003
3294,feve,10,1,0.02748633611151034
3294,fdiv,2,0.2,0.8064959405073402
3295,corrected_richness,10,1,0.02748633611151034
3295,shannon,10,1,0.02748633611151034
3295,inv_simpson,10,1,0.02748633611151034
3295,trait_volume,-2,-0.2,0.8064959405073402
3295,trait_dispersion,8,0.8,0.08641073297370003
3295,rao_q,-8,-0.8,0.08641073297370003
3295,feve,10,1,0.02748633611151034
3295,fdiv,2,0.2,0.8064959405073402
3343,corrected_richness,10,1,0.02748633611151034
3343,shannon,10,1,0.02748633611151034
3343,inv_simpson,10,1,0.02748633611151034
3343,trait_volume,2,0.2,0.8064959405073402
3343,trait_dispersion,-10,-1,0.02748633611151034
3343,rao_q,0,0,1
3343,feve,10,1,0.02748633611151034
3343,fdiv,6,0.6,0.2206713619198468
3344,corrected_richness,10,1,0.02748633611151034
3344,shannon,10,1,0.02748633611151034
3344,inv_simpson,10,1,0.02748633611151034
3344,trait_volume,-4,-0.4,0.4624327264504763
3344,trait_dispersion,-10,-1,0.02748633611151034
3344,rao_q,-4,-0.4,0.4624327264504763
3344,feve,10,1,0.02748633611151034
3344,fdiv,6,0.6,0.2206713619198468
3345,corrected_richness,10,1,0.02748633611151034
3345,shannon,10,1,0.02748633611151034
3345,inv_simpson,10,1,0.02748633611151034
3345,trait_volume,-8,-0.8,0.08641073297370003
3345,trait_dispersion,-10,-1,0.02748633611151034
3345,rao_q,-8,-0.8,0.08641073297370003
3345,feve,10,1,0.02748633611151034
3345,fdiv,6,0.6,0.2206713619198468
3351,corrected_richness,10,1,0.02748633611151034
3351,shannon,10,1,0.02748633611151034
3351,inv_simpson,10,1,0.02748633611151034
3351,trait_volume,-6,-0.6,0.2206713619198468
3351,trait_dispersion,-4,-0.4,0.4624327264504763
3351,rao_q,-6,-0.6,0.2206713619198468
3351,feve,10,1,0.02748633611151034
3351,fdiv,2,0.2,0.8064959405073402
3352,corrected_richness,10,1,0.02748633611151034
3352,shannon,10,1,0.02748633611151034
3352,inv_simpson,10,1,0.02748633611151034
3352,trait_volume,-6,-0.6,0.2206713619198468
3352,trait_dispersion,-4,-0.4,0.4624327264504763
3352,rao_q,-6,-0.6,0.2206713619198468
3352,feve,10,1,0.02748633611151034
3352,fdiv,2,0.2,0.8064959405073402
3353,corrected_richness,10,1,0.02748633611151034
3353,shannon,10,1,0.02748633611151034
3353,inv_simpson,10,1,0.02748633611151034
3353,trait_volume,-6,-0.6,0.2206713619198468
3353,trait_dispersion,-2,-0.2,0.8064959405073402
3353,rao_q,-6,-0.6,0.2206713619198468
3353,feve,10,1,0.02748633611151034
3353,fdiv,2,0.2,0.8064959405073402
3354,corrected_richness,10,1,0.02748633611151034
3354,shannon,10,1,0.02748633611151034
3354,inv_simpson,10,1,0.02748633611151034
3354,trait_volume,-4,-0.4,0.4624327264504763
3354,trait_dispersion,-2,-0.2,0.8064959405073402
3354,rao_q,-6,-0.6,0.2206713619198468
3354,feve,10,1,0.02748633611151034
3354,fdiv,2,0.2,0.8064959405073402
3355,corrected_richness,10,1,0.02748633611151034
3355,shannon,10,1,0.02748633611151034
3355,inv_simpson,10,1,0.02748633611151034
3355,trait_volume,-4,-0.4,0.4624327264504763
3355,trait_dispersion,0,0,1
3355,rao_q,-4,-0.4,0.4624327264504763
3355,feve,10,1,0.02748633611151034
3355,fdiv,2,0.2,0.8064959405073402
3356,corrected_richness,10,1,0.02748633611151034
3356,shannon,10,1,0.02748633611151034
3356,inv_simpson,10,1,0.02748633611151034
3356,trait_volume,-4,-0.4,0.4624327264504763
3356,trait_dispersion,2,0.2,0.8064959405073402
3356,rao_q,-4,-0.4,0.4624327264504763
3356,feve,10,1,0.02748633611151034
3356,fdiv,0,0,1
3357,corrected_richness,10,1,0.02748633611151034
3357,shannon,10,1,0.02748633611151034
3357,inv_simpson,10,1,0.02748633611151034
3357,trait_volume,-4,-0.4,0.4624327264504763
3357,trait_dispersion,2,0.2,0.8064959405073402
3357,rao_q,-4,-0.4,0.4624327264504763
3357,feve,10,1,0.02748633611151034
3357,fdiv,0,0,1
3426,corrected_richness,10,1,0.02748633611151034
3426,shannon,10,1,0.02748633611151034
3426,inv_simpson,10,1,0.02748633611151034
3426,trait_volume,-4,-0.4,0.4624327264504763
3426,trait_dispersion,-2,-0.2,0.8064959405073402
3426,rao_q,-4,-0.4,0.4624327264504763
3426,feve,10,1,0.02748633611151034
3426,fdiv,2,0.2,0.8064959405073402
3427,corrected_richness,10,1,0.02748633611151034
3427,shannon,10,1,0.02748633611151034
3427,inv_simpson,10,1,0.02748633611151034
3427,trait_volume,-4,-0.4,0.4624327264504763
3427,trait_dispersion,0,0,1
3427,rao_q,-4,-0.4,0.4624327264504763
3427,feve,10,1,0.02748633611151034
3427,fdiv,2,0.2,0.8064959405073402
3497,corrected_richness,10,1,0.02748633611151034
3497,shannon,10,1,0.02748633611151034
3497,inv_simpson,10,1,0.02748633611151034
3497,trait_volume,-2,-0.2,0.8064959405073402
3497,trait_dispersion,-2,-0.2,0.8064959405073402
3497,rao_q,-2,-0.2,0.8064959405073402
3497,feve,10,1,0.02748633611151034
3497,fdiv,2,0.2,0.8064959405073402
3498,corrected_richness,10,1,0.02748633611151034
3498,shannon,10,1,0.02748633611151034
3498,inv_simpson,10,1,0.02748633611151034
3498,trait_volume,-2,-0.2,0.8064959405073402
3498,trait_dispersion,-2,-0.2,0.8064959405073402
3498,rao_q,-2,-0.2,0.8064959405073402
3498,feve,10,1,0.02748633611151034
3498,fdiv,2,0.2,0.8064959405073402
3499,corrected_richness,10,1,0.02748633611151034
3499,shannon,10,1,0.02748633611151034
3499,inv_simpson,10,1,0.02748633611151034
3499,trait_volume,-2,-0.2,0.8064959405073402
3499,trait_dispersion,0,0,1
3499,rao_q,-2,-0.2,0.8064959405073402
3499,feve,10,1,0.02748633611151034
3499,fdiv,0,0,1
3568,corrected_richness,10,1,0.02748633611151034
3568,shannon,10,1,0.02748633611151034
3568,inv_simpson,10,1,0.02748633611151034
3568,trait_volume,-2,-0.2,0.8064959405073402
3568,trait_dispersion,-4,-0.4,0.4624327264504763
3568,rao_q,-2,-0.2,0.8064959405073402
3568,feve,10,1,0.02748633611151034
3568,fdiv,2,0.2,0.8064959405073402
3569,corrected_richness,10,1,0.02748633611151034
3569,shannon,10,1,0.02748633611151034
3569,inv_simpson,10,1,0.02748633611151034
3569,trait_volume,-2,-0.2,0.8064959405073402
3569,trait_dispersion,-2,-0.2,0.8064959405073402
3569,rao_q,-2,-0.2,0.8064959405073402
3569,feve,10,1,0.02748633611151034
3569,fdiv,2,0.2,0.8064959405073402
3570,corrected_richness,10,1,0.02748633611151034
3570,shannon,10,1,0.02748633611151034
3570,inv_simpson,10,1,0.02748633611151034
3570,trait_volume,-2,-0.2,0.8064959405073402
3570,trait_dispersion,-2,-0.2,0.8064959405073402
3570,rao_q,-2,-0.2,0.8064959405073402
3570,feve,10,1,0.02748633611151034
3570,fdiv,0,0,1
3571,corrected_richness,10,1,0.02748633611151034
3571,shannon,10,1,0.02748633611151034
3571,inv_simpson,10,1,0.02748633611151034
3571,trait_volume,-2,-0.2,0.8064959405073402
3571,trait_dispersion,0,0,1
3571,rao_q,-2,-0.2,0.8064959405073402
3571,feve,10,1,0.02748633611151034
3571,fdiv,0,0,1
3641,corrected_richness,10,1,0.02748633611151034
3641,shannon,10,1,0.02748633611151034
3641,inv_simpson,10,1,0.02748633611151034
3641,trait_volume,-2,-0.2,0.8064959405073402
3641,trait_dispersion,-2,-0.2,0.8064959405073402
3641,rao_q,-2,-0.2,0.8064959405073402
3641,feve,10,1,0.02748633611151034
3641,fdiv,0,0,1
3642,corrected_richness,10,1,0.02748633611151034
3642,shannon,10,1,0.02748633611151034
3642,inv_simpson,10,1,0.02748633611151034
3642,trait_volume,-2,-0.2,0.8064959405073402
3642,trait_dispersion,-2,-0.2,0.8064959405073402
3642,rao_q,-2,-0.2,0.8064959405073402
3642,feve,10,1,0.02748633611151034
3642,fdiv,0,0,1
