species,method,mean,sd,q025,q25,median,q75,q975,p_positive,p_negative
Passer montanus,theil_sen,0.023981263571896266,0.006551595679168214,0.011981365618438135,0.01962425239180071,0.023363032134313677,0.02782245069990076,0.03755719898099665,1,0
Pycnonotus sinensis,theil_sen,0.022147554473338642,0.005984024225357944,0.010557873121069036,0.01800765661257711,0.022566616066621477,0.026232962543213688,0.033217809887551866,1,0
Hirundo rustica,theil_sen,0.025511817132901026,0.0072079687735742744,0.011801974641426908,0.02033988952780789,0.025518653710010816,0.030552075830476012,0.03967616871365432,1,0
Spilopelia chinensis,theil_sen,0.046146883000182166,0.007110139604000375,0.03164467842815341,0.041654405651075914,0.04599695201483989,0.050941130896987916,0.059694370685922635,1,0
Pica serica,theil_sen,0.07124272209563931,0.007553990681422829,0.05728781599877789,0.06634769711364369,0.07100169716252983,0.07599398796145984,0.08773641257270107,1,0
Motacilla alba,theil_sen,0.00688123554212572,0.005666893707006696,-0.0015886598346603255,0.002947176137653419,0.005998367415961409,0.00968143317024913,0.02097669281549105,0.9225,0.0775
Turdus mandarinus,theil_sen,0.02560356585256259,0.007031795589537357,0.01220925012467208,0.021116420715713166,0.025907075887076424,0.030189541193719763,0.039014562979544816,1,0
Egretta garzetta,theil_sen,0.03817901833514818,0.009167358981282726,0.01820864735908021,0.03281300677488085,0.03858838339743639,0.04472856005891375,0.054219046273071586,1,0
Parus minor,theil_sen,0.012133222254565814,0.008158922787826635,-0.005222809522940331,0.006418437488860344,0.012129766544463204,0.01783274063619122,0.027435731472740185,0.9325,0.0675
Cyanopica cyanus,theil_sen,0.021652908166868805,0.008079910839343611,0.0037188034019935024,0.016794835757874185,0.022291026029051624,0.02712805275237087,0.037630089983660575,0.9875,0.0125
Streptopelia orientalis,theil_sen,0.019638656558180315,0.013283038110868462,-0.007451511596619001,0.010396163125334285,0.02006941641727535,0.029191167140504543,0.04423505593562045,0.9225,0.0775
Tachybaptus ruficollis,theil_sen,0.0602378452468498,0.010007304520166517,0.04023879626813631,0.05433523168244258,0.06027510801217274,0.06627548903540381,0.08098201235348554,1,0
Nycticorax nycticorax,theil_sen,0.0571017884522909,0.012208081403482998,0.03219644469166186,0.04920483519659041,0.057543469117382416,0.06621078214606518,0.08014676830740577,1,0
Gallinula chloropus,theil_sen,0.06406586337508373,0.011570149003293033,0.042839091975408465,0.0556631012387799,0.06502975838404357,0.0716224264224822,0.08703404312665565,1,0
Sinosuthora webbiana,theil_sen,0.026833052781512906,0.008158860205978702,0.011710950853817976,0.021036453011369118,0.02700504966250323,0.032345533083553674,0.04188002801194813,1,0
Chloris sinica,theil_sen,0.008379091626681035,0.00618708357895176,-0.0035056195442487387,0.0042828189655678296,0.008274275454036896,0.012442179225225138,0.020399236237162346,0.92,0.08
Cecropis daurica,theil_sen,-7.394183523328736e-4,0.007729152201054908,-0.015331959608940876,-0.0060750833804942665,-2.699467937241166e-4,0.004798544345136303,0.012564988539833706,0.4775,0.5225
Acridotheres cristatellus,theil_sen,0.016541196725660748,0.00732546533828152,0.002085766169715233,0.011643092162729803,0.016364020198358073,0.021402946005440522,0.03069160304752062,0.99,0.01
Ardeola bacchus,theil_sen,0.01374287025786129,0.009151984253435011,-0.0043089397588776755,0.008028398622641776,0.014234065246687347,0.019531749503310953,0.032251129440976245,0.91,0.09
Copsychus saularis,theil_sen,0.010549668197358869,0.004671329573060595,0.0011934181738865316,0.007453000288311626,0.010163147980999035,0.01388048015932446,0.0195978516247046,0.98,0.02
Ardea cinerea,theil_sen,0.05992632167091115,0.012179192387941004,0.03777486939902776,0.051643140073277916,0.059082259292908425,0.06804748246368977,0.084017256082487,1,0
Anas platyrhynchos,theil_sen,0.04707878646273529,0.011075181003556107,0.02677148318737679,0.03992954811992429,0.04672130594699189,0.05474234128574078,0.06806192622170841,1,0
Lanius schach,theil_sen,0.02777081216958363,0.005665243131424991,0.01646925704959477,0.024203018770501614,0.027952094266064913,0.031840931089911394,0.03791774098338637,1,0
Spodiopsar cineraceus,theil_sen,0.06254861605306378,0.010657280986771978,0.04477228102308399,0.05513978198271555,0.06215494826516633,0.06929032493836018,0.08420075114989291,1,0
Alcedo atthis,theil_sen,0.016456971254577596,0.007724052117317045,0.0023401669942861355,0.010959281564186681,0.016393500583217896,0.02195263105980007,0.03132116277507977,0.985,0.015
Anas zonorhyncha,theil_sen,0.04118666743779016,0.010555078881756259,0.020598307409428983,0.03441184514620198,0.04126501643219116,0.04865414123027262,0.06063193560066559,1,0
Phasianus colchicus,theil_sen,0.04838836425838814,0.009704766083648442,0.028703672808313662,0.042374132343522095,0.04853517970585824,0.05492867845089512,0.06621972342923352,1,0
Zosterops simplex,theil_sen,0.00982705126380311,0.0052180206399927865,-6.566632948967092e-4,0.006376098671964484,0.009960394052302143,0.01323155259255995,0.02105424965775925,0.9625,0.0375
Cuculus canorus,theil_sen,0.03730371476266919,0.008341554652412386,0.020902350841639508,0.03202012868640325,0.03737478096671047,0.04268102201876543,0.05501064244834972,1,0
Corvus macrorhynchos,theil_sen,0.024982919490758992,0.016208345526881635,-0.007631387334013966,0.013360148562283061,0.02578324852526867,0.03650810720685694,0.05520278391706865,0.93,0.07
Upupa epops,theil_sen,0.03657048164753714,0.008083415068699152,0.020867733051800244,0.031263996502889246,0.03688570024516391,0.0415163467156995,0.05252636625042283,0.9975,0.0025
Dendrocopos major,theil_sen,0.00871472322058447,0.011793606708634,-0.015710334076724772,0.001009809841607326,0.008564294344025038,0.016595247227528424,0.030389026748918233,0.7675,0.2325
Spodiopsar sericeus,theil_sen,0.03811302288571343,0.0088112377077815,0.02288612507575913,0.032142852728661235,0.03824343569259882,0.043260058810485405,0.05652187460692265,1,0
Dicrurus macrocercus,theil_sen,-0.006773202162673929,0.006724414425397445,-0.020027954450909987,-0.011133209695434257,-0.006500159428039829,-0.0018722854261524913,0.005552012954045802,0.155,0.845
Spizixos semitorques,theil_sen,0.028873906490983918,0.006416873943399695,0.016171402034156575,0.024995173456056136,0.028952953265683805,0.03332473913208138,0.04047970189169145,1,0
Phoenicurus auroreus,theil_sen,0.004346270424170328,0.007294063563612145,-0.010502418528142115,-7.120726479848509e-4,0.005047883849076951,0.009305053715085644,0.01781149458129515,0.73,0.27
Ardea alba,theil_sen,0.02788510538729881,0.011215729340563734,0.007211031442721079,0.020893983377814195,0.02718505434633843,0.03514339759662175,0.0500459246485027,0.995,0.005
Himantopus himantopus,theil_sen,0.07679307336916057,0.01109376557062568,0.0511937158225445,0.07013840213546889,0.07779544434438382,0.0841111961674425,0.09632612763818034,1,0
Urocissa erythroryncha,theil_sen,0.04270690011437696,0.014217099507267137,0.013181641397979492,0.03430378124634682,0.04276492327958745,0.051920388772989184,0.06907247211750742,0.9975,0.0025
Aegithalos concinnus,theil_sen,0.010397665681035374,0.005967138607758959,-0.00154607343039607,0.006618972660624995,0.010734623034759652,0.014345896558057878,0.02280125923985742,0.9525,0.0475
Lanius cristatus,theil_sen,0.0026414037371537773,0.0074425868923617185,-0.012958075086634338,-0.002485274512111682,0.0026131362591449714,0.0077715314927001185,0.016983665232201847,0.6425,0.3575
Fulica atra,theil_sen,0.10830167593388759,0.013836755471504274,0.08208685837137611,0.09917363663587526,0.10820463629521615,0.11802122031699187,0.13329995883434462,1,0
Horornis fortipes,theil_sen,0.014461322371689511,0.008424974379751,-0.00116349830268511,0.00914315134251751,0.01457357292202391,0.02003182847372604,0.031044526771699714,0.965,0.035
Eophona migratoria,theil_sen,0.013316238458266197,0.01176344723884818,-0.01130761823045508,0.006096265990360875,0.013440805753445782,0.02030805590644216,0.03809657440971517,0.8525,0.1475
Podiceps cristatus,theil_sen,0.06071257456322998,0.013074722192953407,0.03591962930858422,0.051977851850670255,0.06058042200346338,0.07012462079748161,0.084999491558034,1,0
Picus canus,theil_sen,0.001939843987000256,0.014320021705573715,-0.024086840409539855,-0.007674908736760917,0.0011295215197421418,0.011544078942533561,0.029879068643845666,0.53,0.47
Phylloscopus inornatus,theil_sen,0.028619295822297663,0.008841882041064753,0.011511272354459987,0.022879017239327726,0.028127358500369855,0.03419244811442548,0.04685770796055866,0.9975,0.0025
Pterorhinus sannio,theil_sen,0.040121388360281264,0.005686434908146795,0.028661381874127676,0.03613495084550612,0.04033641131481881,0.04401679600545583,0.05059872311927742,1,0
Motacilla cinerea,theil_sen,0.016024688857739777,0.011869827945092852,-0.004973538413178506,0.007459255851867356,0.016055708880629037,0.023688985458164072,0.0392547363530097,0.9225,0.0775
Sterna hirundo,theil_sen,0.04512130710174857,0.012801847367707866,0.019743726397376787,0.03725797774493002,0.046267433653415166,0.0535370169278223,0.06885205222271282,1,0
Falco tinnunculus,theil_sen,0.041144115873873476,0.00843484548996305,0.024261237385442558,0.03584409626651561,0.041183426783503105,0.046994226609419924,0.05688226377167074,1,0
Hypsipetes leucocephalus,theil_sen,0.007398550271389706,0.005863380623750582,-0.004038762700990314,0.0033858903592564934,0.007742730665372194,0.011642993965550626,0.018264533684318972,0.88,0.12
Apus apus,theil_sen,0.005213468917821354,0.007395712124883409,-0.009988760546036618,5.692729453756102e-4,0.005692214576691487,0.009655124983260724,0.019452813527887247,0.77,0.23
Cuculus micropterus,theil_sen,0.01925211210329027,0.00844716563242578,0.0018033082790489324,0.013636358833754553,0.01936414840145031,0.024527021535919957,0.03571328117503938,0.9825,0.0175
Phalacrocorax carbo,theil_sen,0.03386396032240824,0.013311655868427766,0.007818690627045108,0.025490280263394508,0.03423969776011212,0.04266953466890268,0.058435262833459053,0.99,0.01
Phoenicurus fuliginosus,theil_sen,0.02535301636842581,0.008530138033277138,0.0063303432815376886,0.020127226655040523,0.02639297440393512,0.031239887098510284,0.0393386652517978,0.9975,0.0025
Prinia inornata,theil_sen,0.02322909838383287,0.006558980804395969,0.010091857507676686,0.01869749746848525,0.0230071351873866,0.02751575626002842,0.03735741595549896,1,0
Milvus migrans,theil_sen,0.019529450055389617,0.017716847949519183,-0.016839447827569354,0.008287826721342956,0.02012296139390908,0.03279350435541566,0.051695371452961554,0.8575,0.1425
Bubulcus coromandus,theil_sen,5.182899073813109e-4,0.01132960314875285,-0.020457713604778577,-0.007114776478187614,0.0010126512589059486,0.008684892730112404,0.02145108631758585,0.525,0.475
Phylloscopus proregulus,theil_sen,0.012618855462027033,0.008210824859430161,-0.004502643072409205,0.0077025239412506635,0.012521236057896845,0.017691670683055938,0.02824105092231787,0.9375,0.0625
Acrocephalus orientalis,theil_sen,0.05049549928693957,0.012732792931755903,0.02631169713821851,0.04167507120845218,0.051389508712902016,0.05922771674446572,0.07376555923792322,1,0
Aegithalos glaucogularis,theil_sen,0.03366186708162646,0.008540610741660326,0.016979692451653445,0.028037376651465305,0.033329547264280265,0.04003516947605823,0.049940519324468184,1,0
Eudynamys scolopaceus,theil_sen,0.019974820757961802,0.006668885179788198,0.00797169202791662,0.015153373893450056,0.019569984715599818,0.024384111095627485,0.033774254231011255,0.9975,0.0025
Anthus hodgsoni,theil_sen,-0.008752690955666362,0.013279192805054926,-0.0355195664949081,-0.01743625108765978,-0.008110960009608894,-2.1304786794500846e-4,0.0171039494911844,0.2475,0.7525
Pterorhinus perspicillatus,theil_sen,0.03886642817003689,0.009016971635715847,0.01971328256064681,0.033251633834774884,0.03924854332528029,0.04515819634261002,0.05552827782415998,1,0
Charadrius dubius,theil_sen,0.03168025923822069,0.01193433281225436,0.0049547797563053554,0.024642263284323306,0.03220379498279162,0.03976422815925736,0.05460680349759644,0.99,0.01
Poecile palustris,theil_sen,0.02629506886516109,0.00811550418498147,0.008458114842185237,0.02195172356131679,0.02632799671433838,0.031916154148726124,0.04016564687298766,0.995,0.005
Actitis hypoleucos,theil_sen,0.02360642153361238,0.014175686612776423,-0.004160730195611446,0.01456021974893671,0.023261271970470246,0.03236806449608089,0.052114772064446875,0.9575,0.0425
Tadorna ferruginea,theil_sen,0.04784356059141344,0.010701060497294987,0.025046203334736117,0.0407094666441163,0.04843281355771509,0.054864870220194324,0.06740174900076097,1,0
Passer cinnamomeus,theil_sen,0.03298498411989807,0.013510604137661763,0.004779688311884435,0.023824349470268888,0.03361151117936343,0.04351256521226801,0.05737275629201867,0.9825,0.0175
Vanellus cinereus,theil_sen,0.07784268716139373,0.012894000655828143,0.052158810953157525,0.06921941763562389,0.07903013084218484,0.08646598459852733,0.1011782073488354,1,0
Pycnonotus xanthorrhous,theil_sen,0.030411344619659986,0.006560860433651697,0.018629085518465593,0.025954974668639982,0.030692838808930707,0.034743586786742026,0.04405640908296505,1,0
Emberiza spodocephala,theil_sen,0.013800277434978912,0.011463158051702262,-0.00796249102957339,0.00572447313713401,0.013533600248314967,0.021171144573355304,0.03839830096474534,0.8875,0.1125
Ixobrychus sinensis,theil_sen,0.030793553848668588,0.015294115719873604,0.0035773543684407064,0.020508467411798036,0.030656267242770582,0.042294154850243675,0.06200459958154895,0.9825,0.0175
Oriolus chinensis,theil_sen,0.013672520572291376,0.007380701825389991,-6.65412496443476e-4,0.009029385198123983,0.013572950903360068,0.018635368331022417,0.02789126929597031,0.9675,0.0325
Emberiza pusilla,theil_sen,0.01507868989697184,0.010941681690297085,-0.006625354058220154,0.00806686848091168,0.014666566331027022,0.02187987357683186,0.03755276978264825,0.925,0.075
Chroicocephalus ridibundus,theil_sen,0.058677034665534075,0.011328975199143105,0.03417933115410551,0.05200481601924159,0.059170141204971986,0.06564003670088545,0.07891361998314828,1,0
Pycnonotus jocosus,theil_sen,0.01667190420412127,0.0035681699784419966,0.0091514063588446,0.014246256937794483,0.017009681531364673,0.019369839547806345,0.022836388876107068,1,0
Streptopelia decaocto,theil_sen,0.03298728860595439,0.0083737616174433,0.015627107097055216,0.027732476664009652,0.033403753796260593,0.03838833623366921,0.04974353782949711,1,0
Pomatorhinus ruficollis,theil_sen,0.01842395931545488,0.006263783794050351,0.006034912390048844,0.014710713687380618,0.018495815385730027,0.022668883449848305,0.03091670746194797,1,0
Bambusicola thoracicus,theil_sen,0.019820155526778627,0.007646613433556693,0.0026818912761825586,0.015077949087427467,0.020120714192297943,0.02487085304064629,0.03402445357702328,0.99,0.01
Pardaliparus venustulus,theil_sen,-0.005403321909004834,0.012168212663503332,-0.03017444700677018,-0.013354217067407722,-0.005706901636256249,0.002572271347669131,0.017282808156038023,0.3175,0.6825
Ficedula albicilla,theil_sen,0.003741627125710972,0.008945617905942373,-0.013744619041429438,-0.002133649133037867,0.0042715309702493,0.009479422677938568,0.020246322682005463,0.655,0.345
Picoides canicapillus,theil_sen,0.08183178698631284,0.01587438011073613,0.046304354105366624,0.07299753547398367,0.08346922284834579,0.09301692814799435,0.10933486685862108,1,0
Hemixos castanonotus,theil_sen,0.021332574756344307,0.003879317421011174,0.01352661138496757,0.018874100032407824,0.021523698778519472,0.023943760789519014,0.028804973439236808,1,0
Tringa glareola,theil_sen,0.01905971877634326,0.01825920666741684,-0.01953557464565248,0.008888755744654902,0.01904819067962967,0.03220714384649361,0.05147706294577704,0.85,0.15
Abroscopus albogularis,theil_sen,0.026147354894404652,0.008729516683125991,0.007830557830327605,0.020497001838247993,0.026518757618655735,0.0318796732751743,0.04410571760664114,0.9975,0.0025
Saxicola stejnegeri,theil_sen,0.042308369890346004,0.012334471737787152,0.021077249058512867,0.0332150521673342,0.04134826943199992,0.0506228137933617,0.06901869521202572,1,0
Garrulus glandarius,theil_sen,0.003099373100638247,0.012769057962286678,-0.021918799760597622,-0.005981185862693628,0.0028601785277731417,0.011468498799422211,0.02911089125247786,0.5975,0.4025
Chlidonias hybrida,theil_sen,0.07687810372262678,0.01339598760627445,0.04874059621209987,0.06820307179177655,0.07810041377724738,0.08581114952965854,0.0998180781980395,1,0
Corvus corone,theil_sen,0.03599289059981846,0.012180176228119148,0.011859983038050756,0.02774149037938225,0.03617488502685651,0.04449860832298773,0.05866038178229535,0.9975,0.0025
Trochalopteron elliotii,theil_sen,-0.006117808438476526,0.007599859581338337,-0.021986688643925764,-0.011251605415861298,-0.005462681821476524,-7.988450590845084e-4,0.0078281180431398,0.2175,0.7825
Parus monticolus,theil_sen,0.009607901917643517,0.0076268321197894545,-0.0063531529756337135,0.004573781964252741,0.010160670812177064,0.014762267258635045,0.022851734875945703,0.89,0.11
Phylloscopus fuscatus,theil_sen,0.019508055445914673,0.013822698929328038,-0.008340164354527517,0.010618222434423352,0.019815842814795065,0.028642164952301784,0.048372646008533825,0.91,0.09
Myophonus caeruleus,theil_sen,0.01855202950891046,0.00797528598566302,0.0031680636891394344,0.012848757228478128,0.018942686242486836,0.024688751223561445,0.033087379592216984,0.995,0.005
Pyrrhocorax pyrrhocorax,theil_sen,0.0021883636533304935,0.007865595206122507,-0.01312430072363854,-0.0031015746358798706,0.002406310357909853,0.00782349131216348,0.017262481658279462,0.6125,0.3875
Ficedula zanthopygia,theil_sen,0.00868114253948211,0.0133141791548355,-0.0160241360969946,1.303673854327076e-4,0.00867099554809056,0.01719910234146446,0.033873514012956185,0.75,0.25
Pericrocotus cantonensis,theil_sen,0.0036497467262555073,0.00855592675949483,-0.01278816432084304,-0.0018249471670195787,0.0035949956843516102,0.009111071646279622,0.020586049488072317,0.67,0.33
Ixos mcclellandii,theil_sen,0.031166692640570082,0.005601048616400531,0.020583413645768437,0.027515682351052805,0.03129760981271208,0.03465960867275296,0.04236111113410563,1,0
Tringa nebularia,theil_sen,0.04340642015942961,0.014343811046392605,0.015164601381108566,0.03383674397046884,0.04355729715448639,0.054614109148769685,0.0695518021539931,0.9975,0.0025
Dicrurus hottentottus,theil_sen,-0.005559693755155136,0.009133707939247546,-0.026902567800686807,-0.010591049545256682,-0.00473175992995253,3.6451026195816893e-4,0.010106823978745658,0.275,0.725
Gracupica nigricollis,theil_sen,0.020051636032350575,0.005559283314660898,0.008276471900060442,0.016820499360220224,0.020830354907408373,0.023686519328586165,0.03036656837455718,1,0
Tringa totanus,theil_sen,0.04434087501621532,0.012880521991486234,0.01744365018723947,0.03488267358654595,0.044346088172394216,0.05329602906781676,0.06659997626877902,1,0
Hierococcyx sparverioides,theil_sen,0.038519323944573594,0.02048496116317578,-0.002631883883368712,0.026585101386026662,0.038875268008216605,0.05260174042274916,0.07726678876479712,0.96,0.04
Leiothrix lutea,theil_sen,-0.004406084484395372,0.009834313923039805,-0.02308889361734642,-0.011007578195391679,-0.004571211574993145,0.002317064839920822,0.013748577964774373,0.3375,0.6625
Charadrius alexandrinus,theil_sen,0.045825894645865735,0.013147038832982103,0.0208303977880433,0.036643183562056036,0.045789461036213716,0.054878192937467235,0.06998448810999375,1,0
Dendrocitta formosae,theil_sen,0.01661260140950734,0.0060779368682867254,0.005250172510118927,0.012485020160012397,0.016672778475987346,0.020759377137021535,0.028328314144086337,0.995,0.005
Aix galericulata,theil_sen,0.044182540566003424,0.011185311318086647,0.02303082341527537,0.036090657233664954,0.04417279925406469,0.051702583879619964,0.0654758600652363,1,0
Motacilla tschutschensis,theil_sen,0.028176335802459304,0.016118630575489946,-0.0015812869747772855,0.017665635094634542,0.02750707482617891,0.03816813766891665,0.061041264302450306,0.9625,0.0375
Falco amurensis,theil_sen,0.05784056059343699,0.009649290372783288,0.03908795580624168,0.05172143708093099,0.05808903952889408,0.06467590320386858,0.07511525005237413,1,0
Delichon dasypus,theil_sen,-0.010107777160150664,0.015097509516601711,-0.03975090099171961,-0.019738933460897223,-0.010072362345648634,1.1477476464881112e-4,0.018478383717773827,0.255,0.745
Lonchura striata,theil_sen,0.010069584144167854,0.005569012976173815,2.839199011912039e-4,0.006468320383568534,0.009813967266931588,0.013565697668835704,0.02223969169213003,0.975,0.025
Garrulax canorus,theil_sen,0.01919949734099867,0.010714240067992663,-0.0035876536741328525,0.012697467487955243,0.019274470221510583,0.026642079670326183,0.03965803593303688,0.9525,0.0475
Amaurornis phoenicurus,theil_sen,0.015833160291998022,0.008407288661578822,-1.4113225683592547e-4,0.01027281115276123,0.015836711585304145,0.021905494231674948,0.030804932841634554,0.9725,0.0275
Lanius tephronotus,theil_sen,0.0032810148564470687,0.007099215470403991,-0.012770929060374395,-0.0012540461002410244,0.003660735181618909,0.008202730505295304,0.016207391926847045,0.68,0.32
Columba livia,theil_sen,-0.0592714078581041,0.016537334280433913,-0.0860838980655971,-0.07108094835612784,-0.06057459940651568,-0.05045079704705876,-0.023829804057427736,0.0025,0.9975
Phylloscopus claudiae,theil_sen,0.022731027666422883,0.014234933175713145,-0.006498866404380395,0.013539503510284153,0.02331984026290299,0.03319304762036361,0.048248565549100154,0.9375,0.0625
Emberiza elegans,theil_sen,0.014942804970874683,0.014489811830966365,-0.013380762386380744,0.005243813700378677,0.014686618019350391,0.024652450626746626,0.0432668944868454,0.8575,0.1425
Gyps himalayensis,theil_sen,0.0034371505349252087,0.0030500330732582434,-0.0019173394202885066,0.0011540529407615436,0.0033866772053198144,0.005385218107926967,0.009724524181099958,0.8775,0.1225
Recurvirostra avosetta,theil_sen,0.06870419485796647,0.013053937961798295,0.04362743657404658,0.059796669662270145,0.06864280326475532,0.07837099190408935,0.09148691140607268,1,0
Culicicapa ceylonensis,theil_sen,0.028152952592853685,0.00916971005883312,0.009769161015840794,0.021880238733805783,0.028888218308239635,0.034804423697715386,0.04494701445546099,0.995,0.005
Columba rupestris,theil_sen,0.017897598286642488,0.006691686463818283,0.0033267790906250185,0.014454492091462084,0.018542919469282264,0.022094888037938062,0.029463481608491233,0.9875,0.0125
Apus nipalensis,theil_sen,0.029682430835751495,0.0076372132688948624,0.013510712207217926,0.024918871829863912,0.03004764298904302,0.03551521063933526,0.042590912202803165,1,0
Accipiter nisus,theil_sen,0.03252635768862774,0.0095670804901065,0.015781157247721687,0.025868935772525605,0.03237410027328214,0.03848104617948843,0.05201109780986124,1,0
Tringa ochropus,theil_sen,0.043383528191586085,0.021121935175002216,6.224506749184799e-4,0.029921835127085617,0.04525181914642753,0.05827426879973527,0.08358273156021195,0.975,0.025
Phoenicurus ochruros,theil_sen,0.008837907901677926,0.004754386160340847,-9.457367757768757e-4,0.00595051350150781,0.008759010579696615,0.011636933138085965,0.018209685251045958,0.97,0.03
Turdus rubrocanus,theil_sen,-0.0028466152769235846,0.007611085608319729,-0.01694175986738228,-0.00810524874527257,-0.0030022967541297046,0.002605962024422923,0.011141839882682341,0.3625,0.6375
Carpodacus erythrinus,theil_sen,0.012121897466955186,0.015072955040603617,-0.017738481573615975,9.951866544820123e-4,0.01276996903107155,0.022124161672540735,0.04151417546178123,0.7675,0.2325
Psilopogon virens,theil_sen,0.029519663008591025,0.007177826750110481,0.01568411252390957,0.02458935388239005,0.029067149385346235,0.03475235584322454,0.043679012934298315,1,0
Gallinago gallinago,theil_sen,0.03144659941895359,0.01753149306156931,-0.0059147017667926325,0.019473027711097386,0.032367490688733354,0.043473083414272584,0.06341104531878439,0.955,0.045
Prinia flaviventris,theil_sen,0.013513692879417066,0.0037171071901098947,0.005986937902628805,0.011288793366729324,0.013311355793428157,0.015896476624451872,0.020897027879989875,1,0
Motacilla citreola,theil_sen,0.03691057595611453,0.015048495184929452,0.006951224485251533,0.02594925648561384,0.03768686510403813,0.048002939903054806,0.06207331731582816,0.985,0.015
Accipiter soloensis,theil_sen,0.005084001618973802,0.012445756584032016,-0.020787669715973255,-0.0021925375922686096,0.0052295312656786275,0.013975664015825407,0.027152457539682595,0.68,0.32
Accipiter trivirgatus,theil_sen,0.02160718836281554,0.008867154877071619,0.005106964444197171,0.015803135857931225,0.021484505305929418,0.027251334303345934,0.038301151148080984,0.995,0.005
Cisticola juncidis,theil_sen,-3.113330710766973e-4,0.009692911726667051,-0.018135827593208642,-0.007381581081169364,-3.4046781085651096e-4,0.005915540652897542,0.020712637471062684,0.4825,0.5175
Dicrurus leucophaeus,theil_sen,0.017742663697804535,0.0098484050272211,-0.0036878903006490314,0.011296963280259153,0.018174738278436735,0.024436810707325587,0.03568367120275802,0.9575,0.0425
Ardea intermedia,theil_sen,0.07685634504323711,0.01969415622522707,0.03718325210031484,0.06460760393908345,0.07778242652498701,0.0902740563272639,0.11155618465076446,1,0
Lonchura punctulata,theil_sen,0.020628745568819173,0.004572257472779994,0.011442233746968239,0.017554370914202776,0.02102111135636474,0.02369694870634628,0.029411597482480144,1,0
Orthotomus sutorius,theil_sen,0.012567588551424856,0.0029636445350770973,0.006500419594515181,0.010722155690987788,0.012590655138657106,0.014549054887828473,0.017797491405698036,0.9975,0.0025
Falco subbuteo,theil_sen,0.02566431073612254,0.014873581735228888,-0.004603365075882734,0.015270085440786747,0.027595037252891,0.03532201041525482,0.05269048944913876,0.955,0.045
Pericrocotus ethologus,theil_sen,0.0023891338404784207,0.010515858128169096,-0.019169329053778442,-0.003994768862192752,0.002435960281554156,0.009796057447719683,0.020950005482219678,0.595,0.405
Muscicapa sibirica,theil_sen,0.00621917088635094,0.009594616936871464,-0.01408050210450046,4.1364950714726373e-4,0.0067278674331227115,0.012742626805373032,0.0238985173142034,0.76,0.24
Picumnus innominatus,theil_sen,0.016247654767666493,0.008405408374720069,-0.0019317271921146359,0.010731226246021257,0.016409132006010074,0.022180022738423347,0.03254719831739789,0.9625,0.0375
Sternula albifrons,theil_sen,0.03745736215651574,0.01119259407942008,0.0169511330721396,0.030120601259192074,0.037488378446268233,0.044444385589134494,0.05779361949554505,0.9975,0.0025
Butorides striata,theil_sen,0.014865536463050227,0.009197528917127216,-0.0049636132507779665,0.009416200647170182,0.014709978381986292,0.02050400750410828,0.03349582632313156,0.95,0.05
Yungipicus canicapillus,theil_sen,0.03182825430205969,0.013598061616745332,0.0031191542784151627,0.02397017804308329,0.03184145338352208,0.041446746382041086,0.05786108246312767,0.985,0.015
Periparus ater,theil_sen,7.898293265732137e-4,0.014623745801662206,-0.02644846942125488,-0.010144838407998364,0.0010820355901053139,0.009768258192751633,0.030458658791969552,0.525,0.475
Phylloscopus magnirostris,theil_sen,-0.006317947019560377,0.010909823447779998,-0.027468477961394015,-0.013776070246982066,-0.006067541194918561,0.0013483328879583594,0.012989433575863822,0.2975,0.7025
Tarsiger cyanurus,theil_sen,0.013830734586994466,0.011329314713794112,-0.007957039783326247,0.006413075611863103,0.013683609451911945,0.021131169564404962,0.03569441172773848,0.885,0.115
Cuculus sparverioides,theil_sen,-0.008288189419505992,0.009486833065096829,-0.028454621212356975,-0.013999622719910095,-0.007908287219437087,-0.0019048372578125451,0.00843175857879202,0.1925,0.8075
Cyanoderma ruficeps,theil_sen,0.030195448929146242,0.01103073042520766,0.008937545038421212,0.022207361757066613,0.03015322035473682,0.037725140783102185,0.051014770603658145,0.9925,0.0075
Eurystomus orientalis,theil_sen,0.012125978197909264,0.012706128948176158,-0.012554849364801886,0.0040383176999712654,0.012489024432827399,0.021380544392939717,0.035044748337776786,0.8325,0.1675
Anas carolinensis,theil_sen,0.053406750948995746,0.016270483686914198,0.022909281268336915,0.04265581423366066,0.05346959449457456,0.06444022040347444,0.08152048341753756,1,0
Acrocephalus bistrigiceps,theil_sen,0.056173636135792564,0.01205574731234832,0.033213484970339054,0.047580283540663716,0.05634904177969226,0.06447589006519845,0.07833525368394702,1,0
Centropus sinensis,theil_sen,0.019600988908672096,0.0039164327584537625,0.012174157442743088,0.017140085839779662,0.019658427001786688,0.02235571868110331,0.026441651822971028,1,0
Buteo hemilasius,theil_sen,0.008097965448815792,0.011705066907267001,-0.013645382892312987,3.225596924897947e-4,0.008860652271277723,0.016731899407322105,0.02987140396950588,0.7575,0.2425
Pycnonotus aurigaster,theil_sen,0.017069488471342403,0.0035713656903617634,0.009693213299438765,0.014760730976351851,0.017250681638524695,0.019643982719739057,0.02308690084653699,1,0
Fringilla montifringilla,theil_sen,0.06512933447643889,0.013065856930936103,0.03975582970344894,0.05713178879382498,0.06531285963648517,0.07350306700030595,0.09137526041002907,1,0
Phylloscopus humei,theil_sen,0.012258556633416165,0.00887919801906562,-0.006777424798183568,0.006814598987506854,0.012467132595566137,0.017943909749254205,0.03055373552437772,0.9175,0.0825
Apus pacificus,theil_sen,0.003958534431926855,0.014141541451527136,-0.027473945177350852,-0.005397004884043006,0.005337519755188591,0.013481512075596822,0.031296568120325496,0.635,0.365
Emberiza godlewskii,theil_sen,-0.0013319345826679715,0.008149045433480558,-0.01781061746954235,-0.0065345233970494875,-8.160100276033699e-4,0.004259329664954951,0.013306670057455922,0.4625,0.5375
Tringa erythropus,theil_sen,0.05268373910566328,0.01211601317670344,0.02883825061654304,0.045281524835918185,0.05190561967505812,0.061175535428886374,0.07547503484910145,1,0
Enicurus leschenaulti,theil_sen,0.01649610467080706,0.008982988325821731,-8.867077718556304e-4,0.010162336513062559,0.01707953935780239,0.02250021032991105,0.032233017930411854,0.9725,0.0275
Phylloscopus borealis,theil_sen,-0.010104608284162847,0.01182622241486312,-0.03260968665777121,-0.01769629846642011,-0.011060973162578744,-0.002676261349046534,0.015270129046837258,0.1925,0.8075
Cuculus poliocephalus,theil_sen,-0.0025166222492664617,0.018401240190948406,-0.03846533754476435,-0.014874890414948362,-0.00150545990516247,0.00877363168231562,0.031893705580307116,0.47,0.53
Phylloscopus coronatus,theil_sen,-0.010635766351833349,0.015346556424598215,-0.039775661886820475,-0.02034565792389251,-0.01038619163099659,-8.560860614023567e-4,0.019779373650318982,0.235,0.765
Phylloscopus trochiloides,theil_sen,0.005092605205597036,0.006878312201309786,-0.009553275308821826,6.595480148221724e-4,0.005621170977133001,0.009754030549340157,0.017382018707385212,0.7725,0.2275
Pericrocotus solaris,theil_sen,0.02499183646023543,0.005162533110195624,0.015077138863798271,0.021698941011434318,0.025235728484763263,0.02849585287147889,0.0343231879145447,1,0
Aethopyga gouldiae,theil_sen,0.009177996392445709,0.00814583303889224,-0.0062014464071215416,0.003366522596475743,0.009263442409760589,0.014991639883999833,0.024189040195491153,0.8825,0.1175
Tringa stagnatilis,theil_sen,0.033045773479229046,0.011367952554801889,0.01045356304252904,0.024858649612939474,0.033344307021744325,0.04114716204340812,0.05394118430540146,0.9975,0.0025
Muscicapa dauurica,theil_sen,0.05651872972619067,0.0256569634343714,0.004530381306216457,0.04038354307951031,0.05672888198478948,0.0742723972444522,0.10403831182895061,0.98,0.02
Buteo japonicus,theil_sen,0.03761959843861468,0.016396446350248235,0.004165410332616018,0.02737150316981788,0.03752652760256285,0.04898350597824033,0.06918129143011138,0.9875,0.0125
Gelochelidon nilotica,theil_sen,0.04571600984316599,0.012032219033394999,0.01827325691337677,0.038777994458747134,0.04615143672436223,0.053949270983497194,0.06762018688216692,0.9975,0.0025
Eumyias thalassinus,theil_sen,0.020391259478674973,0.007568462490168859,0.005506705099026639,0.015243727320593307,0.020517087197051552,0.025853331272085434,0.03525717371331702,0.9925,0.0075
Sitta villosa,theil_sen,-0.013865853019225483,0.011210497460549314,-0.03512855626748074,-0.02100395035634796,-0.0130394952013909,-0.006402990395785515,0.0061943258330302104,0.095,0.905
Alauda gulgula,theil_sen,-0.012032952352709075,0.01623148884984025,-0.045328617359659075,-0.022261012079888454,-0.01150181754767966,-4.570176582833973e-4,0.016749153462043413,0.235,0.765
Calidris ruficollis,theil_sen,0.02873853304720702,0.01065714571674035,0.006708393643631471,0.021847942558667538,0.029391009059719794,0.036274295559538476,0.04727730185919834,0.99,0.01
Pernis ptilorhynchus,theil_sen,0.09060175785442898,0.0210859723588871,0.047601687064236765,0.07724370974860847,0.09213873116730883,0.1058527545753071,0.1289934824157466,1,0
Limosa limosa,theil_sen,0.05271060375052068,0.01289404775484889,0.026820362812923475,0.044715700912213344,0.0531660418169375,0.0618349592344344,0.07594822028047607,1,0
Phylloscopus pulcher,theil_sen,0.001286772094953696,0.0067151376116041436,-0.010421071208652058,-0.002801849912449885,0.001320796166580887,0.005558353527085759,0.013925539509103196,0.5825,0.4175
Ardea purpurea,theil_sen,0.05941626144267421,0.011488790387132538,0.036214659112408294,0.05212775564175094,0.0603389171836749,0.06724830078879132,0.08049328278450674,1,0
Phylloscopus armandii,theil_sen,0.0025861752607079353,0.008358433202349962,-0.01541630724095303,-0.0019612052074429974,0.0029274240998053355,0.007574648342109441,0.01826364974967314,0.6675,0.3325
Butastur indicus,theil_sen,-4.895751756084347e-4,0.009601719396300284,-0.017629059720442125,-0.006689209563522869,-0.0013344854367118922,0.0055418846365689525,0.018416104664005034,0.4625,0.5375
Platalea leucorodia,theil_sen,0.046288978580916885,0.011930886882013096,0.0202685992979703,0.03940645933528708,0.04664198786552017,0.054472260987213264,0.06912594969413842,1,0
Emberiza tristrami,theil_sen,0.03015050548990876,0.012693700917083786,0.004184983102935608,0.02193819380731015,0.03114824551515077,0.03916860668020482,0.05364904361957852,0.995,0.005
Spatula querquedula,theil_sen,0.02857859786104836,0.020348081238617727,-0.011347775206158822,0.015606972770224454,0.02705185952553548,0.04207920254042027,0.06872896936626009,0.9275,0.0725
Alcippe hueti,theil_sen,0.013031070526328573,0.0036022287182312885,0.00565819854156701,0.010926211921078219,0.01341043493699785,0.015674340556554242,0.019353033172945684,1,0
Garrulax perspicillatus,theil_sen,0.027346009269823526,0.005942738708886083,0.01653052923943225,0.023411457748554004,0.02713129329880374,0.031129288146918326,0.03946061175056673,1,0
Cinclus pallasii,theil_sen,-1.9762484345725817e-4,0.011306411202470328,-0.0238355594671302,-0.007527557973051338,1.055664107233572e-4,0.00759081238598495,0.019669211886785096,0.505,0.495
Calidris ferruginea,theil_sen,0.03620381129152022,0.017894226579417125,-0.0015099157437732092,0.025229247963456932,0.03792506479105338,0.049004648754212454,0.0673445073249846,0.965,0.035
Tadorna tadorna,theil_sen,0.044849757607912016,0.012167408303334726,0.01807043280709947,0.03679950956937016,0.04500232046539115,0.052667900901218284,0.067052759185788,1,0
Chlidonias leucopterus,theil_sen,0.03918368972412738,0.014326894140628686,0.0106473170143471,0.029843253377745262,0.03836562416013588,0.0486656142996438,0.06899589260651454,0.9975,0.0025
Anthus roseatus,theil_sen,0.022570313560739474,0.011065357957062193,-0.0022641468322436176,0.0153573455986129,0.02281006229458463,0.030076587310503663,0.04264503196451449,0.965,0.035
Phoenicurus frontalis,theil_sen,0.01381599716702459,0.0066227929559615345,-8.061297952477575e-5,0.009577257296252393,0.014339459512712031,0.01855156741815884,0.025425672791799997,0.9725,0.0275
Mareca strepera,theil_sen,0.050042482002193786,0.015712446388993773,0.01948734893373314,0.0393629412917504,0.050035922272499415,0.060650707475584154,0.08132093292937174,0.9975,0.0025
Periparus rubidiventris,theil_sen,-0.011606725579349057,0.007032877073055021,-0.026676227555334105,-0.01600222931628654,-0.01112415347230721,-0.0069138895790022015,0.0013936385973189744,0.035,0.965
Eremophila alpestris,theil_sen,0.004550114808310268,0.005742237218325624,-0.006080725518756646,9.181102868717067e-4,0.0044222729008667055,0.008503392315631565,0.01565570924996141,0.7875,0.2125
Aythya nyroca,theil_sen,0.05738484232914943,0.01764449207762237,0.020999020538931944,0.04558351366398697,0.058113476935969674,0.06913333471981278,0.08905348340985095,0.9975,0.0025
Calidris acuminata,theil_sen,0.02496386858183993,0.010647622924380004,0.0029799128074492233,0.017629140269226268,0.02577446167806126,0.03183859632529536,0.04500996494365367,0.99,0.01
Ceryle rudis,theil_sen,0.028392849513455606,0.007473510995424352,0.012362792550445994,0.02388993416248749,0.02907894682009273,0.03376626554375847,0.04077380875281314,0.9975,0.0025
Circus spilonotus,theil_sen,0.026543941297556103,0.017008097730804524,-0.006582868585684159,0.014214454450068963,0.026578878432538627,0.03841881052169814,0.06033581754311172,0.935,0.065
Pseudopodoces humilis,theil_sen,-4.240388929504127e-4,0.0036005853021144956,-0.007325907409042714,-0.00289741946783207,-4.4015931667860074e-4,0.0020955659445984366,0.006957026040797108,0.45,0.55
Pyrrhula erythaca,theil_sen,-0.008069359701413596,0.009296056936122305,-0.02775334865557197,-0.013742070496701335,-0.00753126075595671,-0.0018670982523055612,0.008445703257529677,0.19,0.81
Netta rufina,theil_sen,0.052751355141921884,0.011130598909225466,0.030206117189771706,0.044593204270780236,0.0530471355039851,0.06063995693774048,0.073016028972057,1,0
Emberiza cioides,theil_sen,0.034600589648816744,0.010825827413602706,0.01407012202508466,0.027475103664090637,0.03474014868994285,0.041924491219292134,0.053317984182774586,0.995,0.005
Anser anser,theil_sen,0.050549390019026474,0.015242071594873266,0.017409320546510114,0.04094161206636698,0.05116408462935407,0.06126677528051721,0.07672271791842995,0.9975,0.0025
Otus sunia,theil_sen,-0.00869049235515688,0.020090265448910027,-0.053392826847207704,-0.02133015869625357,-0.0076413981284724555,0.004675509278454358,0.027701674490832016,0.335,0.665
Aethopyga christinae,theil_sen,0.029897488737900064,0.004935516639267681,0.0199866053009141,0.026592637252658948,0.0303597714180345,0.033368392925913815,0.03898825944291188,1,0
Stachyridopsis ruficeps,theil_sen,0.008635284358184179,0.006635641266155079,-0.003640161825445852,0.0042302327916573495,0.007957801133022203,0.013248477532647577,0.022078373036819945,0.9175,0.0825
Carpodacus dubius,theil_sen,-0.007529032798551653,0.005985375450786842,-0.019584900698027655,-0.011474370230538862,-0.007357566658653992,-0.0032013454082891295,0.003771493075545137,0.095,0.905
Phylloscopus yunnanensis,theil_sen,0.007662424332083791,0.011040892005560785,-0.015141157701653881,2.8508803828165147e-4,0.00827997404530201,0.01488442883755987,0.03015344473154306,0.7625,0.2375
Remiz consobrinus,theil_sen,0.03313196688036994,0.009406263559660325,0.01445238866729854,0.026936495196578737,0.03360046217558492,0.039729969391059716,0.049490375955112895,1,0
Turdus kessleri,theil_sen,-0.012028701524475428,0.006107206800820779,-0.02483288556967642,-0.015838638848012336,-0.011783018578078135,-0.007960322729677831,-6.128237504905643e-4,0.02,0.98
Phylloscopus forresti,theil_sen,-0.00796261931419787,0.009224398591002641,-0.026943022140332097,-0.013831415158190457,-0.007321226813854439,-0.0017466092359445604,0.009490912124041026,0.1875,0.8125
Hydrophasianus chirurgus,theil_sen,0.022327929238605482,0.013156595242283407,-0.006850059107692045,0.014524481985638162,0.023774793894727864,0.0317023201033973,0.04403426501078262,0.9475,0.0525
Numenius phaeopus,theil_sen,0.03621602864670315,0.01077128398040757,0.014960060054622724,0.029220687722429185,0.03666740361921063,0.043853911647589824,0.055255163778402935,0.9975,0.0025
Phoenicurus schisticeps,theil_sen,-0.0036753085868714654,0.005599214808374182,-0.014512012840570361,-0.0070275789245229925,-0.00338938891110778,5.049443358055847e-5,0.006733735833433015,0.2575,0.7425
Anthus richardi,theil_sen,0.012658675294595984,0.018472027304963716,-0.02656390797918979,-8.317584401229192e-4,0.013296021529827414,0.025499631282984228,0.04668550710967464,0.74,0.26
Nucifraga caryocatactes,theil_sen,0.01416718707033518,0.009502861103224848,-0.00478744854467271,0.008118570259371495,0.014580481327507895,0.021275368345923612,0.030061707797699087,0.925,0.075
Poecile montanus,theil_sen,-0.02125110556126413,0.014630332960881067,-0.055048152729948396,-0.030128217325397853,-0.020675188740830616,-0.011645217526833191,0.005089037746392583,0.06,0.94
Muscicapa griseisticta,theil_sen,0.022910475690774184,0.01171100048972625,0.001956274931818808,0.016034006446748926,0.02261434833039582,0.030735448589457974,0.04452785063059483,0.9825,0.0175
Numenius arquata,theil_sen,0.028198947111116146,0.011222105152934371,0.00552050442681484,0.021317155841094688,0.02815459242074021,0.03534910404099689,0.04799361218487965,0.9875,0.0125
Falco peregrinus,theil_sen,0.026035884742733616,0.01954904182393687,-0.015063739466716361,0.014243929272831683,0.026401912695481124,0.04115005092893727,0.059977657684636636,0.9,0.1
Lanius tigrinus,theil_sen,-0.028889372719009817,0.016765686870574215,-0.06681566653700675,-0.03735309852608869,-0.02689692293025054,-0.017680849611547547,-0.0010570096953496705,0.0225,0.9775
Sitta europaea,theil_sen,0.015759342043253344,0.010574348494822616,-0.006928088431270643,0.009344298689366986,0.016120704028810905,0.023109703711337918,0.03510794295061606,0.92,0.08
Vanellus vanellus,theil_sen,0.04673616431070129,0.013413138903428335,0.020645401202850047,0.037352355949976324,0.04730979764172424,0.05570732998366504,0.07196547600067792,1,0
Caprimulgus jotaka,theil_sen,0.015151518499912923,0.018453988165292607,-0.020447810371760772,0.0036975985944493212,0.015435728315707095,0.027616174877603077,0.048711106530479824,0.805,0.195
Xenus cinereus,theil_sen,0.026730593180467735,0.011846977616270541,0.0013210563098908468,0.019399182378682652,0.02799351008739602,0.034876752014602136,0.047497381713139955,0.98,0.02
Pluvialis squatarola,theil_sen,0.03708950589840309,0.006253427145981301,0.025482819803310203,0.03301814400536135,0.03708759095761873,0.04135251008168524,0.04957279375368438,1,0
Anser cygnoides,theil_sen,0.022654533263725025,0.01101407276351521,-0.002519762474969032,0.015562751349000772,0.023289871606726083,0.030707350492210385,0.042416186164189344,0.9725,0.0275
Saxicola ferreus,theil_sen,0.022252095259417206,0.008189678006573418,0.007666397388250167,0.01681259300798478,0.02231990081750463,0.028041401392359458,0.03610591000972598,0.995,0.005
Muscicapa latirostris,theil_sen,0.012527401004078563,0.016629887807587004,-0.02158924950205263,0.002397959069923591,0.012241359308273865,0.02315673181282371,0.04385717920701324,0.79,0.21
Oenanthe isabellina,theil_sen,-0.0031841167016964447,0.006133291547771034,-0.014918150647135576,-0.007154190773057059,-0.003347184765122133,0.0010816380784215342,0.008378338524167436,0.305,0.695
Prunella strophiata,theil_sen,-0.009185754945739758,0.00678084463149285,-0.02274484703486002,-0.01400818359847994,-0.008841545854426642,-0.00447395227638109,0.0036159336842121583,0.075,0.925
Emberiza pallasi,theil_sen,0.042992803897070636,0.008827864293402756,0.025222521029754464,0.03747167026230014,0.04292245710011023,0.048463142790148385,0.06118517678894653,1,0
Chaimarrornis leucocephalus,theil_sen,0.001261798613206611,0.008831472519022132,-0.01726270658277579,-0.004639526125928277,0.0016337074594783055,0.007018146076137759,0.019739520023176832,0.5775,0.4225
Saxicola maurus,theil_sen,0.04408586700103919,0.0145564471995927,0.014243807079131521,0.034583190002036954,0.04416241029326553,0.05396066898019148,0.07216737231156031,1,0
Riparia diluta,theil_sen,0.02376571055272657,0.012920462450528518,-0.0020055638094589115,0.014235296677131321,0.024743597401416233,0.032649824872684995,0.04732701847726211,0.955,0.045
Dendronanthus indicus,theil_sen,0.0016276118457916868,0.010323102500679433,-0.018077871643346278,-0.0043629912438697994,0.001749536278743219,0.008644355663478627,0.021759858431241674,0.59,0.41
Gypaetus barbatus,theil_sen,0.0026557160573674934,0.004889292684824671,-0.008789989259211806,-1.6173475656057132e-4,0.0029711664993818977,0.0058506855757589505,0.011432185411575537,0.7325,0.2675
Cuculus saturatus,theil_sen,0.0309350621222613,0.0192147183817126,-0.009246045717974343,0.0175717782875124,0.031776908960252606,0.042780442630985654,0.06764203008125515,0.9475,0.0525
Larus crassirostris,theil_sen,0.017306999373682398,0.0039384419195524385,0.00863383651276373,0.014844517488470979,0.01760613366883018,0.02006219123803686,0.023822461647070043,1,0
Riparia riparia,theil_sen,0.06332096619353333,0.016741872418867973,0.028891760657833037,0.05294761654744713,0.0642045312709264,0.07540642809253992,0.09226828686475791,1,0
Spilornis cheela,theil_sen,0.024345534730103275,0.005997686020163377,0.010929602411525303,0.020747498911525178,0.024613350636855637,0.028331529817577715,0.03465515839538788,1,0
Ptyonoprogne rupestris,theil_sen,0.006908997117979759,0.006731139822912759,-0.007957098721179688,0.0031733050865383043,0.007201255891265019,0.011602117745870794,0.018991975752493902,0.8525,0.1475
Pyrgilauda ruficollis,theil_sen,0.0038953356619485,0.00355220517654028,-0.0025629437858349703,0.0014196974524397256,0.003948326792876778,0.006321233711698696,0.011232472569938166,0.865,0.135
Lanius phoenicuroides,theil_sen,0.016115845838282804,0.00531486059520251,0.0043392465097503614,0.012609638709227093,0.016256327999202715,0.01986365954566243,0.025357197823842742,0.9975,0.0025
Linaria flavirostris,theil_sen,0.0027706953965375754,0.003682594333991985,-0.004585009382297986,0.00032421324304257593,0.002737290936834884,0.005551118879072732,0.009460440112768718,0.7625,0.2375
Centropus bengalensis,theil_sen,0.0163595464587839,0.008287588947893235,-0.0029285823643004716,0.010968498318495678,0.016559269219277258,0.02229743221738307,0.03031147513639395,0.9625,0.0375
Terpsiphone incei,theil_sen,0.02182462442619735,0.013211521386085187,-0.0032709931899835894,0.013313818500760037,0.021819407786913207,0.030350432113296372,0.04763027375731239,0.9525,0.0475
Halcyon smyrnensis,theil_sen,0.013917632252772823,0.004699257158172336,0.0045467187642471716,0.010750150564322953,0.013944106515857552,0.01697203906281354,0.023074532272413857,1,0
Megaceryle lugubris,theil_sen,0.01962473679216082,0.009567596351594987,1.4896922493177594e-4,0.013558400022285873,0.020021936525689767,0.02607369625797604,0.036934591619608305,0.975,0.025
Phoenicurus leucocephalus,theil_sen,0.04805764833017258,0.01668693770505769,0.012413738336035367,0.03841451453353702,0.04959491798865681,0.05932716702000647,0.07754467747554664,0.9925,0.0075
Spatula clypeata,theil_sen,0.05841595506773336,0.016327926289111085,0.02244700164066594,0.04803595865151506,0.058723530863110864,0.06940648359110865,0.08736476941200703,1,0
Alcippe davidi,theil_sen,0.021023690484721167,0.00647305961472839,0.009073779205663421,0.016459141578417588,0.020766437212909758,0.02543251726865383,0.032553693805031106,1,0
Pluvialis fulva,theil_sen,0.02570644899720387,0.018628213488920384,-0.013929806652230073,0.014317528697932725,0.026199899091759512,0.037697205790863386,0.06157320202464384,0.915,0.085
Larus brunnicephalus,theil_sen,0.027471909166206884,0.010894427172664221,-6.900209583107939e-5,0.020910310348981234,0.02823317296601815,0.03482128712772624,0.04693797361342012,0.9725,0.0275
Parayuhina diademata,theil_sen,0.01833610012086612,0.008274927371375787,9.983799853083679e-4,0.01392168961231681,0.01970075849712022,0.02423968194849382,0.03121258938493995,0.98,0.02
Calidris temminckii,theil_sen,0.05785288663999369,0.02374597141098951,0.0063447746435656305,0.044916234946896574,0.05789228504948231,0.07333974304851561,0.09971715348261942,0.98,0.02
Accipiter virgatus,theil_sen,0.020970814751864755,0.009698582935032115,0.002957407022966945,0.014233521160043944,0.020728869926060513,0.02760194417334659,0.039525210901272215,0.985,0.015
Phylloscopus schwarzi,theil_sen,0.049487868527218905,0.019861910821781625,0.008107448388522011,0.03696419136511575,0.05057649645090296,0.06321665239642564,0.08698413425332693,0.995,0.005
Calidris alpina,theil_sen,0.03691629586423111,0.009580697938969977,0.016631280190814092,0.030348342767904157,0.03688019885399202,0.04376990217432957,0.05477311761341642,1,0
Aythya ferina,theil_sen,0.039513236143237825,0.01685349033880739,0.008334056185778007,0.028431002423341064,0.03904878605636662,0.0505145126842319,0.07235078601304852,0.99,0.01
Charadrius leschenaultii,theil_sen,0.030122442168925834,0.012457449971007664,0.0022072357603622993,0.02265314134785752,0.031238703449970588,0.03818263144344231,0.052134643967661654,0.985,0.015
Anser indicus,theil_sen,0.027418630134854897,0.010989521047284892,0.004404026089758003,0.019910632581409765,0.02871638214724271,0.03480954671047558,0.04755870690758267,0.99,0.01
Arenaria interpres,theil_sen,0.028148021727757627,0.008868274436437203,0.009408826182780645,0.022073875187776933,0.028758030387077794,0.03426813712826398,0.04634097848233389,1,0
Passer domesticus,theil_sen,0.057389814715875766,0.011622720559314549,0.03499102103428543,0.0498132302557423,0.05809045914181747,0.06528696000241802,0.08096347535176648,1,0
Limosa lapponica,theil_sen,0.024404191449365238,0.005108129339947043,0.013631010668611934,0.021500894697092973,0.024420107426864332,0.027743495464168363,0.03416856311064127,1,0
Phoenicurus hodgsoni,theil_sen,0.0234166900098205,0.006254140942073763,0.009900261426048893,0.019433002395448207,0.02372074910785277,0.027624856448879034,0.034955599283489035,1,0
Calidris canutus,theil_sen,0.017805583527480674,0.006652905867388207,0.0038567812814767418,0.013578046377666103,0.01774458979628867,0.022179843288554747,0.031051325469383915,0.9925,0.0075
Onychostruthus taczanowskii,theil_sen,0.002483174908754281,0.003860373090659715,-0.005397739990693037,-8.445684460827349e-5,0.0024593440978679833,0.005397298402666201,0.009299350029554758,0.745,0.255
Sturnus vulgaris,theil_sen,0.07148785129503332,0.014457013101445978,0.042186934608442445,0.06131735850286766,0.07231182934118194,0.08069520326552396,0.0998011548607953,1,0
Glaucidium cuculoides,theil_sen,0.012373717846946596,0.010206155854659806,-0.009765030851623627,0.005858781497766462,0.012745103284032205,0.01919644181867878,0.029978613593087844,0.895,0.105
Corvus pectoralis,theil_sen,0.03365775317125537,0.006384507412612933,0.020866876098635773,0.029567747190659854,0.033991590989144865,0.037972016520088456,0.045190175889860136,1,0
Pnoepyga pusilla,theil_sen,-5.960567584436546e-4,0.009899281008069362,-0.02057273569591502,-0.007470685313901921,1.830050569221267e-5,0.006296597688486486,0.017798934843760644,0.5,0.5
Pericrocotus speciosus,theil_sen,0.01754985130529597,0.004855219116052825,0.007320280230634437,0.014259337500572112,0.017899076965225975,0.020985429890500625,0.026522336822297727,0.9975,0.0025
Garrulax davidi,theil_sen,-0.020288945783934566,0.009665531662899676,-0.039361602032290895,-0.026835835144571885,-0.020249119889406836,-0.013847962357189004,-0.0010989395546862747,0.02,0.98
Lalage melaschistos,theil_sen,0.02815546932181033,0.01662677030671971,-0.007854982009250907,0.018687006790077558,0.02905730929996673,0.03922742942389672,0.058039098248250084,0.935,0.065
Streptopelia tranquebarica,theil_sen,-0.017242140387668966,0.017310230050227193,-0.05220662167992039,-0.028430717254381663,-0.016281059818299446,-0.004721237041864298,0.0125800569469014,0.1625,0.8375
Mareca falcata,theil_sen,0.05215368349583613,0.013617858430783409,0.024053537234817887,0.043526848265168235,0.05211062383145977,0.061268187244511135,0.07964889287123866,1,0
Emberiza chrysophrys,theil_sen,0.03789284306479915,0.011154083955020903,0.01596926839111902,0.030380247614342853,0.03807421679719398,0.04548743833486786,0.058999691699291194,1,0
Aviceda leuphotes,theil_sen,-0.002361258399948874,0.010349585855323093,-0.023011989952849192,-0.009024414212178037,-0.00282165120504894,0.004453057763845105,0.01617966162589134,0.4,0.6
Corvus corax,theil_sen,0.00222228711492256,0.005754055805991286,-0.008428974406233497,-0.0015392102748272695,0.0021880110504661834,0.006228914746479006,0.012891009618767464,0.645,0.355
Turdus eunomus,theil_sen,0.00571654236506174,0.015094156590830295,-0.023539310021956746,-0.003540809906393303,0.005835039993715314,0.01583256604702934,0.03452013639450203,0.66,0.34
Ficedula erithacus,theil_sen,0.003276014006943423,0.009593638755010183,-0.01607907759922208,-0.0028266777370119004,0.003656611432390204,0.010085243267266033,0.021032846099598438,0.6375,0.3625
Calidris tenuirostris,theil_sen,0.012723908796674666,0.0034088789532460695,0.0067105745508196195,0.010542669294385892,0.01278342061087255,0.014921052075498445,0.019441460048622378,1,0
Aquila chrysaetos,theil_sen,0.008795283179416769,0.007419916791043881,-0.007571141424138842,0.0038739912673850484,0.009140018976284747,0.01380232065724677,0.022726590628801276,0.875,0.125
Carpodacus vinaceus,theil_sen,-0.001393202716991832,0.0110485918583186,-0.02570540562891299,-0.008789898392457049,-3.9112542630517083e-4,0.006617441668754831,0.017250996189934566,0.4875,0.5125
Pandion haliaetus,theil_sen,0.04716462652533417,0.024649063696469825,-0.0027942243268631694,0.03203417213025682,0.04825787362188934,0.06541841221213193,0.09293715268077046,0.9675,0.0325
Numenius madagascariensis,theil_sen,0.018247228221978638,0.005575216820295917,0.0065033588108943646,0.014830571970031636,0.018268017501809532,0.02171464947371144,0.028745520420061548,1,0
Turdus cardis,theil_sen,0.028960909686484255,0.011612647036683169,0.004356895731128473,0.022047272925046303,0.029326507631247,0.03627224482670301,0.050384416807453675,0.98,0.02
Cacomantis merulinus,theil_sen,0.01925863310793152,0.004537250516898727,0.00875527636536119,0.016007677917838206,0.01932890095876918,0.022456262241118845,0.02775769256022622,1,0
Calidris subminuta,theil_sen,0.025532833688665095,0.02260035509800765,-0.02161555649607838,0.012133631554663694,0.026932342388310486,0.040351759615825926,0.06693712619398691,0.87,0.13
Elanus caeruleus,theil_sen,0.02795198165282051,0.009127627006009545,0.00960994955449684,0.022355642813476826,0.028150204696409095,0.034375434032365024,0.044211473445739516,0.9975,0.0025
Athene noctua,theil_sen,0.008438633921869356,0.00928007054750881,-0.012909411163408482,0.00317653692426574,0.009004815822191502,0.014397669870306141,0.024853765882325445,0.85,0.15
Halcyon pileata,theil_sen,-0.01386017131386518,0.009491700878337929,-0.031396565545599414,-0.019730276520497726,-0.013439042304850924,-0.007909304082444968,0.0038998493211639994,0.0625,0.9375
Pterorhinus davidi,theil_sen,0.04224508746679448,0.011623717793799285,0.018101594044542712,0.035763572375862404,0.04330017703343299,0.05001135385312141,0.06318030761769722,0.9975,0.0025
Troglodytes troglodytes,theil_sen,6.51576838440148e-4,0.010178394464123245,-0.019206620068322022,-0.005783428607616173,0.0011704438908031907,0.007362125174132072,0.020900121060170845,0.5425,0.4575
Egretta intermedia,theil_sen,-0.002405826116944464,0.008303154049313997,-0.019077773907071955,-0.008252346633998146,-0.0024439532554611414,0.003598840144261871,0.012933824967333835,0.3875,0.6125
Alauda arvensis,theil_sen,0.05786181950382118,0.01287255857067536,0.030015549389288326,0.04937459989967312,0.0589322230350825,0.06696189499254797,0.08085760261948574,1,0
Glaucidium brodiei,theil_sen,0.02230844830857064,0.008830956865254388,0.005420989362191086,0.016358129356235568,0.022836289571053586,0.028615605759658592,0.038568771505801167,0.985,0.015
Lophophanes dichrous,theil_sen,-0.025355735351156983,0.009279771980697828,-0.04594255115474962,-0.03122563125932601,-0.024766033752345224,-0.018843094576125062,-0.009132302037983339,0,1
Enicurus schistaceus,theil_sen,0.021521679065318895,0.005157664355185594,0.011166114008208286,0.01772710780619338,0.021818094234262883,0.025050897825488607,0.031238694370225677,1,0
Mergus merganser,theil_sen,0.02713706440224039,0.010721415767142013,0.008106731192193812,0.019138603084830386,0.027131265119879188,0.034797336868617024,0.04951414242845743,0.995,0.005
Pica bottanensis,theil_sen,0.012350757809057644,0.006828512934078991,-0.002061483487787811,0.007432596485568254,0.012379390063429039,0.0172385045087774,0.024626884981696226,0.955,0.045
Yuhina diademata,theil_sen,-0.006490704313124345,0.008900205363002595,-0.022962690744522663,-0.012987362919926372,-0.006618715018393721,-0.0013013823835785893,0.012534044860556244,0.23,0.77
Luscinia svecica,theil_sen,0.07310457618195594,0.014299868630407714,0.04498968068809577,0.0645307852190761,0.07328606477301738,0.08318784813765642,0.09946027909557247,1,0
Ficedula strophiata,theil_sen,5.560555646219785e-5,0.01029388251349691,-0.02177997674683863,-0.0057881277152684076,0.0012513685480943614,0.007272931146418419,0.0180412886130532,0.5325,0.4675
Monticola solitarius,theil_sen,0.005985104567183435,0.013657780191090077,-0.02029147532638295,-0.003752676841369453,0.006961787199764334,0.015734595835509117,0.03269562904253848,0.6775,0.3225
Glareola maldivarum,theil_sen,0.03403470226082323,0.01440078083442516,0.0033371365976219104,0.024426803519061936,0.03577599498979682,0.04444714833179028,0.05858462726899858,0.9825,0.0175
Alaudala cheleensis,theil_sen,-0.001009591325872556,0.010368276296910282,-0.023123495475447155,-0.008008101267391191,1.201806177956952e-4,0.006070257713264792,0.016625398590897303,0.505,0.495
Ciconia nigra,theil_sen,0.04843472720791935,0.016957056933119382,0.016822132304362605,0.03782581004675033,0.04798398119236164,0.05971621923388856,0.08097314248299499,0.9975,0.0025
Turdus hortulorum,theil_sen,0.02329177720113805,0.009673446440881495,0.004055337622755984,0.01622367666414181,0.023194145550445678,0.030271605965406057,0.04128139593696888,0.9925,0.0075
Phylloscopus plumbeitarsus,theil_sen,0.005951680155995417,0.012040429852332247,-0.01894357261387036,-3.0938289186282705e-4,0.005622600722774633,0.01209221137960513,0.035032852104244123,0.74,0.26
Parus major,theil_sen,0.024494725922887223,0.006395349097982696,0.011296138678563513,0.020561024748982085,0.025316998292005986,0.02887381808616426,0.03560640524486265,1,0
Horornis acanthizoides,theil_sen,-0.005968935297934682,0.0125387919058583,-0.0316953783811726,-0.013771407337415484,-0.005343648623872288,0.002107996343236785,0.016489260478229947,0.34,0.66
Fulvetta cinereiceps,theil_sen,-0.007985425095281209,0.00879257844533141,-0.028121716604275336,-0.01345798874854003,-0.007593187110799296,-0.0025112208431549354,0.007725992134676666,0.1725,0.8275
Phylloscopus affinis,theil_sen,-1.857100744783656e-4,0.00699502548637086,-0.014318018988353385,-0.0046663159636770365,-9.555258353411442e-5,0.004137599054318848,0.01475391344359193,0.4925,0.5075
Larvivora sibilans,theil_sen,0.019913103387510855,0.014667426894148634,-0.012813488274036241,0.011192177462849739,0.02034813501629843,0.030781713775863518,0.045458016678715525,0.905,0.095
Zosterops erythropleurus,theil_sen,0.025640622725746968,0.02078912179166398,-0.0155027664277622,0.013447025395274186,0.02731253360128377,0.03851254322559768,0.06688767997646612,0.875,0.125
Yuhina nigrimenta,theil_sen,0.010043784613176893,0.0071865643017046035,-0.005599987026574359,0.005862703987450588,0.010671873333923821,0.014925747423738615,0.022638338409766465,0.91,0.09
Oenanthe oenanthe,theil_sen,0.02663509984833841,0.009346102570507319,0.005745493348008337,0.02085807579237653,0.026741726421748935,0.03279239804057333,0.042693363470769095,0.9975,0.0025
Phylloscopus castaniceps,theil_sen,0.03454418045980723,0.014722056097996778,0.0032741151573310325,0.025477806001771373,0.03632639574534206,0.045124871688167215,0.058515897466252145,0.9775,0.0225
Larus relictus,theil_sen,0.024837946002268962,0.008310652103483338,0.007564297758034358,0.01938830835601256,0.025227908274249873,0.030845120655234284,0.03962492688242749,0.9975,0.0025
Phylloscopus tenellipes,theil_sen,0.022260222734751554,0.014958376119469744,-0.008271908573549706,0.013239309566059003,0.024082597219282617,0.03211739366745194,0.048804384925255025,0.915,0.085
Horornis flavolivaceus,theil_sen,-0.02054676807761162,0.013913443883867605,-0.05102626491314192,-0.027968436355994417,-0.019684288576575313,-0.01105733507323747,0.0018170186755516004,0.05,0.95
Hirundapus caudacutus,theil_sen,-0.01637293015481169,0.024153211773070695,-0.06434662035405707,-0.03154518295823197,-0.013232976747943059,2.4732566579829633e-4,0.028537413257637447,0.2575,0.7425
Anthus spinoletta,theil_sen,0.0236722427251252,0.01553072909444994,-0.004826341087276963,0.012758081612206307,0.023231641954148882,0.034320902947244096,0.05446524145593009,0.945,0.055
Blythipicus pyrrhotis,theil_sen,0.009374781666498837,0.006565557656914541,-0.003746885220712407,0.004988204735708801,0.00958231404912268,0.013500737114739274,0.022317176051475263,0.925,0.075
Clamator coromandus,theil_sen,0.013196480465617924,0.011830384503746318,-0.00987886516473337,0.0049933172309026,0.0131862377271092,0.021175296085739394,0.03573331201912411,0.8725,0.1275
Calidris falcinellus,theil_sen,0.02498450397312149,0.007367028687143686,0.010649701655824203,0.02043196020337202,0.025194484045096055,0.03028485273024159,0.037469199170177346,0.9975,0.0025
Larus ichthyaetus,theil_sen,0.03620052881670346,0.009118640051812375,0.017471312042581604,0.0305706000294215,0.03653875462856877,0.04241224291567136,0.05351419727762336,1,0
Phylloscopus subaffinis,theil_sen,-0.007853721196870155,0.014039971708338504,-0.038607213774884325,-0.01636374566663778,-0.006380026532197002,9.965577912465357e-4,0.016662304977517375,0.2775,0.7225
Grus nigricollis,theil_sen,0.0016011343566858206,0.004801832399099155,-0.007562668651567884,-0.0018611948860383825,0.0017389091781579765,0.00492635482893149,0.009759585111267777,0.6425,0.3575
Phylloscopus ogilviegranti,theil_sen,-0.031145611561354213,0.016628976550721136,-0.0674856040793604,-0.042485680107466985,-0.03030343569387704,-0.019671758023753826,-0.0025124921127977397,0.0175,0.9825
Horornis canturians,theil_sen,0.05477802550841485,0.023242681943986078,0.010717347639451475,0.038314772290471595,0.05480069748718247,0.07211464328821487,0.09689994159009056,0.99,0.01
Charadrius placidus,theil_sen,0.06181114680474629,0.01945153275778803,0.019505161437668082,0.04930793683176305,0.06431129948785518,0.07604615770928375,0.09405034828754402,0.995,0.005
Oenanthe pleschanka,theil_sen,0.004149112040804771,0.0074711973990537455,-0.011363916251717315,-1.492097328787169e-4,0.004293200915977593,0.009378055499825831,0.017817437107360123,0.7425,0.2575
Leucosticte nemoricola,theil_sen,0.0066131415220160765,0.005066497290961561,-0.003977533659600733,0.0035597972202313175,0.006582177543169382,0.010070520799501506,0.015787431043942056,0.9025,0.0975
Enicurus scouleri,theil_sen,0.0074960489415983,0.009847614666623088,-0.014175396000135879,0.0020037229829542643,0.007915206876105786,0.014277257906458249,0.02630093429826741,0.8025,0.1975
Galerida cristata,theil_sen,0.012907731952285369,0.00940721812015138,-0.006182594025674355,0.007271113257860288,0.012970174003620596,0.018980483579386326,0.031250437933612825,0.9225,0.0775
Paradoxornis gularis,theil_sen,0.008724312392717355,0.00929078330010207,-0.010295902752097581,0.0027312943974889285,0.008743374965719542,0.015322935236675553,0.024329281013236136,0.8275,0.1725
Circus melanoleucos,theil_sen,0.0612059405222904,0.016056931079280943,0.030122692311144873,0.05203218219390958,0.060855875495058984,0.0707985868536789,0.09082144066235853,1,0
Calidris alba,theil_sen,0.016778021155271262,0.005800598575891764,0.004103554169058378,0.013797935788977506,0.01715819794224358,0.020962446544854747,0.026252503722798377,0.9925,0.0075
Ixobrychus cinnamomeus,theil_sen,0.02020473938642039,0.011110242369521323,-0.0012085057676070588,0.013365271880631982,0.02029158979709414,0.027458471416659004,0.04179015327566269,0.9625,0.0375
Lophura nycthemera,theil_sen,0.0061588175447372575,0.005502015217818861,-0.005280570773104347,0.0027053048370258553,0.006685862691403901,0.010061634327151667,0.015878653361331232,0.8575,0.1425
Accipiter gularis,theil_sen,0.019583407090164935,0.014773059839765564,-0.008095387800356084,0.010107139687742286,0.020079329935013747,0.02896297666316697,0.048389669568558176,0.895,0.105
Pica pica,theil_sen,0.03806541626601503,0.009476055269659623,0.02082740145396152,0.03163820628607061,0.03828606851390591,0.04498056108362402,0.053523264391865825,1,0
Staphida torqueola,theil_sen,0.01622738433077796,0.009948165099156116,-0.004653151086415103,0.010249895979529609,0.017164832966926648,0.02298078620425982,0.03489748726495379,0.9425,0.0575
Mycerobas carnipes,theil_sen,-0.006095949546180741,0.007163474268294121,-0.020538601923560884,-0.010980887260675129,-0.005717213665508443,-9.050514939402092e-4,0.006961742822256362,0.2025,0.7975
Prunella fulvescens,theil_sen,0.004056715501810869,0.003637597264266925,-0.004184835753675404,0.0018346938835909574,0.004319766568183128,0.006544927308546554,0.010228713492316372,0.87,0.13
Phylloscopus ricketti,theil_sen,0.0175405636142031,0.013930028266326064,-0.014744091413481925,0.008613135603665573,0.019286976528276985,0.027457425225472176,0.04129394803916059,0.8925,0.1075
Emberiza fucata,theil_sen,0.009707059141926011,0.016086246898072764,-0.01893911184284976,-0.0012530477365669465,0.00854283143213725,0.020428976379075932,0.043212288621906014,0.6975,0.3025
Chrysolophus pictus,theil_sen,0.013833371953479319,0.00589812429330568,0.0023699278310303578,0.010010216631921795,0.01409540489008354,0.017868110976648727,0.02467519944208665,0.985,0.015
Psilopogon faber,theil_sen,0.017273899867449916,0.004194056081133255,0.008070176398263657,0.014638963980739257,0.017727397550406664,0.020112700925926118,0.024665372754184376,1,0
Pterorhinus pectoralis,theil_sen,0.012758186557763842,0.013926322247188067,-0.018962820407568103,0.004627089772849679,0.013998863336522654,0.02310748218773067,0.034986276775487234,0.82,0.18
Lioparus chrysotis,theil_sen,-0.008968161608211506,0.008193853749830974,-0.02686392550321542,-0.014045820241327597,-0.008628612698161332,-0.0032723751526162062,0.005454900708984347,0.14,0.86
Luscinia cyane,theil_sen,-0.006876127632668531,0.014900802229897548,-0.038634835579400756,-0.01625434292613765,-0.00513487553855112,0.0026777052591833387,0.0180620642456445,0.3325,0.6675
Turdus merula,theil_sen,0.026048177351980874,0.0055385819111339486,0.014915616527538433,0.022658021271167644,0.026004464134599423,0.029476362255406573,0.037122797111664045,1,0
Sinosuthora alphonsiana,theil_sen,-0.0012757680719970846,0.006026624494974072,-0.014912709116396172,-0.0045262981269616216,-7.547749562011024e-4,0.003064143887820941,0.009313127564250536,0.455,0.545
Podiceps nigricollis,theil_sen,0.031228800281801423,0.016991037726983963,-6.331627086860838e-4,0.019569109463131944,0.030984610647673043,0.042488468070360504,0.0641884565904983,0.9725,0.0275
Turdus obscurus,theil_sen,0.03013009891059594,0.01751734958445091,-0.002134039005799543,0.019238694493897535,0.030611115471671804,0.04200474068353929,0.06324828400951246,0.9525,0.0475
Circus cyaneus,theil_sen,0.06027708718418482,0.01780077282567097,0.02559749741267916,0.048740240230405296,0.060924159804130004,0.07241144879390757,0.09110999117322072,0.995,0.005
Turdus naumanni,theil_sen,0.036104863251144856,0.011589074861713304,0.012952513482066354,0.028473253488900042,0.03653400126183412,0.04482535400003579,0.05557071691630478,0.995,0.005
Anthus rubescens,theil_sen,0.03752968256345493,0.013944579403001894,0.010774353067765427,0.027795593668749456,0.037351269794896,0.04759563282508712,0.06488261700738192,0.9925,0.0075
Regulus regulus,theil_sen,-0.022744185165300537,0.016130436721949422,-0.052561579442851246,-0.033011577806905876,-0.022107446837879675,-0.012372481762238593,0.0105654223698939,0.0775,0.9225
Corvus frugilegus,theil_sen,0.04167670147507879,0.016084264880521858,0.011217262933510925,0.03071172433234807,0.042732243333586425,0.05262455805993499,0.07068227054785084,0.995,0.005
Anthus cervinus,theil_sen,0.010475078240476828,0.01696491749062819,-0.0231679376986686,-5.12402423003204e-4,0.011012686778819596,0.020728017600211444,0.041202975283259655,0.7375,0.2625
Spinus spinus,theil_sen,0.028823456180393232,0.011942187997185015,0.006078310750419551,0.021046394627050692,0.029839903682636403,0.0367504673693191,0.05065119457390763,0.985,0.015
Trochalopteron affine,theil_sen,-0.01518893395164429,0.008184172537894507,-0.03162288698896027,-0.020326555958915114,-0.014464244939021976,-0.009448419568476498,-1.516138156103642e-4,0.025,0.975
Carpodacus waltoni,theil_sen,0.0013615185114399025,0.006009943971436006,-0.011008022400189723,-0.002600421604067905,0.001696269386708971,0.005831939169637626,0.011732929374249676,0.5925,0.4075
Delichon urbicum,theil_sen,0.040426732593299285,0.011285082093776953,0.01830258942061103,0.03356759398215914,0.041295013679101863,0.048986868591362795,0.058878601891561064,1,0
Apus salimalii,theil_sen,-0.0021054664544600484,0.0064286279832081236,-0.01498280127497286,-0.005908810158535581,-0.0023649234170605438,0.002432076711885136,0.009962147211490425,0.3625,0.6375
Emberiza rutila,theil_sen,0.03459920941588021,0.016017905691102896,3.7170132567061715e-4,0.024247568033275116,0.03435449379908321,0.04520466746761334,0.06573981916902075,0.975,0.025
Limnodromus semipalmatus,theil_sen,0.033115745300805126,0.010375954858664906,0.01159500998808962,0.026002231558362177,0.033823682748622276,0.03980355918170526,0.05194260299720532,0.9975,0.0025
Rhopophilus pekinensis,theil_sen,0.006142682314326297,0.009987830489198784,-0.013777925723495225,-2.5164810728723307e-4,0.006322889146872622,0.013454289370979793,0.024294318933457446,0.745,0.255
Petronia petronia,theil_sen,3.3462316560370174e-4,0.007395588184760082,-0.01395034233082913,-0.004512667174341548,3.866314831297568e-4,0.005045012611615624,0.014127663983197026,0.5175,0.4825
Luscinia calliope,theil_sen,0.022313331084986582,0.016560131459082205,-0.01082068859106336,0.012133976741202215,0.02284965220898858,0.032477795430766614,0.054076119863672036,0.9275,0.0725
Otocichla mupinensis,theil_sen,-0.008344419667894015,0.016112966162688418,-0.04269123580785534,-0.0189840800618307,-0.007054092364496033,0.003020320321715572,0.020754809620963224,0.31,0.69
Columba leuconota,theil_sen,0.004130396771534281,0.006189593244039249,-0.009256712142144548,3.4223897675762056e-4,0.004339039059335095,0.008604438737632062,0.01572582705857662,0.775,0.225
Dicaeum ignipectus,theil_sen,0.014258346082525488,0.0067819681558588685,0.0014911346612104328,0.009565208910688405,0.014373248329646093,0.018821182634280616,0.02692440330357372,0.985,0.015
Monticola rufiventris,theil_sen,0.015467028102250428,0.00873270489757104,-0.0028304343233213937,0.010078052557916318,0.015778268760149945,0.02179724871931868,0.03190745080640524,0.9525,0.0475
Hydroprogne caspia,theil_sen,0.033762113339544424,0.011136249406294265,0.0128821648232355,0.026058065327649944,0.03390675954501548,0.04102257483066778,0.054542706900017404,0.9975,0.0025
Coracias garrulus,theil_sen,0.005369234626731812,0.0037486252265472907,-0.0023958498093269286,0.002942266967125735,0.005440487434653487,0.007949785888850924,0.01216593914941271,0.9175,0.0825
Larus vegae,theil_sen,0.06323101414074662,0.01569086909235943,0.02887844736601783,0.05501042754069112,0.06444237520032603,0.07252464479306983,0.09027671792180286,0.995,0.005
Cyanistes cyanus,theil_sen,0.009037245700192462,0.0056098590604342705,-0.0029680112552341086,0.005658989318759536,0.00915400987207278,0.012968789475052592,0.01908749379853869,0.9375,0.0625
Carpodacus pulcherrimus,theil_sen,-0.007520743643557205,0.0075705134178954735,-0.022520715726302994,-0.012915331926667587,-0.007258783301494579,-0.002357632661665757,0.006525274803292156,0.1575,0.8425
Seicercus castaniceps,theil_sen,-0.0031589627764709288,0.011135135179061641,-0.024938026484173,-0.009273048529477865,-0.002432263891799291,0.004236633992699263,0.01736860067563399,0.395,0.605
Cinclus cinclus,theil_sen,-0.0015675178952344615,0.005092094131497997,-0.01149890251902418,-0.004943236630558434,-0.0014526483127783422,0.001923266573035761,0.007698772702670201,0.3925,0.6075
Ithaginis cruentus,theil_sen,-0.012692046047827612,0.007948620513674226,-0.02914114082293417,-0.01771848205620808,-0.012259058648856312,-0.00713864409289896,0.0012753048671306905,0.04,0.96
Poecile weigoldicus,theil_sen,-0.013777922697045378,0.00914446042844549,-0.03312689949105187,-0.019497841058885627,-0.01367484625876973,-0.008151572139998849,0.0036582965295963686,0.065,0.935
Ictinaetus malaiensis,theil_sen,0.028811806328986608,0.009115562621974334,0.008982896291230051,0.023306482161710936,0.029997542023504305,0.03498939136975239,0.04351606475066177,0.995,0.005
Haematopus ostralegus,theil_sen,0.018264501213105775,0.010543022228051148,-0.0024716266578535756,0.011198434960859104,0.018204281603903374,0.025682333081308642,0.03803408467189854,0.965,0.035
Coturnix japonica,theil_sen,0.03713995974619092,0.011170791384048629,0.013039112241204688,0.03091001886955422,0.0378614219468134,0.04425958935780854,0.05782942565081234,1,0
Prunella rubeculoides,theil_sen,-0.002292825112374365,0.004822605528334026,-0.012755906088614166,-0.005091759263936634,-0.00207372940269805,7.431017557761451e-4,0.006989379474386678,0.3125,0.6875
Ficedula mugimaki,theil_sen,0.006590427464751205,0.014637872998864652,-0.021747585435442328,-0.0034337130095933744,0.0064746876426748515,0.01681961449392465,0.03398454810487889,0.655,0.345
Lanius isabellinus,theil_sen,0.006892791677889979,0.0066975356482724775,-0.006261576906091497,0.0025859873736326904,0.006716586403971862,0.011531254195702237,0.020267174682232384,0.85,0.15
Turdus viscivorus,theil_sen,0.006562043841865157,0.004306967656285485,-0.002089290894136715,0.0035931713396179427,0.006609154824905086,0.010084383175134042,0.014143618511748626,0.9375,0.0625
Corvus dauuricus,theil_sen,0.07549429650812578,0.02143446441254549,0.026154481763344194,0.06326251110528505,0.07822942473743456,0.08933461198268822,0.11161141976407202,0.9975,0.0025
Phylloscopus kansuensis,theil_sen,0.0036491635230245113,0.00819004898555376,-0.012097463698865456,-0.001646732036138875,0.004193503993182288,0.008984726325261167,0.02021220268779241,0.685,0.315
Pyrrhocorax graculus,theil_sen,0.007885250097618784,0.006304398078023439,-0.004166325902701543,0.003471141699475608,0.007741194317680309,0.012345268254041213,0.020126193179483054,0.9025,0.0975
Ixobrychus flavicollis,theil_sen,0.016548883110718532,0.011830519090329674,-0.011119798879364859,0.009881728331751247,0.017756403436589713,0.0243596596511203,0.036199908582513124,0.925,0.075
Pterorhinus lanceolatus,theil_sen,0.020773594346500664,0.006696758244741494,0.006344782226572624,0.01713695763464445,0.021122449226797898,0.02533457731065057,0.03247581004918801,0.9925,0.0075
Agropsar sturninus,theil_sen,0.029810752521449362,0.020326808410157268,-0.011627060054770176,0.01741501825166657,0.029747739255973387,0.04334910897508387,0.06603778029695417,0.91,0.09
Paradoxornis heudei,theil_sen,0.009674143221094353,0.00595885895428546,-0.0023719368836260957,0.006524049974169889,0.009658130547177492,0.013478071388069364,0.021053510224809904,0.93,0.07
Erpornis zantholeuca,theil_sen,0.011314252095997436,0.00392258782480933,0.0029619696538302175,0.008998526561120681,0.011417014124703084,0.013919480733880786,0.018233988772794207,0.9875,0.0125
Jynx torquilla,theil_sen,0.04959454005453124,0.0259845399822615,0.0017898481223139807,0.03153243135277993,0.04927623085402684,0.06791364625231508,0.1029493745170937,0.98,0.02
Procarduelis nipalensis,theil_sen,-0.008165591081744139,0.01150063626192516,-0.033518116110964204,-0.014501054619120482,-0.00745784276027615,-2.3668490886856954e-4,0.011924346901754417,0.245,0.755
Phylloscopus goodsoni,theil_sen,0.016306385384540326,0.00537793260792949,0.004822392299877087,0.012723281870229444,0.016691274045147475,0.020114795287035823,0.026184248427192126,0.9975,0.0025
Heterophasia desgodinsi,theil_sen,0.010467693746366143,0.005043933769925035,-2.862505101808951e-4,0.007021499305962322,0.010703629376585214,0.01436653442878522,0.01883301722753409,0.9725,0.0275
Coloeus dauuricus,theil_sen,-0.030837102090046038,0.012643945914629907,-0.05383396434503189,-0.04019937262354878,-0.031103898370121577,-0.021863677544247156,-0.006166326722892409,0.01,0.99
Aythya fuligula,theil_sen,0.012906530445496734,0.020209146093735548,-0.031138142733692326,-0.0010015203699291278,0.014358589798439493,0.028678111849920734,0.04660652024067124,0.7425,0.2575
Erythrogenys gravivox,theil_sen,0.03475933020416547,0.009945276446998894,0.01572761450999167,0.02805393402201528,0.035487551514551505,0.04152993593363105,0.05264097483770924,0.9975,0.0025
Minla ignotincta,theil_sen,0.0044548776666008425,0.007085000642561323,-0.009517712357180961,-4.1891737386190713e-4,0.004588773027084218,0.00919005247892754,0.017744136749967148,0.725,0.275
Acridotheres tristis,theil_sen,0.04302755805628041,0.006954013985459781,0.030415750125485124,0.03882227757269853,0.04280224038786857,0.047508681433947667,0.05805439000701609,1,0
Cyornis hainanus,theil_sen,0.0013428671279800668,0.004146412246075847,-0.007371464922727315,-0.0011563001382965173,0.0014447330083591859,0.004201636693922092,0.00865263645732779,0.635,0.365
Oenanthe deserti,theil_sen,0.0030368998730652946,0.005403854233888909,-0.00787399125455206,-0.0010113046704307044,0.003222785519230307,0.007203502496727063,0.012476626063771814,0.705,0.295
Sylviparus modestus,theil_sen,-0.006851800696661831,0.00983749124852928,-0.025535989688708256,-0.013634008229568333,-0.006413454341063485,-3.073701487699577e-4,0.012549814496681275,0.2375,0.7625
Merops viridis,theil_sen,0.009450422598011982,0.007202071182061293,-0.006790470362283298,0.00499208617078342,0.010322362501782771,0.01424632228270886,0.021538732812635103,0.8975,0.1025
Crossoptilon crossoptilon,theil_sen,-0.001123268729088316,0.00451584696665187,-0.011411969339145471,-0.00358381731922701,-9.292394362409716e-4,0.0017717080603590859,0.006834821103527159,0.4225,0.5775
Phylloscopus valentini,theil_sen,0.031878288083229386,0.016641025781288395,-0.006255704070091097,0.021415002940096926,0.033317087201190976,0.04296111594726046,0.06187821520640374,0.96,0.04
Zoothera aurea,theil_sen,0.03497943691031767,0.017699732198811238,0.0018414821554215968,0.023336425596884564,0.034928680556459105,0.04717459531038527,0.06796413969564909,0.9775,0.0225
Garrulax maximus,theil_sen,-0.011336376496549685,0.007134900368716898,-0.025837414750815642,-0.01578828391650781,-0.011719579792226771,-0.006481893929328677,0.001580340328346531,0.0575,0.9425
Tarsiger chrysaeus,theil_sen,-0.020392265560162205,0.01129963601768038,-0.04086433961566307,-0.027922331532661687,-0.020313934719063113,-0.012490144889151965,9.513485909908344e-4,0.0375,0.9625
Actinodura cyanouroptera,theil_sen,0.02438220905382864,0.008887080866028248,0.0041925235895037775,0.019300053170562163,0.02524335628217944,0.03010939672668508,0.03958770802297063,0.99,0.01
Larus argentatus,theil_sen,0.028188672848741787,0.011180847680768323,0.004015738438667597,0.021045458348909737,0.028454620270353056,0.03561286149676831,0.04957302020370504,0.985,0.015
Leucosticte brandti,theil_sen,0.0045709869308730045,0.004980544024596295,-0.0055969211949687,0.0015079323942057256,0.004630502991740351,0.00805645933815223,0.014004265808539479,0.8225,0.1775
Dendrocopos leucotos,theil_sen,0.0048118276449907686,0.013943718027929592,-0.027900034474844543,-0.002398039559242203,0.0065005151669858974,0.014856873309575596,0.02794687775100482,0.69,0.31
Horornis diphone,theil_sen,0.03160210347497111,0.016061251904872925,0.0017252776480458213,0.020377852827914225,0.03176544657627231,0.04273838607484204,0.063201124865676,0.9825,0.0175
Buteo refectus,theil_sen,0.012534528223329854,0.008994985486002995,-0.005385541626444854,0.006450912554060963,0.01270415784079579,0.01909325937150915,0.028905555045290687,0.92,0.08
Phylloscopus reguloides,theil_sen,0.00261125462926558,0.008461809946945153,-0.014581952445316309,-0.003165722400712823,0.0029657361554221934,0.00845741714873286,0.017853000735554903,0.63,0.37
Nipponia nippon,theil_sen,0.00395281763991035,0.0019847586841581534,-7.463611800150589e-4,0.00288787614231445,0.00415053048015499,0.005155607039521788,0.007436527776013136,0.9625,0.0375
Hieraaetus pennatus,theil_sen,0.030560159932088302,0.01346462572319709,-7.338179936331804e-4,0.02148027210850481,0.031461728510456144,0.03945140488255659,0.055851885184720465,0.97,0.03
Mareca penelope,theil_sen,0.0513267520005406,0.019563539503404063,0.010235445033175975,0.03856163634280178,0.05226244238935764,0.06493212520375138,0.08644603791574429,0.99,0.01
Luscinia megarhynchos,theil_sen,0.0018690772948998574,0.003212292837391333,-0.004690911351127382,-3.0290168428031667e-5,0.0019134047376050726,0.0039037986596749345,0.0079200238012556,0.7475,0.2525
Suthora verreauxi,theil_sen,-0.005240395937219157,0.005544834410289775,-0.01611075688205757,-0.008878473955252583,-0.004711874164016383,-0.0015093511782666943,0.0037347974511458115,0.185,0.815
Tarsiger rufilatus,theil_sen,-0.008233419175273465,0.008970146699876792,-0.02407034560261761,-0.014151193888425003,-0.008529485123933037,-0.0022006148080672017,0.008950981682112233,0.1675,0.8325
Coccothraustes coccothraustes,theil_sen,0.02038487727763597,0.009180319929086913,0.0016698564937065717,0.014031795512258735,0.02074028402647418,0.02688116708526534,0.03702692457103382,0.98,0.02
Carpodacus rubicilloides,theil_sen,-9.088699053982099e-4,0.005007877678282009,-0.01063353052604646,-0.00407174146513231,-5.998872024549299e-4,0.0025940893145200497,0.008340749942766212,0.4475,0.5525
Panurus biarmicus,theil_sen,0.02787601072540509,0.011898581561375916,0.0051410177811509646,0.019722872086312362,0.028353699575762198,0.03544046341811065,0.05057063058050552,0.99,0.01
Bucephala clangula,theil_sen,0.02735603838596454,0.01614613009785654,-0.009177148896540189,0.017157471678634947,0.02758907075375414,0.03959507599189924,0.05420069695864271,0.9375,0.0625
Aerodramus brevirostris,theil_sen,0.011451602789320286,0.012996861830640449,-0.014931117370178939,0.0043435045552118415,0.011734852614136438,0.019790540749134097,0.035171054644906365,0.835,0.165
Yuhina gularis,theil_sen,-0.00852567780733458,0.008061004333923188,-0.02451439060539663,-0.013896991162055422,-0.008879755819367324,-0.0029851752228724857,0.00677852283907686,0.1525,0.8475
Otus lettia,theil_sen,0.021363725802323753,0.007986190514632901,0.005346519558068537,0.015742641432819116,0.02170980498314983,0.026954628577145624,0.03595613038336939,0.9975,0.0025
Rostratula benghalensis,theil_sen,0.028268088704428124,0.012644060547605848,0.0011431913747941727,0.020670848594802706,0.029314658651461364,0.036402411776542194,0.051001887093243374,0.975,0.025
Turdus pallidus,theil_sen,-0.0040670541395735164,0.009432131541910254,-0.021819137881122438,-0.010675351240038378,-0.004088826746367746,0.0028644130625537717,0.012694360631703427,0.3425,0.6575
Yuhina torqueola,theil_sen,0.009967490811213824,0.005999199932621381,-0.0023539195502978397,0.006279407809323227,0.009965843649710097,0.014239581774032957,0.021044491679785386,0.9475,0.0525
Accipiter gentilis,theil_sen,0.020877040700581946,0.010993176282839356,-4.2904941962152126e-4,0.013855632799395352,0.02127318741287905,0.027970382643908984,0.044704538021587116,0.9675,0.0325
Dendrocopos hyperythrus,theil_sen,0.006278614714734646,0.021438315760187055,-0.03704343839107686,-0.006775078497325578,0.0073354703488694994,0.020777572554348894,0.046961936948684856,0.66,0.34
Chroicocephalus saundersi,theil_sen,0.008423629596868215,0.0029255428188476157,0.002928196801609571,0.006259221109875956,0.008546608094004586,0.010263875064450503,0.01393674958011321,0.9975,0.0025
Emberiza siemsseni,theil_sen,-0.003737364048338179,0.008970003400464782,-0.0234780852905391,-0.009266673485075195,-0.002376557054528367,0.0025613355304960565,0.010367183581656626,0.3675,0.6325
Anas acuta,theil_sen,0.03590276274819855,0.022096825247501315,-0.009951260488703989,0.021702337618232308,0.037845005222177285,0.05011147740614548,0.07432980193561986,0.94,0.06
Zosterops palpebrosus,theil_sen,0.005110028827384195,0.0076415652917875875,-0.010873815304987362,9.1547263356247e-5,0.005418347104610325,0.010295959438807654,0.01831387271683808,0.75,0.25
Minla cyanouroptera,theil_sen,0.014055262530847065,0.00549112331477629,0.002687080042636633,0.010817119980704854,0.014345229803317039,0.017760827359404242,0.024183655133916418,0.9925,0.0075
Emberiza aureola,theil_sen,0.052977573576801676,0.029741636829667947,-0.011906894920756571,0.03406772082090019,0.05380210510792256,0.07453288741009532,0.10341116911445983,0.9375,0.0625
Certhia hodgsoni,theil_sen,-0.026642359477810604,0.01033361377120092,-0.04855820694718828,-0.0329556743548833,-0.026011014856706073,-0.0195949442326896,-0.0071081850987452285,0.005,0.995
Botaurus stellaris,theil_sen,0.04257271580136523,0.013859754454748704,0.016766543792110452,0.033668368628166814,0.04277124853508761,0.05214744041042077,0.06936761648545627,0.9975,0.0025
Acrocephalus arundinaceus,theil_sen,0.002255265512056593,0.006097141400652248,-0.009825196557714461,-0.0019538055386056226,0.002555169115161984,0.00651032598478112,0.013333143427979843,0.66,0.34
Iduna aedon,theil_sen,0.03190352554538821,0.01400313464639485,6.602392935632279e-4,0.023491869459151736,0.032189460883919274,0.04150039584221769,0.05898449383999166,0.9825,0.0175
Leptopoecile sophiae,theil_sen,-0.006509290025495479,0.005728546127114115,-0.019759411153680715,-0.009871339544390487,-0.006158731708121974,-0.002543407464139383,0.003757108242359199,0.1125,0.8875
Merops apiaster,theil_sen,0.004305899491590431,0.0035585093049726557,-0.0023252075236688866,0.0018992742825483587,0.0042929262589761165,0.0067195597646324216,0.011973248597990371,0.9,0.1
Muscicapa ferruginea,theil_sen,-0.008149191459869639,0.015557900358619061,-0.04162298940564026,-0.01823040542555876,-0.007600165066391443,0.0023956255559488865,0.02084538196245164,0.305,0.695
Hodgsonius phoenicuroides,theil_sen,-0.017827423662015163,0.01368670844782628,-0.04716687048724018,-0.026269785131067175,-0.01663160443650605,-0.00860071274796409,0.006511448028329935,0.075,0.925
Loxia curvirostra,theil_sen,0.008775603980891954,0.01228098114818768,-0.012890531461607641,6.879469260990222e-4,0.008850329451577404,0.016668799748024057,0.03154697942201933,0.7725,0.2275
Carduelis carduelis,theil_sen,0.010377132016946483,0.00418638071700235,9.237996080216896e-4,0.007845946507318,0.010764316307991104,0.013264072398092958,0.0175650928233558,0.98,0.02
Cygnus cygnus,theil_sen,0.01573889218526715,0.012054564691939966,-0.0057514073425009166,0.007059775614269978,0.015228790089431576,0.022773107225138617,0.04166508260026988,0.9025,0.0975
Phylloscopus occisinensis,theil_sen,0.016073155399026325,0.013633149765118613,-0.012485222956758095,0.007493749538225244,0.01580058664882307,0.024384346235339097,0.04249062157708671,0.885,0.115
Seicercus valentini,theil_sen,-0.032598123054066314,0.01434326890936942,-0.061437573494630415,-0.041807889513291105,-0.032903690058242806,-0.023387382750734303,-0.003745591080856411,0.015,0.985
Pericrocotus divaricatus,theil_sen,0.014686566238499135,0.013678124048298813,-0.011510435897456034,0.005640527174542524,0.01439170941342194,0.02404127578984768,0.04240011977432147,0.88,0.12
Zapornia akool,theil_sen,0.01112390848202011,0.008922198804038274,-0.007370044191398637,0.00579294306088643,0.0112204607800942,0.0166148516514376,0.027836655438231894,0.91,0.09
Perdix hodgsoniae,theil_sen,-0.007909637571897556,0.005734036172023401,-0.021338828943765632,-0.011453720925095428,-0.007694968280352649,-0.003916513163374008,0.0021479108961747176,0.07,0.93
Pucrasia macrolopha,theil_sen,-0.0028117925001108816,0.011412494939476258,-0.025784912977010438,-0.009467685073803618,-0.0015744761653756299,0.004722843146298957,0.017062104472541695,0.435,0.565
Calidris minuta,theil_sen,0.04224230858908209,0.0253506462324829,-0.008825079778760863,0.025600855833626472,0.04382859656048606,0.06177431808427096,0.08671511589572427,0.9475,0.0525
Chloris chloris,theil_sen,0.0035648824389421783,0.0043583330702089106,-0.004996945554273616,0.0010200283820240965,0.0036087897561804484,0.006318389322713846,0.01205159537819045,0.8125,0.1875
Sitta nagaensis,theil_sen,-0.0072314626846705764,0.007011767565972442,-0.021558971386606927,-0.011889147065156359,-0.007515536398030327,-0.0023419031945303617,0.005859003877242955,0.15,0.85
Phylloscopus tephrocephalus,theil_sen,0.030822592142559502,0.01268645319062494,0.005541794442620175,0.02361918496878409,0.03168469398293514,0.03878659448006437,0.05263699604226495,0.99,0.01
Cyanoptila cyanomelana,theil_sen,0.004105477269421341,0.01201312443772986,-0.020390755377290615,-0.003980237070653508,0.004558072820747043,0.01249585970935581,0.02486882554205625,0.625,0.375
Ficedula elisae,theil_sen,0.011969532022560845,0.008391794901943946,-0.007085194281812225,0.006946160639181789,0.01295979119666111,0.01728769498011051,0.026100310673150114,0.9175,0.0825
Urosphena squameiceps,theil_sen,0.005810321672001596,0.015930711955217502,-0.022566400436874193,-0.0037380439260087705,0.0061549829981172866,0.015855037852479666,0.037597019484666434,0.65,0.35
Conostoma aemodium,theil_sen,-0.01858331109491989,0.010641674667494789,-0.04264365190790066,-0.02515508587618317,-0.016686030061489582,-0.010455554549299504,-0.002221147680631329,0.0075,0.9925
Psilopogon asiaticus,theil_sen,0.005689257535570203,0.002487516793760361,4.109357056156417e-4,0.00405687394683733,0.005734531884063355,0.007357034577037099,0.010119904293152722,0.9825,0.0175
Carpodacus davidianus,theil_sen,0.014741342920830881,0.009599356238532737,-0.006558718748494126,0.00928911381487817,0.015422500613770145,0.02111506493633452,0.03188404719550936,0.935,0.065
Locustella thoracica,theil_sen,-0.02662860178891777,0.013410201160288137,-0.05418990431100262,-0.034597664332011474,-0.02627776171824736,-0.017681451342447276,-0.002536477305095417,0.015,0.985
Motacilla flava,theil_sen,0.01218066248461989,0.005471751025955488,8.327462001949542e-4,0.008755143174717603,0.01245811074134726,0.01617341499825522,0.021188530803440825,0.98,0.02
Charadrius mongolus,theil_sen,0.03675358104242883,0.013931984581032711,-2.3499628987938169e-4,0.02987797937503654,0.038581466118889296,0.04528841422405218,0.059007972537246656,0.9725,0.0275
Phoenicurus erythrogastrus,theil_sen,0.015146911401132711,0.006065887522908847,0.003459774110653074,0.011337204563888993,0.015516090982499425,0.01915002518328706,0.027120060419305442,0.995,0.005
Calliope calliope,theil_sen,0.06128019348140528,0.03899828874336174,-0.012708990574642552,0.03513042642039986,0.06424466590356397,0.08856464698153418,0.128982985495068,0.9425,0.0575
Phylloscopus emeiensis,theil_sen,-0.009837945805117492,0.010652800026657727,-0.03382788382910194,-0.015781288435506895,-0.007914898822542368,-0.0024213926951825717,0.006341769794818575,0.175,0.825
Tragopan temminckii,theil_sen,-0.0104122821802222,0.00840130989748668,-0.02786858917051783,-0.015823523405706502,-0.009630973853245753,-0.004602369257308379,0.005053580339033548,0.11,0.89
Falco naumanni,theil_sen,0.025112718841182373,0.01064374731705062,0.002096991285286446,0.018845671560169044,0.02584700128763632,0.03275702399601986,0.04226040838339945,0.9775,0.0225
Strix nivicolum,theil_sen,0.0033765022331844895,0.018953125400561696,-0.035704076918934194,-0.008403485218648858,0.005320405390309879,0.016080969182627622,0.03500673382887937,0.5875,0.4125
Aegithalos fuliginosus,theil_sen,0.0029385630238605675,0.005247854847189715,-0.007855785302369736,-4.333938076581398e-4,0.0031925293457036787,0.0065219784054687344,0.012906989807511461,0.725,0.275
Nettapus coromandelianus,theil_sen,0.01599743522239469,0.024797503513750752,-0.031086143878198698,-0.0015754237892671528,0.01666420505465009,0.034083434097777185,0.06067044925840751,0.73,0.27
Sturnia sinensis,theil_sen,0.01289619173005998,0.0033279868982218834,0.005706659584215932,0.010884588612416181,0.013000967043367484,0.014995253960060198,0.019053462009077458,1,0
Muscicapa striata,theil_sen,0.003788854307969362,0.0037281544754423444,-0.004647361628724016,0.0015188835987603839,0.004170998193358371,0.006288256274269533,0.010196970054710694,0.8675,0.1325
Ficedula tricolor,theil_sen,-0.006041698966144424,0.011963524872938922,-0.03254728962382513,-0.012919971817440533,-0.00571096592067288,0.0019461161332842807,0.015175590489062493,0.325,0.675
Tringa brevipes,theil_sen,0.01501640180625536,0.005610334556297955,0.0037272882800134647,0.011670868525289323,0.015330744032721604,0.01887214422587736,0.02588438726140619,0.9925,0.0075
Chrysolophus amherstiae,theil_sen,0.003671456714519707,0.004552800072988452,-0.0062772548385675786,0.0010005156915573776,0.003950722481755766,0.006694175177381084,0.01177707421196947,0.8025,0.1975
Myiomela leucura,theil_sen,0.004756230998896339,0.010115976836385146,-0.01438072262694417,-0.00233484342189563,0.0055981977112652456,0.011462576803678983,0.02454768348949099,0.695,0.305
Emberiza leucocephalos,theil_sen,0.008532008311144817,0.011822403057108362,-0.017266716123221254,0.0013714448987381164,0.008822295476903816,0.01614796863882296,0.029288090378121977,0.78,0.22
Passer montanus,ols,0.02560704241242832,0.0064800297569175234,0.013517729771583106,0.02118450706833422,0.02535964902816342,0.029526907737224342,0.03876592631931706,1,0
Pycnonotus sinensis,ols,0.022087249153456105,0.005854353170796238,0.011064053716993429,0.017939754996647076,0.02233106867714752,0.026306109836140873,0.032905526041711264,1,0
Hirundo rustica,ols,0.02548971072074446,0.007095014201443154,0.012349798167554524,0.020291942089523507,0.02537176199848385,0.03035291531698894,0.0397263255669807,1,0
Spilopelia chinensis,ols,0.046418901067481755,0.006684454630236916,0.033668623608274356,0.042107172698445994,0.046382944400167464,0.05048535286668398,0.060147769297718506,1,0
Pica serica,ols,0.07132209020705527,0.007501011180143348,0.05775103560954058,0.06664223588044456,0.07079400113972045,0.07605390810971992,0.08717328850914352,1,0
Motacilla alba,ols,0.006980790378404481,0.005758640130642934,-0.0016528889964682464,0.002970356860566608,0.006081150608013395,0.010052323865902543,0.02058403910360348,0.9325,0.0675
Turdus mandarinus,ols,0.025724410770891375,0.006515910293563543,0.013311180121562785,0.021427677123509934,0.02576582725370434,0.030101104548347808,0.03765338170351714,1,0
Egretta garzetta,ols,0.039033488135718,0.007938205316327522,0.023513421895851788,0.03342935652923059,0.03921122791859161,0.044133267634930674,0.05436646309935547,1,0
Parus minor,ols,0.013017297737619475,0.006669905968738496,7.3207778399468e-4,0.007522386659899943,0.012910378341509654,0.018025657438106107,0.025954261570929955,0.9825,0.0175
Cyanopica cyanus,ols,0.021606794279999952,0.007687845709105212,0.004801968209830825,0.01627640914323377,0.022321732972677463,0.027041106806432524,0.035926326065257176,0.99,0.01
Streptopelia orientalis,ols,0.018983663246045154,0.012817988838350466,-0.005856728419407301,0.009851239823152388,0.018994413912252497,0.02820122039244391,0.043323560570063584,0.935,0.065
Tachybaptus ruficollis,ols,0.059767305323327184,0.009928166278066872,0.041158000661135834,0.053557480530590895,0.05989382121546628,0.06557089540193654,0.08048774877589086,1,0
Nycticorax nycticorax,ols,0.0565335469813364,0.012066277635642067,0.03193519183118346,0.048334750701944824,0.05644526286406279,0.06538859276927125,0.07767555374535415,1,0
Gallinula chloropus,ols,0.06272973184240184,0.011750176554223108,0.03947751085374071,0.054692459687737005,0.06306857137926006,0.07016786529204015,0.08361583416079481,1,0
Sinosuthora webbiana,ols,0.026890286880335717,0.008152894803535402,0.01114424303626721,0.021350019082430245,0.027199579544086736,0.032234536080977275,0.04201315221170155,1,0
Chloris sinica,ols,0.008162665646954838,0.006233246448539063,-0.0036747953742538747,0.003934944072545517,0.008064901741941936,0.012525632720213915,0.020154153842201334,0.915,0.085
Cecropis daurica,ols,-0.001510670158184201,0.0072557774154441675,-0.016262424273694554,-0.0066436207451425165,-9.752007060193047e-4,0.0037431322965409157,0.011566886688876689,0.43,0.57
Acridotheres cristatellus,ols,0.01696608869136921,0.006409774919371929,0.0034972680461099566,0.012900691990231427,0.016975602200910173,0.021498462564046868,0.028383502804773645,0.9975,0.0025
Ardeola bacchus,ols,0.011385850786665859,0.008442460305616769,-0.004872912956517041,0.006231694184840662,0.012291259461301036,0.017241973141038317,0.027386742166678496,0.8925,0.1075
Copsychus saularis,ols,0.010330620877515602,0.004573220672690774,0.0019460107138195256,0.007308246396642286,0.010224012280594726,0.013568828307096617,0.019533586905239143,0.9825,0.0175
Ardea cinerea,ols,0.05774523193566416,0.010334309327601708,0.0380386302840336,0.05098235769187424,0.05755091977433415,0.06471240997474531,0.07799116171756577,1,0
Anas platyrhynchos,ols,0.045749402359802925,0.01064418659289139,0.02679527020481614,0.03877160931720479,0.045792395681892,0.05303934335890595,0.06676960515154166,1,0
Lanius schach,ols,0.026487236621048474,0.005215930687643342,0.016326577385495828,0.022956825644411195,0.026321467108850458,0.030284154032251234,0.03640099895554204,1,0
Spodiopsar cineraceus,ols,0.06282391324337948,0.00944758099661382,0.046521089033971,0.05598426455374155,0.06291379447795759,0.06909162459337523,0.08269988347293765,1,0
Alcedo atthis,ols,0.016357948838684893,0.00755377647286522,0.0016262505178969023,0.011101910494032344,0.01627241732032505,0.021578265252126652,0.030711218708994216,0.9925,0.0075
Anas zonorhyncha,ols,0.04051984480553533,0.009322997726244184,0.022697403953053252,0.034433441300595856,0.040315527615285424,0.0466256190246008,0.05865045212427346,1,0
Phasianus colchicus,ols,0.04842307601989899,0.008233729988287294,0.03410385373799077,0.042724414009128235,0.04782215516861614,0.05417387442491912,0.0661536248162593,1,0
Zosterops simplex,ols,0.009726322773049915,0.005058465258798808,-5.094868659858777e-4,0.006339407449699623,0.010004331176521145,0.01277397637028628,0.020086819356941312,0.9675,0.0325
Cuculus canorus,ols,0.036882476299699395,0.007972009702638156,0.02228757366958241,0.03139822584784585,0.036824298736211986,0.04225909775874215,0.053925671555010005,1,0
Corvus macrorhynchos,ols,0.023822082610152454,0.014292326738752435,-0.0032331716965667136,0.014070719661022326,0.023815740466647597,0.033654353792352,0.05286647508098914,0.9475,0.0525
Upupa epops,ols,0.036780928525280275,0.008146920606699696,0.02090822332307649,0.0314149057277221,0.037120824452168855,0.041858953840937324,0.05200776889849068,1,0
Dendrocopos major,ols,0.009380090247193062,0.011980703965229081,-0.014288802236931243,0.001413960005056611,0.009773251587538561,0.0169110713498535,0.03216075494254065,0.7825,0.2175
Spodiopsar sericeus,ols,0.038791973048913846,0.008565818538846215,0.02306620528783359,0.03315739961364861,0.038452211947943425,0.043756079705642506,0.05548587083637723,1,0
Dicrurus macrocercus,ols,-0.006565955789788852,0.006572106300988838,-0.020139289928263047,-0.010700691405941005,-0.006450595805740261,-0.0017960188846280931,0.005170769177945037,0.1525,0.8475
Spizixos semitorques,ols,0.028939471692031826,0.006235544893341676,0.016189416824694405,0.024979567255990515,0.029156514021821088,0.033240678191667615,0.0398352143789072,1,0
Phoenicurus auroreus,ols,0.004338304548544048,0.006726488508879624,-0.009601441600139071,1.5026597384782428e-4,0.004483059964411765,0.008990564858022465,0.016892738994589884,0.7575,0.2425
Ardea alba,ols,0.02681478185147356,0.010909011701089742,0.006608188730627451,0.01967037356992511,0.026404864763858747,0.03414116474438066,0.04741438526952269,0.995,0.005
Himantopus himantopus,ols,0.07489772127853807,0.010954705295519477,0.051948094473780945,0.06821519749036245,0.07556643483731693,0.08229795639775435,0.09579032294387273,1,0
Urocissa erythroryncha,ols,0.042613450134673006,0.013742713295526988,0.015835023406665025,0.03426097017795599,0.04233103218286846,0.052054458116953584,0.06860292184206475,0.9975,0.0025
Aegithalos concinnus,ols,0.010231221645212313,0.005977424634413988,-0.0019241871911023643,0.0065180215963086,0.010211427440819664,0.014119625726319621,0.023381549434592225,0.945,0.055
Lanius cristatus,ols,0.0020060154778258526,0.007129158390422756,-0.012287005342305347,-0.0029817062470899364,0.0023399362002200384,0.006462963813241031,0.015578632292103694,0.625,0.375
Fulica atra,ols,0.10546840496086954,0.013118182107727971,0.0772125646290116,0.09706868737196084,0.10536390122831771,0.11429403494124957,0.1297103798111424,1,0
Horornis fortipes,ols,0.014903641066016415,0.008054754419522985,-1.4805872495668272e-4,0.009267606289131664,0.014893480345600485,0.020684264481033877,0.029439539135989814,0.9725,0.0275
Eophona migratoria,ols,0.011496772320868587,0.010967033490582695,-0.010641574615768347,0.003985266364419479,0.011464844895861324,0.018494419735041637,0.03438020601304884,0.8575,0.1425
Podiceps cristatus,ols,0.059542794258362154,0.012818514828427056,0.03452842429298917,0.05066514033759771,0.05980879655001248,0.0685826210948485,0.08409451073891136,1,0
Picus canus,ols,0.0029513641251691647,0.014136510948248426,-0.022947623333902125,-0.006164395891724324,0.002419068833955324,0.011905393785392744,0.03172732975648095,0.5575,0.4425
Phylloscopus inornatus,ols,0.028046267485505517,0.007546644590126698,0.014001746463678069,0.023086995791453773,0.027556687079290463,0.033126066526230374,0.04494111520493914,1,0
Pterorhinus sannio,ols,0.04021888499870522,0.0056252992735598304,0.028421440145073612,0.03606343620997335,0.04062024623584025,0.04388353742145351,0.05105363593283742,1,0
Motacilla cinerea,ols,0.01597258035822052,0.011698668478481531,-0.008456672059651763,0.0081165422970878,0.01550723987353353,0.023236727596974947,0.039273562870564785,0.9175,0.0825
Sterna hirundo,ols,0.04515528750573457,0.011179766243289677,0.023343788798478766,0.03840444649841927,0.045291930448215834,0.05233477204113486,0.06745121205552351,1,0
Falco tinnunculus,ols,0.03949100322478085,0.00887417670266129,0.02113900680265634,0.03378366588654351,0.03962807759879204,0.04565559878520599,0.0564928776623454,1,0
Hypsipetes leucocephalus,ols,0.007435877729950654,0.005430391745599973,-0.0028888777505602895,0.0034093841919903924,0.007698024296061971,0.011388671940410738,0.016897316514034942,0.9075,0.0925
Apus apus,ols,0.005182471085801777,0.0069726467842374604,-0.009641685561913851,0.0015101450463805275,0.00545852497671828,0.009191489367974273,0.019650284147302834,0.795,0.205
Cuculus micropterus,ols,0.019165888432640686,0.008153761963941544,0.003847895577449994,0.013868550365316954,0.01891784439814724,0.024396940702150396,0.03584884671233854,0.9925,0.0075
Phalacrocorax carbo,ols,0.03381509067328774,0.011394793259039993,0.009686838163611197,0.026504328780589965,0.03381510222461487,0.041935724804243665,0.05607965191495855,1,0
Phoenicurus fuliginosus,ols,0.024959765270687932,0.008147921633663785,0.007651544625471976,0.019779096912799495,0.025722372281571204,0.030399369178819937,0.0386804826268907,1,0
Prinia inornata,ols,0.021897693136636046,0.005472770894298156,0.01155238645488598,0.018196397159293432,0.021770742715683362,0.025666996352434218,0.031754091718835545,1,0
Milvus migrans,ols,0.024195119898819083,0.01393927881649662,-0.003475556174120207,0.014325491564912609,0.024907996245862173,0.033872771417305415,0.049421854029194995,0.9475,0.0525
Bubulcus coromandus,ols,0.0010935601763044586,0.010610565082026735,-0.01957310167099604,-0.00616043462521587,0.0014740974778406427,0.009114584480436528,0.020700121110468126,0.55,0.45
Phylloscopus proregulus,ols,0.012669983854572726,0.007606805789627499,-0.0030277554410408545,0.007660475029059708,0.012641003849343295,0.017519512649289255,0.027961075792716245,0.95,0.05
Acrocephalus orientalis,ols,0.049073283724933386,0.012448645570148846,0.02236678638055203,0.04085933124076012,0.05020362765225754,0.05752323930368305,0.07028471910069847,1,0
Aegithalos glaucogularis,ols,0.032562803212301025,0.007940087798969504,0.018018185824942152,0.027079914101406054,0.03228318759060957,0.038110019698735134,0.047408726215563926,1,0
Eudynamys scolopaceus,ols,0.020133471130982482,0.006526423516362335,0.008244768559563968,0.01554308490732514,0.020113729735725665,0.024645533459352425,0.03266002873597289,1,0
Anthus hodgsoni,ols,-0.008502929737278585,0.012374453380750603,-0.032542072679736786,-0.016914898684294816,-0.00865208929017278,-3.1307010968077513e-4,0.016055006248323036,0.23,0.77
Pterorhinus perspicillatus,ols,0.03818733512919697,0.008776708144688186,0.02052849878331656,0.03316744312850725,0.03896497534545899,0.044311236172161095,0.05354913515880201,1,0
Charadrius dubius,ols,0.03157544641347123,0.01132093190187797,0.00810810320675443,0.023979725748590735,0.03186139888918724,0.038965915500597685,0.053897454459504654,0.9925,0.0075
Poecile palustris,ols,0.02736535374154485,0.0068130880041107084,0.012338918076758278,0.02292290673494928,0.02696394672102263,0.03199942198533827,0.040208446863055004,1,0
Actitis hypoleucos,ols,0.019189739387473276,0.012293962242575783,-0.0033477375976902228,0.011147393350830485,0.018595586145365835,0.02814916136631998,0.044985302092738454,0.94,0.06
Tadorna ferruginea,ols,0.04998704193783035,0.008499215871483636,0.035028358481129875,0.04362331351092756,0.04998305519401969,0.0554128808828553,0.06612467158702885,1,0
Passer cinnamomeus,ols,0.031264775000541596,0.011520307976998455,0.007217208270260123,0.02335721833290735,0.032283749514743026,0.03934124730993225,0.051243284146201266,0.995,0.005
Vanellus cinereus,ols,0.07779173981049368,0.012837001377464345,0.05251088624217275,0.06931591840668797,0.07963778184707614,0.08628234496515998,0.10133744460175512,1,0
Pycnonotus xanthorrhous,ols,0.03055647853935004,0.005970495962982737,0.019370322840905993,0.02649765547616197,0.030426744901991425,0.034482086804799986,0.04143174701942698,1,0
Emberiza spodocephala,ols,0.013726534410614317,0.011113136824253078,-0.005731262002002701,0.00523266397228515,0.013453625673524414,0.020559966597827325,0.03548564929841434,0.89,0.11
Ixobrychus sinensis,ols,0.03005914152594286,0.015127369615137989,0.002087994386747078,0.019712665438389173,0.029903348445246856,0.04083477263714621,0.062057231283807725,0.9825,0.0175
Oriolus chinensis,ols,0.013650085764399763,0.00715186171824656,-7.058246641497958e-4,0.009100954946421531,0.013671139574890172,0.01814102807506324,0.02831303268406708,0.97,0.03
Emberiza pusilla,ols,0.014967945779335653,0.010206940311149701,-0.00397335563748567,0.007741587867914332,0.014349507497306268,0.021510122504736596,0.036028462589368905,0.94,0.06
Chroicocephalus ridibundus,ols,0.05906555208435386,0.009926121446885261,0.03747466965835794,0.052923066788782384,0.059225117785526,0.06565513191455617,0.07856172551960904,1,0
Pycnonotus jocosus,ols,0.01680976376554757,0.0033642712731890376,0.00962858992805101,0.014618841585084055,0.017152855297502097,0.019185554257646193,0.02257752501433644,1,0
Streptopelia decaocto,ols,0.03279396091224538,0.008271998161614415,0.015348649064922696,0.027917726578743612,0.03312983783661842,0.03836628758115833,0.04870238165514661,1,0
Pomatorhinus ruficollis,ols,0.01784150262254431,0.005852428874743118,0.006178401387291345,0.013630558136232773,0.018004876086195276,0.02183944894252251,0.029598134832087043,1,0
Bambusicola thoracicus,ols,0.020018691199139065,0.0072413260590850625,0.0035894663962605694,0.01563062918160658,0.020319444062044344,0.024940347953911163,0.03359498474496042,0.995,0.005
Pardaliparus venustulus,ols,-0.006208426180185328,0.011736316261152173,-0.02966079229287051,-0.013621859902241873,-0.006505340420370343,0.0014394323250774307,0.015233479874013252,0.305,0.695
Ficedula albicilla,ols,0.0038059430842275342,0.0077533276344547986,-0.010576645095692018,-0.0018281824330709396,0.003972985960748874,0.009213611528403215,0.017798823646306496,0.6675,0.3325
Picoides canicapillus,ols,0.08526721134555394,0.014400622694547506,0.05460512097121689,0.07764332686077885,0.08630091839378504,0.09459145772515563,0.10873135367845327,1,0
Hemixos castanonotus,ols,0.0211423393907164,0.00372638779560518,0.013276159404497685,0.018840501246925566,0.021277357935288482,0.02374181302326115,0.02829032154250055,1,0
Tringa glareola,ols,0.01741761883289367,0.01624254953000253,-0.013460212461216689,0.005717719956845338,0.017124678339620683,0.028803242870024375,0.04967352160736312,0.8575,0.1425
Abroscopus albogularis,ols,0.02577906607058746,0.00876156960906305,0.006517077729725274,0.019917788660747383,0.02624088648195365,0.031951743619210195,0.04167936648917176,0.9975,0.0025
Saxicola stejnegeri,ols,0.04063993029394323,0.01170237998090794,0.02060705304255534,0.03220417078145626,0.04007053117311492,0.04779338442387729,0.06514453782590073,1,0
Garrulus glandarius,ols,0.0028939997751136516,0.012455995148058709,-0.021075516817349444,-0.005432034493260546,0.002590750438615566,0.010911121666213372,0.02870376154559458,0.59,0.41
Chlidonias hybrida,ols,0.07641822635923182,0.012489420031770468,0.052393944447590136,0.06887395993272226,0.07735260981609318,0.08467582009986077,0.09891844878821188,1,0
Corvus corone,ols,0.0366153088364941,0.010593486845149071,0.01552832069868678,0.029558164521894865,0.03662770167893102,0.043673904235115045,0.05845702411371507,1,0
Trochalopteron elliotii,ols,-0.006537778081853216,0.007357758866799185,-0.021569510271999735,-0.01130287010290721,-0.0064416467841650355,-0.0014212285087125333,0.007002736343436513,0.1975,0.8025
Parus monticolus,ols,0.009677256613327459,0.007277353093265364,-0.006005911878239146,0.005132865807112724,0.010184072053212073,0.014549178298692945,0.022532670653855173,0.9,0.1
Phylloscopus fuscatus,ols,0.018359279489054612,0.013275644806991642,-0.00869602450752024,0.009616062358621363,0.01889346917712957,0.027330336477944445,0.043957344940134625,0.9025,0.0975
Myophonus caeruleus,ols,0.018308998327600332,0.007718071844390599,0.0034623909048751857,0.012891093301890463,0.018449255427178193,0.023474373168096026,0.03216939038489009,0.995,0.005
Pyrrhocorax pyrrhocorax,ols,0.002177396329236821,0.006779762257381367,-0.010735844015847385,-0.0024102587367837817,0.001865139905421062,0.006728145865364955,0.015401132205264928,0.6325,0.3675
Ficedula zanthopygia,ols,0.008598954723858025,0.012658315211735188,-0.016613751418011233,2.3176538437392786e-4,0.007927864929218754,0.017188043351669173,0.03326883050562918,0.7625,0.2375
Pericrocotus cantonensis,ols,0.0035373066861629486,0.00857339685075611,-0.01338340495064797,-0.001482230505971968,0.003433984576482328,0.008752452815978834,0.02018918997236678,0.6675,0.3325
Ixos mcclellandii,ols,0.03128374257799194,0.0055396734837835125,0.020249752952857084,0.02759520804289195,0.031294108928357205,0.034995171735544645,0.041435462076716424,1,0
Tringa nebularia,ols,0.043320318990263194,0.014415873099973588,0.01708244163113438,0.03301220950686749,0.043224460510177934,0.05505806255582156,0.07023871301117623,0.9975,0.0025
Dicrurus hottentottus,ols,-0.005788814467183868,0.008884613656734614,-0.027468681725010942,-0.010496342694465945,-0.004703365622407309,4.2683592853085396e-4,0.009475780003361677,0.2675,0.7325
Gracupica nigricollis,ols,0.019554235118699748,0.005259328808839658,0.008761098818580657,0.016451381430283803,0.019697513095318808,0.02325168469228604,0.02920995539736155,1,0
Tringa totanus,ols,0.042433611402646725,0.012345912703417979,0.017549755016474336,0.033766095022397566,0.042741224015218335,0.051207274686322225,0.06427298095188763,1,0
Hierococcyx sparverioides,ols,0.04027976626693613,0.018583978720684055,0.004475495230278998,0.02755835838844494,0.04107816340276342,0.05360941295901697,0.07440812086342066,0.985,0.015
Leiothrix lutea,ols,-0.0022860616028261187,0.008936899233189495,-0.019958287093279313,-0.008986897382092282,-0.0018978539059535822,0.0038355440346780592,0.014935989726030675,0.4125,0.5875
Charadrius alexandrinus,ols,0.04526987660525963,0.012901735249655502,0.01650818672009419,0.03678816664844509,0.04522060508965897,0.0538972555008444,0.06867931413040627,1,0
Dendrocitta formosae,ols,0.016538890837074913,0.00581073725084849,0.0053003972464055905,0.012541750748138911,0.016734798239434117,0.020650995775428845,0.027670908328141324,1,0
Aix galericulata,ols,0.0443255333744912,0.011187931651401266,0.021832883616632073,0.03626642092810352,0.0440105217966654,0.05218496286785257,0.06558162416077354,1,0
Motacilla tschutschensis,ols,0.02813692208732084,0.01529491773979406,5.265734301568587e-4,0.017966846379893625,0.027532539880026533,0.03779827173667312,0.06247016319673873,0.975,0.025
Falco amurensis,ols,0.0596310453525506,0.007988341135424992,0.044097340381967096,0.05406579313564808,0.05990618712978009,0.06521973746119233,0.07484529054482683,1,0
Delichon dasypus,ols,-0.013439914057475163,0.015123206782343903,-0.04173132148273538,-0.024578552953053102,-0.01362701745201421,-0.0017620730042132227,0.015210288640135012,0.2,0.8
Lonchura striata,ols,0.010047411964382509,0.005309209529250818,5.677091254336988e-4,0.006615820255958664,0.009961805042913004,0.01349231836245535,0.021028893168647873,0.9775,0.0225
Garrulax canorus,ols,0.01905212038565668,0.010437224073175384,-0.0027239883448368094,0.011645390241134382,0.019063884691077906,0.02579227998540732,0.04062492102717667,0.96,0.04
Amaurornis phoenicurus,ols,0.015577404038261154,0.008235447007733949,-0.0012193729213329778,0.010479770157059101,0.015505493917473148,0.021211518692362874,0.030529060821697228,0.965,0.035
Lanius tephronotus,ols,0.004344370339090399,0.005746539283526087,-0.006279166370603967,1.483470276381572e-4,0.0044924355596378494,0.008351118465304596,0.015273970876516687,0.755,0.245
Columba livia,ols,-0.063910386527472815,0.010490467572256443,-0.08196932735797927,-0.07103565545440614,-0.06454134798881758,-0.05686051929826365,-0.04255119238561894,0,1
Phylloscopus claudiae,ols,0.022563532294908498,0.01370437275349514,-0.005117537640371869,0.013389797012449045,0.023357768952012616,0.03271281677761009,0.046345600642985034,0.9425,0.0575
Emberiza elegans,ols,0.016128868825063446,0.01303666262836387,-0.009420701158691962,0.006820010701399302,0.016407858276408484,0.025973604297115715,0.038248442892081826,0.9025,0.0975
Gyps himalayensis,ols,0.0034042144699586562,0.0030130050095632526,-0.0019341294662217226,0.0011119267612847532,0.0034396775901142608,0.005401177437490507,0.009514196813505816,0.8725,0.1275
Recurvirostra avosetta,ols,0.06554183921704013,0.012366912225753974,0.04271815687984691,0.057726605372286854,0.06608876053693019,0.07433409906587693,0.0887110601662928,1,0
Culicicapa ceylonensis,ols,0.028087271489994507,0.00843285367387934,0.01229822950693075,0.02236746251698569,0.027839790436518075,0.03409013390789545,0.04360405731655675,1,0
Columba rupestris,ols,0.01825685381421009,0.005651286149081988,0.0061819691747031285,0.014699344774724298,0.0184681996277516,0.021738562695425026,0.02878210226912597,1,0
Apus nipalensis,ols,0.031223936130002686,0.005927250707997253,0.019142036685898253,0.027146090055870518,0.03130454358129128,0.03542999616712671,0.042326856949278985,1,0
Accipiter nisus,ols,0.03142450651625466,0.009390041715746518,0.014107870114159803,0.02491289800810714,0.031099178280102238,0.03820601072386659,0.0514117431475594,1,0
Tringa ochropus,ols,0.04512350525563324,0.017314405852745275,0.011932298874210214,0.03334846392192754,0.04523396991432384,0.05694356245391188,0.07957225541955205,0.9975,0.0025
Phoenicurus ochruros,ols,0.008905995457907967,0.004510044058939904,7.26007503475289e-4,0.005998576175940057,0.008609635641164298,0.011863965391582494,0.01846141393769836,0.98,0.02
Turdus rubrocanus,ols,-0.002941987490112827,0.007228958328081215,-0.015943131978181792,-0.008027072112432403,-0.0031192163370334907,0.002224992003984198,0.01083488287568705,0.355,0.645
Carpodacus erythrinus,ols,0.013872900389958,0.012560038780000888,-0.008796589806905957,0.005028665762106496,0.014690807059934348,0.021694914296505673,0.039163940983493385,0.8475,0.1525
Psilopogon virens,ols,0.029616652128907378,0.006674162051570274,0.016540112270200597,0.024759412245722513,0.029689255952693692,0.0341155291328904,0.04287522049987666,1,0
Gallinago gallinago,ols,0.03223203717098644,0.016232406493774436,-9.282258018229781e-5,0.02230437984116434,0.03265804769882239,0.04227214924315611,0.06336774579728656,0.9725,0.0275
Prinia flaviventris,ols,0.013576898313847298,0.0034607213216574792,0.006895207359841646,0.011523447851306897,0.013389222027466887,0.01565420173348305,0.020618338897876225,1,0
Motacilla citreola,ols,0.0410275433923474,0.010898924187850543,0.019940061532223236,0.03330228731842176,0.04104558978582011,0.04940071337953904,0.06070379803952226,1,0
Accipiter soloensis,ols,0.006104199176466728,0.012876720096155826,-0.019623842956802907,-0.0020638946218143545,0.006686925095108122,0.015149679878828256,0.02976987084370468,0.6875,0.3125
Accipiter trivirgatus,ols,0.021812542986688385,0.008709844200132377,0.005967282747706786,0.015814166300279785,0.02163559272772314,0.027286330628947357,0.03897637103938347,0.995,0.005
Cisticola juncidis,ols,-1.356777623004577e-4,0.009413768839160118,-0.01735306733896872,-0.006712851298604771,8.734275497202448e-5,0.005976880895553078,0.02040679067376779,0.5075,0.4925
Dicrurus leucophaeus,ols,0.01834549270933794,0.008364202259096905,0.001202196838200474,0.012861587136663036,0.018497388602830095,0.023865709115300036,0.03448757028305461,0.98,0.02
Ardea intermedia,ols,0.08910067217959765,0.01980550872231312,0.04058789016159607,0.07958125782166847,0.09196799270771797,0.10336402414044739,0.11904822308271563,0.9925,0.0075
Lonchura punctulata,ols,0.019820807434196903,0.00433604246075126,0.011479382331077738,0.016918169043217756,0.019812797461891855,0.022783054573421536,0.028385459842815947,1,0
Orthotomus sutorius,ols,0.012479949962965376,0.0027599947740092083,0.006681924438449392,0.010676828823845692,0.012510118410628754,0.014237880710885324,0.017820595445793307,0.9975,0.0025
Falco subbuteo,ols,0.02672877665354492,0.01289266997371229,5.840636092521981e-4,0.018963206998175997,0.026742293442437032,0.035123345074160456,0.05211552064153658,0.98,0.02
Pericrocotus ethologus,ols,0.002398174709774301,0.009971211895934674,-0.017129738243614266,-0.003932483563216977,0.001967223763555604,0.009583158503160594,0.020775459519288674,0.6175,0.3825
Muscicapa sibirica,ols,0.0059930701953506225,0.009097763414625905,-0.012255539803894223,3.165768322563855e-4,0.007025422208798041,0.012122412732151094,0.023849357052702233,0.76,0.24
Picumnus innominatus,ols,0.016212102796067683,0.008116101027375245,-3.405316303978368e-4,0.010544643014077386,0.01603271642387638,0.02174226656945057,0.031154302711208816,0.9725,0.0275
Sternula albifrons,ols,0.03740273931821183,0.01083157556335574,0.016545695485366215,0.030261231022909688,0.037405300513485056,0.044597187962489945,0.05762998252527229,1,0
Butorides striata,ols,0.015486350438600477,0.009103890114637012,-0.003651409518313358,0.009964163198130078,0.015326564258535774,0.02093433186259343,0.034020302263605355,0.9575,0.0425
Yungipicus canicapillus,ols,0.03257478059515627,0.010325534212222386,0.012180975121188166,0.02570088072086273,0.033415488923180595,0.03957747465280387,0.05147038218532547,1,0
Periparus ater,ols,0.0011713756148245178,0.014350929560752308,-0.026137740074553693,-0.008870331340522683,0.0011670914358086369,0.010466418428125701,0.028605389941398288,0.5325,0.4675
Phylloscopus magnirostris,ols,-0.006482975636611956,0.010280527124664292,-0.02699128005507208,-0.013380796548797137,-0.006372272729496023,6.885563680477083e-4,0.011210143555519506,0.27,0.73
Tarsiger cyanurus,ols,0.013719093251749628,0.010728626170434404,-0.007497441831031113,0.006683965486907386,0.013061220149720339,0.020495293539754544,0.03593535255132663,0.9075,0.0925
Cuculus sparverioides,ols,-0.007976302133923838,0.009181384644568264,-0.0275645933181028,-0.014048730514892712,-0.00738916599076723,-0.0016331170567805804,0.007897907207865075,0.1975,0.8025
Cyanoderma ruficeps,ols,0.030613120610657345,0.010040991958044278,0.009968155277889256,0.023817671048340434,0.0311635137677287,0.03747128131359782,0.04993308600173666,0.995,0.005
Eurystomus orientalis,ols,0.011587926139515923,0.012648869128316137,-0.012943516666891553,0.002803356897016809,0.012098304437731362,0.019412215946878857,0.03398880805381367,0.8125,0.1875
Anas carolinensis,ols,0.05058467044457339,0.014623770063588728,0.022746483108430627,0.04056303716337652,0.050549860020251886,0.059801337619434236,0.07863492662679995,1,0
Acrocephalus bistrigiceps,ols,0.055591705915113906,0.011911924786878025,0.03184055739265266,0.04766623935850511,0.05575855742259308,0.06422569344243467,0.07654020402005557,1,0
Centropus sinensis,ols,0.02027885798581404,0.003172705517191001,0.013937696590293444,0.01802749094362508,0.02032546493943343,0.022479413856404645,0.025912692909818413,1,0
Buteo hemilasius,ols,0.017086639568261563,0.007421470573945168,0.0031194676485555486,0.012105488648570386,0.017183220309641443,0.021764255369988918,0.03201255239405635,0.99,0.01
Pycnonotus aurigaster,ols,0.017260585568494236,0.003271928674664582,0.010723478160668572,0.015177420909186353,0.01749424178744143,0.019420616910565645,0.022988418269209773,1,0
Fringilla montifringilla,ols,0.0647846611060161,0.012957044124079367,0.03877341704071878,0.057125380231641654,0.06482089543427497,0.072891892046546,0.09111040143794574,1,0
Phylloscopus humei,ols,0.012351971372078606,0.00861025569209622,-0.004693516907736645,0.007179187074763044,0.012563643007938292,0.01772469583400854,0.029496430201733675,0.91,0.09
Apus pacificus,ols,0.003633534816859481,0.013561587708723578,-0.02722632769498349,-0.004950227153822101,0.004478494684293698,0.013344728913908482,0.028093920356036937,0.6475,0.3525
Emberiza godlewskii,ols,-0.0014823323351537906,0.008094211155903612,-0.01874820315429953,-0.007027495326800015,-0.0011618222469537954,0.004269723063972306,0.013448631043572423,0.445,0.555
Tringa erythropus,ols,0.05228925151356908,0.01156047317870702,0.02974086032688278,0.045642933454378545,0.051550986647191585,0.0603102032077333,0.07503421581835763,1,0
Enicurus leschenaulti,ols,0.017116403135380546,0.008669873480704608,0.0017686719621237948,0.011318164605301941,0.01717909172820118,0.023523529879509855,0.03279628239555505,0.98,0.02
Phylloscopus borealis,ols,-0.010185086334035845,0.01074323888511569,-0.030469488316398695,-0.016724653445235476,-0.010905732303360702,-0.0032595889783077056,0.012861588972178458,0.1775,0.8225
Cuculus poliocephalus,ols,-0.0023631748059050758,0.017641609835549743,-0.0374977094375031,-0.014635493926790233,-7.463786541105243e-4,0.00918671498002639,0.030901952438225435,0.475,0.525
Phylloscopus coronatus,ols,-0.010602518992951056,0.014918222975530877,-0.039950708691967825,-0.01973185717079724,-0.01038419198419593,-0.0014262086446073519,0.019285778001718105,0.2225,0.7775
Phylloscopus trochiloides,ols,0.005104223897257732,0.006654985691270502,-0.008888822282046651,7.827060339755162e-4,0.005616054602981348,0.009539604343739252,0.017644467830835207,0.7725,0.2275
Pericrocotus solaris,ols,0.024865618412073732,0.004990575531178453,0.015058921734659165,0.021636097374418087,0.025231974520978008,0.0281664610907722,0.03365011283114836,1,0
Aethopyga gouldiae,ols,0.009292927997557588,0.00795367026456862,-0.005962405706970645,0.0037718906115198417,0.009551450448125777,0.01434342323787817,0.02427895154159554,0.88,0.12
Tringa stagnatilis,ols,0.031928574863104284,0.010931591165794438,0.009239012556426887,0.02405750790852021,0.03266213998942141,0.039973938373399215,0.0520155506243239,1,0
Muscicapa dauurica,ols,0.061387251120088485,0.022702312344397024,0.014620874294024058,0.04683383321630129,0.061791147856575565,0.07752749911995827,0.10493969337989281,0.995,0.005
Buteo japonicus,ols,0.03697975274495612,0.014045391485344411,0.008689702976209862,0.0273758740561828,0.03627186150341234,0.04741403546555186,0.06422040239707476,1,0
Gelochelidon nilotica,ols,0.04569356356670334,0.01117057975035611,0.020466725360396818,0.03887574992656821,0.04589446411312976,0.053262154906490645,0.06575435517579958,1,0
Eumyias thalassinus,ols,0.02050611660655655,0.007663507026470854,0.00585689031676415,0.015011297167031597,0.020684104904468772,0.02570927319246461,0.03616929061399785,0.9975,0.0025
Sitta villosa,ols,-0.014323892114005143,0.0110606122346681,-0.03379075984565337,-0.02225984708590039,-0.013516211929669023,-0.006901064861039169,0.00605762554490952,0.095,0.905
Alauda gulgula,ols,-0.00917102904090312,0.013127502867911957,-0.03545449306035267,-0.017695288173094167,-0.00856134355209495,-8.329451404163723e-4,0.01588026305430209,0.235,0.765
Calidris ruficollis,ols,0.02859024765043063,0.009967979391987507,0.007871217543398982,0.02176822089209734,0.028622303007245865,0.03571908997593057,0.047751752551066916,1,0
Pernis ptilorhynchus,ols,0.08950604348924264,0.02001656965060914,0.04884820714959881,0.07659269469126793,0.08991372127694011,0.10370682381101674,0.12693778025206012,1,0
Limosa limosa,ols,0.05322887308058336,0.011591117657677832,0.031705744844265124,0.04503047237133755,0.053328378425551604,0.06144892191799886,0.07468952756287213,1,0
Phylloscopus pulcher,ols,0.001257457392387454,0.006469581371381611,-0.011309807499022412,-0.0029685328869040245,0.001599382883523716,0.0053204647864966165,0.01300385751541958,0.5825,0.4175
Ardea purpurea,ols,0.058896107613098034,0.011130905443112602,0.03720364648720489,0.05179843922591375,0.05979697006432834,0.06640375556820399,0.07950502942565847,1,0
Phylloscopus armandii,ols,0.002631510241078331,0.008118284918734996,-0.015835066909466407,-0.0020704743386754047,0.003221890102865695,0.007985646104305189,0.016961835054296596,0.6675,0.3325
Butastur indicus,ols,-4.943187674900571e-4,0.009381940324682599,-0.017050393757130328,-0.006799446501958382,-0.0014450099044043257,0.005568502519738016,0.017739143621139954,0.445,0.555
Platalea leucorodia,ols,0.05158398755294808,0.008513825960771968,0.03264068457491946,0.04623952220793912,0.05210068469401457,0.05751552579465208,0.0667415245943534,1,0
Emberiza tristrami,ols,0.030056416777219826,0.012052675519958615,0.006795665334521126,0.021049637599986234,0.030282220951329437,0.038911118028184644,0.05229752914118709,0.9975,0.0025
Spatula querquedula,ols,0.027428559239210223,0.017308347284291332,-0.006895165683569462,0.01665270643622982,0.02721874110676651,0.03951394311189999,0.06096363581249752,0.94,0.06
Alcippe hueti,ols,0.01324246874555198,0.0032922889518159017,0.006537855363349198,0.011023842862725937,0.013345264017769372,0.015603941889095073,0.019365867866609904,1,0
Garrulax perspicillatus,ols,0.02559541130485895,0.004366255593584332,0.016957202834266268,0.022784055240604527,0.025560643994168318,0.028732403367356992,0.03438504904407371,1,0
Cinclus pallasii,ols,1.9665731910545353e-4,0.01128002877257551,-0.023522869592100194,-0.00678601925743477,3.619694779360341e-4,0.008145640480925295,0.020880447567027807,0.5125,0.4875
Calidris ferruginea,ols,0.0360691376252187,0.017764235500440956,-0.0017267925669438888,0.024597480646703862,0.03775021323366144,0.04920649306217398,0.06627363910843163,0.9675,0.0325
Tadorna tadorna,ols,0.04491675687176598,0.011272451806073178,0.022973092678026122,0.03771096957172111,0.04537326096119107,0.05226270231988549,0.06684484550877566,1,0
Chlidonias leucopterus,ols,0.03659223688546387,0.012762086492704498,0.009511950987375737,0.028679936372557037,0.03635275263936296,0.04542300671595728,0.059621133028012106,0.9975,0.0025
Anthus roseatus,ols,0.021696577348611478,0.010047981672650733,0.0010089421363691244,0.014999631135571394,0.021808368675261397,0.028417123109469204,0.04059282626287442,0.98,0.02
Phoenicurus frontalis,ols,0.013823481167523148,0.006407765467791244,-1.509466207542996e-4,0.009748510206223318,0.013900915865179575,0.018297448252146055,0.025290661017914235,0.97,0.03
Mareca strepera,ols,0.049520377368605976,0.014359316308684408,0.0229239359500164,0.039513162371888545,0.05019081143933963,0.059074387183073285,0.08031503596400252,1,0
Periparus rubidiventris,ols,-0.01200477506911825,0.007101755507015848,-0.026681688145899263,-0.016059013298734305,-0.011699022200678786,-0.007174020756001926,0.0016276883788027448,0.0425,0.9575
Eremophila alpestris,ols,0.004193768602671457,0.005454504118398859,-0.005824946015583807,5.618811270832727e-4,0.003942781365878542,0.007855651897111907,0.015007367539299104,0.785,0.215
Aythya nyroca,ols,0.05937989717074622,0.014749009286544865,0.031491712303863925,0.04878184587091743,0.05929230106230636,0.07022780194196573,0.08630313512878492,1,0
Calidris acuminata,ols,0.025033857994431297,0.010189307097483193,0.0030386277481167247,0.018502666902901525,0.02566366736357071,0.03174783865326955,0.044406760178474565,0.99,0.01
Ceryle rudis,ols,0.028354732815773203,0.00680027314071925,0.014275229128950047,0.0241884337518086,0.028848981295445185,0.033323091368627926,0.04008236361098639,0.9975,0.0025
Circus spilonotus,ols,0.029956590008348903,0.014184088460138149,8.407159781901458e-4,0.020262898123374895,0.031040947831165608,0.03994781252292987,0.0548594964725003,0.9775,0.0225
Pseudopodoces humilis,ols,-5.29305742566461e-4,0.0035935135150261463,-0.007383753941823181,-0.003068992443836526,-4.481809046186099e-4,0.001981529904387989,0.0065125247602436254,0.4375,0.5625
Pyrrhula erythaca,ols,-0.00791910455702932,0.008948296062906478,-0.02665865632565125,-0.013616000769518428,-0.007701825518970851,-0.0018508818647838335,0.007669694101160495,0.2025,0.7975
Netta rufina,ols,0.0528943841796293,0.010221417060716628,0.032069137195266315,0.04606846026672528,0.05351173404463935,0.060261094683955026,0.07248522350685167,1,0
Emberiza cioides,ols,0.03373716321280321,0.010011063558663961,0.013233517413332105,0.02709988537572672,0.03408515403033605,0.04021050772146969,0.05184093754127851,0.9975,0.0025
Anser anser,ols,0.050583116948621706,0.01408471170136361,0.020048319288519013,0.041918395963843016,0.051216379078268995,0.06041465793166807,0.07562878039920871,1,0
Otus sunia,ols,-0.007752341576527484,0.017993572770988803,-0.04306635221031312,-0.01873878800175384,-0.00790050565216234,0.004234318872179707,0.02730921999070754,0.335,0.665
Aethopyga christinae,ols,0.030439523999899305,0.004290082853819428,0.02174422900088905,0.02764757518802206,0.030808437863453803,0.033492668779147305,0.03819961043383169,1,0
Stachyridopsis ruficeps,ols,0.008503425237883387,0.005987854111988107,-0.004374152186884457,0.004360848884611601,0.008525646288380657,0.012542539673739327,0.01984262237451062,0.93,0.07
Carpodacus dubius,ols,-0.007568086066459528,0.006024009042766716,-0.01903231092709489,-0.011661629823597768,-0.007284025381773805,-0.003462039391031645,0.003346643637994128,0.11,0.89
Phylloscopus yunnanensis,ols,0.007895675663808648,0.010884464518587555,-0.014156214910916856,0.001087874704004189,0.008625107336597534,0.015509214152182987,0.02967313849872327,0.7775,0.2225
Remiz consobrinus,ols,0.032370837103568105,0.009014861288542841,0.013652717214285211,0.026706177290905665,0.03323226765889718,0.0383178295279437,0.048549753841281455,1,0
Turdus kessleri,ols,-0.012199481261437948,0.005841841210552915,-0.023326584057031714,-0.01551011788981071,-0.012149028589977687,-0.008501361101673852,-0.0013927139944399747,0.0175,0.9825
Phylloscopus forresti,ols,-0.007936575709119055,0.00856551278604936,-0.024357166287491787,-0.01335422840716066,-0.007615414381271189,-0.002303311349728798,0.008228705096288742,0.18,0.82
Hydrophasianus chirurgus,ols,0.023170885410757215,0.012254116763720015,-0.002299855887338325,0.015287643207510134,0.024505283503218123,0.031985456230710314,0.04299727065324749,0.9575,0.0425
Numenius phaeopus,ols,0.03646050357917657,0.010360979293735787,0.015698118143849853,0.02951042472038729,0.03700837420363203,0.043630466330157235,0.054939147511265655,1,0
Phoenicurus schisticeps,ols,-0.0037826080281060277,0.005608102041661074,-0.014998134672264313,-0.007221578174070731,-0.0034128579622622114,-2.1422801510344476e-4,0.006861900024171963,0.2375,0.7625
Anthus richardi,ols,0.013476915595702368,0.017032839873459344,-0.022388798925967755,0.0027572122935306128,0.013551839533867202,0.02537291234007951,0.04468522388552879,0.79,0.21
Nucifraga caryocatactes,ols,0.013044738848876707,0.009465258926753182,-0.005347899554290252,0.006670751312531359,0.013543206013602939,0.01998834529996563,0.028992146618421644,0.91,0.09
Poecile montanus,ols,-0.019170249987038108,0.012361647434790405,-0.04204518174099762,-0.027140628530316586,-0.019468756039111648,-0.01114452569189123,0.004520212965892486,0.0675,0.9325
Muscicapa griseisticta,ols,0.02278884134580933,0.011277345823428847,0.0014361055594586008,0.015804207496560863,0.022354360634542714,0.030540852191186293,0.044365264220370744,0.9875,0.0125
Numenius arquata,ols,0.027656262267939703,0.011011086056118526,0.004567105302032928,0.020961217866573234,0.02752616169151289,0.034627242136592955,0.04808909491344781,0.9925,0.0075
Falco peregrinus,ols,0.024785246194509003,0.01870636442665763,-0.010476456613110393,0.012715679842333141,0.024717336500919614,0.03873574813425301,0.058056807058249046,0.9,0.1
Lanius tigrinus,ols,-0.029073859519349605,0.01635384815284875,-0.06811079398942418,-0.037680193260047845,-0.027055040408002475,-0.017845418261968633,-0.0020570076676634636,0.015,0.985
Sitta europaea,ols,0.015252336041009432,0.010537525790185331,-0.008290851251084237,0.008762061523726031,0.015420859786929211,0.023001039036591456,0.03405830803526814,0.9225,0.0775
Vanellus vanellus,ols,0.04813112800748052,0.010960517830273929,0.026067020677871113,0.04062113353717041,0.04836510428412276,0.05464060114901519,0.06901295040954697,1,0
Caprimulgus jotaka,ols,0.0154619015924941,0.01819772151440995,-0.01827076793422425,0.0032985220896771476,0.01614161821851868,0.02844629962617721,0.050377181978316296,0.8175,0.1825
Xenus cinereus,ols,0.025903860610231023,0.011468239121325345,4.392770006330004e-4,0.018977843914904747,0.026802390451295274,0.03375768672452986,0.04595505712754393,0.98,0.02
Pluvialis squatarola,ols,0.03716377659573781,0.006040554413148867,0.024893192105709415,0.033376573025691296,0.037448130770248736,0.041414305213857874,0.04739989681556445,1,0
Anser cygnoides,ols,0.023319003963762446,0.009713539171882028,0.0013076194624324791,0.01661100167577673,0.02340864378600134,0.029878428702975454,0.040898214652667186,0.98,0.02
Saxicola ferreus,ols,0.021679155898398753,0.007915711189948929,0.007184055519586945,0.016378878540493438,0.02228942607034628,0.027247718425411984,0.03485410455240752,0.9925,0.0075
Muscicapa latirostris,ols,0.01013599074818737,0.014013777079608788,-0.017750693472083835,4.182184301738463e-4,0.010891069381348033,0.019392972083354505,0.03492233308176894,0.7575,0.2425
Oenanthe isabellina,ols,-0.0030995986550672538,0.0059431049879890615,-0.01463378837522338,-0.006650484421315344,-0.0032935270100479096,0.0012774583409792628,0.0081489760876258,0.305,0.695
Prunella strophiata,ols,-0.00890991471394935,0.0068496018309705704,-0.02291863636571265,-0.013658863658817747,-0.008387663118466152,-0.00404603918896624,0.003826568982975936,0.085,0.915
Emberiza pallasi,ols,0.04406325719352725,0.007778252363971832,0.02865497598583069,0.03881533133908907,0.043981697402067144,0.049443559220818015,0.06040898629672376,1,0
Chaimarrornis leucocephalus,ols,0.0010370940849175063,0.0077742254609256,-0.015226648639371848,-0.0036937546585256225,0.0015743544489129665,0.006646862200332067,0.013860921062397058,0.5725,0.4275
Saxicola maurus,ols,0.05399064641095043,0.010205579765766894,0.03361772540608379,0.047485392822088676,0.05398087103569052,0.060522394753856824,0.07430621708057461,1,0
Riparia diluta,ols,0.02302912355950082,0.012682897334974257,-0.0034268035139092714,0.015230438512162551,0.023850645323349025,0.03167049304087224,0.04530442781852605,0.9575,0.0425
Dendronanthus indicus,ols,0.0015101537496875956,0.010196836311702717,-0.017676323469157373,-0.004276731776549348,0.001567155290339984,0.008893101115025082,0.020458702530282924,0.57,0.43
Gypaetus barbatus,ols,0.0026481101310009184,0.0047442663149796695,-0.007278758310398776,-1.885398295944503e-4,0.0026887999911013993,0.005759565427828388,0.01114783474803277,0.74,0.26
Cuculus saturatus,ols,0.031031293867636874,0.018684587641492507,-0.00455718077563306,0.017959498662176648,0.031484103071304725,0.043401812467510945,0.0681576381606957,0.9525,0.0475
Larus crassirostris,ols,0.017869145873759935,0.003482112733083006,0.010249889811025769,0.015459971605751436,0.018222476802268156,0.020253926647630732,0.023990556390810984,1,0
Riparia riparia,ols,0.062368563643214886,0.015796684201233056,0.028987609647439766,0.05258080443985738,0.0635378471478995,0.0737351845177045,0.08927828418822753,1,0
Spilornis cheela,ols,0.025154209000211713,0.0048288540176380824,0.015867265995502665,0.022044494090478095,0.025159821580547803,0.028668416220775886,0.03351032059384558,1,0
Ptyonoprogne rupestris,ols,0.007005883741458859,0.006202625306078989,-0.0060198863003181795,0.002983553770837523,0.007577368300094432,0.011274136231791522,0.01861000478791417,0.8575,0.1425
Pyrgilauda ruficollis,ols,0.0039005589702003187,0.003434342894088596,-0.002274076746660808,0.0014036000045855325,0.003918384437466797,0.005961164831118063,0.011028270194483875,0.875,0.125
Lanius phoenicuroides,ols,0.01598249528622696,0.0052617881827329,0.0035289852974612385,0.012692608756062838,0.016214726958629362,0.019684653626136032,0.025253382024634927,0.9925,0.0075
Linaria flavirostris,ols,0.002718269429212685,0.0036195456173465377,-0.004477251729329009,1.3707234744132267e-4,0.002757772177369863,0.005382978490469463,0.009210294442976212,0.7775,0.2225
Centropus bengalensis,ols,0.016480122004590703,0.007987927095026125,-7.568434095845766e-4,0.011647320468635362,0.016974127987342484,0.021730974714284472,0.031222942622281896,0.97,0.03
Terpsiphone incei,ols,0.02161780617650197,0.012825453554352311,-0.0010193517563978662,0.013059151710373015,0.02146250268479139,0.029692213000202687,0.047785138681247515,0.955,0.045
Halcyon smyrnensis,ols,0.013905348051498113,0.004485375208478031,0.004898241396913027,0.011090915459263955,0.013780338149128865,0.01678037312902818,0.02275965231327164,0.9975,0.0025
Megaceryle lugubris,ols,0.019088509202356743,0.008949613919787467,1.3248872759883415e-4,0.013827753422500741,0.019146894297505497,0.02505109639755814,0.035995475847525625,0.975,0.025
Phoenicurus leucocephalus,ols,0.04843022921498304,0.015084983690311223,0.017701568805590845,0.03886891934276434,0.049048141069928705,0.05930387304468389,0.07466770575617102,0.9975,0.0025
Spatula clypeata,ols,0.05525551312198466,0.013910987489328824,0.027059619577678263,0.04627662867547391,0.055548243856131066,0.06477156298083642,0.08032272378303025,1,0
Alcippe davidi,ols,0.020812511156673368,0.006265843512630455,0.008116933072562007,0.016772430507732403,0.021007947045561574,0.024843345438857353,0.03276658536468872,0.9975,0.0025
Pluvialis fulva,ols,0.025183894050126197,0.017768947882248906,-0.014344603518405344,0.014558342586420291,0.02572367196097647,0.03662832444330974,0.05849424556342532,0.9275,0.0725
Larus brunnicephalus,ols,0.03141922513741285,0.008531043379869886,0.01577379301882293,0.026230809502421126,0.03134063628174809,0.037689748843689044,0.04745082048968217,1,0
Parayuhina diademata,ols,0.018238508203692293,0.008364885411199343,1.5215650522634375e-4,0.013585999567714082,0.019453810378241343,0.024085553541650623,0.031195103970512658,0.9775,0.0225
Calidris temminckii,ols,0.0579999400861761,0.02370122725868662,0.008068486471044842,0.044386623446235424,0.058515757206646674,0.07336094452715128,0.09893029968791497,0.9825,0.0175
Accipiter virgatus,ols,0.021181102328007538,0.009267173959377883,0.004609210502499927,0.014743613399520634,0.021058813882785805,0.026956953232089843,0.039785929476656094,0.995,0.005
Phylloscopus schwarzi,ols,0.05178185547095303,0.017738072703772652,0.014369935666320699,0.040914368003613144,0.05256080158867233,0.06357726529403804,0.08378696550973144,0.995,0.005
Calidris alpina,ols,0.03627016648413867,0.009031938632286527,0.018166516897493254,0.030229068936378334,0.03624869255650037,0.04299531039986088,0.05349768026601918,1,0
Aythya ferina,ols,0.03877711851322516,0.014974924122115537,0.011118170225104772,0.028175945507218875,0.03939226474770409,0.04825425699990804,0.06846351697252191,0.995,0.005
Charadrius leschenaultii,ols,0.030835388406079425,0.010972447815982663,0.007817998715570477,0.02341321784463095,0.032096676139994534,0.03829932212900687,0.05016111995909642,0.9925,0.0075
Anser indicus,ols,0.028356799346309258,0.00929609985431396,0.00833707989785945,0.0216403056673918,0.029284395875847323,0.03479595015873847,0.045190285161963356,0.9975,0.0025
Arenaria interpres,ols,0.02815349231564031,0.008540966803696275,0.011378737763996167,0.022544216482568283,0.028716220135455897,0.03403614495512755,0.04557421504823547,1,0
Passer domesticus,ols,0.05685242817218798,0.011332241336881729,0.03457879736853528,0.048664420305543014,0.05689450874121425,0.06479249118961702,0.0784667435341834,1,0
Limosa lapponica,ols,0.024654837256805118,0.004751211394905798,0.015800576342136986,0.021726158446214356,0.024769588303378498,0.02787040461515664,0.03365823866278376,1,0
Phoenicurus hodgsoni,ols,0.023637949741178277,0.005701341279620705,0.012582604762758083,0.019917849704317446,0.02390664060613705,0.027668870343672342,0.034911181381970254,1,0
Calidris canutus,ols,0.017828152101585,0.0064484735552468465,0.0037955755891898343,0.013948768577645206,0.017970813507527956,0.022339308818453016,0.030673452380451886,0.995,0.005
Onychostruthus taczanowskii,ols,0.002130972331357004,0.003775229440078362,-0.005601898685222844,-3.4938208673808435e-4,0.0021199531518329108,0.005050957929699912,0.00923397407187943,0.7175,0.2825
Sturnus vulgaris,ols,0.07073605100745929,0.013900885013744447,0.04458396985188558,0.061759366236176866,0.0717889909865331,0.07994792678741003,0.09758137976301942,1,0
Glaucidium cuculoides,ols,0.012388235006297757,0.009414062342224045,-0.0061584377683130435,0.006673063749702919,0.012428213164776032,0.01874397882275001,0.030370124909317404,0.9175,0.0825
Corvus pectoralis,ols,0.03354536141583555,0.006266329113028954,0.02018231445746853,0.029879413972399814,0.033998601398755865,0.03802766396972293,0.04408688383350116,1,0
Pnoepyga pusilla,ols,-7.646169371412342e-4,0.009802516327199575,-0.0211701146340441,-0.006983449227092025,-1.6113059390259702e-4,0.005874043793632903,0.017366984816417984,0.495,0.505
Pericrocotus speciosus,ols,0.01874706449534501,0.0038066287211325567,0.011643425221077286,0.01628295651941471,0.01856518630053903,0.021388599779298793,0.026349624466282185,1,0
Garrulax davidi,ols,-0.019889994745383457,0.009265931144328792,-0.03841384465484834,-0.025955928205693587,-0.019702715733838687,-0.013635471823695244,-0.001812565884280714,0.0175,0.9825
Lalage melaschistos,ols,0.029347607417517598,0.014486166349348338,-3.507059089492106e-4,0.021054922693542304,0.029104899652207382,0.03818161785441346,0.05565817241110406,0.9725,0.0275
Streptopelia tranquebarica,ols,-0.016077158936247053,0.015314476432946587,-0.0502610588880447,-0.025247602668973128,-0.01518743150050533,-0.005803038291323148,0.011018182270932004,0.14,0.86
Mareca falcata,ols,0.04916711902110697,0.012210203816030215,0.02235948091054735,0.042121908316277074,0.049986340621518924,0.057098560907167875,0.07094267005293622,1,0
Emberiza chrysophrys,ols,0.03786094115459004,0.010515647751381649,0.015596980756246248,0.0313391392714561,0.038495009316777865,0.04500714389176848,0.05762626986019216,1,0
Aviceda leuphotes,ols,-0.001754072611342573,0.009853467034036792,-0.02023491600585743,-0.0077338590655414334,-0.0019204083015405043,0.005396772576705123,0.016325735228447432,0.42,0.58
Corvus corax,ols,0.0022819894220660257,0.005585636114332526,-0.007775183767277813,-0.0016433777232920553,0.002450245158105505,0.005880244097071356,0.013433542448488673,0.6675,0.3325
Turdus eunomus,ols,0.005390967306264674,0.014744257886699077,-0.022854379801771237,-0.004584365908127178,0.00550712079739214,0.015680264235097316,0.034932916271907984,0.64,0.36
Ficedula erithacus,ols,0.003034280179021043,0.009773363433634942,-0.017927524131031523,-0.0028218623380387854,0.0033868645550468347,0.0095492869077233,0.020642474607506806,0.65,0.35
Calidris tenuirostris,ols,0.013060562775684063,0.003430391796387122,0.005843390054909198,0.010952111410135764,0.013149027403851012,0.015299677775068857,0.019263332838517194,1,0
Aquila chrysaetos,ols,0.00896132375118179,0.007087866425763749,-0.005013095920414926,0.00421610021723852,0.009328076340990175,0.013556730977879536,0.022638516406863072,0.8875,0.1125
Carpodacus vinaceus,ols,2.0478131989801668e-4,0.010248616212023606,-0.02242287108095312,-0.0069674249496131995,0.001407841911080075,0.007392552553676239,0.01774933831620005,0.56,0.44
Pandion haliaetus,ols,0.045845344487417505,0.023165881191218995,-0.003857171435687254,0.03178314794765893,0.04645082256359384,0.06320511544979344,0.08867399391529396,0.9675,0.0325
Numenius madagascariensis,ols,0.01809195765912626,0.005385820645178035,0.006680500369902468,0.014770290608938978,0.018151734501829428,0.02195501795235204,0.027949362468068385,1,0
Turdus cardis,ols,0.029149583648306217,0.01073090715821205,0.007256152193523706,0.022579418684262043,0.02918683858084032,0.03621387822486081,0.04971426502589934,0.9925,0.0075
Cacomantis merulinus,ols,0.019155409226278175,0.004217390767991466,0.011246028939895398,0.01616788713732805,0.01924408282569854,0.021850358656223978,0.026340181839466143,1,0
Calidris subminuta,ols,0.02356377163009971,0.022888898132345167,-0.025273070363884903,0.011272147867638454,0.02493015178618173,0.03864770363590378,0.06471036538463068,0.8525,0.1475
Elanus caeruleus,ols,0.03155674751323625,0.007713901855587755,0.01628794737255787,0.02665951599598293,0.03146750998296621,0.0369710443132798,0.045577185338143776,1,0
Athene noctua,ols,0.009478586273303505,0.007797593450250105,-0.004915745525473105,0.004507052728983598,0.009356949654848647,0.014704892070313119,0.02385206767754181,0.88,0.12
Halcyon pileata,ols,-0.013924166299287229,0.009372297710639271,-0.03152818941443681,-0.0201570833391072,-0.013407553951031262,-0.0078836350977042,0.0033064832367086616,0.0675,0.9325
Pterorhinus davidi,ols,0.04220260696238716,0.011066756912158835,0.01850227073787911,0.03625110662755379,0.0429775996994507,0.049552117929257455,0.062283597511954385,0.995,0.005
Troglodytes troglodytes,ols,6.489580661155214e-4,0.010195621538726257,-0.019992082337753944,-0.005646877685991112,0.0011529384247492766,0.007260992486316136,0.020133887779768246,0.55,0.45
Egretta intermedia,ols,-0.002506473104603316,0.007491177058716297,-0.017680880600848374,-0.0076445866647133496,-0.00271263458118507,0.00297806768444214,0.010856101078215386,0.395,0.605
Alauda arvensis,ols,0.06071833922414298,0.010779680660993878,0.03929050221035366,0.05429640472625935,0.061088768788241606,0.06829805574629368,0.0813441063369205,1,0
Glaucidium brodiei,ols,0.022450647516979293,0.008394720388695806,0.00667012638248072,0.01641972235591975,0.0226646307558389,0.02831647431870912,0.03797798730252011,0.9975,0.0025
Lophophanes dichrous,ols,-0.02533836752404738,0.008930630299981963,-0.043097693570636114,-0.03133471450468577,-0.025001092809344903,-0.018693036274061516,-0.009141621533456771,0.0025,0.9975
Enicurus schistaceus,ols,0.021468957350640135,0.004923159106430419,0.011375172659350325,0.017726319112312424,0.021849660832280286,0.02467039886731504,0.031220071372890092,1,0
Mergus merganser,ols,0.025588854460455456,0.010436170857869909,0.007853871707547536,0.017814076320057912,0.025312089732390818,0.03233255790207522,0.04695766864067229,1,0
Pica bottanensis,ols,0.013160783045686807,0.0059661276415792245,0.002127950072910432,0.00916113601838397,0.01297361436667244,0.017114936320796397,0.024207818805152735,0.99,0.01
Yuhina diademata,ols,-0.0070588473035988865,0.007329651247531333,-0.022600038807539673,-0.011817786938633178,-0.0065928545893185544,-0.002580084053735154,0.0071468686604738724,0.1525,0.8475
Luscinia svecica,ols,0.07285964075624454,0.013410373233771955,0.04472244662037384,0.06449081113408607,0.07347074668803193,0.08205911844465533,0.09756472482197756,1,0
Ficedula strophiata,ols,-1.0141451447270885e-4,0.010073971192870467,-0.021730502086445582,-0.0055595813458978885,8.687653293859089e-4,0.006865184213967277,0.01695221729589143,0.5225,0.4775
Monticola solitarius,ols,0.006171080712866614,0.01366935694542132,-0.020132799887115135,-0.0038324580881739147,0.007118148915587832,0.016707543763315364,0.03236720038585234,0.68,0.32
Glareola maldivarum,ols,0.034678485940678974,0.013405435740580427,0.006738274999322278,0.025640412726253295,0.03625170035220206,0.04461864725897102,0.05756630083875627,0.9925,0.0075
Alaudala cheleensis,ols,-0.0010869062297362247,0.010027458717214216,-0.021100025305843245,-0.008077367716676276,-3.238182215024603e-4,0.005786430212405934,0.01694583020245234,0.48,0.52
Ciconia nigra,ols,0.0494336045355398,0.015710909014058142,0.01916132636934873,0.03943234014772702,0.048998253400774336,0.06037253355230227,0.07846936239698057,0.9975,0.0025
Turdus hortulorum,ols,0.023320178439759493,0.009524279587074608,0.005038660863205057,0.016656668270186088,0.023026074871425745,0.029671581210017794,0.0407365775695039,0.995,0.005
Phylloscopus plumbeitarsus,ols,0.005819173595465663,0.011299537235954183,-0.0168605594725524,-8.233058775557167e-4,0.005459736982580215,0.0116242473167037,0.032815108196189866,0.73,0.27
Parus major,ols,0.026761559150963173,0.005204944638018157,0.016323398135612725,0.02332478127186393,0.026976219489643453,0.030437733045664155,0.03575161312375892,1,0
Horornis acanthizoides,ols,-0.00593991351873662,0.011759200959671597,-0.0308771771987261,-0.013513800472032564,-0.004607136710995278,0.00200342496058091,0.015023494384785785,0.315,0.685
Fulvetta cinereiceps,ols,-0.007320563833145593,0.008403256200820948,-0.02707772813699259,-0.012471984939896017,-0.00654031001967707,-0.0020380861069088305,0.00738390880414075,0.185,0.815
Phylloscopus affinis,ols,7.38016102140355e-4,0.006615047950973067,-0.012832963228445503,-0.0031550931426179685,7.483937341776175e-4,0.004882884907697824,0.014011121810040626,0.555,0.445
Larvivora sibilans,ols,0.020703166699964894,0.014483048756314197,-0.010166999985163886,0.011289328027860658,0.020880850540276615,0.03052335941814894,0.046772160760851104,0.9175,0.0825
Zosterops erythropleurus,ols,0.025928922570651037,0.020295937199113274,-0.01601871384362667,0.013188925916479802,0.02710966732701019,0.03899878256752782,0.06267545198676813,0.89,0.11
Yuhina nigrimenta,ols,0.010025357131448146,0.006973166585839895,-0.005390079306049794,0.006349217937913984,0.010964268079190004,0.014638226157569236,0.021706636109559602,0.9075,0.0925
Oenanthe oenanthe,ols,0.026113597572322227,0.0088322828635797,0.008204348742770906,0.020821589797576704,0.026549249359183295,0.03223755801375494,0.04140432374232249,0.9975,0.0025
Phylloscopus castaniceps,ols,0.03405255368470685,0.014545571230565163,-0.002001221267360427,0.025784754404640207,0.03578843140404593,0.04353018166489926,0.05753411485950982,0.9725,0.0275
Larus relictus,ols,0.024543882929866985,0.008190238084329041,0.007000833697729891,0.019309466206544716,0.02510462383384153,0.03012371597167378,0.04025452511950746,0.9925,0.0075
Phylloscopus tenellipes,ols,0.023100729448558073,0.013538297393702032,-0.004766310182496483,0.014027476643856923,0.024456257878767186,0.03168151012984888,0.04705399645643135,0.9425,0.0575
Horornis flavolivaceus,ols,-0.02141829825844907,0.014194430923514065,-0.05084938625614055,-0.029571284023426132,-0.02060830765289878,-0.011657743803371657,0.0018316233972495424,0.0425,0.9575
Hirundapus caudacutus,ols,-0.01642595397682968,0.024188364756225295,-0.06444904397797806,-0.03298211540961892,-0.014949332886948465,3.529756069823635e-4,0.029652840388827453,0.255,0.745
Anthus spinoletta,ols,0.023486009107443955,0.01502472173934229,-0.004216731562919948,0.014158677847217718,0.022767562496650667,0.033455637469311544,0.053517332501232244,0.9475,0.0525
Blythipicus pyrrhotis,ols,0.009373638335121828,0.006495035085163445,-0.004074073438226111,0.005171114258081684,0.009803307881575626,0.013433760223616417,0.021900621566434447,0.9225,0.0775
Clamator coromandus,ols,0.013107301414362185,0.011751161079902935,-0.010272318555421687,0.0048277144746777505,0.013593512843606458,0.020979563768174808,0.034436919812402635,0.865,0.135
Calidris falcinellus,ols,0.025015172719529518,0.007214906062648144,0.01118812103455713,0.020610492877856556,0.02530472822658841,0.029948963941476534,0.03789799807932247,0.995,0.005
Larus ichthyaetus,ols,0.03618288413324723,0.008199135491267395,0.01996987488280137,0.03043021596780758,0.03658402144546095,0.04150861867284246,0.05214343026087267,1,0
Phylloscopus subaffinis,ols,-0.008248673581510355,0.013710718234829352,-0.03738413689301142,-0.01641898076211804,-0.006897624083313356,6.78137657672438e-4,0.01692553860999701,0.2775,0.7225
Grus nigricollis,ols,0.0012975855972930613,0.004658962730889217,-0.008159760857102575,-0.001836807018251796,0.0014830848833224295,0.00482985813280489,0.00934944107391241,0.61,0.39
Phylloscopus ogilviegranti,ols,-0.030779186237032526,0.01659365045920506,-0.06552042401878712,-0.042424515504365407,-0.029613424304949815,-0.0187019381757989,-0.0024888771348867676,0.0175,0.9825
Horornis canturians,ols,0.0606346380629697,0.021759486113209554,0.016513940927505074,0.04563637241488385,0.0618067698209451,0.07684905287505542,0.09993952515120073,0.9975,0.0025
Charadrius placidus,ols,0.06174488361812918,0.017066976382996334,0.02553215080644895,0.050969977538612474,0.06306057438313138,0.0744549568010448,0.08974135127789894,1,0
Oenanthe pleschanka,ols,0.003918394480502037,0.007031612832714873,-0.010183644651876496,2.7833867874030097e-5,0.003694339902222229,0.0084057872584501845,0.016995460032322388,0.755,0.245
Leucosticte nemoricola,ols,0.006647921637469188,0.004930285263285224,-0.003190796976855273,0.003360752629106515,0.006657074721508999,0.009853839655296907,0.016000627830791748,0.9075,0.0925
Enicurus scouleri,ols,0.007822363417761482,0.009391738181383155,-0.012396353615818116,0.0019657233213724212,0.008079844656367262,0.014597293777994545,0.02429389642316299,0.81,0.19
Galerida cristata,ols,0.01324387101754296,0.00882327045323565,-0.005138954027018414,0.007475463941477701,0.01336321136941774,0.01908117588765521,0.03024857897217572,0.9425,0.0575
Paradoxornis gularis,ols,0.009187122433606405,0.008436834840988117,-0.0073371447344188915,0.0034703296691297536,0.009300850673184225,0.014813229522073292,0.024013504654414444,0.84,0.16
Circus melanoleucos,ols,0.054839198245316634,0.013254366633596287,0.02588267427212214,0.04584010881166539,0.05531303666286465,0.06368196574921058,0.07978654936014708,1,0
Calidris alba,ols,0.01702543159897532,0.005641761304321631,0.004174208218289668,0.01397969492191506,0.017480325609094037,0.02113054360727014,0.025448116298786308,0.99,0.01
Ixobrychus cinnamomeus,ols,0.02004769041248177,0.011009479287669327,-0.0014858490511249027,0.0133480382839689,0.019986095124015772,0.027010642984881823,0.04258362793738983,0.96,0.04
Lophura nycthemera,ols,0.0061840787879899614,0.0050863240853127566,-0.00483275239882358,0.0029209050069189516,0.006704569092633179,0.009487257954168746,0.01494503827443958,0.89,0.11
Accipiter gularis,ols,0.019654510843680528,0.013213605260916873,-0.006108133401846601,0.011115057470547933,0.01963374256910827,0.028252803917427263,0.04915207316354827,0.9275,0.0725
Pica pica,ols,0.04060743415614763,0.008658030627500913,0.022775544085221998,0.03590593603762561,0.04138241603449053,0.04669999400117507,0.05506765432705499,1,0
Staphida torqueola,ols,0.016609987566543152,0.00887280253934046,-0.0037941599355709146,0.011908866527929331,0.017113303926759003,0.022429772340240572,0.033630480858771586,0.95,0.05
Mycerobas carnipes,ols,-0.005973953558572238,0.006939049327802476,-0.019989643060738558,-0.010366446241730142,-0.005556144793862891,-7.626257842782165e-4,0.006262680122826091,0.205,0.795
Prunella fulvescens,ols,0.00402399666232195,0.0035150213925537756,-0.003970895068779591,0.002081637446853697,0.004117939611736711,0.006372436739057548,0.010308970198429678,0.88,0.12
Phylloscopus ricketti,ols,0.017505741260172854,0.013485983790066181,-0.012693536494542274,0.008674006331180954,0.019497802516489138,0.026978010366683368,0.040287388636607954,0.905,0.095
Emberiza fucata,ols,0.010244348863222631,0.01582642642205406,-0.019722497561603772,-0.0010947999065915423,0.009321975054358524,0.021313095015737846,0.04292848226327592,0.7275,0.2725
Chrysolophus pictus,ols,0.01374492848809972,0.005605569431829,0.002521713859943117,0.009894151026149371,0.014212832141058788,0.017415499850190357,0.024070782437091414,0.985,0.015
Psilopogon faber,ols,0.018229685691845753,0.00343492813944579,0.011069283385147925,0.0159020006748493,0.018692861491694773,0.020735143345300036,0.023773061472869107,1,0
Pterorhinus pectoralis,ols,0.012650788438195976,0.013410499447359467,-0.017234946927795706,0.004330849285970864,0.013692884946776144,0.02284676754931097,0.03349764493483406,0.8175,0.1825
Lioparus chrysotis,ols,-0.009296306467889781,0.008227908455347018,-0.02795421866886567,-0.014747987432681148,-0.008909136572532683,-0.0031034755101641363,0.004262230953790737,0.14,0.86
Luscinia cyane,ols,-0.0062732654415523165,0.014117404599345401,-0.035434122243417104,-0.014706028416118113,-0.004936338449554942,0.0031854990192396885,0.018111990733051597,0.335,0.665
Turdus merula,ols,0.02605422997834439,0.00512998130700595,0.01588212679858486,0.022637246556981364,0.025953563305636484,0.029416207736819078,0.036191016447939435,1,0
Sinosuthora alphonsiana,ols,-0.0012036370267272127,0.005881699958703909,-0.01406430113843573,-0.004428929450605236,-6.856934890708098e-4,0.0029792508426487265,0.008304899208762623,0.465,0.535
Podiceps nigricollis,ols,0.02916589666058747,0.01747012514980798,-0.006010235205698782,0.017451440882923865,0.02926389474642887,0.040812410386633455,0.06349248905074521,0.9625,0.0375
Turdus obscurus,ols,0.029539858284379446,0.016936436197455093,-0.0018161455044233624,0.019641821707687072,0.029680147341190635,0.04078686392228241,0.05996767979813912,0.96,0.04
Circus cyaneus,ols,0.059544429272730286,0.016435651458307284,0.030376223319913943,0.048167689944533576,0.05941364617181832,0.06994032547239391,0.09167597626056918,1,0
Turdus naumanni,ols,0.035734913852903366,0.011497673561652834,0.011402028624514162,0.02751554668341506,0.035806184496678065,0.044385056893825645,0.0558647477152901,0.9975,0.0025
Anthus rubescens,ols,0.037489866098853256,0.013843600832000586,0.010142350714565776,0.02780961913145057,0.037252260363619435,0.046987433706035656,0.06420422304694577,0.995,0.005
Regulus regulus,ols,-0.022997216413441716,0.015849467788459155,-0.05265938844610119,-0.032369968233115685,-0.022513001214597143,-0.013238417608317244,0.009938831982353142,0.0725,0.9275
Corvus frugilegus,ols,0.044639748660795904,0.013335283018844298,0.019954938888039557,0.035030729939846204,0.044556610245811645,0.054636443080342885,0.06866698536104093,1,0
Anthus cervinus,ols,0.010005889703781072,0.016438674123921415,-0.02412829762725407,-0.0012643689119652616,0.010344129482812534,0.02043140316475168,0.04031414373816558,0.7225,0.2775
Spinus spinus,ols,0.0288656501933021,0.01112150682073294,0.005584469002927986,0.022123462997775366,0.02920302209547633,0.036338646087525454,0.05058795569064455,0.99,0.01
Trochalopteron affine,ols,-0.014865049247028958,0.007769827798173883,-0.031052545604246855,-0.01987884816633254,-0.014651756418145773,-0.00927381809818688,-8.719877859426103e-6,0.025,0.975
Carpodacus waltoni,ols,0.0010207939885493503,0.0057718683992815925,-0.010228508136812794,-0.0025572446044894795,0.0014556049920874804,0.005176985961114759,0.011105908996920507,0.5725,0.4275
Delichon urbicum,ols,0.04205483857400338,0.010211441879578792,0.020806892610715024,0.03614779131346508,0.043028709714401855,0.04935546831456822,0.058880634330903125,1,0
Apus salimalii,ols,-7.942147092221339e-4,0.005915127552319917,-0.011840148525712005,-0.004727223866784722,-6.219000302677282e-4,0.0031976513491475712,0.011214208272437584,0.4475,0.5525
Emberiza rutila,ols,0.03438058004620951,0.015257813850161709,0.0013782891520462434,0.024499328410143545,0.03467670979314407,0.04477332775685782,0.06438881471257109,0.98,0.02
Limnodromus semipalmatus,ols,0.03378190647976894,0.009319355583547328,0.01521215330554553,0.027393225703908397,0.03411421311235887,0.04016834652606073,0.0511384329873133,1,0
Rhopophilus pekinensis,ols,0.006019733050332937,0.009879930511930486,-0.01429931738499551,3.0653277244233523e-4,0.006319587159425572,0.012699658942987767,0.024415226940621218,0.76,0.24
Petronia petronia,ols,-2.3880786820721706e-4,0.007053849909776372,-0.014676666714527562,-0.0047571995903295675,-1.7789369018249513e-4,0.00465432146945248,0.013888202137824367,0.495,0.505
Luscinia calliope,ols,0.0221404373512081,0.014530158824217255,-0.006270792901460132,0.012436342272920758,0.023367426316674496,0.031765659902324626,0.04907247667279803,0.9275,0.0725
Otocichla mupinensis,ols,-0.008175445758285054,0.015371368453402217,-0.042980903911748115,-0.01890896282096337,-0.006888510880499079,0.0025789067170696586,0.01889127480875766,0.2975,0.7025
Columba leuconota,ols,0.004131539969901567,0.005956087971182908,-0.009066693549220108,5.187070905307086e-4,0.004430224991660457,0.008244760994158277,0.014558995557193737,0.775,0.225
Dicaeum ignipectus,ols,0.014044263461606856,0.006610334274743317,0.0019249109190216794,0.009491442829526544,0.014139550472915891,0.01855143075550142,0.026211779508873503,0.985,0.015
Monticola rufiventris,ols,0.015571268648727682,0.00844543088680108,-0.002374616793969656,0.01018753044160794,0.015902041098898,0.021747420494531586,0.03052049597274696,0.955,0.045
Hydroprogne caspia,ols,0.033462229107741076,0.010741798572662964,0.012394088786780786,0.025726676983966593,0.033493086312759254,0.040526973077391996,0.05363378354886672,0.9975,0.0025
Coracias garrulus,ols,0.005374472540402562,0.003612937006772539,-0.002335219596679006,0.0032005255988244623,0.005465212936521072,0.007756049593342487,0.011538451963626257,0.92,0.08
Larus vegae,ols,0.06519739337946438,0.013240381636516,0.03552430545760971,0.056968232075073975,0.06539595728440939,0.07367958941722424,0.08902071921672693,1,0
Cyanistes cyanus,ols,0.009227364322305994,0.005313801731236963,-0.0025042424633426293,0.005655856883454751,0.009437449095650759,0.013182411736416686,0.01884718781617412,0.955,0.045
Carpodacus pulcherrimus,ols,-0.007445253457592729,0.007117138363290433,-0.02111053774733884,-0.01241597847709867,-0.00719373516162424,-0.0026298350746381707,0.006254127535807511,0.145,0.855
Seicercus castaniceps,ols,-0.0034394831440013383,0.009058339695447552,-0.023100517084863697,-0.00824028619277631,-0.0025532589490695895,0.0028974387468511005,0.011029836458818042,0.3775,0.6225
Cinclus cinclus,ols,-0.0017101133406267521,0.0050084199786758245,-0.01205227214916929,-0.004798413662187289,-0.0017401029717191217,0.0017400162679248705,0.007491676581437234,0.39,0.61
Ithaginis cruentus,ols,-0.012515202018766847,0.008037417736709731,-0.029158903805283472,-0.017373498310810226,-0.012276527359874684,-0.006885730424510296,0.0014211560995521888,0.0425,0.9575
Poecile weigoldicus,ols,-0.014142988760217011,0.008806124926181325,-0.03285826725222142,-0.019508906913004498,-0.013690877158224963,-0.008816478880205527,0.0038328512325899147,0.0425,0.9575
Ictinaetus malaiensis,ols,0.032940360414720544,0.008223650521348231,0.01487970558308453,0.02958619899966219,0.033929471466021106,0.0381562025937703,0.04460413831679671,0.99,0.01
Haematopus ostralegus,ols,0.01803473291355358,0.010264341563166622,-9.509289027712932e-4,0.010594109884110822,0.01743699832636733,0.025863598460322317,0.03733111891238776,0.9725,0.0275
Coturnix japonica,ols,0.037474619325568496,0.01036407021565559,0.018213597081512156,0.031467950421316164,0.03722726983438746,0.04389509988120975,0.05828084906086193,1,0
Prunella rubeculoides,ols,-0.0023548553900699675,0.004717928348415198,-0.013009655548805465,-0.00514139839358055,-0.002210956757804622,6.307208793014905e-4,0.00626889718202806,0.32,0.68
Ficedula mugimaki,ols,0.0063955618731085006,0.014425751386324091,-0.02200120372946133,-0.002946024973451444,0.005530091231440316,0.016631122905656763,0.03207357339581426,0.645,0.355
Lanius isabellinus,ols,0.006866008852281445,0.0065902715684406695,-0.005598570686666457,0.002270207548331933,0.006636917654753932,0.01135599729417165,0.01920574806573701,0.865,0.135
Turdus viscivorus,ols,0.006524515420158767,0.004291970450345261,-0.002071926093194015,0.003722949610257895,0.006683414067717167,0.009815259975764438,0.014156279826846196,0.93,0.07
Corvus dauuricus,ols,0.08095025476954698,0.018265839476717147,0.036901236043846354,0.0707888078876262,0.0834249943774607,0.09279016405298747,0.11327304089608392,1,0
Phylloscopus kansuensis,ols,0.003594867699447019,0.00788313955174988,-0.012275203758048043,-0.0017284959043167515,0.0039092213195213305,0.008859449085056445,0.01968628910774432,0.6775,0.3225
Pyrrhocorax graculus,ols,0.007927907045774065,0.006134954893024756,-0.0044626620610497564,0.003590191457463679,0.008067881364593915,0.012288030619128311,0.01965067265713528,0.9,0.1
Ixobrychus flavicollis,ols,0.016614342387261758,0.011698729761708642,-0.009695651260953154,0.010221904443864317,0.017578764802348754,0.02438296713450993,0.03543991275746251,0.9275,0.0725
Pterorhinus lanceolatus,ols,0.020698832852355485,0.006809361617396767,0.005894725511591671,0.017258679668803283,0.02115387494585702,0.02527508848624642,0.03207448958511761,0.9925,0.0075
Agropsar sturninus,ols,0.030163212494270005,0.01936369296832694,-0.01113524214592158,0.01814336805982439,0.03027247174441728,0.04363562956621784,0.06289784510176917,0.925,0.075
Paradoxornis heudei,ols,0.009721065874935698,0.0058423705862975465,-0.002864981423949166,0.006632720704569527,0.009963202138713441,0.013369990665486027,0.020776470349619547,0.935,0.065
Erpornis zantholeuca,ols,0.011321240476248048,0.0036061036928901648,0.004505120503233097,0.00901609800301785,0.01112743436687301,0.013814527042154866,0.01827339697789317,0.9975,0.0025
Jynx torquilla,ols,0.04936430370850752,0.02453182129510598,0.0036742662894748844,0.03296240487648741,0.04876084814624351,0.06702822155304188,0.09078792060195419,0.9825,0.0175
Procarduelis nipalensis,ols,-0.007976475470343051,0.011339612768768659,-0.03356412139824866,-0.0144922287677818,-0.00737795446146438,-1.5345563069466987e-4,0.011912094953644557,0.245,0.755
Phylloscopus goodsoni,ols,0.01633533825181765,0.005256081544001119,0.005637944138429518,0.01286351705074054,0.016807855676840285,0.019882102168800403,0.025498134376228134,0.9975,0.0025
Heterophasia desgodinsi,ols,0.010385925075142525,0.004942454900891604,3.1163833012612033e-4,0.006988305800428537,0.01092269169602528,0.013936367345743054,0.019021695787004023,0.9775,0.0225
Coloeus dauuricus,ols,-0.030662136546220513,0.012112145691767445,-0.054345447704964855,-0.0393805577635234,-0.030888218050540303,-0.022716133670204045,-0.006218763601356426,0.0025,0.9975
Aythya fuligula,ols,0.012938951319176573,0.018588749564364657,-0.023922702639185972,0.0010096212740710662,0.01352041471296508,0.02698113409919259,0.046539668081698383,0.7625,0.2375
Erythrogenys gravivox,ols,0.042310913347975605,0.007432042077411167,0.02758295751958935,0.03789423740979603,0.04304196917390478,0.04687745384993399,0.05522187788584309,1,0
Minla ignotincta,ols,0.004583392786198085,0.006958694699973116,-0.00903432449357005,5.8429042763182886e-5,0.0044581637552267355,0.009439408266796998,0.017298604409685222,0.7525,0.2475
Acridotheres tristis,ols,0.042644798881589334,0.006497002928034132,0.030705527954596808,0.039016188747031284,0.042629953132087804,0.04670747168983944,0.05521309938415231,1,0
Cyornis hainanus,ols,0.001324764009162823,0.004123748659922588,-0.0073244957662171855,-0.0012688543291096014,0.001467772800133532,0.004186288853259712,0.008648612649404825,0.635,0.365
Oenanthe deserti,ols,0.0028347217033595344,0.005236453375078956,-0.007732017322231595,-0.0011593125304449692,0.003308390073147851,0.006578877817956367,0.012683375033417283,0.7125,0.2875
Sylviparus modestus,ols,-0.00632340466063977,0.00942085675144557,-0.024761586426343483,-0.012826763431039228,-0.005542313556537627,4.4193656324368366e-4,0.010415667034883253,0.26,0.74
Merops viridis,ols,0.009247919478939812,0.007072917691787172,-0.007120613165053484,0.005177254405324231,0.009728897985126973,0.014091574885180015,0.021130768101764487,0.9,0.1
Crossoptilon crossoptilon,ols,-0.0013331246253514904,0.004566059007974376,-0.012226481375509865,-0.003927887948625815,-9.752642074600059e-4,0.0018756963319544982,0.006356237204829018,0.4,0.6
Phylloscopus valentini,ols,0.03108352315788446,0.01672492871750719,-0.004853830766337306,0.02092472515502126,0.03148261510429991,0.04256745294152924,0.060560187460738546,0.9625,0.0375
Zoothera aurea,ols,0.03421746521238314,0.01707222060809627,5.770669001257161e-4,0.022915755436757806,0.034679586007099944,0.04594892268275565,0.06709562366088154,0.9775,0.0225
Garrulax maximus,ols,-0.010969492511356742,0.006760211463508105,-0.02561380292868542,-0.015440687684862394,-0.011011733613654486,-0.006640644468841482,0.0014183619015162377,0.0425,0.9575
Tarsiger chrysaeus,ols,-0.019673156554991536,0.011103405273765849,-0.04135160606592174,-0.026814936592851293,-0.01939141569430862,-0.011996942447226256,2.6859707010046165e-4,0.0375,0.9625
Actinodura cyanouroptera,ols,0.024847576949045276,0.008893414780775587,0.003480676712081637,0.020111033447372036,0.02576802815360007,0.03046628875552101,0.03914213197975004,0.99,0.01
Larus argentatus,ols,0.02879032576924969,0.009854403383975143,0.006660623510843364,0.02311872978559247,0.028934966874031437,0.035537660646078426,0.0473734206450727,0.99,0.01
Leucosticte brandti,ols,0.004702839524704364,0.004474365240922173,-0.003609053285559259,0.0014389107857844655,0.004814152424090921,0.007966732227164673,0.013651093535198802,0.835,0.165
Dendrocopos leucotos,ols,0.00438965500241783,0.013360090635337643,-0.027968844619991624,-0.0035732297457920737,0.006020193975715722,0.01406321340398649,0.026842056363331285,0.6875,0.3125
Horornis diphone,ols,0.026242861980597727,0.012015489857842194,0.0022699358831262647,0.017948835464987094,0.02726074920030512,0.03576208733747994,0.046284490466021684,0.9825,0.0175
Buteo refectus,ols,0.012898490892303648,0.00837744446779107,-0.004835316558095881,0.007379935096272724,0.01268658693085931,0.0188072287545828,0.02874067684620842,0.9375,0.0625
Phylloscopus reguloides,ols,0.004326592650097445,0.006892107209565739,-0.009204346407374869,-5.151261081034156e-4,0.004558398717293183,0.008836138685168103,0.018025712253477048,0.7275,0.2725
Nipponia nippon,ols,0.004039352864968389,0.001964625211479215,-4.211305564961184e-4,0.002870170983656767,0.004212829447396146,0.005272598981142648,0.007470283462359703,0.965,0.035
Hieraaetus pennatus,ols,0.032608023423389136,0.011205915990323773,0.006961193165493877,0.025270158169404762,0.032930625507960117,0.03960098004485467,0.053948427864118256,0.9925,0.0075
Mareca penelope,ols,0.04878617809981836,0.018661312775983305,0.0055378564399058946,0.03706321666274811,0.049486066537802506,0.06202383410854005,0.08068625464756761,0.9875,0.0125
Luscinia megarhynchos,ols,0.0018852673334216739,0.0030469042108681663,-0.004323567200788294,6.635195765178727e-5,0.002073640773236584,0.003751531293059879,0.007638485287898829,0.755,0.245
Suthora verreauxi,ols,-0.005132465790652188,0.0057369511672586216,-0.016265233136268906,-0.008664051081989114,-0.004282483270173567,-0.001203465860126634,0.0035623720116495475,0.1825,0.8175
Tarsiger rufilatus,ols,-0.008018998835510768,0.00854645762447497,-0.023486641533190716,-0.01393636135482837,-0.008161493539816203,-0.0020844116195943433,0.007929817500457844,0.1825,0.8175
Coccothraustes coccothraustes,ols,0.019909259844981497,0.00899016865291406,0.0024453387391525304,0.013734654167800701,0.02027487558007812,0.02600632939942883,0.03719238660925042,0.985,0.015
Carpodacus rubicilloides,ols,-8.365821995644087e-4,0.00477466457553504,-0.010141861403621676,-0.004151316678070005,-5.489762682751535e-4,0.002419839499635543,0.008399898358710639,0.43,0.57
Panurus biarmicus,ols,0.02794485423405457,0.011078789604347307,0.006753379135056077,0.02010128753256606,0.028582093709749117,0.03527083487407104,0.0483774391976254,0.995,0.005
Bucephala clangula,ols,0.026104511888611254,0.015489129237337503,-0.005799254416633526,0.01593803435232912,0.027118519963683974,0.03696211439990938,0.05284018203469292,0.9475,0.0525
Aerodramus brevirostris,ols,0.011810624698960919,0.012538976686100812,-0.01227302883883976,0.004537210979910813,0.01246585012688805,0.019593952194015028,0.03567079562272954,0.8475,0.1525
Yuhina gularis,ols,-0.008048993940607829,0.007632707440210716,-0.023363213582311134,-0.012861057199718123,-0.00820133747094614,-0.0029424027763708376,0.006616875022020199,0.1525,0.8475
Otus lettia,ols,0.021311216194065702,0.0077307712746015915,0.006647356610429567,0.015961068958418125,0.02146555560813483,0.026704446329327135,0.036057036321970784,1,0
Rostratula benghalensis,ols,0.02809259181910783,0.012434527525015539,0.0017881702448667724,0.021092109105456724,0.029365566307410555,0.03677372589959636,0.049243537749345014,0.975,0.025
Turdus pallidus,ols,-0.0037552416307518074,0.009373653336805034,-0.02170749016056795,-0.010014954760381667,-0.003888171220326542,0.002761391904418033,0.013307483331192164,0.365,0.635
Yuhina torqueola,ols,0.009961922855341957,0.005631267149501628,-0.002200140766132996,0.006415728063634685,0.010218209901553452,0.013849594068211417,0.01976695027273274,0.9475,0.0525
Accipiter gentilis,ols,0.02030614274202854,0.010707872079969928,-8.780376811125506e-4,0.013423209423927735,0.02044509628674298,0.027261003560443708,0.0424011773848472,0.9625,0.0375
Dendrocopos hyperythrus,ols,0.006129425865137274,0.020562122706546532,-0.035733061157922553,-0.0071865888729896075,0.0076831599877406655,0.019141468297908693,0.045382179430607385,0.655,0.345
Chroicocephalus saundersi,ols,0.008403381800430867,0.002901225828023537,0.002488009087972465,0.006525228226918188,0.008662592542425018,0.010228460215205609,0.013915004585816581,0.9925,0.0075
Emberiza siemsseni,ols,-0.003885025256816409,0.008681880860395653,-0.02305765563565325,-0.00914725447221494,-0.0027246866443676873,0.0022048996797858584,0.01020782376620737,0.345,0.655
Anas acuta,ols,0.038052549397632494,0.018715169455436966,-0.0017260265801261547,0.025894045662037523,0.03932124186208945,0.05150649702004878,0.07084678702911297,0.9725,0.0275
Zosterops palpebrosus,ols,0.005955662414454762,0.00646128780655545,-0.0076947312090178185,0.001998557446695925,0.006266222065811971,0.010138927568248031,0.018143223773227624,0.825,0.175
Minla cyanouroptera,ols,0.014061825784681433,0.005277091400297295,0.002603233795234315,0.011060343370362925,0.014340058817828256,0.017537050236799114,0.023522488670326268,0.9925,0.0075
Emberiza aureola,ols,0.07618081659944058,0.024475570019169994,0.026127652213029293,0.06141886900754813,0.0785802302098871,0.09394897672116552,0.11931845484625354,0.9875,0.0125
Certhia hodgsoni,ols,-0.0258518940403163,0.009984317483894584,-0.04731787420120466,-0.03174576248479136,-0.024556025510977894,-0.018993555847558054,-0.009561136268398912,0.0025,0.9975
Botaurus stellaris,ols,0.04233364342523853,0.013093033126715796,0.018427405526315815,0.03349079664167366,0.04222651207451938,0.05134562151624203,0.06790489132773204,1,0
Acrocephalus arundinaceus,ols,0.0023053768197075237,0.0058988782098852634,-0.009397533837155936,-0.0014488936570589636,0.0027425873691937627,0.005920643792243847,0.013149197475448474,0.68,0.32
Iduna aedon,ols,0.03196576424684776,0.01339946266959344,0.0043267810493229815,0.024233350341731692,0.031684343577790416,0.04103037886762593,0.057067070537091966,0.9925,0.0075
Leptopoecile sophiae,ols,-0.006299273431344378,0.005623705716449756,-0.019011924990443366,-0.009470082301270773,-0.005868752911265228,-0.002353012281481214,0.003423001204440512,0.1075,0.8925
Merops apiaster,ols,0.0043538607341801535,0.003426062750864197,-0.003021270090250743,0.0020798217532644087,0.0043379827406738285,0.0065952336858520625,0.011413182015748443,0.9125,0.0875
Muscicapa ferruginea,ols,-0.007832796680072307,0.015149546646065694,-0.03971553457304435,-0.017621943348302235,-0.007608085835750796,0.00279283749206166,0.018789709500701638,0.32,0.68
Hodgsonius phoenicuroides,ols,-0.017685454569639523,0.013405000573165737,-0.0440550062714752,-0.02639584462774911,-0.015950323453566305,-0.008312964310873595,0.005770469091690257,0.0825,0.9175
Loxia curvirostra,ols,0.008172370536751199,0.01081391581346019,-0.011973037107274931,3.148018226222756e-4,0.008624201722783293,0.015381182136823858,0.03044461791202858,0.765,0.235
Carduelis carduelis,ols,0.010309858466209423,0.004142331571890173,0.0015483943472557858,0.007874320149654173,0.01070026295093854,0.01318445658985986,0.017348724271988192,0.9875,0.0125
Cygnus cygnus,ols,0.01582608145399212,0.011728087240237224,-0.006373698900409815,0.007392710397416283,0.015693709180837068,0.023202866758601434,0.040308042292817384,0.91,0.09
Phylloscopus occisinensis,ols,0.014816130047578627,0.013242591213061006,-0.012807040124794195,0.007129349202769025,0.015390253913350329,0.024125275111566074,0.03911722200001174,0.865,0.135
Seicercus valentini,ols,-0.0332613176613108,0.01234153400939002,-0.060066271639603264,-0.04012778359062557,-0.032426067190467506,-0.024756613885537442,-0.009511471036087588,0.0025,0.9975
Pericrocotus divaricatus,ols,0.014889358363080824,0.0133182472950652,-0.009863619053823632,0.005543291225876453,0.014521546323485367,0.02395675046758954,0.04197010293401759,0.8875,0.1125
Zapornia akool,ols,0.011078381463782316,0.008612713250300212,-0.006278324761778191,0.0055348613322965465,0.011155154799929495,0.017022897582408433,0.026918691880119753,0.92,0.08
Perdix hodgsoniae,ols,-0.008330164951582914,0.005487428375889851,-0.01958850037357536,-0.01210366548887845,-0.00781583863822687,-0.004303999449955773,0.0012458336792536614,0.0475,0.9525
Pucrasia macrolopha,ols,-0.003064007310683602,0.011388428584755205,-0.025647640340235422,-0.00996444506175025,-0.001846723435171537,0.004717797210986481,0.016335346841178502,0.4275,0.5725
Calidris minuta,ols,0.040675854854990985,0.025060954976739408,-0.01054373826459731,0.02311097746375981,0.042208921858713985,0.059097015555006516,0.08449005277077967,0.9525,0.0475
Chloris chloris,ols,0.003578593477109818,0.00430009061675061,-0.0051789971424451645,8.913401611106721e-4,0.003933504364890654,0.006358008397421509,0.011512876425349242,0.815,0.185
Sitta nagaensis,ols,-0.007080865930191212,0.006887645789563191,-0.021463450689691337,-0.011593434634529219,-0.006858003391915359,-0.0023111359503647467,0.0050471847321061445,0.1525,0.8475
Phylloscopus tephrocephalus,ols,0.0317220636570039,0.012332174700234542,0.006986621335287501,0.024765419340849353,0.03285847371394007,0.04011045012542269,0.05149548286287457,0.985,0.015
Cyanoptila cyanomelana,ols,0.004179228551050947,0.011789451011815496,-0.02021796187629042,-0.0032673352873008143,0.004212609331744806,0.01264828043472225,0.02545716683852415,0.6425,0.3575
Ficedula elisae,ols,0.012195174580484523,0.008308769499305611,-0.006650238604550315,0.006758054920857168,0.012928029796563358,0.017854598081310666,0.026539511747870986,0.9175,0.0825
Urosphena squameiceps,ols,0.005778403205925074,0.015429335068934541,-0.024328418218576408,-0.003650781515555486,0.006337182617422195,0.015731179505495692,0.03496297872954492,0.6525,0.3475
Conostoma aemodium,ols,-0.01831855336892418,0.010688521228118841,-0.04307015909727432,-0.024992227032459506,-0.01653772695180402,-0.010357242716427578,-0.0019992165717696935,0.005,0.995
Psilopogon asiaticus,ols,0.005759182577692173,0.0023702375388461564,6.744213236642382e-4,0.004189708351618448,0.005856288320490097,0.00739295356645559,0.010102741129988381,0.985,0.015
Carpodacus davidianus,ols,0.014720227381136796,0.009282846362550697,-0.005078151293582881,0.009088594662082778,0.015912541493735458,0.02154699464387673,0.029500079887643634,0.9275,0.0725
Locustella thoracica,ols,-0.025799695428338904,0.013298460358403888,-0.053431534657974136,-0.03409177380415258,-0.025190350332662245,-0.01727946299290736,-0.0011891707796461673,0.0175,0.9825
Motacilla flava,ols,0.012109743125272649,0.0052606625853956505,5.392896653932341e-4,0.008621729793445497,0.012380194479247146,0.016082948942255513,0.021004703075693732,0.9825,0.0175
Charadrius mongolus,ols,0.042287554984204556,0.012904625606508562,0.011610914718101963,0.03629257805057252,0.04426823174184445,0.05009412402167576,0.06230851842073603,0.9875,0.0125
Phoenicurus erythrogastrus,ols,0.015069984013719723,0.005710767990735643,0.0034292187825730007,0.011455247266740283,0.015153882304137454,0.018955339007606563,0.025771365391568518,0.9975,0.0025
Calliope calliope,ols,0.06223434768379595,0.036692934797481896,-0.008431160200243695,0.03658855957768543,0.06269601316703707,0.08893178760523568,0.12924048673889718,0.9625,0.0375
Phylloscopus emeiensis,ols,-0.00989375793604004,0.010749940945473511,-0.033901804003704974,-0.016525372031352667,-0.008072000966100158,-0.0024775180378554034,0.005946322237085756,0.1825,0.8175
Tragopan temminckii,ols,-0.010395599465359591,0.008237418036216963,-0.028509561171159253,-0.015455115864678019,-0.009619889833615317,-0.004420521056048258,0.004059654325468569,0.085,0.915
Falco naumanni,ols,0.024928752099837092,0.009068639303656015,0.00689052033847159,0.018624739522707476,0.025175684482872128,0.03149184114091906,0.04028583651214609,0.9925,0.0075
Strix nivicolum,ols,0.0034966656458097147,0.018244035188311587,-0.034759580571613526,-0.009500719615950129,0.006151579984471991,0.016818136580662002,0.03345277471836484,0.6025,0.3975
Aegithalos fuliginosus,ols,0.0026205528610239123,0.004819101895075216,-0.00754004821240968,-4.773210429441627e-4,0.0025823924019876235,0.005970440004500971,0.011862574563273017,0.725,0.275
Nettapus coromandelianus,ols,0.017083257144482465,0.024137037296207624,-0.027996254528704318,5.285254086669759e-4,0.018099020284028662,0.03429115623915219,0.05934737335343711,0.7525,0.2475
Sturnia sinensis,ols,0.013068682716369018,0.0030863503848149103,0.00640203048575987,0.011213889196572801,0.01318053103529222,0.015265480076340569,0.018409809852939493,1,0
Muscicapa striata,ols,0.0038256797548051683,0.0036070305441688382,-0.004047051057734647,0.0019085831792460767,0.004177527105472924,0.006328279110526746,0.010010742703749768,0.875,0.125
Ficedula tricolor,ols,-0.005981354363084446,0.011842841652729598,-0.03278618376162917,-0.012471928032380841,-0.0055123164121086456,0.0020076007684752036,0.015602755122045482,0.3075,0.6925
Tringa brevipes,ols,0.015180762362426636,0.005456421392876884,0.004030663809039995,0.011520255085653203,0.01530194486551673,0.019267009037087012,0.02536583515921352,0.995,0.005
Chrysolophus amherstiae,ols,0.0037463099844398805,0.004523938278756279,-0.0069145056008970964,0.001173399908559457,0.004056385772261879,0.006711551581083483,0.011981823426918435,0.81,0.19
Myiomela leucura,ols,0.00491337256222035,0.009896258524395518,-0.01443039321850376,-0.0014519009561747274,0.005724857873951373,0.011108893821636745,0.02563902694530325,0.6875,0.3125
Emberiza leucocephalos,ols,0.008211064019754879,0.011603504481149244,-0.015621614298766715,0.0010107306994485104,0.008399581438249818,0.01580955629895679,0.028601653955603323,0.7725,0.2275
