grid_cell,centroid_lon,centroid_lat,hfi_2024,hfi_2020,hfi_2000,hfi_2005,hfi_2010,hfi_2015,delta_hfi,early_year,late_year,data_source,hfi_P1,hfi_P2,hfi_P3,hfi_P4,hfi_P5
56,122.6259880512578,53.26185729168209,2.348274082415782,2.355297787420172,2.311644567207158,2.2669611651055055,2.2207961188683645,2.334516755287446,0.03662951520862423,2000,2024,HFI_Mu_2022,2.311644567207158,2.2669611651055055,2.2207961188683645,2.334516755287446,2.3517859349179773
57,123.50381425901432,53.28723680119337,2.2261451693734053,2.229223276704561,2.2403583718652267,2.2384433373751524,2.218758601412928,2.2227695419948668,-0.014213202491821342,2000,2024,HFI_Mu_2022,2.2403583718652267,2.2384433373751524,2.218758601412928,2.2227695419948668,2.2276842230389833
128,122.62003628231469,52.82123800100551,3.0583753471028703,3.1173128126470973,3.1748514702194632,3.236316941691145,3.2281472158404836,3.239860190259257,-0.11647612311659294,2000,2024,HFI_Mu_2022,3.1748514702194632,3.236316941691145,3.2281472158404836,3.239860190259257,3.0878440798749835
198,120.96829322790097,52.282076961806844,0.9226007597708307,0.9226007597708307,0.8597797835950061,0.9155001819527386,0.8925944429302544,0.9893462356352657,0.0628209761758246,2000,2024,HFI_Mu_2022,0.8597797835950061,0.9155001819527386,0.8925944429302544,0.9893462356352657,0.9226007597708307
199,121.72172099819515,52.27498606676315,1.148708356912433,1.1571851781044862,1.1847213505292067,1.1600956324092886,1.1391885291281412,1.2393425304462076,-0.03601299361677368,2000,2024,HFI_Mu_2022,1.1847213505292067,1.1600956324092886,1.1391885291281412,1.2393425304462076,1.1529467675084595
203,125.31498213467323,52.27498606676315,3.5615313889332954,3.614776420909048,3.6260537965802957,3.6656292922686267,3.6213549304482164,3.6232275830909906,-0.06452240764700035,2000,2024,HFI_Mu_2022,3.6260537965802957,3.6656292922686267,3.6213549304482164,3.6232275830909906,3.588153904921172
270,120.8482612732761,51.70552270449054,1.5159669371446132,1.5159669371446132,1.3915677773161508,1.407124722136894,1.406350061445545,1.5875770998282197,0.12439915982846239,2000,2024,HFI_Mu_2022,1.3915677773161508,1.407124722136894,1.406350061445545,1.5875770998282197,1.5159669371446132
271,121.72172099819515,51.72191801112358,1.8317279924655778,1.8624770074215171,1.6820960072464046,1.6829252673074457,1.6564422692123355,1.988742851916679,0.1496319852191732,2000,2024,HFI_Mu_2022,1.6820960072464046,1.6829252673074457,1.6564422692123355,1.988742851916679,1.8471024999435475
272,122.62003628231469,51.72191801112358,0.29778904562446434,0.29778904562446434,0.18253451476484578,0.21384415427680553,0.23910090368193343,0.352845574370567,0.11525453085961856,2000,2024,HFI_Mu_2022,0.18253451476484578,0.21384415427680553,0.23910090368193343,0.352845574370567,0.29778904562446434
274,124.41666685055372,51.72191801112358,2.06521780585256,2.087036943853,2.111855520214119,2.1231130737403925,2.0277558187307956,2.124316545518713,-0.04663771436155928,2000,2024,HFI_Mu_2022,2.111855520214119,2.1231130737403925,2.0277558187307956,2.124316545518713,2.07612737485278
276,126.17024356538282,51.702582948461824,3.3356089821424497,3.3615370902880963,3.3895652670946697,3.448448932796067,3.3036545795960923,3.2840038482483935,-0.053956284952219935,2000,2024,HFI_Mu_2022,3.3895652670946697,3.448448932796067,3.3036545795960923,3.2840038482483935,3.348573036215273
341,120.05288481088691,51.1289574617765,3.0088264380417327,3.0279440854511717,3.076440805328243,3.054556256291621,3.0060887272853187,3.048318152085823,-0.06761436728651038,2000,2024,HFI_Mu_2022,3.076440805328243,3.054556256291621,3.0060887272853187,3.048318152085823,3.0183852617464524
342,120.82340571407563,51.1620009602833,3.114370633439224,3.1904220048087697,3.124961910835481,3.124180802350732,3.1645576895883734,3.358847245647171,-0.010591277396257315,2000,2024,HFI_Mu_2022,3.124961910835481,3.124180802350732,3.1645576895883734,3.358847245647171,3.152396319123997
343,121.72172099819515,51.1620009602833,2.6057032957131367,2.6324170044291906,2.2792994278837972,2.240563375336698,2.3391716875935784,2.820366669360796,0.3264038678293395,2000,2024,HFI_Mu_2022,2.2792994278837972,2.240563375336698,2.3391716875935784,2.820366669360796,2.6190601500711637
344,122.62003628231469,51.1620009602833,2.0096465592709056,2.0096465592709056,1.8505736643302197,1.9103835605489492,1.907682077350644,2.0666925711613526,0.15907289494068588,2000,2024,HFI_Mu_2022,1.8505736643302197,1.9103835605489492,1.907682077350644,2.0666925711613526,2.0096465592709056
345,123.51835156643419,51.1620009602833,0.660422298826113,0.660422298826113,0.6374890903033463,0.7015990214919627,0.6462343216602189,0.6835032158997469,0.0229332085227667,2000,2024,HFI_Mu_2022,0.6374890903033463,0.7015990214919627,0.6462343216602189,0.6835032158997469,0.660422298826113
347,125.31498213467323,51.1620009602833,0.5476487145396467,0.5476487145396467,0.5581341597963905,0.5458386401100748,0.542127888274039,0.5440856491289753,-0.010485445256743775,2000,2024,HFI_Mu_2022,0.5581341597963905,0.5458386401100748,0.542127888274039,0.5440856491289753,0.5476487145396467
412,119.34348521922756,50.476663395402674,6.511930364984266,6.496284997136838,6.550020014136214,6.520417114591039,6.399518775504758,6.441553679718655,-0.03808964915194757,2000,2024,HFI_Mu_2022,6.550020014136214,6.520417114591039,6.399518775504758,6.441553679718655,6.504107681060552
413,119.92545525326737,50.594981556312646,4.790242924749315,4.85230498797483,4.782038869151661,4.779972734215023,4.557956902621625,4.692110335146701,0.008204055597653692,2000,2024,HFI_Mu_2022,4.782038869151661,4.779972734215023,4.557956902621625,4.692110335146701,4.821273956362072
414,120.82340571407563,50.59520423372765,2.869308713854772,2.873310714855272,2.6380103222607425,2.7350001416950414,2.581458561934471,2.826842310347349,0.23129839159402943,2000,2024,HFI_Mu_2022,2.6380103222607425,2.7350001416950414,2.581458561934471,2.826842310347349,2.871309714355022
415,121.72172099819515,50.59520423372765,3.4807034394964576,3.5947034388408063,3.360327795855701,3.50853712836653,3.5616136705204844,3.6482564249262213,0.12037564364075637,2000,2024,HFI_Mu_2022,3.360327795855701,3.50853712836653,3.5616136705204844,3.6482564249262213,3.5377034391686317
416,122.62003628231469,50.59520423372765,2.401658296249723,2.4526710484915597,2.4076911270232775,2.5173068896218274,2.4383378996238743,2.5285331098361405,-0.006032830773554654,2000,2024,HFI_Mu_2022,2.4076911270232775,2.5173068896218274,2.4383378996238743,2.5285331098361405,2.4271646723706413
417,123.51835156643419,50.59520423372765,3.3244339873716235,3.355092549197376,3.2693545331954956,3.3248729372248054,3.309832777865231,3.506904999986291,0.05507945417612792,2000,2024,HFI_Mu_2022,3.2693545331954956,3.3248729372248054,3.309832777865231,3.506904999986291,3.3397632682845
418,124.41666685055372,50.59520423372765,4.045535328964703,4.13677665869426,4.0968163214502855,4.168367903704755,4.252569718736224,4.256093684147112,-0.05128099248558282,2000,2024,HFI_Mu_2022,4.0968163214502855,4.168367903704755,4.252569718736224,4.256093684147112,4.0911559938294815
483,118.46972250206176,49.791925528401364,7.31775872366769,7.31775872366769,7.405828014685183,7.343294843362302,7.125617749350411,7.197844742755501,-0.08806929101749361,2000,2024,HFI_Mu_2022,7.405828014685183,7.343294843362302,7.125617749350411,7.197844742755501,7.31775872366769
484,119.13284538063802,49.9216220029174,5.704257914148238,5.7139495432639436,5.676850078179448,5.693889579426349,5.62586163329658,5.67763814973411,0.027407835968790373,2000,2024,HFI_Mu_2022,5.676850078179448,5.693889579426349,5.62586163329658,5.67763814973411,5.709103728706091
485,119.9250904299561,50.021499450700304,6.073371666692727,6.153266099444278,5.837012427353127,5.7519054088219574,5.942558980234067,5.934544021760662,0.2363592393395999,2000,2024,HFI_Mu_2022,5.837012427353127,5.7519054088219574,5.942558980234067,5.934544021760662,6.113318883068502
486,120.82340571407563,50.021499450700304,3.40634615665062,3.428909767085782,2.9919444176733254,2.957272948858391,2.8812491522913692,3.2488271065596876,0.4144017389772947,2000,2024,HFI_Mu_2022,2.9919444176733254,2.957272948858391,2.8812491522913692,3.2488271065596876,3.417627961868201
487,121.72172099819515,50.021499450700304,2.1794333074272902,2.19622793314706,2.1597437483791877,2.2538759717459205,2.1458203049346856,2.2521772060388416,0.019689559048102545,2000,2024,HFI_Mu_2022,2.1597437483791877,2.2538759717459205,2.1458203049346856,2.2521772060388416,2.1878306202871753
554,117.19879746264533,49.400794096827376,7.775060965724625,7.847323331453855,7.247945208626366,7.477517901890274,7.954351909628439,7.960108499516375,0.527115757098259,2000,2024,HFI_Mu_2022,7.247945208626366,7.477517901890274,7.954351909628439,7.960108499516375,7.81119214858924
555,118.16546798198165,49.407414090645936,9.09968015503433,9.12212745888149,8.961463590272642,8.95755899001434,8.88670543582675,8.995396183642042,0.13821656476168798,2000,2024,HFI_Mu_2022,8.961463590272642,8.95755899001434,8.88670543582675,8.995396183642042,9.11090380695791
556,119.0267751458366,49.440860638347424,7.127891333939518,7.138362538808871,7.038397555292248,6.913614123222772,7.000701503547131,7.143347982563671,0.08949377864726937,2000,2024,HFI_Mu_2022,7.038397555292248,6.913614123222772,7.000701503547131,7.143347982563671,7.133126936374195
557,119.9250904299561,49.440860638347424,12.148750614574588,12.461860769130743,10.966079225930992,10.81893049463477,11.852351403219346,12.097353907945982,1.1826713886435964,2000,2024,HFI_Mu_2022,10.966079225930992,10.81893049463477,11.852351403219346,12.097353907945982,12.305305691852666
558,120.82340571407563,49.440860638347424,8.847679412088224,8.911864513279427,8.176475166174628,8.053139855627503,8.295760338540589,8.662903756591536,0.6712042459135965,2000,2024,HFI_Mu_2022,8.176475166174628,8.053139855627503,8.295760338540589,8.662903756591536,8.879771962683826
559,121.72172099819515,49.440860638347424,2.391974374108878,2.435566560637302,2.2206138949052034,2.4072204516884343,2.313621661703727,2.4311016801301113,0.17136047920367448,2000,2024,HFI_Mu_2022,2.2206138949052034,2.4072204516884343,2.313621661703727,2.4311016801301113,2.41377046737309
560,122.62003628231469,49.440860638347424,0.616806988395739,0.616806988395739,0.8736749944528124,0.9204722254181382,0.7454936575378903,0.6393138105990195,-0.2568680060570734,2000,2024,HFI_Mu_2022,0.8736749944528124,0.9204722254181382,0.7454936575378903,0.6393138105990195,0.616806988395739
561,123.51835156643419,49.440860638347424,2.6854978867089154,2.742878837897775,3.0399621843401943,2.964939297883483,2.8363636027646275,2.9044558134857965,-0.35446429763127885,2000,2024,HFI_Mu_2022,3.0399621843401943,2.964939297883483,2.8363636027646275,2.9044558134857965,2.714188362303345
563,125.31498213467326,49.440860638347424,13.799889165057973,13.977180341500905,14.303067917764727,14.419685130206785,14.198551204046673,14.3429892439113,-0.5031787527067539,2000,2024,HFI_Mu_2022,14.303067917764727,14.419685130206785,14.198551204046673,14.3429892439113,13.888534753279439
564,126.21329741879276,49.440860638347424,7.681419340215373,7.764296214639871,7.961349790005151,8.06561388480263,7.850688247282921,8.018688629286208,-0.2799304497897781,2000,2024,HFI_Mu_2022,7.961349790005151,8.06561388480263,7.850688247282921,8.018688629286208,7.722857777427622
592,86.92038426779793,48.81714642002576,5.9346520004322265,5.974338684505333,5.94382544945799,5.920886328575194,5.911420328000818,5.922669268774924,-0.00917344902576378,2000,2024,HFI_Mu_2022,5.94382544945799,5.920886328575194,5.911420328000818,5.922669268774924,5.95449534246878
593,87.51750421515183,48.81971384764546,4.4718993487267085,4.413432215820909,4.388729793958251,4.387018000852047,4.361970143764534,4.385462760853067,0.08316955476845767,2000,2024,HFI_Mu_2022,4.388729793958251,4.387018000852047,4.361970143764534,4.385462760853067,4.442665782273808
625,116.39460587608608,48.83263639573477,6.064625974667738,6.087996884496257,6.079633775568939,5.865486792427254,5.824095418369963,6.0321929208977325,-0.01500780090120113,2000,2024,HFI_Mu_2022,6.079633775568939,5.865486792427254,5.824095418369963,6.0321929208977325,6.076311429581997
626,117.23014457759756,48.85326434139967,6.2657500740871175,6.29436137893084,6.353261555979823,6.2261943314679415,6.261176983349045,6.2521804908065635,-0.08751148189270541,2000,2024,HFI_Mu_2022,6.353261555979823,6.2261943314679415,6.261176983349045,6.2521804908065635,6.280055726508978
627,118.12845986171706,48.85326434139967,6.98151312594416,6.983141791104938,7.081129138277763,7.014337538840772,6.924763296581302,7.0096391250833125,-0.09961601233360362,2000,2024,HFI_Mu_2022,7.081129138277763,7.014337538840772,6.924763296581302,7.0096391250833125,6.982327458524549
628,119.0267751458366,48.85326434139967,6.264985061351797,6.274289549658758,6.253705970130152,6.1955207021437735,6.111558838150174,6.231119671265007,0.0112790912216445,2000,2024,HFI_Mu_2022,6.253705970130152,6.1955207021437735,6.111558838150174,6.231119671265007,6.269637305505277
629,119.9250904299561,48.85326434139967,7.36222368057384,7.456874844806139,7.035336324170578,6.966275211988494,7.160244148886481,7.398048726292544,0.3268873564032617,2000,2024,HFI_Mu_2022,7.035336324170578,6.966275211988494,7.160244148886481,7.398048726292544,7.409549262689989
630,120.82340571407563,48.85326434139967,5.388359882554343,5.471150582113931,5.372261268046013,5.222553736324921,5.034567110087982,5.416957044934118,0.016098614508329945,2000,2024,HFI_Mu_2022,5.372261268046013,5.222553736324921,5.034567110087982,5.416957044934118,5.429755232334137
634,124.41666685055372,48.85326434139967,13.946304243341327,14.116576397410658,13.801116999761257,14.025434472888646,13.572221401570204,14.246187585346863,0.14518724358006985,2000,2024,HFI_Mu_2022,13.801116999761257,14.025434472888646,13.572221401570204,14.246187585346863,14.031440320375992
635,125.31498213467323,48.85326434139967,15.809701719653415,15.981136932709129,15.857202060057912,15.97713576236085,15.85495171576884,16.49250699337429,-0.04750034040449691,2000,2024,HFI_Mu_2022,15.857202060057912,15.97713576236085,15.85495171576884,16.49250699337429,15.895419326181273
636,126.21329741879276,48.85326434139967,12.228203084884688,12.502024011417877,12.682109755665756,12.973057325967522,12.779420124777527,13.031053932323012,-0.45390667078106794,2000,2024,HFI_Mu_2022,12.682109755665756,12.973057325967522,12.779420124777527,13.031053932323012,12.365113548151282
637,127.11161270291227,48.85326434139967,8.62215181271272,8.730109003101632,8.834445892606519,9.092372631765954,8.880662751785819,8.92547249824516,-0.21229407989379823,2000,2024,HFI_Mu_2022,8.834445892606519,9.092372631765954,8.880662751785819,8.92547249824516,8.676130407907177
640,129.74978890357295,48.8156476885638,4.5852846399439215,4.684133277121671,5.160430476810115,5.144977923596685,4.9281349144844615,4.984180450230226,-0.5751458368661932,2000,2024,HFI_Mu_2022,5.160430476810115,5.144977923596685,4.9281349144844615,4.984180450230226,4.634708958532796
663,85.91403161482862,48.1666332575863,9.020846870636083,8.972221076816131,8.65314736376353,8.760091461036472,8.722259958501095,8.947372598023042,0.3676995068725528,2000,2024,HFI_Mu_2022,8.65314736376353,8.760091461036472,8.722259958501095,8.947372598023042,8.996533973726107
664,86.70494138203597,48.24542684123918,9.740689224692058,9.933742155424813,9.48061970000231,9.514363179247411,9.368907394278478,9.673485804877345,0.2600695246897491,2000,2024,HFI_Mu_2022,9.48061970000231,9.514363179247411,9.368907394278478,9.673485804877345,9.837215690058436
665,87.5854653835774,48.25850293624259,5.0355354921998225,5.0563594962362215,5.042645556532744,4.931205123596217,4.791209791921683,4.9828830767094265,-0.007110064332921162,2000,2024,HFI_Mu_2022,5.042645556532744,4.931205123596217,4.791209791921683,4.9828830767094265,5.045947494218022
666,88.37023631929351,48.17729154222778,3.3472234090785338,3.3472234090785338,3.323215171260207,3.29393892853231,3.313648767645573,3.3497655409735128,0.024008237818326617,2000,2024,HFI_Mu_2022,3.323215171260207,3.29393892853231,3.313648767645573,3.3497655409735128,3.3472234090785338
696,115.74076704484135,48.17980940524789,7.46637474252878,7.46637474252878,7.379204892938471,7.487223945897351,7.470518383823458,7.455432809767176,0.0871698495903086,2000,2024,HFI_Mu_2022,7.379204892938471,7.487223945897351,7.470518383823458,7.455432809767176,7.46637474252878
698,117.23014457759756,48.25868973324162,6.594405689646909,6.614759077937298,6.618321381434315,6.7170355693255726,6.581041066925469,6.633762125413281,-0.023915691787405713,2000,2024,HFI_Mu_2022,6.618321381434315,6.7170355693255726,6.581041066925469,6.633762125413281,6.604582383792104
699,118.13010294352483,48.27411166076685,8.101459466658763,8.130294255347039,8.271546759973939,8.049646723667687,7.956191585633637,8.031463002572526,-0.17008729331517536,2000,2024,HFI_Mu_2022,8.271546759973939,8.049646723667687,7.956191585633637,8.031463002572526,8.115876861002901
700,119.0267751458366,48.25868973324162,6.707032777500729,6.721353654227659,6.6574061833977245,6.562724400164164,6.44670171912657,6.60094105885263,0.049626594103004074,2000,2024,HFI_Mu_2022,6.6574061833977245,6.562724400164164,6.44670171912657,6.60094105885263,6.714193215864194
701,119.9250904299561,48.25868973324162,5.504469592837293,5.530408769512753,5.398204231211559,5.38678272131144,5.441930976704643,5.436199214955882,0.1062653616257343,2000,2024,HFI_Mu_2022,5.398204231211559,5.38678272131144,5.441930976704643,5.436199214955882,5.517439181175023
702,120.82340571407563,48.25868973324162,2.91249804527694,2.9312857885111154,3.077737484654706,2.909455585689039,2.892968684248251,2.9528099878725924,-0.1652394393777663,2000,2024,HFI_Mu_2022,3.077737484654706,2.909455585689039,2.892968684248251,2.9528099878725924,2.921891916894028
704,122.62003628231469,48.25868973324162,7.762329553229994,7.941904119079051,8.17852841635274,8.187933970906808,7.870272913779809,7.975026021638831,-0.4161988631227471,2000,2024,HFI_Mu_2022,8.17852841635274,8.187933970906808,7.870272913779809,7.975026021638831,7.852116836154522
705,123.51835156643419,48.25868973324162,16.461239144885187,16.495198033450436,16.18683588760468,16.253011443340107,16.208153726161857,16.692949181267785,0.2744032572805075,2000,2024,HFI_Mu_2022,16.18683588760468,16.253011443340107,16.208153726161857,16.692949181267785,16.47821858916781
706,124.41666685055372,48.25868973324162,17.619986578471874,17.655580941905423,16.94329774483808,17.116890099055553,17.15435887002187,18.019832912589816,0.6766888336337935,2000,2024,HFI_Mu_2022,16.94329774483808,17.116890099055553,17.15435887002187,18.019832912589816,17.637783760188647
708,126.21329741879276,48.25868973324162,17.526146830488372,17.487201804069333,17.038653510528924,17.247372244081774,17.566350108931797,18.166329026648928,0.487493319959448,2000,2024,HFI_Mu_2022,17.038653510528924,17.247372244081774,17.566350108931797,18.166329026648928,17.50667431727885
710,128.0099279870318,48.25868973324162,1.1591460944726701,1.1591460944726701,1.2567091112689048,1.2797875919996382,1.1405605408893666,1.117809116877486,-0.09756301679623469,2000,2024,HFI_Mu_2022,1.2567091112689048,1.2797875919996382,1.1405605408893666,1.117809116877486,1.1591460944726701
711,128.90824327115132,48.25868973324162,3.902056916754962,3.917266042043608,4.132591716063633,4.124638912528987,3.977532986452371,3.9540993367811095,-0.23053479930867082,2000,2024,HFI_Mu_2022,4.132591716063633,4.124638912528987,3.977532986452371,3.9540993367811095,3.909661479399285
712,129.80655855527084,48.25868973324162,3.77660273472637,3.7273965635924404,3.984885603963035,3.9425026757501334,3.964609988412219,3.9217992490651383,-0.20828286923666495,2000,2024,HFI_Mu_2022,3.984885603963035,3.9425026757501334,3.964609988412219,3.9217992490651383,3.751999649159405
716,133.48180480723113,48.04970621356855,11.532864854538234,11.733194618409858,11.921559209972989,11.662464179976952,11.55829367039131,11.534598175101504,-0.3886943554347546,2000,2024,HFI_Mu_2022,11.921559209972989,11.662464179976952,11.55829367039131,11.534598175101504,11.633029736474047
717,134.26502508655216,48.1583027702985,13.956508309272543,14.085797014196547,14.060405286585437,14.036181238056725,14.001095015533798,14.140030415836238,-0.10389697731289438,2000,2024,HFI_Mu_2022,14.060405286585437,14.036181238056725,14.001095015533798,14.140030415836238,14.021152661734545
735,85.9057616561927,47.66575732713293,7.753460260631807,7.936783556763054,7.546531581864309,7.545749231392472,7.476611652767565,7.7331308059703865,0.20692867876749865,2000,2024,HFI_Mu_2022,7.546531581864309,7.545749231392472,7.476611652767565,7.7331308059703865,7.845121908697431
736,86.68742491753382,47.65711872820361,7.861613700286662,8.017662534068084,7.914029411735069,7.809078403371288,7.8542968546775285,7.793150911743977,-0.05241571144840762,2000,2024,HFI_Mu_2022,7.914029411735069,7.809078403371288,7.8542968546775285,7.793150911743977,7.939638117177372
737,87.58574020165334,47.65711872820361,9.283445979361,9.418659122068547,9.009598559876954,8.963464970037103,8.834453129800133,9.207536515556475,0.2738474194840457,2000,2024,HFI_Mu_2022,9.009598559876954,8.963464970037103,8.834453129800133,9.207536515556475,9.351052550714773
738,88.48405548577286,47.65711872820361,6.6618839937820455,6.5712777331964505,6.218479198798481,6.237740105558654,6.233642670199153,6.413513037487583,0.44340479498356444,2000,2024,HFI_Mu_2022,6.218479198798481,6.237740105558654,6.233642670199153,6.413513037487583,6.616580863489248
772,119.14461179231826,47.746832981076295,8.184703559564309,8.202361909258617,8.08683654744886,8.028987692779863,7.994955973707555,8.014091753730847,0.09786701211544901,2000,2024,HFI_Mu_2022,8.08683654744886,8.028987692779863,7.994955973707555,8.014091753730847,8.193532734411463
773,119.9250904299561,47.65711872820361,5.643731577506041,5.644398096057474,5.547006747744343,5.542227958446342,5.534436906133591,5.5994574397014425,0.0967248297616976,2000,2024,HFI_Mu_2022,5.547006747744343,5.542227958446342,5.534436906133591,5.5994574397014425,5.644064836781757
774,120.82340571407563,47.65711872820361,3.123258439355741,3.126364718688706,3.1893543505915947,3.1700264802820435,3.0422446908173444,3.101717164078308,-0.06609591123585368,2000,2024,HFI_Mu_2022,3.1893543505915947,3.1700264802820435,3.0422446908173444,3.101717164078308,3.1248115790222233
775,121.72172099819515,47.65711872820361,3.3986848800752174,3.4186759948836385,3.5389767326497332,3.5111829904001164,3.329786428249131,3.337933461588523,-0.14029185257451582,2000,2024,HFI_Mu_2022,3.5389767326497332,3.5111829904001164,3.329786428249131,3.337933461588523,3.408680437479428
776,122.62003628231469,47.65711872820361,14.247998817968442,14.353294941704942,14.152675699802924,14.256351184526322,14.037341369406883,14.116845078733292,0.09532311816551875,2000,2024,HFI_Mu_2022,14.152675699802924,14.256351184526322,14.037341369406883,14.116845078733292,14.300646879836691
777,123.51835156643419,47.65711872820361,17.33962799162567,17.37163510187967,17.084104587036016,17.253252311027374,17.015656736379835,17.544836475892076,0.2555234045896526,2000,2024,HFI_Mu_2022,17.084104587036016,17.253252311027374,17.015656736379835,17.544836475892076,17.35563154675267
778,124.41666685055372,47.65711872820361,15.449610480828238,15.442240955350666,15.033490064591335,15.178533959044733,15.028245397889522,15.555494591663203,0.4161204162369021,2000,2024,HFI_Mu_2022,15.033490064591335,15.178533959044733,15.028245397889522,15.555494591663203,15.445925718089452
783,128.90824327115132,47.65711872820361,6.047909186079397,6.0935432330438895,6.0856986762641485,6.261241784668321,6.297302485951495,6.406144754620365,-0.03778949018475153,2000,2024,HFI_Mu_2022,6.0856986762641485,6.261241784668321,6.297302485951495,6.406144754620365,6.070726209561643
784,129.80655855527084,47.65711872820361,2.4297647215665936,2.4402045255683293,2.733172449683386,2.6426955846774214,2.5654415676758346,2.4681878875840084,-0.3034077281167922,2000,2024,HFI_Mu_2022,2.733172449683386,2.6426955846774214,2.5654415676758346,2.4681878875840084,2.4349846235674617
787,132.56093963875017,47.59131145915964,14.258992005360314,14.283808644982606,14.28709939781671,14.263645324265942,14.497444855655118,14.4812809076462,-0.028107392456396596,2000,2024,HFI_Mu_2022,14.28709939781671,14.263645324265942,14.497444855655118,14.4812809076462,14.27140032517146
788,133.39981969174895,47.65711872820361,12.478501366788354,12.538434774960319,12.430958969982033,12.33891951779811,12.477171828955841,12.615281725611194,0.04754239680632111,2000,2024,HFI_Mu_2022,12.430958969982033,12.33891951779811,12.477171828955841,12.615281725611194,12.508468070874336
804,83.19545008831771,46.925180777739406,11.713074785102075,12.094182279399519,10.373595500835545,10.563668679225827,10.61223093844281,11.059945843118799,1.3394792842665293,2000,2024,HFI_Mu_2022,10.373595500835545,10.563668679225827,10.61223093844281,11.059945843118799,11.903628532250796
805,83.98253854029164,46.85777678553751,10.268366331410057,10.493110938727112,9.408249010157505,9.742032912884342,9.753018714648235,10.219436276107857,0.8601173212525524,2000,2024,HFI_Mu_2022,9.408249010157505,9.742032912884342,9.753018714648235,10.219436276107857,10.380738635068585
806,84.91359827764438,46.859687925056605,6.428701936825049,6.486251795054161,6.186769469579061,6.005567192555833,6.02449190338113,6.286080489471088,0.24193246724598794,2000,2024,HFI_Mu_2022,6.186769469579061,6.005567192555833,6.02449190338113,6.286080489471088,6.457476865939605
807,85.84648414140125,47.01863791029721,7.133593036764349,7.24419679011505,6.690171431067751,6.714796299380375,6.587112479981646,6.9596942291835555,0.4434216056965985,2000,2024,HFI_Mu_2022,6.690171431067751,6.714796299380375,6.587112479981646,6.9596942291835555,7.1888949134397
808,86.68742491753382,47.04853609489743,5.649044851237091,5.67233047401821,5.361881248005128,5.356302186124117,5.284878684220928,5.5785448095325325,0.28716360323196355,2000,2024,HFI_Mu_2022,5.361881248005128,5.356302186124117,5.284878684220928,5.5785448095325325,5.660687662627651
809,87.58574020165334,47.04853609489743,7.034529906634873,7.253807528071435,6.223474158769898,6.277338357977084,6.155525783387787,6.649192450507173,0.8110557478649749,2000,2024,HFI_Mu_2022,6.223474158769898,6.277338357977084,6.155525783387787,6.649192450507173,7.144168717353153
810,88.48405548577286,47.04853609489743,3.5069548873602705,3.556762497246189,3.373000153979464,3.3500129145758435,3.1766327624139543,3.428910949855546,0.13395473338080643,2000,2024,HFI_Mu_2022,3.373000153979464,3.3500129145758435,3.1766327624139543,3.428910949855546,3.5318586923032296
811,89.38237076989238,47.04853609489743,6.23118693547311,6.197632757688491,5.963189338231397,5.825987998581667,5.9182540342119365,6.126103382228812,0.26799759724171235,2000,2024,HFI_Mu_2022,5.963189338231397,5.825987998581667,5.9182540342119365,6.126103382228812,6.2144098465808
812,90.24011320475564,47.028391080479636,4.711838959796088,4.703743721189953,4.664560910605249,4.716119255877676,4.482324374034291,4.636126332850683,0.04727804919083933,2000,2024,HFI_Mu_2022,4.664560910605249,4.716119255877676,4.482324374034291,4.636126332850683,4.707791340493021
813,90.82158165956677,46.83991145494528,4.944710754377898,4.944710754377898,5.16976338694262,5.040235427922981,4.930561649244885,5.007039127654807,-0.2250526325647222,2000,2024,HFI_Mu_2022,5.16976338694262,5.040235427922981,4.930561649244885,5.007039127654807,4.944710754377898
845,120.03510788525112,47.0862193370112,8.265852809448594,8.375576269509642,8.16890496662462,8.113024225519982,8.181794707171802,8.422725452080817,0.09694784282397428,2000,2024,HFI_Mu_2022,8.16890496662462,8.113024225519982,8.181794707171802,8.422725452080817,8.320714539479118
846,120.82340571407563,47.04853609489743,5.574427008475947,5.579557406081762,6.010770103904925,5.9339203873012965,5.554941594065535,5.669952116253642,-0.43634309542897753,2000,2024,HFI_Mu_2022,6.010770103904925,5.9339203873012965,5.554941594065535,5.669952116253642,5.576992207278854
847,121.72172099819515,47.04853609489743,8.036666967372906,8.12559385900316,8.188358101479363,8.064471616098746,7.766281610194716,7.85126255599797,-0.15169113410645707,2000,2024,HFI_Mu_2022,8.188358101479363,8.064471616098746,7.766281610194716,7.85126255599797,8.081130413188033
848,122.62003628231469,47.04853609489743,16.884872067484082,16.928461810564382,16.296660603009737,16.71997860252348,16.41270107183701,16.71485636631648,0.5882114644743446,2000,2024,HFI_Mu_2022,16.296660603009737,16.71997860252348,16.41270107183701,16.71485636631648,16.906666939024234
849,123.51835156643419,47.04853609489743,19.394808605810432,19.2839526507057,18.697830334955857,18.798407770865385,19.096694883472193,19.395893879024467,0.6969782708545758,2000,2024,HFI_Mu_2022,18.697830334955857,18.798407770865385,19.096694883472193,19.395893879024467,19.339380628258066
850,124.41666685055372,47.04853609489743,15.847087758277512,15.820981833709515,14.703420684499688,15.065043640167298,15.127637764030464,15.780182096834823,1.1436670737778236,2000,2024,HFI_Mu_2022,14.703420684499688,15.065043640167298,15.127637764030464,15.780182096834823,15.834034795993514
851,125.31498213467323,47.04853609489743,15.288722919500792,15.227398133277893,14.308893966623861,14.769108042120934,14.710384645064671,15.273884919311246,0.9798289528769306,2000,2024,HFI_Mu_2022,14.308893966623861,14.769108042120934,14.710384645064671,15.273884919311246,15.258060526389343
855,128.90824327115132,47.04853609489743,3.7462861300400303,3.753126659620491,4.147971820387259,4.145432821055695,3.9555326516828817,3.8272507320444467,-0.40168569034722834,2000,2024,HFI_Mu_2022,4.147971820387259,4.145432821055695,3.9555326516828817,3.8272507320444467,3.7497063948302607
856,129.80655855527084,47.04853609489743,9.47409594070453,9.60807670137057,9.591537070433553,9.65751720944531,9.693280819669749,9.635771103203297,-0.11744112972902343,2000,2024,HFI_Mu_2022,9.591537070433553,9.65751720944531,9.693280819669749,9.635771103203297,9.54108632103755
857,130.70487383939036,47.04853609489743,16.72559055531155,16.73537254269775,15.950147155311491,16.26326502332938,16.57641430797805,17.216158973806202,0.7754434000000572,2000,2024,HFI_Mu_2022,15.950147155311491,16.26326502332938,16.57641430797805,17.216158973806202,16.73048154900465
858,131.60318912350988,47.04853609489743,16.038824687021414,16.101836763658337,15.986159228188127,16.156918335837364,16.41025886033228,16.566655971780243,0.052665458833287104,2000,2024,HFI_Mu_2022,15.986159228188127,16.156918335837364,16.41025886033228,16.566655971780243,16.070330725339875
859,132.5015044076294,47.04853609489743,14.507158227994331,14.630929065341876,14.328068571143703,14.3425145487135,14.668117070233736,14.838314664598304,0.1790896568506284,2000,2024,HFI_Mu_2022,14.328068571143703,14.3425145487135,14.668117070233736,14.838314664598304,14.569043646668103
860,133.39981969174895,47.04853609489743,9.622660557654047,9.712209605984668,9.967465316906626,9.957653813170785,9.786873791030034,9.62482370211034,-0.3448047592525789,2000,2024,HFI_Mu_2022,9.967465316906626,9.957653813170785,9.786873791030034,9.62482370211034,9.667435081819358
876,83.11049774530622,46.42516013734052,12.253806916681391,12.724330210585709,10.728406275047796,10.945790808941519,11.088471518891566,11.660378002230761,1.5254006416335955,2000,2024,HFI_Mu_2022,10.728406275047796,10.945790808941519,11.088471518891566,11.660378002230761,12.48906856363355
877,83.99247906517525,46.432929570401384,10.163449726851724,10.403313872465484,9.227011547122025,9.361324084258033,9.40771144073092,9.86324253858616,0.9364381797296986,2000,2024,HFI_Mu_2022,9.227011547122025,9.361324084258033,9.40771144073092,9.86324253858616,10.283381799658603
878,84.89079434929477,46.432929570401384,4.158481797508271,4.182675346148359,3.9162217609862573,3.938509911243089,3.9712719604075666,4.12117827235387,0.24226003652201378,2000,2024,HFI_Mu_2022,3.9162217609862573,3.938509911243089,3.9712719604075666,4.12117827235387,4.170578571828315
879,85.7891096334143,46.432929570401384,4.606855135978676,4.724851741556694,4.2149973327313,4.198552541717802,4.2371927172448425,4.571320781100019,0.39185780324737607,2000,2024,HFI_Mu_2022,4.2149973327313,4.198552541717802,4.2371927172448425,4.571320781100019,4.6658534387676855
881,87.58574020165334,46.432929570401384,3.0829203495904425,3.100322727006441,2.8952331111682597,2.925185782161299,2.8616646382837527,3.0124147575797675,0.18768723842218282,2000,2024,HFI_Mu_2022,2.8952331111682597,2.925185782161299,2.8616646382837527,3.0124147575797675,3.0916215382984418
882,88.48405548577286,46.432929570401384,2.9502172704251617,2.966770750293366,2.832145212747865,2.798787400052141,2.7406847948676485,2.894912428987894,0.1180720576772969,2000,2024,HFI_Mu_2022,2.832145212747865,2.798787400052141,2.7406847948676485,2.894912428987894,2.9584940103592636
883,89.38237076989238,46.432929570401384,3.952401660997701,3.9479459011198075,3.860311907465332,3.8411183771802797,3.815814282240039,3.894475074677414,0.09208975353236903,2000,2024,HFI_Mu_2022,3.860311907465332,3.8411183771802797,3.815814282240039,3.894475074677414,3.950173781058754
884,90.2806860540119,46.432929570401384,7.829819795736662,7.838947371423333,7.6254959614558775,7.567591213668843,7.4360879322344315,7.7502878609545744,0.2043238342807845,2000,2024,HFI_Mu_2022,7.6254959614558775,7.567591213668843,7.4360879322344315,7.7502878609545744,7.8343835835799975
885,90.85298257785247,46.45790096260353,7.902819849236579,7.934641646409471,7.812105118706763,7.863077645370101,7.81822767822915,7.853531036760092,0.09071473052981549,2000,2024,HFI_Mu_2022,7.812105118706763,7.863077645370101,7.81822767822915,7.853531036760092,7.918730747823025
916,119.00873357391136,46.397846166082076,7.474894725509621,7.492239943529376,7.300285853009372,7.299169059432693,7.239017527581869,7.353408410904695,0.17460887250024903,2000,2024,HFI_Mu_2022,7.300285853009372,7.299169059432693,7.239017527581869,7.353408410904695,7.483567334519499
917,119.95010177131829,46.41015562645002,7.256693953733327,7.261333248781732,7.206016997676027,7.154283314563094,7.122540386777775,7.165953776090335,0.05067695605730016,2000,2024,HFI_Mu_2022,7.206016997676027,7.154283314563094,7.122540386777775,7.165953776090335,7.2590136012575295
918,120.82340571407563,46.432929570401384,9.610909801344777,9.700955351986114,9.547844496782826,9.441871579137453,9.222673353346718,9.501636736869408,0.0630653045619507,2000,2024,HFI_Mu_2022,9.547844496782826,9.441871579137453,9.222673353346718,9.501636736869408,9.655932576665446
920,122.62003628231469,46.43292957040138,16.067927427773157,16.17797832300948,14.96687197725686,15.566245028485273,15.450954080841317,15.852531656863023,1.1010554505162968,2000,2024,HFI_Mu_2022,14.96687197725686,15.566245028485273,15.450954080841317,15.852531656863023,16.12295287539132
921,123.51835156643419,46.4329295704014,16.44105781245176,16.510925083992056,15.91710803828977,16.042087231475584,16.042767454756817,16.505114777589487,0.5239497741619896,2000,2024,HFI_Mu_2022,15.91710803828977,16.042087231475584,16.042767454756817,16.505114777589487,16.475991448221908
922,124.41666685055372,46.432929570401384,16.860247558016034,17.22520077228546,16.171092155330143,16.39604291955394,16.64681929815798,17.030922507267437,0.6891554026858913,2000,2024,HFI_Mu_2022,16.171092155330143,16.39604291955394,16.64681929815798,17.030922507267437,17.042724165150748
923,125.31498213467323,46.432929570401384,22.890852251014394,23.161490486321544,20.59714541671079,21.368503551375863,22.19369304081458,23.341549356128983,2.2937068343036024,2000,2024,HFI_Mu_2022,20.59714541671079,21.368503551375863,22.19369304081458,23.341549356128983,23.026171368667967
927,128.90824327115132,46.432929570401384,4.429956976753522,4.4308056934747935,4.578385699776715,4.593473643418611,4.411801091803377,4.425972693321332,-0.14842872302319243,2000,2024,HFI_Mu_2022,4.578385699776715,4.593473643418611,4.411801091803377,4.425972693321332,4.430381335114157
929,130.70487383939036,46.432929570401384,12.918889718315942,13.146745737024066,12.91533163320123,13.105792910296834,12.917395843247464,13.015886358344611,0.003558085114711673,2000,2024,HFI_Mu_2022,12.91533163320123,13.105792910296834,12.917395843247464,13.015886358344611,13.032817727670004
931,132.5015044076294,46.432929570401384,13.324946098591056,13.493553727485653,13.427076733408397,13.4629156413136,13.555523157094447,13.582989918757994,-0.10213063481734075,2000,2024,HFI_Mu_2022,13.427076733408397,13.4629156413136,13.555523157094447,13.582989918757994,13.409249913038355
947,82.4897768333536,45.77478480430008,7.062564492817256,7.147552083502928,6.484442631452906,6.630188725870242,6.617940049017629,6.764436454985929,0.5781218613643508,2000,2024,HFI_Mu_2022,6.484442631452906,6.630188725870242,6.617940049017629,6.764436454985929,7.105058288160093
948,83.09416378105573,45.81028997508631,6.665186937380149,6.695056004093049,6.409770769153991,6.406101016629542,6.401376395393315,6.557153215189808,0.25541616822615776,2000,2024,HFI_Mu_2022,6.409770769153991,6.406101016629542,6.401376395393315,6.557153215189808,6.680121470736599
949,83.99247906517525,45.81028997508631,7.261534805336857,7.330246462656189,6.669966100464082,6.775158128611637,6.80815475362454,7.152030824834828,0.5915687048727749,2000,2024,HFI_Mu_2022,6.669966100464082,6.775158128611637,6.80815475362454,7.152030824834828,7.295890633996523
950,84.89079434929477,45.81028997508631,7.091942469821054,7.043505925063144,6.331007494027205,6.3746018245764455,6.491499223861133,6.800482636406308,0.7609349757938482,2000,2024,HFI_Mu_2022,6.331007494027205,6.3746018245764455,6.491499223861133,6.800482636406308,7.067724197442098
951,85.7891096334143,45.81028997508631,2.8164578356334715,3.334976353383606,2.127173109380004,2.2166306602316106,2.193579481729911,2.5087267775454793,0.6892847262534674,2000,2024,HFI_Mu_2022,2.127173109380004,2.2166306602316106,2.193579481729911,2.5087267775454793,3.075717094508539
952,86.68742491753382,45.81028997508631,2.316728722762052,2.437407798542399,2.4854654164237706,2.7926838819869433,2.3545674673068446,2.342217024078177,-0.16873669366171873,2000,2024,HFI_Mu_2022,2.4854654164237706,2.7926838819869433,2.3545674673068446,2.342217024078177,2.3770682606522255
953,87.58574020165334,45.81028997508631,1.1825298863204223,1.1833480495439854,1.1767586157572436,1.1600760743642973,1.1652327701338907,1.1754695999701439,0.005771270563178721,2000,2024,HFI_Mu_2022,1.1767586157572436,1.1600760743642973,1.1652327701338907,1.1754695999701439,1.1829389679322038
955,89.38237076989238,45.81028997508631,2.1538604092046563,2.155497740452474,2.1540887064124736,2.1452469183341725,2.1400641959878786,2.1491607251076537,-2.2829720781736285e-4,2000,2024,HFI_Mu_2022,2.1540887064124736,2.1452469183341725,2.1400641959878786,2.1491607251076537,2.1546790748285654
956,90.26959692641908,45.815557637080644,3.5470304080734993,3.5589700813097376,3.5107543031171207,3.4951140949495563,3.3816779530222854,3.494265212840118,0.036276104956378674,2000,2024,HFI_Mu_2022,3.5107543031171207,3.4951140949495563,3.3816779530222854,3.494265212840118,3.5530002446916185
985,116.43440554552899,45.769338757864524,7.539139826869375,7.509662004751412,7.395744684771967,7.469933422143241,7.429663016245915,7.453797412413951,0.14339514209740845,2000,2024,HFI_Mu_2022,7.395744684771967,7.469933422143241,7.429663016245915,7.453797412413951,7.524400915810394
986,117.23014457759756,45.81028997508631,7.078449145993533,7.133720386040491,6.999917752569505,7.020055411074276,7.018696957064017,7.068043603184523,0.07853139342402748,2000,2024,HFI_Mu_2022,6.999917752569505,7.020055411074276,7.018696957064017,7.068043603184523,7.1060847660170126
987,118.12845986171706,45.81028997508631,7.174752670806853,7.188249603419703,7.12042976137563,7.071450151938846,7.037123934622922,7.151462599885001,0.05432290943122364,2000,2024,HFI_Mu_2022,7.12042976137563,7.071450151938846,7.037123934622922,7.151462599885001,7.181501137113278
988,119.0267751458366,45.81028997508631,8.234653162654318,8.192986497058978,7.91809803057535,7.832524264413936,7.941989229638982,8.129150712071292,0.31655513207896835,2000,2024,HFI_Mu_2022,7.91809803057535,7.832524264413936,7.941989229638982,8.129150712071292,8.213819829856648
989,119.9250904299561,45.81028997508631,9.666284403380226,9.65239551488091,9.521177479595531,9.376312902598988,9.186654391144616,9.405319724402396,0.14510692378469514,2000,2024,HFI_Mu_2022,9.521177479595531,9.376312902598988,9.186654391144616,9.405319724402396,9.659339959130568
991,121.72172099819512,45.810289975086306,17.406519255868158,17.94732392682273,17.05459782283811,17.124594573592518,16.809480917814415,17.164847367529195,0.3519214330300464,2000,2024,HFI_Mu_2022,17.05459782283811,17.124594573592518,16.809480917814415,17.164847367529195,17.676921591345444
992,122.62003628231469,45.81028997508631,16.483547677387122,16.92857331019234,15.654257517549542,15.776071237381506,15.806127726166105,16.164919652683306,0.8292901598375799,2000,2024,HFI_Mu_2022,15.654257517549542,15.776071237381506,15.806127726166105,16.164919652683306,16.70606049378973
993,123.51835156643419,45.81028997508631,13.884392536207972,14.305384586628401,13.577422515739697,13.782935414125173,13.566700097535929,13.76220064073533,0.3069700204682757,2000,2024,HFI_Mu_2022,13.577422515739697,13.782935414125173,13.566700097535929,13.76220064073533,14.094888561418188
994,124.41666685055372,45.81028997508631,16.492223004658626,15.981826219086464,14.589319764067602,14.981332179835073,14.971275015991598,15.271110985794754,1.9029032405910247,2000,2024,HFI_Mu_2022,14.589319764067602,14.981332179835073,14.971275015991598,15.271110985794754,16.237024611872545
995,125.31498213467323,45.81028997508631,20.54922765159412,20.999738908399102,18.37512878142983,18.993672416254054,20.078459076549866,21.35379592626373,2.17409887016429,2000,2024,HFI_Mu_2022,18.37512878142983,18.993672416254054,20.078459076549866,21.35379592626373,20.77448327999661
996,126.21329741879276,45.81028997508631,24.9368979189814,25.135020001182923,22.35538275948765,23.19817353358463,24.281485849956756,25.742554889370236,2.581515159493751,2000,2024,HFI_Mu_2022,22.35538275948765,23.19817353358463,24.281485849956756,25.742554889370236,25.035958960082162
997,127.11161270291227,45.81028997508631,23.10161508521948,23.151361141645683,21.22345024058365,21.81355693331036,22.83697546984087,23.946148021841957,1.8781648446358297,2000,2024,HFI_Mu_2022,21.22345024058365,21.81355693331036,22.83697546984087,23.946148021841957,23.12648811343258
999,128.90824327115132,45.81028997508631,10.619378756839186,10.79042221140364,10.388990085880604,10.53227876670206,10.603019477576657,10.932172191401497,0.2303886709585825,2000,2024,HFI_Mu_2022,10.388990085880604,10.53227876670206,10.603019477576657,10.932172191401497,10.704900484121413
1001,130.70487383939036,45.81028997508631,13.912766719203436,14.304240971352485,13.68211624087269,14.042060114382332,14.045092091135034,14.357494217009815,0.23065047833074637,2000,2024,HFI_Mu_2022,13.68211624087269,14.042060114382332,14.045092091135034,14.357494217009815,14.10850384527796
1002,131.60318912350988,45.81028997508631,12.091522638393082,12.235641108700102,12.436179963589202,12.542778078763764,12.284132627828965,12.35534626441743,-0.34465732519612047,2000,2024,HFI_Mu_2022,12.436179963589202,12.542778078763764,12.284132627828965,12.35534626441743,12.163581873546592
1003,132.5015044076294,45.81028997508631,11.694578295045163,11.814086621476722,12.33012588446212,12.257070022349613,12.068936473168973,12.287261342558546,-0.6355475894169569,2000,2024,HFI_Mu_2022,12.33012588446212,12.257070022349613,12.068936473168973,12.287261342558546,11.754332458260944
1018,81.34731204983994,45.053165163352595,8.669687682515114,8.630869407827442,7.887101371769068,8.024742226058452,7.732285019049977,7.974130649822187,0.782586310746046,2000,2024,HFI_Mu_2022,7.887101371769068,8.024742226058452,7.732285019049977,7.974130649822187,8.650278545171279
1019,82.21419247651669,45.095296652992374,11.417143147095329,11.563062117089961,9.687109811825398,9.82137006524725,9.664453358000612,10.234852738297832,1.7300333352699315,2000,2024,HFI_Mu_2022,9.687109811825398,9.82137006524725,9.664453358000612,10.234852738297832,11.490102632092645
1021,83.99247906517525,45.18061132785785,5.305693628294032,5.294289065515246,4.87283276369711,4.891714366055241,4.871866539281671,5.081267168345142,0.43286086459692186,2000,2024,HFI_Mu_2022,4.87283276369711,4.891714366055241,4.871866539281671,5.081267168345142,5.299991346904639
1022,84.89079434929477,45.18061132785785,7.39642946152011,7.014094193748594,5.0449327882845605,5.111603285706213,5.6278978624397356,6.334340711627674,2.351496673235549,2000,2024,HFI_Mu_2022,5.0449327882845605,5.111603285706213,5.6278978624397356,6.334340711627674,7.205261827634352
1023,85.7891096334143,45.18061132785785,3.344920901178546,3.2625044169339836,2.965031680931824,2.9847100740084964,2.876850065988962,3.095491312981935,0.3798892202467221,2000,2024,HFI_Mu_2022,2.965031680931824,2.9847100740084964,2.876850065988962,3.095491312981935,3.3037126590562647
1025,87.58574020165334,45.18061132785785,1.9466877368027853,2.0137011405802663,1.84166673276291,1.8878759747543592,1.979294258232241,1.9112806558157414,0.10502100403987535,2000,2024,HFI_Mu_2022,1.84166673276291,1.8878759747543592,1.979294258232241,1.9112806558157414,1.9801944386915258
1027,89.38237076989238,45.18061132785785,2.522055407435855,2.25744371785173,1.7355007054172935,1.791530392498593,1.800348212534525,2.0646679205474734,0.7865547020185617,2000,2024,HFI_Mu_2022,1.7355007054172935,1.791530392498593,1.800348212534525,2.0646679205474734,2.3897495626437926
1028,90.280079781943,45.18018877226891,2.799697434673158,2.798895991891376,2.660311714045187,2.689686691469286,2.683854785026802,2.745700100888566,0.13938572062797094,2000,2024,HFI_Mu_2022,2.660311714045187,2.689686691469286,2.683854785026802,2.745700100888566,2.799296713282267
1029,91.11924389018857,45.03682262394007,3.2525137870618157,3.2556013978387988,3.085387398358341,3.2458409684153424,3.1115310963678895,3.230319395805132,0.16712638870347485,2000,2024,HFI_Mu_2022,3.085387398358341,3.2458409684153424,3.1115310963678895,3.230319395805132,3.254057592450307
1055,114.61875009255158,45.096011210306386,7.430260111802926,7.426579130207834,7.41444268314385,7.414781180481238,7.382198354510442,7.40857571604793,0.01581742865907554,2000,2024,HFI_Mu_2022,7.41444268314385,7.414781180481238,7.382198354510442,7.40857571604793,7.42841962100538
1057,116.33182929347802,45.18061132785785,7.270908942692179,7.284119510956055,7.203115407040445,7.199084192967778,7.124161027449431,7.266785061960701,0.06779353565173363,2000,2024,HFI_Mu_2022,7.203115407040445,7.199084192967778,7.124161027449431,7.266785061960701,7.277514226824117
1058,117.23014457759756,45.18061132785785,7.687651207258512,7.703867423474729,7.604467922598273,7.586286569190574,7.453158781788609,7.650875442808455,0.08318328466023939,2000,2024,HFI_Mu_2022,7.604467922598273,7.586286569190574,7.453158781788609,7.650875442808455,7.695759315366621
1061,119.9250904299561,45.18061132785785,9.40882689955237,9.462043191768505,9.119078511160772,9.04333662709913,9.060080519906274,9.220167759732083,0.28974838839159744,2000,2024,HFI_Mu_2022,9.119078511160772,9.04333662709913,9.060080519906274,9.220167759732083,9.435435045660437
1063,121.72172099819515,45.18061132785785,12.893322839864808,13.144908321793613,11.722566198295944,11.887402601329857,11.818395987734547,12.008033292637554,1.1707566415688646,2000,2024,HFI_Mu_2022,11.722566198295944,11.887402601329857,11.818395987734547,12.008033292637554,13.019115580829212
1064,122.62003628231469,45.18061132785785,14.218828864562244,14.48446341273122,13.423588664910664,13.635731247667307,13.49919000391762,13.819840854539658,0.7952401996515803,2000,2024,HFI_Mu_2022,13.423588664910664,13.635731247667307,13.49919000391762,13.819840854539658,14.351646138646732
1065,123.51835156643419,45.18061132785785,11.614935668710714,11.767579900721708,10.810332520554462,10.899534152056544,10.648363590431519,11.068647501751398,0.8046031481562519,2000,2024,HFI_Mu_2022,10.810332520554462,10.899534152056544,10.648363590431519,11.068647501751398,11.69125778471621
1066,124.4166668505537,45.18061132785784,16.480892574510133,16.557838946580887,15.255697707573955,15.742064653585354,15.861710552078408,16.09622965136973,1.225194866936178,2000,2024,HFI_Mu_2022,15.255697707573955,15.742064653585354,15.861710552078408,16.09622965136973,16.51936576054551
1068,126.21329741879276,45.18061132785785,22.05227797720231,21.18443959305028,20.020286497162456,20.29581955594032,21.730166722698755,22.589875159238805,2.031991480039853,2000,2024,HFI_Mu_2022,20.020286497162456,20.29581955594032,21.730166722698755,22.589875159238805,21.618358785126293
1069,127.11161270291227,45.18061132785785,18.98908296073367,18.71156536460162,17.580065181952918,17.996630535120953,18.57348712018592,19.122695540211243,1.4090177787807505,2000,2024,HFI_Mu_2022,17.580065181952918,17.996630535120953,18.57348712018592,19.122695540211243,18.850324162667643
1070,128.0099279870318,45.18061132785785,14.155621198856053,14.15714175031394,13.643603623700457,13.872477470015754,13.821466688181506,14.110498502307912,0.5120175751555962,2000,2024,HFI_Mu_2022,13.643603623700457,13.872477470015754,13.821466688181506,14.110498502307912,14.156381474584997
1073,130.69971981771184,45.184596299341166,14.615146627609583,15.149484796672636,15.078250080964162,14.989983518797356,14.933182413554801,14.903148943701266,-0.46310345335457903,2000,2024,HFI_Mu_2022,15.078250080964162,14.989983518797356,14.933182413554801,14.903148943701266,14.88231571214111
1075,132.53934003056156,45.30072740850681,13.940239528978573,14.003768941584756,14.523611830823562,14.550543082672007,14.154931803345681,14.497150102012297,-0.5833723018449888,2000,2024,HFI_Mu_2022,14.523611830823562,14.550543082672007,14.154931803345681,14.497150102012297,13.972004235281664
1076,133.01573445121124,45.29575085566888,12.310677815385226,12.461938323593941,12.917351717207612,13.051346922121128,12.498472943526355,12.611538818403453,-0.6066739018223863,2000,2024,HFI_Mu_2022,12.917351717207612,13.051346922121128,12.498472943526355,12.611538818403453,12.386308069489584
1089,80.57044385834435,44.58246346072545,6.379752954065881,5.980165609180354,5.6841983419255016,5.6512750105156035,5.47141885937818,5.587210006325249,0.6955546121403797,2000,2024,HFI_Mu_2022,5.6841983419255016,5.6512750105156035,5.47141885937818,5.587210006325249,6.179959281623118
1090,81.29753321281669,44.54389096157551,7.115061265695784,7.0055402955675286,6.8677186281632245,6.69845266276765,6.424623083532793,6.728465182789276,0.2473426375325598,2000,2024,HFI_Mu_2022,6.8677186281632245,6.69845266276765,6.424623083532793,6.728465182789276,7.060300780631657
1091,82.19584849693621,44.54389096157551,8.6873381869623,8.613484703692174,7.706562463859019,7.4871694557435315,7.247882684178359,7.924683291594471,0.9807757231032816,2000,2024,HFI_Mu_2022,7.706562463859019,7.4871694557435315,7.247882684178359,7.924683291594471,8.650411445327236
1092,83.09416378105573,44.54389096157551,5.130665036286733,5.0329730336751135,4.307244121929029,4.320091754602772,4.248041679969274,4.6605217550579905,0.8234209143577038,2000,2024,HFI_Mu_2022,4.307244121929029,4.320091754602772,4.248041679969274,4.6605217550579905,5.081819034980923
1093,83.99247906517525,44.54389096157551,6.320278431907681,6.684691951979344,5.508212553403131,5.620295025260145,5.556758645239099,5.924201531465319,0.8120658785045505,2000,2024,HFI_Mu_2022,5.508212553403131,5.620295025260145,5.556758645239099,5.924201531465319,6.502485191943513
1094,84.89079434929477,44.54389096157551,14.35152555719394,13.75843992530293,10.102248556945993,10.286529490991779,10.80249702290941,11.847434563734364,4.249277000247947,2000,2024,HFI_Mu_2022,10.102248556945993,10.286529490991779,10.80249702290941,11.847434563734364,14.054982741248434
1095,85.7891096334143,44.54389096157551,16.502617180003867,15.907109330222232,12.236267627292587,12.448991010308005,12.901991723427784,13.929826674938107,4.266349552711279,2000,2024,HFI_Mu_2022,12.236267627292587,12.448991010308005,12.901991723427784,13.929826674938107,16.20486325511305
1096,86.68742491753382,44.54389096157551,11.454044679524173,10.382672915780995,8.31145443902101,8.266135737862786,8.332631120672282,8.956699931076459,3.1425902405031643,2000,2024,HFI_Mu_2022,8.31145443902101,8.266135737862786,8.332631120672282,8.956699931076459,10.918358797652584
1097,87.58574020165334,44.54389096157551,7.358813094164301,6.94752757984626,5.191758466103241,5.312950610474992,5.382305468192234,6.061920771536286,2.1670546280610594,2000,2024,HFI_Mu_2022,5.191758466103241,5.312950610474992,5.382305468192234,6.061920771536286,7.15317033700528
1098,88.48405548577286,44.54389096157551,6.1757646404488185,5.7284485398834315,5.52283812642216,5.304699341055176,5.230748394060561,5.528492783735808,0.6529265140266585,2000,2024,HFI_Mu_2022,5.52283812642216,5.304699341055176,5.230748394060561,5.528492783735808,5.9521065901661245
1100,90.2806860540119,44.54389096157551,4.129185437504517,3.002967986126255,2.6259377696148754,2.486679876515321,2.44381613760766,2.6576118661463557,1.5032476678896414,2000,2024,HFI_Mu_2022,2.6259377696148754,2.486679876515321,2.44381613760766,2.6576118661463557,3.566076711815386
1101,91.17900133813141,44.54389096157551,1.5448807857344466,1.5679332505082568,1.5252882059509594,1.57817661791464,1.5168283958331255,1.536973927391602,0.019592579783487274,2000,2024,HFI_Mu_2022,1.5252882059509594,1.57817661791464,1.5168283958331255,1.536973927391602,1.5564070181213516
1103,92.97563190637047,44.54389096157551,0.7796670988187074,0.5457640781237741,0.5394563061346727,0.5398146776695831,0.5314157867833939,0.5386540740310994,0.24021079268403478,2000,2024,HFI_Mu_2022,0.5394563061346727,0.5398146776695831,0.5314157867833939,0.5386540740310994,0.6627155884712408
1126,113.65301107345489,44.51662216025089,6.531260858595073,6.531260858595073,6.486134818959013,6.469813119590114,6.428280599170676,6.523443247292658,0.045126039636059545,2000,2024,HFI_Mu_2022,6.486134818959013,6.469813119590114,6.428280599170676,6.523443247292658,6.531260858595073
1127,114.53519872523898,44.54389096157551,7.204862007086531,7.190752308869021,7.158310119506854,7.1780948806642915,7.129010978961787,7.176604690347074,0.04655188757967643,2000,2024,HFI_Mu_2022,7.158310119506854,7.1780948806642915,7.129010978961787,7.176604690347074,7.197807157977776
1128,115.43351400935852,44.54389096157551,7.318550969534724,7.333654307409387,7.3255742468970375,7.2887775467764975,7.262055764706222,7.306544663606653,-0.0070232773623137845,2000,2024,HFI_Mu_2022,7.3255742468970375,7.2887775467764975,7.262055764706222,7.306544663606653,7.326102638472055
1129,116.33182929347802,44.54389096157551,8.18203743957568,8.138308558921837,7.937628323030482,7.880780876571391,7.8230681144511145,7.979921410700313,0.24440911654519848,2000,2024,HFI_Mu_2022,7.937628323030482,7.880780876571391,7.8230681144511145,7.979921410700313,8.160172999248758
1130,117.23014457759756,44.54389096157551,8.19577453881591,8.236505712876376,7.917572470467346,7.905536031618806,7.968255840284839,8.11895886989088,0.27820206834856354,2000,2024,HFI_Mu_2022,7.917572470467346,7.905536031618806,7.968255840284839,8.11895886989088,8.216140125846142
1131,118.12845986171706,44.54389096157551,8.977828827233722,8.977431210976235,8.655508465321352,8.52244268369011,8.490925411343811,8.757917176539571,0.3223203619123698,2000,2024,HFI_Mu_2022,8.655508465321352,8.52244268369011,8.490925411343811,8.757917176539571,8.977630019104978
1133,119.9250904299561,44.54389096157551,9.126827333822233,9.163599347433212,8.871794616363319,8.93715981085574,8.643779262541967,8.860788731659365,0.25503271745891354,2000,2024,HFI_Mu_2022,8.871794616363319,8.93715981085574,8.643779262541967,8.860788731659365,9.145213340627723
1134,120.82340571407563,44.54389096157551,11.979728077345534,12.193474599469214,10.908157928813106,10.946329212965452,10.776787263607288,11.068636467118655,1.0715701485324285,2000,2024,HFI_Mu_2022,10.908157928813106,10.946329212965452,10.776787263607288,11.068636467118655,12.086601338407373
1137,123.51835156643419,44.54389096157551,14.12247936248022,14.11652343628637,12.991557999454322,13.08676180494951,12.95271214980655,13.16347546319013,1.130921363025898,2000,2024,HFI_Mu_2022,12.991557999454322,13.08676180494951,12.95271214980655,13.16347546319013,14.119501399383296
1138,124.41666685055372,44.54389096157551,18.93384825925352,18.584036863202822,17.70620781177326,17.815574274996525,17.780376090922005,18.336538236813812,1.2276404474802582,2000,2024,HFI_Mu_2022,17.70620781177326,17.815574274996525,17.780376090922005,18.336538236813812,18.75894256122817
1139,125.31498213467323,44.54389096157551,24.539581219070076,23.181102911251013,21.125019423319014,21.37492827802564,22.89366891652203,23.129897391967226,3.4145617957510623,2000,2024,HFI_Mu_2022,21.125019423319014,21.37492827802564,22.89366891652203,23.129897391967226,23.860342065160545
1140,126.21329741879276,44.54389096157551,23.53859648034984,20.800046383243945,19.40518103702351,19.654861692786692,21.473915483141667,20.84382626909819,4.1334154433263315,2000,2024,HFI_Mu_2022,19.40518103702351,19.654861692786692,21.473915483141667,20.84382626909819,22.169321431796895
1142,128.0099279870318,44.54389096157551,5.56616479926863,5.56457434262836,5.6569688775726625,5.732940954900167,5.469030690904166,5.377619116728159,-0.09080407830403292,2000,2024,HFI_Mu_2022,5.6569688775726625,5.732940954900167,5.469030690904166,5.377619116728159,5.565369570948494
1143,128.90824327115132,44.54389096157551,9.622310689930316,9.869528495403086,9.506077636868378,9.548342091053582,9.377278891147746,9.525892733858338,0.11623305306193821,2000,2024,HFI_Mu_2022,9.506077636868378,9.548342091053582,9.377278891147746,9.525892733858338,9.745919592666702
1144,129.80655855527084,44.54389096157551,14.982631209958011,15.227808606248079,13.985644966209982,14.057641215690508,14.38610913834498,14.654233473181772,0.9969862437480295,2000,2024,HFI_Mu_2022,13.985644966209982,14.057641215690508,14.38610913834498,14.654233473181772,15.105219908103045
1145,130.67266316622576,44.52925365650356,10.095304804963451,10.281546849884013,10.205531112301735,10.244384259895611,10.23497283785574,10.130849254573546,-0.11022630733828365,2000,2024,HFI_Mu_2022,10.205531112301735,10.244384259895611,10.23497283785574,10.130849254573546,10.188425827423732
1161,80.67543360366552,43.94148370985015,14.609946453696804,13.625735945450632,10.606902110451147,10.756603713788484,10.597357701753316,11.593153091982792,4.003044343245657,2000,2024,HFI_Mu_2022,10.606902110451147,10.756603713788484,10.597357701753316,11.593153091982792,14.117841199573718
1162,81.29753321281669,43.90012963839316,16.605397496826242,16.085926948845923,12.377768428637111,12.716077255786505,12.914011346934831,14.246137879801738,4.227629068189131,2000,2024,HFI_Mu_2022,12.377768428637111,12.716077255786505,12.914011346934831,14.246137879801738,16.345662222836083
1163,82.19584849693621,43.90012963839316,9.9347885252875,10.171701186588885,9.612887254835364,9.596752489770456,9.270503904393152,9.629091811518622,0.3219012704521358,2000,2024,HFI_Mu_2022,9.612887254835364,9.596752489770456,9.270503904393152,9.629091811518622,10.053244855938193
1164,83.09416378105573,43.90012963839316,6.126074353670955,6.088675044714193,6.10760986368273,6.053472892347314,6.060398689347938,5.969134279307068,0.01846448998822492,2000,2024,HFI_Mu_2022,6.10760986368273,6.053472892347314,6.060398689347938,5.969134279307068,6.107374699192574
1165,83.99247906517525,43.90012963839316,3.969101279447926,3.9596998973342883,3.8127830333533144,3.81917363831792,3.815808485470089,3.8963898837978075,0.15631824609461153,2000,2024,HFI_Mu_2022,3.8127830333533144,3.81917363831792,3.815808485470089,3.8963898837978075,3.964400588391107
1166,84.89079434929477,43.90012963839316,4.197257332163443,4.103975182725921,3.8211402186505397,3.8149437978606304,3.865474071829882,3.990475324957476,0.37611711351290333,2000,2024,HFI_Mu_2022,3.8211402186505397,3.8149437978606304,3.865474071829882,3.990475324957476,4.150616257444682
1167,85.7891096334143,43.90012963839316,6.829844545926595,6.5115319860032965,5.7542660216671395,5.715765233279303,5.800292465633651,6.1583864186005535,1.0755785242594555,2000,2024,HFI_Mu_2022,5.7542660216671395,5.715765233279303,5.800292465633651,6.1583864186005535,6.670688265964946
1168,86.68742491753382,43.90012963839316,11.796918867006584,11.321084579426437,9.378443471901619,9.452489463817493,9.625752917459105,10.2229492104872,2.4184753951049647,2000,2024,HFI_Mu_2022,9.378443471901619,9.452489463817493,9.625752917459105,10.2229492104872,11.559001723216511
1169,87.58574020165334,43.90012963839316,23.748742056505915,24.12993545529482,17.890827802448023,18.30685872793289,19.54030479144245,21.183729665263836,5.857914254057892,2000,2024,HFI_Mu_2022,17.890827802448023,18.30685872793289,19.54030479144245,21.183729665263836,23.939338755900366
1170,88.48405548577286,43.90012963839316,8.800606979170123,8.405173371525242,7.27486805159224,7.173676425095073,7.331959648388034,7.894623451180762,1.5257389275778825,2000,2024,HFI_Mu_2022,7.27486805159224,7.173676425095073,7.331959648388034,7.894623451180762,8.602890175347682
1171,89.38237076989238,43.90012963839316,12.479843859660654,11.51303011772387,9.789944646593112,9.847663169809982,9.77728529738392,10.565793989305186,2.6898992130675428,2000,2024,HFI_Mu_2022,9.789944646593112,9.847663169809982,9.77728529738392,10.565793989305186,11.996436988692263
1172,90.2806860540119,43.90012963839316,8.809573964393788,8.40397151003228,7.805066758476581,7.765216498617841,7.598730734205667,8.011985153154237,1.004507205917207,2000,2024,HFI_Mu_2022,7.805066758476581,7.765216498617841,7.598730734205667,8.011985153154237,8.606772737213035
1173,91.17900133813141,43.90012963839316,3.8865479459942507,3.871396430476923,3.7748208280279805,3.6772293536729133,3.6395218057874454,3.8141007374873506,0.11172711796627022,2000,2024,HFI_Mu_2022,3.7748208280279805,3.6772293536729133,3.6395218057874454,3.8141007374873506,3.8789721882355868
1175,92.97563190637047,43.90012963839316,5.475832678305206,5.2822781036389825,4.840833153702615,4.926829030803852,4.757879953269501,5.149734625864493,0.6349995246025912,2000,2024,HFI_Mu_2022,4.840833153702615,4.926829030803852,4.757879953269501,5.149734625864493,5.379055390972095
1196,111.9969999272614,43.9350891746222,7.043668862570303,6.914115489567614,6.539628720487414,6.523439994483648,6.6378744079374155,6.792744072245615,0.5040401420828884,2000,2024,HFI_Mu_2022,6.539628720487414,6.523439994483648,6.6378744079374155,6.792744072245615,6.978892176068959
1197,112.73856815699993,43.90012963839316,5.188187542722395,5.168425455049012,5.107937545590646,5.130978921584139,5.124945262339787,5.156810587630853,0.08024999713174896,2000,2024,HFI_Mu_2022,5.107937545590646,5.130978921584139,5.124945262339787,5.156810587630853,5.1783064988857035
1198,113.63688344111945,43.90012963839316,7.311224798090963,7.217456819775692,6.953559611467707,6.9634163805759535,6.954460917086067,7.1135042384395435,0.3576651866232563,2000,2024,HFI_Mu_2022,6.953559611467707,6.9634163805759535,6.954460917086067,7.1135042384395435,7.264340808933328
1199,114.53519872523898,43.90012963839316,7.579637860327976,7.579446032846269,7.543908328806944,7.510657518033032,7.434800508450849,7.521943867378082,0.03572953152103153,2000,2024,HFI_Mu_2022,7.543908328806944,7.510657518033032,7.434800508450849,7.521943867378082,7.579541946587122
1200,115.43351400935852,43.90012963839316,8.00142524462888,7.9855004565036944,7.993175790937516,7.768242719305174,7.613381606244346,7.868618366723782,0.008249453691363762,2000,2024,HFI_Mu_2022,7.993175790937516,7.768242719305174,7.613381606244346,7.868618366723782,7.993462850566287
1201,116.33182929347802,43.90012963839316,10.384973664540883,10.149702122197272,8.807626988557908,8.782818161807576,9.219829053207132,9.572065140230599,1.5773466759829748,2000,2024,HFI_Mu_2022,8.807626988557908,8.782818161807576,9.219829053207132,9.572065140230599,10.267337893369078
1202,117.23014457759756,43.90012963839316,6.4184132917043915,6.440273310971283,6.374751404925024,6.330817483575552,6.2212639745335565,6.444540316466517,0.04366188677936744,2000,2024,HFI_Mu_2022,6.374751404925024,6.330817483575552,6.2212639745335565,6.444540316466517,6.429343301337838
1203,118.12845986171706,43.90012963839316,10.989757420485502,11.181350252903302,10.684575846867332,10.696092299091864,10.293500287865431,10.62000240906258,0.3051815736181691,2000,2024,HFI_Mu_2022,10.684575846867332,10.696092299091864,10.293500287865431,10.62000240906258,11.085553836694402
1204,119.0267751458366,43.90012963839316,12.466175504328879,12.668706141626602,11.574423182820011,11.591301656610717,11.318805852062546,11.716300602703658,0.8917523215088679,2000,2024,HFI_Mu_2022,11.574423182820011,11.591301656610717,11.318805852062546,11.716300602703658,12.56744082297774
1205,119.9250904299561,43.90012963839316,15.37288218546883,15.53603654169332,14.362567052193697,14.520096966348756,14.089962042653793,14.311677869270714,1.0103151332751334,2000,2024,HFI_Mu_2022,14.362567052193697,14.520096966348756,14.089962042653793,14.311677869270714,15.454459363581076
1206,120.82340571407563,43.90012963839316,9.737279197209354,9.824402593051923,9.530960784629173,9.529975325195146,9.317286795330835,9.357260208353157,0.20631841258018113,2000,2024,HFI_Mu_2022,9.530960784629173,9.529975325195146,9.317286795330835,9.357260208353157,9.780840895130638
1207,121.72172099819515,43.90012963839316,14.71371513921957,14.976962742341547,13.890298462078773,13.962666207736111,13.722455685574728,13.731463249345998,0.8234166771407967,2000,2024,HFI_Mu_2022,13.890298462078773,13.962666207736111,13.722455685574728,13.731463249345998,14.845338940780557
1208,122.62003628231469,43.90012963839316,16.64559669371191,17.002213555122953,15.547524193217862,15.778595941155892,15.600175552377308,15.83072137974367,1.0980725004940464,2000,2024,HFI_Mu_2022,15.547524193217862,15.778595941155892,15.600175552377308,15.83072137974367,16.82390512441743
1209,123.51835156643419,43.90012963839316,18.953622172647922,18.573431224425864,16.758638800734683,17.0853105895786,17.248128367394546,17.690213659587005,2.1949833719132386,2000,2024,HFI_Mu_2022,16.758638800734683,17.0853105895786,17.248128367394546,17.690213659587005,18.763526698536893
1210,124.41666685055372,43.90012963839316,21.777677175845533,20.16904823114865,19.480368650359594,19.53264541621405,20.135327855738332,20.353960030465203,2.2973085254859384,2000,2024,HFI_Mu_2022,19.480368650359594,19.53264541621405,20.135327855738332,20.353960030465203,20.97336270349709
1211,125.31498213467323,43.90012963839316,31.25047948531068,30.86780340987241,25.19934543872582,26.121275535954673,28.361692134876886,29.317439049037535,6.05113404658486,2000,2024,HFI_Mu_2022,25.19934543872582,26.121275535954673,28.361692134876886,29.317439049037535,31.059141447591543
1212,126.21329741879276,43.90012963839316,23.759584263794952,22.57052987239059,20.05675406606845,20.304665198434652,21.39629988905824,22.015183759278354,3.7028301977265023,2000,2024,HFI_Mu_2022,20.05675406606845,20.304665198434652,21.39629988905824,22.015183759278354,23.16505706809277
1213,127.11161270291227,43.90012963839316,15.435303697544263,14.98003479009267,14.367857220855246,14.581833838167169,14.408413782829374,14.846413729371639,1.0674464766890175,2000,2024,HFI_Mu_2022,14.367857220855246,14.581833838167169,14.408413782829374,14.846413729371639,15.207669243818467
1214,128.0099279870318,43.90012963839316,6.524314705376497,6.596968397903038,6.814342674003628,6.725716438630478,6.417642312200112,6.34627644450914,-0.29002796862713076,2000,2024,HFI_Mu_2022,6.814342674003628,6.725716438630478,6.417642312200112,6.34627644450914,6.560641551639767
1215,128.90824327115132,43.90012963839316,8.713535277255303,8.866107240168043,8.862184226005077,8.864227662466734,8.577204865244598,8.691227385402296,-0.14864894874977352,2000,2024,HFI_Mu_2022,8.862184226005077,8.864227662466734,8.577204865244598,8.691227385402296,8.789821258711672
1216,129.80655855527084,43.90012963839316,5.53853134475983,5.595718067538139,5.924900147046453,5.880261719212383,5.568049308305621,5.390423898064723,-0.38636880228662296,2000,2024,HFI_Mu_2022,5.924900147046453,5.880261719212383,5.568049308305621,5.390423898064723,5.567124706148984
1234,81.29753321281669,43.24933166475007,9.82637302853111,9.70776400687103,9.276166563598734,9.303750649565144,9.05297213631465,9.360401061961525,0.5502064649323763,2000,2024,HFI_Mu_2022,9.276166563598734,9.303750649565144,9.05297213631465,9.360401061961525,9.76706851770107
1235,82.19584849693621,43.24933166475007,10.083182222720044,10.157924008369445,9.521767832706791,9.653219645728528,9.374238582172305,9.564463226425815,0.5614143900132529,2000,2024,HFI_Mu_2022,9.521767832706791,9.653219645728528,9.374238582172305,9.564463226425815,10.120553115544745
1236,83.09416378105573,43.24933166475007,8.025883847708284,8.064215301802365,7.643593536396586,7.694557643075862,7.4985490061051525,7.690819906886304,0.38229031131169844,2000,2024,HFI_Mu_2022,7.643593536396586,7.694557643075862,7.4985490061051525,7.690819906886304,8.045049574755325
1237,83.99247906517525,43.24933166475007,6.197176958891021,6.089698565830552,5.80742177549765,5.865121199308773,5.757963287409245,5.95744462474223,0.3897551833933708,2000,2024,HFI_Mu_2022,5.80742177549765,5.865121199308773,5.757963287409245,5.95744462474223,6.1434377623607865
1238,84.89079434929477,43.24933166475007,4.336930228528521,4.278670502778614,4.094535975754289,4.066285362602641,4.0969181848128775,4.159151709887251,0.24239425277423177,2000,2024,HFI_Mu_2022,4.094535975754289,4.066285362602641,4.0969181848128775,4.159151709887251,4.307800365653568
1239,85.7891096334143,43.24933166475007,4.163980963425749,4.096988114145945,3.8230201211646846,3.7376926724606543,3.79988262087589,3.9772201822492295,0.3409608422610648,2000,2024,HFI_Mu_2022,3.8230201211646846,3.7376926724606543,3.79988262087589,3.9772201822492295,4.130484538785847
1240,86.68742491753382,43.24933166475007,5.657497328082817,5.6681854968086185,5.305746692867233,5.339779666322672,5.325786382356683,5.451755275941802,0.35175063521558414,2000,2024,HFI_Mu_2022,5.305746692867233,5.339779666322672,5.325786382356683,5.451755275941802,5.662841412445718
1241,87.58574020165334,43.24933166475007,7.441769698445364,7.316981126862884,5.948057844257516,6.047594616453891,6.008052632674712,6.618035634552888,1.4937118541878478,2000,2024,HFI_Mu_2022,5.948057844257516,6.047594616453891,6.008052632674712,6.618035634552888,7.379375412654124
1242,88.48405548577286,43.24933166475007,6.110390805486088,5.957310412328195,5.09648620704459,5.30546233518669,5.237350529993189,5.537640101233656,1.0139045984414983,2000,2024,HFI_Mu_2022,5.09648620704459,5.30546233518669,5.237350529993189,5.537640101233656,6.033850608907142
1243,89.38237076989238,43.24933166475007,6.354675246492586,6.126522640842756,5.399126757291268,5.647861555529546,5.253775665744806,5.750735984073056,0.955548489201318,2000,2024,HFI_Mu_2022,5.399126757291268,5.647861555529546,5.253775665744806,5.750735984073056,6.2405989436676705
1244,90.2806860540119,43.24933166475007,5.773402208933005,5.424726652680271,5.660572197897842,5.332789682544713,4.899363952607516,5.176829612688442,0.11283001103516277,2000,2024,HFI_Mu_2022,5.660572197897842,5.332789682544713,4.899363952607516,5.176829612688442,5.599064430806639
1246,92.07731662225093,43.24933166475007,3.7788549399644915,3.762326014344657,3.5703798273181437,3.374292149835771,3.310173052662915,3.6741230898847306,0.20847511264634777,2000,2024,HFI_Mu_2022,3.5703798273181437,3.374292149835771,3.310173052662915,3.6741230898847306,3.770590477154574
1247,92.97563190637047,43.24933166475007,6.151387605709009,6.049151183580506,5.352206252393497,5.52013748530225,5.402649353425813,5.667565347864493,0.7991813533155119,2000,2024,HFI_Mu_2022,5.352206252393497,5.52013748530225,5.402649353425813,5.667565347864493,6.100269394644757
1248,93.87394719048999,43.24933166475007,6.604531017457008,6.469081082761501,6.016354184759395,6.024398216868889,5.961031718225423,6.219760331761763,0.5881768326976129,2000,2024,HFI_Mu_2022,6.016354184759395,6.024398216868889,5.961031718225423,6.219760331761763,6.536806050109254
1249,94.7722624746095,43.24933166475007,3.0673283061026715,3.047031369436631,2.823606640662362,2.8195378126927384,2.7615451095638446,2.943406239313374,0.24372166544030938,2000,2024,HFI_Mu_2022,2.823606640662362,2.8195378126927384,2.7615451095638446,2.943406239313374,3.0571798377696515
1268,111.85198069558065,43.23987055820486,5.674400910223093,5.682166393209119,5.661580405254267,5.658129093485465,5.633442664766654,5.640603077258908,0.012820504968825475,2000,2024,HFI_Mu_2022,5.661580405254267,5.658129093485465,5.633442664766654,5.640603077258908,5.6782836517161055
1269,112.73856815699993,43.24933166475007,5.243352719741249,5.244855067651597,5.115183085130414,5.156946280909256,5.158006002477637,5.207371087913782,0.12816963461083475,2000,2024,HFI_Mu_2022,5.115183085130414,5.156946280909256,5.158006002477637,5.207371087913782,5.244103893696423
1270,113.63688344111945,43.24933166475007,5.634478189734588,5.6388014981845265,5.519490978715563,5.5465544313640525,5.51366495691744,5.604357395696461,0.11498721101902465,2000,2024,HFI_Mu_2022,5.519490978715563,5.5465544313640525,5.51366495691744,5.604357395696461,5.636639843959557
1271,114.53519872523898,43.24933166475007,6.840379673421831,6.8206428312269365,6.726388235334167,6.722779702019871,6.728013905546719,6.796756722066635,0.11399143808766343,2000,2024,HFI_Mu_2022,6.726388235334167,6.722779702019871,6.728013905546719,6.796756722066635,6.830511252324383
1272,115.43351400935852,43.24933166475007,7.212263953070126,7.176958789288158,7.263758041265425,7.072400826467595,6.946828916173586,7.121817034466166,-0.05149408819529899,2000,2024,HFI_Mu_2022,7.263758041265425,7.072400826467595,6.946828916173586,7.121817034466166,7.194611371179143
1273,116.33182929347802,43.24933166475007,7.812893792858073,7.831307922615587,7.477291207257987,7.57609923895657,7.575250714222142,7.704934927898437,0.3356025856000864,2000,2024,HFI_Mu_2022,7.477291207257987,7.57609923895657,7.575250714222142,7.704934927898437,7.82210085773683
1274,117.23014457759756,43.24933166475007,8.8562784768154,8.878817919185519,8.621591895124592,8.478916688085409,8.436007923599833,8.598523736179189,0.23468658169080747,2000,2024,HFI_Mu_2022,8.621591895124592,8.478916688085409,8.436007923599833,8.598523736179189,8.86754819800046
1275,118.12845986171706,43.24933166475007,10.880462071594831,11.031806310847147,10.673661878423195,10.6402912952999,10.250840345256465,10.505672440109317,0.20680019317163634,2000,2024,HFI_Mu_2022,10.673661878423195,10.6402912952999,10.250840345256465,10.505672440109317,10.95613419122099
1276,119.0267751458366,43.24933166475007,11.582947780000213,11.78943721950334,11.175739668008868,11.196337367402556,10.804049005553196,10.897786820998213,0.4072081119913449,2000,2024,HFI_Mu_2022,11.175739668008868,11.196337367402556,10.804049005553196,10.897786820998213,11.686192499751776
1277,119.9250904299561,43.24933166475007,9.440427735120231,9.504513434193408,9.38646906319697,9.381713969213267,9.140885705182571,9.261764795120174,0.05395867192326165,2000,2024,HFI_Mu_2022,9.38646906319697,9.381713969213267,9.140885705182571,9.261764795120174,9.472470584656818
1279,121.72172099819515,43.24933166475007,12.000304684289416,11.99598137440538,11.346053531474636,11.38176796705203,11.14868195500589,11.314588823936935,0.6542511528147799,2000,2024,HFI_Mu_2022,11.346053531474636,11.38176796705203,11.14868195500589,11.314588823936935,11.998143029347398
1280,122.62003628231469,43.24933166475007,12.214219781694231,12.184212587310327,11.417584406883728,11.555097822855343,11.388963388334739,11.564353322471987,0.7966353748105028,2000,2024,HFI_Mu_2022,11.417584406883728,11.555097822855343,11.388963388334739,11.564353322471987,12.19921618450228
1281,123.51835156643413,43.24933166475005,18.324807323986406,17.38152763571173,16.808624708502673,16.9196282584724,16.73522622910433,17.070973467902874,1.5161826154837321,2000,2024,HFI_Mu_2022,16.808624708502673,16.9196282584724,16.73522622910433,17.070973467902874,17.85316747984907
1282,124.41666685055367,43.249331664750066,25.269341965516407,23.963612805774464,22.4294547588418,22.51037713064566,23.100925301186926,23.819106395707443,2.8398872066746073,2000,2024,HFI_Mu_2022,22.4294547588418,22.51037713064566,23.100925301186926,23.819106395707443,24.616477385645435
1283,125.31498213467323,43.24933166475007,24.555553395684065,23.082927097527744,21.504208783461756,21.62439273755099,22.370729665786694,22.91050650727993,3.0513446122223087,2000,2024,HFI_Mu_2022,21.504208783461756,21.62439273755099,22.370729665786694,22.91050650727993,23.819240246605904
1284,126.21329741879276,43.24933166475007,18.46208003549436,17.78483217361499,16.65901083794922,17.01208320883401,17.120210338077552,17.457125653013716,1.8030691975451383,2000,2024,HFI_Mu_2022,16.65901083794922,17.01208320883401,17.120210338077552,17.457125653013716,18.123456104554677
1286,128.0099279870318,43.24933166475007,9.192626342236379,9.27575546381723,8.66229017897106,8.694783594471232,8.689349499476844,8.960540180471458,0.5303361632653179,2000,2024,HFI_Mu_2022,8.66229017897106,8.694783594471232,8.689349499476844,8.960540180471458,9.234190903026803
1287,128.90824327115132,43.24933166475007,7.393863435887785,7.471715347228891,7.36600729551267,7.3057613556941705,7.086018973362965,7.105416446185864,0.02785614037511497,2000,2024,HFI_Mu_2022,7.36600729551267,7.3057613556941705,7.086018973362965,7.105416446185864,7.432789391558337
1288,129.80282953456566,43.25764311816396,9.673296060591614,9.903752038430946,9.693643060554585,9.736451000268852,9.481384767245334,9.674295135590908,-0.02034699996297107,2000,2024,HFI_Mu_2022,9.693643060554585,9.736451000268852,9.481384767245334,9.674295135590908,9.788524049511281
1289,130.6892633290516,43.258387339853094,4.652780858299408,4.738500709541123,4.774202307616901,4.694950171597353,4.408735646476714,4.5827082998973685,-0.12142144931749232,2000,2024,HFI_Mu_2022,4.774202307616901,4.694950171597353,4.408735646476714,4.5827082998973685,4.695640783920266
1305,80.5331751534424,42.57090486771486,6.588855899085709,6.591576246252548,6.379816224465853,6.440525018928975,6.212614195781803,6.443956359241648,0.20903967461985573,2000,2024,HFI_Mu_2022,6.379816224465853,6.440525018928975,6.212614195781803,6.443956359241648,6.590216072669128
1306,81.29753321281669,42.59150500572618,4.839733993192923,4.86513900073226,4.657601237340949,4.665995658387668,4.527743177600918,4.741871752645903,0.18213275585197408,2000,2024,HFI_Mu_2022,4.657601237340949,4.665995658387668,4.527743177600918,4.741871752645903,4.852436496962591
1307,82.19584849693621,42.59150500572618,4.2678846920739435,4.26733230761436,4.16877219489191,4.143923743398693,4.136149390920094,4.170768435220651,0.09911249718203319,2000,2024,HFI_Mu_2022,4.16877219489191,4.143923743398693,4.136149390920094,4.170768435220651,4.267608499844152
1308,83.09416378105573,42.59150500572618,3.4785132401279713,3.4809055844500776,3.3578002289901456,3.2299148369413233,3.1767382973665903,3.290249092276779,0.12071301113782562,2000,2024,HFI_Mu_2022,3.3578002289901456,3.2299148369413233,3.1767382973665903,3.290249092276779,3.4797094122890244
1309,83.99247906517525,42.59150500572618,4.110625051210187,4.1128337756718105,4.0040098680123295,3.8889467033939686,3.916696241508416,3.9904534974612518,0.10661518319785745,2000,2024,HFI_Mu_2022,4.0040098680123295,3.8889467033939686,3.916696241508416,3.9904534974612518,4.111729413440999
1312,86.68742491753382,42.59150500572618,7.034785827341032,6.813545258811401,5.831777609949192,5.913145180320555,5.940727223261447,6.321691109756508,1.2030082173918402,2000,2024,HFI_Mu_2022,5.831777609949192,5.913145180320555,5.940727223261447,6.321691109756508,6.924165543076217
1313,87.58574020165334,42.59150500572618,3.9410456041470683,3.871552514919436,3.389884988854506,3.4082633391936836,3.389547725723035,3.6668339648658264,0.5511606152925621,2000,2024,HFI_Mu_2022,3.389884988854506,3.4082633391936836,3.389547725723035,3.6668339648658264,3.906299059533252
1314,88.48405548577286,42.59150500572618,5.617157199932314,5.473013056555282,4.84836435079071,4.791362643515637,4.712149238333201,5.057410157083878,0.7687928491416036,2000,2024,HFI_Mu_2022,4.84836435079071,4.791362643515637,4.712149238333201,5.057410157083878,5.545085128243798
1315,89.38237076989238,42.59150500572618,5.836276228145209,5.772591341520371,5.106566469188311,5.090562289693154,5.0062879040098816,5.3809134966163965,0.7297097589568979,2000,2024,HFI_Mu_2022,5.106566469188311,5.090562289693154,5.0062879040098816,5.3809134966163965,5.80443378483279
1316,90.2806860540119,42.59150500572618,2.976136377762925,2.97650449543469,2.6504408765342355,2.6560755489679826,2.63880360089443,2.7836355452741874,0.3256955012286893,2000,2024,HFI_Mu_2022,2.6504408765342355,2.6560755489679826,2.63880360089443,2.7836355452741874,2.976320436598807
1319,92.97563190637047,42.59150500572618,3.0321062168653734,2.814299007248645,2.1597451372339798,2.2582849807368857,2.28405147326828,2.536746473712965,0.8723610796313936,2000,2024,HFI_Mu_2022,2.1597451372339798,2.2582849807368857,2.28405147326828,2.536746473712965,2.9232026120570094
1320,93.87394719048999,42.59150500572618,8.00200382224104,7.489112476452938,5.872597704243264,6.139589951627821,6.286687628708052,6.741745708419034,2.1294061179977755,2000,2024,HFI_Mu_2022,5.872597704243264,6.139589951627821,6.286687628708052,6.741745708419034,7.745558149346989
1321,94.7722624746095,42.59150500572618,2.231120221442656,2.244370129478766,2.0967818194648347,2.137720365009773,2.0964116414167475,2.1849279775766943,0.13433840197782132,2000,2024,HFI_Mu_2022,2.0967818194648347,2.137720365009773,2.0964116414167475,2.1849279775766943,2.237745175460711
1322,95.67057775872902,42.59150500572618,1.2447787592427377,1.2473532351365575,1.2233639775339769,1.2252095537139007,1.218612723768334,1.2302423026752252,0.021414781708760877,2000,2024,HFI_Mu_2022,1.2233639775339769,1.2252095537139007,1.218612723768334,1.2302423026752252,1.2460659971896475
1328,101.02375502830922,42.437641356510476,2.782117448649192,2.745785268718396,2.6581538783431466,2.6127703145919785,2.631537909769682,2.7426966503520327,0.12396357030604532,2000,2024,HFI_Mu_2022,2.6581538783431466,2.6127703145919785,2.631537909769682,2.7426966503520327,2.7639513586837943
1339,110.9422339890988,42.59128760984968,5.058309975712284,5.060520734915245,5.110949229276083,5.036924136073693,5.022964489749889,5.069982000227878,-0.05263925356379939,2000,2024,HFI_Mu_2022,5.110949229276083,5.036924136073693,5.022964489749889,5.069982000227878,5.059415355313764
1340,111.84025287288041,42.59150500572618,6.025843484448219,6.026579725935427,6.027003600049716,6.038105715841697,6.039304307804743,6.020400934569989,-0.0011601156014968694,2000,2024,HFI_Mu_2022,6.027003600049716,6.038105715841697,6.039304307804743,6.020400934569989,6.026211605191824
1341,112.73856815699993,42.59150500572618,8.571454493020545,8.55728966699443,8.215462538010062,8.287409722278714,8.292153073199275,8.519442070267322,0.35599195501048264,2000,2024,HFI_Mu_2022,8.215462538010062,8.287409722278714,8.292153073199275,8.519442070267322,8.564372080007487
1344,115.43351400935852,42.59150500572618,8.862862332100239,8.862494210742268,8.845189405808501,8.683698304204592,8.614387526425256,8.80612333900863,0.017672926291737667,2000,2024,HFI_Mu_2022,8.845189405808501,8.683698304204592,8.614387526425256,8.80612333900863,8.862678271421252
1345,116.33182929347802,42.59150500572618,8.823868406163424,8.86012830019831,8.538247995343236,8.428266043779756,8.425375267130969,8.672254973872686,0.2856204108201883,2000,2024,HFI_Mu_2022,8.538247995343236,8.428266043779756,8.425375267130969,8.672254973872686,8.841998353180866
1346,117.23014457759753,42.59150500572617,10.256044393999256,10.250895441214185,10.280208915417226,10.069446540966153,9.914737635169146,10.119327155488868,-0.024164521417970874,2000,2024,HFI_Mu_2022,10.280208915417226,10.069446540966153,9.914737635169146,10.119327155488868,10.25346991760672
1348,119.02677514583662,42.59150500572619,16.537897635699636,16.80576168486069,15.107094126235575,15.353176060431926,15.318331086376725,15.372981810508337,1.4308035094640612,2000,2024,HFI_Mu_2022,15.107094126235575,15.353176060431926,15.318331086376725,15.372981810508337,16.671829660280164
1349,119.92509042995613,42.591505005726184,14.21059435974963,14.428538353327188,13.565152911728765,13.693445964999821,13.412573113675142,13.618312637025852,0.6454414480208648,2000,2024,HFI_Mu_2022,13.565152911728765,13.693445964999821,13.412573113675142,13.618312637025852,14.31956635653841
1351,121.72172099819512,42.59150500572617,17.067106452980862,16.620944113532154,16.1713879124227,16.246336227750856,16.154776620575237,16.336390276453717,0.895718540558164,2000,2024,HFI_Mu_2022,16.1713879124227,16.246336227750856,16.154776620575237,16.336390276453717,16.844025283256506
1352,122.62003628231479,42.59150500572619,21.153593605526243,20.28305953049528,19.390454871439363,19.6099761116351,19.48809673189019,19.92040620838081,1.7631387340868798,2000,2024,HFI_Mu_2022,19.390454871439363,19.6099761116351,19.48809673189019,19.92040620838081,20.71832656801076
1353,123.51835156643413,42.59150500572614,27.41652436863101,25.327410741968283,22.9897225284594,23.423016378001996,23.991678362633724,24.881237242898326,4.42680184017161,2000,2024,HFI_Mu_2022,22.9897225284594,23.423016378001996,23.991678362633724,24.881237242898326,26.371967555299648
1354,124.41666685055367,42.59150500572617,19.668159927565426,19.048280280611294,18.633668907784696,18.777224301589865,18.71852074250343,18.936180469829193,1.0344910197807309,2000,2024,HFI_Mu_2022,18.633668907784696,18.777224301589865,18.71852074250343,18.936180469829193,19.35822010408836
1355,125.3149821346733,42.59150500572618,21.902347115405426,20.907121349703395,19.739502306733097,19.98329160150648,20.239423256937872,20.8118715814756,2.162844808672329,2000,2024,HFI_Mu_2022,19.739502306733097,19.98329160150648,20.239423256937872,20.8118715814756,21.40473423255441
1357,127.11161270291227,42.59150500572618,9.462435238731432,9.438717826896337,9.190508537058935,9.232228544470225,9.084631100233869,9.21335768721047,0.27192670167249666,2000,2024,HFI_Mu_2022,9.190508537058935,9.232228544470225,9.084631100233869,9.21335768721047,9.450576532813884
1358,128.0099279870318,42.59150500572618,6.480739531515054,6.48626682112916,6.374395826141325,6.4082926404689005,6.270043820554153,6.392055797797418,0.10634370537372906,2000,2024,HFI_Mu_2022,6.374395826141325,6.4082926404689005,6.270043820554153,6.392055797797418,6.483503176322107
1359,128.8937674453087,42.60165678720912,6.912620265967351,7.10487723434742,7.037509441028949,6.968255924516863,6.76240611882931,6.848603449106188,-0.12488917506159858,2000,2024,HFI_Mu_2022,7.037509441028949,6.968255924516863,6.76240611882931,6.848603449106188,7.008748750157386
1360,129.58599097017577,42.68677562277046,15.83901658261617,16.158416198857626,14.664752153905233,14.800092945575715,14.517532447592417,15.206581842199961,1.174264428710936,2000,2024,HFI_Mu_2022,14.664752153905233,14.800092945575715,14.517532447592417,15.206581842199961,15.998716390736899
1361,130.48234378358893,42.77421233740516,17.819255406022535,18.530063587508,15.723423689834831,16.076274467935395,16.274515283200166,17.137695586150006,2.0958317161877034,2000,2024,HFI_Mu_2022,15.723423689834831,16.076274467935395,16.274515283200166,17.137695586150006,18.174659496765265
1377,80.4252834827464,41.90783570222138,2.2228926764607437,3.2333216359285943,2.134319365224007,2.09612465389181,2.0481430009141413,2.153813958789699,0.08857331123673662,2000,2024,HFI_Mu_2022,2.134319365224007,2.09612465389181,2.0481430009141413,2.153813958789699,2.7281071561946693
1379,82.19584849693621,41.92666139845996,7.7714863787797714,7.225499916090828,5.816568338559301,5.908502080531416,5.79008065617745,6.299828096611187,1.9549180402204707,2000,2024,HFI_Mu_2022,5.816568338559301,5.908502080531416,5.79008065617745,6.299828096611187,7.498493147435299
1380,83.09416378105573,41.92666139845996,8.851532725454772,8.208767039514294,6.564941641673083,6.8996891691416735,6.632090842004819,7.149943459117371,2.2865910837816896,2000,2024,HFI_Mu_2022,6.564941641673083,6.8996891691416735,6.632090842004819,7.149943459117371,8.530149882484533
1381,83.99247906517525,41.92666139845996,6.3460168167430515,5.356806866107868,4.350909848613642,4.5863738740387205,4.510575156969513,4.916439412002243,1.9951069681294094,2000,2024,HFI_Mu_2022,4.350909848613642,4.5863738740387205,4.510575156969513,4.916439412002243,5.85141184142546
1382,84.89079434929477,41.92666139845996,3.5613577509628263,3.2841589952500434,3.0113207794648242,3.038181527013163,2.9267394342377147,3.10083293170418,0.550036971498002,2000,2024,HFI_Mu_2022,3.0113207794648242,3.038181527013163,2.9267394342377147,3.10083293170418,3.4227583731064346
1383,85.7891096334143,41.92666139845996,10.952589891477167,10.456796187536401,8.040650249701637,8.196508295585641,8.297021936679311,8.942240889346571,2.9119396417755308,2000,2024,HFI_Mu_2022,8.040650249701637,8.196508295585641,8.297021936679311,8.942240889346571,10.704693039506784
1384,86.68742491753382,41.92666139845996,10.777011680862415,10.2917310030854,7.994230165638943,8.342587535468288,8.454061003424695,8.986968641744102,2.782781515223472,2000,2024,HFI_Mu_2022,7.994230165638943,8.342587535468288,8.454061003424695,8.986968641744102,10.534371341973909
1385,87.58574020165334,41.92666139845996,3.12884596126039,2.9302721820593884,2.5255501707256327,2.7192470103223267,2.7421464157034587,2.8678308904724243,0.6032957905347573,2000,2024,HFI_Mu_2022,2.5255501707256327,2.7192470103223267,2.7421464157034587,2.8678308904724243,3.0295590716598895
1386,88.48405548577286,41.92666139845996,2.0481412092059945,2.0079144770243764,1.9449410566106142,1.9492994860961725,1.9340285220343336,1.9954446244717168,0.10320015259538029,2000,2024,HFI_Mu_2022,1.9449410566106142,1.9492994860961725,1.9340285220343336,1.9954446244717168,2.0280278431151855
1393,94.77226247460953,41.92666139845996,2.1849315066833146,2.1410638409013076,1.9959378258608118,2.051300984372875,1.9833240293201488,2.1091921822200312,0.18899368082250279,2000,2024,HFI_Mu_2022,1.9959378258608118,2.051300984372875,1.9833240293201488,2.1091921822200312,2.162997673792311
1400,101.06046946344617,41.92666139845996,3.642872148341402,3.5719268194739167,3.192352267498904,3.1784125097437994,3.1793487561012803,3.434798553463056,0.45051988084249794,2000,2024,HFI_Mu_2022,3.192352267498904,3.1784125097437994,3.1793487561012803,3.434798553463056,3.6073994839076593
1410,110.04362230464137,41.92666139845996,8.642406716304867,8.355542465351983,7.725152244290458,7.916100736899643,7.9471233781772,8.119248391419072,0.9172544720144096,2000,2024,HFI_Mu_2022,7.725152244290458,7.916100736899643,7.9471233781772,8.119248391419072,8.498974590828425
1412,111.84025287288041,41.92666139845996,9.329728644545618,9.332288995941102,9.284307236512735,9.106261506643971,8.916254790032442,9.155030897196488,0.04542140803288319,2000,2024,HFI_Mu_2022,9.284307236512735,9.106261506643971,8.916254790032442,9.155030897196488,9.33100882024336
1413,112.73856815699993,41.92666139845996,8.044142733896921,7.976842075564518,7.982405274692206,7.86531927087225,7.668636198255731,7.89619034938596,0.06173745920471507,2000,2024,HFI_Mu_2022,7.982405274692206,7.86531927087225,7.668636198255731,7.89619034938596,8.01049240473072
1414,113.63688344111945,41.92666139845996,9.259895754549268,9.23722250480324,9.224053423808815,9.060762570488059,8.904934316344967,9.112842933594102,0.03584233074045251,2000,2024,HFI_Mu_2022,9.224053423808815,9.060762570488059,8.904934316344967,9.112842933594102,9.248559129676254
1415,114.53519872523898,41.92666139845997,11.298034648180444,11.237339950000129,10.872238539995616,10.857675427666965,10.660929797467192,10.82374918548019,0.42579610818482827,2000,2024,HFI_Mu_2022,10.872238539995616,10.857675427666965,10.660929797467192,10.82374918548019,11.267687299090287
1416,115.43351400935853,41.92666139845998,11.613088453547997,10.95866593936382,10.234204231690594,10.01688241074134,10.033491700364833,10.558229897280185,1.378884221857403,2000,2024,HFI_Mu_2022,10.234204231690594,10.01688241074134,10.033491700364833,10.558229897280185,11.285877196455909
1417,116.331829293478,41.92666139845996,11.498742535999096,11.168212371116583,10.515736282721734,10.442732651272902,10.548319456956504,10.816593509487522,0.9830062532773614,2000,2024,HFI_Mu_2022,10.515736282721734,10.442732651272902,10.548319456956504,10.816593509487522,11.33347745355784
1418,117.2301445775976,41.92666139845996,10.84886099370309,10.888406948264551,10.773677790527247,10.674388914700176,10.397769210016452,10.612365489868575,0.07518320317584326,2000,2024,HFI_Mu_2022,10.773677790527247,10.674388914700176,10.397769210016452,10.612365489868575,10.86863397098382
1419,118.12845986171706,41.92666139845996,12.65186752401832,12.834134140891932,12.451344284814208,12.441952581595746,12.073641359544446,12.266348247773994,0.2005232392041112,2000,2024,HFI_Mu_2022,12.451344284814208,12.441952581595746,12.073641359544446,12.266348247773994,12.743000832455126
1420,119.02677514583667,41.92666139845996,19.327873584207342,19.00360501475289,16.45631796204442,16.62838690186733,16.816111478913676,17.24278604007587,2.871555622162923,2000,2024,HFI_Mu_2022,16.45631796204442,16.62838690186733,16.816111478913676,17.24278604007587,19.165739299480116
1421,119.925090429956,41.926661398459956,16.402920904518307,16.15385165416559,15.424845913973405,15.464987553237041,15.480744626941778,15.691906375811865,0.9780749905449024,2000,2024,HFI_Mu_2022,15.424845913973405,15.464987553237041,15.480744626941778,15.691906375811865,16.278386279341948
1422,120.82340571407559,41.92666139845994,17.89511156160753,17.647698254201003,16.56748492971008,16.775375340709758,16.692902690325027,16.969609337761288,1.3276266318974486,2000,2024,HFI_Mu_2022,16.56748492971008,16.775375340709758,16.692902690325027,16.969609337761288,17.771404907904266
1423,121.72172099819515,41.92666139845996,24.566982738801723,23.01223913917158,21.788013474684092,22.029862729679294,22.034169968521354,22.663540411997975,2.778969264117631,2000,2024,HFI_Mu_2022,21.788013474684092,22.029862729679294,22.034169968521354,22.663540411997975,23.78961093898665
1424,122.62003628231469,41.92666139845996,24.301774426804204,22.136264900090318,21.09150917964341,21.177236778071613,21.07947394938563,21.83952811632875,3.2102652471607946,2000,2024,HFI_Mu_2022,21.09150917964341,21.177236778071613,21.07947394938563,21.83952811632875,23.219019663447263
1425,123.51835156643419,41.92666139845996,31.78197155595262,31.066910013283966,26.431167846756775,27.41988123274233,28.774882258074772,30.194996981352197,5.350803709195844,2000,2024,HFI_Mu_2022,26.431167846756775,27.41988123274233,28.774882258074772,30.194996981352197,31.42444078461829
1426,124.41666685055372,41.92666139845996,14.1472175548098,13.68729696319142,13.150121296361064,13.4196142219586,13.234320571706377,13.362939802094992,0.9970962584487353,2000,2024,HFI_Mu_2022,13.150121296361064,13.4196142219586,13.234320571706377,13.362939802094992,13.91725725900061
1427,125.31498213467323,41.92666139845996,12.6815608672269,12.644435773518458,12.477977683095926,12.539946113612936,12.283124513319137,12.259129475352532,0.20358318413097365,2000,2024,HFI_Mu_2022,12.477977683095926,12.539946113612936,12.283124513319137,12.259129475352532,12.66299832037268
1428,126.21241742183055,41.92729743213694,13.258355914405842,12.975202358291822,12.480112772981363,12.796737635431436,12.740020029766615,12.653245857419646,0.778243141424479,2000,2024,HFI_Mu_2022,12.480112772981363,12.796737635431436,12.740020029766615,12.653245857419646,13.116779136348832
1429,127.1314378326078,41.95053035244625,9.248122201906433,9.200502252326485,9.383981881376386,9.33796198684156,9.10147202438302,9.09461426544848,-0.13585967946995225,2000,2024,HFI_Mu_2022,9.383981881376386,9.33796198684156,9.10147202438302,9.09461426544848,9.22431222711646
1430,127.92669354099488,41.961172216350825,4.167773776020665,4.154830344471355,4.340066348696315,4.2520737948105065,4.069497903335701,4.173631812702089,-0.17229257267564968,2000,2024,HFI_Mu_2022,4.340066348696315,4.2520737948105065,4.069497903335701,4.173631812702089,4.16130206024601
1448,79.50090264457765,41.25481646431225,7.199371279202151,6.968071543357963,6.38306769997089,6.440545168485259,6.244541022788065,6.557930954384834,0.8163035792312616,2000,2024,HFI_Mu_2022,6.38306769997089,6.440545168485259,6.244541022788065,6.557930954384834,7.083721411280058
1449,80.39921792869717,41.25481646431225,12.50875365463218,11.17046894732563,8.331858301731888,8.489814281706046,8.667525538788972,9.565025259908799,4.176895352900292,2000,2024,HFI_Mu_2022,8.331858301731888,8.489814281706046,8.667525538788972,9.565025259908799,11.839611300978905
1450,81.29753321281669,41.25481646431225,2.4922933270426832,2.3030802420367653,2.2769813045027654,2.5635107889914743,2.119830462157193,2.180026909324096,0.21531202253991788,2000,2024,HFI_Mu_2022,2.2769813045027654,2.5635107889914743,2.119830462157193,2.180026909324096,2.397686784539724
1452,83.09416378105573,41.25481646431225,13.17671043959715,12.799034871085858,9.342877622433475,9.502382196347607,9.985566111258779,11.782011436905751,3.8338328171636746,2000,2024,HFI_Mu_2022,9.342877622433475,9.502382196347607,9.985566111258779,11.782011436905751,12.987872655341505
1453,83.99247906517525,41.25481646431225,7.532721879037474,6.359247079415199,5.5262187002086725,6.087314069250008,6.233653592589047,5.741833306418173,2.006503178828802,2000,2024,HFI_Mu_2022,5.5262187002086725,6.087314069250008,6.233653592589047,5.741833306418173,6.945984479226336
1454,84.89079434929477,41.25481646431225,2.4553890445627786,2.484395057287732,2.4784507556795328,2.4696834612251535,2.4095386571361344,2.469238694312708,-0.023061711116754147,2000,2024,HFI_Mu_2022,2.4784507556795328,2.4696834612251535,2.4095386571361344,2.469238694312708,2.4698920509252553
1455,85.7891096334143,41.25481646431225,5.76695764907927,5.66089436490577,4.815292966927529,4.815233016471503,4.954358189320421,5.356383391236589,0.9516646821517414,2000,2024,HFI_Mu_2022,4.815292966927529,4.815233016471503,4.954358189320421,5.356383391236589,5.71392600699252
1456,86.68742491753382,41.25481646431225,4.007718057124311,3.7265786362318245,3.2214908049502835,3.250780686803797,3.24890934214947,3.433599778983553,0.7862272521740277,2000,2024,HFI_Mu_2022,3.2214908049502835,3.250780686803797,3.24890934214947,3.433599778983553,3.867148346678068
1462,92.07731662225093,41.25481646431225,0.24853352959349168,0.24853352959349168,0.24835666365787087,0.24835666365787087,0.24835666365787087,0.24853352959349168,1.7686593562080133e-4,2000,2024,HFI_Mu_2022,0.24835666365787087,0.24835666365787087,0.24835666365787087,0.24853352959349168,0.24853352959349168
1465,94.7722624746095,41.25481646431225,1.1849821223183656,1.1805589092726987,1.1586921801070929,1.17205879801213,1.071807816497598,1.2063834206915447,0.026289942211272788,2000,2024,HFI_Mu_2022,1.1586921801070929,1.17205879801213,1.071807816497598,1.2063834206915447,1.1827705157955322
1466,95.67057775872902,41.25481646431225,2.6956191470693014,2.6319474096027498,2.4694256973816895,2.4434106020246333,2.397050735506756,2.5919114114050523,0.2261934496876119,2000,2024,HFI_Mu_2022,2.4694256973816895,2.4434106020246333,2.397050735506756,2.5919114114050523,2.663783278336026
1468,97.46720832696808,41.25481646431225,0.6213109504919494,0.6213109504919494,0.625427120801315,0.6165200135410437,0.6155343417448759,0.6206896728879123,-0.004116170309365619,2000,2024,HFI_Mu_2022,0.625427120801315,0.6165200135410437,0.6155343417448759,0.6206896728879123,0.6213109504919494
1471,100.16215417932663,41.25481646431225,3.0193870956040714,2.904424238251746,2.8092339623524523,2.853965435754405,2.843130413387646,2.841908125336768,0.2101531332516191,2000,2024,HFI_Mu_2022,2.8092339623524523,2.853965435754405,2.843130413387646,2.841908125336768,2.9619056669279087
1476,104.65301825389886,41.25414743364127,1.250471412336491,1.2467480080283309,1.2446878900122507,1.2352851442373631,1.2181382328785588,1.2418094215685254,0.005783522324240398,2000,2024,HFI_Mu_2022,1.2446878900122507,1.2352851442373631,1.2181382328785588,1.2418094215685254,1.248609710182411
1479,107.34867645228282,41.25481646431225,10.74128262195621,10.738806938829937,10.43375271965612,10.34025475331685,10.033019289961965,10.370502642179147,0.3075299023000895,2000,2024,HFI_Mu_2022,10.43375271965612,10.34025475331685,10.033019289961965,10.370502642179147,10.740044780393074
1480,108.24699173640234,41.25481646431225,12.812344898971734,13.027451921201019,12.19326538023602,12.258306034693524,12.083411498479288,12.586797222824575,0.6190795187357132,2000,2024,HFI_Mu_2022,12.19326538023602,12.258306034693524,12.083411498479288,12.586797222824575,12.919898410086375
1481,109.14530702052186,41.25481646431225,9.208163042132554,9.284895714514663,8.850768593952713,8.792985498694415,8.574725044625145,8.951321430725626,0.357394448179841,2000,2024,HFI_Mu_2022,8.850768593952713,8.792985498694415,8.574725044625145,8.951321430725626,9.246529378323608
1482,110.04362230464137,41.25481646431225,13.124564717288903,13.131820071083194,12.0064885320547,12.271073078607126,12.15498132512456,12.493244376441606,1.1180761852342034,2000,2024,HFI_Mu_2022,12.0064885320547,12.271073078607126,12.15498132512456,12.493244376441606,13.128192394186048
1483,110.9419375887609,41.25481646431225,13.028179578442275,13.069190716225076,12.332820331795341,12.362242153640432,12.29705420049526,12.595697926825931,0.6953592466469338,2000,2024,HFI_Mu_2022,12.332820331795341,12.362242153640432,12.29705420049526,12.595697926825931,13.048685147333675
1484,111.84025287288041,41.25481646431225,12.888786788877031,12.393022654333075,11.588063465528812,11.591710469889675,11.573428737012804,12.076458028258157,1.300723323348219,2000,2024,HFI_Mu_2022,11.588063465528812,11.591710469889675,11.573428737012804,12.076458028258157,12.640904721605054
1485,112.73856815699993,41.25481646431225,11.026634559833719,11.165853753498864,10.144565592478273,10.309553801454769,10.230439936071239,10.568574058472004,0.8820689673554458,2000,2024,HFI_Mu_2022,10.144565592478273,10.309553801454769,10.230439936071239,10.568574058472004,11.096244156666291
1486,113.63688344111951,41.25481646431225,12.109063503007617,11.7601644307749,10.66215524134839,10.688765177293487,10.461036812612187,10.956062820747123,1.4469082616592264,2000,2024,HFI_Mu_2022,10.66215524134839,10.688765177293487,10.461036812612187,10.956062820747123,11.93461396689126
1487,114.53519872523898,41.25481646431224,11.721127232562027,11.521905029981154,10.799236635131761,10.91695400232221,10.687907669281651,11.058681546219335,0.9218905974302665,2000,2024,HFI_Mu_2022,10.799236635131761,10.91695400232221,10.687907669281651,11.058681546219335,11.62151613127159
1488,115.43351400935852,41.25481646431225,11.684210593130736,11.447042450440668,10.944020671422503,10.941401225824272,10.716118228414418,11.076970227925123,0.7401899217082324,2000,2024,HFI_Mu_2022,10.944020671422503,10.941401225824272,10.716118228414418,11.076970227925123,11.565626521785703
1489,116.331829293478,41.254816464312285,11.542750929554606,11.57227504095229,10.992544944995318,10.957921110210895,10.816163238120168,11.06960965843511,0.5502059845592875,2000,2024,HFI_Mu_2022,10.992544944995318,10.957921110210895,10.816163238120168,11.06960965843511,11.557512985253448
1490,117.23014457759756,41.25481646431225,13.640328881848884,13.549430446698933,12.771680224082992,12.908470169402525,12.841291357861067,13.10464855738278,0.8686486577658918,2000,2024,HFI_Mu_2022,12.771680224082992,12.908470169402525,12.841291357861067,13.10464855738278,13.594879664273908
1491,118.12845986171706,41.25481646431225,15.509126413755041,15.286871229879976,13.748771697930325,14.064056802398218,14.088842320875994,14.48853488643143,1.7603547158247164,2000,2024,HFI_Mu_2022,13.748771697930325,14.064056802398218,14.088842320875994,14.48853488643143,15.39799882181751
1492,119.02677514583652,41.25481646431225,18.82943632920133,18.688217093519043,16.497707588307918,16.646918593486376,16.85459852742068,17.430778892958806,2.3317287408934106,2000,2024,HFI_Mu_2022,16.497707588307918,16.646918593486376,16.85459852742068,17.430778892958806,18.758826711360186
1493,119.9250904299561,41.25481646431225,19.818197739259187,19.300603895662867,17.177567025559625,17.575917706884116,17.929843282261192,18.170252995325786,2.6406307136995615,2000,2024,HFI_Mu_2022,17.177567025559625,17.575917706884116,17.929843282261192,18.170252995325786,19.559400817461025
1494,120.82216989505226,41.25588716926287,21.352304720455873,20.80956913604804,19.406827468905888,19.65774132055594,19.777166085293953,20.12120303896302,1.9454772515499847,2000,2024,HFI_Mu_2022,19.406827468905888,19.65774132055594,19.777166085293953,20.12120303896302,21.08093692825196
1495,121.71997996611455,41.2651205477055,25.211207147050317,23.558480644880472,21.00258441665035,21.263169339678207,22.068931445831133,22.72558852075331,4.208622730399966,2000,2024,HFI_Mu_2022,21.00258441665035,21.263169339678207,22.068931445831133,22.72558852075331,24.384843895965396
1496,122.62003628231469,41.25481646431225,27.20068953709422,25.92468797169602,22.866714508912146,23.063828035382613,23.465217812684553,24.451241606488683,4.333975028182074,2000,2024,HFI_Mu_2022,22.866714508912146,23.063828035382613,23.465217812684553,24.451241606488683,26.56268875439512
1497,123.51835156643419,41.25481646431225,24.236093613255516,23.703228184811675,19.97188454632376,20.707574784692454,21.767060875513128,22.601913227814013,4.264209066931755,2000,2024,HFI_Mu_2022,19.97188454632376,20.707574784692454,21.767060875513128,22.601913227814013,23.969660899033595
1498,124.41666685055372,41.25481646431225,10.990439191948091,10.857002047834726,10.74566801667319,10.948369687937932,10.568654782913303,10.626010787708374,0.24477117527490222,2000,2024,HFI_Mu_2022,10.74566801667319,10.948369687937932,10.568654782913303,10.626010787708374,10.923720619891409
1499,125.31498213467323,41.25481646431225,12.267223252518342,12.19736684877768,12.01961804456387,12.095493462289745,11.982275933153726,11.925474160294216,0.2476052079544715,2000,2024,HFI_Mu_2022,12.01961804456387,12.095493462289745,11.982275933153726,11.925474160294216,12.23229505064801
1500,126.0842883269079,41.320702301277144,8.828636800097659,8.714406734847708,8.806534412213669,8.917648562215557,8.529260043562394,8.381038124785094,0.022102387883990104,2000,2024,HFI_Mu_2022,8.806534412213669,8.917648562215557,8.529260043562394,8.381038124785094,8.771521767472684
1502,127.89547759389878,41.4968853546392,8.564390186995468,8.689390186995468,8.971191009869111,9.045095990418188,8.72908887912163,8.393079187470995,-0.4068008228736435,2000,2024,HFI_Mu_2022,8.971191009869111,9.045095990418188,8.72908887912163,8.393079187470995,8.626890186995468
1518,77.7042720763386,40.575989819444416,4.184816924536975,4.209786579883634,3.9517628833204532,4.076379162012156,3.9998554983806915,4.104841365208757,0.2330540412165214,2000,2024,HFI_Mu_2022,3.9517628833204532,4.076379162012156,3.9998554983806915,4.104841365208757,4.197301752210304
1520,79.50090264457765,40.575989819444416,5.374436480298841,4.950472548281001,4.628552662761919,4.732282609749995,4.571915006511452,4.798061256094879,0.7458838175369218,2000,2024,HFI_Mu_2022,4.628552662761919,4.732282609749995,4.571915006511452,4.798061256094879,5.162454514289921
1521,80.39921792869717,40.575989819444416,11.349277143550896,9.82734199990319,8.684001605436451,8.796345147619952,8.603177249342467,9.050671281480687,2.665275538114445,2000,2024,HFI_Mu_2022,8.684001605436451,8.796345147619952,8.603177249342467,9.050671281480687,10.588309571727043
1522,81.29753321281669,40.575989819444416,7.1786250491199874,5.981642216501908,4.706717535293734,4.886299128356307,4.972171721833419,5.347147293768427,2.4719075138262534,2000,2024,HFI_Mu_2022,4.706717535293734,4.886299128356307,4.972171721833419,5.347147293768427,6.580133632810948
1523,82.19584849693621,40.575989819444416,1.3867316301042385,1.5129452218352577,1.2236643660828384,1.2344500925529762,1.2267031558659456,1.2669598734666954,0.16306726402140015,2000,2024,HFI_Mu_2022,1.2236643660828384,1.2344500925529762,1.2267031558659456,1.2669598734666954,1.449838425969748
1528,86.68742491753382,40.575989819444416,0.9149379368401978,0.8448841825565712,0.7353106702380101,0.7140031397850559,0.7264959182239631,0.7722095818626037,0.17962726660218764,2000,2024,HFI_Mu_2022,0.7353106702380101,0.7140031397850559,0.7264959182239631,0.7722095818626037,0.8799110596983845
1529,87.58574020165334,40.575989819444416,2.5071202484542963,2.4400143004077925,2.252470188206008,2.1711856012537654,2.2388390621440735,2.3246961036249045,0.2546500602482884,2000,2024,HFI_Mu_2022,2.252470188206008,2.1711856012537654,2.2388390621440735,2.3246961036249045,2.473567274431044
1533,91.17900133813141,40.575989819444416,0.9173786653291005,0.836414726541459,0.7453953095204126,0.7538904551256463,0.8026075145066942,0.8324272093232643,0.17198335580868795,2000,2024,HFI_Mu_2022,0.7453953095204126,0.7538904551256463,0.8026075145066942,0.8324272093232643,0.8768966959352797
1536,93.87394719048999,40.575989819444416,0.9850878234113334,0.9850878234113334,0.9557874089691863,0.9754866110638569,0.9097828190518832,0.9831825225890887,0.029300414442147038,2000,2024,HFI_Mu_2022,0.9557874089691863,0.9754866110638569,0.9097828190518832,0.9831825225890887,0.9850878234113334
1537,94.7722624746095,40.575989819444416,2.6114451935148906,2.6130052559173866,2.508860098323967,2.5612262159822854,2.469015464094641,2.5689399436043163,0.10258509519092351,2000,2024,HFI_Mu_2022,2.508860098323967,2.5612262159822854,2.469015464094641,2.5689399436043163,2.6122252247161386
1538,95.67057775872902,40.575989819444416,5.1011606897619215,4.896303797352345,4.47393425622921,4.4654006907760015,4.300209746728849,4.757625477958118,0.6272264335327113,2000,2024,HFI_Mu_2022,4.47393425622921,4.4654006907760015,4.300209746728849,4.757625477958118,4.998732243557133
1539,96.56889304284854,40.575989819444416,5.906455828796786,5.710928006650753,5.341683831562469,5.319808661545102,5.1161711026124514,5.4282373793101595,0.5647719972343168,2000,2024,HFI_Mu_2022,5.341683831562469,5.319808661545102,5.1161711026124514,5.4282373793101595,5.8086919177237695
1540,97.46720832696808,40.575989819444416,3.054514313622815,3.0723745513391822,2.602080577924135,2.6997416137670793,2.5396806574972635,2.784123579487411,0.45243373569867984,2000,2024,HFI_Mu_2022,2.602080577924135,2.6997416137670793,2.5396806574972635,2.784123579487411,3.0634444324809986
1542,99.26383889520712,40.575989819444416,2.8982354601982854,2.8996238670428567,2.7258805324844255,2.7007092944049287,2.5869076124126402,2.8247832942188964,0.17235492771385985,2000,2024,HFI_Mu_2022,2.7258805324844255,2.7007092944049287,2.5869076124126402,2.8247832942188964,2.898929663620571
1550,106.45036116816328,40.575989819444416,6.201220047892276,5.914911555649916,5.722570323329451,5.653222529096868,5.434947637007596,5.6825271155123485,0.47864972456282473,2000,2024,HFI_Mu_2022,5.722570323329451,5.653222529096868,5.434947637007596,5.6825271155123485,6.058065801771097
1551,107.34867645228282,40.575989819444416,14.342346222056374,14.226832201624578,12.58163729733937,12.853630215420687,13.024983226462023,13.446823297235516,1.7607089247170045,2000,2024,HFI_Mu_2022,12.58163729733937,12.853630215420687,13.024983226462023,13.446823297235516,14.284589211840476
1552,108.24699173640234,40.575989819444416,7.636904034718352,7.650404802502385,7.179299050600123,7.217762402550185,7.082067257480753,7.3710941065811,0.4576049841182295,2000,2024,HFI_Mu_2022,7.179299050600123,7.217762402550185,7.082067257480753,7.3710941065811,7.643654418610369
1553,109.14530702052186,40.575989819444416,12.1630139427877,12.119324623401717,10.815963644963198,10.89875768360665,10.807621713691544,11.425027843569916,1.3470502978245023,2000,2024,HFI_Mu_2022,10.815963644963198,10.89875768360665,10.807621713691544,11.425027843569916,12.141169283094708
1554,110.04362230464137,40.575989819444416,19.77633686241438,19.395107879911624,15.876061233973772,16.76967368721445,17.547453450949835,18.04362362984048,3.900275628440607,2000,2024,HFI_Mu_2022,15.876061233973772,16.76967368721445,17.547453450949835,18.04362362984048,19.585722371163
1555,110.9419375887609,40.575989819444416,17.172193942004686,16.687341515642117,14.59522362466038,14.839653133209106,14.92811450566331,15.82847051647769,2.5769703173443066,2000,2024,HFI_Mu_2022,14.59522362466038,14.839653133209106,14.92811450566331,15.82847051647769,16.9297677288234
1556,111.84025287288043,40.57598981944442,20.086016273787777,19.041938542906497,15.328275849831579,16.09799070197127,16.741140835847144,17.91824844085984,4.757740423956198,2000,2024,HFI_Mu_2022,15.328275849831579,16.09799070197127,16.741140835847144,17.91824844085984,19.563977408347135
1557,112.73856815699993,40.575989819444416,13.000245785667735,12.70365264387225,11.617561105157664,11.664440876628811,11.478309418200867,11.9173755935458,1.3826846805100708,2000,2024,HFI_Mu_2022,11.617561105157664,11.664440876628811,11.478309418200867,11.9173755935458,12.851949214769991
1558,113.63688344111941,40.57598981944441,16.156983961201888,15.718781413042601,14.080462143003352,14.25845742802166,14.26622838685946,14.689317125467396,2.076521818198536,2000,2024,HFI_Mu_2022,14.080462143003352,14.25845742802166,14.26622838685946,14.689317125467396,15.937882687122244
1559,114.53519872523903,40.575989819444416,17.533992426570475,17.571981028206046,15.50895527464051,16.04073447528098,16.475872600436563,16.572919664728914,2.025037151929965,2000,2024,HFI_Mu_2022,15.50895527464051,16.04073447528098,16.475872600436563,16.572919664728914,17.55298672738826
1560,115.43351400935846,40.575989819444416,19.981093180400546,19.82017607109067,17.008781538169885,17.770622314333853,18.195619587177177,18.470635307035476,2.972311642230661,2000,2024,HFI_Mu_2022,17.008781538169885,17.770622314333853,18.195619587177177,18.470635307035476,19.90063462574561
1561,116.33182929347794,40.57598981944444,17.502390089402468,17.197984157441102,15.22564762816252,15.832008835881256,15.986422643194759,16.192299483220474,2.276742461239948,2000,2024,HFI_Mu_2022,15.22564762816252,15.832008835881256,15.986422643194759,16.192299483220474,17.350187123421783
1562,117.2301445775976,40.57598981944442,16.5003711426378,16.37155038294096,14.483709271029387,15.053882011761898,15.138205917147022,15.352025727038164,2.016661871608413,2000,2024,HFI_Mu_2022,14.483709271029387,15.053882011761898,15.138205917147022,15.352025727038164,16.435960762789378
1563,118.12845986171706,40.575989819444416,16.68859364487423,16.62290851851156,14.577368667184821,15.23421766928707,15.464522427116872,15.695482502368948,2.1112249776894103,2000,2024,HFI_Mu_2022,14.577368667184821,15.23421766928707,15.464522427116872,15.695482502368948,16.655751081692898
1564,119.0267751458366,40.575989819444416,17.48684334280171,17.33364395207657,15.939824565127815,16.081675138349656,16.268971681470994,16.62125567415576,1.5470187776738946,2000,2024,HFI_Mu_2022,15.939824565127815,16.081675138349656,16.268971681470994,16.62125567415576,17.410243647439138
1565,119.92509042995613,40.57598981944442,19.454964342951918,19.270735898103165,18.08779297986157,18.242675749703732,18.073139539504346,18.40416040741791,1.3671713630903461,2000,2024,HFI_Mu_2022,18.08779297986157,18.242675749703732,18.073139539504346,18.40416040741791,19.36285012052754
1566,120.61234233380678,40.68549259791854,29.332826163701824,28.132275711125484,25.428845914136257,26.256762511374884,26.440079728161543,27.153193879178996,3.903980249565567,2000,2024,HFI_Mu_2022,25.428845914136257,26.256762511374884,26.440079728161543,27.153193879178996,28.732550937413656
1567,122.02589094299846,40.72590444389098,24.61674647391056,24.275248269026424,18.684142563932685,19.059335276217443,21.710099395457988,23.48642990879688,5.932603909977875,2000,2024,HFI_Mu_2022,18.684142563932685,19.059335276217443,21.710099395457988,23.48642990879688,24.445997371468493
1568,122.62548561802468,40.57713045674373,23.911316337990904,23.397638751336956,20.209441091384832,20.693290027178538,21.414978271426794,22.05278390115736,3.701875246606072,2000,2024,HFI_Mu_2022,20.209441091384832,20.693290027178538,21.414978271426794,22.05278390115736,23.65447754466393
1569,123.51835156643419,40.575989819444416,15.562396206598628,15.444093432442163,14.957035017898265,15.142643558063313,14.94101056011624,15.060650357758542,0.6053611887003623,2000,2024,HFI_Mu_2022,14.957035017898265,15.142643558063313,14.94101056011624,15.060650357758542,15.503244819520395
1570,124.39390369952042,40.59409763666985,16.071726481854157,15.773939126345526,14.95440934286433,15.227314198442317,15.18392270489511,15.429867571414983,1.1173171389898258,2000,2024,HFI_Mu_2022,14.95440934286433,15.227314198442317,15.18392270489511,15.429867571414983,15.92283280409984
1571,125.20295537831663,40.746934829261306,10.722521977548144,10.697439740902107,9.956014763661905,10.033312666671057,9.716410740572764,10.317871834543583,0.7665072138862392,2000,2024,HFI_Mu_2022,9.956014763661905,10.033312666671057,9.716410740572764,10.317871834543583,10.709980859225126
1586,74.25934101094575,39.837567898663394,4.000970689138846,3.9577413741835135,3.6475648200600665,3.69596581942128,3.5783871997658654,3.8425809188742983,0.3534058690787796,2000,2024,HFI_Mu_2022,3.6475648200600665,3.69596581942128,3.5783871997658654,3.8425809188742983,3.9793560316611796
1587,75.00937408415673,39.890168402415775,3.3576438042537484,3.27775122178015,2.8029011931069028,2.8745844358663986,2.764543823777789,2.9763725133635885,0.5547426111468456,2000,2024,HFI_Mu_2022,2.8029011931069028,2.8745844358663986,2.764543823777789,2.9763725133635885,3.3176975130169493
1588,75.90764150809956,39.8902051834657,8.617237021343929,8.163988739707355,6.804973629680839,6.93461130821847,6.882031499063767,7.4095799441863495,1.8122633916630893,2000,2024,HFI_Mu_2022,6.804973629680839,6.93461130821847,6.882031499063767,7.4095799441863495,8.39061288052564
1589,76.80595679221908,39.8902051834657,7.102898106324282,6.759825060747432,6.203474596793365,6.226449032862281,6.036859934508651,6.387119363910205,0.8994235095309175,2000,2024,HFI_Mu_2022,6.203474596793365,6.226449032862281,6.036859934508651,6.387119363910205,6.931361583535857
1590,77.7042720763386,39.8902051834657,3.3815457390488257,3.3459573545937507,3.1773205594247527,3.13827640421253,3.090096042642912,3.232894485928847,0.20422517962407305,2000,2024,HFI_Mu_2022,3.1773205594247527,3.13827640421253,3.090096042642912,3.232894485928847,3.3637515468212884
1591,78.60258736045813,39.8902051834657,6.7605718820314875,5.879068026347595,5.109976166679507,5.1717462075140155,5.189383517238291,5.540365509528476,1.6505957153519804,2000,2024,HFI_Mu_2022,5.109976166679507,5.1717462075140155,5.189383517238291,5.540365509528476,6.3198199541895415
1592,79.50090264457765,39.8902051834657,4.33059860432614,3.9962577131967167,3.3335011301096267,3.4169061283544333,3.3767253449315056,3.601262188585696,0.9970974742165137,2000,2024,HFI_Mu_2022,3.3335011301096267,3.4169061283544333,3.3767253449315056,3.601262188585696,4.163428158761429
1593,80.39921792869717,39.8902051834657,0.44560157675404755,0.44560157675404755,0.45648312063383023,0.4444095974054881,0.4259444130824311,0.44102250967888706,-0.010881543879782685,2000,2024,HFI_Mu_2022,0.45648312063383023,0.4444095974054881,0.4259444130824311,0.44102250967888706,0.44560157675404755
1594,81.29753321281669,39.8902051834657,0.46745442238788304,0.46745442238788304,0.46801001521526686,0.4773636188250488,0.47090836758478283,0.4651185842099568,-5.555928273838218e-4,2000,2024,HFI_Mu_2022,0.46801001521526686,0.4773636188250488,0.47090836758478283,0.4651185842099568,0.46745442238788304
1602,88.48405548577286,39.8902051834657,1.0282737785727656,1.0240770353656572,1.019685160172479,1.0171421941278607,1.0197548523171045,1.0145122121296277,0.008588618400286574,2000,2024,HFI_Mu_2022,1.019685160172479,1.0171421941278607,1.0197548523171045,1.0145122121296277,1.0261754069692115
1608,93.87394719048999,39.8902051834657,1.5747146915903307,1.5678320326938517,1.552006546648703,1.5548597150642487,1.4783312807712297,1.564333366193781,0.02270814494162776,2000,2024,HFI_Mu_2022,1.552006546648703,1.5548597150642487,1.4783312807712297,1.564333366193781,1.5712733621420911
1609,94.7722624746095,39.8902051834657,5.2141808245726775,4.953902255623087,4.396102552426743,4.475724305851905,4.480318778754781,4.760617470377182,0.8180782721459341,2000,2024,HFI_Mu_2022,4.396102552426743,4.475724305851905,4.480318778754781,4.760617470377182,5.084041540097882
1610,95.67057775872902,39.8902051834657,1.9904672737996045,1.9908038041915292,1.9107541048665169,2.019943257948299,1.9281483136864022,1.9668537512567035,0.07971316893308766,2000,2024,HFI_Mu_2022,1.9107541048665169,2.019943257948299,1.9281483136864022,1.9668537512567035,1.990635538995567
1612,97.46720832696808,39.8902051834657,6.538245089754797,6.381984601138061,5.717992628639118,5.782610314880373,5.681860679020894,6.021007380936921,0.820252461115679,2000,2024,HFI_Mu_2022,5.717992628639118,5.782610314880373,5.681860679020894,6.021007380936921,6.460114845446429
1613,98.3655236110876,39.8902051834657,9.95126027147529,9.598830176953944,7.74022065742533,8.158782178014416,8.391083321319561,8.804470338782982,2.2110396140499597,2000,2024,HFI_Mu_2022,7.74022065742533,8.158782178014416,8.391083321319561,8.804470338782982,9.775045224214617
1614,99.26383889520712,39.8902051834657,6.080885947157275,6.075520422343992,5.632088273791297,5.700144501614879,5.495389661452802,5.805159289448252,0.448797673365978,2000,2024,HFI_Mu_2022,5.632088273791297,5.700144501614879,5.495389661452802,5.805159289448252,6.078203184750633
1616,101.06046946344617,39.8902051834657,0.2602622678787083,0.2609337468385728,0.24338167396463775,0.24523095661817532,0.23162051363059197,0.2570085476607725,0.01688059391407057,2000,2024,HFI_Mu_2022,0.24338167396463775,0.24523095661817532,0.23162051363059197,0.2570085476607725,0.2605980073586406
1617,101.95878474756569,39.8902051834657,0.6813019973411226,0.6819735889733559,0.7050231569659791,0.7351660143122144,0.6685072211858801,0.6747176567906312,-0.023721159624856436,2000,2024,HFI_Mu_2022,0.7050231569659791,0.7351660143122144,0.6685072211858801,0.6747176567906312,0.6816377931572393
1618,102.8571000316852,39.8902051834657,1.0950473774524137,1.0950473774524137,1.0555238462638912,1.096524533381264,1.1049740522327196,1.085559424056648,0.039523531188522476,2000,2024,HFI_Mu_2022,1.0555238462638912,1.096524533381264,1.1049740522327196,1.085559424056648,1.0950473774524137
1619,103.75541531580473,39.8902051834657,1.580551203547146,1.5812227952194093,1.5335621565587287,1.5512700154208738,1.526114784522917,1.568763635412422,0.04698904698841733,2000,2024,HFI_Mu_2022,1.5335621565587287,1.5512700154208738,1.526114784522917,1.568763635412422,1.5808869993832777
1620,104.65373059992424,39.8902051834657,1.826829365985704,1.7763005764365436,1.7101809956634908,1.6973082170463236,1.6662775819800044,1.7458016568129147,0.1166483703222132,2000,2024,HFI_Mu_2022,1.7101809956634908,1.6973082170463236,1.6662775819800044,1.7458016568129147,1.801564971211124
1621,105.55204588404376,39.8902051834657,2.348698027649628,2.325696012784544,1.9919660575350133,2.125924618505667,2.1733321298521746,2.283248749565986,0.35673197011461477,2000,2024,HFI_Mu_2022,1.9919660575350133,2.125924618505667,2.1733321298521746,2.283248749565986,2.337197020217086
1622,106.45036116816328,39.8902051834657,5.570784442962425,5.460911573459321,4.484484166233534,4.836197451561432,5.062260668290336,5.163166497373791,1.086300276728891,2000,2024,HFI_Mu_2022,4.484484166233534,4.836197451561432,5.062260668290336,5.163166497373791,5.515848008210873
1623,107.34867645228282,39.8902051834657,5.640137411349967,5.40268988882064,5.051893955744384,5.010803071697853,4.940861364455908,5.148126849109239,0.5882434556055829,2000,2024,HFI_Mu_2022,5.051893955744384,5.010803071697853,4.940861364455908,5.148126849109239,5.521413650085304
1624,108.24699173640234,39.8902051834657,5.615062980698667,5.569585552560061,5.045431747124847,5.1296888226169655,5.15434220672794,5.221760937202935,0.5696312335738201,2000,2024,HFI_Mu_2022,5.045431747124847,5.1296888226169655,5.15434220672794,5.221760937202935,5.5923242666293635
1625,109.14530702052186,39.8902051834657,9.78137170618085,9.742425928424824,8.503597505964727,8.585028482079807,8.670121634388723,9.264409883762339,1.2777742002161236,2000,2024,HFI_Mu_2022,8.503597505964727,8.585028482079807,8.670121634388723,9.264409883762339,9.761898817302837
1626,110.04362230464137,39.8902051834657,14.385167857077876,14.312300158956052,10.379520303695454,10.635427531377832,12.273149507329158,13.124931434163157,4.005647553382422,2000,2024,HFI_Mu_2022,10.379520303695454,10.635427531377832,12.273149507329158,13.124931434163157,14.348734008016965
1627,110.9419375887609,39.8902051834657,15.274272151526546,14.762519303146346,11.649264092730387,12.083690146418368,12.813811774018468,13.615792452808671,3.6250080587961584,2000,2024,HFI_Mu_2022,11.649264092730387,12.083690146418368,12.813811774018468,13.615792452808671,15.018395727336447
1629,112.73856815699993,39.8902051834657,21.13688740129237,20.614913005203,17.26134184139933,18.040838761512127,18.369282675733817,18.831840078596223,3.875545559893041,2000,2024,HFI_Mu_2022,17.26134184139933,18.040838761512127,18.369282675733817,18.831840078596223,20.875900203247685
1630,113.6368834411194,39.8902051834657,20.0722269739572,19.68477583531364,16.87837838042866,17.33198728388646,17.587406060272556,18.19048058674744,3.1938485935285392,2000,2024,HFI_Mu_2022,16.87837838042866,17.33198728388646,17.587406060272556,18.19048058674744,19.878501404635422
1631,114.53519872523897,39.89020518346567,15.489542230675653,15.09670859638393,14.014684262125808,14.473321521356338,14.30176765851803,14.294943208673619,1.4748579685498449,2000,2024,HFI_Mu_2022,14.014684262125808,14.473321521356338,14.30176765851803,14.294943208673619,15.293125413529792
1632,115.4335140093583,39.890205183465675,12.795175231343148,12.381584628036359,11.648655730225896,11.96331617104127,11.83225191487562,11.94906378544417,1.1465195011172522,2000,2024,HFI_Mu_2022,11.648655730225896,11.96331617104127,11.83225191487562,11.94906378544417,12.588379929689754
1633,116.3318292934779,39.890205183465646,39.747955317786776,39.44992866463327,35.152703600176146,36.865865388759545,37.87478643589794,38.43332101658102,4.59525171761063,2000,2024,HFI_Mu_2022,35.152703600176146,36.865865388759545,37.87478643589794,38.43332101658102,39.598941991210026
1634,117.23014457759714,39.89020518346546,35.0703069315349,34.88031649799731,28.3558327890063,30.755101851732366,32.20313697543893,32.77902989885969,6.714474142528601,2000,2024,HFI_Mu_2022,28.3558327890063,30.755101851732366,32.20313697543893,32.77902989885969,34.97531171476611
1635,118.12845986171706,39.89020518346571,33.34640204527862,32.74845734533593,27.339764132457226,29.585948654912617,30.737758011642452,31.354683790461713,6.006637912821397,2000,2024,HFI_Mu_2022,27.339764132457226,29.585948654912617,30.737758011642452,31.354683790461713,33.04742969530727
1636,119.00073545077201,39.90789231187076,30.5579637400315,29.738724757497717,24.723395715359853,26.552273031821166,27.438586254071666,28.348944338763914,5.834568024671647,2000,2024,HFI_Mu_2022,24.723395715359853,26.552273031821166,27.438586254071666,28.348944338763914,30.14834424876461
1637,119.7804023709991,40.1006206181111,28.381060480305973,28.055401103369896,24.951182565839403,25.916129573770803,26.363578641616456,26.783760055769136,3.4298779144665694,2000,2024,HFI_Mu_2022,24.951182565839403,25.916129573770803,26.363578641616456,26.783760055769136,28.218230791837932
1639,121.85466958923632,39.80204695682132,31.41746484150972,29.026413329040913,22.940031657209786,24.720401361546553,25.651865179047864,27.782314656488122,8.477433184299933,2000,2024,HFI_Mu_2022,22.940031657209786,24.720401361546553,25.651865179047864,27.782314656488122,30.221939085275316
1640,122.60493927939766,39.903840186787164,20.73966441431261,19.50720635697971,17.172101954107312,17.70721587791103,17.912042450866988,18.974063269904406,3.5675624602052984,2000,2024,HFI_Mu_2022,17.172101954107312,17.70721587791103,17.912042450866988,18.974063269904406,20.12343538564616
1641,123.48726626738137,40.009069455030215,23.263176676627005,21.614707966206396,19.789140714437128,20.197886361072605,20.343311536867674,21.2528335641767,3.474035962189877,2000,2024,HFI_Mu_2022,19.789140714437128,20.197886361072605,20.343311536867674,21.2528335641767,22.4389423214167
1642,124.1510042904868,40.067070772951645,26.579395300949212,25.543824140870253,22.444510109945277,23.25822514035236,24.271146833576918,24.80909357070923,4.134885191003935,2000,2024,HFI_Mu_2022,22.444510109945277,23.25822514035236,24.271146833576918,24.80909357070923,26.061609720909733
1658,74.147793195727,39.20028357467078,2.3325956431126196,2.332411548944143,2.235906522783932,2.2123481377501735,2.2114306462429987,2.310899591783673,0.09668912032868748,2000,2024,HFI_Mu_2022,2.235906522783932,2.2123481377501735,2.2114306462429987,2.310899591783673,2.3325035960283813
1659,75.00932622398004,39.197490485790226,3.1287598912284187,3.13159511497914,2.940500710923734,2.932697146983098,2.8936905159246553,3.0568560964233424,0.18825918030468447,2000,2024,HFI_Mu_2022,2.940500710923734,2.932697146983098,2.8936905159246553,3.0568560964233424,3.1301775031037793
1660,75.90764150809956,39.197490485790226,17.317422617573637,16.4060112092598,12.71126477977197,13.03669982604138,13.2529780343697,14.192512131185781,4.606157837801668,2000,2024,HFI_Mu_2022,12.71126477977197,13.03669982604138,13.2529780343697,14.192512131185781,16.861716913416718
1661,76.80595679221908,39.197490485790226,9.85463667291977,8.91269472911332,7.630322304202942,7.7041293495678635,7.794365171860919,8.097565133140247,2.2243143687168283,2000,2024,HFI_Mu_2022,7.630322304202942,7.7041293495678635,7.794365171860919,8.097565133140247,9.383665701016545
1662,77.7042720763386,39.197490485790226,9.05572411254852,8.798509768767051,7.622195846304143,7.726501087067082,7.8074770737325245,8.163145969617414,1.4335282662443767,2000,2024,HFI_Mu_2022,7.622195846304143,7.726501087067082,7.8074770737325245,8.163145969617414,8.927116940657786
1666,81.29753321281669,39.197490485790226,0.4276956730659522,0.4276956730659522,0.4259611951302814,0.43086447887336354,0.4253089416516153,0.4255155691550206,0.0017344779356707751,2000,2024,HFI_Mu_2022,0.4259611951302814,0.43086447887336354,0.4253089416516153,0.4255155691550206,0.4276956730659522
1669,83.99247906517525,39.197490485790226,1.0324364088820075,1.1208729177400105,1.192289570347407,1.3030854983091473,1.0169183044317827,1.064974369329223,-0.15985316146539952,2000,2024,HFI_Mu_2022,1.192289570347407,1.3030854983091473,1.0169183044317827,1.064974369329223,1.076654663311009
1672,86.68742491753382,39.197490485790226,0.16482333376910754,0.16482333376910754,0.1716375294233999,0.16618130219370222,0.16174970490228596,0.16041238261967036,-0.006814195654292365,2000,2024,HFI_Mu_2022,0.1716375294233999,0.16618130219370222,0.16174970490228596,0.16041238261967036,0.16482333376910754
1674,88.48405548577286,39.197490485790226,3.6003969886987433,3.085467880134731,2.646208264562535,2.657556233634638,2.638137740443626,2.877211635244768,0.9541887241362081,2000,2024,HFI_Mu_2022,2.646208264562535,2.657556233634638,2.638137740443626,2.877211635244768,3.342932434416737
1675,89.38237076989238,39.197490485790226,1.3115275522214738,1.3028536571499685,1.2716754177428147,1.285097982337387,1.2622166845640883,1.3008422176829004,0.039852134478659096,2000,2024,HFI_Mu_2022,1.2716754177428147,1.285097982337387,1.2622166845640883,1.3008422176829004,1.3071906046857211
1676,90.2806860540119,39.197490485790226,0.7727821086315487,0.7727821086315487,0.8038084228523309,0.7894218537698522,0.7675795129920014,0.7718839167246503,-0.03102631422078217,2000,2024,HFI_Mu_2022,0.8038084228523309,0.7894218537698522,0.7675795129920014,0.7718839167246503,0.7727821086315487
1678,92.07731662225093,39.197490485790226,0.6494993809669589,0.6494993809669589,0.6507106250272676,0.6668007601803013,0.653812629295125,0.6498963958957853,-0.0012112440603087027,2000,2024,HFI_Mu_2022,0.6507106250272676,0.6668007601803013,0.653812629295125,0.6498963958957853,0.6494993809669589
1679,92.97563190637048,39.19749048579023,1.4436133714076953,1.4436133714076953,1.3736875188727806,1.3946776865587975,1.4178100297962986,1.432170675980432,0.06992585253491468,2000,2024,HFI_Mu_2022,1.3736875188727806,1.3946776865587975,1.4178100297962986,1.432170675980432,1.4436133714076953
1680,93.87394719049,39.19749048579023,2.116289535912512,2.0840691683550943,1.9776859945134166,2.0192932860429393,2.0051363504479958,2.0348525984878956,0.13860354139909514,2000,2024,HFI_Mu_2022,1.9776859945134166,2.0192932860429393,2.0051363504479958,2.0348525984878956,2.100179352133803
1681,94.7722624746095,39.197490485790226,2.3982419905463757,2.3994098247392777,2.149303722348528,2.155059546375169,2.1862338867037243,2.299749087129617,0.2489382681978478,2000,2024,HFI_Mu_2022,2.149303722348528,2.155059546375169,2.1862338867037243,2.299749087129617,2.3988259076428267
1684,97.46720832696808,39.197490485790226,3.911300276820963,3.911300276860739,3.786039496217921,3.7130501356409678,3.7190553658617946,3.8645369389334,0.1252607806030417,2000,2024,HFI_Mu_2022,3.786039496217921,3.7130501356409678,3.7190553658617946,3.8645369389334,3.911300276840851
1685,98.3655236110876,39.19749048579022,4.783305612880441,4.800483731288287,4.733958178257608,4.722502725731937,4.6772734386233825,4.748461843749696,0.049347434622832864,2000,2024,HFI_Mu_2022,4.733958178257608,4.722502725731937,4.6772734386233825,4.748461843749696,4.791894672084364
1686,99.26383889520712,39.19749048579023,7.167852212739783,7.113233874238192,6.891291812731783,6.835605683461322,6.63339339701186,6.939253467833118,0.276560400008,2000,2024,HFI_Mu_2022,6.891291812731783,6.835605683461322,6.63339339701186,6.939253467833118,7.140543043488988
1687,100.16215417932663,39.197490485790226,12.151065066269569,12.190985697778173,10.647528540889823,10.766277046381413,10.587058280176413,11.275658049232417,1.5035365253797455,2000,2024,HFI_Mu_2022,10.647528540889823,10.766277046381413,10.587058280176413,11.275658049232417,12.17102538202387
1688,101.06046946344617,39.197490485790226,3.4829720871899283,3.406678263833109,3.388240945602896,3.2522666684822963,3.1030231438888136,3.2968109444032527,0.09473114158703222,2000,2024,HFI_Mu_2022,3.388240945602896,3.2522666684822963,3.1030231438888136,3.2968109444032527,3.444825175511519
1689,101.95878474756569,39.197490485790226,2.5768104543536903,2.551810454790791,2.205647676313917,2.4797267323111494,2.4437917225038013,2.5412930338010193,0.3711627780397735,2000,2024,HFI_Mu_2022,2.205647676313917,2.4797267323111494,2.4437917225038013,2.5412930338010193,2.5643104545722406
1692,104.65373059992424,39.197490485790226,0.6433729530587834,0.6433729530587834,0.6713636666906608,0.694131062884466,0.646524293158106,0.6318377641415641,-0.02799071363187744,2000,2024,HFI_Mu_2022,0.6713636666906608,0.694131062884466,0.646524293158106,0.6318377641415641,0.6433729530587834
1693,105.55204588404376,39.197490485790226,4.408243544043055,4.389728113961677,4.115966300535838,4.262333935200919,4.211336751512133,4.261807141863772,0.2922772435072165,2000,2024,HFI_Mu_2022,4.115966300535838,4.262333935200919,4.211336751512133,4.261807141863772,4.398985829002366
1694,106.45036116816328,39.197490485790226,15.897639687484283,15.626779976433296,13.204229942002176,13.914180437135974,14.227549408886114,14.325576729541798,2.693409745482107,2000,2024,HFI_Mu_2022,13.204229942002176,13.914180437135974,14.227549408886114,14.325576729541798,15.762209831958788
1695,107.34867645228282,39.197490485790226,9.718571823759723,8.956213777433177,7.503673627106603,7.838250489277129,8.111941900385485,8.42834614518888,2.2148981966531194,2000,2024,HFI_Mu_2022,7.503673627106603,7.838250489277129,8.111941900385485,8.42834614518888,9.33739280059645
1696,108.24699173640234,39.197490485790226,7.324895091143536,7.2236271578548825,6.421694399696372,6.4744311455571335,6.549958935032935,6.9145212941142695,0.9032006914471644,2000,2024,HFI_Mu_2022,6.421694399696372,6.4744311455571335,6.549958935032935,6.9145212941142695,7.274261124499209
1697,109.14530702052186,39.19749048579022,9.870997973129382,9.728402916871364,8.206139638950381,8.314213924999631,8.276320024042466,8.911434226230115,1.6648583341790015,2000,2024,HFI_Mu_2022,8.206139638950381,8.314213924999631,8.276320024042466,8.911434226230115,9.799700445000372
1698,110.04362230464137,39.197490485790226,18.438192464050786,17.627548480137293,13.792893815167872,13.86666838292245,14.970712826933747,16.685336228366847,4.645298648882914,2000,2024,HFI_Mu_2022,13.792893815167872,13.86666838292245,14.970712826933747,16.685336228366847,18.03287047209404
1699,110.9419375887609,39.197490485790226,17.209718411559358,16.31864727181728,13.808065650540655,13.868704422281821,14.391778528223046,15.631690382619418,3.4016527610187026,2000,2024,HFI_Mu_2022,13.808065650540655,13.868704422281821,14.391778528223046,15.631690382619418,16.764182841688317
1700,111.84025287288041,39.197490485790226,12.773159050969316,12.589649920827178,11.394636894891562,11.47200290861978,11.40479209201077,12.060103408008908,1.3785221560777536,2000,2024,HFI_Mu_2022,11.394636894891562,11.47200290861978,11.40479209201077,12.060103408008908,12.681404485898247
1701,112.73856815699993,39.197490485790226,20.23014254998795,19.854805441232056,15.927946755557526,16.735031325577655,17.371604185920578,18.44927100030271,4.302195794430423,2000,2024,HFI_Mu_2022,15.927946755557526,16.735031325577655,17.371604185920578,18.44927100030271,20.042473995610003
1702,113.63688344111945,39.19749048579021,13.033923469648979,12.991314502859728,11.739033621959816,12.053766681480122,12.173434339628837,12.45473605409262,1.2948898476891628,2000,2024,HFI_Mu_2022,11.739033621959816,12.053766681480122,12.173434339628837,12.45473605409262,13.012618986254353
1703,114.53519872523894,39.19749048579022,13.774001130998801,13.859143343317463,12.37472279561229,13.017259780285812,13.125793557424307,13.131618177550294,1.3992783353865121,2000,2024,HFI_Mu_2022,12.37472279561229,13.017259780285812,13.125793557424307,13.131618177550294,13.816572237158132
1704,115.43351400935846,39.197490485790226,28.04708244660134,27.413603792679083,22.8892387831408,24.746528220459155,25.379111308994226,25.92960393912164,5.15784366346054,2000,2024,HFI_Mu_2022,22.8892387831408,24.746528220459155,25.379111308994226,25.92960393912164,27.73034311964021
1705,116.33182929347797,39.197490485790226,36.51497680860454,35.93948777251862,29.578849258600812,31.576540560215484,32.56079815991995,33.50758009837175,6.936127550003725,2000,2024,HFI_Mu_2022,29.578849258600812,31.576540560215484,32.56079815991995,33.50758009837175,36.227232290561574
1706,117.22811942118358,39.19904247634852,36.323228267344426,36.31534104268797,30.154738427408994,32.19940904824275,33.66793465998478,34.928199114916346,6.168489839935432,2000,2024,HFI_Mu_2022,30.154738427408994,32.19940904824275,33.66793465998478,34.928199114916346,36.3192846550162
1707,118.14480720010033,39.3189207712947,28.428818324386445,28.349719352906643,21.351871533662184,22.952216354092847,24.853417859686775,25.942423190524124,7.076946790724261,2000,2024,HFI_Mu_2022,21.351871533662184,22.952216354092847,24.853417859686775,25.942423190524124,28.389268838646544
1708,118.85978714318792,39.35643137479748,29.611835671469056,28.956634197237484,22.393628459637238,24.31322872020976,25.06459612191822,26.887800029901705,7.2182072118318175,2000,2024,HFI_Mu_2022,22.393628459637238,24.31322872020976,25.06459612191822,26.887800029901705,29.28423493435327
1710,121.19495217085127,39.00802925609208,36.53723538632425,36.45807780335281,29.333250494192768,32.27070709885351,34.18081973246391,34.79314274187909,7.20398489213148,2000,2024,HFI_Mu_2022,29.333250494192768,32.27070709885351,34.18081973246391,34.79314274187909,36.49765659483853
1711,121.74797157941651,39.25228723413623,35.217038789350894,33.709305538120766,26.803217648278086,29.133800481922712,30.86834425465325,32.68655055886899,8.413821141072809,2000,2024,HFI_Mu_2022,26.803217648278086,29.133800481922712,30.86834425465325,32.68655055886899,34.463172163735834
1712,122.40786611290778,39.40946029764842,29.940296777000267,26.92538447266374,22.19031224012124,23.998609026551748,24.725751692917704,26.613004973359395,7.749984536879026,2000,2024,HFI_Mu_2022,22.19031224012124,23.998609026551748,24.725751692917704,26.613004973359395,28.432840624832004
1731,75.082974025480965,38.52881378024169,2.9390582951070754,2.936232295914504,2.709348521867995,2.7636421270876053,2.6965395190245833,2.8982552859449418,0.22970977323908048,2000,2024,HFI_Mu_2022,2.709348521867995,2.7636421270876053,2.6965395190245833,2.8982552859449418,2.93764529551079
1732,75.90764150809956,38.49787796933202,4.963460771948725,4.940987019762983,4.636162339369926,4.6428960747723504,4.60602414652979,4.7681599660554115,0.3272984325787993,2000,2024,HFI_Mu_2022,4.636162339369926,4.6428960747723504,4.60602414652979,4.7681599660554115,4.9522238958558535
1733,76.80595679221908,38.49787796933202,6.721686338776311,6.6722429839327475,5.489007703663336,5.5543866572520315,5.607113819377647,5.914919805502389,1.2326786351129755,2000,2024,HFI_Mu_2022,5.489007703663336,5.5543866572520315,5.607113819377647,5.914919805502389,6.69696466135453
1734,77.7042720763386,38.49787796933202,8.446835141020788,8.430629537844764,6.813236874637623,6.895893223690805,6.924449137926009,7.3329219956623835,1.6335982663831654,2000,2024,HFI_Mu_2022,6.813236874637623,6.895893223690805,6.924449137926009,7.3329219956623835,8.438732339432775
1738,81.29753321281669,38.49787796933202,1.1415352415951605,1.142190013243548,1.02435392019249,0.9824644355279168,0.984583987041753,1.1203749639821532,0.11718132140267046,2000,2024,HFI_Mu_2022,1.02435392019249,0.9824644355279168,0.984583987041753,1.1203749639821532,1.1418626274193544
1739,82.19584849693621,38.49787796933202,0.495268923105196,0.495268923105196,0.41030305023748825,0.41100094333272774,0.4325192441357171,0.4887305218676175,0.08496587286770774,2000,2024,HFI_Mu_2022,0.41030305023748825,0.41100094333272774,0.4325192441357171,0.4887305218676175,0.495268923105196
1743,85.7891096334143,38.49787796933202,3.159372893791209,3.111598026631675,2.732069783544268,2.7656253044710697,2.7911749035241673,2.8814482030473596,0.4273031102469407,2000,2024,HFI_Mu_2022,2.732069783544268,2.7656253044710697,2.7911749035241673,2.8814482030473596,3.135485460211442
1748,90.2806860540119,38.49787796933202,1.5895403213829105,1.5358666187513692,1.4680395844055765,1.4607313828622759,1.4799292303223275,1.5097151994023497,0.12150073697733399,2000,2024,HFI_Mu_2022,1.4680395844055765,1.4607313828622759,1.4799292303223275,1.5097151994023497,1.5627034700671398
1749,91.17900133813141,38.49787796933202,2.8179691267442717,2.796675106065335,2.3313342460538395,2.2498840916532603,2.317621557824611,2.5102537984947815,0.48663488069043215,2000,2024,HFI_Mu_2022,2.3313342460538395,2.2498840916532603,2.317621557824611,2.5102537984947815,2.8073221164048032
1753,94.77226247460953,38.49787796933202,1.41024367960436,1.3850432217799735,1.3081980986864892,1.33024867899227,1.3279084565670074,1.3583964011275258,0.10204558091787086,2000,2024,HFI_Mu_2022,1.3081980986864892,1.33024867899227,1.3279084565670074,1.3583964011275258,1.3976434506921667
1755,96.56889304284853,38.49787796933202,1.011691759357376,1.011691759357376,1.0112337192961403,1.0112337192961403,1.0112337192961403,1.0112337192961403,4.580400612357316e-4,2000,2024,HFI_Mu_2022,1.0112337192961403,1.0112337192961403,1.0112337192961403,1.0112337192961403,1.011691759357376
1756,97.46720832696808,38.49787796933202,2.8780725656064443,2.8780725656064443,2.8787408170544566,2.8677382112155,2.8712934424880294,2.8755178999037323,-6.682514480123025e-4,2000,2024,HFI_Mu_2022,2.8787408170544566,2.8677382112155,2.8712934424880294,2.8755178999037323,2.8780725656064443
1757,98.3655236110876,38.49787796933202,4.841143430625994,4.8660288265544605,4.746174703236882,4.73904738089737,4.7332736006849485,4.796027602404648,0.09496872738911222,2000,2024,HFI_Mu_2022,4.746174703236882,4.73904738089737,4.7332736006849485,4.796027602404648,4.853586128590227
1758,99.26383889520712,38.49787796933202,5.851981868226375,5.893662154810925,5.721235863696363,5.697044700861523,5.667589318775671,5.7836506277293545,0.13074600453001128,2000,2024,HFI_Mu_2022,5.721235863696363,5.697044700861523,5.667589318775671,5.7836506277293545,5.87282201151865
1759,100.16215417932663,38.49787796933202,8.256252966959371,8.197825262175979,7.701759123399147,7.701825487071728,7.583127554778138,7.7863095060233,0.5544938435602242,2000,2024,HFI_Mu_2022,7.701759123399147,7.701825487071728,7.583127554778138,7.7863095060233,8.227039114567674
1760,101.06046946344617,38.49787796933202,12.139933296843292,12.23535813543142,11.613607097451204,11.620012087525884,11.28188205637963,11.649287484810243,0.5263261993920878,2000,2024,HFI_Mu_2022,11.613607097451204,11.620012087525884,11.28188205637963,11.649287484810243,12.187645716137357
1761,101.95878474756569,38.49787796933202,10.248148017361766,9.915768324391093,8.884027916704854,9.068325492069588,9.030684608342177,9.367710018614128,1.364120100656912,2000,2024,HFI_Mu_2022,8.884027916704854,9.068325492069588,9.030684608342177,9.367710018614128,10.08195817087643
1762,102.8571000316852,38.49787796933202,7.579939690802767,7.517408997171899,7.1356360869736335,7.216930219420521,7.087993365918628,7.271844305638545,0.4443036038291339,2000,2024,HFI_Mu_2022,7.1356360869736335,7.216930219420521,7.087993365918628,7.271844305638545,7.548674343987333
1764,104.65373059992424,38.49787796933202,1.534296006115053,1.534296006115053,1.5394270950100521,1.593380632138596,1.54960153402828,1.5211802797695693,-0.005131088894999136,2000,2024,HFI_Mu_2022,1.5394270950100521,1.593380632138596,1.54960153402828,1.5211802797695693,1.534296006115053
1765,105.55204588404376,38.49787796933202,6.455964250544961,6.413233405517045,5.620969569019012,5.695525845553002,5.778873950474759,6.050034774990646,0.8349946815259486,2000,2024,HFI_Mu_2022,5.620969569019012,5.695525845553002,5.778873950474759,6.050034774990646,6.434598828031003
1766,106.45036116816328,38.49787796933202,21.85345606155356,21.587661894107534,15.525472067044046,16.611584391335768,17.785070481438314,19.356817788769636,6.327983994509513,2000,2024,HFI_Mu_2022,15.525472067044046,16.611584391335768,17.785070481438314,19.356817788769636,21.720558977830546
1767,107.34867645228282,38.49787796933202,7.297904144562976,7.216261474874007,6.959474253580364,6.816413695724067,6.803346362550065,6.957829041377256,0.3384298909826118,2000,2024,HFI_Mu_2022,6.959474253580364,6.816413695724067,6.803346362550065,6.957829041377256,7.257082809718492
1769,109.14530702052186,38.49787796933202,11.432163502354987,10.881082949719557,8.25659873162365,8.29707462153719,8.304060686665107,9.633282055320814,3.175564770731336,2000,2024,HFI_Mu_2022,8.25659873162365,8.29707462153719,8.304060686665107,9.633282055320814,11.156623226037272
1770,110.04362230464139,38.49787796933202,16.55938558676044,15.67278612015095,11.491134224000422,11.688437781981673,12.210102495897422,13.888793065544041,5.068251362760016,2000,2024,HFI_Mu_2022,11.491134224000422,11.688437781981673,12.210102495897422,13.888793065544041,16.116085853455694
1772,111.84025287288041,38.49787796933202,12.061986406325357,12.080326015749753,10.979140075993886,11.261657223913074,11.077220556328802,11.685851748297681,1.0828463303314706,2000,2024,HFI_Mu_2022,10.979140075993886,11.261657223913074,11.077220556328802,11.685851748297681,12.071156211037554
1773,112.73856815699993,38.49787796933202,17.355739968982935,16.869279345286262,15.124954934011717,15.719498735737476,15.784318613510557,16.33816375086339,2.230785034971218,2000,2024,HFI_Mu_2022,15.124954934011717,15.719498735737476,15.784318613510557,16.33816375086339,17.1125096571346
1774,113.63688344111945,38.49787796933202,13.627463037924347,13.668857304421739,12.839279761891406,13.035557932367258,12.819701207880694,13.351627975590045,0.7881832760329406,2000,2024,HFI_Mu_2022,12.839279761891406,13.035557932367258,12.819701207880694,13.351627975590045,13.648160171173043
1775,114.53519872523898,38.49787796933202,30.004567052854302,29.596221919144067,24.52619048014293,26.32665171557653,26.817271147745455,27.652063392624797,5.4783765727113725,2000,2024,HFI_Mu_2022,24.52619048014293,26.32665171557653,26.817271147745455,27.652063392624797,29.800394485999185
1776,115.43351400935852,38.49787796933202,33.86534009250648,32.70684080674969,27.033380665625344,29.15423571355098,29.171790356994318,30.47420988521554,6.831959426881134,2000,2024,HFI_Mu_2022,27.033380665625344,29.15423571355098,29.171790356994318,30.47420988521554,33.286090449628084
1777,116.33182929347802,38.49787796933202,34.69071739657463,33.81061283052894,27.361002390522398,29.870286821831346,29.809372023774568,31.608522539383806,7.329715006052229,2000,2024,HFI_Mu_2022,27.361002390522398,29.870286821831346,29.809372023774568,31.608522539383806,34.25066511355178
1778,117.19606211349272,38.484419821991175,32.60111129928738,32.28042124098306,25.87890975531522,27.864790161956247,28.446386382185267,30.23784939031584,6.722201543972162,2000,2024,HFI_Mu_2022,25.87890975531522,27.864790161956247,28.446386382185267,30.23784939031584,32.44076627013522
1779,117.76128056688434,38.22139190176955,18.572503787614565,17.767309035831715,11.11901347642337,11.790312441396507,12.912922964467631,14.299945257184826,7.453490311191194,2000,2024,HFI_Mu_2022,11.11901347642337,11.790312441396507,12.912922964467631,14.299945257184826,18.16990641172314
1782,121.09710835058704,38.69710904849821,39.198773072316094,39.31525616462414,32.92991483211517,35.452506175408,37.73068486727201,38.611182084450355,6.26885824020092,2000,2024,HFI_Mu_2022,32.92991483211517,35.452506175408,37.73068486727201,38.611182084450355,39.257014618470116
1783,121.3744435909699,38.831015037886615,36.096640215081685,35.5877605696856,29.027248091616872,31.658198550596076,34.48917534391759,35.280748270325745,7.069392123464812,2000,2024,HFI_Mu_2022,29.027248091616872,31.658198550596076,34.48917534391759,35.280748270325745,35.842200392383646
1803,75.21016357482502,37.81558003289568,3.7184970907523764,3.7018551882539072,3.1738120398496625,3.23266662278643,3.1945581823188873,3.525507676915818,0.5446850509027139,2000,2024,HFI_Mu_2022,3.1738120398496625,3.23266662278643,3.1945581823188873,3.525507676915818,3.710176139503142
1804,75.90764150809956,37.79140429115398,3.6477780566553184,3.6535621183519766,3.284482932491539,3.419715468350386,3.4414208499082677,3.55815430942942,0.3632951241637792,2000,2024,HFI_Mu_2022,3.284482932491539,3.419715468350386,3.4414208499082677,3.55815430942942,3.6506700875036477
1805,76.80595679221908,37.79140429115398,5.911360011723774,5.917624064436879,5.363002734658689,5.511861688197674,5.452549933600609,5.648807763094424,0.5483572770650849,2000,2024,HFI_Mu_2022,5.363002734658689,5.511861688197674,5.452549933600609,5.648807763094424,5.9144920380803265
1806,77.7042720763386,37.79140429115398,7.67246427482392,7.541777893217612,6.434818364663645,6.668839956216515,6.423140981930295,6.81261816693584,1.2376459101602748,2000,2024,HFI_Mu_2022,6.434818364663645,6.668839956216515,6.423140981930295,6.81261816693584,7.607121084020766
1807,78.60258736045813,37.79140429115398,4.180145401259483,4.085817907248294,3.437912849553747,3.4582275997724,3.4679777555675915,3.774221804181855,0.7422325517057358,2000,2024,HFI_Mu_2022,3.437912849553747,3.4582275997724,3.4679777555675915,3.774221804181855,4.132981654253888
1809,80.39921792869717,37.79140429115398,4.52528992800541,4.558553627875495,4.285117599999114,4.201562175313503,4.224285009679423,4.339712879779879,0.24017232800629618,2000,2024,HFI_Mu_2022,4.285117599999114,4.201562175313503,4.224285009679423,4.339712879779879,4.541921777940452
1815,85.7891096334143,37.79140429115398,2.292459748556778,2.3119037469541035,2.093750972991714,2.146120682078107,2.1405289525123394,2.1961922784686303,0.19870877556506406,2000,2024,HFI_Mu_2022,2.093750972991714,2.146120682078107,2.1405289525123394,2.1961922784686303,2.3021817477554407
1816,86.68742491753382,37.79140429115398,0.8863984447768254,0.8876842050380791,0.9005255236888834,0.9164604128824012,0.8805815485240346,0.8801211121009634,-0.014127078912058,2000,2024,HFI_Mu_2022,0.9005255236888834,0.9164604128824012,0.8805815485240346,0.8801211121009634,0.8870413249074522
1819,89.38237076989238,37.79140429115398,0.440172353847896,0.440172353847896,0.42435305350528263,0.4513925346470744,0.4397369000829426,0.43876642553800516,0.015819300342613363,2000,2024,HFI_Mu_2022,0.42435305350528263,0.4513925346470744,0.4397369000829426,0.43876642553800516,0.440172353847896
1820,90.2806860540119,37.79140429115398,0.7093594663428586,0.7093594663428586,0.6734210120062423,0.666634479197915,0.6656618427207901,0.6937079945527684,0.035938454336616354,2000,2024,HFI_Mu_2022,0.6734210120062423,0.666634479197915,0.6656618427207901,0.6937079945527684,0.7093594663428586
1821,91.17900133813144,37.79140429115399,1.5457324250320443,1.5031210725137452,1.0339030971357361,1.089302664630751,1.1205208118218604,1.3449602688469975,0.5118293278963082,2000,2024,HFI_Mu_2022,1.0339030971357361,1.089302664630751,1.1205208118218604,1.3449602688469975,1.5244267487728949
1823,92.97563190637047,37.79140429115398,0.7663345201246374,0.7605504584279793,0.6828225278177076,0.7304449259599117,0.6877245911875243,0.7334014940546517,0.08351199230692985,2000,2024,HFI_Mu_2022,0.6828225278177076,0.7304449259599117,0.6877245911875243,0.7334014940546517,0.7634424892763083
1824,93.87394719048999,37.79140429115398,1.643769232473753,1.607613037492087,1.4802861071848092,1.4838616635603246,1.496665236113602,1.574164203103672,0.1634831252889437,2000,2024,HFI_Mu_2022,1.4802861071848092,1.4838616635603246,1.496665236113602,1.574164203103672,1.62569113498292
1825,94.7722624746095,37.79140429115398,1.6213469573865376,1.6096162808256476,1.3761166885118563,1.3818438734973486,1.3907650967872145,1.511482060122607,0.24523026887468125,2000,2024,HFI_Mu_2022,1.3761166885118563,1.3818438734973486,1.3907650967872145,1.511482060122607,1.6154816191060926
1826,95.67057775872902,37.79140429115398,1.9612684606458959,1.8872003373531336,1.4849272686091808,1.5631998850671325,1.592388061576123,1.7592545713089731,0.4763411920367151,2000,2024,HFI_Mu_2022,1.4849272686091808,1.5631998850671325,1.592388061576123,1.7592545713089731,1.9242343989995148
1828,97.46720832696808,37.79140429115398,2.3921930812384256,2.391228915929852,2.1976066436340203,2.219582053670331,2.2146653718725577,2.328619758370278,0.1945864376044053,2000,2024,HFI_Mu_2022,2.1976066436340203,2.219582053670331,2.2146653718725577,2.328619758370278,2.3917109985841387
1829,98.3655236110876,37.79140429115398,4.6460591439148144,4.647344490958517,4.50031480731342,4.488730933909857,4.516196198608238,4.580716246006421,0.1457443366013944,2000,2024,HFI_Mu_2022,4.50031480731342,4.488730933909857,4.516196198608238,4.580716246006421,4.646701817436666
1830,99.26383889520712,37.79140429115398,6.509988873842559,6.523489356079273,6.042757139371469,6.04774145610997,6.1637302323270555,6.436090665781701,0.4672317344710901,2000,2024,HFI_Mu_2022,6.042757139371469,6.04774145610997,6.1637302323270555,6.436090665781701,6.516739114960917
1831,100.16215417932663,37.79140429115398,7.428685403149859,7.42563221444276,7.35512691518798,7.161650652826435,6.951883928541698,7.288094494286485,0.07355848796187914,2000,2024,HFI_Mu_2022,7.35512691518798,7.161650652826435,6.951883928541698,7.288094494286485,7.427158808796309
1832,101.06046946344617,37.79140429115398,8.292945440594945,8.291982512530689,8.095351944668414,7.926945496994426,7.893398351394581,8.151534046584962,0.1975934959265313,2000,2024,HFI_Mu_2022,8.095351944668414,7.926945496994426,7.893398351394581,8.151534046584962,8.292463976562818
1833,101.95878474756569,37.79140429115398,7.543366992400703,7.562034517689691,7.5264750502291395,7.350007407105847,7.1402712080461015,7.3112061864354425,0.0168919421715632,2000,2024,HFI_Mu_2022,7.5264750502291395,7.350007407105847,7.1402712080461015,7.3112061864354425,7.552700755045197
1834,102.8571000316852,37.79140429115398,13.734964190112319,14.030078069221375,11.957177649761935,12.150693743715884,12.017530635237145,12.863765551532753,1.7777865403503839,2000,2024,HFI_Mu_2022,11.957177649761935,12.150693743715884,12.017530635237145,12.863765551532753,13.882521129666847
1835,103.75541531580473,37.79140429115398,4.93199809904032,5.048699594513373,4.472572594677012,4.581156873337521,4.500042005676751,4.694475567712833,0.459425504363308,2000,2024,HFI_Mu_2022,4.472572594677012,4.581156873337521,4.500042005676751,4.694475567712833,4.990348846776847
1836,104.65373059992424,37.79140429115398,3.76025192069524,3.6403289790199325,3.193979857280895,3.30606801499448,3.2923424189448594,3.4941211337732594,0.566272063414345,2000,2024,HFI_Mu_2022,3.193979857280895,3.30606801499448,3.2923424189448594,3.4941211337732594,3.700290449857586
1837,105.55204588404376,37.79140429115398,13.120764357689378,12.934524223500794,10.308419529218005,10.739499359824489,10.947733568077343,11.877235837240011,2.812344828471373,2000,2024,HFI_Mu_2022,10.308419529218005,10.739499359824489,10.947733568077343,11.877235837240011,13.027644290595086
1838,106.45036116816328,37.79140429115398,17.394068367395057,16.128227365332915,12.304157191452731,12.945772089996492,13.582643213061443,14.41715138284078,5.089911175942326,2000,2024,HFI_Mu_2022,12.304157191452731,12.945772089996492,13.582643213061443,14.41715138284078,16.761147866363984
1839,107.34867645228282,37.79140429115398,12.931140477993868,12.449849328279534,10.375628333346732,10.5089107211413,10.586628135640108,11.391295982092519,2.5555121446471354,2000,2024,HFI_Mu_2022,10.375628333346732,10.5089107211413,10.586628135640108,11.391295982092519,12.6904949031367
1840,108.24699173640235,37.79140429115398,11.99974715931863,11.75778057443452,10.018078497297353,10.09636160237164,9.96572118786889,10.85758269503521,1.9816686620212778,2000,2024,HFI_Mu_2022,10.018078497297353,10.09636160237164,9.96572118786889,10.85758269503521,11.878763866876575
1841,109.14530702052186,37.79140429115398,13.185748132614556,12.201204457376608,10.036376273271507,10.194188615376731,10.192356090786527,11.119181499671445,3.1493718593430486,2000,2024,HFI_Mu_2022,10.036376273271507,10.194188615376731,10.192356090786527,11.119181499671445,12.693476294995582
1842,110.04362230464137,37.79140429115398,16.054929855165376,14.806696544645991,13.563808505628533,13.744945985963119,13.858746912170083,14.129715424282242,2.4911213495368436,2000,2024,HFI_Mu_2022,13.563808505628533,13.744945985963119,13.858746912170083,14.129715424282242,15.430813199905684
1843,110.94193758876088,37.79140429115397,17.51562037282405,17.09170521565008,14.748413839913733,15.294776542563591,15.698054728735718,16.379521811002704,2.7672065329103166,2000,2024,HFI_Mu_2022,14.748413839913733,15.294776542563591,15.698054728735718,16.379521811002704,17.303662794237063
1844,111.84025287288041,37.79140429115398,11.745457673413906,11.407763724425966,10.376705768291943,10.929938086358092,10.628072597535548,11.055007287609369,1.3687519051219628,2000,2024,HFI_Mu_2022,10.376705768291943,10.929938086358092,10.628072597535548,11.055007287609369,11.576610698919936
1845,112.73856815699993,37.79140429115398,24.754638984021412,24.34628634908592,20.026863728641985,21.128075347080767,21.52348897049226,22.384277695575392,4.727775255379427,2000,2024,HFI_Mu_2022,20.026863728641985,21.128075347080767,21.52348897049226,22.384277695575392,24.550462666553663
1846,113.63688344111951,37.79140429115398,18.181641330614934,17.931676608607155,15.510516429666684,16.16585828851674,16.48274381487452,16.932885336133726,2.67112490094825,2000,2024,HFI_Mu_2022,15.510516429666684,16.16585828851674,16.48274381487452,16.932885336133726,18.056658969611043
1847,114.53519872523898,37.79140429115398,31.480484704135026,31.45300120263932,27.05725250451294,28.34050292684873,28.875208933393704,29.568118348432375,4.423232199622085,2000,2024,HFI_Mu_2022,27.05725250451294,28.34050292684873,28.875208933393704,29.568118348432375,31.466742953387175
1848,115.43351400935852,37.79140429115398,31.978263299308274,30.319521374648875,26.050246865255684,27.53546476073288,27.471051689901092,28.96333509907485,5.928016434052591,2000,2024,HFI_Mu_2022,26.050246865255684,27.53546476073288,27.471051689901092,28.96333509907485,31.148892336978577
1849,116.33182929347802,37.79140429115398,32.26426059839984,30.256402898405632,26.253594663620916,27.749648038547523,27.29831727677826,29.350838006356895,6.01066593477892,2000,2024,HFI_Mu_2022,26.253594663620916,27.749648038547523,27.29831727677826,29.350838006356895,31.260331748402734
1850,117.23014457759756,37.79140429115398,32.66155124726893,31.362911577103546,26.162655231786616,28.02332300669667,27.991833768858104,30.03450356604337,6.498896015482316,2000,2024,HFI_Mu_2022,26.162655231786616,28.02332300669667,27.991833768858104,30.03450356604337,32.01223141218624
1851,118.11952184177386,37.757896886637774,29.25480083478563,27.975655218688118,22.565094672251593,24.151685160989082,24.24721610967969,26.017700423617192,6.689706162534037,2000,2024,HFI_Mu_2022,22.565094672251593,24.151685160989082,24.24721610967969,26.017700423617192,28.615228026736872
1852,118.81183235760908,37.77612038801182,24.934309451031268,23.054232072046233,18.945714457629958,19.96160174190883,19.769800798989817,21.209243410975606,5.9885949934013105,2000,2024,HFI_Mu_2022,18.945714457629958,19.96160174190883,19.769800798989817,21.209243410975606,23.99427076153875
1853,120.27570256275236,37.54207252184061,36.52190766435989,35.41312237713475,30.177727235486806,32.56295911591828,32.388820435138456,34.128354345049175,6.344180428873081,2000,2024,HFI_Mu_2022,30.177727235486806,32.56295911591828,32.388820435138456,34.128354345049175,35.967515020747314
1854,120.77334839029187,37.604058266737006,31.963457454334606,31.138033529683746,25.18296102877973,27.446607612964034,28.223155502931753,30.10877187717814,6.780496425554876,2000,2024,HFI_Mu_2022,25.18296102877973,27.446607612964034,28.223155502931753,30.10877187717814,31.550745492009177
1855,121.6562053402167,37.49852734243046,40.9215996357932,40.422444574156806,37.726935295560466,39.42130991807625,39.77401074082104,40.520232061129896,3.194664340232734,2000,2024,HFI_Mu_2022,37.726935295560466,39.42130991807625,39.77401074082104,40.520232061129896,40.672022104975
1856,122.19804630974411,37.447606875230626,41.74777412414551,37.24777412414551,45.156044006347656,45.00455856323242,44.97263145446777,45.16048812866211,-3.4082698822021484,2000,2024,HFI_Mu_2022,45.156044006347656,45.00455856323242,44.97263145446777,45.16048812866211,39.49777412414551
1875,75.09454051938708,37.183915901525914,2.20050674165203,2.219184902400292,2.0292530581355095,2.0723290901909444,2.0429348814483177,2.1478011728713997,0.17125368351652037,2000,2024,HFI_Mu_2022,2.0292530581355095,2.0723290901909444,2.0429348814483177,2.1478011728713997,2.209845822026161
1876,75.91626844227284,37.08768825256086,1.6344636927930882,1.6383534820961676,1.5272354329518092,1.5684847059893623,1.5641905893005636,1.5938683168062973,0.10722825984127904,2000,2024,HFI_Mu_2022,1.5272354329518092,1.5684847059893623,1.5641905893005636,1.5938683168062973,1.636408587444628
1877,76.80595679221908,37.07811061967602,5.181778961591245,5.190931557231057,5.004352643204089,5.01192760352308,5.005524838212463,5.117026120894561,0.17742631838715628,2000,2024,HFI_Mu_2022,5.004352643204089,5.01192760352308,5.005524838212463,5.117026120894561,5.186355259411151
1878,77.7042720763386,37.07811061967602,4.041579813608733,4.007505038257151,3.7648133517559286,3.841409376978881,3.818194098616353,3.8801035441456464,0.2767664618528043,2000,2024,HFI_Mu_2022,3.7648133517559286,3.841409376978881,3.818194098616353,3.8801035441456464,4.0245424259329425
1879,78.60258736045813,37.07811061967602,3.9573217006385533,3.93775716946634,3.5700759997208737,3.6865231334133344,3.670851433585592,3.7946058503857882,0.3872457009176795,2000,2024,HFI_Mu_2022,3.5700759997208737,3.6865231334133344,3.670851433585592,3.7946058503857882,3.9475394350524464
1880,79.50090264457765,37.07811061967602,11.596762614547124,11.21967567432696,8.656391076808248,8.969951545229318,9.088239500384015,9.733047972907967,2.9403715377388764,2000,2024,HFI_Mu_2022,8.656391076808248,8.969951545229318,9.088239500384015,9.733047972907967,11.40821914443704
1881,80.39921792869717,37.07811061967602,7.905837351659607,7.507604473351837,5.9480514985938715,6.066451538162499,6.125769270912505,6.6010985697177444,1.9577858530657357,2000,2024,HFI_Mu_2022,5.9480514985938715,6.066451538162499,6.125769270912505,6.6010985697177444,7.7067209125057214
1882,81.29753321281669,37.07811061967602,7.431881428967576,7.442608669965855,6.452146329811378,6.3841203364003984,6.419967116600267,6.666469987072809,0.9797350991561977,2000,2024,HFI_Mu_2022,6.452146329811378,6.3841203364003984,6.419967116600267,6.666469987072809,7.437245049466716
1884,83.09416378105573,37.07811061967602,3.3097822647304747,3.1100347092436147,2.6334285865764855,2.6719815872310737,2.751790034988456,2.9046349933112774,0.6763536781539892,2000,2024,HFI_Mu_2022,2.6334285865764855,2.6719815872310737,2.751790034988456,2.9046349933112774,3.209908486987045
1892,90.28068605401192,37.078110619676025,0.9896003223769017,0.9896003223769017,0.980439119314301,0.9712106989145232,0.9724791838822624,0.9810116908155755,0.009161203062600598,2000,2024,HFI_Mu_2022,0.980439119314301,0.9712106989145232,0.9724791838822624,0.9810116908155755,0.9896003223769017
1895,92.97563190637047,37.07811061967602,1.798146212024232,1.7523976711697065,1.5840219759968075,1.5404187887811531,1.5629641667746965,1.7016337181872034,0.21412423602742447,2000,2024,HFI_Mu_2022,1.5840219759968075,1.5404187887811531,1.5629641667746965,1.7016337181872034,1.7752719415969693
1896,93.87394719048999,37.07811061967602,1.2382109734311026,1.1323081956909542,1.0408868050338946,1.037857804914639,1.043918207837347,1.0657505268800689,0.197324168397208,2000,2024,HFI_Mu_2022,1.0408868050338946,1.037857804914639,1.043918207837347,1.0657505268800689,1.1852595845610283
1897,94.7722624746095,37.07811061967602,1.8187416704385717,1.7985555804805649,1.6296684733026703,1.64248055093049,1.6694354523867214,1.7306606145674386,0.18907319713590143,2000,2024,HFI_Mu_2022,1.6296684733026703,1.64248055093049,1.6694354523867214,1.7306606145674386,1.8086486254595684
1899,96.56889304284854,37.07811061967602,1.1053062033420158,1.108776782297687,1.044689792776006,1.0366157555401367,0.9945020696839916,1.076476978471091,0.06061641056600986,2000,2024,HFI_Mu_2022,1.044689792776006,1.0366157555401367,0.9945020696839916,1.076476978471091,1.1070414928198513
1900,97.46720832696808,37.07811061967602,4.313456499588489,4.175694153505896,3.3063966999416117,3.463804861077171,3.512765139575958,3.85015197697998,1.0070597996468775,2000,2024,HFI_Mu_2022,3.3063966999416117,3.463804861077171,3.512765139575958,3.85015197697998,4.244575326547192
1901,98.3655236110876,37.07811061967602,5.31658870509099,5.263127106199729,4.687886532540014,4.716341267360007,4.700105373499578,5.078269906176357,0.6287021725509767,2000,2024,HFI_Mu_2022,4.687886532540014,4.716341267360007,4.700105373499578,5.078269906176357,5.289857905645359
1902,99.26383889520712,37.07811061967602,7.780893726643844,7.825078671975938,6.997163279915864,6.987613115002911,7.162808733707312,7.625146458008621,0.7837304467279793,2000,2024,HFI_Mu_2022,6.997163279915864,6.987613115002911,7.162808733707312,7.625146458008621,7.802986199309891
1903,100.16215417932663,37.07811061967602,5.4679033005436075,5.434443705035561,4.906374756117454,4.9764956863611145,5.219108385831174,5.400716399103685,0.5615285444261531,2000,2024,HFI_Mu_2022,4.906374756117454,4.9764956863611145,5.219108385831174,5.400716399103685,5.451173502789585
1904,101.06046946344617,37.07811061967602,10.52216468314571,10.422180453754528,9.969255298343183,9.918348231651752,9.9391129362603845,10.140229423138983,0.5529093848025273,2000,2024,HFI_Mu_2022,9.969255298343183,9.918348231651752,9.9391129362603845,10.140229423138983,10.47217256845012
1905,101.95878474756569,37.07811061967602,15.307339961315998,15.124834699045781,13.769150016248433,13.775463183532938,13.827020723524248,14.359694502549907,1.5381899450675647,2000,2024,HFI_Mu_2022,13.769150016248433,13.775463183532938,13.827020723524248,14.359694502549907,15.21608733018089
1906,102.8571000316852,37.07811061967602,11.431872292751013,11.532882395567317,10.89184395874841,10.83906291857964,10.673502714382579,11.134531102321967,0.5400283340026029,2000,2024,HFI_Mu_2022,10.89184395874841,10.83906291857964,10.673502714382579,11.134531102321967,11.482377344159165
1907,103.75541531580473,37.07811061967602,10.8882285826852,10.848947934838082,10.256023691813452,10.12252378080109,9.885764445015864,10.376012081941195,0.6322048908717477,2000,2024,HFI_Mu_2022,10.256023691813452,10.12252378080109,9.885764445015864,10.376012081941195,10.86858825876164
1908,104.65373059992424,37.07811061967602,11.172231628262205,11.213379353092199,10.718943296124577,10.649944604204297,10.32337965928435,10.72499533961027,0.4532883321376282,2000,2024,HFI_Mu_2022,10.718943296124577,10.649944604204297,10.32337965928435,10.72499533961027,11.192805490677202
1909,105.55204588404376,37.07811061967602,11.828162278695267,11.742955823638962,10.073544763193354,10.11854484954064,10.07212960716297,10.804555998786823,1.7546175155019128,2000,2024,HFI_Mu_2022,10.073544763193354,10.11854484954064,10.07212960716297,10.804555998786823,11.785559051167114
1910,106.45036116816327,37.07811061967602,10.219339366725714,9.826273959241014,8.735869985532347,8.733253137345761,8.731511497516346,9.255457671051236,1.483469381193368,2000,2024,HFI_Mu_2022,8.735869985532347,8.733253137345761,8.731511497516346,9.255457671051236,10.022806662983363
1911,107.34867645228282,37.07811061967602,11.67777669011963,11.539791215960445,8.372386404720435,8.304795960917772,9.210572726725779,10.346469209477997,3.305390285399195,2000,2024,HFI_Mu_2022,8.372386404720435,8.304795960917772,9.210572726725779,10.346469209477997,11.608783953040039
1912,108.24699173640234,37.07811061967602,13.824797144216118,12.363622900738259,8.955218602272899,9.787855160620177,10.590289875864983,11.459440299958894,4.86957854194322,2000,2024,HFI_Mu_2022,8.955218602272899,9.787855160620177,10.590289875864983,11.459440299958894,13.094210022477188
1913,109.14530702052186,37.07811061967602,14.1745575330746,13.114611175538313,9.869435192489684,10.876738843829084,11.471939581955132,12.574152078627035,4.305122340584916,2000,2024,HFI_Mu_2022,9.869435192489684,10.876738843829084,11.471939581955132,12.574152078627035,13.644584354306456
1914,110.04362230464137,37.07811061967602,13.850817882291345,13.700165117623019,12.595415294743411,12.742825397306582,12.779329772517848,13.198903918961449,1.255402587547934,2000,2024,HFI_Mu_2022,12.595415294743411,12.742825397306582,12.779329772517848,13.198903918961449,13.775491499957182
1916,111.84025287288041,37.07811061967602,20.895258309017844,20.524269667723367,17.315643959080013,19.23920187011354,18.748277343359444,19.447023439358453,3.579614349937831,2000,2024,HFI_Mu_2022,17.315643959080013,19.23920187011354,18.748277343359444,19.447023439358453,20.709763988370604
1917,112.73856815699993,37.07811061967602,13.003139686415247,12.9222702411259,11.602745423426011,12.001177127015328,11.84720078234793,12.216860631756978,1.400394262989236,2000,2024,HFI_Mu_2022,11.602745423426011,12.001177127015328,11.84720078234793,12.216860631756978,12.962704963770573
1918,113.63688344111945,37.07811061967602,13.61459276527919,13.582282979154225,12.430704361787349,12.672689282532895,12.607666300910742,13.048962452721716,1.1838884034918404,2000,2024,HFI_Mu_2022,12.430704361787349,12.672689282532895,12.607666300910742,13.048962452721716,13.598437872216707
1919,114.53519872523898,37.07811061967602,30.93445160441594,30.848307701691468,26.712923153943443,28.249902866014548,28.494053315589856,29.05210835926164,4.221528450472498,2000,2024,HFI_Mu_2022,26.712923153943443,28.249902866014548,28.494053315589856,29.05210835926164,30.891379653053704
1920,115.43351400935852,37.07811061967602,32.06969409219741,30.52008897852638,25.886360551700896,27.433937163565712,27.313668503175677,29.219006086888044,6.183333540496513,2000,2024,HFI_Mu_2022,25.886360551700896,27.433937163565712,27.313668503175677,29.219006086888044,31.294891535361895
1921,116.33182929347802,37.07811061967602,32.75218537436658,31.510549250992504,26.200385241476855,28.107418567638796,28.306804643050825,30.389265290107897,6.551800132889728,2000,2024,HFI_Mu_2022,26.200385241476855,28.107418567638796,28.306804643050825,30.389265290107897,32.131367312679544
1922,117.23014457759756,37.07811061967602,32.539573277310645,31.259469937661276,25.9116182489025,27.569100662525162,27.772469421785765,29.71247954216617,6.627955028408145,2000,2024,HFI_Mu_2022,25.9116182489025,27.569100662525162,27.772469421785765,29.71247954216617,31.89952160748596
1923,118.12845986171706,37.07811061967602,34.655016702569576,34.65143568663896,27.83699760817459,30.543295940665633,31.164050890045264,32.47235006490591,6.818019094394987,2000,2024,HFI_Mu_2022,27.83699760817459,30.543295940665633,31.164050890045264,32.47235006490591,34.65322619460427
1924,118.96492958505569,37.00713116403455,32.419982694178536,32.49944745193373,24.21114238706991,27.364240291111116,28.20585711910492,29.849488872721214,8.208840307108627,2000,2024,HFI_Mu_2022,24.21114238706991,27.364240291111116,28.20585711910492,29.849488872721214,32.45971507305613
1925,119.98088085586191,37.02983669432528,29.09199791612216,28.035335679918703,23.15039244238396,25.22375413906737,25.077336172715963,26.69729496059362,5.9416054737382,2000,2024,HFI_Mu_2022,23.15039244238396,25.22375413906737,25.077336172715963,26.69729496059362,28.56366679802043
1926,120.82340571407563,37.07811061967602,28.116631232740453,26.425497289936263,22.97717792632716,24.024391991326997,23.866349871544553,25.476729713918736,5.139453306413294,2000,2024,HFI_Mu_2022,22.97717792632716,24.024391991326997,23.866349871544553,25.476729713918736,27.27106426133836
1927,121.68864427738737,37.13320114804453,29.579031320256362,28.345480302973588,23.680629558469278,25.18265623235779,25.786571096148247,27.660926981195495,5.898401761787085,2000,2024,HFI_Mu_2022,23.680629558469278,25.18265623235779,25.786571096148247,27.660926981195495,28.962255811614973
1928,122.34726400734631,37.13988999687413,33.00988842706976,32.4310980639765,26.361785626923556,28.054140533353948,29.22189455612747,30.51284492727111,6.648102800146205,2000,2024,HFI_Mu_2022,26.361785626923556,28.054140533353948,29.22189455612747,30.51284492727111,32.72049324552313
1950,77.7042720763386,36.358042728037645,1.2956865901460806,1.2894097988912065,1.2495107404017662,1.271988587548776,1.2639388906595794,1.2857637197027052,0.04617584974431432,2000,2024,HFI_Mu_2022,1.2495107404017662,1.271988587548776,1.2639388906595794,1.2857637197027052,1.2925481945186434
1951,78.60258736045813,36.358042728037645,1.5113520826021039,1.5113520826021039,1.3971570949807885,1.4053917011417438,1.418218744422892,1.4786458513628906,0.1141949876213153,2000,2024,HFI_Mu_2022,1.3971570949807885,1.4053917011417438,1.418218744422892,1.4786458513628906,1.5113520826021039
1952,79.50090264457765,36.358042728037645,2.5099208253073892,2.5132878287838594,2.443357605336235,2.5210457842708385,2.5084121087211817,2.432784751956307,0.06656321997115411,2000,2024,HFI_Mu_2022,2.443357605336235,2.5210457842708385,2.5084121087211817,2.432784751956307,2.5116043270456245
1953,80.39921792869717,36.358042728037645,4.516806094015917,4.515124136792918,4.230630217046143,4.186776729944427,4.214051001427968,4.408194480089198,0.2861758769697733,2000,2024,HFI_Mu_2022,4.230630217046143,4.186776729944427,4.214051001427968,4.408194480089198,4.515965115404417
1967,92.97563190637047,36.358042728037645,0.40114348086376256,0.32597507930879027,0.30365159961861216,0.3035789064122497,0.304573217770795,0.3133939757328015,0.0974918812451504,2000,2024,HFI_Mu_2022,0.30365159961861216,0.3035789064122497,0.304573217770795,0.3133939757328015,0.3635592800862764
1968,93.87394719048999,36.358042728037645,0.6713181171796467,0.6671852533615141,0.6293489715687438,0.6467998551156606,0.6257794262845612,0.6266925277535393,0.041969145610902925,2000,2024,HFI_Mu_2022,0.6293489715687438,0.6467998551156606,0.6257794262845612,0.6266925277535393,0.6692516852705804
1969,94.7722624746095,36.358042728037645,4.617316341448446,4.375455266426975,3.308911064672406,3.5003492116157457,3.4752098472335473,3.9222600515209813,1.3084052767760403,2000,2024,HFI_Mu_2022,3.308911064672406,3.5003492116157457,3.4752098472335473,3.9222600515209813,4.496385803937711
1970,95.67057775872902,36.358042728037645,1.4521006629049393,1.4315894123354922,1.2900144057770144,1.2582408145295687,1.2289381714210519,1.3457396910037407,0.1620862571279249,2000,2024,HFI_Mu_2022,1.2900144057770144,1.2582408145295687,1.2289381714210519,1.3457396910037407,1.4418450376202157
1971,96.56889304284854,36.358042728037645,2.1271270213350353,2.1164154682419123,1.7817240394221028,1.8274353034637094,1.8863220135586087,1.9994866022932303,0.3454029819129325,2000,2024,HFI_Mu_2022,1.7817240394221028,1.8274353034637094,1.8863220135586087,1.9994866022932303,2.121771244788474
1972,97.46720832696808,36.358042728037645,2.820274126795267,2.805421882844079,2.3715042088398053,2.4379789484280012,2.3304584007905813,2.5803201816018886,0.44876991795546184,2000,2024,HFI_Mu_2022,2.3715042088398053,2.4379789484280012,2.3304584007905813,2.5803201816018886,2.8128480048196733
1973,98.3655236110876,36.358042728037645,4.512328656375199,4.457223803813108,3.804029825451581,3.8586232090879506,3.977133663657174,4.245975950109854,0.7082988309236176,2000,2024,HFI_Mu_2022,3.804029825451581,3.8586232090879506,3.977133663657174,4.245975950109854,4.484776230094154
1974,99.26383889520712,36.358042728037645,5.602180034962448,5.6055480690361605,5.449444497299574,5.394725110913374,5.402832277552598,5.513766506352603,0.15273553766287407,2000,2024,HFI_Mu_2022,5.449444497299574,5.394725110913374,5.402832277552598,5.513766506352603,5.603864051999304
1975,100.16215417932663,36.358042728037645,8.464724711186665,8.389579318589233,7.75477497394128,7.7533993238624825,7.840815620134831,8.22063690287132,0.7099497372453856,2000,2024,HFI_Mu_2022,7.75477497394128,7.7533993238624825,7.840815620134831,8.22063690287132,8.427152014887948
1976,101.06046946344617,36.358042728037645,11.6900230377575,11.64003116656853,10.614921347132363,10.676237499783227,10.65589026358283,11.052797174906198,1.0751016906251376,2000,2024,HFI_Mu_2022,10.614921347132363,10.676237499783227,10.65589026358283,11.052797174906198,11.665027102163016
1977,101.95878474756569,36.358042728037645,18.846917876381372,18.48993954014114,16.282410340860856,16.67131996059914,16.96630404146578,17.546816471011986,2.564507535520516,2000,2024,HFI_Mu_2022,16.282410340860856,16.67131996059914,16.96630404146578,17.546816471011986,18.668428708261256
1978,102.8571000316852,36.358042728037645,14.00477722826093,14.119457428679132,13.161083407249444,13.357898518678113,13.453038335740885,13.561623232851275,0.8436938210114864,2000,2024,HFI_Mu_2022,13.161083407249444,13.357898518678113,13.453038335740885,13.561623232851275,14.06211732847003
1979,103.75541531580473,36.358042728037645,19.39092819596563,19.09788322835513,15.774072320482437,16.451657051225666,16.52008319733009,17.43686053644892,3.616855875483191,2000,2024,HFI_Mu_2022,15.774072320482437,16.451657051225666,16.52008319733009,17.43686053644892,19.24440571216038
1980,104.65373059992424,36.358042728037645,13.17854690993409,13.236444162468347,12.219980844893634,12.322863473676131,12.2393539450465,12.494899488816726,0.9585660650404559,2000,2024,HFI_Mu_2022,12.219980844893634,12.322863473676131,12.2393539450465,12.494899488816726,13.207495536201218
1981,105.55204588404376,36.35804272803766,11.607335389992276,11.67819550594205,11.103628275516312,11.145653667090901,10.915572475285058,11.340179390961291,0.5037071144759633,2000,2024,HFI_Mu_2022,11.103628275516312,11.145653667090901,10.915572475285058,11.340179390961291,11.642765447967163
1982,106.45036116816328,36.35804272803764,12.302156282441263,12.278514165329838,11.39188732197249,11.38367819848065,11.369273472503261,11.74249007115491,0.9102689604687733,2000,2024,HFI_Mu_2022,11.39188732197249,11.38367819848065,11.369273472503261,11.74249007115491,12.29033522388555
1983,107.34867645228282,36.35804272803764,13.970729357542707,13.39125003288935,12.304715394973755,12.15955616913017,12.07296171633792,12.620862257462365,1.666013962568952,2000,2024,HFI_Mu_2022,12.304715394973755,12.15955616913017,12.07296171633792,12.620862257462365,13.680989695216027
1984,108.24699173640234,36.358042728037645,12.790700786917226,12.608729558980608,10.177448200165113,10.408571023805301,10.860301129417314,11.798283587255206,2.613252586752113,2000,2024,HFI_Mu_2022,10.177448200165113,10.408571023805301,10.860301129417314,11.798283587255206,12.699715172948917
1985,109.14530702052186,36.358042728037645,12.203452782323543,11.484152841487681,10.226481122328812,10.445431759065041,10.456748630930793,11.022514091171763,1.9769716599947316,2000,2024,HFI_Mu_2022,10.226481122328812,10.445431759065041,10.456748630930793,11.022514091171763,11.843802811905611
1986,110.04362230464136,36.35804272803764,12.392638710270282,12.359224372904205,10.975142037742593,11.325257129550947,11.39293457084824,12.053999652509281,1.4174966725276885,2000,2024,HFI_Mu_2022,10.975142037742593,11.325257129550947,11.39293457084824,12.053999652509281,12.375931541587242
1987,110.94193758876088,36.35804272803764,13.175377159165379,12.796023865166639,12.578450280881516,12.619501645085714,11.957696698778275,12.389738337330314,0.5969268782838633,2000,2024,HFI_Mu_2022,12.578450280881516,12.619501645085714,11.957696698778275,12.389738337330314,12.985700512166009
1988,111.84025287288041,36.358042728037645,18.998391409185928,18.60895082568918,17.34292330630956,18.021026411587798,17.34338826200157,17.854965591379578,1.655468102876366,2000,2024,HFI_Mu_2022,17.34292330630956,18.021026411587798,17.34338826200157,17.854965591379578,18.803671117437553
1989,112.73856815699993,36.358042728037645,19.676972398854264,19.794864445897392,17.15328732703051,18.14036744630479,18.15232464115591,18.776005281196444,2.5236850718237527,2000,2024,HFI_Mu_2022,17.15328732703051,18.14036744630479,18.15232464115591,18.776005281196444,19.73591842237583
1990,113.63688344111941,36.35804272803762,20.93715623796378,21.013456902458028,18.29603421409153,19.098444045875247,19.01832588631583,19.644072379590465,2.6411220238722493,2000,2024,HFI_Mu_2022,18.29603421409153,19.098444045875247,19.01832588631583,19.644072379590465,20.975306570210904
1991,114.53519872523897,36.35804272803766,34.35248921012089,33.998271080486845,29.125431140909008,30.466755034346953,31.258935583662083,32.197823030109845,5.2270580692118855,2000,2024,HFI_Mu_2022,29.125431140909008,30.466755034346953,31.258935583662083,32.197823030109845,34.17538014530387
1992,115.4335140093584,36.35804272803764,33.29507639709921,31.974897939797913,25.780326164755945,27.066915764626913,27.682442990193117,30.2215431869696,7.514750232343264,2000,2024,HFI_Mu_2022,25.780326164755945,27.066915764626913,27.682442990193117,30.2215431869696,32.63498716844856
1993,116.33182929347797,36.35804272803764,31.144094536523873,30.30527124724697,24.65921769954767,25.943913982502625,26.45029602969264,28.456964340861223,6.484876836976202,2000,2024,HFI_Mu_2022,24.65921769954767,25.943913982502625,26.45029602969264,28.456964340861223,30.724682891885422
1994,117.23014457759756,36.358042728037645,30.477276611167525,30.114034914196598,24.627164499276414,26.39419914423434,26.652300501117953,27.621621537266957,5.850112111891111,2000,2024,HFI_Mu_2022,24.627164499276414,26.39419914423434,26.652300501117953,27.621621537266957,30.29565576268206
1995,118.12845986171706,36.358042728037645,25.979491559087883,25.471155659153368,21.637663418815375,22.78186284350006,22.788042386409373,23.460460433764382,4.341828140272508,2000,2024,HFI_Mu_2022,21.637663418815375,22.78186284350006,22.788042386409373,23.460460433764382,25.725323609120625
1996,119.0267751458366,36.358042728037645,30.398903391793564,29.932361881643555,24.22253415044611,26.223515190928605,26.728050045850356,27.987676529457485,6.176369241347455,2000,2024,HFI_Mu_2022,24.22253415044611,26.223515190928605,26.728050045850356,27.987676529457485,30.16563263671856
1997,119.90429364743613,36.37582446958123,32.27365358587461,31.90106730911422,25.67987822050992,28.25710560608071,28.162626097656624,29.739873676436748,6.593775365364692,2000,2024,HFI_Mu_2022,25.67987822050992,28.25710560608071,28.162626097656624,29.739873676436748,32.08736044749442
1998,120.63521252907444,36.46514627078322,32.88883633959603,33.12515764325267,26.350111816389227,28.49978664469987,28.477040954185725,30.897679488419282,6.538724523206806,2000,2024,HFI_Mu_2022,26.350111816389227,28.49978664469987,28.477040954185725,30.897679488419282,33.00699699142435
2024,79.50090264457765,35.63125108320182,1.4464262582788803,1.4019953390469733,1.3410969351757207,1.3638802752688366,1.399296226741122,1.394520688217092,0.10532932310315957,2000,2024,HFI_Mu_2022,1.3410969351757207,1.3638802752688366,1.399296226741122,1.394520688217092,1.4242107986629269
2027,82.19584849693621,35.63125108320182,0.4133742565383622,0.4088115188935103,0.401386835211598,0.40189671344880923,0.4055708926153646,0.4109304868480471,0.01198742132676417,2000,2024,HFI_Mu_2022,0.401386835211598,0.40189671344880923,0.4055708926153646,0.4109304868480471,0.4110928877159362
2028,83.09416378105573,35.63125108320182,0.0753381868590615,0.0753381868590615,0.0753381868590615,0.0753381868590615,0.0753381868590615,0.0753381868590615,0,2000,2024,HFI_Mu_2022,0.0753381868590615,0.0753381868590615,0.0753381868590615,0.0753381868590615,0.0753381868590615
2039,92.97563190637047,35.63125108320182,0.36532145568959873,0.36532145568959873,0.3502440316728247,0.3497207382760009,0.35210907677895104,0.3553687988168978,0.015077424016774033,2000,2024,HFI_Mu_2022,0.3502440316728247,0.3497207382760009,0.35210907677895104,0.3553687988168978,0.36532145568959873
2040,93.87394719048999,35.63125108320182,1.4853261448923911,1.4853261448923911,1.3521716006987012,1.3830041155511295,1.395203147181288,1.4280484049272355,0.13315454419368988,2000,2024,HFI_Mu_2022,1.3521716006987012,1.3830041155511295,1.395203147181288,1.4280484049272355,1.4853261448923911
2041,94.7722624746095,35.63125108320182,1.0625166635420638,1.0717998767213541,0.9591515389922637,0.9640813741567095,0.979868058750149,1.0289898020951929,0.10336512454980007,2000,2024,HFI_Mu_2022,0.9591515389922637,0.9640813741567095,0.979868058750149,1.0289898020951929,1.067158270131709
2044,97.46720832696808,35.63125108320182,1.9753434593471657,1.9727563339388592,1.806181542331013,1.8413614110048595,1.8323774567868019,1.9186152292174838,0.16916191701615269,2000,2024,HFI_Mu_2022,1.806181542331013,1.8413614110048595,1.8323774567868019,1.9186152292174838,1.9740498966430124
2045,98.3655236110876,35.63125108320182,3.4006739536655144,3.397326418650419,3.0136097191367583,3.065354285275363,3.0951043142281285,3.2532297466505757,0.38706423452875605,2000,2024,HFI_Mu_2022,3.0136097191367583,3.065354285275363,3.0951043142281285,3.2532297466505757,3.3990001861579664
2046,99.26383889520712,35.63125108320182,5.985791854405131,5.9809249346881765,5.738292150216411,5.705673299905465,5.716753307658004,5.877098847849741,0.24749970418872014,2000,2024,HFI_Mu_2022,5.738292150216411,5.705673299905465,5.716753307658004,5.877098847849741,5.983358394546654
2047,100.16215417932663,35.63125108320182,10.726883359910511,10.693219993501243,10.269799520618935,10.266920754134155,10.16534377186696,10.481742166583082,0.4570838392915757,2000,2024,HFI_Mu_2022,10.269799520618935,10.266920754134155,10.16534377186696,10.481742166583082,10.710051676705877
2048,101.06046946344617,35.63125108320182,9.687525007713875,9.656474780129152,9.352388794708833,9.308791063329037,9.125812111597627,9.503327335360568,0.3351362130050415,2000,2024,HFI_Mu_2022,9.352388794708833,9.308791063329037,9.125812111597627,9.503327335360568,9.671999893921512
2049,101.95878474756569,35.6312510832018,11.606675622418269,11.698967073194302,10.89267393083758,10.951691161795834,10.824017600639023,11.199993584024066,0.7140016915806893,2000,2024,HFI_Mu_2022,10.89267393083758,10.951691161795834,10.824017600639023,11.199993584024066,11.652821347806285
2050,102.8571000316852,35.63125108320182,17.26336556326279,17.057741371989067,15.504617499426448,15.631262009658721,15.639316270382638,16.20233548976574,1.758748063836343,2000,2024,HFI_Mu_2022,15.504617499426448,15.631262009658721,15.639316270382638,16.20233548976574,17.16055346762593
2051,103.75541531580473,35.63125108320182,20.883094140181655,21.09968199239442,18.801855689639083,19.065892670260503,19.26293203261881,19.765764513686165,2.081238450542571,2000,2024,HFI_Mu_2022,18.801855689639083,19.065892670260503,19.26293203261881,19.765764513686165,20.99138806628804
2052,104.65373059992424,35.63125108320182,17.12875169916603,17.278146778176364,16.316211843272868,16.37150230698027,16.324942839562983,16.69508100100304,0.8125398558931636,2000,2024,HFI_Mu_2022,16.316211843272868,16.37150230698027,16.324942839562983,16.69508100100304,17.203449238671197
2053,105.55204588404376,35.63125108320182,18.723640257335788,18.828687386586697,18.02137215154154,18.01205118560037,17.930980699190656,18.107401718952694,0.7022681057942464,2000,2024,HFI_Mu_2022,18.02137215154154,18.01205118560037,17.930980699190656,18.107401718952694,18.77616382196124
2054,106.45036116816328,35.63125108320182,17.920790928214775,18.021443605205206,17.054696062417275,17.12816831255852,17.168788357546095,17.42545461654663,0.8660948657974998,2000,2024,HFI_Mu_2022,17.054696062417275,17.12816831255852,17.168788357546095,17.42545461654663,17.97111726670999
2055,107.34867645228282,35.63125108320182,20.815394746287726,20.712073659519216,19.00497684971138,19.2780291801032,19.3452307126379,20.122580377495655,1.8104178965763467,2000,2024,HFI_Mu_2022,19.00497684971138,19.2780291801032,19.3452307126379,20.122580377495655,20.76373420290347
2056,108.24699173640234,35.63125108320182,15.924447564193285,15.517598247963544,14.158495642315126,14.094944707516303,14.103116022760284,14.742245670068936,1.765951921878159,2000,2024,HFI_Mu_2022,14.158495642315126,14.094944707516303,14.103116022760284,14.742245670068936,15.721022906078414
2057,109.14530702052186,35.63125108320182,14.463977572399447,14.122692878669735,12.895900191736084,13.191618469820558,13.202029093616975,13.643362911156443,1.5680773806633628,2000,2024,HFI_Mu_2022,12.895900191736084,13.191618469820558,13.202029093616975,13.643362911156443,14.293335225534591
2058,110.04362230464137,35.6312510832018,12.56216736449204,12.720536247898862,11.878375387811277,12.075891024724744,11.894024366412983,12.33111426821597,0.6837919766807641,2000,2024,HFI_Mu_2022,11.878375387811277,12.075891024724744,11.894024366412983,12.33111426821597,12.641351806195452
2059,110.9419375887609,35.63125108320182,25.721917479916815,25.49685886077427,22.285847838322262,23.402866046300364,23.052758162042355,24.30490520687833,3.4360696415945533,2000,2024,HFI_Mu_2022,22.285847838322262,23.402866046300364,23.052758162042355,24.30490520687833,25.609388170345543
2060,111.84025287288041,35.63125108320182,17.77920142386436,17.52637480253284,16.19665957320451,16.83133895465368,16.196075405978778,16.911976696076202,1.582541850659851,2000,2024,HFI_Mu_2022,16.19665957320451,16.83133895465368,16.196075405978778,16.911976696076202,17.6527881131986
2061,112.73856815699993,35.63125108320182,21.645686747963993,21.44916026044066,18.56875304413683,19.495682419941662,19.27994997592738,19.760089064057727,3.0769337038271622,2000,2024,HFI_Mu_2022,18.56875304413683,19.495682419941662,19.27994997592738,19.760089064057727,21.547423504202328
2062,113.63688344111945,35.63125108320182,21.31254405662245,21.176344786563494,18.98080599950916,19.75928896360467,19.849006016250065,20.205857868241072,2.3317380571132915,2000,2024,HFI_Mu_2022,18.98080599950916,19.75928896360467,19.849006016250065,20.205857868241072,21.244444421592974
2063,114.53519872523898,35.63125108320182,31.24605897041769,30.186924214270228,24.72802858525344,25.824607716198745,26.4291853927942,28.598910105061545,6.5180303851642485,2000,2024,HFI_Mu_2022,24.72802858525344,25.824607716198745,26.4291853927942,28.598910105061545,30.716491592343957
2064,115.43351400935869,35.631251083201825,33.22025003100871,32.38781444196595,26.529099063411767,27.42529433315302,27.8026725053243,29.919478994510868,6.691150967596943,2000,2024,HFI_Mu_2022,26.529099063411767,27.42529433315302,27.8026725053243,29.919478994510868,32.80403223648733
2065,116.33182929347805,35.631251083201825,31.323724995145984,30.44934603980534,23.82028495211377,25.643489798560132,27.03061467232252,28.74758678151309,7.503440043032214,2000,2024,HFI_Mu_2022,23.82028495211377,25.643489798560132,27.03061467232252,28.74758678151309,30.886535517475664
2066,117.23014457759756,35.63125108320182,31.32412454544418,30.606271394621313,25.23923040387256,26.513751243851758,27.005787163859434,28.388586822901164,6.0848941415716205,2000,2024,HFI_Mu_2022,25.23923040387256,26.513751243851758,27.005787163859434,28.388586822901164,30.965197970032747
2067,118.12845986171706,35.63125108320182,28.897406487835834,28.04495875053998,23.344467663768583,24.381891583104277,24.576583952569113,25.89145047099537,5.552938824067251,2000,2024,HFI_Mu_2022,23.344467663768583,24.381891583104277,24.576583952569113,25.89145047099537,28.471182619187907
2068,119.0259319901902,35.631947679542264,30.614582936734248,29.638127115584286,24.070206719237003,25.20076346854706,25.727762856524272,27.59362690749016,6.544376217497245,2000,2024,HFI_Mu_2022,24.070206719237003,25.20076346854706,25.727762856524272,27.59362690749016,30.126355026159267
2069,119.73521038494334,35.77315917428712,31.485340746506683,30.422920434529544,24.732698038991373,26.407578159379597,26.42622613729917,27.93916748563954,6.75264270751531,2000,2024,HFI_Mu_2022,24.732698038991373,26.407578159379597,26.42622613729917,27.93916748563954,30.954130590518112
2111,92.97563190637047,34.89779093037981,2.6329048893775795,2.635268955712342,2.302786450283068,2.318162479761676,2.3771809503051067,2.4696456954593495,0.33011843909451155,2000,2024,HFI_Mu_2022,2.302786450283068,2.318162479761676,2.3771809503051067,2.4696456954593495,2.634086922544961
2112,93.87394719048999,34.89779093037981,1.7480268590846593,1.7486179630416323,1.6362826779030717,1.6530513779134426,1.6483772042674252,1.678477292950124,0.11174418118158758,2000,2024,HFI_Mu_2022,1.6362826779030717,1.6530513779134426,1.6483772042674252,1.678477292950124,1.7483224110631457
2113,94.7722624746095,34.89779093037981,2.9144386371917768,2.9144386371917768,2.7115034319496725,2.687925143791378,2.711546952552566,2.788179613484693,0.2029352052421043,2000,2024,HFI_Mu_2022,2.7115034319496725,2.687925143791378,2.711546952552566,2.788179613484693,2.9144386371917768
2114,95.67057775872902,34.89779093037981,3.3390649037675635,3.3423154949250216,3.0754547844394318,3.094878997780321,3.121575872980754,3.222259684416287,0.2636101193281317,2000,2024,HFI_Mu_2022,3.0754547844394318,3.094878997780321,3.121575872980754,3.222259684416287,3.3406901993462927
2116,97.46720832696808,34.89779093037981,2.661545862905139,2.662137054155509,2.6310597567709215,2.620942340808349,2.634583829960475,2.649334423849373,0.03048610613421765,2000,2024,HFI_Mu_2022,2.6310597567709215,2.620942340808349,2.634583829960475,2.649334423849373,2.661841458530324
2117,98.3655236110876,34.89779093037981,3.7305124861017824,3.718097469773548,3.346645862225277,3.4128193676365997,3.3947698470582774,3.5478166883738127,0.3838666238765054,2000,2024,HFI_Mu_2022,3.346645862225277,3.4128193676365997,3.3947698470582774,3.5478166883738127,3.724304977937665
2118,99.26383889520712,34.89779093037981,8.038749015988161,8.035498905400262,7.693409858346602,7.5899691174206065,7.627015268420482,7.802558936789568,0.3453391576415594,2000,2024,HFI_Mu_2022,7.693409858346602,7.5899691174206065,7.627015268420482,7.802558936789568,8.037123960694212
2119,100.16215417932663,34.89779093037981,11.233346829725118,11.24664666703062,10.561631874441307,10.622113856604097,10.705849059772788,10.965860166700478,0.6717149552838109,2000,2024,HFI_Mu_2022,10.561631874441307,10.622113856604097,10.705849059772788,10.965860166700478,11.23999674837787
2120,101.06046946344617,34.89779093037981,9.024770553203282,9.00910630119733,8.789251991718439,8.686372424080997,8.590199901132088,8.84295621136011,0.2355185614848434,2000,2024,HFI_Mu_2022,8.789251991718439,8.686372424080997,8.590199901132088,8.84295621136011,9.016938427200305
2121,101.95878474756569,34.89779093037981,8.796634631542785,8.774041602827007,8.604519866692971,8.56131419903839,8.466765115370922,8.644843225252396,0.19211476484981382,2000,2024,HFI_Mu_2022,8.604519866692971,8.56131419903839,8.466765115370922,8.644843225252396,8.785338117184896
2122,102.8571000316852,34.89779093037981,10.817428466467467,10.774548086104053,10.189208418664082,10.244914918437294,10.152082383518087,10.483703807315829,0.628220047803385,2000,2024,HFI_Mu_2022,10.189208418664082,10.244914918437294,10.152082383518087,10.483703807315829,10.79598827628576
2123,103.75541531580473,34.89779093037981,15.155093783074992,15.394852162253176,14.71896966480483,14.72620959346054,14.68093304080157,14.938338309781917,0.43612411827016295,2000,2024,HFI_Mu_2022,14.71896966480483,14.72620959346054,14.68093304080157,14.938338309781917,15.274972972664084
2124,104.65373059992424,34.89779093037981,19.391400079954035,19.587126836462506,18.56685107678668,18.605274824667767,18.650034078962697,18.994346143294734,0.8245490031673555,2000,2024,HFI_Mu_2022,18.56685107678668,18.605274824667767,18.650034078962697,18.994346143294734,19.48926345820827
2125,105.55204588404376,34.89779093037981,22.937907933131868,22.779520454162927,21.34269402177573,21.463054379173865,21.58135082085058,22.087961082041343,1.5952139113561365,2000,2024,HFI_Mu_2022,21.34269402177573,21.463054379173865,21.58135082085058,22.087961082041343,22.858714193647398
2126,106.45036116816328,34.89779093037983,17.418345928579296,16.960042804717173,16.111282971393123,16.2025110277061,16.363730733852876,16.505361140777413,1.3070629571861723,2000,2024,HFI_Mu_2022,16.111282971393123,16.2025110277061,16.363730733852876,16.505361140777413,17.189194366648234
2127,107.34867645228282,34.89779093037981,15.729785388164652,15.565627839305613,14.802607780653563,14.867717344298995,15.046785741537981,15.15256559350245,0.9271776075110889,2000,2024,HFI_Mu_2022,14.802607780653563,14.867717344298995,15.046785741537981,15.15256559350245,15.647706613735131
2128,108.24699173640235,34.89779093037981,20.511321201565668,19.814772614041935,17.786797122443293,18.040460792770578,18.52742445343716,19.250314702333174,2.724524079122375,2000,2024,HFI_Mu_2022,17.786797122443293,18.040460792770578,18.52742445343716,19.250314702333174,20.163046907803803
2129,109.14530702052186,34.89779093037981,27.3845061807569,26.85977664349789,22.86760152582759,23.704457941781303,24.69624035050053,25.606297917094658,4.516904654929309,2000,2024,HFI_Mu_2022,22.86760152582759,23.704457941781303,24.69624035050053,25.606297917094658,27.122141412127398
2130,110.04362230464139,34.89779093037983,26.112360620970495,25.42762404962826,21.806303174082664,22.327901661686525,23.053378473337354,24.654933412887377,4.306057446887831,2000,2024,HFI_Mu_2022,21.806303174082664,22.327901661686525,23.053378473337354,24.654933412887377,25.769992335299378
2131,110.9419375887609,34.89779093037981,25.271314298620748,24.82789952608515,21.24820776596199,21.920313397104476,22.1784192190604,23.78792954938199,4.023106532658758,2000,2024,HFI_Mu_2022,21.24820776596199,21.920313397104476,22.1784192190604,23.78792954938199,25.04960691235295
2132,111.84025287288041,34.89779093037981,19.235633389446583,19.12299020680745,17.511084099595955,18.02197269733233,17.89565049637494,18.429841856899355,1.7245492898506285,2000,2024,HFI_Mu_2022,17.511084099595955,18.02197269733233,17.89565049637494,18.429841856899355,19.179311798127017
2133,112.73856815699993,34.89779093037981,30.512873050345032,30.020861366503908,25.533765998151566,27.00651057585898,27.155109259641197,28.20954338635536,4.979107052193466,2000,2024,HFI_Mu_2022,25.533765998151566,27.00651057585898,27.155109259641197,28.20954338635536,30.266867208424472
2134,113.63688344111945,34.89779093037981,36.04016916665516,35.726205745028814,29.243569570881125,31.45753142969395,32.507129305129745,33.915501683778615,6.796599595774037,2000,2024,HFI_Mu_2022,29.243569570881125,31.45753142969395,32.507129305129745,33.915501683778615,35.88318745584199
2135,114.53519872523891,34.8977909303798,31.29887476441641,29.883562177863816,24.132030558899228,25.45528474338853,26.009087326780996,27.80419348826077,7.166844205517183,2000,2024,HFI_Mu_2022,24.132030558899228,25.45528474338853,26.009087326780996,27.80419348826077,30.591218471140113
2136,115.43351400935839,34.89779093037983,29.073781313231105,27.802962181007803,21.224779119454197,22.09092778834061,22.787809530935103,25.334210016233403,7.849002193776908,2000,2024,HFI_Mu_2022,21.224779119454197,22.09092778834061,22.787809530935103,25.334210016233403,28.438371747119454
2137,116.33182929347818,34.89779093037983,28.48030803394726,27.040792642343032,20.731620655724416,21.501286599109115,22.564066504509853,24.803531131609915,7.748687378222844,2000,2024,HFI_Mu_2022,20.731620655724416,21.501286599109115,22.564066504509853,24.803531131609915,27.760550338145144
2138,117.23014457759756,34.89779093037981,28.748186460515242,27.933460195497712,22.718007584095425,24.410079889342285,25.353535999373793,26.004201224392062,6.030178876419818,2000,2024,HFI_Mu_2022,22.718007584095425,24.410079889342285,25.353535999373793,26.004201224392062,28.34082332800648
2139,118.12845986171706,34.89779093037981,32.57132905683823,31.687768750435033,25.248682941377346,27.146108541850516,27.955590937772282,29.560175442086635,7.322646115460884,2000,2024,HFI_Mu_2022,25.248682941377346,27.146108541850516,27.955590937772282,29.560175442086635,32.12954890363663
2140,118.96034491020995,34.88678949516058,32.70202706870386,32.051087643779034,25.47524725727265,26.71259162623791,27.99146555316544,30.034289951222373,7.226779811431214,2000,2024,HFI_Mu_2022,25.47524725727265,26.71259162623791,27.99146555316544,30.034289951222373,32.37655735624145
2171,82.19584849693621,34.15772237235127,0.8033677165497953,0.8033677165497953,0.7465338266209451,0.7465338266209451,0.7465338266209451,0.7465338266209451,0.05683388992885019,2000,2024,HFI_Mu_2022,0.7465338266209451,0.7465338266209451,0.7465338266209451,0.7465338266209451,0.8033677165497953
2182,92.07731662225093,34.15772237235127,1.2902984602873269,1.2700222331834583,1.1806028444662606,1.199219479854759,1.2033405919224593,1.2153314264853001,0.10969561582106624,2000,2024,HFI_Mu_2022,1.1806028444662606,1.199219479854759,1.2033405919224593,1.2153314264853001,1.2801603467353926
2183,92.97563190637047,34.15772237235127,1.744046550522737,1.744046550522737,1.6645006473168653,1.6913115146578803,1.6808431082180018,1.6928832604222048,0.07954590320587163,2000,2024,HFI_Mu_2022,1.6645006473168653,1.6913115146578803,1.6808431082180018,1.6928832604222048,1.744046550522737
2184,93.87394719048999,34.15772237235127,2.419024188944647,2.419611992039372,2.280533644434374,2.2347885330861144,2.2552452954560147,2.3044620737772843,0.13849054451027287,2000,2024,HFI_Mu_2022,2.280533644434374,2.2347885330861144,2.2552452954560147,2.3044620737772843,2.4193180904920095
2186,95.67057775872902,34.15772237235127,7.102570770138945,7.090667757087556,6.624216537226832,6.592724902326792,6.504903550221585,6.884244329083238,0.4783542329121131,2000,2024,HFI_Mu_2022,6.624216537226832,6.592724902326792,6.504903550221585,6.884244329083238,7.096619263613251
2187,96.56889304284854,34.15772237235127,5.800011194964349,5.804712928588552,5.31469493135788,5.290982386906848,5.388726966716667,5.6335618163150025,0.4853162636064692,2000,2024,HFI_Mu_2022,5.31469493135788,5.290982386906848,5.388726966716667,5.6335618163150025,5.802362061776451
2188,97.46720832696808,34.15772237235127,4.536303815268378,4.539973809326388,4.243545551633947,4.1798270040411,4.228665221650952,4.418131160914583,0.2927582636344317,2000,2024,HFI_Mu_2022,4.243545551633947,4.1798270040411,4.228665221650952,4.418131160914583,4.538138812297383
2189,98.3655236110876,34.15772237235126,4.24953746906147,4.25130295386924,4.125423512319195,4.137715209840553,4.157276149092132,4.1957390917141995,0.1241139567422751,2000,2024,HFI_Mu_2022,4.125423512319195,4.137715209840553,4.157276149092132,4.1957390917141995,4.2504202114653555
2191,100.16215417932663,34.15772237235127,9.352004711099543,9.351563794832941,8.592328411070898,8.677376759640964,8.729769503874053,9.039328084911478,0.7596763000286444,2000,2024,HFI_Mu_2022,8.592328411070898,8.677376759640964,8.729769503874053,9.039328084911478,9.351784252966242
2193,101.95878474756569,34.15772237235126,9.06433421451345,9.0602183835429,8.917096415845924,8.771230201028681,8.755386805755153,8.933049099630736,0.1472377986675255,2000,2024,HFI_Mu_2022,8.917096415845924,8.771230201028681,8.755386805755153,8.933049099630736,9.062276299028174
2194,102.8571000316852,34.15772237235127,8.417460079333361,8.449665962457656,8.203567663080552,8.141844717965407,8.055441955468234,8.291917708796614,0.21389241625280953,2000,2024,HFI_Mu_2022,8.203567663080552,8.141844717965407,8.055441955468234,8.291917708796614,8.433563020895509
2195,103.75541531580473,34.15772237235127,9.795010449446623,9.851148672300083,9.480971522404813,9.459142568687758,9.360107570006338,9.525638286336918,0.31403892704181047,2000,2024,HFI_Mu_2022,9.480971522404813,9.459142568687758,9.360107570006338,9.525638286336918,9.823079560873353
2196,104.65373059992424,34.15772237235127,13.70254742749009,13.735519873899802,13.363896910613349,13.33236102639018,13.235633212989843,13.43097655718531,0.33865051687674175,2000,2024,HFI_Mu_2022,13.363896910613349,13.33236102639018,13.235633212989843,13.43097655718531,13.719033650694946
2197,105.55204588404376,34.15772237235127,17.458995091287715,17.473843661941736,16.489332326332704,16.56233482482117,16.594141815627754,17.09258730598703,0.9696627649550109,2000,2024,HFI_Mu_2022,16.489332326332704,16.56233482482117,16.594141815627754,17.09258730598703,17.466419376614724
2198,106.45036116816328,34.15772237235127,9.171469159943197,9.17029372622187,8.898219216721149,8.995609993518467,8.919552040439894,9.020350423606747,0.2732499432220479,2000,2024,HFI_Mu_2022,8.898219216721149,8.995609993518467,8.919552040439894,9.020350423606747,9.170881443082532
2199,107.34867645228282,34.15772237235127,14.131445451280781,14.202505799044621,12.312285323191544,12.634582674833636,13.010648532652704,13.29255416515328,1.819160128089237,2000,2024,HFI_Mu_2022,12.312285323191544,12.634582674833636,13.010648532652704,13.29255416515328,14.166975625162701
2200,108.24699173640234,34.15772237235127,21.984097882798668,21.411975227791306,18.126214699726606,18.781056410574443,19.872321452864437,20.42095692613453,3.8578831830720617,2000,2024,HFI_Mu_2022,18.126214699726606,18.781056410574443,19.872321452864437,20.42095692613453,21.698036555294987
2201,109.14530702052186,34.15772237235127,26.643842333858238,26.26707133192754,22.566281314425844,23.496528687545073,24.52964709576109,25.307932880794937,4.077561019432395,2000,2024,HFI_Mu_2022,22.566281314425844,23.496528687545073,24.52964709576109,25.307932880794937,26.45545683289289
2202,110.04362230464137,34.15772237235127,13.25844380247264,13.11491865675658,12.077106558814583,12.260319841482048,12.640835803411179,12.632257103324987,1.1813372436580565,2000,2024,HFI_Mu_2022,12.077106558814583,12.260319841482048,12.640835803411179,12.632257103324987,13.18668122961461
2203,110.9419375887609,34.15772237235127,13.59124657551623,13.5306137553728,12.932704487576741,13.054310711944165,13.028646216417078,13.27909586410298,0.6585420879394892,2000,2024,HFI_Mu_2022,12.932704487576741,13.054310711944165,13.028646216417078,13.27909586410298,13.560930165444514
2204,111.84025287288041,34.15772237235127,16.10861376003668,15.636012336607807,14.014765778398031,14.372957136507722,14.560085715807288,15.145442539617251,2.093847981638648,2000,2024,HFI_Mu_2022,14.014765778398031,14.372957136507722,14.560085715807288,15.145442539617251,15.872313048322244
2205,112.73856815699993,34.15772237235127,26.041443693103552,25.500663925285817,21.457400885546235,23.26159226391615,23.369959896124083,24.320145116843868,4.584042807557317,2000,2024,HFI_Mu_2022,21.457400885546235,23.26159226391615,23.369959896124083,24.320145116843868,25.771053809194683
2206,113.63688344111945,34.15772237235127,32.60191173844922,31.954058455047697,26.138832761090256,28.177019836690334,28.54315686639253,29.857701083053534,6.463078977358961,2000,2024,HFI_Mu_2022,26.138832761090256,28.177019836690334,28.54315686639253,29.857701083053534,32.27798509674846
2207,114.53519872523898,34.15772237235127,31.243834128121183,28.26543241077778,24.846057838435456,25.432284910153523,25.604056332543475,27.106110273100743,6.397776289685726,2000,2024,HFI_Mu_2022,24.846057838435456,25.432284910153523,25.604056332543475,27.106110273100743,29.75463326944948
2208,115.43351400935852,34.15772237235128,31.50531597744513,30.179520017277568,23.991408300665544,24.962829300020754,25.398422622442876,28.016995560916577,7.513907676779585,2000,2024,HFI_Mu_2022,23.991408300665544,24.962829300020754,25.398422622442876,28.016995560916577,30.84241799736135
2209,116.33182929347805,34.15772237235126,29.360960421458472,27.564583573602075,22.210496615550575,22.78310695793403,23.16335466060829,25.60841217565228,7.150463805907897,2000,2024,HFI_Mu_2022,22.210496615550575,22.78310695793403,23.16335466060829,25.60841217565228,28.462771997530275
2210,117.2301445775975,34.157722372351216,29.549428875679652,28.349690178302037,22.714147537161622,23.722699808469145,24.887179414878617,26.690636258304252,6.83528133851803,2000,2024,HFI_Mu_2022,22.714147537161622,23.722699808469145,24.887179414878617,26.690636258304252,28.949559526990846
2211,118.12845986171712,34.15772237235128,27.857167282105195,26.798377730777013,20.114484003334734,21.5232946723371,22.853545277215584,24.806191733036606,7.7426832787704605,2000,2024,HFI_Mu_2022,20.114484003334734,21.5232946723371,22.853545277215584,24.806191733036606,27.327772506441104
2212,119.0267751458366,34.15772237235127,26.492303597410316,24.84184396450875,19.517275575344218,20.263480992128006,21.641092321769356,23.609882477852107,6.975028022066098,2000,2024,HFI_Mu_2022,19.517275575344218,20.263480992128006,21.641092321769356,23.609882477852107,25.667073780959534
2213,119.88273307532573,34.11129333024729,25.15045063157171,23.042996670960054,18.942692893993424,19.707978398520332,20.34810147841481,21.240780491358553,6.207757737578287,2000,2024,HFI_Mu_2022,18.942692893993424,19.707978398520332,20.34810147841481,21.240780491358553,24.096723651265883
2214,120.40990167812144,33.87034137201034,27.377348323201023,24.121534388194714,20.22388411677161,20.81848811363989,22.642465044361675,22.24028856440108,7.153464206429412,2000,2024,HFI_Mu_2022,20.22388411677161,20.81848811363989,22.642465044361675,22.24028856440108,25.74944135569787
2240,79.51589215248086,33.42118976720087,2.4107995483749467,2.3624100569727973,1.9131492174021636,1.9172283530985104,1.9257626836087913,2.0349920158289265,0.4976503309727831,2000,2024,HFI_Mu_2022,1.9131492174021636,1.9172283530985104,1.9257626836087913,2.0349920158289265,2.386604802673872
2241,80.39921792869717,33.41111044324972,2.672103357672436,2.6726743783719362,2.581533821274943,2.581734757445524,2.5922834044563015,2.6435907167677026,0.09056953639749299,2000,2024,HFI_Mu_2022,2.581533821274943,2.581734757445524,2.5922834044563015,2.6435907167677026,2.6723888680221863
2250,88.48405548577286,33.41111044324972,1.3459183328078195,1.3383469041001517,1.3100571466366029,1.3160301156593155,1.3200258405630012,1.3272548249274425,0.035861186171216586,2000,2024,HFI_Mu_2022,1.3100571466366029,1.3160301156593155,1.3200258405630012,1.3272548249274425,1.3421326184539857
2254,92.07731662225093,33.41111044324972,2.800435955959326,2.802864180498678,2.726345027817809,2.7135489741030328,2.7354205118947466,2.761834687351278,0.07409092814151697,2000,2024,HFI_Mu_2022,2.726345027817809,2.7135489741030328,2.7354205118947466,2.761834687351278,2.801650068229002
2255,92.97563190637047,33.41111044324972,1.7143908704952993,1.7143908704952993,1.7170742143827133,1.7009597789712065,1.6984348986962507,1.6982195119440233,-0.0026833438874140914,2000,2024,HFI_Mu_2022,1.7170742143827133,1.7009597789712065,1.6984348986962507,1.6982195119440233,1.7143908704952993
2257,94.7722624746095,33.41111044324972,2.55130985599449,2.551881039806916,2.256621876463675,2.2512132899494457,2.296867140227942,2.396133320335063,0.2946879795308148,2000,2024,HFI_Mu_2022,2.256621876463675,2.2512132899494457,2.296867140227942,2.396133320335063,2.551595447900703
2258,95.67057775872902,33.41111044324972,4.48474955533243,4.4864631065313905,3.9718846543489246,3.9220832652931943,4.0401528370511475,4.313683772093906,0.5128649009835051,2000,2024,HFI_Mu_2022,3.9718846543489246,3.9220832652931943,4.0401528370511475,4.313683772093906,4.48560633093191
2259,96.56889304284854,33.41111044324972,9.498387974874301,9.52637598049159,8.784895817824607,8.73683332038508,8.816850689025022,9.248023637070002,0.7134921570496946,2000,2024,HFI_Mu_2022,8.784895817824607,8.73683332038508,8.816850689025022,9.248023637070002,9.512381977682946
2260,97.46720832696808,33.41111044324972,9.127459521976004,9.216576916052594,8.238751507663482,8.413086800601134,8.43905746364757,8.83543955479578,0.8887080143125221,2000,2024,HFI_Mu_2022,8.238751507663482,8.413086800601134,8.43905746364757,8.83543955479578,9.172018219014298
2261,98.3655236110876,33.41111044324972,7.6371468180731,7.642854580630178,7.152841718773864,7.301126075253639,7.375276153218256,7.466940492935921,0.4843050992992364,2000,2024,HFI_Mu_2022,7.152841718773864,7.301126075253639,7.375276153218256,7.466940492935921,7.640000699351639
2262,99.26383889520712,33.411110443249726,7.513988519259861,7.512559947286333,7.033467670134136,7.045065326826913,7.112590749093465,7.283978489705494,0.48052084912572557,2000,2024,HFI_Mu_2022,7.033467670134136,7.045065326826913,7.112590749093465,7.283978489705494,7.513274233273098
2263,100.16215417932663,33.41111044324972,8.880037029061999,8.886894171919142,8.28288548707962,8.375946231637682,8.471519562516894,8.672182389327459,0.5971515419823792,2000,2024,HFI_Mu_2022,8.28288548707962,8.375946231637682,8.471519562516894,8.672182389327459,8.88346560049057
2264,101.06046946344617,33.411110443249726,9.572108148066022,9.585945523924563,9.069841695478061,9.088788618612902,9.124505852768662,9.298660551362303,0.5022664525879605,2000,2024,HFI_Mu_2022,9.069841695478061,9.088788618612902,9.124505852768662,9.298660551362303,9.579026835995293
2265,101.95878474756569,33.41111044324972,9.16542344498345,9.156572624345408,8.972156514855984,8.930105228138174,8.888834050414735,9.076749693130614,0.1932669301274661,2000,2024,HFI_Mu_2022,8.972156514855984,8.930105228138174,8.888834050414735,9.076749693130614,9.160998034664429
2266,102.8571000316852,33.41111044324972,7.428030919790097,7.381140283689574,7.241244916663671,7.14611312543775,7.138619779228227,7.318034958583786,0.1867860031264259,2000,2024,HFI_Mu_2022,7.241244916663671,7.14611312543775,7.138619779228227,7.318034958583786,7.404585601739836
2267,103.75541531580473,33.41111044324972,6.076770619621084,6.079196418775884,5.90741707074996,5.93298527765934,5.891578227171003,6.022500944693816,0.16935354887112375,2000,2024,HFI_Mu_2022,5.90741707074996,5.93298527765934,5.891578227171003,6.022500944693816,6.077983519198484
2268,104.65373059992424,33.41111044324972,13.660069216486725,13.62628239367682,13.032426789713845,13.08678667652297,13.21351817431672,13.309938258496514,0.62764242677288,2000,2024,HFI_Mu_2022,13.032426789713845,13.08678667652297,13.21351817431672,13.309938258496514,13.643175805081773
2269,105.55204588404376,33.41111044324972,14.181825791343982,14.181093367020175,13.621768089248858,13.684279300074774,13.64411429607239,13.97436536244421,0.5600577020951238,2000,2024,HFI_Mu_2022,13.621768089248858,13.684279300074774,13.64411429607239,13.97436536244421,14.181459579182079
2270,106.45036116816328,33.411110443249726,10.4559528554142,10.489947959829689,9.680665969763423,9.787835317769163,10.188579197591164,10.223397172375012,0.7752868856507771,2000,2024,HFI_Mu_2022,9.680665969763423,9.787835317769163,10.188579197591164,10.223397172375012,10.472950407621944
2271,107.34867645228282,33.41111044324972,11.440573608672706,11.42697773905085,10.06591321915435,10.242100426925347,10.553659533783655,11.093113268509466,1.3746603895183558,2000,2024,HFI_Mu_2022,10.06591321915435,10.242100426925347,10.553659533783655,11.093113268509466,11.433775673861778
2272,108.24699173640234,33.41111044324972,7.15728424609099,7.139575021279195,6.959677020061768,6.986546981295529,6.896545247745936,7.086213389734512,0.19760722602922165,2000,2024,HFI_Mu_2022,6.959677020061768,6.986546981295529,6.896545247745936,7.086213389734512,7.148429633685092
2273,109.14530702052186,33.41111044324972,10.53219316092763,10.53915697294539,10.178538963009501,10.214514040654505,10.260961240903233,10.363622738535947,0.3536541979181287,2000,2024,HFI_Mu_2022,10.178538963009501,10.214514040654505,10.260961240903233,10.363622738535947,10.53567506693651
2274,110.04362230464137,33.41111044324972,11.688506289958953,11.656894379615784,11.310005860498974,11.319357222727367,11.283730609042303,11.419209559474673,0.3785004294599794,2000,2024,HFI_Mu_2022,11.310005860498974,11.319357222727367,11.283730609042303,11.419209559474673,11.672700334787368
2275,110.9419375887609,33.41111044324972,11.746334741544164,11.781608482502842,11.239801659605169,11.337780489278337,11.28491227941603,11.645339390590348,0.5065330819389953,2000,2024,HFI_Mu_2022,11.239801659605169,11.337780489278337,11.28491227941603,11.645339390590348,11.763971612023504
2276,111.84025287288041,33.41111044324972,15.001534832534604,14.43064868137083,12.95810037055017,13.27014181074877,13.288123187510381,13.887798469797598,2.0434344619844342,2000,2024,HFI_Mu_2022,12.95810037055017,13.27014181074877,13.288123187510381,13.887798469797598,14.716091756952718
2277,112.73856815699993,33.41111044324972,24.165393551213402,23.090460460458484,20.152687816313335,20.778479750394823,21.421011752469198,22.69677518231528,4.0127057349000665,2000,2024,HFI_Mu_2022,20.152687816313335,20.778479750394823,21.421011752469198,22.69677518231528,23.627927005835943
2278,113.63688344111945,33.41111044324972,28.374731770757435,26.636439561333194,23.0748172903272,23.80999487647836,24.437005578322562,25.450475805166295,5.299914480430235,2000,2024,HFI_Mu_2022,23.0748172903272,23.80999487647836,24.437005578322562,25.450475805166295,27.505585666045313
2279,114.53519872523897,33.41111044324971,30.3340576579406,28.666773153842346,23.945971980461184,24.56736322054517,24.899340123908306,26.95480740659241,6.388085677479417,2000,2024,HFI_Mu_2022,23.945971980461184,24.56736322054517,24.899340123908306,26.95480740659241,29.500415405891474
2280,115.43351400935852,33.411110443249726,26.3929978824343,24.629426453590394,18.827886541911536,19.141786074774608,19.880031292779105,22.15649941103799,7.5651113405227655,2000,2024,HFI_Mu_2022,18.827886541911536,19.141786074774608,19.880031292779105,22.15649941103799,25.51121216801235
2281,116.33182929347802,33.41111044324972,25.643627490675975,23.191655987947073,18.989423476240418,19.23269442253151,19.977283951352486,21.6549220966789,6.654204014435557,2000,2024,HFI_Mu_2022,18.989423476240418,19.23269442253151,19.977283951352486,21.6549220966789,24.417641739311524
2282,117.23014457759756,33.41111044324972,25.729900732236477,22.537514073654012,18.455566837541177,18.9737808722758,19.838094662557936,21.616154805310856,7.2743338946953,2000,2024,HFI_Mu_2022,18.455566837541177,18.9737808722758,19.838094662557936,21.616154805310856,24.133707402945245
2283,118.12845986171716,33.41111044324973,23.184157387020075,20.65738314785958,17.408630620496165,17.686703408916014,18.249084098410066,19.79605905076495,5.77552676652391,2000,2024,HFI_Mu_2022,17.408630620496165,17.686703408916014,18.249084098410066,19.79605905076495,21.920770267439828
2284,119.0267751458366,33.41111044324972,25.2934710117967,23.877660507408553,19.184912602068458,20.057093778714435,21.016426149377235,22.795620727118905,6.108558409728243,2000,2024,HFI_Mu_2022,19.184912602068458,20.057093778714435,21.016426149377235,22.795620727118905,24.585565759602627
2285,119.9250904299561,33.41111044324972,26.21611643321519,24.70532301291983,19.64250710284906,20.332184214384068,21.54548245691418,23.195259752334913,6.573609330366132,2000,2024,HFI_Mu_2022,19.64250710284906,20.332184214384068,21.54548245691418,23.195259752334913,25.460719723067513
2286,120.51406983108471,33.334651393972884,26.23642407652485,25.02504196567587,19.32740861652343,19.910081252819154,20.823328248207485,23.093200632162535,6.90901546000142,2000,2024,HFI_Mu_2022,19.32740861652343,19.910081252819154,20.823328248207485,23.093200632162535,25.63073302110036
2312,79.58057028964974,32.641837133962426,3.0488810200671446,3.0488810200671446,3.0128956036629284,2.899428960494181,2.8984586575558398,3.0240460664881956,0.03598541640421615,2000,2024,HFI_Mu_2022,3.0128956036629284,2.899428960494181,2.8984586575558398,3.0240460664881956,3.0488810200671446
2313,80.39921792869717,32.65802517638217,2.623394652321303,2.60907283287555,2.4220341490495327,2.398876456802722,2.37873802786524,2.48253612680901,0.20136050327177024,2000,2024,HFI_Mu_2022,2.4220341490495327,2.398876456802722,2.37873802786524,2.48253612680901,2.6162337425984266
2320,86.68742491753382,32.65802517638217,0.8742308765217905,0.8742308765217905,0.8041631295873138,0.8234135272417092,0.8228475223744661,0.8466172566888985,0.0700677469344767,2000,2024,HFI_Mu_2022,0.8041631295873138,0.8234135272417092,0.8228475223744661,0.8466172566888985,0.8742308765217905
2326,92.07731662225093,32.65802517638217,6.050592365571775,6.046385972120758,5.807247420575468,5.860788217452692,5.863947935022134,5.954447680203619,0.24334494499630654,2000,2024,HFI_Mu_2022,5.807247420575468,5.860788217452692,5.863947935022134,5.954447680203619,6.048489168846267
2327,92.97563190637047,32.65802517638217,6.024956408347537,6.03086192015856,5.762737844973232,5.804249432243834,5.851045877110167,5.944923954216514,0.2622185633743044,2000,2024,HFI_Mu_2022,5.762737844973232,5.804249432243834,5.851045877110167,5.944923954216514,6.027909164253048
2328,93.87394719048999,32.65802517638217,4.426634352796533,4.431128735086891,4.251575306124901,4.22269029247292,4.267180320771223,4.344527462911739,0.17505904667163197,2000,2024,HFI_Mu_2022,4.251575306124901,4.22269029247292,4.267180320771223,4.344527462911739,4.428881543941712
2329,94.7722624746095,32.65802517638217,4.629021408007824,4.63141005454111,4.211139610221719,4.257472293973556,4.338276436401918,4.467446608022138,0.4178817977861051,2000,2024,HFI_Mu_2022,4.211139610221719,4.257472293973556,4.338276436401918,4.467446608022138,4.6302157312744665
2330,95.67057775872902,32.65802517638217,8.533815559343006,8.53030432298612,7.488368990029512,7.676656100421809,7.84924434128772,8.235358098249757,1.0454465693134942,2000,2024,HFI_Mu_2022,7.488368990029512,7.676656100421809,7.84924434128772,8.235358098249757,8.532059941164563
2331,96.56889304284854,32.65802517638217,9.999128798827869,10.009097909431919,9.189549729751088,9.27520024324528,9.334480630752244,9.722983586389809,0.809579069076781,2000,2024,HFI_Mu_2022,9.189549729751088,9.27520024324528,9.334480630752244,9.722983586389809,10.004113354129894
2332,97.46720832696808,32.65802517638217,10.633787281955524,10.627191716822352,9.978820082079384,9.96681399704063,10.054469183693767,10.31386831788377,0.6549671998761397,2000,2024,HFI_Mu_2022,9.978820082079384,9.96681399704063,10.054469183693767,10.31386831788377,10.630489499388938
2333,98.3655236110876,32.65802517638217,9.738094259139324,9.766902579625985,8.956870896753266,9.154213417306785,9.267681544854977,9.470656633109039,0.7812233623860578,2000,2024,HFI_Mu_2022,8.956870896753266,9.154213417306785,9.267681544854977,9.470656633109039,9.752498419382654
2334,99.26383889520712,32.65802517638217,8.199914703869666,8.211983185218621,7.4936849378716435,7.772083721400445,7.85385037345094,7.982136487325122,0.7062297659980228,2000,2024,HFI_Mu_2022,7.4936849378716435,7.772083721400445,7.85385037345094,7.982136487325122,8.205948944544144
2335,100.16215417932663,32.65802517638217,8.687304032981922,8.705554769361486,7.97683995512786,8.065029290089626,8.21659815058721,8.42554887459383,0.7104640778540618,2000,2024,HFI_Mu_2022,7.97683995512786,8.065029290089626,8.21659815058721,8.42554887459383,8.696429401171704
2336,101.06046946344617,32.65802517638217,8.77941700206533,8.781244642403028,8.295450504094626,8.35979101816411,8.357702751828702,8.519798732920068,0.48396649797070346,2000,2024,HFI_Mu_2022,8.295450504094626,8.35979101816411,8.357702751828702,8.519798732920068,8.780330822234179
2337,101.95878474756569,32.65802517638217,9.005458996032507,9.01486514492616,8.679630812978738,8.638399665516012,8.623098907955372,8.868403272616735,0.32582818305376904,2000,2024,HFI_Mu_2022,8.679630812978738,8.638399665516012,8.623098907955372,8.868403272616735,9.010162070479334
2338,102.8571000316852,32.65802517638217,6.250828191140032,6.224290701001255,6.122607868898119,6.069352817967245,6.051473624165291,6.121969152671907,0.12822032224191293,2000,2024,HFI_Mu_2022,6.122607868898119,6.069352817967245,6.051473624165291,6.121969152671907,6.237559446070644
2339,103.75541531580473,32.65802517638217,5.712752027389223,5.737748517650782,5.545133039294593,5.548095796968207,5.552050137696449,5.664245012749482,0.16761898809463016,2000,2024,HFI_Mu_2022,5.545133039294593,5.548095796968207,5.552050137696449,5.664245012749482,5.725250272520002
2340,104.65373059992424,32.65802517638217,6.94822636098255,6.862788648404156,6.73373523207672,6.690908419535893,6.701581029342665,6.764012158713507,0.21449112890582978,2000,2024,HFI_Mu_2022,6.73373523207672,6.690908419535893,6.701581029342665,6.764012158713507,6.905507504693353
2341,105.55204588404378,32.65802517638217,13.102251407947412,13.028622593223622,12.538723599552387,12.523010021273148,12.959053586625805,12.954843554483034,0.5635278083950244,2000,2024,HFI_Mu_2022,12.538723599552387,12.523010021273148,12.959053586625805,12.954843554483034,13.065437000585517
2342,106.45036116816328,32.65802517638217,9.899730870885392,9.894255649971523,9.758926294165583,9.734157529922243,9.70029674728784,9.802761751397446,0.14080457671980895,2000,2024,HFI_Mu_2022,9.758926294165583,9.734157529922243,9.70029674728784,9.802761751397446,9.896993260428458
2343,107.34867645228282,32.65802517638217,8.939038742287066,8.85009441222303,8.496218909402568,8.533033097847234,8.626662349439629,8.737295701913457,0.44281983288449744,2000,2024,HFI_Mu_2022,8.496218909402568,8.533033097847234,8.626662349439629,8.737295701913457,8.894566577255048
2344,108.24699173640234,32.65802517638217,12.380567453168453,12.396129623995284,11.956594114943927,11.983396944394856,12.214498431750572,12.12827878163125,0.4239733382245259,2000,2024,HFI_Mu_2022,11.956594114943927,11.983396944394856,12.214498431750572,12.12827878163125,12.38834853858187
2345,109.14530702052186,32.65802517638217,13.358931469659854,13.348321141776722,12.495312936676115,12.57883699648077,12.813946400162148,13.018184759024734,0.8636185329837396,2000,2024,HFI_Mu_2022,12.495312936676115,12.57883699648077,12.813946400162148,13.018184759024734,13.353626305718288
2346,110.04362230464137,32.65802517638217,12.649243428972031,12.611825121907746,12.374674751788755,12.351651726560418,12.300187177061197,12.357349447895539,0.27456867718327693,2000,2024,HFI_Mu_2022,12.374674751788755,12.351651726560418,12.300187177061197,12.357349447895539,12.630534275439889
2347,110.9419375887609,32.65802517638217,14.948645156976484,14.843033147714488,13.800461561758778,13.920296888225675,13.9587524758378,14.433143531132226,1.1481835952177057,2000,2024,HFI_Mu_2022,13.800461561758778,13.920296888225675,13.9587524758378,14.433143531132226,14.895839152345486
2348,111.84025287288041,32.65802517638218,23.48726936790913,21.225826216256422,18.817912675822313,19.181541116154918,19.54745059732407,20.920949554841897,4.669356692086815,2000,2024,HFI_Mu_2022,18.817912675822313,19.181541116154918,19.54745059732407,20.920949554841897,22.356547792082775
2349,112.73856815699993,32.65802517638218,26.34659838800263,23.759294533110502,20.806101069400185,21.487738024059094,21.810503433762936,23.366600221399676,5.540497318602444,2000,2024,HFI_Mu_2022,20.806101069400185,21.487738024059094,21.810503433762936,23.366600221399676,25.052946460556566
2350,113.63688344111945,32.65802517638217,22.225910807627653,21.165962491802823,19.38047950376697,19.68594891443608,19.743384546808013,20.628093389717527,2.845431303860682,2000,2024,HFI_Mu_2022,19.38047950376697,19.68594891443608,19.743384546808013,20.628093389717527,21.695936649715236
2351,114.53519872523898,32.65802517638217,25.3900685705163,22.55860631215984,20.70990551777713,20.807818454452153,20.921685822837112,21.65465493736527,4.680163052739168,2000,2024,HFI_Mu_2022,20.70990551777713,20.807818454452153,20.921685822837112,21.65465493736527,23.97433744133807
2352,115.43351400935852,32.65802517638217,25.813401118525118,23.657515058213704,19.61799409838768,19.814702410073707,20.189092013416744,21.631150933658155,6.195407020137438,2000,2024,HFI_Mu_2022,19.61799409838768,19.814702410073707,20.189092013416744,21.631150933658155,24.735458088369413
2353,116.33182929347802,32.65802517638217,25.72251189359295,23.249278603643347,18.457157490668134,19.029112474026977,20.157965054905254,21.523470473143664,7.265354402924817,2000,2024,HFI_Mu_2022,18.457157490668134,19.029112474026977,20.157965054905254,21.523470473143664,24.48589524861815
2354,117.23014457759756,32.65802517638217,27.20034963072493,25.280683518694854,20.958382889956944,21.604310868111508,22.80676139842391,24.28932719725502,6.241966740767985,2000,2024,HFI_Mu_2022,20.958382889956944,21.604310868111508,22.80676139842391,24.28932719725502,26.240516574709893
2355,118.12845986171706,32.65802517638217,20.94145733928834,19.089422218203797,16.47055930656498,16.79762107963031,17.323318437270505,18.054955425435974,4.470898032723362,2000,2024,HFI_Mu_2022,16.47055930656498,16.79762107963031,17.323318437270505,18.054955425435974,20.01543977874607
2356,119.02677514583655,32.65802517638217,25.733992176773643,24.30886763596595,19.60774908080714,20.691116185496373,21.729716208196667,22.931214477141943,6.126243095966505,2000,2024,HFI_Mu_2022,19.60774908080714,20.691116185496373,21.729716208196667,22.931214477141943,25.021429906369796
2357,119.9250904299561,32.65802517638217,29.535500153851064,28.980810417818933,22.904908230726246,24.59642484191093,25.967107948468755,26.986484533212707,6.630591923124818,2000,2024,HFI_Mu_2022,22.904908230726246,24.59642484191093,25.967107948468755,26.986484533212707,29.258155285835
2358,120.70435844100741,32.60725580025657,28.05401775111757,26.89366605627704,21.21308783824059,22.657801246902597,23.78277890473099,25.463949698495494,6.84092991287698,2000,2024,HFI_Mu_2022,21.21308783824059,22.657801246902597,23.78277890473099,25.463949698495494,27.473841903697306
2359,121.31681376573829,32.34642978303424,30.60871145460341,29.916403729691464,19.591053979009644,20.565374553713024,21.03954225523859,25.496541096613957,11.017657475593765,2000,2024,HFI_Mu_2022,19.591053979009644,20.565374553713024,21.03954225523859,25.496541096613957,30.262557592147438
2384,79.50090264457765,31.898541665651084,3.182298268852287,3.182298268852287,2.9914571270721253,3.0161562692457236,3.0319560503764027,3.128506388302955,0.19084114178016165,2000,2024,HFI_Mu_2022,2.9914571270721253,3.0161562692457236,3.0319560503764027,3.128506388302955,3.182298268852287
2385,80.39921792869717,31.898541665651084,3.185809395947114,3.1863682111920375,3.0607579715485413,3.030984342123217,3.0334282507066055,3.1421328947118754,0.12505142439857275,2000,2024,HFI_Mu_2022,3.0607579715485413,3.030984342123217,3.0334282507066055,3.1421328947118754,3.186088803569576
2386,81.29753321281669,31.898541665651084,2.710267932388695,2.710267932388695,2.590404426262145,2.5822708743636618,2.615710700963855,2.6742850459339764,0.11986350612655006,2000,2024,HFI_Mu_2022,2.590404426262145,2.5822708743636618,2.615710700963855,2.6742850459339764,2.710267932388695
2390,84.89079434929477,31.898541665651084,3.2171024743348373,3.2171024743348373,3.0841633234341184,3.091610921700107,3.1008572200040203,3.1614163882850317,0.13293915090071895,2000,2024,HFI_Mu_2022,3.0841633234341184,3.091610921700107,3.1008572200040203,3.1614163882850317,3.2171024743348373
2392,86.68742491753382,31.898541665651084,2.8010477293880918,2.8010477293880918,2.6869976808283456,2.6847860395587944,2.690811345642404,2.756837993378589,0.11405004855974621,2000,2024,HFI_Mu_2022,2.6869976808283456,2.6847860395587944,2.690811345642404,2.756837993378589,2.8010477293880918
2393,87.58574020165334,31.898541665651084,3.1599176236040334,3.1487413176397068,2.7132339738965134,2.7418552564072454,2.792151373340851,3.070939483744001,0.44668364970751995,2000,2024,HFI_Mu_2022,2.7132339738965134,2.7418552564072454,2.792151373340851,3.070939483744001,3.15432947062187
2394,88.48405548577286,31.898541665651084,3.1427513618068517,3.1427513618068517,2.919890064554127,2.948561360376568,2.995724805144853,3.065116431229498,0.22286129725272463,2000,2024,HFI_Mu_2022,2.919890064554127,2.948561360376568,2.995724805144853,3.065116431229498,3.1427513618068517
2395,89.38237076989238,31.898541665651084,3.1442546550622117,3.1442546550622117,2.942601418949769,2.958031259155553,2.995812156214896,3.0887467573975895,0.2016532361124428,2000,2024,HFI_Mu_2022,2.942601418949769,2.958031259155553,2.995812156214896,3.0887467573975895,3.1442546550622117
2397,91.17900133813141,31.898541665651084,6.9571990858879,6.963346054114987,6.489741776984775,6.609091217339988,6.68916437805082,6.8315758945456295,0.46745730890312487,2000,2024,HFI_Mu_2022,6.489741776984775,6.609091217339988,6.68916437805082,6.8315758945456295,6.960272570001443
2398,92.07731662225093,31.898541665651084,9.559307397052985,9.532907061544206,8.960347428969921,8.895290315475922,8.944198559242714,9.35864453216491,0.5989599680830633,2000,2024,HFI_Mu_2022,8.960347428969921,8.895290315475922,8.944198559242714,9.35864453216491,9.546107229298595
2399,92.97563190637047,31.898541665651084,8.511047673624986,8.518729237338018,7.901338686656685,7.934210052237164,8.037415648672168,8.31672237858426,0.6097089869683012,2000,2024,HFI_Mu_2022,7.901338686656685,7.934210052237164,8.037415648672168,8.31672237858426,8.514888455481502
2400,93.87394719048999,31.898541665651084,10.541944789067099,10.538452193769672,9.66410538566682,9.741150432573614,9.871018981427312,10.188779270525716,0.8778394034002783,2000,2024,HFI_Mu_2022,9.66410538566682,9.741150432573614,9.871018981427312,10.188779270525716,10.540198491418385
2401,94.7722624746095,31.898541665651084,8.115705703495436,8.128814056384781,7.50097370239136,7.628108766517485,7.694003096602316,7.8817354509511635,0.614732001104076,2000,2024,HFI_Mu_2022,7.50097370239136,7.628108766517485,7.694003096602316,7.8817354509511635,8.12225987994011
2402,95.67057775872901,31.89854166565107,8.51657460146017,8.520770405522594,7.888063249904793,7.893815683618292,7.97927022090325,8.230630813878733,0.6285113515553782,2000,2024,HFI_Mu_2022,7.888063249904793,7.893815683618292,7.97927022090325,8.230630813878733,8.518672503491382
2403,96.56889304284854,31.898541665651084,10.941046028838008,10.943141585856585,10.09607023775128,10.323955858842925,10.421917791371907,10.652481055419583,0.8449757910867284,2000,2024,HFI_Mu_2022,10.09607023775128,10.323955858842925,10.421917791371907,10.652481055419583,10.942093807347296
2405,98.3655236110876,31.898541665651084,10.059595612848096,10.066301396186873,9.41894025071835,9.490211719772475,9.621416321943911,9.796035168123632,0.6406553621297455,2000,2024,HFI_Mu_2022,9.41894025071835,9.490211719772475,9.621416321943911,9.796035168123632,10.062948504517484
2406,99.26383889520712,31.898541665651084,9.314967860851738,9.327682685498937,8.529407179520518,8.720505341081724,8.783119111183021,9.051840686424994,0.7855606813312193,2000,2024,HFI_Mu_2022,8.529407179520518,8.720505341081724,8.783119111183021,9.051840686424994,9.321325273175336
2407,100.16215417932663,31.898541665651084,10.656928850329278,10.696869407557362,9.641323263975874,9.901347679305234,9.989663097108771,10.246102694010398,1.015605586353404,2000,2024,HFI_Mu_2022,9.641323263975874,9.901347679305234,9.989663097108771,10.246102694010398,10.676899128943319
2408,101.06046946344617,31.898541665651084,8.76952322732638,8.778183655026805,8.277671677754201,8.390281547496299,8.445842674148533,8.564299638985021,0.49185154957217847,2000,2024,HFI_Mu_2022,8.277671677754201,8.390281547496299,8.445842674148533,8.564299638985021,8.773853441176591
2409,101.95878474756569,31.898541665651084,8.19086975198979,8.174105291211362,7.69687250548816,7.73460785567877,7.739801955342992,7.960942586745987,0.4939972465016309,2000,2024,HFI_Mu_2022,7.69687250548816,7.73460785567877,7.739801955342992,7.960942586745987,8.182487521600576
2410,102.8571000316852,31.898541665651084,6.062183023598094,6.077827666971101,5.804810668556596,5.791557249368145,5.8212719207403465,5.958477627316872,0.2573723550414986,2000,2024,HFI_Mu_2022,5.804810668556596,5.791557249368145,5.8212719207403465,5.958477627316872,6.0700053452845975
2411,103.75541531580473,31.898541665651084,6.031657498889348,6.031517796560323,5.67070366179747,5.662182497253033,5.709629306406278,5.914312831400164,0.3609538370918779,2000,2024,HFI_Mu_2022,5.67070366179747,5.662182497253033,5.709629306406278,5.914312831400164,6.031587647724836
2412,104.65373059992424,31.898541665651084,14.375092593309413,13.802214346176232,12.541686241309465,12.696451554257505,13.062789250749512,13.291468292101698,1.8334063519999475,2000,2024,HFI_Mu_2022,12.541686241309465,12.696451554257505,13.062789250749512,13.291468292101698,14.088653469742823
2413,105.55204588404376,31.898541665651084,15.172486847633254,14.731971848855492,14.38359208637998,14.237697514638866,14.336816394797113,14.477264961950503,0.7888947612532728,2000,2024,HFI_Mu_2022,14.38359208637998,14.237697514638866,14.336816394797113,14.477264961950503,14.952229348244373
2414,106.45036116816328,31.898541665651084,15.196247762034503,14.648601580472079,13.770170559545422,13.50896551715943,13.558191214315151,14.24001468488467,1.4260772024890809,2000,2024,HFI_Mu_2022,13.770170559545422,13.50896551715943,13.558191214315151,14.24001468488467,14.92242467125329
2415,107.34867645228282,31.898541665651084,12.365740203244641,12.10508927567609,11.43901753285724,11.453868858839883,11.491384777581164,11.78280274593925,0.9267226703874005,2000,2024,HFI_Mu_2022,11.43901753285724,11.453868858839883,11.491384777581164,11.78280274593925,12.235414739460365
2416,108.24699173640234,31.898541665651084,10.92674395966856,10.928566703841636,10.760747922987303,10.775103609155352,10.696586612014174,10.66666915318236,0.16599603668125695,2000,2024,HFI_Mu_2022,10.760747922987303,10.775103609155352,10.696586612014174,10.66666915318236,10.927655331755098
2417,109.14530702052187,31.898541665651095,7.203213830802807,7.209220255814979,7.087748433777966,7.098379281966242,6.992035240063972,7.083391740470646,0.11546539702484093,2000,2024,HFI_Mu_2022,7.087748433777966,7.098379281966242,6.992035240063972,7.083391740470646,7.206217043308893
2418,110.04362230464137,31.898541665651084,8.004658196235573,8.006336752076736,8.013451073816363,7.987383486474539,7.840905781175094,7.890463178316885,-0.008792877580789948,2000,2024,HFI_Mu_2022,8.013451073816363,7.987383486474539,7.840905781175094,7.890463178316885,8.005497474156154
2419,110.9419375887609,31.898541665651084,9.557044755679936,9.569893918290484,9.324920542779582,9.284048737910206,9.116577379730161,9.33031218544731,0.232124212900354,2000,2024,HFI_Mu_2022,9.324920542779582,9.284048737910206,9.116577379730161,9.33031218544731,9.56346933698521
2420,111.84025287288041,31.898541665651084,17.58582648614093,16.70854209188177,14.740833175985065,14.875275869581346,15.178500355106054,16.12884983709319,2.844993310155866,2000,2024,HFI_Mu_2022,14.740833175985065,14.875275869581346,15.178500355106054,16.12884983709319,17.14718428901135
2421,112.73856815699993,31.898541665651084,19.152589601577994,18.21013149965409,17.00990592797375,16.94863971358571,16.93928729109258,17.946546144658626,2.1426836736042425,2000,2024,HFI_Mu_2022,17.00990592797375,16.94863971358571,16.93928729109258,17.946546144658626,18.68136055061604
2422,113.63688344111945,31.898541665651084,19.708362143198737,19.007884644244324,17.951877701691732,18.000594865434035,18.140215079178198,18.88142885471102,1.7564844415070056,2000,2024,HFI_Mu_2022,17.951877701691732,18.000594865434035,18.140215079178198,18.88142885471102,19.35812339372153
2423,114.53519872523898,31.898541665651084,19.2960482664399,18.177630490430534,16.745314941174865,17.09973254133448,17.189420049081498,17.755045450962335,2.5507333252650355,2000,2024,HFI_Mu_2022,16.745314941174865,17.09973254133448,17.189420049081498,17.755045450962335,18.736839378435217
2424,115.43351400935852,31.898541665651084,19.262673541606098,17.481595642352055,16.43967752010774,16.568729661347895,16.50289764747034,17.016691391000528,2.8229960214983585,2000,2024,HFI_Mu_2022,16.43967752010774,16.568729661347895,16.50289764747034,17.016691391000528,18.372134591979076
2425,116.33182929347802,31.898541665651084,23.545783760134714,20.874304202070203,17.99186827986495,18.462528742375767,18.968669750164178,20.136576096826694,5.553915480269765,2000,2024,HFI_Mu_2022,17.99186827986495,18.462528742375767,18.968669750164178,20.136576096826694,22.21004398110246
2426,117.23014457759756,31.898541665651084,27.324137259790547,25.534444062232104,20.070668115360338,20.774874331790574,21.777331364276407,23.58042324602862,7.253469144430209,2000,2024,HFI_Mu_2022,20.070668115360338,20.774874331790574,21.777331364276407,23.58042324602862,26.429290661011326
2427,118.12845986171706,31.898541665651095,24.150243289801956,22.525702121517888,17.870883081307902,18.593607349720383,19.75475852866657,21.197283024350845,6.2793602084940545,2000,2024,HFI_Mu_2022,17.870883081307902,18.593607349720383,19.75475852866657,21.197283024350845,23.337972705659922
2428,119.02677514583665,31.89854166565111,32.6009967925082,32.46267481760005,25.371129403315752,27.69305634366864,28.922785644365167,30.470734425384126,7.229867389192446,2000,2024,HFI_Mu_2022,25.371129403315752,27.69305634366864,28.922785644365167,30.470734425384126,32.53183580505413
2429,119.92239368993879,31.898134324632665,34.87927293428626,34.64836273605259,27.78312407327909,30.42327632777263,32.05936324824493,33.58515633885855,7.096148861007173,2000,2024,HFI_Mu_2022,27.78312407327909,30.42327632777263,32.05936324824493,33.58515633885855,34.76381783516943
2430,120.81254974467387,31.907475722745293,35.619955559208876,35.37418138972805,27.426554038929247,30.874838966385106,32.67194193484736,34.19833889919975,8.193401520279629,2000,2024,HFI_Mu_2022,27.426554038929247,30.874838966385106,32.67194193484736,34.19833889919975,35.49706847446846
2431,121.53361644034085,31.85001904436322,33.528425691763886,32.91457641780255,26.199101841959592,28.467898733212845,29.834380669991983,31.112287658877868,7.329323849804293,2000,2024,HFI_Mu_2022,26.199101841959592,28.467898733212845,29.834380669991983,31.112287658877868,33.22150105478322
2456,79.52423379981482,31.264574138769824,3.4561887900824617,3.439128975724945,3.316366113059826,3.2482255397560844,3.264291996285088,3.3581932607467193,0.13982267702263584,2000,2024,HFI_Mu_2022,3.316366113059826,3.2482255397560844,3.264291996285088,3.3581932607467193,3.4476588829037036
2457,80.40065383417712,31.133888451447145,3.7466173843159027,3.7471629379228757,3.6754941538756687,3.6451605820852553,3.63336518828783,3.7105196325206977,0.07112323044023405,2000,2024,HFI_Mu_2022,3.6754941538756687,3.6451605820852553,3.63336518828783,3.7105196325206977,3.7468901611193894
2458,81.29753321281669,31.132740120149325,4.111639361510152,4.102263087819073,3.903306210388517,3.85060225980553,3.8886413505898982,3.9771484001197313,0.20833315112163486,2000,2024,HFI_Mu_2022,3.903306210388517,3.85060225980553,3.8886413505898982,3.9771484001197313,4.106951224664613
2462,84.89079434929477,31.132740120149325,4.00750496967734,3.9547804145810397,3.6195115058954066,3.659349405533886,3.6605393661843935,3.890489421755517,0.38799346378193356,2000,2024,HFI_Mu_2022,3.6195115058954066,3.659349405533886,3.6605393661843935,3.890489421755517,3.9811426921291897
2464,86.68742491753382,31.132740120149325,3.1125659596202295,3.114740463496713,2.936141469558642,2.92740812907808,2.9354248099245757,3.0540568484588304,0.17642449006158767,2000,2024,HFI_Mu_2022,2.936141469558642,2.92740812907808,2.9354248099245757,3.0540568484588304,3.1136532115584714
2466,88.48405548577286,31.132740120149325,4.791585977503903,4.77418994590879,4.444763696721858,4.5002301819835155,4.470811215082761,4.686308663770795,0.34682228078204513,2000,2024,HFI_Mu_2022,4.444763696721858,4.5002301819835155,4.470811215082761,4.686308663770795,4.782887961706347
2468,90.2806860540119,31.132740120149325,5.940017640720278,5.942735769998836,5.4533024924577145,5.524604615341486,5.560563258128051,5.727567214054011,0.48671514826256335,2000,2024,HFI_Mu_2022,5.4533024924577145,5.524604615341486,5.560563258128051,5.727567214054011,5.941376705359557
2469,91.17900133813141,31.132740120149325,6.960763818398979,6.96782999593354,6.497619699923171,6.517907758108347,6.581286593159995,6.750616407310174,0.4631441184758076,2000,2024,HFI_Mu_2022,6.497619699923171,6.517907758108347,6.581286593159995,6.750616407310174,6.9642969071662595
2470,92.07731662225093,31.132740120149325,7.628340816342249,7.614068694099778,6.9829414506896414,6.964504038880859,7.173914627940074,7.390119525390393,0.6453993656526071,2000,2024,HFI_Mu_2022,6.9829414506896414,6.964504038880859,7.173914627940074,7.390119525390393,7.621204755221013
2471,92.97563190637047,31.132740120149325,7.660084120508121,7.665247164245533,7.04209588241318,7.064598088776288,7.174045768072424,7.494457333502562,0.6179882380949415,2000,2024,HFI_Mu_2022,7.04209588241318,7.064598088776288,7.174045768072424,7.494457333502562,7.662665642376827
2472,93.87394719048999,31.132740120149325,8.11572868112216,8.110972599614524,7.380365369055546,7.470042511818768,7.543008728144949,7.857838501561221,0.7353633120666139,2000,2024,HFI_Mu_2022,7.380365369055546,7.470042511818768,7.543008728144949,7.857838501561221,8.113350640368342
2473,94.7722624746095,31.132740120149325,7.91917604604817,7.917953220090788,7.313137578008615,7.443287549669976,7.540823258046546,7.664991612643328,0.6060384680395545,2000,2024,HFI_Mu_2022,7.313137578008615,7.443287549669976,7.540823258046546,7.664991612643328,7.918564633069479
2474,95.67057775872902,31.132740120149325,8.44771736520996,8.459943965569314,7.859372728367471,7.96114655529541,7.998493984169553,8.193993042513268,0.58834463684249,2000,2024,HFI_Mu_2022,7.859372728367471,7.96114655529541,7.998493984169553,8.193993042513268,8.453830665389638
2475,96.56889304284854,31.132740120149325,9.499119791310394,9.531851014996391,8.962489277970349,9.010663694327055,9.050520365545482,9.296802997103402,0.5366305133400449,2000,2024,HFI_Mu_2022,8.962489277970349,9.010663694327055,9.050520365545482,9.296802997103402,9.515485403153392
2476,97.46720832696808,31.132740120149325,8.798955565936302,8.764750059374219,8.076105394425786,8.256100129060961,8.253450054178838,8.471997315859593,0.7228501715105153,2000,2024,HFI_Mu_2022,8.076105394425786,8.256100129060961,8.253450054178838,8.471997315859593,8.78185281265526
2478,99.26383889520712,31.132740120149325,8.529678793365765,8.510646711490024,7.977577795698436,8.029948461049273,8.147390848012513,8.338591850406777,0.5521009976673286,2000,2024,HFI_Mu_2022,7.977577795698436,8.029948461049273,8.147390848012513,8.338591850406777,8.520162752427893
2479,100.16215417932663,31.132740120149325,8.122210324693429,8.137293896025202,7.6477363612733145,7.751613561121208,7.823875107929132,7.947239414799034,0.47447396342011405,2000,2024,HFI_Mu_2022,7.6477363612733145,7.751613561121208,7.823875107929132,7.947239414799034,8.129752110359316
2480,101.06046946344617,31.132740120149325,8.814770869860087,8.739886390835606,8.139825742152048,8.24261906205976,8.32052946936407,8.500801455945416,0.6749451277080389,2000,2024,HFI_Mu_2022,8.139825742152048,8.24261906205976,8.32052946936407,8.500801455945416,8.777328630347846
2481,101.95878474756569,31.132740120149325,7.7959270639124085,7.7938887427756764,7.239636497857827,7.320142426136347,7.400708821095564,7.563293737907711,0.5562905660545816,2000,2024,HFI_Mu_2022,7.239636497857827,7.320142426136347,7.400708821095564,7.563293737907711,7.7949079033440425
2482,102.8571000316852,31.132740120149325,5.1840135947692065,5.196924712374243,4.904123468137721,4.878978915546989,4.9408877468256565,5.068517714941362,0.2798901266314857,2000,2024,HFI_Mu_2022,4.904123468137721,4.878978915546989,4.9408877468256565,5.068517714941362,5.1904691535717244
2483,103.75541531580473,31.132740120149325,17.631736748726528,17.802098891401897,13.659228819556844,14.950955504573301,16.04730035804696,16.5447631332275,3.9725079291696836,2000,2024,HFI_Mu_2022,13.659228819556844,14.950955504573301,16.04730035804696,16.5447631332275,17.71691782006421
2484,104.65373059992424,31.132740120149325,27.213135696423056,26.255275632026695,20.94723506750183,21.80727498179449,22.822129162604085,23.79007150382249,6.2659006289212265,2000,2024,HFI_Mu_2022,20.94723506750183,21.80727498179449,22.822129162604085,23.79007150382249,26.734205664224874
2485,105.55204588404376,31.132740120149325,21.27089980711576,19.37625191072064,17.811292376364683,17.935086553941392,18.00196159746129,18.426827003781213,3.4596074307510776,2000,2024,HFI_Mu_2022,17.811292376364683,17.935086553941392,18.00196159746129,18.426827003781213,20.3235758589182
2486,106.45036116816328,31.132740120149325,22.509261776464985,21.456350972688398,19.031884610839214,19.243067733294485,19.4201915898163,20.035873279086857,3.4773771656257715,2000,2024,HFI_Mu_2022,19.031884610839214,19.243067733294485,19.4201915898163,20.035873279086857,21.98280637457669
2487,107.34867645228282,31.132740120149325,21.213147502222025,20.37536491992178,18.642714229012807,18.89325859092361,18.92441599002824,19.36305399865831,2.5704332732092183,2000,2024,HFI_Mu_2022,18.642714229012807,18.89325859092361,18.92441599002824,19.36305399865831,20.794256211071904
2488,108.24699173640234,31.132740120149325,18.648704392124785,18.384673982137308,17.328866921983273,17.383716026012554,17.169928672425865,17.605062505036294,1.3198374701415112,2000,2024,HFI_Mu_2022,17.328866921983273,17.383716026012554,17.169928672425865,17.605062505036294,18.516689187131046
2489,109.14530702052186,31.132740120149325,14.854804071274488,14.89217835932071,14.317166499953517,14.2640054414991,14.22827410649333,14.40707834527103,0.5376375713209711,2000,2024,HFI_Mu_2022,14.317166499953517,14.2640054414991,14.22827410649333,14.40707834527103,14.873491215297598
2490,110.04362230464137,31.132740120149325,11.082820483435915,11.10589113282775,10.87366129916588,10.844621823134995,10.758748892031054,10.893711441527698,0.20915918427003533,2000,2024,HFI_Mu_2022,10.87366129916588,10.844621823134995,10.758748892031054,10.893711441527698,11.094355808131834
2491,110.9419375887609,31.132740120149325,11.202673656871776,11.272927767225445,10.866677775430297,10.844847296677072,10.815659663440384,10.845869062711143,0.3359958814414785,2000,2024,HFI_Mu_2022,10.866677775430297,10.844847296677072,10.815659663440384,10.845869062711143,11.23780071204861
2492,111.84025287288041,31.132740120149325,14.111015290661848,13.834953452232384,12.084520838383133,12.261555636794258,12.45311552887217,13.087822889108702,2.0264944522787154,2000,2024,HFI_Mu_2022,12.084520838383133,12.261555636794258,12.45311552887217,13.087822889108702,13.972984371447115
2493,112.73856815699993,31.132740120149325,14.687648616013343,14.240540450042738,12.746916960626699,12.778493945325485,13.020334118620049,13.961751461531225,1.940731655386644,2000,2024,HFI_Mu_2022,12.746916960626699,12.778493945325485,13.020334118620049,13.961751461531225,14.46409453302804
2494,113.63688344111945,31.132740120149325,22.090721167175484,20.385758713950832,17.930033711947118,18.195135125632454,18.595207470382487,19.904772858667314,4.160687455228366,2000,2024,HFI_Mu_2022,17.930033711947118,18.195135125632454,18.595207470382487,19.904772858667314,21.238239940563158
2495,114.53519872523898,31.132740120149325,23.99733789125236,22.3756930635163,19.102394261653696,19.613141761799355,20.139315452956687,21.631228231593212,4.894943629598664,2000,2024,HFI_Mu_2022,19.102394261653696,19.613141761799355,20.139315452956687,21.631228231593212,23.186515477384333
2496,115.43351400935852,31.132740120149325,13.738844885499935,13.60095129553613,12.947992680151415,12.97795903510399,12.922896139032483,13.249883497657656,0.7908522053485196,2000,2024,HFI_Mu_2022,12.947992680151415,12.97795903510399,12.922896139032483,13.249883497657656,13.669898090518032
2497,116.33182929347802,31.132740120149325,12.033061182708241,11.600231454958799,10.860219120898181,10.939608871295889,10.961661148317917,11.450200042157363,1.1728420618100603,2000,2024,HFI_Mu_2022,10.860219120898181,10.939608871295889,10.961661148317917,11.450200042157363,11.81664631883352
2498,117.23014457759756,31.132740120149325,22.80424424634953,20.409217752675225,17.770032424952028,18.138988099383795,18.38674784113668,19.70328508042288,5.034211821397502,2000,2024,HFI_Mu_2022,17.770032424952028,18.138988099383795,18.38674784113668,19.70328508042288,21.60673099951238
2499,118.12845986171706,31.132740120149325,26.272213037254726,25.014568109974977,19.35212327196702,20.149575603641654,21.723762346619676,23.415450680724046,6.920089765287706,2000,2024,HFI_Mu_2022,19.35212327196702,20.149575603641654,21.723762346619676,23.415450680724046,25.64339057361485
2500,119.02677514583675,31.132740120149325,23.355472986968955,22.01533751286974,17.142165844836637,17.799134970532293,18.716535499820168,20.299863331376788,6.213307142132319,2000,2024,HFI_Mu_2022,17.142165844836637,17.799134970532293,18.716535499820168,20.299863331376788,22.68540524991935
2501,119.92509042995609,31.13274012014931,25.708539327266653,24.84473203635261,17.888104368782347,20.03564237919731,21.351093137271548,22.795338536232006,7.820434958484306,2000,2024,HFI_Mu_2022,17.888104368782347,20.03564237919731,21.351093137271548,22.795338536232006,25.27663568180963
2502,120.82330591956432,31.132655905840622,35.78334124478734,35.73143787800423,28.594301699959676,31.906543583006187,33.538952138206,34.81663370430794,7.189039544827661,2000,2024,HFI_Mu_2022,28.594301699959676,31.906543583006187,33.538952138206,34.81663370430794,35.75738956139578
2503,121.5344522193157,31.100950079006267,40.29769520466284,40.249279151631065,35.5052674516667,37.62543136316081,38.98851700167756,39.92850186995638,4.79242775299614,2000,2024,HFI_Mu_2022,35.5052674516667,37.62543136316081,38.98851700167756,39.92850186995638,40.27348717814695
2530,81.26011281175869,30.493452251176187,3.905712449591408,3.8583818072993803,3.339413821205878,3.3094815898330663,3.2956456752195655,3.4948801630217967,0.56629862838553,2000,2024,HFI_Mu_2022,3.339413821205878,3.3094815898330663,3.2956456752195655,3.4948801630217967,3.882047128445394
2531,82.2720886894834,30.445350213689434,2.8651144601582366,2.8651144601582366,2.8521622894351206,2.8550150157348204,2.8637307474684777,2.857305029622566,0.012952170723115941,2000,2024,HFI_Mu_2022,2.8521622894351206,2.8550150157348204,2.8637307474684777,2.857305029622566,2.8651144601582366
2532,83.09416378105573,30.360705911503267,4.050398400338044,4.052832806355443,3.8529808525946256,3.905887541196654,3.921796285875559,3.9741480079718077,0.19741754774341835,2000,2024,HFI_Mu_2022,3.8529808525946256,3.905887541196654,3.921796285875559,3.9741480079718077,4.051615603346743
2535,85.7891096334143,30.360705911503267,3.935494512706608,3.936576763788859,3.8465926526074026,3.8365553000304864,3.8339459491788825,3.917636481956357,0.08890186009920553,2000,2024,HFI_Mu_2022,3.8465926526074026,3.8365553000304864,3.8339459491788825,3.917636481956357,3.9360356382477333
2539,89.38237076989238,30.360705911503267,5.885336956806969,5.887500581264174,5.660960519402473,5.68277662778884,5.716699115902769,5.821633065077322,0.2243764374044961,2000,2024,HFI_Mu_2022,5.660960519402473,5.68277662778884,5.716699115902769,5.821633065077322,5.886418769035572
2540,90.2806860540119,30.360705911503267,5.90716644146167,5.902568118239145,5.52312007421476,5.57299631442255,5.5993243596796924,5.719947254235337,0.3840463672469099,2000,2024,HFI_Mu_2022,5.52312007421476,5.57299631442255,5.5993243596796924,5.719947254235337,5.904867279850407
2541,91.17900133813141,30.360705911503267,8.741662622545784,8.718542016555064,8.284311505396214,8.243188715355018,8.130365431598872,8.516590793368751,0.4573511171495692,2000,2024,HFI_Mu_2022,8.284311505396214,8.243188715355018,8.130365431598872,8.516590793368751,8.730102319550424
2542,92.07731662225093,30.360705911503267,7.609309859394479,7.6166130782205546,7.173307523715809,7.2248693495980785,7.272401117652953,7.493111948661299,0.43600233567866997,2000,2024,HFI_Mu_2022,7.173307523715809,7.2248693495980785,7.272401117652953,7.493111948661299,7.612961468807517
2544,93.87394719048999,30.360705911503267,3.6812239521133328,3.68230576401953,3.4198089576839514,3.4243173970694154,3.4330999813868113,3.599335619043546,0.2614149944293813,2000,2024,HFI_Mu_2022,3.4198089576839514,3.4243173970694154,3.4330999813868113,3.599335619043546,3.6817648580664315
2545,94.7722624746095,30.360705911503267,2.018582974723997,2.0202052541714597,1.8695347679691432,1.9124916471525695,1.9303668779346954,1.9758312171939634,0.14904820675485375,2000,2024,HFI_Mu_2022,1.8695347679691432,1.9124916471525695,1.9303668779346954,1.9758312171939634,2.0193941144477283
2546,95.67057775872902,30.360705911503267,3.5343579867860258,3.530300642671313,3.2331505032658803,3.2156160476806197,3.2498931646193885,3.4261761305378617,0.3012074835201455,2000,2024,HFI_Mu_2022,3.2331505032658803,3.2156160476806197,3.2498931646193885,3.4261761305378617,3.5323293147286696
2547,96.56889304284854,30.360705911503267,5.616099569247815,5.570122557237714,5.177929922589747,5.271512069590918,5.307245760249318,5.399997346243236,0.4381696466580687,2000,2024,HFI_Mu_2022,5.177929922589747,5.271512069590918,5.307245760249318,5.399997346243236,5.593111063242764
2548,97.46720832696808,30.360705911503267,7.475712603939152,7.474766018343907,7.127481274720863,7.126743433377161,7.161443962318983,7.347802960187539,0.34823132921828837,2000,2024,HFI_Mu_2022,7.127481274720863,7.126743433377161,7.161443962318983,7.347802960187539,7.475239311141529
2549,98.3655236110876,30.360705911503267,8.00049156056134,7.996705219083093,7.66416814203114,7.789018927916552,7.821855592373016,7.891093379343741,0.3363234185302,2000,2024,HFI_Mu_2022,7.66416814203114,7.789018927916552,7.821855592373016,7.891093379343741,7.998598389822217
2550,99.26383889520712,30.360705911503267,7.258311845176928,7.18831184488696,6.660485736018902,6.743831322853629,6.803672903308997,6.948849347733162,0.5978261091580261,2000,2024,HFI_Mu_2022,6.660485736018902,6.743831322853629,6.803672903308997,6.948849347733162,7.223311845031944
2551,100.16215417932663,30.360705911503267,8.625011283175409,8.629889331697449,8.216787842521823,8.249265898469341,8.254432696863242,8.460803808687825,0.40822344065358607,2000,2024,HFI_Mu_2022,8.216787842521823,8.249265898469341,8.254432696863242,8.460803808687825,8.62745030743643
2552,101.06046946344617,30.360705911503267,7.82176466847792,7.723492529669668,7.059200626196537,7.1671334229103945,7.279646437880674,7.515136055986258,0.7625640422813831,2000,2024,HFI_Mu_2022,7.059200626196537,7.1671334229103945,7.279646437880674,7.515136055986258,7.772628599073794
2553,101.95878474756569,30.360705911503267,7.943530042004105,7.851145354108012,7.157607165907356,7.18478380056771,7.321150892411003,7.686241721262004,0.7859228760967492,2000,2024,HFI_Mu_2022,7.157607165907356,7.18478380056771,7.321150892411003,7.686241721262004,7.897337698056059
2554,102.8571000316852,30.360705911503267,9.793957560251016,9.7005160478098,8.66187043606711,8.81163064536813,8.763851239775548,9.176511053224123,1.1320871241839061,2000,2024,HFI_Mu_2022,8.66187043606711,8.81163064536813,8.763851239775548,9.176511053224123,9.747236804030408
2555,103.75541531580473,30.360705911503267,28.62187241492633,28.688417848000675,21.47883971797561,22.774489782300368,24.336631111733187,26.05157610218445,7.143032696950719,2000,2024,HFI_Mu_2022,21.47883971797561,22.774489782300368,24.336631111733187,26.05157610218445,28.655145131463502
2556,104.65373059992424,30.360705911503267,26.55866368882474,25.3944516296722,20.61841344962336,20.981469287124334,21.262110690025963,22.343638918672244,5.940250239201379,2000,2024,HFI_Mu_2022,20.61841344962336,20.981469287124334,21.262110690025963,22.343638918672244,25.97655765924847
2557,105.55204588404374,30.360705911503253,24.69444946609015,23.49093722144312,19.61753835271076,19.91010252872974,20.095572541237907,21.297005162826427,5.0769111133793885,2000,2024,HFI_Mu_2022,19.61753835271076,19.91010252872974,20.095572541237907,21.297005162826427,24.092693343766634
2558,106.45036116816327,30.360705911503267,24.99290467670248,23.793999697104056,20.296075265096835,20.531333376096764,20.83631567090915,21.787371502627312,4.696829411605645,2000,2024,HFI_Mu_2022,20.296075265096835,20.531333376096764,20.83631567090915,21.787371502627312,24.393452186903268
2559,107.34867645228282,30.360705911503267,21.243111808680883,20.575251475184142,18.675142184171982,18.879558580324517,18.76774077381282,19.404971546303123,2.567969624508901,2000,2024,HFI_Mu_2022,18.675142184171982,18.879558580324517,18.76774077381282,19.404971546303123,20.909181641932513
2560,108.24699173640234,30.360705911503267,16.308216854521206,16.185260500364762,15.320863490522818,15.273754562530755,15.185783779793471,15.533438769921533,0.9873533639983876,2000,2024,HFI_Mu_2022,15.320863490522818,15.273754562530755,15.185783779793471,15.533438769921533,16.246738677442984
2561,109.14530702052186,30.360705911503267,11.529149958910969,11.705507131450378,11.125601737502139,11.08118090636995,10.956822015493241,11.210932775664746,0.40354822140882973,2000,2024,HFI_Mu_2022,11.125601737502139,11.08118090636995,10.956822015493241,11.210932775664746,11.617328545180673
2562,110.04362230464137,30.360705911503267,10.175073888362487,10.185625839381766,10.12890748905413,10.185911062346909,9.877792871391877,9.856293485729726,0.04616639930835653,2000,2024,HFI_Mu_2022,10.12890748905413,10.185911062346909,9.877792871391877,9.856293485729726,10.180349863872127
2563,110.94193758876091,30.360705911503267,11.637182835697033,11.570863585526263,10.807685695963334,10.917378192305113,10.767545048838503,10.979076229475073,0.8294971397336983,2000,2024,HFI_Mu_2022,10.807685695963334,10.917378192305113,10.767545048838503,10.979076229475073,11.604023210611647
2564,111.84025287288041,30.360705911503267,20.354271675945537,19.655691558650574,15.151439765718356,15.537003762299666,16.01736853561988,17.44151260550559,5.2028319102271805,2000,2024,HFI_Mu_2022,15.151439765718356,15.537003762299666,16.01736853561988,17.44151260550559,20.004981617298057
2565,112.73856815699993,30.360705911503267,19.221610885771476,17.32736710389466,15.497079420023619,15.54065650041309,15.775719179336786,16.96268047342792,3.724531465747857,2000,2024,HFI_Mu_2022,15.497079420023619,15.54065650041309,15.775719179336786,16.96268047342792,18.274488994833067
2566,113.63688344111945,30.360705911503267,22.39760386123518,20.222687718021206,16.955486382642952,17.191898140687144,17.68898652971186,19.4446044125653,5.442117478592227,2000,2024,HFI_Mu_2022,16.955486382642952,17.191898140687144,17.68898652971186,19.4446044125653,21.310145789628194
2567,114.53519872523898,30.360705911503267,28.855935051346083,27.89025717020196,22.399967288559882,23.540593155474983,24.657692829759803,26.458313102581922,6.4559677627862015,2000,2024,HFI_Mu_2022,22.399967288559882,23.540593155474983,24.657692829759803,26.458313102581922,28.37309611077402
2568,115.43351400935852,30.360705911503267,21.75147868116101,20.261802887029777,17.442007716028446,17.906990721727233,18.032224697776694,19.33459859688916,4.309470965132565,2000,2024,HFI_Mu_2022,17.442007716028446,17.906990721727233,18.032224697776694,19.33459859688916,21.006640784095396
2569,116.33182929347802,30.360705911503267,18.569710598451472,17.015266857115893,14.741776282271767,15.114625528985595,15.510558273796143,16.37854409031343,3.8279343161797055,2000,2024,HFI_Mu_2022,14.741776282271767,15.114625528985595,15.510558273796143,16.37854409031343,17.792488727783685
2570,117.2301445775975,30.360705911503253,17.804319195025187,16.83806394473212,13.868836600970706,14.740686379984636,15.068201341388837,15.989509779235009,3.9354825940544806,2000,2024,HFI_Mu_2022,13.868836600970706,14.740686379984636,15.068201341388837,15.989509779235009,17.321191569878653
2571,118.12845986171706,30.360705911503267,12.459108424589713,11.917466419592671,11.154516189915656,11.483280613843132,11.409052994285103,11.767682293091697,1.3045922346740575,2000,2024,HFI_Mu_2022,11.154516189915656,11.483280613843132,11.409052994285103,11.767682293091697,12.188287422091193
2572,119.02677514583655,30.360705911503253,12.258859115848676,11.747627657803411,10.826173528198812,11.003518663624805,10.839967465677926,11.21757382528404,1.432685587649864,2000,2024,HFI_Mu_2022,10.826173528198812,11.003518663624805,10.839967465677926,11.21757382528404,12.003243386826043
2573,119.92232611425443,30.36133715432385,29.119477323950306,28.440490590973276,21.892734637128036,24.097703738311072,25.141164984459785,26.585169606325547,7.22674268682227,2000,2024,HFI_Mu_2022,21.892734637128036,24.097703738311072,25.141164984459785,26.585169606325547,28.77998395746179
2574,120.77444466939684,30.35838180367681,35.54177906614173,35.31641500295179,27.84695921852845,30.85235941565386,32.351722962304905,33.98370257845142,7.694819847613278,2000,2024,HFI_Mu_2022,27.84695921852845,30.85235941565386,32.351722962304905,33.98370257845142,35.42909703454676
2575,121.63932075211602,30.120901859963816,32.48241601182009,32.10558760319132,24.56181759840408,28.326372201469233,29.824010273245687,31.12863844087534,7.920598413416013,2000,2024,HFI_Mu_2022,24.56181759840408,28.326372201469233,29.824010273245687,31.12863844087534,32.29400180750571
2576,122.30587402381576,30.273555177406582,32.75282157233002,30.57850964134986,24.145648215888837,27.131450401533634,29.225133137965422,30.730417951531365,8.607173356441184,2000,2024,HFI_Mu_2022,24.145648215888837,27.131450401533634,29.225133137965422,30.730417951531365,31.66566560683994
2605,83.9990797541761,29.616259998983086,3.9542687279085658,3.9314622202720915,3.7866851586216974,3.739969569495146,3.7515747279520237,3.8470979828362064,0.16758356928686835,2000,2024,HFI_Mu_2022,3.7866851586216974,3.739969569495146,3.7515747279520237,3.8470979828362064,3.9428654740903286
2606,84.89079434929477,29.582529613545592,4.649610484148327,4.621847326818266,4.455844618215373,4.421841722883676,4.42276911557505,4.581938285968806,0.19376586593295375,2000,2024,HFI_Mu_2022,4.455844618215373,4.421841722883676,4.42276911557505,4.581938285968806,4.635728905483296
2607,85.7891096334143,29.582529613545592,4.097155614168606,4.098209077303492,4.013577495715102,4.003996426050746,3.99280128565028,4.071251411547245,0.08357811845350405,2000,2024,HFI_Mu_2022,4.013577495715102,4.003996426050746,3.99280128565028,4.071251411547245,4.0976823457360485
2608,86.68742491753382,29.582529613545592,5.194641953983699,5.197274571996904,5.053025812495142,5.026849726995418,5.006258244041834,5.160258995854291,0.14161614148855683,2000,2024,HFI_Mu_2022,5.053025812495142,5.026849726995418,5.006258244041834,5.160258995854291,5.195958262990302
2609,87.58574020165334,29.582529613545592,6.8947615687409085,6.8894970257538315,6.707428644310019,6.715146941608679,6.605317564277656,6.8254775983639595,0.18733292443088967,2000,2024,HFI_Mu_2022,6.707428644310019,6.715146941608679,6.605317564277656,6.8254775983639595,6.8921292972473704
2610,88.48405548577286,29.582529613545592,8.34142341483198,8.331023203315956,7.928096432633121,7.9512566590447245,7.825492824140883,8.174156128920776,0.4133269821988579,2000,2024,HFI_Mu_2022,7.928096432633121,7.9512566590447245,7.825492824140883,8.174156128920776,8.336223309073969
2611,89.38237076989238,29.582529613545592,9.874757860207573,9.833941533488613,9.3916081742443,9.439311994762308,9.241867588851859,9.676241321136796,0.4831496859632729,2000,2024,HFI_Mu_2022,9.3916081742443,9.439311994762308,9.241867588851859,9.676241321136796,9.854349696848093
2612,90.2806860540119,29.582529613545592,9.156575654829366,9.162630675481434,8.819879233374225,8.745642904483976,8.60696731392641,8.999925171181891,0.3366964214551409,2000,2024,HFI_Mu_2022,8.819879233374225,8.745642904483976,8.60696731392641,8.999925171181891,9.1596031651554
2613,91.17900133813141,29.582529613545592,13.610978397587338,12.942290073573558,11.611453952068652,11.73621882031377,11.52526173941897,12.199556088811665,1.999524445518686,2000,2024,HFI_Mu_2022,11.611453952068652,11.73621882031377,11.52526173941897,12.199556088811665,13.276634235580449
2614,92.07731662225093,29.582529613545592,9.576558037140671,9.174100516845579,8.635861348076329,8.593394167050366,8.455356187008128,8.825089844325268,0.9406966890643425,2000,2024,HFI_Mu_2022,8.635861348076329,8.593394167050366,8.455356187008128,8.825089844325268,9.375329276993124
2615,92.97563190637047,29.582529613545592,4.926128462870895,4.922574895703501,4.660436832369801,4.609006221716766,4.554479449524569,4.832351274892323,0.26569163050109346,2000,2024,HFI_Mu_2022,4.660436832369801,4.609006221716766,4.554479449524569,4.832351274892323,4.924351679287198
2616,93.87394719048999,29.582529613545592,3.2101494739986585,3.2268687993476366,2.8968691924736962,2.8145878026364914,2.8266659141402926,3.095859659940648,0.31328028152496223,2000,2024,HFI_Mu_2022,2.8968691924736962,2.8145878026364914,2.8266659141402926,3.095859659940648,3.2185091366731475
2617,94.7722624746095,29.582529613545592,3.8484261368790085,3.782610682531803,3.352191354979133,3.40934817216446,3.4306646821412605,3.613880542960036,0.49623478189987535,2000,2024,HFI_Mu_2022,3.352191354979133,3.40934817216446,3.4306646821412605,3.613880542960036,3.8155184097054056
2618,95.67057775872902,29.582529613545592,2.848714611772546,2.8015721312222213,2.5583938297032938,2.565820784623567,2.570959854282734,2.744057290480576,0.2903207820692524,2000,2024,HFI_Mu_2022,2.5583938297032938,2.565820784623567,2.570959854282734,2.744057290480576,2.8251433714973837
2619,96.56889304284854,29.582529613545592,2.968554164991214,2.9710548232081777,2.803352008505314,2.7945187699773393,2.8003615851039187,2.9201224160329917,0.1652021564859001,2000,2024,HFI_Mu_2022,2.803352008505314,2.7945187699773393,2.8003615851039187,2.9201224160329917,2.969804494099696
2620,97.46720832696808,29.582529613545592,4.53669822954325,4.542489989197409,4.202100101734316,4.284738127473187,4.2900807410615895,4.43551812375378,0.33459812780893383,2000,2024,HFI_Mu_2022,4.202100101734316,4.284738127473187,4.2900807410615895,4.43551812375378,4.539594109370329
2621,98.3655236110876,29.582529613545592,7.748505314980994,7.736526902763565,7.379407637932434,7.387697004496745,7.463813459651948,7.574609068925402,0.36909767704856034,2000,2024,HFI_Mu_2022,7.379407637932434,7.387697004496745,7.463813459651948,7.574609068925402,7.742516108872279
2622,99.26383889520712,29.582529613545592,6.648363519082234,6.688790170949228,6.205750633799342,6.264248164933325,6.323334828172196,6.525333224486953,0.4426128852828919,2000,2024,HFI_Mu_2022,6.205750633799342,6.264248164933325,6.323334828172196,6.525333224486953,6.668576845015731
2623,100.16215417932663,29.582529613545592,6.8187242834360005,6.826225270282471,6.5058295587941775,6.52472731436157,6.537963941969798,6.722520611963549,0.312894724641823,2000,2024,HFI_Mu_2022,6.5058295587941775,6.52472731436157,6.537963941969798,6.722520611963549,6.822474776859236
2624,101.06046946344617,29.582529613545592,7.372616289225914,7.364586803777227,6.877393484806032,6.9788737881728125,7.052137860910381,7.2116763142672,0.49522280441988187,2000,2024,HFI_Mu_2022,6.877393484806032,6.9788737881728125,7.052137860910381,7.2116763142672,7.368601546501571
2625,101.95878474756569,29.582529613545592,7.063240240872879,7.013082263429206,6.463515337146603,6.521660287884614,6.617618050918634,6.798182392627267,0.5997249037262762,2000,2024,HFI_Mu_2022,6.463515337146603,6.521660287884614,6.617618050918634,6.798182392627267,7.038161252151043
2626,102.8571000316852,29.582529613545592,10.058173790638076,10.177614145542924,9.463515339391158,9.505872893509416,9.568710858705524,9.725034807441848,0.594658451246918,2000,2024,HFI_Mu_2022,9.463515339391158,9.505872893509416,9.568710858705524,9.725034807441848,10.117893968090499
2627,103.75541531580473,29.582529613545592,20.346088829241037,19.28643076880376,16.18178383677454,16.678395550573704,16.907189753177757,17.82293499747338,4.164304992466498,2000,2024,HFI_Mu_2022,16.18178383677454,16.678395550573704,16.907189753177757,17.82293499747338,19.816259799022397
2628,104.65373059992424,29.582529613545592,24.04239107632477,23.435469404257518,19.47982727430693,19.72068540136925,19.826719407240027,20.732392261973988,4.562563802017838,2000,2024,HFI_Mu_2022,19.47982727430693,19.72068540136925,19.826719407240027,20.732392261973988,23.738930240291143
2629,105.55204588404376,29.582529613545592,25.41683175557538,25.18515141493396,20.33599425535453,20.797182963270892,20.72708803904684,21.754978461955723,5.080837500220849,2000,2024,HFI_Mu_2022,20.33599425535453,20.797182963270892,20.72708803904684,21.754978461955723,25.30099158525467
2630,106.45036116816328,29.582529613545592,31.60785060126007,32.2749589719918,23.881382872017515,25.509416008322034,26.33640235069239,28.60719978734027,7.726467729242554,2000,2024,HFI_Mu_2022,23.881382872017515,25.509416008322034,26.33640235069239,28.60719978734027,31.941404786625935
2631,107.34867645228282,29.582529613545592,21.5392179782883,21.120972684077156,17.666384454367897,17.985541878710677,18.39843715497251,19.354398510998074,3.872833523920402,2000,2024,HFI_Mu_2022,17.666384454367897,17.985541878710677,18.39843715497251,19.354398510998074,21.330095331182726
2632,108.24699173640232,29.582529613545592,12.945642356149964,13.081983129026638,12.61881095294857,12.584746952967656,12.442617924832508,12.636241855071864,0.32683140320139437,2000,2024,HFI_Mu_2022,12.61881095294857,12.584746952967656,12.442617924832508,12.636241855071864,13.0138127425883
2633,109.14530702052187,29.582529613545592,13.265728821378005,13.277869718012058,12.620123774315182,12.629153681868,12.426158992020707,12.656075802978716,0.6456050470628227,2000,2024,HFI_Mu_2022,12.620123774315182,12.629153681868,12.426158992020707,12.656075802978716,13.27179926969503
2634,110.04362230464137,29.582529613545592,9.023790909297723,9.107277874259657,8.871692560175578,8.821699348599903,8.661726430792353,8.732541758071632,0.15209834912214504,2000,2024,HFI_Mu_2022,8.871692560175578,8.821699348599903,8.661726430792353,8.732541758071632,9.06553439177869
2635,110.9419375887609,29.582529613545592,12.97271334300508,13.187699470324032,12.615400316215538,12.654432584890467,12.472851827200843,12.507996230175053,0.3573130267895408,2000,2024,HFI_Mu_2022,12.615400316215538,12.654432584890467,12.472851827200843,12.507996230175053,13.080206406664555
2636,111.84025287288041,29.582529613545592,17.123330211504545,17.347820789852886,14.211900874458781,14.363469094892642,14.525870163357279,15.332252759818685,2.911429337045764,2000,2024,HFI_Mu_2022,14.211900874458781,14.363469094892642,14.525870163357279,15.332252759818685,17.235575500678713
2637,112.73856815699993,29.582529613545592,16.280500900889734,15.542119720623694,13.696963591692823,13.825055852814799,14.03382782099921,14.974725641304332,2.5835373091969114,2000,2024,HFI_Mu_2022,13.696963591692823,13.825055852814799,14.03382782099921,14.974725641304332,15.911310310756715
2638,113.63688344111947,29.582529613545592,17.031501800202676,16.101036084764576,13.699478505722793,13.89564003660625,14.134585764344981,14.995907214716196,3.3320232944798835,2000,2024,HFI_Mu_2022,13.699478505722793,13.89564003660625,14.134585764344981,14.995907214716196,16.566268942483624
2639,114.53519872523898,29.582529613545592,13.178637454601313,12.982763449743025,12.039682443864532,12.032035850296205,12.169320683939086,12.598015712926463,1.1389550107367814,2000,2024,HFI_Mu_2022,12.039682443864532,12.032035850296205,12.169320683939086,12.598015712926463,13.08070045217217
2640,115.43351400935852,29.582529613545592,18.36574478482164,17.445741294111524,14.617395246107378,14.94738348951616,15.218822462116126,16.67454920812529,3.748349538714262,2000,2024,HFI_Mu_2022,14.617395246107378,14.94738348951616,15.218822462116126,16.67454920812529,17.905743039466582
2641,116.33182929347802,29.582529613545592,19.080427275618053,17.833897999554253,15.333648911877098,15.849053388262899,16.115288849377762,17.242810632522623,3.7467783637409546,2000,2024,HFI_Mu_2022,15.333648911877098,15.849053388262899,16.115288849377762,17.242810632522623,18.45716263758615
2642,117.23014457759756,29.582529613545592,11.806476163763696,11.727965383230854,10.774302809441824,11.089173206785844,10.99797368140645,11.350899983262186,1.0321733543218716,2000,2024,HFI_Mu_2022,10.774302809441824,11.089173206785844,10.99797368140645,11.350899983262186,11.767220773497275
2643,118.12845986171696,29.58252961354558,12.603150859889002,12.401429343728843,11.478524215789129,11.965242685982314,11.906650511296121,12.279652127030808,1.1246266440998731,2000,2024,HFI_Mu_2022,11.478524215789129,11.965242685982314,11.906650511296121,12.279652127030808,12.502290101808923
2644,119.0267751458366,29.582529613545617,13.269945479103786,12.636762276823962,10.8500763685167,11.351912337269043,11.38981879609645,12.002858108165064,2.4198691105870864,2000,2024,HFI_Mu_2022,10.8500763685167,11.351912337269043,11.38981879609645,12.002858108165064,12.953353877963874
2645,119.9250904299561,29.582529613545592,23.523748863049445,22.298981866403345,16.962688650372314,18.773627770425772,19.19841669539702,20.541489805964908,6.5610602126771305,2000,2024,HFI_Mu_2022,16.962688650372314,18.773627770425772,19.19841669539702,20.541489805964908,22.911365364726393
2646,120.82340571407563,29.582529613545592,19.32621891692828,18.023213147038266,14.217841563439611,15.066111517424048,15.346630194590595,16.166270943669186,5.1083773534886685,2000,2024,HFI_Mu_2022,14.217841563439611,15.066111517424048,15.346630194590595,16.166270943669186,18.674716031983273
2647,121.60307572911685,29.600477222511255,29.16289836095201,28.561205898127646,21.78991064914437,23.897248023256942,25.233928898273007,26.501721776313055,7.372987711807639,2000,2024,HFI_Mu_2022,21.78991064914437,23.897248023256942,25.233928898273007,26.501721776313055,28.862052129539826
2648,122.28135817408369,29.843172109284318,34.13993603099476,28.79448127746582,26.644913439317182,27.95529457439076,29.906605408408424,30.7427733854814,7.495022591677579,2000,2024,HFI_Mu_2022,26.644913439317182,27.95529457439076,29.906605408408424,30.7427733854814,31.46720865423029
2678,84.94396520220575,28.90141313282075,3.2578648043478577,3.2349741488865695,3.1137450422409456,3.1542968371501767,3.1086292845618813,3.187085054623829,0.14411976210691213,2000,2024,HFI_Mu_2022,3.1137450422409456,3.1542968371501767,3.1086292845618813,3.187085054623829,3.2464194766172136
2679,85.7891096334143,28.798307033908976,4.384509485155109,4.386604823028342,4.225387789641425,4.183939721715019,4.144583379749948,4.3250249025597505,0.1591216955136847,2000,2024,HFI_Mu_2022,4.225387789641425,4.183939721715019,4.144583379749948,4.3250249025597505,4.3855571540917255
2680,86.68742491753382,28.798307033908976,6.5729060478242936,6.580505628662039,6.481545275752774,6.44365489609399,6.259588726177281,6.499083069588528,0.09136077207151949,2000,2024,HFI_Mu_2022,6.481545275752774,6.44365489609399,6.259588726177281,6.499083069588528,6.576705838243166
2681,87.58574020165334,28.798307033908976,8.185191095695261,8.108157164082527,7.826337617439726,7.780905745280268,7.613118357104273,8.003264037072542,0.3588534782555355,2000,2024,HFI_Mu_2022,7.826337617439726,7.780905745280268,7.613118357104273,8.003264037072542,8.146674129888893
2682,88.48405548577286,28.798307033908976,8.031078581726298,8.022433049084785,7.738403323404383,7.739324639004065,7.602912389704279,7.908835648209879,0.292675258321915,2000,2024,HFI_Mu_2022,7.738403323404383,7.739324639004065,7.602912389704279,7.908835648209879,8.026755815405542
2683,89.38237076989238,28.798307033908976,9.805282069702068,9.691943492154655,9.402705796547156,9.391677940041763,9.208061910525307,9.551346286818916,0.40257627315491185,2000,2024,HFI_Mu_2022,9.402705796547156,9.391677940041763,9.208061910525307,9.551346286818916,9.748612780928362
2684,90.2806860540119,28.798307033908976,8.212213140756544,8.229375461880476,7.689266094198768,7.666340962034775,7.5881983929000265,8.03578664062377,0.5229470465577766,2000,2024,HFI_Mu_2022,7.689266094198768,7.666340962034775,7.5881983929000265,8.03578664062377,8.22079430131851
2685,91.17900133813141,28.798307033908976,8.019939414420572,8.015483320118715,7.746700100692509,7.6160527512411615,7.462743298660568,7.955059320742306,0.2732393137280624,2000,2024,HFI_Mu_2022,7.746700100692509,7.6160527512411615,7.462743298660568,7.955059320742306,8.017711367269644
2686,92.07731662225093,28.798307033908976,8.8315300417165,8.808085379041561,8.585568839424798,8.50447812645593,8.38554624708634,8.637702564983956,0.24596120229170104,2000,2024,HFI_Mu_2022,8.585568839424798,8.50447812645593,8.38554624708634,8.637702564983956,8.819807710379031
2687,92.97563190637047,28.798307033908976,7.394861233184423,7.377958717148759,7.031119264755984,7.03631874458548,6.981498901968513,7.219264463105667,0.36374196842843887,2000,2024,HFI_Mu_2022,7.031119264755984,7.03631874458548,6.981498901968513,7.219264463105667,7.386409975166591
2688,93.87394719048999,28.798307033908976,4.003124800532545,4.016225809560103,3.671384641239594,3.7236903048305043,3.784578531000509,3.9309853425028125,0.33174015929295075,2000,2024,HFI_Mu_2022,3.671384641239594,3.7236903048305043,3.784578531000509,3.9309853425028125,4.009675305046324
2689,94.7722624746095,28.798307033908976,3.9021968649271774,3.907306258100589,3.8068085761587556,3.8785586743819938,3.9113246321798467,3.943782659492397,0.09538828876842187,2000,2024,HFI_Mu_2022,3.8068085761587556,3.8785586743819938,3.9113246321798467,3.943782659492397,3.9047515615138835
2691,96.56889304284854,28.798307033908976,2.0280072554451722,2.029580200660315,1.9266398977293482,1.8873712005948022,1.9158853766032247,1.981840028066598,0.10136735771582406,2000,2024,HFI_Mu_2022,1.9266398977293482,1.8873712005948022,1.9158853766032247,1.981840028066598,2.0287937280527437
2692,97.4611946062528,28.81027685597837,3.06228647129484,3.0542918916721007,2.8420503097497996,2.8161814026514365,2.8639317957568298,2.984099235650162,0.22023616154504033,2000,2024,HFI_Mu_2022,2.8420503097497996,2.8161814026514365,2.8639317957568298,2.984099235650162,3.0582891814834703
2693,98.3655236110876,28.798307033908976,5.38719055785923,5.39570175372947,5.078150238590558,5.091392947793303,5.142485864127792,5.24185455803848,0.30904031926867237,2000,2024,HFI_Mu_2022,5.078150238590558,5.091392947793303,5.142485864127792,5.24185455803848,5.39144615579435
2694,99.26383889520712,28.798307033908976,7.330549867151606,7.326620594410625,6.685037764584854,6.790887855171923,6.87405611439788,7.121005975520915,0.6455121025667516,2000,2024,HFI_Mu_2022,6.685037764584854,6.790887855171923,6.87405611439788,7.121005975520915,7.3285852307811155
2695,100.16215417932663,28.798307033908976,7.055744683651858,7.1032138678960655,6.47995889865286,6.527212978613023,6.638921653477189,6.913211424019966,0.575785784998998,2000,2024,HFI_Mu_2022,6.47995889865286,6.527212978613023,6.638921653477189,6.913211424019966,7.079479275773961
2696,101.06046946344617,28.798307033908976,6.034604083567046,6.031721483986333,5.586071778815122,5.6291521930875765,5.720683809690006,5.914411803383373,0.4485323047519234,2000,2024,HFI_Mu_2022,5.586071778815122,5.6291521930875765,5.720683809690006,5.914411803383373,6.033162783776689
2697,101.95878474756569,28.798307033908976,7.6833158376706345,7.673097051136399,7.11797863247353,7.219327439693984,7.284553154617778,7.460671675177119,0.5653372051971042,2000,2024,HFI_Mu_2022,7.11797863247353,7.219327439693984,7.284553154617778,7.460671675177119,7.678206444403517
2698,102.8571000316852,28.798307033908976,9.559652918660348,9.642880379226481,9.04168603616116,9.11098169987079,9.140638307882739,9.257045738192122,0.5179668824991879,2000,2024,HFI_Mu_2022,9.04168603616116,9.11098169987079,9.140638307882739,9.257045738192122,9.601266648943415
2699,103.7554153158047,28.798307033908976,10.587119381501735,10.750360644383337,10.095395101565687,10.111856918038303,10.042001904098756,10.264625363663425,0.4917242799360473,2000,2024,HFI_Mu_2022,10.095395101565687,10.111856918038303,10.042001904098756,10.264625363663425,10.668740012942536
2700,104.65373059992424,28.798307033908976,23.28120522945142,22.41455178838238,18.927279967455938,19.1238953651202,19.07842599003686,19.932146579910846,4.353925261995482,2000,2024,HFI_Mu_2022,18.927279967455938,19.1238953651202,19.07842599003686,19.932146579910846,22.8478785089169
2701,105.55204588404378,28.798307033908987,22.995813112124203,23.437442893293433,18.624982704394093,18.911500319366894,18.992965509465563,19.927104722446337,4.370830407730111,2000,2024,HFI_Mu_2022,18.624982704394093,18.911500319366894,18.992965509465563,19.927104722446337,23.216628002708816
2702,106.45036116816328,28.798307033908976,17.758505752350857,17.53281095335812,15.837464985868685,15.90116247627945,15.775827517500726,16.27133810997446,1.9210407664821716,2000,2024,HFI_Mu_2022,15.837464985868685,15.90116247627945,15.775827517500726,16.27133810997446,17.64565835285449
2703,107.34867645228282,28.798307033908976,16.35378185799419,16.54539030856104,15.460056200067557,15.505509212965471,15.392146175557917,15.771969560942898,0.8937256579266322,2000,2024,HFI_Mu_2022,15.460056200067557,15.505509212965471,15.392146175557917,15.771969560942898,16.449586083277616
2704,108.24699173640234,28.798307033908976,15.350435248405155,15.522725227148191,14.8486908667685,14.82613332991389,14.765420843712725,14.962185248869131,0.5017443816366551,2000,2024,HFI_Mu_2022,14.8486908667685,14.82613332991389,14.765420843712725,14.962185248869131,15.436580237776674
2705,109.14530702052186,28.798307033908976,15.272641512167258,15.458623687400193,14.63533065220567,14.690307439366325,14.70517061805725,14.893073111018197,0.6373108599615875,2000,2024,HFI_Mu_2022,14.63533065220567,14.690307439366325,14.70517061805725,14.893073111018197,15.365632599783726
2706,110.04362230464137,28.798307033908976,11.010045783599374,11.187386976103417,10.330517059630948,10.429446159879912,10.449149251936618,10.57966701420757,0.679528723968426,2000,2024,HFI_Mu_2022,10.330517059630948,10.429446159879912,10.449149251936618,10.57966701420757,11.098716379851396
2707,110.9419375887609,28.798307033908976,9.878896431509304,10.037006759199956,9.58100552344597,9.593251809165412,9.595936436635643,9.645744141730123,0.2978909080633336,2000,2024,HFI_Mu_2022,9.58100552344597,9.593251809165412,9.595936436635643,9.645744141730123,9.95795159535463
2708,111.84025287288041,28.798307033908976,18.79736254911552,18.684964513104788,15.461298716863986,15.875290401220385,16.024827820768554,16.919325254468077,3.336063832251533,2000,2024,HFI_Mu_2022,15.461298716863986,15.875290401220385,16.024827820768554,16.919325254468077,18.741163531110153
2709,112.73856815699993,28.798307033908976,19.075960972378454,18.02810306337766,14.6374399433493,14.995047848357858,15.437088217477443,16.641422902688152,4.438521029029154,2000,2024,HFI_Mu_2022,14.6374399433493,14.995047848357858,15.437088217477443,16.641422902688152,18.552032017878055
2710,113.63688344111945,28.798307033908976,14.086732615819152,13.634376592910726,12.311708888083853,12.457905720182115,12.426957929664882,13.119181666464705,1.7750237277352987,2000,2024,HFI_Mu_2022,12.311708888083853,12.457905720182115,12.426957929664882,13.119181666464705,13.860554604364939
2711,114.53519872523898,28.798307033908987,10.543450316510008,10.444814430086522,9.881374507024493,10.036397150632654,9.91590306563899,10.243455512302557,0.6620758094855148,2000,2024,HFI_Mu_2022,9.881374507024493,10.036397150632654,9.91590306563899,10.243455512302557,10.494132373298264
2712,115.43351400935852,28.798307033908976,19.12431513576068,18.35468615844108,15.25341247940738,15.955055959052306,16.26987994407402,17.247319127600136,3.870902656353298,2000,2024,HFI_Mu_2022,15.25341247940738,15.955055959052306,16.26987994407402,17.247319127600136,18.73950064710088
2713,116.33182929347802,28.798307033908976,19.641474282982088,18.7740385559245,15.905409637354392,16.850902426597393,16.912080762622804,17.789457141993804,3.736064645627696,2000,2024,HFI_Mu_2022,15.905409637354392,16.850902426597393,16.912080762622804,17.789457141993804,19.207756419453293
2714,117.23014457759756,28.798307033908976,17.18887585021246,16.546929930666085,14.918653247351104,15.21193910527476,15.340948080729177,16.08700154748482,2.2702226028613577,2000,2024,HFI_Mu_2022,14.918653247351104,15.21193910527476,15.340948080729177,16.08700154748482,16.867902890439275
2715,118.12845986171699,28.798307033908976,17.72372419541737,16.79851648689441,14.433884583772853,15.082924563211215,15.200756375644692,16.21575283376301,3.289839611644515,2000,2024,HFI_Mu_2022,14.433884583772853,15.082924563211215,15.200756375644692,16.21575283376301,17.261120341155888
2716,119.0267751458366,28.798307033908976,16.92651876845471,15.99485730013049,13.068836362411254,13.786834727228078,13.970845626978965,14.789289859879663,3.8576824060434554,2000,2024,HFI_Mu_2022,13.068836362411254,13.786834727228078,13.970845626978965,14.789289859879663,16.460688034292602
2717,119.9250904299561,28.798307033908976,19.653025552983774,18.897817580021805,15.19725035668419,16.179738929133325,16.58569580496927,17.512104365704772,4.455775196299584,2000,2024,HFI_Mu_2022,15.19725035668419,16.179738929133325,16.58569580496927,17.512104365704772,19.27542156650279
2718,120.82340571407563,28.798307033908976,16.459405083891262,15.73405509639608,13.133617231002596,13.761581547496798,13.907201491213302,14.600737748569719,3.3257878528886664,2000,2024,HFI_Mu_2022,13.133617231002596,13.761581547496798,13.907201491213302,14.600737748569719,16.096730090143673
2719,121.45655217894213,28.820581656583666,28.972746462808214,27.69965360619287,22.239064843947745,23.720951405017832,24.653828862569675,26.056702621919417,6.733681618860469,2000,2024,HFI_Mu_2022,22.239064843947745,23.720951405017832,24.653828862569675,26.056702621919417,28.336200034500543
2750,85.26775863631863,28.379505373408943,6.460964640818144,6.082017282435769,5.2260363378022845,5.6292114446037695,5.347017497765391,6.172674849158839,1.2349283030158595,2000,2024,HFI_Mu_2022,5.2260363378022845,5.6292114446037695,5.347017497765391,6.172674849158839,6.271490961626956
2751,85.95123388964869,28.251784716724668,3.8985718307374597,3.833215827246764,3.6364817721222162,3.774370792005871,3.6601448834303922,3.7788168869743646,0.2620900586152435,2000,2024,HFI_Mu_2022,3.6364817721222162,3.774370792005871,3.6601448834303922,3.7788168869743646,3.865893828992112
2752,86.69079860185686,28.207251692705317,3.03160653999757,3.0347660976594972,2.792776361539403,2.928119192395228,2.892083977180886,3.013596124715589,0.238830178458167,2000,2024,HFI_Mu_2022,2.792776361539403,2.928119192395228,2.892083977180886,3.013596124715589,3.0331863188285335
2753,87.5751069693111,28.139819929109766,5.553551552748291,5.542238034235094,5.350867253239065,5.323240661506799,5.193358043330513,5.451046501767258,0.20268429950922595,2000,2024,HFI_Mu_2022,5.350867253239065,5.323240661506799,5.193358043330513,5.451046501767258,5.547894793491693
2755,89.25332826899863,28.10592880225792,6.559525555596087,6.568861434673671,6.3709456509094995,6.348183116132784,6.2825666006370735,6.498049177132972,0.1885799046865877,2000,2024,HFI_Mu_2022,6.3709456509094995,6.348183116132784,6.2825666006370735,6.498049177132972,6.564193495134879
2756,90.34072328312001,28.277055262486577,4.7547946416249784,4.7731969841401085,4.712188812596735,4.581923163719927,4.469761251025946,4.719452034749032,0.04260582902824339,2000,2024,HFI_Mu_2022,4.712188812596735,4.581923163719927,4.469761251025946,4.719452034749032,4.763995812882543
2757,91.19294385705,28.194506342648555,6.983028372876716,7.003561249923893,6.849757027521136,6.848835854185324,6.786953893945666,6.911922599569389,0.13327134535558027,2000,2024,HFI_Mu_2022,6.849757027521136,6.848835854185324,6.786953893945666,6.911922599569389,6.993294811400304
2758,92.07873325459349,28.009059456052505,6.008318546649205,6.006396701067095,5.74449052407068,5.734960130534823,5.734255210349836,5.887499656083873,0.263828022578525,2000,2024,HFI_Mu_2022,5.74449052407068,5.734960130534823,5.734255210349836,5.887499656083873,6.00735762385815
2759,92.97563190637047,28.00813923714311,3.4983802293316146,3.5029749965241703,2.5743297184900107,2.7759600574926884,2.9532725299667537,3.238617415221238,0.924050510841604,2000,2024,HFI_Mu_2022,2.5743297184900107,2.7759600574926884,2.9532725299667537,3.238617415221238,3.5006776129278925
2765,98.47168618869487,28.05224406126764,4.165784455817551,4.147395665643511,4.01975498160318,4.0365778883211245,3.9984279472387403,4.071902349706081,0.1460294742143713,2000,2024,HFI_Mu_2022,4.01975498160318,4.0365778883211245,3.9984279472387403,4.071902349706081,4.156590060730531
2766,99.26383889520712,28.00813923714311,6.755429622787342,6.780831716256632,6.460717496745343,6.566364025518789,6.416844206407784,6.576665876637255,0.2947121260419987,2000,2024,HFI_Mu_2022,6.460717496745343,6.566364025518789,6.416844206407784,6.576665876637255,6.768130669521987
2767,100.16215417932663,28.00813923714311,6.1767936554741905,6.150524846223264,5.684857107202972,5.79202665255952,5.886471302890559,5.981708268415742,0.4919365482712186,2000,2024,HFI_Mu_2022,5.684857107202972,5.79202665255952,5.886471302890559,5.981708268415742,6.163659250848728
2768,101.06046946344617,28.00813923714311,8.195366525948543,8.161253838242432,7.652036865795955,7.772795342342049,7.81738737160422,8.018610034513491,0.5433296601525885,2000,2024,HFI_Mu_2022,7.652036865795955,7.772795342342049,7.81738737160422,8.018610034513491,8.178310182095487
2769,101.95878474756569,28.00813923714311,12.718652454880141,12.529716383003473,11.057752198053151,11.341561327394437,11.691864244695978,12.0025794655484,1.6609002568269897,2000,2024,HFI_Mu_2022,11.057752198053151,11.341561327394437,11.691864244695978,12.0025794655484,12.624184418941807
2770,102.8571000316852,28.00813923714311,13.191022275813173,13.047547554281984,12.259338087624117,12.390832005455264,12.41831431904404,12.568138630042613,0.9316841881890561,2000,2024,HFI_Mu_2022,12.259338087624117,12.390832005455264,12.41831431904404,12.568138630042613,13.11928491504758
2771,103.75541531580473,28.00813923714311,14.15821939735707,14.319115610330186,13.223584813281187,13.387156647754118,13.431264909799152,13.652979804810485,0.9346345840758836,2000,2024,HFI_Mu_2022,13.223584813281187,13.387156647754118,13.431264909799152,13.652979804810485,14.23866750384363
2773,105.55204588404376,28.00813923714311,15.877307465144288,16.227465556686106,14.767677492095725,14.833489040095115,14.790303936962328,15.088993653208227,1.1096299730485626,2000,2024,HFI_Mu_2022,14.767677492095725,14.833489040095115,14.790303936962328,15.088993653208227,16.0523865109152
2774,106.45036116816328,28.00813923714311,20.85104705609889,20.63393694053415,18.052925361965862,18.20192775951236,18.08045161140707,19.0507325275801,2.7981216941330267,2000,2024,HFI_Mu_2022,18.052925361965862,18.20192775951236,18.08045161140707,19.0507325275801,20.742491998316517
2775,107.34867645228282,28.00813923714311,18.468162257066485,18.885019280461403,16.66363910730546,16.683342603532072,16.560319365926883,17.58757161795941,1.8045231497610246,2000,2024,HFI_Mu_2022,16.66363910730546,16.683342603532072,16.560319365926883,17.58757161795941,18.676590768763944
2776,108.24699173640235,28.00813923714311,17.421635036417378,17.570856381655652,16.404400209976394,16.412644546982097,16.367599947981486,16.776853249911177,1.0172348264409834,2000,2024,HFI_Mu_2022,16.404400209976394,16.412644546982097,16.367599947981486,16.776853249911177,17.496245709036515
2777,109.14530702052186,28.00813923714311,16.562987647599396,16.665514029472043,15.05450373474507,15.118984104527875,15.094786386951657,15.687056631881706,1.5084839128543255,2000,2024,HFI_Mu_2022,15.05450373474507,15.118984104527875,15.094786386951657,15.687056631881706,16.614250838535717
2778,110.04362230464137,28.00813923714311,13.473410983751199,13.739057889206535,12.476489297716082,12.68353126858966,12.62185239366394,12.867593057175363,0.9969216860351171,2000,2024,HFI_Mu_2022,12.476489297716082,12.68353126858966,12.62185239366394,12.867593057175363,13.606234436478868
2779,110.9419375887609,28.00813923714311,12.071802347723489,12.52278524249191,11.066124833692298,11.191119632886508,11.222743061570633,11.558773144794296,1.0056775140311913,2000,2024,HFI_Mu_2022,11.066124833692298,11.191119632886508,11.222743061570633,11.558773144794296,12.297293795107699
2780,111.84025287288041,28.00813923714311,17.086222014987563,17.555275525337308,14.5797955558147,14.952351043764937,14.944438896541831,15.806271418938607,2.5064264591728627,2000,2024,HFI_Mu_2022,14.5797955558147,14.952351043764937,14.944438896541831,15.806271418938607,17.320748770162435
2781,112.73856815699993,28.00813923714311,26.76622088711644,26.070317802378057,20.000749467159558,21.18696953741352,22.140409773898686,24.169703879870237,6.7654714199568815,2000,2024,HFI_Mu_2022,20.000749467159558,21.18696953741352,22.140409773898686,24.169703879870237,26.418269344747248
2782,113.63688344111945,28.00813923714311,18.83768089405507,18.281738169051234,14.358818553695114,15.250309915441626,15.337236529726324,16.786465951504947,4.478862340359955,2000,2024,HFI_Mu_2022,14.358818553695114,15.250309915441626,15.337236529726324,16.786465951504947,18.559709531553153
2783,114.53519872523898,28.00813923714311,17.512348488637304,17.09316686520767,14.31679823649461,14.903119114300496,15.258577746718403,15.795823254632152,3.195550252142695,2000,2024,HFI_Mu_2022,14.31679823649461,14.903119114300496,15.258577746718403,15.795823254632152,17.30275767692249
2784,115.43351400935852,28.00813923714311,20.092273381799043,19.675970834434292,16.55442859257914,16.985960066059825,17.26401212195946,18.010769458489058,3.5378447892199034,2000,2024,HFI_Mu_2022,16.55442859257914,16.985960066059825,17.26401212195946,18.010769458489058,19.884122108116667
2785,116.33182929347802,28.00813923714311,19.953113219900807,19.69294168232502,17.017122772900862,17.412836132889428,17.635473693078996,18.291106146144198,2.935990446999945,2000,2024,HFI_Mu_2022,17.017122772900862,17.412836132889428,17.635473693078996,18.291106146144198,19.823027451112914
2786,117.23014457759756,28.00813923714311,13.435490159835174,13.120745694415358,11.52615590774718,11.828888069820234,11.940945037589088,12.296434920544346,1.9093342520879943,2000,2024,HFI_Mu_2022,11.52615590774718,11.828888069820234,11.940945037589088,12.296434920544346,13.278117927125265
2787,118.12845986171709,28.00813923714311,12.548004128186315,12.139594165070157,11.12930876411546,11.252069289422836,11.116591964251356,11.659365923532837,1.4186953640708548,2000,2024,HFI_Mu_2022,11.12930876411546,11.252069289422836,11.116591964251356,11.659365923532837,12.343799146628236
2788,119.0267751458366,28.00813923714311,8.62844204873722,8.624355202875222,8.64974014649446,8.677038267639253,8.3344037139705,8.449509496783236,-0.021298097757240342,2000,2024,HFI_Mu_2022,8.64974014649446,8.677038267639253,8.3344037139705,8.449509496783236,8.626398625806221
2789,119.9250904299561,28.00813923714311,12.542357006835669,11.7581904290098,10.127431579320321,10.422418259527417,10.425365242706686,10.880809785761576,2.4149254275153478,2000,2024,HFI_Mu_2022,10.127431579320321,10.422418259527417,10.425365242706686,10.880809785761576,12.150273717922733
2790,120.7111222010372,28.08630941256549,25.89048339691535,25.25795207266958,20.017028282882077,21.01935885291664,21.614485420336813,23.009361494791236,5.873455114033273,2000,2024,HFI_Mu_2022,20.017028282882077,21.01935885291664,21.614485420336813,23.009361494791236,25.574217734792462
2791,121.39994499468317,28.303376406763654,32.47150577876879,32.36933187401813,24.003964585843292,27.02260717931001,29.289652673057887,30.848891100676163,8.467541192925495,2000,2024,HFI_Mu_2022,24.003964585843292,27.02260717931001,29.289652673057887,30.848891100676163,32.42041882639346
2826,88.8777232741117,27.51713838832195,8.874866541862488,8.662866536140442,7.795273955345154,7.772197448730469,7.445691824913025,7.91429892539978,1.0795925865173341,2000,2024,HFI_Mu_2022,7.795273955345154,7.772197448730469,7.445691824913025,7.91429892539978,8.768866539001465
2827,89.04439071382124,27.465369889410432,4.7456566435710625,4.6950237308373435,4.400214977572906,4.4691771288964315,4.401617928563962,4.605478707580459,0.3454416659981563,2000,2024,HFI_Mu_2022,4.400214977572906,4.4691771288964315,4.401617928563962,4.605478707580459,4.720340187204203
2838,99.26383889520712,27.212132558972517,8.056590908804413,8.08911536712535,7.990966433204124,8.093585414257033,7.727793209829319,7.820919117862729,0.06562447560028861,2000,2024,HFI_Mu_2022,7.990966433204124,8.093585414257033,7.727793209829319,7.820919117862729,8.07285313796488
2839,100.16215417932663,27.212132558972517,9.37825705547403,9.381433271843783,8.683453352444358,8.919974529747739,8.884540591468927,9.065434755644098,0.6948037030296721,2000,2024,HFI_Mu_2022,8.683453352444358,8.919974529747739,8.884540591468927,9.065434755644098,9.379845163658906
2840,101.06046946344617,27.212132558972517,9.544400867559318,9.537287046057664,8.957651621351639,9.052598154369166,9.123227352382449,9.213924174840615,0.5867492462076793,2000,2024,HFI_Mu_2022,8.957651621351639,9.052598154369166,9.123227352382449,9.213924174840615,9.54084395680849
2841,101.95878474756569,27.212132558972517,11.756892169099213,11.721399203816045,10.766920421089258,11.095722686718604,11.09518417718678,11.31061524397478,0.989971748009955,2000,2024,HFI_Mu_2022,10.766920421089258,11.095722686718604,11.09518417718678,11.31061524397478,11.73914568645763
2842,102.85710003168518,27.212132558972517,13.69853060861325,13.729149333344164,12.701592580591491,12.804583209273686,12.886859560721621,13.155371238309627,0.9969380280217592,2000,2024,HFI_Mu_2022,12.701592580591491,12.804583209273686,12.886859560721621,13.155371238309627,13.713839970978707
2843,103.75541531580473,27.212132558972517,18.060558061574305,18.186612697941285,16.092068247887724,16.19403496832204,16.421292397188054,17.046130311417976,1.9684898136865812,2000,2024,HFI_Mu_2022,16.092068247887724,16.19403496832204,16.421292397188054,17.046130311417976,18.123585379757795
2844,104.65373059992424,27.212132558972517,17.156234319395782,17.44747274599743,15.744910191423118,15.844614507828117,15.932314642624899,16.338241339184336,1.411324127972664,2000,2024,HFI_Mu_2022,15.744910191423118,15.844614507828117,15.932314642624899,16.338241339184336,17.301853532696605
2845,105.55204588404376,27.212132558972517,19.174309379571817,19.98014631239832,17.244507819626364,17.31615906589999,17.35704372973311,18.367597066070637,1.929801559945453,2000,2024,HFI_Mu_2022,17.244507819626364,17.31615906589999,17.35704372973311,18.367597066070637,19.577227845985067
2846,106.45036116816328,27.212132558972517,21.586278289821582,22.03948719413641,18.21264876998213,18.604096994557555,18.693429229280696,20.11445551469941,3.373629519839451,2000,2024,HFI_Mu_2022,18.21264876998213,18.604096994557555,18.693429229280696,20.11445551469941,21.812882741978996
2847,107.34867645228282,27.212132558972517,18.441714665983945,18.948301688065722,16.71217622340157,16.769662037508837,16.78228629981831,17.409565096358275,1.729538442582374,2000,2024,HFI_Mu_2022,16.71217622340157,16.769662037508837,16.78228629981831,17.409565096358275,18.69500817702483
2848,108.24699173640234,27.212132558972517,14.138532735116751,14.515878042413235,13.452781216281295,13.473346415415392,13.391580586026908,13.653316770056094,0.6857515188354562,2000,2024,HFI_Mu_2022,13.452781216281295,13.473346415415392,13.391580586026908,13.653316770056094,14.327205388764993
2849,109.14530702052186,27.212132558972517,13.028949097807958,13.274653550221798,11.866944492976437,12.076372275160434,11.887775251514316,12.394698498558324,1.1620046048315213,2000,2024,HFI_Mu_2022,11.866944492976437,12.076372275160434,11.887775251514316,12.394698498558324,13.151801324014878
2850,110.04362230464137,27.212132558972517,13.953676643873324,14.037083680876057,12.604859288848633,12.877516492862291,12.91612904522346,13.27978405099249,1.348817355024691,2000,2024,HFI_Mu_2022,12.604859288848633,12.877516492862291,12.91612904522346,13.27978405099249,13.99538016237469
2851,110.9419375887609,27.212132558972517,15.643018979858997,16.032457465515883,14.384837198808878,14.481961632277857,14.399759603313242,14.794619037562972,1.2581817810501192,2000,2024,HFI_Mu_2022,14.384837198808878,14.481961632277857,14.399759603313242,14.794619037562972,15.83773822268744
2852,111.84025287288041,27.212132558972517,18.61379592894296,19.11526773136483,16.150716224498336,16.428192218892,16.46952901804462,17.30456624491545,2.463079704444624,2000,2024,HFI_Mu_2022,16.150716224498336,16.428192218892,16.46952901804462,17.30456624491545,18.864531830153894
2853,112.73856815699993,27.212132558972517,18.86907772958491,18.616701120280588,16.320559727036535,16.60689248654463,16.810655370180413,17.361067358709317,2.5485180025483736,2000,2024,HFI_Mu_2022,16.320559727036535,16.60689248654463,16.810655370180413,17.361067358709317,18.74288942493275
2854,113.63688344111945,27.212132558972517,13.645558237499795,13.67634317604618,12.423690123743889,12.67622896976333,12.590285962194269,13.086772212101993,1.2218681137559066,2000,2024,HFI_Mu_2022,12.423690123743889,12.67622896976333,12.590285962194269,13.086772212101993,13.660950706772987
2855,114.53519872523898,27.212132558972517,14.854793694974447,14.651509001798052,13.252164903924013,13.469071926565174,13.494571985117238,13.851457912923724,1.6026287910504333,2000,2024,HFI_Mu_2022,13.252164903924013,13.469071926565174,13.494571985117238,13.851457912923724,14.75315134838625
2856,115.43351400935852,27.212132558972517,14.544021217598848,14.472561396410384,13.137166878925647,13.31756270798219,13.32279230633412,13.691822445089663,1.4068543386732006,2000,2024,HFI_Mu_2022,13.137166878925647,13.31756270798219,13.32279230633412,13.691822445089663,14.508291307004615
2857,116.33182929347802,27.212132558972517,11.021325153733656,11.031382273852833,10.220751148440351,10.392434286045154,10.386512371766411,10.592929763298766,0.8005740052933046,2000,2024,HFI_Mu_2022,10.220751148440351,10.392434286045154,10.386512371766411,10.592929763298766,11.026353713793245
2858,117.23014457759756,27.212132558972506,10.573913470611897,10.412377733442504,9.705502175903447,9.790327826295455,9.734443272249568,9.951007701295444,0.8684112947084497,2000,2024,HFI_Mu_2022,9.705502175903447,9.790327826295455,9.734443272249568,9.951007701295444,10.493145602027202
2859,118.12845986171706,27.212132558972517,10.854994561741888,10.45401680030241,9.87108387713814,9.848940993506542,9.762019218165507,10.00161179117811,0.9839106846037478,2000,2024,HFI_Mu_2022,9.87108387713814,9.848940993506542,9.762019218165507,10.00161179117811,10.65450568102215
2860,119.0267751458366,27.212132558972517,10.568321964211338,10.282117691436191,10.063492187730423,10.080460662612827,9.764599038484862,9.846732900546092,0.5048297764809142,2000,2024,HFI_Mu_2022,10.063492187730423,10.080460662612827,9.764599038484862,9.846732900546092,10.425219827823764
2861,119.89822249616283,27.234495341208632,17.94210715616823,15.956196272626123,12.997763858914158,13.115160228362894,13.291262435799187,14.318130560465303,4.944343297254072,2000,2024,HFI_Mu_2022,12.997763858914158,13.115160228362894,13.291262435799187,14.318130560465303,16.949151714397175
2862,120.49110376213677,27.40923161282837,29.392038728937756,29.28812811760929,20.640984308786233,21.474567429846225,22.944024286856198,25.721392355018487,8.751054420151522,2000,2024,HFI_Mu_2022,20.640984308786233,21.474567429846225,22.944024286856198,25.721392355018487,29.340083423273523
2909,98.74831929046941,26.2503405697284,5.494228251775106,5.494228251775106,5.337485697995062,5.419619639023491,5.158776796382407,5.40802525351013,0.15674255378004442,2000,2024,HFI_Mu_2022,5.337485697995062,5.419619639023491,5.158776796382407,5.40802525351013,5.494228251775106
2910,99.26383889520712,26.41039861132904,9.147478789478729,9.202229190312782,8.713334930337348,8.78938966572366,8.785205636638167,8.961490990370457,0.4341438591413809,2000,2024,HFI_Mu_2022,8.713334930337348,8.78938966572366,8.785205636638167,8.961490990370457,9.174853989895755
2911,100.16215417932663,26.41039861132904,11.95746692589773,12.019876632304092,10.912872036219351,11.114154986778738,11.182898122798818,11.445665166948666,1.044594889678379,2000,2024,HFI_Mu_2022,10.912872036219351,11.114154986778738,11.182898122798818,11.445665166948666,11.988671779100912
2912,101.06046946344614,26.41039861132904,11.515888406445287,11.52504568972692,10.763070059035059,10.963281904230493,11.067274520190956,11.251379978419266,0.7528183474102281,2000,2024,HFI_Mu_2022,10.763070059035059,10.963281904230493,11.067274520190956,11.251379978419266,11.520467048086104
2913,101.95878474756569,26.41039861132904,16.367963289750872,16.256463997694517,14.826797297640862,15.430069764484692,15.484311923918103,15.770617278405139,1.5411659921100096,2000,2024,HFI_Mu_2022,14.826797297640862,15.430069764484692,15.484311923918103,15.770617278405139,16.312213643722693
2914,102.85710003168518,26.41039861132904,15.118885302434288,15.109027604417196,13.929967493022021,14.150203685593809,14.246395104256825,14.546681073484212,1.188917809412267,2000,2024,HFI_Mu_2022,13.929967493022021,14.150203685593809,14.246395104256825,14.546681073484212,15.113956453425743
2915,103.75541531580473,26.41039861132904,12.499198360117274,12.637970333023809,11.608363253906772,11.746038231763487,11.830482387755229,12.088683777618124,0.8908351062105027,2000,2024,HFI_Mu_2022,11.608363253906772,11.746038231763487,11.830482387755229,12.088683777618124,12.568584346570542
2916,104.65373059992424,26.41039861132904,15.313022964104439,15.782692080583214,14.257512450321643,14.380227336242797,14.400579822658976,14.985201448523542,1.0555105137827958,2000,2024,HFI_Mu_2022,14.257512450321643,14.380227336242797,14.400579822658976,14.985201448523542,15.547857522343826
2917,105.55204588404376,26.41039861132904,18.22948899828977,19.612880103092603,15.972146623820281,16.137687244479068,16.197945992722794,17.29271675951563,2.2573423744694896,2000,2024,HFI_Mu_2022,15.972146623820281,16.137687244479068,16.197945992722794,17.29271675951563,18.921184550691187
2918,106.45036116816328,26.41039861132904,24.624931782989805,25.963281973755286,19.795569109958034,20.26487825769748,20.58733862416239,22.976162288987208,4.8293626730317705,2000,2024,HFI_Mu_2022,19.795569109958034,20.26487825769748,20.58733862416239,22.976162288987208,25.294106878372546
2919,107.34867645228282,26.41039861132904,17.13636931099591,17.824702136891343,15.487825238924701,15.37750396530055,15.40558282749871,15.97073541537516,1.6485440720712088,2000,2024,HFI_Mu_2022,15.487825238924701,15.37750396530055,15.40558282749871,15.97073541537516,17.480535723943625
2920,108.24699173640234,26.41039861132904,12.729147983075606,13.199058825837438,11.859743509037534,11.932434582072593,11.855737023096147,12.305161639273079,0.8694044740380722,2000,2024,HFI_Mu_2022,11.859743509037534,11.932434582072593,11.855737023096147,12.305161639273079,12.964103404456523
2921,109.14530702052186,26.41039861132904,8.922610661762556,9.011931770782995,8.767569937247588,8.776887005159947,8.644689323969473,8.719077866882587,0.15504072451496853,2000,2024,HFI_Mu_2022,8.767569937247588,8.776887005159947,8.644689323969473,8.719077866882587,8.967271216272776
2922,110.04362230464136,26.410398611329068,10.96830708811758,11.10871721218535,10.473662821974166,10.552715886434509,10.581220653007225,10.765283906012717,0.49464426614341406,2000,2024,HFI_Mu_2022,10.473662821974166,10.552715886434509,10.581220653007225,10.765283906012717,11.038512150151465
2923,110.94193758876085,26.410398611329068,13.207635897608625,13.62085829532006,12.564478699494353,12.666798856165272,12.59668557166462,12.847778171792358,0.6431571981142721,2000,2024,HFI_Mu_2022,12.564478699494353,12.666798856165272,12.59668557166462,12.847778171792358,13.414247096464344
2924,111.84025287288041,26.41039861132904,15.865987672586089,16.49501819610005,13.930820258856116,14.124299828593378,14.186894134746378,14.557901309066283,1.9351674137299728,2000,2024,HFI_Mu_2022,13.930820258856116,14.124299828593378,14.186894134746378,14.557901309066283,16.18050293434307
2925,112.73856815699993,26.41039861132904,17.25649240385553,17.54392949009556,15.102096497983005,15.44236418300625,15.56119260844674,16.279115354518588,2.154395905872523,2000,2024,HFI_Mu_2022,15.102096497983005,15.44236418300625,15.56119260844674,16.279115354518588,17.400210946975545
2926,113.63688344111945,26.41039861132904,11.315451613245624,11.351033204882452,10.508688635585626,10.701601024185962,10.681915865307397,10.96505870980644,0.8067629776599983,2000,2024,HFI_Mu_2022,10.508688635585626,10.701601024185962,10.681915865307397,10.96505870980644,11.333242409064038
2927,114.53519872523898,26.41039861132904,11.706682261102184,11.619209174642782,10.75633702733394,10.960182444560033,10.887692773201712,11.208384960272706,0.9503452337682443,2000,2024,HFI_Mu_2022,10.75633702733394,10.960182444560033,10.887692773201712,11.208384960272706,11.662945717872482
2928,115.43351400935852,26.41039861132904,12.18913859183581,12.256032432811757,11.487190820806417,11.570123169692046,11.481911408419888,11.711917370594696,0.7019477710293938,2000,2024,HFI_Mu_2022,11.487190820806417,11.570123169692046,11.481911408419888,11.711917370594696,12.222585512323784
2929,116.331829293478,26.41039861132903,11.543580907102827,11.482995905320626,10.712035631888483,10.780881972541398,10.753877743497496,11.036920263313547,0.831545275214344,2000,2024,HFI_Mu_2022,10.712035631888483,10.780881972541398,10.753877743497496,11.036920263313547,11.513288406211727
2930,117.23014457759756,26.41039861132904,9.563104543202815,9.335093474990519,8.896442567915322,8.940117468301217,8.848483209211931,9.062074107051279,0.6666619752874929,2000,2024,HFI_Mu_2022,8.896442567915322,8.940117468301217,8.848483209211931,9.062074107051279,9.449099009096667
2931,118.12845986171706,26.41039861132904,11.956226683295672,11.779308831023554,10.881691000779115,10.928206727440868,10.854624674640714,11.30764642626875,1.0745356825165562,2000,2024,HFI_Mu_2022,10.881691000779115,10.928206727440868,10.854624674640714,11.30764642626875,11.867767757159612
2932,119.0267751458366,26.41039861132904,16.814388011118783,16.297016887201,14.532635119200018,14.673791499867207,14.685953473251153,15.537341785304042,2.2817528919187655,2000,2024,HFI_Mu_2022,14.532635119200018,14.673791499867207,14.685953473251153,15.537341785304042,16.55570244915989
2933,119.69990968516072,26.47769201777686,25.80976599435171,23.66409195781486,19.423529265227607,19.56525009783248,20.201292319741516,22.378920025120493,6.386236729124104,2000,2024,HFI_Mu_2022,19.423529265227607,19.56525009783248,20.201292319741516,22.378920025120493,24.736928976083284
2981,98.50093442835316,25.482984313348066,8.05692262548758,8.216732750884232,7.932600131248264,8.21063728908087,7.841362669093915,7.903073373043515,0.1243224942393164,2000,2024,HFI_Mu_2022,7.932600131248264,8.21063728908087,7.841362669093915,7.903073373043515,8.136827688185907
2982,99.26383889520712,25.603054277813133,11.556902820261428,11.484125570157307,10.942171445992372,10.955109663485892,11.026020826746592,11.146335106389884,0.6147313742690557,2000,2024,HFI_Mu_2022,10.942171445992372,10.955109663485892,11.026020826746592,11.146335106389884,11.520514195209367
2983,100.16215417932663,25.603054277813133,14.867910932456303,14.80609749457938,13.304076629966799,13.530942599581637,13.74979248284823,14.274452022452605,1.5638343024895036,2000,2024,HFI_Mu_2022,13.304076629966799,13.530942599581637,13.74979248284823,14.274452022452605,14.83700421351784
2984,101.06046946344617,25.603054277813133,12.0539296752652,11.966699571597731,11.109400657339643,11.241974285029835,11.161236290546348,11.463622443562743,0.9445290179255572,2000,2024,HFI_Mu_2022,11.109400657339643,11.241974285029835,11.161236290546348,11.463622443562743,12.010314623431466
2985,101.95878474756569,25.603054277813133,13.731272988607499,13.83474896327488,12.970220367358733,13.117075174510406,13.068635642219855,13.302444568779848,0.7610526212487656,2000,2024,HFI_Mu_2022,12.970220367358733,13.117075174510406,13.068635642219855,13.302444568779848,13.783010975941188
2986,102.8571000316852,25.603054277813133,15.23619775953254,15.315308723847316,13.116988080959807,13.4253809773497,13.684559878841846,14.410021092986684,2.1192096785727337,2000,2024,HFI_Mu_2022,13.116988080959807,13.4253809773497,13.684559878841846,14.410021092986684,15.275753241689928
2987,103.75541531580473,25.603054277813133,15.783715266990804,15.998759450131276,13.693099056147894,14.008832091906323,14.287411102329747,14.772781997735255,2.09061621084291,2000,2024,HFI_Mu_2022,13.693099056147894,14.008832091906323,14.287411102329747,14.772781997735255,15.891237358561039
2988,104.65373059992424,25.603054277813133,16.5226688211561,16.883066719116325,14.893984429668704,15.136288936158731,15.214963726697516,15.921856274175585,1.6286843914873952,2000,2024,HFI_Mu_2022,14.893984429668704,15.136288936158731,15.214963726697516,15.921856274175585,16.702867770136212
2989,105.55204588404376,25.603054277813133,17.335280766892378,18.19367474728541,16.357402508717893,16.521821756434672,16.462991397507583,16.90466300053383,0.9778782581744849,2000,2024,HFI_Mu_2022,16.357402508717893,16.521821756434672,16.462991397507583,16.90466300053383,17.764477757088894
2990,106.45036116816328,25.603054277813133,15.668221754514942,16.237782683229,15.4325154337556,15.397005629292485,15.279548700889697,15.545158218090677,0.23570632075934128,2000,2024,HFI_Mu_2022,15.4325154337556,15.397005629292485,15.279548700889697,15.545158218090677,15.953002218871971
2991,107.34867645228282,25.603054277813143,13.632913513131834,14.07023504592935,13.38659795503721,13.32292551880805,13.16909872495953,13.288137071594676,0.2463155580946239,2000,2024,HFI_Mu_2022,13.38659795503721,13.32292551880805,13.16909872495953,13.288137071594676,13.851574279530592
2992,108.2469917364023,25.603054277813133,11.05142041349464,11.333297953106902,10.886510220921597,10.80279740048289,10.814985657554844,10.805317588726023,0.16491019257304274,2000,2024,HFI_Mu_2022,10.886510220921597,10.80279740048289,10.814985657554844,10.805317588726023,11.19235918330077
2993,109.14530702052181,25.603054277813133,12.186479171529228,12.54461866337576,11.795822155151837,11.790622352729608,11.792331656467768,11.890660117761588,0.39065701637739103,2000,2024,HFI_Mu_2022,11.795822155151837,11.790622352729608,11.792331656467768,11.890660117761588,12.365548917452493
2994,110.0436223046413,25.603054277813133,12.233763563305056,12.511460361725396,11.129203461183195,11.215220184997873,11.36269247771574,11.769393753561356,1.1045601021218605,2000,2024,HFI_Mu_2022,11.129203461183195,11.215220184997873,11.36269247771574,11.769393753561356,12.372611962515226
2995,110.94193758876084,25.603054277813133,11.961841528076341,12.553167999547275,11.45562925764755,11.362103382761068,11.378753648095122,11.56646105394052,0.5062122704287919,2000,2024,HFI_Mu_2022,11.45562925764755,11.362103382761068,11.378753648095122,11.56646105394052,12.25750476381181
2996,111.84025287288046,25.603054277813143,14.331726848850987,15.256634409714074,13.302681651332081,13.369131209247126,13.332357776549175,13.70278530692536,1.029045197518906,2000,2024,HFI_Mu_2022,13.302681651332081,13.369131209247126,13.332357776549175,13.70278530692536,14.79418062928253
2997,112.73856815699988,25.603054277813133,17.510809725312246,17.890137064702202,15.07426857058309,15.546674095498997,15.643717570714326,16.887381773475532,2.4365411547291558,2000,2024,HFI_Mu_2022,15.07426857058309,15.546674095498997,15.643717570714326,16.887381773475532,17.700473395007222
2998,113.63688344111955,25.60305427781317,8.945950352780013,8.953231605989291,8.336119482778523,8.430280884011328,8.384190761188247,8.73744137617345,0.60983087000149,2000,2024,HFI_Mu_2022,8.336119482778523,8.430280884011328,8.384190761188247,8.73744137617345,8.949590979384652
2999,114.53519872523893,25.603054277813133,15.840916542816256,15.670228469083481,13.19313143554115,13.541038633775617,13.76325066876023,14.374799664199411,2.647785107275105,2000,2024,HFI_Mu_2022,13.19313143554115,13.541038633775617,13.76325066876023,14.374799664199411,15.755572505949868
3000,115.43351400935849,25.603054277813133,13.466419371290636,13.421506436222812,12.167317367182262,12.292525134829976,12.263566953299607,12.71516259803405,1.2991020041083736,2000,2024,HFI_Mu_2022,12.167317367182262,12.292525134829976,12.263566953299607,12.71516259803405,13.443962903756724
3001,116.331829293478,25.603054277813133,11.448873683176103,11.313358055761508,10.54704746062473,10.660196351081563,10.501340215944605,10.847796001695478,0.9018262225513727,2000,2024,HFI_Mu_2022,10.54704746062473,10.660196351081563,10.501340215944605,10.847796001695478,11.381115869468806
3002,117.23014457759756,25.603054277813133,8.937119074661057,8.862702267592455,8.605706851716723,8.679399683143549,8.491218081942497,8.666747750241008,0.3314122229443335,2000,2024,HFI_Mu_2022,8.605706851716723,8.679399683143549,8.491218081942497,8.666747750241008,8.899910671126756
3003,118.12845986171706,25.603054277813133,12.957018236522686,12.650540751104808,10.92519418785853,11.075107039558086,11.132989426206322,12.04381222363095,2.0318240486641557,2000,2024,HFI_Mu_2022,10.92519418785853,11.075107039558086,11.132989426206322,12.04381222363095,12.803779493813746
3004,118.99303132122284,25.632231068993548,22.52976819244963,21.81657079266297,18.26024808966296,18.368274489172098,19.117867846850455,20.67725366675036,4.269520102786672,2000,2024,HFI_Mu_2022,18.26024808966296,18.368274489172098,19.117867846850455,20.67725366675036,22.173169492556298
3005,119.61981985182867,25.680308489003973,34.21536869501147,33.58953646242063,26.716399503611374,27.700700067489663,29.739566278203668,32.25284206756104,7.498969191400096,2000,2024,HFI_Mu_2022,26.716399503611374,27.700700067489663,29.739566278203668,32.25284206756104,33.90245257871605
3052,97.78800344529732,24.719982896522687,9.752587605778151,9.753075168866289,8.95852408683457,9.379241057862775,9.384152377076058,9.74607447168991,0.794063518943581,2000,2024,HFI_Mu_2022,8.95852408683457,9.379241057862775,9.384152377076058,9.74607447168991,9.752831387322221
3053,98.3655236110876,24.79022169926032,11.515725125602257,11.706073975438436,10.393281045307203,10.776778686752264,10.887220533589366,11.247493126071555,1.122444080295054,2000,2024,HFI_Mu_2022,10.393281045307203,10.776778686752264,10.887220533589366,11.247493126071555,11.610899550520347
3054,99.26383889520712,24.79022169926032,14.17751820363356,14.218367599235265,13.037985093889809,13.325511441681758,13.254230203229726,13.632513199587562,1.139533109743752,2000,2024,HFI_Mu_2022,13.037985093889809,13.325511441681758,13.254230203229726,13.632513199587562,14.197942901434413
3055,100.16215417932663,24.79022169926032,13.798586794682924,13.79360320453034,13.164166419375952,13.358316711424854,13.324214903888398,13.482595224868517,0.6344203753069717,2000,2024,HFI_Mu_2022,13.164166419375952,13.358316711424854,13.324214903888398,13.482595224868517,13.796094999606632
3056,101.06046946344617,24.79022169926032,13.166136937445783,13.145180157687527,12.680730488322064,12.775015562660426,12.760762602333601,12.87193458052754,0.4854064491237189,2000,2024,HFI_Mu_2022,12.680730488322064,12.775015562660426,12.760762602333601,12.87193458052754,13.155658547566656
3057,101.95878474756569,24.79022169926032,13.1664467402221,12.991750531958282,11.49603235089747,11.836579637199373,11.974945061982996,12.29384847937087,1.6704143893246286,2000,2024,HFI_Mu_2022,11.49603235089747,11.836579637199373,11.974945061982996,12.29384847937087,13.07909863609019
3058,102.8571000316852,24.79022169926032,23.229088770104035,23.446659073380353,18.973675095245106,19.629209588537826,20.581318941565634,21.956084283579447,4.255413674858929,2000,2024,HFI_Mu_2022,18.973675095245106,19.629209588537826,20.581318941565634,21.956084283579447,23.337873921742194
3059,103.75541531580473,24.79022169926032,16.443547058557556,17.046137683632395,14.694685808346136,14.761189455074312,14.998542011356504,15.519814309625241,1.7488612502114194,2000,2024,HFI_Mu_2022,14.694685808346136,14.761189455074312,14.998542011356504,15.519814309625241,16.744842371094975
3060,104.65373059992427,24.790221699260297,13.986825511181618,14.381658310243914,12.849856308950276,12.995134696440411,13.28171350002173,13.720239980810906,1.1369692022313416,2000,2024,HFI_Mu_2022,12.849856308950276,12.995134696440411,13.28171350002173,13.720239980810906,14.184241910712766
3061,105.55204588404376,24.79022169926032,14.384132369658868,14.347293461216982,13.827096448277992,13.842659534292018,14.042913565070434,14.27704923212347,0.5570359213808764,2000,2024,HFI_Mu_2022,13.827096448277992,13.842659534292018,14.042913565070434,14.27704923212347,14.365712915437925
3062,106.45036116816337,24.79022169926032,11.673073234617268,11.546324663535767,11.440690732556181,11.457669274126319,11.448765248600374,11.539890824958162,0.23238250206108724,2000,2024,HFI_Mu_2022,11.440690732556181,11.457669274126319,11.448765248600374,11.539890824958162,11.609698949076517
3063,107.34867645228282,24.79022169926032,11.248006879508141,11.126676141788273,11.086966803692027,11.106141182868292,10.985408878506092,10.949638837972214,0.16104007581611413,2000,2024,HFI_Mu_2022,11.086966803692027,11.106141182868292,10.985408878506092,10.949638837972214,11.187341510648206
3064,108.24699173640235,24.79022169926032,13.154338747773975,13.054253135967846,12.975636167072777,12.885043356926877,12.81162734830755,12.905031612257764,0.1787025807011986,2000,2024,HFI_Mu_2022,12.975636167072777,12.885043356926877,12.81162734830755,12.905031612257764,13.10429594187091
3065,109.14530702052186,24.79022169926032,17.75615040669904,17.453509287274205,16.32943341861292,16.351652081737893,16.473544298370708,16.879362242429934,1.4267169880861204,2000,2024,HFI_Mu_2022,16.32943341861292,16.351652081737893,16.473544298370708,16.879362242429934,17.604829846986622
3066,110.04362230464137,24.79022169926032,15.649351586802752,15.264392482676405,14.088668961800341,14.07540883368634,14.26410828196169,14.551973633490798,1.5606826250024106,2000,2024,HFI_Mu_2022,14.088668961800341,14.07540883368634,14.26410828196169,14.551973633490798,15.456872034739579
3067,110.94193758876101,24.79022169926032,15.022225688054457,14.712785765041689,13.834747139745112,13.787689048411735,13.799211953581647,14.082766132661195,1.187478548309345,2000,2024,HFI_Mu_2022,13.834747139745112,13.787689048411735,13.799211953581647,14.082766132661195,14.867505726548073
3068,111.8402528728805,24.790221699260297,11.841776202647889,11.814965123302757,11.273678847230816,11.305507760144753,11.207879695625008,11.452296982190767,0.5680973554170734,2000,2024,HFI_Mu_2022,11.273678847230816,11.305507760144753,11.207879695625008,11.452296982190767,11.828370662975324
3069,112.7385681569999,24.790221699260282,12.745354650071043,12.657087850069141,11.800462360149576,11.99439634224726,11.820417487145862,12.262247455360708,0.9448922899214676,2000,2024,HFI_Mu_2022,11.800462360149576,11.99439634224726,11.820417487145862,12.262247455360708,12.701221250070091
3070,113.63688344111945,24.79022169926032,14.311935843812227,13.92239879207013,12.26177515961267,12.443897690085604,12.356226740028902,13.115817906863203,2.0501606841995574,2000,2024,HFI_Mu_2022,12.26177515961267,12.443897690085604,12.356226740028902,13.115817906863203,14.117167317941178
3071,114.53519872523898,24.79022169926032,11.941032138190378,11.642307951474665,10.50941325684321,10.799729294253531,10.66829700596475,11.009735621457658,1.431618881347168,2000,2024,HFI_Mu_2022,10.50941325684321,10.799729294253531,10.66829700596475,11.009735621457658,11.791670044832522
3072,115.43351400935859,24.79022169926032,13.282890432281166,13.085066817678221,11.921541456091921,12.095821696587954,12.054361422676731,12.562976373956142,1.3613489761892446,2000,2024,HFI_Mu_2022,11.921541456091921,12.095821696587954,12.054361422676731,12.562976373956142,13.183978624979694
3073,116.33182929347802,24.79022169926032,13.35047050904671,13.002339655149308,11.950048932638962,12.156987526247473,11.917547653606778,12.48399400315338,1.400421576407748,2000,2024,HFI_Mu_2022,11.950048932638962,12.156987526247473,11.917547653606778,12.48399400315338,13.17640508209801
3074,117.23014457759756,24.79022169926032,15.510375308201167,14.912865251389775,12.989254875244626,13.183484534151715,13.355023775093743,14.050572849744832,2.5211204329565415,2000,2024,HFI_Mu_2022,12.989254875244626,13.183484534151715,13.355023775093743,14.050572849744832,15.211620279795472
3075,118.1037494967102,24.83417201890507,28.18996646580018,27.775875252463084,22.86613042574717,23.393644518436822,24.5020556731359,26.415316116321645,5.32383604005301,2000,2024,HFI_Mu_2022,22.86613042574717,23.393644518436822,24.5020556731359,26.415316116321645,27.98292085913163
3076,118.77011789503436,24.9607755290876,37.3174480771465,37.14219215415787,32.009455001711046,33.348907414193405,34.482350445842336,35.97087676217808,5.307993075435455,2000,2024,HFI_Mu_2022,32.009455001711046,33.348907414193405,34.482350445842336,35.97087676217808,37.22982011565219
3078,121.03567742495993,24.661571293903272,27.34234352949933,27.56315754119432,25.025783111588463,25.306078231403383,25.60251088232064,26.376832105696185,2.3165604179108676,2000,2024,HFI_Mu_2022,25.025783111588463,25.306078231403383,25.60251088232064,26.376832105696185,27.452750535346826
3079,121.56866685727603,24.784219047597105,21.13650266962465,20.909638394616934,19.614035728762538,19.78840025627958,19.851808352592496,20.331707991781972,1.5224669408621132,2000,2024,HFI_Mu_2022,19.614035728762538,19.78840025627958,19.851808352592496,20.331707991781972,21.02307053212079
3124,97.79707285177345,24.12590554067083,18.62885131962656,18.44184344842678,15.477634695571238,16.481928711801064,17.123829041175018,18.489090578293236,3.151216624055321,2000,2024,HFI_Mu_2022,15.477634695571238,16.481928711801064,17.123829041175018,18.489090578293236,18.53534738402667
3125,98.3749181216896,24.209691522334374,10.880032708241298,10.75542308783844,9.584038474796564,9.8829603605461,9.934776323724732,10.6805621523324,1.295994233444734,2000,2024,HFI_Mu_2022,9.584038474796564,9.8829603605461,9.934776323724732,10.6805621523324,10.81772789803987
3126,99.27433317543321,23.975139779721122,12.532222192313535,12.46029301570905,12.028325057888653,12.258276386805072,12.111870650624812,12.291388981371338,0.5038971344248822,2000,2024,HFI_Mu_2022,12.028325057888653,12.258276386805072,12.111870650624812,12.291388981371338,12.496257604011292
3127,100.16215417932663,23.972028249114643,12.21338877168674,12.23292610620432,11.794994471385499,11.91236201293403,11.810688872167594,11.959840137981674,0.4183943003012409,2000,2024,HFI_Mu_2022,11.794994471385499,11.91236201293403,11.810688872167594,11.959840137981674,12.223157438945531
3128,101.06046946344617,23.972028249114643,9.50532916322163,9.529774938849648,9.353007952705552,9.492099997010182,9.315061521758713,9.368038563302637,0.15232121051607805,2000,2024,HFI_Mu_2022,9.353007952705552,9.492099997010182,9.315061521758713,9.368038563302637,9.51755205103564
3129,101.95878474756569,23.972028249114643,12.383606529807244,12.389717972185741,11.527568984874499,11.89037948994668,11.832435118530666,12.110084060711229,0.8560375449327449,2000,2024,HFI_Mu_2022,11.527568984874499,11.89037948994668,11.832435118530666,12.110084060711229,12.386662250996492
3130,102.8571000316852,23.972028249114643,17.219344832781747,17.41508289888744,15.398587321817931,16.019165742117288,16.059001547978227,16.514011081090253,1.8207575109638157,2000,2024,HFI_Mu_2022,15.398587321817931,16.019165742117288,16.059001547978227,16.514011081090253,17.317213865834596
3131,103.75541531580473,23.972028249114643,14.948924123447862,15.20233561726021,13.903843717610508,14.189799871688178,14.223475006720323,14.47829083140114,1.0450804058373535,2000,2024,HFI_Mu_2022,13.903843717610508,14.189799871688178,14.223475006720323,14.47829083140114,15.075629870354035
3133,105.55204588404382,23.97202824911462,11.621718553501761,11.583049812531536,11.553046874481662,11.677184407759267,11.607951458180063,11.688105010563893,0.06867167902009896,2000,2024,HFI_Mu_2022,11.553046874481662,11.677184407759267,11.607951458180063,11.688105010563893,11.60238418301665
3134,106.45036116816337,23.972028249114643,13.09533609357625,13.05492630889085,12.47134541617903,12.610516754163147,12.761368746084523,12.899959238692976,0.6239906773972201,2000,2024,HFI_Mu_2022,12.47134541617903,12.610516754163147,12.761368746084523,12.899959238692976,13.07513120123355
3135,107.34867645228282,23.972028249114643,13.182147194475135,13.187413578979807,12.929175088469615,12.929833305304939,12.828743990750006,12.953457446877817,0.25297210600552056,2000,2024,HFI_Mu_2022,12.929175088469615,12.929833305304939,12.828743990750006,12.953457446877817,13.184780386727471
3136,108.24699173640234,23.972028249114643,12.865683623036853,12.78107192600905,12.459254028841725,12.438953603759822,12.28844147103402,12.419223536095249,0.4064295941951279,2000,2024,HFI_Mu_2022,12.459254028841725,12.438953603759822,12.28844147103402,12.419223536095249,12.823377774522951
3137,109.14530702052186,23.972028249114643,21.65338264312863,20.968787993132096,19.407950905459725,19.94212584167519,20.283748122498263,20.862966380377628,2.2454317376689055,2000,2024,HFI_Mu_2022,19.407950905459725,19.94212584167519,20.283748122498263,20.862966380377628,21.311085318130363
3138,110.04362230464137,23.972028249114643,14.432354818825983,13.96178321773231,13.216120641760721,13.119135419051462,13.197697416047921,13.510191762093044,1.216234177065262,2000,2024,HFI_Mu_2022,13.216120641760721,13.119135419051462,13.197697416047921,13.510191762093044,14.197069018279146
3139,110.9419375887609,23.972028249114643,10.704981703783952,10.615107527487716,10.355187997138021,10.262790829696792,10.222174781293052,10.320387413974577,0.3497937066459311,2000,2024,HFI_Mu_2022,10.355187997138021,10.262790829696792,10.222174781293052,10.320387413974577,10.660044615635833
3140,111.84025287288041,23.972028249114643,13.420262103709565,12.857238458607608,11.984026789393935,12.028703772446283,12.08330007227099,12.385754528095914,1.4362353143156295,2000,2024,HFI_Mu_2022,11.984026789393935,12.028703772446283,12.08330007227099,12.385754528095914,13.138750281158586
3141,112.73856815699993,23.972028249114643,15.92044126308426,15.256511150782794,13.572553166812495,13.974833416129663,14.10307698044535,14.67548286847637,2.347888096271765,2000,2024,HFI_Mu_2022,13.572553166812495,13.974833416129663,14.10307698044535,14.67548286847637,15.588476206933528
3142,113.63688344111945,23.972028249114643,19.166721271968587,17.930345699842853,14.880527662188083,15.300124115598209,15.700175132374337,17.05602615666718,4.286193609780504,2000,2024,HFI_Mu_2022,14.880527662188083,15.300124115598209,15.700175132374337,17.05602615666718,18.548533485905722
3143,114.53519872523898,23.972028249114643,14.566939669078673,13.93471718272469,11.366013577432549,12.067621713818134,12.136228835495563,13.020488496636693,3.2009260916461244,2000,2024,HFI_Mu_2022,11.366013577432549,12.067621713818134,12.136228835495563,13.020488496636693,14.25082842590168
3144,115.43351400935852,23.972028249114643,17.74153845995122,17.278745940996266,14.914584492162684,15.170513941180443,15.210482667270808,16.131299880662734,2.826953967788535,2000,2024,HFI_Mu_2022,14.914584492162684,15.170513941180443,15.210482667270808,16.131299880662734,17.510142200473744
3145,116.33182929347802,23.972028249114643,17.57183392319124,16.887298719769554,14.738760050733456,15.115595953143988,14.99499220945782,15.812922167736593,2.833073872457783,2000,2024,HFI_Mu_2022,14.738760050733456,15.115595953143988,14.99499220945782,15.812922167736593,17.229566321480398
3146,117.1913105098165,24.022833020071182,20.427970623707797,19.065574365565983,15.68599652231,15.594952583672214,15.938814947004147,17.382346215764674,4.741974101397796,2000,2024,HFI_Mu_2022,15.68599652231,15.594952583672214,15.938814947004147,17.382346215764674,19.74677249463689
3147,117.85492107720732,24.215020131225206,28.103046935048848,28.390499420673674,20.489892631791843,20.590694309822055,21.48897659932706,24.376708642430177,7.613154303257005,2000,2024,HFI_Mu_2022,20.489892631791843,20.590694309822055,21.48897659932706,24.376708642430177,28.24677317786126
3150,120.84619029479599,23.954712017726255,22.91667999031137,23.034176237716714,20.937396911876885,21.064347486616445,21.285596041498675,21.928404313547205,1.9792830784344844,2000,2024,HFI_Mu_2022,20.937396911876885,21.064347486616445,21.285596041498675,21.928404313547205,22.975428114014044
3151,121.45878055459546,24.022890300258265,10.290810988134693,10.1358971286526,9.23689026567099,9.200127489106439,9.27076702953341,9.661693623980058,1.0539207224637028,2000,2024,HFI_Mu_2022,9.23689026567099,9.200127489106439,9.27076702953341,9.661693623980058,10.213354058393646
3199,100.16215417932663,23.148606498338843,10.800726829029319,10.845397119966137,10.619740576925528,10.738895309560267,10.590652463228194,10.707040439032967,0.18098625210379105,2000,2024,HFI_Mu_2022,10.619740576925528,10.738895309560267,10.590652463228194,10.707040439032967,10.823061974497728
3200,101.06046946344617,23.148606498338843,9.82685840583473,9.850138955577219,9.302487244844944,9.532829674049292,9.567440820991274,9.62029260716746,0.5243711609897872,2000,2024,HFI_Mu_2022,9.302487244844944,9.532829674049292,9.567440820991274,9.62029260716746,9.838498680705975
3202,102.85906247599036,23.15096153887449,15.073076116878687,15.217561943904654,14.239494471364736,14.504626591131666,14.625680322614237,14.708324767835947,0.8335816455139504,2000,2024,HFI_Mu_2022,14.239494471364736,14.504626591131666,14.625680322614237,14.708324767835947,15.14531903039167
3203,103.75294575535112,23.159787976925266,14.40314797657857,14.590247342735347,13.404966774020405,13.700463473608634,13.757169794132908,13.974600187227047,0.9981812025581647,2000,2024,HFI_Mu_2022,13.404966774020405,13.700463473608634,13.757169794132908,13.974600187227047,14.49669765965696
3204,104.5924151044946,23.218630194263937,14.492066811361445,14.64257662888804,13.533180683828565,13.67730274034987,13.718590974408622,13.868638412427401,0.9588861275328799,2000,2024,HFI_Mu_2022,13.533180683828565,13.67730274034987,13.718590974408622,13.868638412427401,14.567321720124742
3205,105.63717453772766,23.336186137738025,12.931526480506886,12.925188107237126,12.768147622940308,12.761148134014887,12.73915123893016,12.905218161936796,0.16337885756657755,2000,2024,HFI_Mu_2022,12.768147622940308,12.761148134014887,12.73915123893016,12.905218161936796,12.928357293872006
3206,106.47548331175797,23.227586718590786,13.80508508505122,13.88751811647408,13.059852597204312,13.145154087046327,13.20263459260107,13.442120384425476,0.7452324878469074,2000,2024,HFI_Mu_2022,13.059852597204312,13.145154087046327,13.20263459260107,13.442120384425476,13.84630160076265
3207,107.34867645228282,23.148606498338843,15.244270758807454,15.009241747937839,14.188271819397192,14.28399144559412,14.26489948260084,14.446091365971972,1.0559989394102622,2000,2024,HFI_Mu_2022,14.188271819397192,14.28399144559412,14.26489948260084,14.446091365971972,15.126756253372648
3208,108.24699173640234,23.148606498338843,22.264764523587903,21.01699884942074,18.014328988453276,18.37925931987138,18.74842542175255,19.63127776865898,4.250435535134628,2000,2024,HFI_Mu_2022,18.014328988453276,18.37925931987138,18.74842542175255,19.63127776865898,21.640881686504322
3209,109.14530702052186,23.148606498338843,21.893195837591747,20.818952246871834,18.464027751271047,18.619372357322604,18.894006957008273,19.552981158484947,3.4291680863207006,2000,2024,HFI_Mu_2022,18.464027751271047,18.619372357322604,18.894006957008273,19.552981158484947,21.35607404223179
3210,110.04362230464137,23.148606498338843,20.008356978973552,19.04537205777785,17.099052025140985,17.197669289764114,17.3856937193265,18.13385572236315,2.9093049538325673,2000,2024,HFI_Mu_2022,17.099052025140985,17.197669289764114,17.3856937193265,18.13385572236315,19.526864518375703
3211,110.9419375887609,23.148606498338843,15.947616674593727,15.305350522444279,13.85328456238581,13.970301116377215,14.173415423636174,14.750409045011637,2.0943321122079173,2000,2024,HFI_Mu_2022,13.85328456238581,13.970301116377215,14.173415423636174,14.750409045011637,15.626483598519002
3212,111.84025287288041,23.148606498338843,16.176558381561524,15.208476740200789,13.232319563796414,13.423837337554797,13.71244520321136,14.564924800830171,2.9442388177651093,2000,2024,HFI_Mu_2022,13.232319563796414,13.423837337554797,13.71244520321136,14.564924800830171,15.692517560881157
3213,112.73856815699993,23.148606498338843,28.470374968113333,27.788399839142034,23.415236424565794,24.606338781573424,25.58395787751638,26.59930765355515,5.055138543547539,2000,2024,HFI_Mu_2022,23.415236424565794,24.606338781573424,25.58395787751638,26.59930765355515,28.129387403627682
3214,113.63928046905126,23.159712603304904,35.95491705002645,35.42218480183912,32.66327311356902,33.41755653747926,34.0726936560493,34.934418321756034,3.291643936457433,2000,2024,HFI_Mu_2022,32.66327311356902,33.41755653747926,34.0726936560493,34.934418321756034,35.68855092593279
3215,114.53199377387686,23.153637405727093,26.706326267044748,25.526213437243552,20.936135414401484,22.113530776155844,22.802766433197302,24.196805737318723,5.770190852643264,2000,2024,HFI_Mu_2022,20.936135414401484,22.113530776155844,22.802766433197302,24.196805737318723,26.11626985214415
3216,115.42761293357714,23.182920947064687,20.1055041654491,19.187212817899038,15.787345046386525,16.017524198948824,16.126612159521706,17.43445731253952,4.318159119062576,2000,2024,HFI_Mu_2022,15.787345046386525,16.017524198948824,16.126612159521706,17.43445731253952,19.64635849167407
3217,116.26138828304363,23.25861981185026,31.028929693709575,30.288582238039094,25.02041713333985,25.106764441562873,26.301301622989467,28.222926158648434,6.008512560369724,2000,2024,HFI_Mu_2022,25.02041713333985,25.106764441562873,26.301301622989467,28.222926158648434,30.658755965874334
3218,116.92700897281205,23.450039976552542,36.246978617038856,35.32861128307524,29.808310327075777,31.36579824304905,32.70028356954354,34.10825434833968,6.438668289963079,2000,2024,HFI_Mu_2022,29.808310327075777,31.36579824304905,32.70028356954354,34.10825434833968,35.78779495005705
3221,120.22106814290596,23.17973214734396,38.95347007051157,39.55542884649432,37.241441751203936,37.36185828833952,37.79939315832032,38.288911209054824,1.7120283193076347,2000,2024,HFI_Mu_2022,37.241441751203936,37.36185828833952,37.79939315832032,38.288911209054824,39.25444945850295
3222,120.81677269968256,23.154203763227848,14.448924038402447,14.563604985694525,12.93421957982392,12.946380072049609,13.003105585915906,13.600270551266822,1.514704458578528,2000,2024,HFI_Mu_2022,12.93421957982392,12.946380072049609,13.003105585915906,13.600270551266822,14.506264512048485
3270,99.50923103450131,22.395036146657155,11.275874938616145,11.155889138119162,10.529504180758567,10.734057339701113,10.595228305978473,10.69247434864579,0.7463707578575782,2000,2024,HFI_Mu_2022,10.529504180758567,10.734057339701113,10.595228305978473,10.69247434864579,11.215882038367653
3271,100.18235887879335,22.342511681604904,11.285839931021876,11.211088685936003,10.582090195346234,10.783064237904194,10.829992322957338,10.946397335286164,0.7037497356756415,2000,2024,HFI_Mu_2022,10.582090195346234,10.783064237904194,10.829992322957338,10.946397335286164,11.24846430847894
3272,101.06046946344617,22.320094169621488,9.933426052540332,9.394381763329317,8.640204083335982,8.839188518390788,8.797969529734347,9.061061446358273,1.2932219692043496,2000,2024,HFI_Mu_2022,8.640204083335982,8.839188518390788,8.797969529734347,9.061061446358273,9.663903907934824
3273,101.85212250682987,22.50045889559521,8.951487295438918,8.95465276251594,8.736572906096205,8.838189740798455,8.735172551690246,8.821193107426595,0.214914389342713,2000,2024,HFI_Mu_2022,8.736572906096205,8.838189740798455,8.735172551690246,8.821193107426595,8.953070028977429
3275,103.8284358063888,22.660719973824417,12.623808838204292,12.602214166492322,11.943305252002324,12.072577983834023,12.09024182783805,12.269418086720464,0.6805035862019686,2000,2024,HFI_Mu_2022,11.943305252002324,12.072577983834023,12.09024182783805,12.269418086720464,12.613011502348307
3278,106.7822376827429,22.366997661710183,17.45363290596821,16.797047785676707,15.849017800360569,15.948205635824397,16.05391324569369,16.27622408303209,1.6046151056076408,2000,2024,HFI_Mu_2022,15.849017800360569,15.948205635824397,16.05391324569369,16.27622408303209,17.12534034582246
3279,107.35152372780628,22.322996965856852,17.641886172753363,17.27635297567461,16.402339994060185,16.592067885354055,16.800121954489185,17.14477594697236,1.2395461786931783,2000,2024,HFI_Mu_2022,16.402339994060185,16.592067885354055,16.800121954489185,17.14477594697236,17.459119574213986
3280,108.24692294270359,22.32018362117183,18.94088961812567,18.486928593799604,16.4166474121027,16.702358916924926,17.14374916493719,17.703377071608607,2.5242422060229686,2000,2024,HFI_Mu_2022,16.4166474121027,16.702358916924926,17.14374916493719,17.703377071608607,18.713909105962635
3281,109.14530702052186,22.320094169621488,17.936706769576176,17.260986989327336,16.163870519046004,16.269519226105565,16.2664219022617,16.782308048295423,1.7728362505301725,2000,2024,HFI_Mu_2022,16.163870519046004,16.269519226105565,16.2664219022617,16.782308048295423,17.598846879451756
3282,110.04362230464137,22.320094169621488,19.376871690539183,18.60955168687423,16.786643257907162,16.905800545451527,17.06466442386818,17.770645897047068,2.5902284326320206,2000,2024,HFI_Mu_2022,16.786643257907162,16.905800545451527,17.06466442386818,17.770645897047068,18.993211688706708
3283,110.9419375887609,22.320094169621488,14.904816520769028,13.931265353182903,12.794789462582733,12.82178947991911,12.759774692993767,13.182117407275475,2.1100270581862954,2000,2024,HFI_Mu_2022,12.794789462582733,12.82178947991911,12.759774692993767,13.182117407275475,14.418040936975967
3284,111.84025287288041,22.320094169621488,16.645046306191347,15.727232746811179,13.902060027819969,14.111302924100613,14.266413349003503,14.952456301026967,2.7429862783713777,2000,2024,HFI_Mu_2022,13.902060027819969,14.111302924100613,14.266413349003503,14.952456301026967,16.186139526501265
3285,112.71714335398832,22.341021486150876,25.411875896949432,24.244045761680653,20.55351312857626,21.132393591313967,21.579379229689827,22.57440656654714,4.858362768373173,2000,2024,HFI_Mu_2022,20.55351312857626,21.132393591313967,21.579379229689827,22.57440656654714,24.827960829315042
3286,113.53750373476933,22.43540934178628,36.41216320259861,36.25179188709831,33.92575044951531,34.758505589453215,35.25554278136561,35.731600452604745,2.4864127530833002,2000,2024,HFI_Mu_2022,33.92575044951531,34.758505589453215,35.25554278136561,35.731600452604745,36.331977544848456
3287,114.38101234688976,22.5526175678141,32.873910114413405,32.02695499482702,28.702865050268954,29.234527134504475,29.870011219821993,31.168792510032652,4.171045064144451,2000,2024,HFI_Mu_2022,28.702865050268954,29.234527134504475,29.870011219821993,31.168792510032652,32.450432554620214
3293,120.32081217821582,22.630083643741546,42.16793710609962,42.18517848540996,43.60119626439851,43.005600970366906,42.66177959277712,42.36597313552067,-1.4332591582988883,2000,2024,HFI_Mu_2022,43.60119626439851,43.005600970366906,42.66177959277712,42.36597313552067,42.17655779575479
3294,120.72121838710483,22.44695629826,20.117756907353705,19.914028506620593,18.149566559367024,18.371051816796918,18.435497423739367,18.988961566591037,1.9681903479866811,2000,2024,HFI_Mu_2022,18.149566559367024,18.371051816796918,18.435497423739367,18.988961566591037,20.01589270698715
3295,121.52772195392981,22.207480425829445,17.788825158415168,16.168135495021424,13.794178790059583,14.22157410917611,13.985463504133554,15.922001402953576,3.9946463683555855,2000,2024,HFI_Mu_2022,13.794178790059583,14.22157410917611,13.985463504133554,15.922001402953576,16.978480326718298
3343,100.33499659863789,21.720450196607892,11.219056657554162,10.609133293668124,10.20439668555758,10.382397770256514,10.18833472094934,10.257660032905557,1.0146599719965828,2000,2024,HFI_Mu_2022,10.20439668555758,10.382397770256514,10.18833472094934,10.257660032905557,10.914094975611143
3344,101.13613406249338,21.654433706443267,11.159082198259165,11.066268556939844,9.697012914374163,9.919416271928748,9.790633489182458,9.945802157892235,1.4620692838850022,2000,2024,HFI_Mu_2022,9.697012914374163,9.919416271928748,9.790633489182458,9.945802157892235,11.112675377599505
3345,101.65175158301908,21.547353787275117,9.006691909340375,8.001177193487392,7.2732756867018695,7.341254202101161,7.449071859064348,7.554329568355837,1.733416222638506,2000,2024,HFI_Mu_2022,7.2732756867018695,7.341254202101161,7.449071859064348,7.554329568355837,8.503934551413884
3351,107.46706629026224,21.789304495521847,8.909135954848677,8.895709532159996,8.817080585067945,8.866627996193223,8.607876360800546,8.73718781386743,0.09205536978073248,2000,2024,HFI_Mu_2022,8.817080585067945,8.866627996193223,8.607876360800546,8.73718781386743,8.902422743504337
3352,108.19818339680441,21.747930341293394,17.11684310952081,16.24083634954258,13.341223829556382,13.816552669862851,14.416037295819654,15.555502183761991,3.7756192799644293,2000,2024,HFI_Mu_2022,13.341223829556382,13.816552669862851,14.416037295819654,15.555502183761991,16.678839729531695
3353,109.196084369523,21.705493576807232,24.535201196687296,23.458796971570074,20.473147350149773,20.722625999900558,21.749350020866608,22.96683859762264,4.062053846537523,2000,2024,HFI_Mu_2022,20.473147350149773,20.722625999900558,21.749350020866608,22.96683859762264,23.996999084128685
3354,110.08218818240934,21.519704582599882,28.601863600886297,27.031852038513954,22.602831056331738,23.11600760171183,23.530123179499814,24.832863360952462,5.999032544554559,2000,2024,HFI_Mu_2022,22.602831056331738,23.11600760171183,23.530123179499814,24.832863360952462,27.816857819700125
3355,110.89083976955416,21.625743636679722,29.64745959666495,28.641145753505985,23.36756801231573,23.425301175292823,24.08706230865273,26.045193342983374,6.2798915843492225,2000,2024,HFI_Mu_2022,23.36756801231573,23.425301175292823,24.08706230865273,26.045193342983374,29.14430267508547
3356,111.74898790198624,21.748584286825736,25.26085033216589,23.54031948830605,19.725955134142836,19.714850122145705,20.511652288866397,22.15079907887254,5.5348951980230545,2000,2024,HFI_Mu_2022,19.725955134142836,19.714850122145705,20.511652288866397,22.15079907887254,24.40058491023597
3357,112.58465143237012,21.78282098381748,21.25461484668972,19.920698779446262,17.60794559808878,17.636717660443765,17.518838699881012,18.684536283666436,3.64666924860094,2000,2024,HFI_Mu_2022,17.60794559808878,17.636717660443765,17.518838699881012,18.684536283666436,20.58765681306799
3426,110.09249720265113,20.670699145529973,25.89503491190069,23.641611466336723,21.60653572550694,21.711599295809453,21.902416474771975,22.384452581308306,4.28849918639375,2000,2024,HFI_Mu_2022,21.60653572550694,21.711599295809453,21.902416474771975,22.384452581308306,24.768323189118707
3427,110.54528953755928,20.775043618323046,24.266800901164178,25.179844462353252,22.175432827161707,22.64362034590348,22.738191044848897,22.893639315729555,2.091368074002471,2000,2024,HFI_Mu_2022,22.175432827161707,22.64362034590348,22.738191044848897,22.893639315729555,24.723322681758717
3497,109.32450944721404,19.58580837575586,21.537089666788084,21.01169610481657,18.602618965499946,18.99906332045243,18.132278553486223,19.35729501058856,2.934470701288138,2000,2024,HFI_Mu_2022,18.602618965499946,18.99906332045243,18.132278553486223,19.35729501058856,21.274392885802328
3498,110.05641687998059,19.685488756638087,21.90990089541784,21.278923998631015,18.241558052482404,18.604953847725053,19.135299451650372,20.1843666325254,3.668342842935438,2000,2024,HFI_Mu_2022,18.241558052482404,18.604953847725053,19.135299451650372,20.1843666325254,21.59441244702443
3499,110.73459643695513,19.72422414103137,20.29971675375566,19.038958080403216,16.582883977179677,16.819590858232893,17.333281295002646,17.960096830717017,3.716832776575984,2000,2024,HFI_Mu_2022,16.582883977179677,16.819590858232893,17.333281295002646,17.960096830717017,19.66933741707944
3568,108.67697868593933,19.02511811730871,36.27173917318128,39.385951169987315,27.686977504454937,28.765325777309457,30.477023527794277,32.491095769036676,8.584761668726344,2000,2024,HFI_Mu_2022,27.686977504454937,28.765325777309457,30.477023527794277,32.491095769036676,37.8288451715843
3569,109.1491114172138,18.957173944932943,16.065624386681055,16.280976254846646,12.556302620986742,12.723000972632132,12.85871351963511,13.514216589421716,3.509321765694313,2000,2024,HFI_Mu_2022,12.556302620986742,12.723000972632132,12.85871351963511,13.514216589421716,16.17330032076385
3570,110.03058229271338,18.972805472721376,13.681623328068785,14.49948531296533,11.99334044103912,12.175500787867826,12.438383390428237,12.910491747836561,1.688282887029665,2000,2024,HFI_Mu_2022,11.99334044103912,12.175500787867826,12.438383390428237,12.910491747836561,14.090554320517057
3571,110.57395885450363,19.155949548821926,22.404221216244483,24.639295830655453,15.87962271562263,16.782027132475555,18.343559279370663,19.200925985379005,6.5245985006218525,2000,2024,HFI_Mu_2022,15.87962271562263,16.782027132475555,18.343559279370663,19.200925985379005,23.521758523449968
3641,109.25604434997616,18.410565995859972,23.73540023110966,23.500204339017547,16.97491667995282,17.536410887104985,18.21885998079811,19.186537042311517,6.760483551156842,2000,2024,HFI_Mu_2022,16.97491667995282,17.536410887104985,18.21885998079811,19.186537042311517,23.617802285063604
3642,109.81381761007009,18.409192683131312,27.52889025632073,30.10460525120006,21.315702068104464,21.702607291586258,24.07428667755688,25.23556141502717,6.2131881882162645,2000,2024,HFI_Mu_2022,21.315702068104464,21.702607291586258,24.07428667755688,25.23556141502717,28.816747753760396
