grid_cell,metric,mk_S,mk_tau,mk_p
56,corrected_richness,10,1,0.02748633611151034
56,shannon,10,1,0.02748633611151034
56,inv_simpson,10,1,0.02748633611151034
56,trait_volume,-6,-0.6,0.2206713619198468
56,trait_dispersion,-6,-0.6,0.2206713619198468
56,rao_q,-8,-0.8,0.08641073297370003
56,feve,10,1,0.02748633611151034
56,fdiv,4,0.4,0.4624327264504763
56,fric_prob,0,0,1
56,fdiv_fund,-4,-0.4,0.4624327264504763
56,feve_fund,-10,-1,0.02748633611151034
56,fdis_prob,-8,-0.8,0.08641073297370003
56,fmpd_prob,-10,-1,0.02748633611151034
56,raoq_fund,-10,-1,0.02748633611151034
56,cwm_pc1,-8,-0.8,0.08641073297370003
56,cwm_pc2,10,1,0.02748633611151034
56,pd_prob_mctavish,10,1,0.02748633611151034
56,mpd_prob_mctavish,0,0,1
57,corrected_richness,10,1,0.02748633611151034
57,shannon,10,1,0.02748633611151034
57,inv_simpson,10,1,0.02748633611151034
57,trait_volume,0,0,1
57,trait_dispersion,6,0.6,0.2206713619198468
57,rao_q,-4,-0.4,0.4624327264504763
57,feve,8,0.8,0.08641073297370003
57,fdiv,-6,-0.6,0.2206713619198468
57,fric_prob,2,0.2,0.8064959405073402
57,fdiv_fund,2,0.2,0.8064959405073402
57,feve_fund,-10,-1,0.02748633611151034
57,fdis_prob,0,0,1
57,fmpd_prob,-4,-0.4,0.4624327264504763
57,raoq_fund,0,0,1
57,cwm_pc1,-10,-1,0.02748633611151034
57,cwm_pc2,10,1,0.02748633611151034
57,pd_prob_mctavish,10,1,0.02748633611151034
57,mpd_prob_mctavish,0,0,1
128,corrected_richness,10,1,0.02748633611151034
128,shannon,10,1,0.02748633611151034
128,inv_simpson,10,1,0.02748633611151034
128,trait_volume,-2,-0.2,0.8064959405073402
128,trait_dispersion,6,0.6,0.2206713619198468
128,rao_q,-2,-0.2,0.8064959405073402
128,feve,-4,-0.4,0.4624327264504763
128,fdiv,-8,-0.8,0.08641073297370003
128,fric_prob,2,0.2,0.8064959405073402
128,fdiv_fund,-2,-0.2,0.8064959405073402
128,feve_fund,-8,-0.8,0.08641073297370003
128,fdis_prob,-6,-0.6,0.2206713619198468
128,fmpd_prob,-2,-0.2,0.8064959405073402
128,raoq_fund,-8,-0.8,0.08641073297370003
128,cwm_pc1,-10,-1,0.02748633611151034
128,cwm_pc2,10,1,0.02748633611151034
128,pd_prob_mctavish,10,1,0.02748633611151034
128,mpd_prob_mctavish,-2,-0.2,0.8064959405073402
198,corrected_richness,10,1,0.02748633611151034
198,shannon,10,1,0.02748633611151034
198,inv_simpson,10,1,0.02748633611151034
198,trait_volume,-2,-0.2,0.8064959405073402
198,trait_dispersion,-2,-0.2,0.8064959405073402
198,rao_q,-8,-0.8,0.08641073297370003
198,feve,10,1,0.02748633611151034
198,fdiv,0,0,1
198,fric_prob,0,0,1
198,fdiv_fund,-4,-0.4,0.4624327264504763
198,feve_fund,-10,-1,0.02748633611151034
198,fdis_prob,-10,-1,0.02748633611151034
198,fmpd_prob,-8,-0.8,0.08641073297370003
198,raoq_fund,-8,-0.8,0.08641073297370003
198,cwm_pc1,-8,-0.8,0.08641073297370003
198,cwm_pc2,10,1,0.02748633611151034
198,pd_prob_mctavish,10,1,0.02748633611151034
198,mpd_prob_mctavish,0,0,1
199,corrected_richness,10,1,0.02748633611151034
199,shannon,10,1,0.02748633611151034
199,inv_simpson,10,1,0.02748633611151034
199,trait_volume,2,0.2,0.8064959405073402
199,trait_dispersion,8,0.8,0.08641073297370003
199,rao_q,4,0.4,0.4624327264504763
199,feve,0,0,1
199,fdiv,-8,-0.8,0.08641073297370003
199,fric_prob,2,0.2,0.8064959405073402
199,fdiv_fund,0,0,1
199,feve_fund,-10,-1,0.02748633611151034
199,fdis_prob,2,0.2,0.8064959405073402
199,fmpd_prob,4,0.4,0.4624327264504763
199,raoq_fund,4,0.4,0.4624327264504763
199,cwm_pc1,-8,-0.8,0.08641073297370003
199,cwm_pc2,10,1,0.02748633611151034
199,pd_prob_mctavish,10,1,0.02748633611151034
199,mpd_prob_mctavish,0,0,1
203,corrected_richness,10,1,0.02748633611151034
203,shannon,10,1,0.02748633611151034
203,inv_simpson,10,1,0.02748633611151034
203,trait_volume,-10,-1,0.02748633611151034
203,trait_dispersion,-10,-1,0.02748633611151034
203,rao_q,-10,-1,0.02748633611151034
203,feve,10,1,0.02748633611151034
203,fdiv,10,1,0.02748633611151034
203,fric_prob,0,0,1
203,fdiv_fund,-2,-0.2,0.8064959405073402
203,feve_fund,-10,-1,0.02748633611151034
203,fdis_prob,-10,-1,0.02748633611151034
203,fmpd_prob,-10,-1,0.02748633611151034
203,raoq_fund,-10,-1,0.02748633611151034
203,cwm_pc1,-10,-1,0.02748633611151034
203,cwm_pc2,10,1,0.02748633611151034
203,pd_prob_mctavish,10,1,0.02748633611151034
203,mpd_prob_mctavish,2,0.2,0.8064959405073402
270,corrected_richness,10,1,0.02748633611151034
270,shannon,10,1,0.02748633611151034
270,inv_simpson,10,1,0.02748633611151034
270,trait_volume,-6,-0.6,0.2206713619198468
270,trait_dispersion,-8,-0.8,0.08641073297370003
270,rao_q,-10,-1,0.02748633611151034
270,feve,10,1,0.02748633611151034
270,fdiv,2,0.2,0.8064959405073402
270,fric_prob,-2,-0.2,0.8064959405073402
270,fdiv_fund,-4,-0.4,0.4624327264504763
270,feve_fund,-10,-1,0.02748633611151034
270,fdis_prob,-10,-1,0.02748633611151034
270,fmpd_prob,-10,-1,0.02748633611151034
270,raoq_fund,-10,-1,0.02748633611151034
270,cwm_pc1,-8,-0.8,0.08641073297370003
270,cwm_pc2,10,1,0.02748633611151034
270,pd_prob_mctavish,10,1,0.02748633611151034
270,mpd_prob_mctavish,0,0,1
271,corrected_richness,10,1,0.02748633611151034
271,shannon,10,1,0.02748633611151034
271,inv_simpson,10,1,0.02748633611151034
271,trait_volume,-6,-0.6,0.2206713619198468
271,trait_dispersion,-6,-0.6,0.2206713619198468
271,rao_q,-8,-0.8,0.08641073297370003
271,feve,10,1,0.02748633611151034
271,fdiv,2,0.2,0.8064959405073402
271,fric_prob,0,0,1
271,fdiv_fund,-2,-0.2,0.8064959405073402
271,feve_fund,-10,-1,0.02748633611151034
271,fdis_prob,-10,-1,0.02748633611151034
271,fmpd_prob,-8,-0.8,0.08641073297370003
271,raoq_fund,-8,-0.8,0.08641073297370003
271,cwm_pc1,-8,-0.8,0.08641073297370003
271,cwm_pc2,10,1,0.02748633611151034
271,pd_prob_mctavish,10,1,0.02748633611151034
271,mpd_prob_mctavish,2,0.2,0.8064959405073402
272,corrected_richness,10,1,0.02748633611151034
272,shannon,10,1,0.02748633611151034
272,inv_simpson,10,1,0.02748633611151034
272,trait_volume,-6,-0.6,0.2206713619198468
272,trait_dispersion,-6,-0.6,0.2206713619198468
272,rao_q,-10,-1,0.02748633611151034
272,feve,8,0.8,0.08641073297370003
272,fdiv,2,0.2,0.8064959405073402
272,fric_prob,2,0.2,0.8064959405073402
272,fdiv_fund,-2,-0.2,0.8064959405073402
272,feve_fund,-10,-1,0.02748633611151034
272,fdis_prob,-10,-1,0.02748633611151034
272,fmpd_prob,-10,-1,0.02748633611151034
272,raoq_fund,-10,-1,0.02748633611151034
272,cwm_pc1,-8,-0.8,0.08641073297370003
272,cwm_pc2,10,1,0.02748633611151034
272,pd_prob_mctavish,10,1,0.02748633611151034
272,mpd_prob_mctavish,2,0.2,0.8064959405073402
274,corrected_richness,10,1,0.02748633611151034
274,shannon,10,1,0.02748633611151034
274,inv_simpson,10,1,0.02748633611151034
274,trait_volume,-8,-0.8,0.08641073297370003
274,trait_dispersion,2,0.2,0.8064959405073402
274,rao_q,-8,-0.8,0.08641073297370003
274,feve,0,0,1
274,fdiv,-8,-0.8,0.08641073297370003
274,fric_prob,2,0.2,0.8064959405073402
274,fdiv_fund,2,0.2,0.8064959405073402
274,feve_fund,-10,-1,0.02748633611151034
274,fdis_prob,-4,-0.4,0.4624327264504763
274,fmpd_prob,-8,-0.8,0.08641073297370003
274,raoq_fund,-4,-0.4,0.4624327264504763
274,cwm_pc1,-8,-0.8,0.08641073297370003
274,cwm_pc2,10,1,0.02748633611151034
274,pd_prob_mctavish,10,1,0.02748633611151034
274,mpd_prob_mctavish,0,0,1
276,corrected_richness,10,1,0.02748633611151034
276,shannon,10,1,0.02748633611151034
276,inv_simpson,10,1,0.02748633611151034
276,trait_volume,-10,-1,0.02748633611151034
276,trait_dispersion,-10,-1,0.02748633611151034
276,rao_q,-10,-1,0.02748633611151034
276,feve,4,0.4,0.4624327264504763
276,fdiv,4,0.4,0.4624327264504763
276,fric_prob,2,0.2,0.8064959405073402
276,fdiv_fund,0,0,1
276,feve_fund,-10,-1,0.02748633611151034
276,fdis_prob,-10,-1,0.02748633611151034
276,fmpd_prob,-10,-1,0.02748633611151034
276,raoq_fund,-10,-1,0.02748633611151034
276,cwm_pc1,-4,-0.4,0.4624327264504763
276,cwm_pc2,10,1,0.02748633611151034
276,pd_prob_mctavish,10,1,0.02748633611151034
276,mpd_prob_mctavish,2,0.2,0.8064959405073402
341,corrected_richness,10,1,0.02748633611151034
341,shannon,10,1,0.02748633611151034
341,inv_simpson,10,1,0.02748633611151034
341,trait_volume,-8,-0.8,0.08641073297370003
341,trait_dispersion,-10,-1,0.02748633611151034
341,rao_q,-10,-1,0.02748633611151034
341,feve,6,0.6,0.2206713619198468
341,fdiv,8,0.8,0.08641073297370003
341,fric_prob,7,0.7,0.1295513529044088
341,fdiv_fund,-8,-0.8,0.08641073297370003
341,feve_fund,-10,-1,0.02748633611151034
341,fdis_prob,-10,-1,0.02748633611151034
341,fmpd_prob,-10,-1,0.02748633611151034
341,raoq_fund,-10,-1,0.02748633611151034
341,cwm_pc1,-10,-1,0.02748633611151034
341,cwm_pc2,10,1,0.02748633611151034
341,pd_prob_mctavish,10,1,0.02748633611151034
341,mpd_prob_mctavish,2,0.2,0.8064959405073402
342,corrected_richness,10,1,0.02748633611151034
342,shannon,10,1,0.02748633611151034
342,inv_simpson,10,1,0.02748633611151034
342,trait_volume,-10,-1,0.02748633611151034
342,trait_dispersion,-10,-1,0.02748633611151034
342,rao_q,-10,-1,0.02748633611151034
342,feve,10,1,0.02748633611151034
342,fdiv,6,0.6,0.2206713619198468
342,fric_prob,0,0,1
342,fdiv_fund,-10,-1,0.02748633611151034
342,feve_fund,-10,-1,0.02748633611151034
342,fdis_prob,-10,-1,0.02748633611151034
342,fmpd_prob,-10,-1,0.02748633611151034
342,raoq_fund,-10,-1,0.02748633611151034
342,cwm_pc1,-10,-1,0.02748633611151034
342,cwm_pc2,10,1,0.02748633611151034
342,pd_prob_mctavish,10,1,0.02748633611151034
342,mpd_prob_mctavish,-2,-0.2,0.8064959405073402
343,corrected_richness,10,1,0.02748633611151034
343,shannon,10,1,0.02748633611151034
343,inv_simpson,10,1,0.02748633611151034
343,trait_volume,-10,-1,0.02748633611151034
343,trait_dispersion,-10,-1,0.02748633611151034
343,rao_q,-10,-1,0.02748633611151034
343,feve,10,1,0.02748633611151034
343,fdiv,8,0.8,0.08641073297370003
343,fric_prob,4,0.4,0.43342193095607373
343,fdiv_fund,-10,-1,0.02748633611151034
343,feve_fund,-10,-1,0.02748633611151034
343,fdis_prob,-10,-1,0.02748633611151034
343,fmpd_prob,-10,-1,0.02748633611151034
343,raoq_fund,-10,-1,0.02748633611151034
343,cwm_pc1,-2,-0.2,0.8064959405073402
343,cwm_pc2,6,0.6,0.2206713619198468
343,pd_prob_mctavish,10,1,0.02748633611151034
343,mpd_prob_mctavish,-4,-0.4,0.4624327264504763
344,corrected_richness,10,1,0.02748633611151034
344,shannon,10,1,0.02748633611151034
344,inv_simpson,10,1,0.02748633611151034
344,trait_volume,-10,-1,0.02748633611151034
344,trait_dispersion,-10,-1,0.02748633611151034
344,rao_q,-10,-1,0.02748633611151034
344,feve,10,1,0.02748633611151034
344,fdiv,6,0.6,0.2206713619198468
344,fric_prob,7,0.7,0.1295513529044088
344,fdiv_fund,-8,-0.8,0.08641073297370003
344,feve_fund,-10,-1,0.02748633611151034
344,fdis_prob,-8,-0.8,0.08641073297370003
344,fmpd_prob,-10,-1,0.02748633611151034
344,raoq_fund,-10,-1,0.02748633611151034
344,cwm_pc1,0,0,1
344,cwm_pc2,4,0.4,0.4624327264504763
344,pd_prob_mctavish,10,1,0.02748633611151034
344,mpd_prob_mctavish,-2,-0.2,0.8064959405073402
345,corrected_richness,10,1,0.02748633611151034
345,shannon,10,1,0.02748633611151034
345,inv_simpson,10,1,0.02748633611151034
345,trait_volume,-6,-0.6,0.2206713619198468
345,trait_dispersion,-10,-1,0.02748633611151034
345,rao_q,-10,-1,0.02748633611151034
345,feve,10,1,0.02748633611151034
345,fdiv,4,0.4,0.4624327264504763
345,fric_prob,-2,-0.2,0.8064959405073402
345,fdiv_fund,-2,-0.2,0.8064959405073402
345,feve_fund,-10,-1,0.02748633611151034
345,fdis_prob,-10,-1,0.02748633611151034
345,fmpd_prob,-10,-1,0.02748633611151034
345,raoq_fund,-10,-1,0.02748633611151034
345,cwm_pc1,-10,-1,0.02748633611151034
345,cwm_pc2,10,1,0.02748633611151034
345,pd_prob_mctavish,10,1,0.02748633611151034
345,mpd_prob_mctavish,4,0.4,0.4624327264504763
347,corrected_richness,10,1,0.02748633611151034
347,shannon,10,1,0.02748633611151034
347,inv_simpson,10,1,0.02748633611151034
347,trait_volume,-6,-0.6,0.2206713619198468
347,trait_dispersion,-10,-1,0.02748633611151034
347,rao_q,-10,-1,0.02748633611151034
347,feve,10,1,0.02748633611151034
347,fdiv,6,0.6,0.2206713619198468
347,fric_prob,-2,-0.2,0.8064959405073402
347,fdiv_fund,-4,-0.4,0.4624327264504763
347,feve_fund,-6,-0.6,0.2206713619198468
347,fdis_prob,-6,-0.6,0.2206713619198468
347,fmpd_prob,-10,-1,0.02748633611151034
347,raoq_fund,-10,-1,0.02748633611151034
347,cwm_pc1,-10,-1,0.02748633611151034
347,cwm_pc2,10,1,0.02748633611151034
347,pd_prob_mctavish,10,1,0.02748633611151034
347,mpd_prob_mctavish,4,0.4,0.4624327264504763
412,corrected_richness,10,1,0.02748633611151034
412,shannon,10,1,0.02748633611151034
412,inv_simpson,10,1,0.02748633611151034
412,trait_volume,-10,-1,0.02748633611151034
412,trait_dispersion,-10,-1,0.02748633611151034
412,rao_q,-10,-1,0.02748633611151034
412,feve,10,1,0.02748633611151034
412,fdiv,2,0.2,0.8064959405073402
412,fric_prob,4,0.4,0.4624327264504763
412,fdiv_fund,-8,-0.8,0.08641073297370003
412,feve_fund,-10,-1,0.02748633611151034
412,fdis_prob,-8,-0.8,0.08641073297370003
412,fmpd_prob,-10,-1,0.02748633611151034
412,raoq_fund,-10,-1,0.02748633611151034
412,cwm_pc1,0,0,1
412,cwm_pc2,6,0.6,0.2206713619198468
412,pd_prob_mctavish,10,1,0.02748633611151034
412,mpd_prob_mctavish,-2,-0.2,0.8064959405073402
413,corrected_richness,10,1,0.02748633611151034
413,shannon,10,1,0.02748633611151034
413,inv_simpson,10,1,0.02748633611151034
413,trait_volume,-2,-0.2,0.8064959405073402
413,trait_dispersion,6,0.6,0.2206713619198468
413,rao_q,-2,-0.2,0.8064959405073402
413,feve,-4,-0.4,0.4624327264504763
413,fdiv,-8,-0.8,0.08641073297370003
413,fric_prob,2,0.2,0.8064959405073402
413,fdiv_fund,-6,-0.6,0.2206713619198468
413,feve_fund,-10,-1,0.02748633611151034
413,fdis_prob,0,0,1
413,fmpd_prob,-2,-0.2,0.8064959405073402
413,raoq_fund,-2,-0.2,0.8064959405073402
413,cwm_pc1,-2,-0.2,0.8064959405073402
413,cwm_pc2,10,1,0.02748633611151034
413,pd_prob_mctavish,10,1,0.02748633611151034
413,mpd_prob_mctavish,0,0,1
414,corrected_richness,10,1,0.02748633611151034
414,shannon,10,1,0.02748633611151034
414,inv_simpson,10,1,0.02748633611151034
414,trait_volume,-6,-0.6,0.2206713619198468
414,trait_dispersion,-2,-0.2,0.8064959405073402
414,rao_q,-10,-1,0.02748633611151034
414,feve,-4,-0.4,0.4624327264504763
414,fdiv,2,0.2,0.8064959405073402
414,fric_prob,2,0.2,0.8064959405073402
414,fdiv_fund,-8,-0.8,0.08641073297370003
414,feve_fund,-10,-1,0.02748633611151034
414,fdis_prob,0,0,1
414,fmpd_prob,-10,-1,0.02748633611151034
414,raoq_fund,-6,-0.6,0.2206713619198468
414,cwm_pc1,0,0,1
414,cwm_pc2,6,0.6,0.2206713619198468
414,pd_prob_mctavish,10,1,0.02748633611151034
414,mpd_prob_mctavish,0,0,1
415,corrected_richness,10,1,0.02748633611151034
415,shannon,10,1,0.02748633611151034
415,inv_simpson,10,1,0.02748633611151034
415,trait_volume,2,0.2,0.8064959405073402
415,trait_dispersion,6,0.6,0.2206713619198468
415,rao_q,0,0,1
415,feve,0,0,1
415,fdiv,-8,-0.8,0.08641073297370003
415,fric_prob,2,0.2,0.8064959405073402
415,fdiv_fund,-4,-0.4,0.4624327264504763
415,feve_fund,-10,-1,0.02748633611151034
415,fdis_prob,6,0.6,0.2206713619198468
415,fmpd_prob,0,0,1
415,raoq_fund,6,0.6,0.2206713619198468
415,cwm_pc1,-2,-0.2,0.8064959405073402
415,cwm_pc2,10,1,0.02748633611151034
415,pd_prob_mctavish,10,1,0.02748633611151034
415,mpd_prob_mctavish,2,0.2,0.8064959405073402
416,corrected_richness,10,1,0.02748633611151034
416,shannon,10,1,0.02748633611151034
416,inv_simpson,10,1,0.02748633611151034
416,trait_volume,4,0.4,0.4624327264504763
416,trait_dispersion,6,0.6,0.2206713619198468
416,rao_q,0,0,1
416,feve,2,0.2,0.8064959405073402
416,fdiv,-8,-0.8,0.08641073297370003
416,fric_prob,2,0.2,0.8064959405073402
416,fdiv_fund,-4,-0.4,0.4624327264504763
416,feve_fund,-10,-1,0.02748633611151034
416,fdis_prob,6,0.6,0.2206713619198468
416,fmpd_prob,0,0,1
416,raoq_fund,6,0.6,0.2206713619198468
416,cwm_pc1,-4,-0.4,0.4624327264504763
416,cwm_pc2,10,1,0.02748633611151034
416,pd_prob_mctavish,10,1,0.02748633611151034
416,mpd_prob_mctavish,2,0.2,0.8064959405073402
417,corrected_richness,10,1,0.02748633611151034
417,shannon,10,1,0.02748633611151034
417,inv_simpson,10,1,0.02748633611151034
417,trait_volume,-10,-1,0.02748633611151034
417,trait_dispersion,-10,-1,0.02748633611151034
417,rao_q,-10,-1,0.02748633611151034
417,feve,10,1,0.02748633611151034
417,fdiv,10,1,0.02748633611151034
417,fric_prob,2,0.2,0.8064959405073402
417,fdiv_fund,-6,-0.6,0.2206713619198468
417,feve_fund,-10,-1,0.02748633611151034
417,fdis_prob,-10,-1,0.02748633611151034
417,fmpd_prob,-10,-1,0.02748633611151034
417,raoq_fund,-10,-1,0.02748633611151034
417,cwm_pc1,-10,-1,0.02748633611151034
417,cwm_pc2,10,1,0.02748633611151034
417,pd_prob_mctavish,10,1,0.02748633611151034
417,mpd_prob_mctavish,-4,-0.4,0.4624327264504763
418,corrected_richness,10,1,0.02748633611151034
418,shannon,10,1,0.02748633611151034
418,inv_simpson,10,1,0.02748633611151034
418,trait_volume,-10,-1,0.02748633611151034
418,trait_dispersion,-10,-1,0.02748633611151034
418,rao_q,-10,-1,0.02748633611151034
418,feve,8,0.8,0.08641073297370003
418,fdiv,10,1,0.02748633611151034
418,fric_prob,2,0.2,0.8064959405073402
418,fdiv_fund,-6,-0.6,0.2206713619198468
418,feve_fund,-10,-1,0.02748633611151034
418,fdis_prob,-10,-1,0.02748633611151034
418,fmpd_prob,-10,-1,0.02748633611151034
418,raoq_fund,-10,-1,0.02748633611151034
418,cwm_pc1,-10,-1,0.02748633611151034
418,cwm_pc2,10,1,0.02748633611151034
418,pd_prob_mctavish,10,1,0.02748633611151034
418,mpd_prob_mctavish,-4,-0.4,0.4624327264504763
483,corrected_richness,10,1,0.02748633611151034
483,shannon,10,1,0.02748633611151034
483,inv_simpson,10,1,0.02748633611151034
483,trait_volume,-8,-0.8,0.08641073297370003
483,trait_dispersion,-10,-1,0.02748633611151034
483,rao_q,-10,-1,0.02748633611151034
483,feve,10,1,0.02748633611151034
483,fdiv,0,0,1
483,fric_prob,-6,-0.6,0.2206713619198468
483,fdiv_fund,-10,-1,0.02748633611151034
483,feve_fund,-10,-1,0.02748633611151034
483,fdis_prob,-8,-0.8,0.08641073297370003
483,fmpd_prob,-10,-1,0.02748633611151034
483,raoq_fund,-10,-1,0.02748633611151034
483,cwm_pc1,-10,-1,0.02748633611151034
483,cwm_pc2,10,1,0.02748633611151034
483,pd_prob_mctavish,10,1,0.02748633611151034
483,mpd_prob_mctavish,6,0.6,0.2206713619198468
484,corrected_richness,10,1,0.02748633611151034
484,shannon,10,1,0.02748633611151034
484,inv_simpson,10,1,0.02748633611151034
484,trait_volume,-6,-0.6,0.2206713619198468
484,trait_dispersion,-10,-1,0.02748633611151034
484,rao_q,-10,-1,0.02748633611151034
484,feve,10,1,0.02748633611151034
484,fdiv,0,0,1
484,fric_prob,-4,-0.4,0.4624327264504763
484,fdiv_fund,-6,-0.6,0.2206713619198468
484,feve_fund,-10,-1,0.02748633611151034
484,fdis_prob,-10,-1,0.02748633611151034
484,fmpd_prob,-10,-1,0.02748633611151034
484,raoq_fund,-8,-0.8,0.08641073297370003
484,cwm_pc1,-10,-1,0.02748633611151034
484,cwm_pc2,10,1,0.02748633611151034
484,pd_prob_mctavish,10,1,0.02748633611151034
484,mpd_prob_mctavish,6,0.6,0.2206713619198468
485,corrected_richness,10,1,0.02748633611151034
485,shannon,10,1,0.02748633611151034
485,inv_simpson,10,1,0.02748633611151034
485,trait_volume,-6,-0.6,0.2206713619198468
485,trait_dispersion,-10,-1,0.02748633611151034
485,rao_q,-10,-1,0.02748633611151034
485,feve,10,1,0.02748633611151034
485,fdiv,0,0,1
485,fric_prob,-6,-0.6,0.2206713619198468
485,fdiv_fund,-6,-0.6,0.2206713619198468
485,feve_fund,-10,-1,0.02748633611151034
485,fdis_prob,-10,-1,0.02748633611151034
485,fmpd_prob,-10,-1,0.02748633611151034
485,raoq_fund,-10,-1,0.02748633611151034
485,cwm_pc1,-10,-1,0.02748633611151034
485,cwm_pc2,10,1,0.02748633611151034
485,pd_prob_mctavish,10,1,0.02748633611151034
485,mpd_prob_mctavish,6,0.6,0.2206713619198468
486,corrected_richness,10,1,0.02748633611151034
486,shannon,10,1,0.02748633611151034
486,inv_simpson,10,1,0.02748633611151034
486,trait_volume,-6,-0.6,0.2206713619198468
486,trait_dispersion,-10,-1,0.02748633611151034
486,rao_q,-10,-1,0.02748633611151034
486,feve,10,1,0.02748633611151034
486,fdiv,0,0,1
486,fric_prob,-4,-0.4,0.4624327264504763
486,fdiv_fund,-6,-0.6,0.2206713619198468
486,feve_fund,-10,-1,0.02748633611151034
486,fdis_prob,-8,-0.8,0.08641073297370003
486,fmpd_prob,-10,-1,0.02748633611151034
486,raoq_fund,-8,-0.8,0.08641073297370003
486,cwm_pc1,-10,-1,0.02748633611151034
486,cwm_pc2,10,1,0.02748633611151034
486,pd_prob_mctavish,10,1,0.02748633611151034
486,mpd_prob_mctavish,6,0.6,0.2206713619198468
487,corrected_richness,10,1,0.02748633611151034
487,shannon,10,1,0.02748633611151034
487,inv_simpson,10,1,0.02748633611151034
487,trait_volume,-6,-0.6,0.2206713619198468
487,trait_dispersion,-10,-1,0.02748633611151034
487,rao_q,-10,-1,0.02748633611151034
487,feve,10,1,0.02748633611151034
487,fdiv,0,0,1
487,fric_prob,-2,-0.2,0.8064959405073402
487,fdiv_fund,-2,-0.2,0.8064959405073402
487,feve_fund,-10,-1,0.02748633611151034
487,fdis_prob,-10,-1,0.02748633611151034
487,fmpd_prob,-10,-1,0.02748633611151034
487,raoq_fund,-8,-0.8,0.08641073297370003
487,cwm_pc1,-10,-1,0.02748633611151034
487,cwm_pc2,10,1,0.02748633611151034
487,pd_prob_mctavish,10,1,0.02748633611151034
487,mpd_prob_mctavish,6,0.6,0.2206713619198468
554,corrected_richness,10,1,0.02748633611151034
554,shannon,10,1,0.02748633611151034
554,inv_simpson,10,1,0.02748633611151034
554,trait_volume,-6,-0.6,0.2206713619198468
554,trait_dispersion,-10,-1,0.02748633611151034
554,rao_q,-10,-1,0.02748633611151034
554,feve,10,1,0.02748633611151034
554,fdiv,-6,-0.6,0.2206713619198468
554,fric_prob,-10,-1,0.02748633611151034
554,fdiv_fund,-8,-0.8,0.08641073297370003
554,feve_fund,-10,-1,0.02748633611151034
554,fdis_prob,-6,-0.6,0.2206713619198468
554,fmpd_prob,-10,-1,0.02748633611151034
554,raoq_fund,-8,-0.8,0.08641073297370003
554,cwm_pc1,-10,-1,0.02748633611151034
554,cwm_pc2,10,1,0.02748633611151034
554,pd_prob_mctavish,10,1,0.02748633611151034
554,mpd_prob_mctavish,8,0.8,0.08641073297370003
555,corrected_richness,10,1,0.02748633611151034
555,shannon,10,1,0.02748633611151034
555,inv_simpson,10,1,0.02748633611151034
555,trait_volume,-6,-0.6,0.2206713619198468
555,trait_dispersion,-10,-1,0.02748633611151034
555,rao_q,-10,-1,0.02748633611151034
555,feve,10,1,0.02748633611151034
555,fdiv,-4,-0.4,0.4624327264504763
555,fric_prob,1,0.1,1
555,fdiv_fund,-6,-0.6,0.2206713619198468
555,feve_fund,-10,-1,0.02748633611151034
555,fdis_prob,-6,-0.6,0.2206713619198468
555,fmpd_prob,-10,-1,0.02748633611151034
555,raoq_fund,-8,-0.8,0.08641073297370003
555,cwm_pc1,-10,-1,0.02748633611151034
555,cwm_pc2,10,1,0.02748633611151034
555,pd_prob_mctavish,10,1,0.02748633611151034
555,mpd_prob_mctavish,8,0.8,0.08641073297370003
556,corrected_richness,10,1,0.02748633611151034
556,shannon,10,1,0.02748633611151034
556,inv_simpson,10,1,0.02748633611151034
556,trait_volume,-8,-0.8,0.08641073297370003
556,trait_dispersion,-10,-1,0.02748633611151034
556,rao_q,-10,-1,0.02748633611151034
556,feve,10,1,0.02748633611151034
556,fdiv,-2,-0.2,0.8064959405073402
556,fric_prob,4,0.4,0.4624327264504763
556,fdiv_fund,-6,-0.6,0.2206713619198468
556,feve_fund,-10,-1,0.02748633611151034
556,fdis_prob,-8,-0.8,0.08641073297370003
556,fmpd_prob,-10,-1,0.02748633611151034
556,raoq_fund,-10,-1,0.02748633611151034
556,cwm_pc1,-10,-1,0.02748633611151034
556,cwm_pc2,10,1,0.02748633611151034
556,pd_prob_mctavish,10,1,0.02748633611151034
556,mpd_prob_mctavish,6,0.6,0.2206713619198468
557,corrected_richness,10,1,0.02748633611151034
557,shannon,10,1,0.02748633611151034
557,inv_simpson,10,1,0.02748633611151034
557,trait_volume,-6,-0.6,0.2206713619198468
557,trait_dispersion,-10,-1,0.02748633611151034
557,rao_q,-8,-0.8,0.08641073297370003
557,feve,10,1,0.02748633611151034
557,fdiv,-2,-0.2,0.8064959405073402
557,fric_prob,2,0.2,0.8064959405073402
557,fdiv_fund,2,0.2,0.8064959405073402
557,feve_fund,-10,-1,0.02748633611151034
557,fdis_prob,-10,-1,0.02748633611151034
557,fmpd_prob,-10,-1,0.02748633611151034
557,raoq_fund,-8,-0.8,0.08641073297370003
557,cwm_pc1,-10,-1,0.02748633611151034
557,cwm_pc2,10,1,0.02748633611151034
557,pd_prob_mctavish,10,1,0.02748633611151034
557,mpd_prob_mctavish,6,0.6,0.2206713619198468
558,corrected_richness,10,1,0.02748633611151034
558,shannon,10,1,0.02748633611151034
558,inv_simpson,10,1,0.02748633611151034
558,trait_volume,-6,-0.6,0.2206713619198468
558,trait_dispersion,-10,-1,0.02748633611151034
558,rao_q,-8,-0.8,0.08641073297370003
558,feve,10,1,0.02748633611151034
558,fdiv,-2,-0.2,0.8064959405073402
558,fric_prob,2,0.2,0.8064959405073402
558,fdiv_fund,0,0,1
558,feve_fund,-8,-0.8,0.08641073297370003
558,fdis_prob,-8,-0.8,0.08641073297370003
558,fmpd_prob,-8,-0.8,0.08641073297370003
558,raoq_fund,-8,-0.8,0.08641073297370003
558,cwm_pc1,-10,-1,0.02748633611151034
558,cwm_pc2,10,1,0.02748633611151034
558,pd_prob_mctavish,10,1,0.02748633611151034
558,mpd_prob_mctavish,6,0.6,0.2206713619198468
559,corrected_richness,10,1,0.02748633611151034
559,shannon,10,1,0.02748633611151034
559,inv_simpson,10,1,0.02748633611151034
559,trait_volume,-6,-0.6,0.2206713619198468
559,trait_dispersion,-10,-1,0.02748633611151034
559,rao_q,-8,-0.8,0.08641073297370003
559,feve,10,1,0.02748633611151034
559,fdiv,0,0,1
559,fric_prob,4,0.4,0.4624327264504763
559,fdiv_fund,4,0.4,0.4624327264504763
559,feve_fund,-8,-0.8,0.08641073297370003
559,fdis_prob,-4,-0.4,0.4624327264504763
559,fmpd_prob,-8,-0.8,0.08641073297370003
559,raoq_fund,-8,-0.8,0.08641073297370003
559,cwm_pc1,-10,-1,0.02748633611151034
559,cwm_pc2,10,1,0.02748633611151034
559,pd_prob_mctavish,10,1,0.02748633611151034
559,mpd_prob_mctavish,6,0.6,0.2206713619198468
560,corrected_richness,10,1,0.02748633611151034
560,shannon,10,1,0.02748633611151034
560,inv_simpson,10,1,0.02748633611151034
560,trait_volume,-6,-0.6,0.2206713619198468
560,trait_dispersion,-10,-1,0.02748633611151034
560,rao_q,-10,-1,0.02748633611151034
560,feve,10,1,0.02748633611151034
560,fdiv,4,0.4,0.4624327264504763
560,fric_prob,4,0.4,0.4624327264504763
560,fdiv_fund,0,0,1
560,feve_fund,-6,-0.6,0.2206713619198468
560,fdis_prob,-6,-0.6,0.2206713619198468
560,fmpd_prob,-10,-1,0.02748633611151034
560,raoq_fund,-6,-0.6,0.2206713619198468
560,cwm_pc1,-8,-0.8,0.08641073297370003
560,cwm_pc2,8,0.8,0.08641073297370003
560,pd_prob_mctavish,10,1,0.02748633611151034
560,mpd_prob_mctavish,6,0.6,0.2206713619198468
561,corrected_richness,10,1,0.02748633611151034
561,shannon,10,1,0.02748633611151034
561,inv_simpson,10,1,0.02748633611151034
561,trait_volume,-10,-1,0.02748633611151034
561,trait_dispersion,-10,-1,0.02748633611151034
561,rao_q,-10,-1,0.02748633611151034
561,feve,8,0.8,0.08641073297370003
561,fdiv,8,0.8,0.08641073297370003
561,fric_prob,2,0.2,0.8064959405073402
561,fdiv_fund,-4,-0.4,0.4624327264504763
561,feve_fund,-6,-0.6,0.2206713619198468
561,fdis_prob,-8,-0.8,0.08641073297370003
561,fmpd_prob,-10,-1,0.02748633611151034
561,raoq_fund,-8,-0.8,0.08641073297370003
561,cwm_pc1,-2,-0.2,0.8064959405073402
561,cwm_pc2,2,0.2,0.8064959405073402
561,pd_prob_mctavish,10,1,0.02748633611151034
561,mpd_prob_mctavish,4,0.4,0.4624327264504763
563,corrected_richness,10,1,0.02748633611151034
563,shannon,10,1,0.02748633611151034
563,inv_simpson,10,1,0.02748633611151034
563,trait_volume,-10,-1,0.02748633611151034
563,trait_dispersion,-10,-1,0.02748633611151034
563,rao_q,-10,-1,0.02748633611151034
563,feve,10,1,0.02748633611151034
563,fdiv,6,0.6,0.2206713619198468
563,fric_prob,-6,-0.6,0.2206713619198468
563,fdiv_fund,-6,-0.6,0.2206713619198468
563,feve_fund,-10,-1,0.02748633611151034
563,fdis_prob,-8,-0.8,0.08641073297370003
563,fmpd_prob,-10,-1,0.02748633611151034
563,raoq_fund,-10,-1,0.02748633611151034
563,cwm_pc1,2,0.2,0.8064959405073402
563,cwm_pc2,-6,-0.6,0.2206713619198468
563,pd_prob_mctavish,10,1,0.02748633611151034
563,mpd_prob_mctavish,4,0.4,0.4624327264504763
564,corrected_richness,10,1,0.02748633611151034
564,shannon,10,1,0.02748633611151034
564,inv_simpson,10,1,0.02748633611151034
564,trait_volume,-10,-1,0.02748633611151034
564,trait_dispersion,-10,-1,0.02748633611151034
564,rao_q,-10,-1,0.02748633611151034
564,feve,10,1,0.02748633611151034
564,fdiv,8,0.8,0.08641073297370003
564,fric_prob,-8,-0.8,0.08641073297370003
564,fdiv_fund,-6,-0.6,0.2206713619198468
564,feve_fund,-10,-1,0.02748633611151034
564,fdis_prob,-10,-1,0.02748633611151034
564,fmpd_prob,-10,-1,0.02748633611151034
564,raoq_fund,-10,-1,0.02748633611151034
564,cwm_pc1,2,0.2,0.8064959405073402
564,cwm_pc2,-8,-0.8,0.08641073297370003
564,pd_prob_mctavish,10,1,0.02748633611151034
564,mpd_prob_mctavish,6,0.6,0.2206713619198468
592,corrected_richness,10,1,0.02748633611151034
592,shannon,10,1,0.02748633611151034
592,inv_simpson,10,1,0.02748633611151034
592,trait_volume,-2,-0.2,0.8064959405073402
592,trait_dispersion,6,0.6,0.2206713619198468
592,rao_q,2,0.2,0.8064959405073402
592,feve,10,1,0.02748633611151034
592,fdiv,-8,-0.8,0.08641073297370003
592,fric_prob,2,0.2,0.8064959405073402
592,fdiv_fund,-6,-0.6,0.2206713619198468
592,feve_fund,-8,-0.8,0.08641073297370003
592,fdis_prob,6,0.6,0.2206713619198468
592,fmpd_prob,2,0.2,0.8064959405073402
592,raoq_fund,0,0,1
592,cwm_pc1,-10,-1,0.02748633611151034
592,cwm_pc2,10,1,0.02748633611151034
592,pd_prob_mctavish,10,1,0.02748633611151034
592,mpd_prob_mctavish,10,1,0.02748633611151034
593,corrected_richness,10,1,0.02748633611151034
593,shannon,10,1,0.02748633611151034
593,inv_simpson,10,1,0.02748633611151034
593,trait_volume,0,0,1
593,trait_dispersion,6,0.6,0.2206713619198468
593,rao_q,2,0.2,0.8064959405073402
593,feve,10,1,0.02748633611151034
593,fdiv,-8,-0.8,0.08641073297370003
593,fric_prob,10,1,0.02748633611151034
593,fdiv_fund,-8,-0.8,0.08641073297370003
593,feve_fund,-6,-0.6,0.2206713619198468
593,fdis_prob,4,0.4,0.4624327264504763
593,fmpd_prob,2,0.2,0.8064959405073402
593,raoq_fund,0,0,1
593,cwm_pc1,-10,-1,0.02748633611151034
593,cwm_pc2,10,1,0.02748633611151034
593,pd_prob_mctavish,10,1,0.02748633611151034
593,mpd_prob_mctavish,10,1,0.02748633611151034
625,corrected_richness,10,1,0.02748633611151034
625,shannon,10,1,0.02748633611151034
625,inv_simpson,10,1,0.02748633611151034
625,trait_volume,-10,-1,0.02748633611151034
625,trait_dispersion,-10,-1,0.02748633611151034
625,rao_q,-10,-1,0.02748633611151034
625,feve,10,1,0.02748633611151034
625,fdiv,6,0.6,0.2206713619198468
625,fric_prob,-6,-0.6,0.2206713619198468
625,fdiv_fund,-10,-1,0.02748633611151034
625,feve_fund,-10,-1,0.02748633611151034
625,fdis_prob,-10,-1,0.02748633611151034
625,fmpd_prob,-10,-1,0.02748633611151034
625,raoq_fund,-10,-1,0.02748633611151034
625,cwm_pc1,-2,-0.2,0.8064959405073402
625,cwm_pc2,4,0.4,0.4624327264504763
625,pd_prob_mctavish,10,1,0.02748633611151034
625,mpd_prob_mctavish,-2,-0.2,0.8064959405073402
626,corrected_richness,10,1,0.02748633611151034
626,shannon,10,1,0.02748633611151034
626,inv_simpson,10,1,0.02748633611151034
626,trait_volume,-10,-1,0.02748633611151034
626,trait_dispersion,-10,-1,0.02748633611151034
626,rao_q,-10,-1,0.02748633611151034
626,feve,8,0.8,0.08641073297370003
626,fdiv,6,0.6,0.2206713619198468
626,fric_prob,-6,-0.6,0.2206713619198468
626,fdiv_fund,-6,-0.6,0.2206713619198468
626,feve_fund,-8,-0.8,0.08641073297370003
626,fdis_prob,-10,-1,0.02748633611151034
626,fmpd_prob,-10,-1,0.02748633611151034
626,raoq_fund,-10,-1,0.02748633611151034
626,cwm_pc1,-6,-0.6,0.2206713619198468
626,cwm_pc2,10,1,0.02748633611151034
626,pd_prob_mctavish,10,1,0.02748633611151034
626,mpd_prob_mctavish,-2,-0.2,0.8064959405073402
627,corrected_richness,10,1,0.02748633611151034
627,shannon,10,1,0.02748633611151034
627,inv_simpson,10,1,0.02748633611151034
627,trait_volume,-10,-1,0.02748633611151034
627,trait_dispersion,-10,-1,0.02748633611151034
627,rao_q,-10,-1,0.02748633611151034
627,feve,10,1,0.02748633611151034
627,fdiv,6,0.6,0.2206713619198468
627,fric_prob,-6,-0.6,0.2206713619198468
627,fdiv_fund,-6,-0.6,0.2206713619198468
627,feve_fund,-10,-1,0.02748633611151034
627,fdis_prob,-10,-1,0.02748633611151034
627,fmpd_prob,-10,-1,0.02748633611151034
627,raoq_fund,-10,-1,0.02748633611151034
627,cwm_pc1,4,0.4,0.4624327264504763
627,cwm_pc2,-8,-0.8,0.08641073297370003
627,pd_prob_mctavish,10,1,0.02748633611151034
627,mpd_prob_mctavish,-2,-0.2,0.8064959405073402
628,corrected_richness,10,1,0.02748633611151034
628,shannon,10,1,0.02748633611151034
628,inv_simpson,10,1,0.02748633611151034
628,trait_volume,-10,-1,0.02748633611151034
628,trait_dispersion,-10,-1,0.02748633611151034
628,rao_q,-10,-1,0.02748633611151034
628,feve,10,1,0.02748633611151034
628,fdiv,6,0.6,0.2206713619198468
628,fric_prob,-6,-0.6,0.2206713619198468
628,fdiv_fund,-8,-0.8,0.08641073297370003
628,feve_fund,-10,-1,0.02748633611151034
628,fdis_prob,-10,-1,0.02748633611151034
628,fmpd_prob,-10,-1,0.02748633611151034
628,raoq_fund,-10,-1,0.02748633611151034
628,cwm_pc1,2,0.2,0.8064959405073402
628,cwm_pc2,-4,-0.4,0.4624327264504763
628,pd_prob_mctavish,10,1,0.02748633611151034
628,mpd_prob_mctavish,-2,-0.2,0.8064959405073402
629,corrected_richness,10,1,0.02748633611151034
629,shannon,10,1,0.02748633611151034
629,inv_simpson,10,1,0.02748633611151034
629,trait_volume,-10,-1,0.02748633611151034
629,trait_dispersion,-10,-1,0.02748633611151034
629,rao_q,-10,-1,0.02748633611151034
629,feve,6,0.6,0.2206713619198468
629,fdiv,6,0.6,0.2206713619198468
629,fric_prob,-6,-0.6,0.2206713619198468
629,fdiv_fund,-4,-0.4,0.4624327264504763
629,feve_fund,-10,-1,0.02748633611151034
629,fdis_prob,-8,-0.8,0.08641073297370003
629,fmpd_prob,-10,-1,0.02748633611151034
629,raoq_fund,-8,-0.8,0.08641073297370003
629,cwm_pc1,2,0.2,0.8064959405073402
629,cwm_pc2,0,0,1
629,pd_prob_mctavish,10,1,0.02748633611151034
629,mpd_prob_mctavish,-2,-0.2,0.8064959405073402
630,corrected_richness,10,1,0.02748633611151034
630,shannon,10,1,0.02748633611151034
630,inv_simpson,10,1,0.02748633611151034
630,trait_volume,-10,-1,0.02748633611151034
630,trait_dispersion,-10,-1,0.02748633611151034
630,rao_q,-10,-1,0.02748633611151034
630,feve,4,0.4,0.4624327264504763
630,fdiv,6,0.6,0.2206713619198468
630,fric_prob,-4,-0.4,0.4624327264504763
630,fdiv_fund,0,0,1
630,feve_fund,-10,-1,0.02748633611151034
630,fdis_prob,-8,-0.8,0.08641073297370003
630,fmpd_prob,-10,-1,0.02748633611151034
630,raoq_fund,-8,-0.8,0.08641073297370003
630,cwm_pc1,0,0,1
630,cwm_pc2,-2,-0.2,0.8064959405073402
630,pd_prob_mctavish,10,1,0.02748633611151034
630,mpd_prob_mctavish,-2,-0.2,0.8064959405073402
634,corrected_richness,10,1,0.02748633611151034
634,shannon,10,1,0.02748633611151034
634,inv_simpson,10,1,0.02748633611151034
634,trait_volume,-10,-1,0.02748633611151034
634,trait_dispersion,-10,-1,0.02748633611151034
634,rao_q,-10,-1,0.02748633611151034
634,feve,8,0.8,0.08641073297370003
634,fdiv,4,0.4,0.4624327264504763
634,fric_prob,-2,-0.2,0.8064959405073402
634,fdiv_fund,0,0,1
634,feve_fund,-10,-1,0.02748633611151034
634,fdis_prob,-10,-1,0.02748633611151034
634,fmpd_prob,-10,-1,0.02748633611151034
634,raoq_fund,-10,-1,0.02748633611151034
634,cwm_pc1,-4,-0.4,0.4624327264504763
634,cwm_pc2,4,0.4,0.4624327264504763
634,pd_prob_mctavish,10,1,0.02748633611151034
634,mpd_prob_mctavish,4,0.4,0.4624327264504763
635,corrected_richness,10,1,0.02748633611151034
635,shannon,10,1,0.02748633611151034
635,inv_simpson,10,1,0.02748633611151034
635,trait_volume,-10,-1,0.02748633611151034
635,trait_dispersion,-10,-1,0.02748633611151034
635,rao_q,-10,-1,0.02748633611151034
635,feve,8,0.8,0.08641073297370003
635,fdiv,8,0.8,0.08641073297370003
635,fric_prob,-4,-0.4,0.4624327264504763
635,fdiv_fund,-4,-0.4,0.4624327264504763
635,feve_fund,-10,-1,0.02748633611151034
635,fdis_prob,-10,-1,0.02748633611151034
635,fmpd_prob,-10,-1,0.02748633611151034
635,raoq_fund,-10,-1,0.02748633611151034
635,cwm_pc1,-2,-0.2,0.8064959405073402
635,cwm_pc2,0,0,1
635,pd_prob_mctavish,10,1,0.02748633611151034
635,mpd_prob_mctavish,4,0.4,0.4624327264504763
636,corrected_richness,10,1,0.02748633611151034
636,shannon,10,1,0.02748633611151034
636,inv_simpson,10,1,0.02748633611151034
636,trait_volume,-10,-1,0.02748633611151034
636,trait_dispersion,-10,-1,0.02748633611151034
636,rao_q,-10,-1,0.02748633611151034
636,feve,6,0.6,0.2206713619198468
636,fdiv,8,0.8,0.08641073297370003
636,fric_prob,6,0.6,0.2206713619198468
636,fdiv_fund,2,0.2,0.8064959405073402
636,feve_fund,-10,-1,0.02748633611151034
636,fdis_prob,-10,-1,0.02748633611151034
636,fmpd_prob,-10,-1,0.02748633611151034
636,raoq_fund,-8,-0.8,0.08641073297370003
636,cwm_pc1,-10,-1,0.02748633611151034
636,cwm_pc2,10,1,0.02748633611151034
636,pd_prob_mctavish,10,1,0.02748633611151034
636,mpd_prob_mctavish,6,0.6,0.2206713619198468
637,corrected_richness,10,1,0.02748633611151034
637,shannon,10,1,0.02748633611151034
637,inv_simpson,10,1,0.02748633611151034
637,trait_volume,-10,-1,0.02748633611151034
637,trait_dispersion,-8,-0.8,0.08641073297370003
637,rao_q,-10,-1,0.02748633611151034
637,feve,2,0.2,0.8064959405073402
637,fdiv,0,0,1
637,fric_prob,-6,-0.6,0.2206713619198468
637,fdiv_fund,-6,-0.6,0.2206713619198468
637,feve_fund,-10,-1,0.02748633611151034
637,fdis_prob,-6,-0.6,0.2206713619198468
637,fmpd_prob,-10,-1,0.02748633611151034
637,raoq_fund,-10,-1,0.02748633611151034
637,cwm_pc1,-10,-1,0.02748633611151034
637,cwm_pc2,10,1,0.02748633611151034
637,pd_prob_mctavish,10,1,0.02748633611151034
637,mpd_prob_mctavish,4,0.4,0.4624327264504763
640,corrected_richness,10,1,0.02748633611151034
640,shannon,10,1,0.02748633611151034
640,inv_simpson,10,1,0.02748633611151034
640,trait_volume,-10,-1,0.02748633611151034
640,trait_dispersion,-10,-1,0.02748633611151034
640,rao_q,-10,-1,0.02748633611151034
640,feve,10,1,0.02748633611151034
640,fdiv,-2,-0.2,0.8064959405073402
640,fric_prob,-4,-0.4,0.4624327264504763
640,fdiv_fund,4,0.4,0.4624327264504763
640,feve_fund,-10,-1,0.02748633611151034
640,fdis_prob,-10,-1,0.02748633611151034
640,fmpd_prob,-10,-1,0.02748633611151034
640,raoq_fund,-10,-1,0.02748633611151034
640,cwm_pc1,-8,-0.8,0.08641073297370003
640,cwm_pc2,8,0.8,0.08641073297370003
640,pd_prob_mctavish,10,1,0.02748633611151034
640,mpd_prob_mctavish,6,0.6,0.2206713619198468
663,corrected_richness,10,1,0.02748633611151034
663,shannon,10,1,0.02748633611151034
663,inv_simpson,10,1,0.02748633611151034
663,trait_volume,-6,-0.6,0.2206713619198468
663,trait_dispersion,4,0.4,0.4624327264504763
663,rao_q,-2,-0.2,0.8064959405073402
663,feve,10,1,0.02748633611151034
663,fdiv,-6,-0.6,0.2206713619198468
663,fric_prob,10,1,0.02748633611151034
663,fdiv_fund,8,0.8,0.08641073297370003
663,feve_fund,-8,-0.8,0.08641073297370003
663,fdis_prob,6,0.6,0.2206713619198468
663,fmpd_prob,-2,-0.2,0.8064959405073402
663,raoq_fund,2,0.2,0.8064959405073402
663,cwm_pc1,-10,-1,0.02748633611151034
663,cwm_pc2,10,1,0.02748633611151034
663,pd_prob_mctavish,10,1,0.02748633611151034
663,mpd_prob_mctavish,8,0.8,0.08641073297370003
664,corrected_richness,10,1,0.02748633611151034
664,shannon,10,1,0.02748633611151034
664,inv_simpson,10,1,0.02748633611151034
664,trait_volume,-6,-0.6,0.2206713619198468
664,trait_dispersion,4,0.4,0.4624327264504763
664,rao_q,-2,-0.2,0.8064959405073402
664,feve,10,1,0.02748633611151034
664,fdiv,-6,-0.6,0.2206713619198468
664,fric_prob,10,1,0.02748633611151034
664,fdiv_fund,10,1,0.02748633611151034
664,feve_fund,-8,-0.8,0.08641073297370003
664,fdis_prob,6,0.6,0.2206713619198468
664,fmpd_prob,-2,-0.2,0.8064959405073402
664,raoq_fund,6,0.6,0.2206713619198468
664,cwm_pc1,-10,-1,0.02748633611151034
664,cwm_pc2,10,1,0.02748633611151034
664,pd_prob_mctavish,10,1,0.02748633611151034
664,mpd_prob_mctavish,8,0.8,0.08641073297370003
665,corrected_richness,10,1,0.02748633611151034
665,shannon,10,1,0.02748633611151034
665,inv_simpson,10,1,0.02748633611151034
665,trait_volume,-6,-0.6,0.2206713619198468
665,trait_dispersion,4,0.4,0.4624327264504763
665,rao_q,-2,-0.2,0.8064959405073402
665,feve,10,1,0.02748633611151034
665,fdiv,-6,-0.6,0.2206713619198468
665,fric_prob,10,1,0.02748633611151034
665,fdiv_fund,10,1,0.02748633611151034
665,feve_fund,-10,-1,0.02748633611151034
665,fdis_prob,6,0.6,0.2206713619198468
665,fmpd_prob,-2,-0.2,0.8064959405073402
665,raoq_fund,2,0.2,0.8064959405073402
665,cwm_pc1,-10,-1,0.02748633611151034
665,cwm_pc2,10,1,0.02748633611151034
665,pd_prob_mctavish,10,1,0.02748633611151034
665,mpd_prob_mctavish,10,1,0.02748633611151034
666,corrected_richness,10,1,0.02748633611151034
666,shannon,10,1,0.02748633611151034
666,inv_simpson,10,1,0.02748633611151034
666,trait_volume,-6,-0.6,0.2206713619198468
666,trait_dispersion,2,0.2,0.8064959405073402
666,rao_q,-6,-0.6,0.2206713619198468
666,feve,10,1,0.02748633611151034
666,fdiv,-6,-0.6,0.2206713619198468
666,fric_prob,10,1,0.02748633611151034
666,fdiv_fund,10,1,0.02748633611151034
666,feve_fund,-10,-1,0.02748633611151034
666,fdis_prob,6,0.6,0.2206713619198468
666,fmpd_prob,-6,-0.6,0.2206713619198468
666,raoq_fund,4,0.4,0.4624327264504763
666,cwm_pc1,-10,-1,0.02748633611151034
666,cwm_pc2,10,1,0.02748633611151034
666,pd_prob_mctavish,10,1,0.02748633611151034
666,mpd_prob_mctavish,10,1,0.02748633611151034
696,corrected_richness,10,1,0.02748633611151034
696,shannon,10,1,0.02748633611151034
696,inv_simpson,10,1,0.02748633611151034
696,trait_volume,-10,-1,0.02748633611151034
696,trait_dispersion,-10,-1,0.02748633611151034
696,rao_q,-10,-1,0.02748633611151034
696,feve,10,1,0.02748633611151034
696,fdiv,2,0.2,0.8064959405073402
696,fric_prob,2,0.2,0.8064959405073402
696,fdiv_fund,-6,-0.6,0.2206713619198468
696,feve_fund,-10,-1,0.02748633611151034
696,fdis_prob,-4,-0.4,0.4624327264504763
696,fmpd_prob,-10,-1,0.02748633611151034
696,raoq_fund,-6,-0.6,0.2206713619198468
696,cwm_pc1,-8,-0.8,0.08641073297370003
696,cwm_pc2,8,0.8,0.08641073297370003
696,pd_prob_mctavish,10,1,0.02748633611151034
696,mpd_prob_mctavish,-2,-0.2,0.8064959405073402
698,corrected_richness,10,1,0.02748633611151034
698,shannon,10,1,0.02748633611151034
698,inv_simpson,10,1,0.02748633611151034
698,trait_volume,-10,-1,0.02748633611151034
698,trait_dispersion,-10,-1,0.02748633611151034
698,rao_q,-10,-1,0.02748633611151034
698,feve,10,1,0.02748633611151034
698,fdiv,4,0.4,0.4624327264504763
698,fric_prob,-6,-0.6,0.2206713619198468
698,fdiv_fund,-8,-0.8,0.08641073297370003
698,feve_fund,-10,-1,0.02748633611151034
698,fdis_prob,-10,-1,0.02748633611151034
698,fmpd_prob,-10,-1,0.02748633611151034
698,raoq_fund,-10,-1,0.02748633611151034
698,cwm_pc1,-4,-0.4,0.4624327264504763
698,cwm_pc2,2,0.2,0.8064959405073402
698,pd_prob_mctavish,10,1,0.02748633611151034
698,mpd_prob_mctavish,-2,-0.2,0.8064959405073402
699,corrected_richness,10,1,0.02748633611151034
699,shannon,10,1,0.02748633611151034
699,inv_simpson,10,1,0.02748633611151034
699,trait_volume,-8,-0.8,0.08641073297370003
699,trait_dispersion,-10,-1,0.02748633611151034
699,rao_q,-10,-1,0.02748633611151034
699,feve,6,0.6,0.2206713619198468
699,fdiv,4,0.4,0.4624327264504763
699,fric_prob,-6,-0.6,0.2206713619198468
699,fdiv_fund,-6,-0.6,0.2206713619198468
699,feve_fund,-10,-1,0.02748633611151034
699,fdis_prob,-6,-0.6,0.2206713619198468
699,fmpd_prob,-10,-1,0.02748633611151034
699,raoq_fund,-10,-1,0.02748633611151034
699,cwm_pc1,-2,-0.2,0.8064959405073402
699,cwm_pc2,8,0.8,0.08641073297370003
699,pd_prob_mctavish,10,1,0.02748633611151034
699,mpd_prob_mctavish,-2,-0.2,0.8064959405073402
700,corrected_richness,10,1,0.02748633611151034
700,shannon,10,1,0.02748633611151034
700,inv_simpson,10,1,0.02748633611151034
700,trait_volume,-8,-0.8,0.08641073297370003
700,trait_dispersion,-10,-1,0.02748633611151034
700,rao_q,-10,-1,0.02748633611151034
700,feve,2,0.2,0.8064959405073402
700,fdiv,6,0.6,0.2206713619198468
700,fric_prob,-2,-0.2,0.8064959405073402
700,fdiv_fund,-4,-0.4,0.4624327264504763
700,feve_fund,-10,-1,0.02748633611151034
700,fdis_prob,-4,-0.4,0.4624327264504763
700,fmpd_prob,-10,-1,0.02748633611151034
700,raoq_fund,-6,-0.6,0.2206713619198468
700,cwm_pc1,-8,-0.8,0.08641073297370003
700,cwm_pc2,10,1,0.02748633611151034
700,pd_prob_mctavish,10,1,0.02748633611151034
700,mpd_prob_mctavish,6,0.6,0.2206713619198468
701,corrected_richness,10,1,0.02748633611151034
701,shannon,10,1,0.02748633611151034
701,inv_simpson,10,1,0.02748633611151034
701,trait_volume,-8,-0.8,0.08641073297370003
701,trait_dispersion,-8,-0.8,0.08641073297370003
701,rao_q,-10,-1,0.02748633611151034
701,feve,6,0.6,0.2206713619198468
701,fdiv,4,0.4,0.4624327264504763
701,fric_prob,-2,-0.2,0.8064959405073402
701,fdiv_fund,-6,-0.6,0.2206713619198468
701,feve_fund,-10,-1,0.02748633611151034
701,fdis_prob,-4,-0.4,0.4624327264504763
701,fmpd_prob,-10,-1,0.02748633611151034
701,raoq_fund,-4,-0.4,0.4624327264504763
701,cwm_pc1,-10,-1,0.02748633611151034
701,cwm_pc2,10,1,0.02748633611151034
701,pd_prob_mctavish,10,1,0.02748633611151034
701,mpd_prob_mctavish,4,0.4,0.4624327264504763
702,corrected_richness,10,1,0.02748633611151034
702,shannon,10,1,0.02748633611151034
702,inv_simpson,10,1,0.02748633611151034
702,trait_volume,-10,-1,0.02748633611151034
702,trait_dispersion,-10,-1,0.02748633611151034
702,rao_q,-10,-1,0.02748633611151034
702,feve,10,1,0.02748633611151034
702,fdiv,6,0.6,0.2206713619198468
702,fric_prob,-4,-0.4,0.4624327264504763
702,fdiv_fund,-6,-0.6,0.2206713619198468
702,feve_fund,-10,-1,0.02748633611151034
702,fdis_prob,-10,-1,0.02748633611151034
702,fmpd_prob,-10,-1,0.02748633611151034
702,raoq_fund,-8,-0.8,0.08641073297370003
702,cwm_pc1,-10,-1,0.02748633611151034
702,cwm_pc2,10,1,0.02748633611151034
702,pd_prob_mctavish,10,1,0.02748633611151034
702,mpd_prob_mctavish,4,0.4,0.4624327264504763
704,corrected_richness,10,1,0.02748633611151034
704,shannon,10,1,0.02748633611151034
704,inv_simpson,10,1,0.02748633611151034
704,trait_volume,-10,-1,0.02748633611151034
704,trait_dispersion,-10,-1,0.02748633611151034
704,rao_q,-10,-1,0.02748633611151034
704,feve,10,1,0.02748633611151034
704,fdiv,10,1,0.02748633611151034
704,fric_prob,2,0.2,0.8064959405073402
704,fdiv_fund,-6,-0.6,0.2206713619198468
704,feve_fund,-10,-1,0.02748633611151034
704,fdis_prob,-10,-1,0.02748633611151034
704,fmpd_prob,-10,-1,0.02748633611151034
704,raoq_fund,-10,-1,0.02748633611151034
704,cwm_pc1,2,0.2,0.8064959405073402
704,cwm_pc2,-8,-0.8,0.08641073297370003
704,pd_prob_mctavish,10,1,0.02748633611151034
704,mpd_prob_mctavish,6,0.6,0.2206713619198468
705,corrected_richness,10,1,0.02748633611151034
705,shannon,10,1,0.02748633611151034
705,inv_simpson,10,1,0.02748633611151034
705,trait_volume,-10,-1,0.02748633611151034
705,trait_dispersion,-10,-1,0.02748633611151034
705,rao_q,-10,-1,0.02748633611151034
705,feve,10,1,0.02748633611151034
705,fdiv,8,0.8,0.08641073297370003
705,fric_prob,2,0.2,0.8064959405073402
705,fdiv_fund,-2,-0.2,0.8064959405073402
705,feve_fund,-10,-1,0.02748633611151034
705,fdis_prob,-10,-1,0.02748633611151034
705,fmpd_prob,-10,-1,0.02748633611151034
705,raoq_fund,-10,-1,0.02748633611151034
705,cwm_pc1,2,0.2,0.8064959405073402
705,cwm_pc2,-6,-0.6,0.2206713619198468
705,pd_prob_mctavish,10,1,0.02748633611151034
705,mpd_prob_mctavish,8,0.8,0.08641073297370003
706,corrected_richness,10,1,0.02748633611151034
706,shannon,10,1,0.02748633611151034
706,inv_simpson,10,1,0.02748633611151034
706,trait_volume,-6,-0.6,0.2206713619198468
706,trait_dispersion,-8,-0.8,0.08641073297370003
706,rao_q,-6,-0.6,0.2206713619198468
706,feve,10,1,0.02748633611151034
706,fdiv,-6,-0.6,0.2206713619198468
706,fric_prob,-2,-0.2,0.8064959405073402
706,fdiv_fund,-2,-0.2,0.8064959405073402
706,feve_fund,-10,-1,0.02748633611151034
706,fdis_prob,0,0,1
706,fmpd_prob,-8,-0.8,0.08641073297370003
706,raoq_fund,-4,-0.4,0.4624327264504763
706,cwm_pc1,-10,-1,0.02748633611151034
706,cwm_pc2,10,1,0.02748633611151034
706,pd_prob_mctavish,10,1,0.02748633611151034
706,mpd_prob_mctavish,10,1,0.02748633611151034
708,corrected_richness,10,1,0.02748633611151034
708,shannon,10,1,0.02748633611151034
708,inv_simpson,10,1,0.02748633611151034
708,trait_volume,-6,-0.6,0.2206713619198468
708,trait_dispersion,4,0.4,0.4624327264504763
708,rao_q,-8,-0.8,0.08641073297370003
708,feve,10,1,0.02748633611151034
708,fdiv,-6,-0.6,0.2206713619198468
708,fric_prob,4,0.4,0.4624327264504763
708,fdiv_fund,-2,-0.2,0.8064959405073402
708,feve_fund,-10,-1,0.02748633611151034
708,fdis_prob,4,0.4,0.4624327264504763
708,fmpd_prob,-8,-0.8,0.08641073297370003
708,raoq_fund,-6,-0.6,0.2206713619198468
708,cwm_pc1,-6,-0.6,0.2206713619198468
708,cwm_pc2,10,1,0.02748633611151034
708,pd_prob_mctavish,10,1,0.02748633611151034
708,mpd_prob_mctavish,10,1,0.02748633611151034
710,corrected_richness,10,1,0.02748633611151034
710,shannon,10,1,0.02748633611151034
710,inv_simpson,10,1,0.02748633611151034
710,trait_volume,-8,-0.8,0.08641073297370003
710,trait_dispersion,2,0.2,0.8064959405073402
710,rao_q,-10,-1,0.02748633611151034
710,feve,10,1,0.02748633611151034
710,fdiv,-8,-0.8,0.08641073297370003
710,fric_prob,2,0.2,0.8064959405073402
710,fdiv_fund,-2,-0.2,0.8064959405073402
710,feve_fund,-10,-1,0.02748633611151034
710,fdis_prob,6,0.6,0.2206713619198468
710,fmpd_prob,-10,-1,0.02748633611151034
710,raoq_fund,-2,-0.2,0.8064959405073402
710,cwm_pc1,-8,-0.8,0.08641073297370003
710,cwm_pc2,10,1,0.02748633611151034
710,pd_prob_mctavish,10,1,0.02748633611151034
710,mpd_prob_mctavish,10,1,0.02748633611151034
711,corrected_richness,10,1,0.02748633611151034
711,shannon,10,1,0.02748633611151034
711,inv_simpson,10,1,0.02748633611151034
711,trait_volume,-8,-0.8,0.08641073297370003
711,trait_dispersion,4,0.4,0.4624327264504763
711,rao_q,-10,-1,0.02748633611151034
711,feve,10,1,0.02748633611151034
711,fdiv,-8,-0.8,0.08641073297370003
711,fric_prob,6,0.6,0.2206713619198468
711,fdiv_fund,2,0.2,0.8064959405073402
711,feve_fund,-10,-1,0.02748633611151034
711,fdis_prob,8,0.8,0.08641073297370003
711,fmpd_prob,-10,-1,0.02748633611151034
711,raoq_fund,6,0.6,0.2206713619198468
711,cwm_pc1,-10,-1,0.02748633611151034
711,cwm_pc2,10,1,0.02748633611151034
711,pd_prob_mctavish,10,1,0.02748633611151034
711,mpd_prob_mctavish,10,1,0.02748633611151034
712,corrected_richness,10,1,0.02748633611151034
712,shannon,10,1,0.02748633611151034
712,inv_simpson,10,1,0.02748633611151034
712,trait_volume,-10,-1,0.02748633611151034
712,trait_dispersion,6,0.6,0.2206713619198468
712,rao_q,-8,-0.8,0.08641073297370003
712,feve,10,1,0.02748633611151034
712,fdiv,-10,-1,0.02748633611151034
712,fric_prob,0,0,1
712,fdiv_fund,-2,-0.2,0.8064959405073402
712,feve_fund,-10,-1,0.02748633611151034
712,fdis_prob,8,0.8,0.08641073297370003
712,fmpd_prob,-10,-1,0.02748633611151034
712,raoq_fund,0,0,1
712,cwm_pc1,6,0.6,0.2206713619198468
712,cwm_pc2,10,1,0.02748633611151034
712,pd_prob_mctavish,10,1,0.02748633611151034
712,mpd_prob_mctavish,10,1,0.02748633611151034
716,corrected_richness,10,1,0.02748633611151034
716,shannon,10,1,0.02748633611151034
716,inv_simpson,10,1,0.02748633611151034
716,trait_volume,-10,-1,0.02748633611151034
716,trait_dispersion,-8,-0.8,0.08641073297370003
716,rao_q,-10,-1,0.02748633611151034
716,feve,8,0.8,0.08641073297370003
716,fdiv,-10,-1,0.02748633611151034
716,fric_prob,-2,-0.2,0.8064959405073402
716,fdiv_fund,0,0,1
716,feve_fund,-10,-1,0.02748633611151034
716,fdis_prob,-10,-1,0.02748633611151034
716,fmpd_prob,-10,-1,0.02748633611151034
716,raoq_fund,-10,-1,0.02748633611151034
716,cwm_pc1,-8,-0.8,0.08641073297370003
716,cwm_pc2,6,0.6,0.2206713619198468
716,pd_prob_mctavish,10,1,0.02748633611151034
716,mpd_prob_mctavish,10,1,0.02748633611151034
717,corrected_richness,10,1,0.02748633611151034
717,shannon,10,1,0.02748633611151034
717,inv_simpson,10,1,0.02748633611151034
717,trait_volume,-10,-1,0.02748633611151034
717,trait_dispersion,-10,-1,0.02748633611151034
717,rao_q,-10,-1,0.02748633611151034
717,feve,10,1,0.02748633611151034
717,fdiv,2,0.2,0.8064959405073402
717,fric_prob,9,0.9,0.04326272780691068
717,fdiv_fund,4,0.4,0.4624327264504763
717,feve_fund,-10,-1,0.02748633611151034
717,fdis_prob,-8,-0.8,0.08641073297370003
717,fmpd_prob,-10,-1,0.02748633611151034
717,raoq_fund,-8,-0.8,0.08641073297370003
717,cwm_pc1,-2,-0.2,0.8064959405073402
717,cwm_pc2,8,0.8,0.08641073297370003
717,pd_prob_mctavish,10,1,0.02748633611151034
717,mpd_prob_mctavish,6,0.6,0.2206713619198468
735,corrected_richness,10,1,0.02748633611151034
735,shannon,10,1,0.02748633611151034
735,inv_simpson,10,1,0.02748633611151034
735,trait_volume,0,0,1
735,trait_dispersion,6,0.6,0.2206713619198468
735,rao_q,2,0.2,0.8064959405073402
735,feve,10,1,0.02748633611151034
735,fdiv,-8,-0.8,0.08641073297370003
735,fric_prob,10,1,0.02748633611151034
735,fdiv_fund,4,0.4,0.4624327264504763
735,feve_fund,-8,-0.8,0.08641073297370003
735,fdis_prob,4,0.4,0.4624327264504763
735,fmpd_prob,2,0.2,0.8064959405073402
735,raoq_fund,0,0,1
735,cwm_pc1,-10,-1,0.02748633611151034
735,cwm_pc2,10,1,0.02748633611151034
735,pd_prob_mctavish,10,1,0.02748633611151034
735,mpd_prob_mctavish,8,0.8,0.08641073297370003
736,corrected_richness,10,1,0.02748633611151034
736,shannon,10,1,0.02748633611151034
736,inv_simpson,10,1,0.02748633611151034
736,trait_volume,0,0,1
736,trait_dispersion,8,0.8,0.08641073297370003
736,rao_q,6,0.6,0.2206713619198468
736,feve,10,1,0.02748633611151034
736,fdiv,-8,-0.8,0.08641073297370003
736,fric_prob,10,1,0.02748633611151034
736,fdiv_fund,-2,-0.2,0.8064959405073402
736,feve_fund,-8,-0.8,0.08641073297370003
736,fdis_prob,8,0.8,0.08641073297370003
736,fmpd_prob,6,0.6,0.2206713619198468
736,raoq_fund,10,1,0.02748633611151034
736,cwm_pc1,-10,-1,0.02748633611151034
736,cwm_pc2,10,1,0.02748633611151034
736,pd_prob_mctavish,10,1,0.02748633611151034
736,mpd_prob_mctavish,10,1,0.02748633611151034
737,corrected_richness,10,1,0.02748633611151034
737,shannon,10,1,0.02748633611151034
737,inv_simpson,10,1,0.02748633611151034
737,trait_volume,-8,-0.8,0.08641073297370003
737,trait_dispersion,4,0.4,0.4624327264504763
737,rao_q,-8,-0.8,0.08641073297370003
737,feve,10,1,0.02748633611151034
737,fdiv,-6,-0.6,0.2206713619198468
737,fric_prob,10,1,0.02748633611151034
737,fdiv_fund,8,0.8,0.08641073297370003
737,feve_fund,-8,-0.8,0.08641073297370003
737,fdis_prob,6,0.6,0.2206713619198468
737,fmpd_prob,-8,-0.8,0.08641073297370003
737,raoq_fund,8,0.8,0.08641073297370003
737,cwm_pc1,-10,-1,0.02748633611151034
737,cwm_pc2,10,1,0.02748633611151034
737,pd_prob_mctavish,10,1,0.02748633611151034
737,mpd_prob_mctavish,10,1,0.02748633611151034
738,corrected_richness,10,1,0.02748633611151034
738,shannon,10,1,0.02748633611151034
738,inv_simpson,10,1,0.02748633611151034
738,trait_volume,0,0,1
738,trait_dispersion,8,0.8,0.08641073297370003
738,rao_q,2,0.2,0.8064959405073402
738,feve,10,1,0.02748633611151034
738,fdiv,-8,-0.8,0.08641073297370003
738,fric_prob,8,0.8,0.08641073297370003
738,fdiv_fund,-4,-0.4,0.4624327264504763
738,feve_fund,-4,-0.4,0.4624327264504763
738,fdis_prob,8,0.8,0.08641073297370003
738,fmpd_prob,2,0.2,0.8064959405073402
738,raoq_fund,6,0.6,0.2206713619198468
738,cwm_pc1,-10,-1,0.02748633611151034
738,cwm_pc2,10,1,0.02748633611151034
738,pd_prob_mctavish,10,1,0.02748633611151034
738,mpd_prob_mctavish,10,1,0.02748633611151034
772,corrected_richness,10,1,0.02748633611151034
772,shannon,10,1,0.02748633611151034
772,inv_simpson,10,1,0.02748633611151034
772,trait_volume,-10,-1,0.02748633611151034
772,trait_dispersion,-10,-1,0.02748633611151034
772,rao_q,-10,-1,0.02748633611151034
772,feve,8,0.8,0.08641073297370003
772,fdiv,4,0.4,0.4624327264504763
772,fric_prob,2,0.2,0.8064959405073402
772,fdiv_fund,-4,-0.4,0.4624327264504763
772,feve_fund,-10,-1,0.02748633611151034
772,fdis_prob,-10,-1,0.02748633611151034
772,fmpd_prob,-10,-1,0.02748633611151034
772,raoq_fund,-10,-1,0.02748633611151034
772,cwm_pc1,-10,-1,0.02748633611151034
772,cwm_pc2,10,1,0.02748633611151034
772,pd_prob_mctavish,10,1,0.02748633611151034
772,mpd_prob_mctavish,6,0.6,0.2206713619198468
773,corrected_richness,10,1,0.02748633611151034
773,shannon,10,1,0.02748633611151034
773,inv_simpson,10,1,0.02748633611151034
773,trait_volume,-10,-1,0.02748633611151034
773,trait_dispersion,-10,-1,0.02748633611151034
773,rao_q,-10,-1,0.02748633611151034
773,feve,6,0.6,0.2206713619198468
773,fdiv,4,0.4,0.4624327264504763
773,fric_prob,2,0.2,0.8064959405073402
773,fdiv_fund,-2,-0.2,0.8064959405073402
773,feve_fund,-8,-0.8,0.08641073297370003
773,fdis_prob,-10,-1,0.02748633611151034
773,fmpd_prob,-10,-1,0.02748633611151034
773,raoq_fund,-8,-0.8,0.08641073297370003
773,cwm_pc1,-8,-0.8,0.08641073297370003
773,cwm_pc2,10,1,0.02748633611151034
773,pd_prob_mctavish,10,1,0.02748633611151034
773,mpd_prob_mctavish,6,0.6,0.2206713619198468
774,corrected_richness,10,1,0.02748633611151034
774,shannon,10,1,0.02748633611151034
774,inv_simpson,10,1,0.02748633611151034
774,trait_volume,-8,-0.8,0.08641073297370003
774,trait_dispersion,-10,-1,0.02748633611151034
774,rao_q,-10,-1,0.02748633611151034
774,feve,6,0.6,0.2206713619198468
774,fdiv,4,0.4,0.4624327264504763
774,fric_prob,2,0.2,0.8064959405073402
774,fdiv_fund,-4,-0.4,0.4624327264504763
774,feve_fund,-10,-1,0.02748633611151034
774,fdis_prob,-10,-1,0.02748633611151034
774,fmpd_prob,-10,-1,0.02748633611151034
774,raoq_fund,-8,-0.8,0.08641073297370003
774,cwm_pc1,-10,-1,0.02748633611151034
774,cwm_pc2,10,1,0.02748633611151034
774,pd_prob_mctavish,10,1,0.02748633611151034
774,mpd_prob_mctavish,6,0.6,0.2206713619198468
775,corrected_richness,10,1,0.02748633611151034
775,shannon,10,1,0.02748633611151034
775,inv_simpson,10,1,0.02748633611151034
775,trait_volume,-8,-0.8,0.08641073297370003
775,trait_dispersion,-10,-1,0.02748633611151034
775,rao_q,-10,-1,0.02748633611151034
775,feve,4,0.4,0.4624327264504763
775,fdiv,4,0.4,0.4624327264504763
775,fric_prob,4,0.4,0.4624327264504763
775,fdiv_fund,-2,-0.2,0.8064959405073402
775,feve_fund,-10,-1,0.02748633611151034
775,fdis_prob,-10,-1,0.02748633611151034
775,fmpd_prob,-10,-1,0.02748633611151034
775,raoq_fund,-10,-1,0.02748633611151034
775,cwm_pc1,-2,-0.2,0.8064959405073402
775,cwm_pc2,8,0.8,0.08641073297370003
775,pd_prob_mctavish,10,1,0.02748633611151034
775,mpd_prob_mctavish,6,0.6,0.2206713619198468
776,corrected_richness,10,1,0.02748633611151034
776,shannon,10,1,0.02748633611151034
776,inv_simpson,10,1,0.02748633611151034
776,trait_volume,-6,-0.6,0.2206713619198468
776,trait_dispersion,-10,-1,0.02748633611151034
776,rao_q,-10,-1,0.02748633611151034
776,feve,4,0.4,0.4624327264504763
776,fdiv,0,0,1
776,fric_prob,2,0.2,0.8064959405073402
776,fdiv_fund,-2,-0.2,0.8064959405073402
776,feve_fund,-8,-0.8,0.08641073297370003
776,fdis_prob,-8,-0.8,0.08641073297370003
776,fmpd_prob,-10,-1,0.02748633611151034
776,raoq_fund,-10,-1,0.02748633611151034
776,cwm_pc1,2,0.2,0.8064959405073402
776,cwm_pc2,8,0.8,0.08641073297370003
776,pd_prob_mctavish,10,1,0.02748633611151034
776,mpd_prob_mctavish,8,0.8,0.08641073297370003
777,corrected_richness,10,1,0.02748633611151034
777,shannon,10,1,0.02748633611151034
777,inv_simpson,10,1,0.02748633611151034
777,trait_volume,-2,-0.2,0.8064959405073402
777,trait_dispersion,-4,-0.4,0.4624327264504763
777,rao_q,-4,-0.4,0.4624327264504763
777,feve,8,0.8,0.08641073297370003
777,fdiv,0,0,1
777,fric_prob,4,0.4,0.4624327264504763
777,fdiv_fund,0,0,1
777,feve_fund,-6,-0.6,0.2206713619198468
777,fdis_prob,-2,-0.2,0.8064959405073402
777,fmpd_prob,-4,-0.4,0.4624327264504763
777,raoq_fund,-2,-0.2,0.8064959405073402
777,cwm_pc1,2,0.2,0.8064959405073402
777,cwm_pc2,6,0.6,0.2206713619198468
777,pd_prob_mctavish,10,1,0.02748633611151034
777,mpd_prob_mctavish,8,0.8,0.08641073297370003
778,corrected_richness,10,1,0.02748633611151034
778,shannon,10,1,0.02748633611151034
778,inv_simpson,10,1,0.02748633611151034
778,trait_volume,-8,-0.8,0.08641073297370003
778,trait_dispersion,-8,-0.8,0.08641073297370003
778,rao_q,-10,-1,0.02748633611151034
778,feve,4,0.4,0.4624327264504763
778,fdiv,4,0.4,0.4624327264504763
778,fric_prob,0,0,1
778,fdiv_fund,-4,-0.4,0.4624327264504763
778,feve_fund,-8,-0.8,0.08641073297370003
778,fdis_prob,-10,-1,0.02748633611151034
778,fmpd_prob,-10,-1,0.02748633611151034
778,raoq_fund,-10,-1,0.02748633611151034
778,cwm_pc1,2,0.2,0.8064959405073402
778,cwm_pc2,10,1,0.02748633611151034
778,pd_prob_mctavish,10,1,0.02748633611151034
778,mpd_prob_mctavish,8,0.8,0.08641073297370003
783,corrected_richness,10,1,0.02748633611151034
783,shannon,10,1,0.02748633611151034
783,inv_simpson,10,1,0.02748633611151034
783,trait_volume,-10,-1,0.02748633611151034
783,trait_dispersion,-10,-1,0.02748633611151034
783,rao_q,-10,-1,0.02748633611151034
783,feve,10,1,0.02748633611151034
783,fdiv,6,0.6,0.2206713619198468
783,fric_prob,-6,-0.6,0.2206713619198468
783,fdiv_fund,-6,-0.6,0.2206713619198468
783,feve_fund,-10,-1,0.02748633611151034
783,fdis_prob,-8,-0.8,0.08641073297370003
783,fmpd_prob,-10,-1,0.02748633611151034
783,raoq_fund,-10,-1,0.02748633611151034
783,cwm_pc1,-10,-1,0.02748633611151034
783,cwm_pc2,10,1,0.02748633611151034
783,pd_prob_mctavish,10,1,0.02748633611151034
783,mpd_prob_mctavish,4,0.4,0.4624327264504763
784,corrected_richness,10,1,0.02748633611151034
784,shannon,10,1,0.02748633611151034
784,inv_simpson,10,1,0.02748633611151034
784,trait_volume,-10,-1,0.02748633611151034
784,trait_dispersion,-10,-1,0.02748633611151034
784,rao_q,-10,-1,0.02748633611151034
784,feve,10,1,0.02748633611151034
784,fdiv,8,0.8,0.08641073297370003
784,fric_prob,-4,-0.4,0.4624327264504763
784,fdiv_fund,-4,-0.4,0.4624327264504763
784,feve_fund,-10,-1,0.02748633611151034
784,fdis_prob,-10,-1,0.02748633611151034
784,fmpd_prob,-10,-1,0.02748633611151034
784,raoq_fund,-10,-1,0.02748633611151034
784,cwm_pc1,-10,-1,0.02748633611151034
784,cwm_pc2,10,1,0.02748633611151034
784,pd_prob_mctavish,10,1,0.02748633611151034
784,mpd_prob_mctavish,6,0.6,0.2206713619198468
787,corrected_richness,10,1,0.02748633611151034
787,shannon,10,1,0.02748633611151034
787,inv_simpson,10,1,0.02748633611151034
787,trait_volume,-10,-1,0.02748633611151034
787,trait_dispersion,-10,-1,0.02748633611151034
787,rao_q,-10,-1,0.02748633611151034
787,feve,8,0.8,0.08641073297370003
787,fdiv,6,0.6,0.2206713619198468
787,fric_prob,-6,-0.6,0.2206713619198468
787,fdiv_fund,-4,-0.4,0.4624327264504763
787,feve_fund,-10,-1,0.02748633611151034
787,fdis_prob,-4,-0.4,0.4624327264504763
787,fmpd_prob,-10,-1,0.02748633611151034
787,raoq_fund,-8,-0.8,0.08641073297370003
787,cwm_pc1,-10,-1,0.02748633611151034
787,cwm_pc2,10,1,0.02748633611151034
787,pd_prob_mctavish,10,1,0.02748633611151034
787,mpd_prob_mctavish,8,0.8,0.08641073297370003
788,corrected_richness,10,1,0.02748633611151034
788,shannon,10,1,0.02748633611151034
788,inv_simpson,10,1,0.02748633611151034
788,trait_volume,-10,-1,0.02748633611151034
788,trait_dispersion,-10,-1,0.02748633611151034
788,rao_q,-10,-1,0.02748633611151034
788,feve,10,1,0.02748633611151034
788,fdiv,4,0.4,0.4624327264504763
788,fric_prob,-4,-0.4,0.4624327264504763
788,fdiv_fund,2,0.2,0.8064959405073402
788,feve_fund,-10,-1,0.02748633611151034
788,fdis_prob,-8,-0.8,0.08641073297370003
788,fmpd_prob,-10,-1,0.02748633611151034
788,raoq_fund,-10,-1,0.02748633611151034
788,cwm_pc1,-8,-0.8,0.08641073297370003
788,cwm_pc2,6,0.6,0.2206713619198468
788,pd_prob_mctavish,10,1,0.02748633611151034
788,mpd_prob_mctavish,8,0.8,0.08641073297370003
804,corrected_richness,10,1,0.02748633611151034
804,shannon,10,1,0.02748633611151034
804,inv_simpson,10,1,0.02748633611151034
804,trait_volume,-10,-1,0.02748633611151034
804,trait_dispersion,-10,-1,0.02748633611151034
804,rao_q,-10,-1,0.02748633611151034
804,feve,10,1,0.02748633611151034
804,fdiv,0,0,1
804,fric_prob,10,1,0.02748633611151034
804,fdiv_fund,-8,-0.8,0.08641073297370003
804,feve_fund,-8,-0.8,0.08641073297370003
804,fdis_prob,-8,-0.8,0.08641073297370003
804,fmpd_prob,-10,-1,0.02748633611151034
804,raoq_fund,-8,-0.8,0.08641073297370003
804,cwm_pc1,-8,-0.8,0.08641073297370003
804,cwm_pc2,10,1,0.02748633611151034
804,pd_prob_mctavish,10,1,0.02748633611151034
804,mpd_prob_mctavish,6,0.6,0.2206713619198468
805,corrected_richness,10,1,0.02748633611151034
805,shannon,10,1,0.02748633611151034
805,inv_simpson,10,1,0.02748633611151034
805,trait_volume,2,0.2,0.8064959405073402
805,trait_dispersion,6,0.6,0.2206713619198468
805,rao_q,4,0.4,0.4624327264504763
805,feve,10,1,0.02748633611151034
805,fdiv,-4,-0.4,0.2888443663464849
805,fric_prob,0,0,1
805,fdiv_fund,4,0.4,0.4624327264504763
805,feve_fund,-6,-0.6,0.2206713619198468
805,fdis_prob,4,0.4,0.4624327264504763
805,fmpd_prob,4,0.4,0.4624327264504763
805,raoq_fund,-2,-0.2,0.8064959405073402
805,cwm_pc1,-10,-1,0.02748633611151034
805,cwm_pc2,10,1,0.02748633611151034
805,pd_prob_mctavish,10,1,0.02748633611151034
805,mpd_prob_mctavish,10,1,0.02748633611151034
806,corrected_richness,10,1,0.02748633611151034
806,shannon,10,1,0.02748633611151034
806,inv_simpson,10,1,0.02748633611151034
806,trait_volume,2,0.2,0.8064959405073402
806,trait_dispersion,6,0.6,0.2206713619198468
806,rao_q,4,0.4,0.4624327264504763
806,feve,10,1,0.02748633611151034
806,fdiv,0,0,1
806,fric_prob,-4,-0.4,0.002699796063260189
806,fdiv_fund,4,0.4,0.4624327264504763
806,feve_fund,-2,-0.2,0.8064959405073402
806,fdis_prob,6,0.6,0.2206713619198468
806,fmpd_prob,4,0.4,0.4624327264504763
806,raoq_fund,2,0.2,0.8064959405073402
806,cwm_pc1,-10,-1,0.02748633611151034
806,cwm_pc2,10,1,0.02748633611151034
806,pd_prob_mctavish,10,1,0.02748633611151034
806,mpd_prob_mctavish,10,1,0.02748633611151034
807,corrected_richness,10,1,0.02748633611151034
807,shannon,10,1,0.02748633611151034
807,inv_simpson,10,1,0.02748633611151034
807,trait_volume,-10,-1,0.02748633611151034
807,trait_dispersion,-8,-0.8,0.08641073297370003
807,rao_q,-8,-0.8,0.08641073297370003
807,feve,10,1,0.02748633611151034
807,fdiv,-6,-0.6,0.2206713619198468
807,fric_prob,-2,-0.2,0.8064959405073402
807,fdiv_fund,2,0.2,0.8064959405073402
807,feve_fund,-10,-1,0.02748633611151034
807,fdis_prob,-10,-1,0.02748633611151034
807,fmpd_prob,-8,-0.8,0.08641073297370003
807,raoq_fund,-10,-1,0.02748633611151034
807,cwm_pc1,-8,-0.8,0.08641073297370003
807,cwm_pc2,10,1,0.02748633611151034
807,pd_prob_mctavish,10,1,0.02748633611151034
807,mpd_prob_mctavish,10,1,0.02748633611151034
808,corrected_richness,10,1,0.02748633611151034
808,shannon,10,1,0.02748633611151034
808,inv_simpson,10,1,0.02748633611151034
808,trait_volume,-2,-0.2,0.8064959405073402
808,trait_dispersion,4,0.4,0.4624327264504763
808,rao_q,0,0,1
808,feve,10,1,0.02748633611151034
808,fdiv,-8,-0.8,0.08641073297370003
808,fric_prob,0,0,1
808,fdiv_fund,8,0.8,0.08641073297370003
808,feve_fund,-8,-0.8,0.08641073297370003
808,fdis_prob,-4,-0.4,0.4624327264504763
808,fmpd_prob,0,0,1
808,raoq_fund,-6,-0.6,0.2206713619198468
808,cwm_pc1,-10,-1,0.02748633611151034
808,cwm_pc2,10,1,0.02748633611151034
808,pd_prob_mctavish,10,1,0.02748633611151034
808,mpd_prob_mctavish,10,1,0.02748633611151034
809,corrected_richness,10,1,0.02748633611151034
809,shannon,10,1,0.02748633611151034
809,inv_simpson,10,1,0.02748633611151034
809,trait_volume,-6,-0.6,0.2206713619198468
809,trait_dispersion,4,0.4,0.4624327264504763
809,rao_q,-2,-0.2,0.8064959405073402
809,feve,10,1,0.02748633611151034
809,fdiv,-8,-0.8,0.08641073297370003
809,fric_prob,10,1,0.02748633611151034
809,fdiv_fund,10,1,0.02748633611151034
809,feve_fund,-8,-0.8,0.08641073297370003
809,fdis_prob,6,0.6,0.2206713619198468
809,fmpd_prob,-4,-0.4,0.4624327264504763
809,raoq_fund,6,0.6,0.2206713619198468
809,cwm_pc1,-10,-1,0.02748633611151034
809,cwm_pc2,10,1,0.02748633611151034
809,pd_prob_mctavish,10,1,0.02748633611151034
809,mpd_prob_mctavish,10,1,0.02748633611151034
810,corrected_richness,10,1,0.02748633611151034
810,shannon,10,1,0.02748633611151034
810,inv_simpson,10,1,0.02748633611151034
810,trait_volume,-6,-0.6,0.2206713619198468
810,trait_dispersion,2,0.2,0.8064959405073402
810,rao_q,-6,-0.6,0.2206713619198468
810,feve,10,1,0.02748633611151034
810,fdiv,-6,-0.6,0.2206713619198468
810,fric_prob,10,1,0.02748633611151034
810,fdiv_fund,0,0,1
810,feve_fund,-8,-0.8,0.08641073297370003
810,fdis_prob,8,0.8,0.08641073297370003
810,fmpd_prob,-6,-0.6,0.2206713619198468
810,raoq_fund,8,0.8,0.08641073297370003
810,cwm_pc1,-10,-1,0.02748633611151034
810,cwm_pc2,10,1,0.02748633611151034
810,pd_prob_mctavish,10,1,0.02748633611151034
810,mpd_prob_mctavish,8,0.8,0.08641073297370003
811,corrected_richness,10,1,0.02748633611151034
811,shannon,10,1,0.02748633611151034
811,inv_simpson,10,1,0.02748633611151034
811,trait_volume,-6,-0.6,0.2206713619198468
811,trait_dispersion,0,0,1
811,rao_q,-6,-0.6,0.2206713619198468
811,feve,10,1,0.02748633611151034
811,fdiv,-6,-0.6,0.2206713619198468
811,fric_prob,10,1,0.02748633611151034
811,fdiv_fund,10,1,0.02748633611151034
811,feve_fund,-10,-1,0.02748633611151034
811,fdis_prob,4,0.4,0.4624327264504763
811,fmpd_prob,-6,-0.6,0.2206713619198468
811,raoq_fund,4,0.4,0.4624327264504763
811,cwm_pc1,-10,-1,0.02748633611151034
811,cwm_pc2,10,1,0.02748633611151034
811,pd_prob_mctavish,10,1,0.02748633611151034
811,mpd_prob_mctavish,8,0.8,0.08641073297370003
812,corrected_richness,10,1,0.02748633611151034
812,shannon,10,1,0.02748633611151034
812,inv_simpson,10,1,0.02748633611151034
812,trait_volume,-8,-0.8,0.08641073297370003
812,trait_dispersion,0,0,1
812,rao_q,-8,-0.8,0.08641073297370003
812,feve,10,1,0.02748633611151034
812,fdiv,-6,-0.6,0.2206713619198468
812,fric_prob,10,1,0.02748633611151034
812,fdiv_fund,2,0.2,0.8064959405073402
812,feve_fund,-10,-1,0.02748633611151034
812,fdis_prob,4,0.4,0.4624327264504763
812,fmpd_prob,-8,-0.8,0.08641073297370003
812,raoq_fund,-4,-0.4,0.4624327264504763
812,cwm_pc1,-10,-1,0.02748633611151034
812,cwm_pc2,10,1,0.02748633611151034
812,pd_prob_mctavish,10,1,0.02748633611151034
812,mpd_prob_mctavish,10,1,0.02748633611151034
813,corrected_richness,10,1,0.02748633611151034
813,shannon,10,1,0.02748633611151034
813,inv_simpson,10,1,0.02748633611151034
813,trait_volume,-10,-1,0.02748633611151034
813,trait_dispersion,2,0.2,0.8064959405073402
813,rao_q,-10,-1,0.02748633611151034
813,feve,10,1,0.02748633611151034
813,fdiv,-6,-0.6,0.2206713619198468
813,fric_prob,10,1,0.02748633611151034
813,fdiv_fund,2,0.2,0.8064959405073402
813,feve_fund,-10,-1,0.02748633611151034
813,fdis_prob,2,0.2,0.8064959405073402
813,fmpd_prob,-10,-1,0.02748633611151034
813,raoq_fund,-8,-0.8,0.08641073297370003
813,cwm_pc1,-10,-1,0.02748633611151034
813,cwm_pc2,10,1,0.02748633611151034
813,pd_prob_mctavish,10,1,0.02748633611151034
813,mpd_prob_mctavish,10,1,0.02748633611151034
845,corrected_richness,10,1,0.02748633611151034
845,shannon,10,1,0.02748633611151034
845,inv_simpson,10,1,0.02748633611151034
845,trait_volume,-8,-0.8,0.08641073297370003
845,trait_dispersion,-10,-1,0.02748633611151034
845,rao_q,-10,-1,0.02748633611151034
845,feve,8,0.8,0.08641073297370003
845,fdiv,4,0.4,0.4624327264504763
845,fric_prob,-2,-0.2,0.8064959405073402
845,fdiv_fund,-6,-0.6,0.2206713619198468
845,feve_fund,-10,-1,0.02748633611151034
845,fdis_prob,-6,-0.6,0.2206713619198468
845,fmpd_prob,-10,-1,0.02748633611151034
845,raoq_fund,-6,-0.6,0.2206713619198468
845,cwm_pc1,0,0,1
845,cwm_pc2,-2,-0.2,0.8064959405073402
845,pd_prob_mctavish,10,1,0.02748633611151034
845,mpd_prob_mctavish,6,0.6,0.2206713619198468
846,corrected_richness,10,1,0.02748633611151034
846,shannon,10,1,0.02748633611151034
846,inv_simpson,10,1,0.02748633611151034
846,trait_volume,-8,-0.8,0.08641073297370003
846,trait_dispersion,-10,-1,0.02748633611151034
846,rao_q,-10,-1,0.02748633611151034
846,feve,10,1,0.02748633611151034
846,fdiv,8,0.8,0.08641073297370003
846,fric_prob,0,0,1
846,fdiv_fund,-4,-0.4,0.4624327264504763
846,feve_fund,-10,-1,0.02748633611151034
846,fdis_prob,-8,-0.8,0.08641073297370003
846,fmpd_prob,-10,-1,0.02748633611151034
846,raoq_fund,-8,-0.8,0.08641073297370003
846,cwm_pc1,0,0,1
846,cwm_pc2,-8,-0.8,0.08641073297370003
846,pd_prob_mctavish,10,1,0.02748633611151034
846,mpd_prob_mctavish,4,0.4,0.4624327264504763
847,corrected_richness,10,1,0.02748633611151034
847,shannon,10,1,0.02748633611151034
847,inv_simpson,10,1,0.02748633611151034
847,trait_volume,-10,-1,0.02748633611151034
847,trait_dispersion,-10,-1,0.02748633611151034
847,rao_q,-10,-1,0.02748633611151034
847,feve,8,0.8,0.08641073297370003
847,fdiv,4,0.4,0.4624327264504763
847,fric_prob,-6,-0.6,0.2206713619198468
847,fdiv_fund,-6,-0.6,0.2206713619198468
847,feve_fund,-10,-1,0.02748633611151034
847,fdis_prob,-8,-0.8,0.08641073297370003
847,fmpd_prob,-10,-1,0.02748633611151034
847,raoq_fund,-10,-1,0.02748633611151034
847,cwm_pc1,-2,-0.2,0.8064959405073402
847,cwm_pc2,-2,-0.2,0.8064959405073402
847,pd_prob_mctavish,10,1,0.02748633611151034
847,mpd_prob_mctavish,6,0.6,0.2206713619198468
848,corrected_richness,10,1,0.02748633611151034
848,shannon,10,1,0.02748633611151034
848,inv_simpson,10,1,0.02748633611151034
848,trait_volume,-10,-1,0.02748633611151034
848,trait_dispersion,-10,-1,0.02748633611151034
848,rao_q,-10,-1,0.02748633611151034
848,feve,6,0.6,0.2206713619198468
848,fdiv,4,0.4,0.4624327264504763
848,fric_prob,-4,-0.4,0.4624327264504763
848,fdiv_fund,-4,-0.4,0.4624327264504763
848,feve_fund,-10,-1,0.02748633611151034
848,fdis_prob,-10,-1,0.02748633611151034
848,fmpd_prob,-10,-1,0.02748633611151034
848,raoq_fund,-10,-1,0.02748633611151034
848,cwm_pc1,-8,-0.8,0.08641073297370003
848,cwm_pc2,-4,-0.4,0.4624327264504763
848,pd_prob_mctavish,10,1,0.02748633611151034
848,mpd_prob_mctavish,6,0.6,0.2206713619198468
849,corrected_richness,10,1,0.02748633611151034
849,shannon,10,1,0.02748633611151034
849,inv_simpson,10,1,0.02748633611151034
849,trait_volume,-10,-1,0.02748633611151034
849,trait_dispersion,-10,-1,0.02748633611151034
849,rao_q,-10,-1,0.02748633611151034
849,feve,8,0.8,0.08641073297370003
849,fdiv,6,0.6,0.2206713619198468
849,fric_prob,-4,-0.4,0.4624327264504763
849,fdiv_fund,-4,-0.4,0.4624327264504763
849,feve_fund,-10,-1,0.02748633611151034
849,fdis_prob,-8,-0.8,0.08641073297370003
849,fmpd_prob,-10,-1,0.02748633611151034
849,raoq_fund,-8,-0.8,0.08641073297370003
849,cwm_pc1,-6,-0.6,0.2206713619198468
849,cwm_pc2,-6,-0.6,0.2206713619198468
849,pd_prob_mctavish,10,1,0.02748633611151034
849,mpd_prob_mctavish,6,0.6,0.2206713619198468
850,corrected_richness,10,1,0.02748633611151034
850,shannon,10,1,0.02748633611151034
850,inv_simpson,10,1,0.02748633611151034
850,trait_volume,-10,-1,0.02748633611151034
850,trait_dispersion,-10,-1,0.02748633611151034
850,rao_q,-10,-1,0.02748633611151034
850,feve,8,0.8,0.08641073297370003
850,fdiv,6,0.6,0.2206713619198468
850,fric_prob,-6,-0.6,0.2206713619198468
850,fdiv_fund,-6,-0.6,0.2206713619198468
850,feve_fund,-10,-1,0.02748633611151034
850,fdis_prob,-10,-1,0.02748633611151034
850,fmpd_prob,-10,-1,0.02748633611151034
850,raoq_fund,-10,-1,0.02748633611151034
850,cwm_pc1,-4,-0.4,0.4624327264504763
850,cwm_pc2,0,0,1
850,pd_prob_mctavish,10,1,0.02748633611151034
850,mpd_prob_mctavish,6,0.6,0.2206713619198468
851,corrected_richness,10,1,0.02748633611151034
851,shannon,10,1,0.02748633611151034
851,inv_simpson,10,1,0.02748633611151034
851,trait_volume,-10,-1,0.02748633611151034
851,trait_dispersion,-8,-0.8,0.08641073297370003
851,rao_q,-10,-1,0.02748633611151034
851,feve,4,0.4,0.4624327264504763
851,fdiv,8,0.8,0.08641073297370003
851,fric_prob,8,0.8,0.08641073297370003
851,fdiv_fund,2,0.2,0.8064959405073402
851,feve_fund,-10,-1,0.02748633611151034
851,fdis_prob,-4,-0.4,0.4624327264504763
851,fmpd_prob,-10,-1,0.02748633611151034
851,raoq_fund,-4,-0.4,0.4624327264504763
851,cwm_pc1,-10,-1,0.02748633611151034
851,cwm_pc2,10,1,0.02748633611151034
851,pd_prob_mctavish,10,1,0.02748633611151034
851,mpd_prob_mctavish,6,0.6,0.2206713619198468
855,corrected_richness,10,1,0.02748633611151034
855,shannon,10,1,0.02748633611151034
855,inv_simpson,10,1,0.02748633611151034
855,trait_volume,-10,-1,0.02748633611151034
855,trait_dispersion,-8,-0.8,0.08641073297370003
855,rao_q,-10,-1,0.02748633611151034
855,feve,8,0.8,0.08641073297370003
855,fdiv,8,0.8,0.08641073297370003
855,fric_prob,2,0.2,0.8064959405073402
855,fdiv_fund,-6,-0.6,0.2206713619198468
855,feve_fund,-10,-1,0.02748633611151034
855,fdis_prob,-8,-0.8,0.08641073297370003
855,fmpd_prob,-10,-1,0.02748633611151034
855,raoq_fund,-8,-0.8,0.08641073297370003
855,cwm_pc1,-10,-1,0.02748633611151034
855,cwm_pc2,10,1,0.02748633611151034
855,pd_prob_mctavish,10,1,0.02748633611151034
855,mpd_prob_mctavish,6,0.6,0.2206713619198468
856,corrected_richness,10,1,0.02748633611151034
856,shannon,10,1,0.02748633611151034
856,inv_simpson,10,1,0.02748633611151034
856,trait_volume,-10,-1,0.02748633611151034
856,trait_dispersion,-8,-0.8,0.08641073297370003
856,rao_q,-10,-1,0.02748633611151034
856,feve,8,0.8,0.08641073297370003
856,fdiv,8,0.8,0.08641073297370003
856,fric_prob,5,0.5,0.3122163883433193
856,fdiv_fund,-2,-0.2,0.8064959405073402
856,feve_fund,-10,-1,0.02748633611151034
856,fdis_prob,-8,-0.8,0.08641073297370003
856,fmpd_prob,-10,-1,0.02748633611151034
856,raoq_fund,-8,-0.8,0.08641073297370003
856,cwm_pc1,-10,-1,0.02748633611151034
856,cwm_pc2,10,1,0.02748633611151034
856,pd_prob_mctavish,10,1,0.02748633611151034
856,mpd_prob_mctavish,6,0.6,0.2206713619198468
857,corrected_richness,10,1,0.02748633611151034
857,shannon,10,1,0.02748633611151034
857,inv_simpson,10,1,0.02748633611151034
857,trait_volume,-10,-1,0.02748633611151034
857,trait_dispersion,-8,-0.8,0.08641073297370003
857,rao_q,-10,-1,0.02748633611151034
857,feve,10,1,0.02748633611151034
857,fdiv,8,0.8,0.08641073297370003
857,fric_prob,-8,-0.8,0.06757726305587056
857,fdiv_fund,0,0,1
857,feve_fund,-10,-1,0.02748633611151034
857,fdis_prob,-4,-0.4,0.4624327264504763
857,fmpd_prob,-10,-1,0.02748633611151034
857,raoq_fund,-8,-0.8,0.08641073297370003
857,cwm_pc1,-8,-0.8,0.08641073297370003
857,cwm_pc2,8,0.8,0.08641073297370003
857,pd_prob_mctavish,10,1,0.02748633611151034
857,mpd_prob_mctavish,6,0.6,0.2206713619198468
858,corrected_richness,10,1,0.02748633611151034
858,shannon,10,1,0.02748633611151034
858,inv_simpson,10,1,0.02748633611151034
858,trait_volume,-10,-1,0.02748633611151034
858,trait_dispersion,-10,-1,0.02748633611151034
858,rao_q,-10,-1,0.02748633611151034
858,feve,10,1,0.02748633611151034
858,fdiv,4,0.4,0.4624327264504763
858,fric_prob,-6,-0.6,0.2206713619198468
858,fdiv_fund,-4,-0.4,0.4624327264504763
858,feve_fund,-10,-1,0.02748633611151034
858,fdis_prob,-8,-0.8,0.08641073297370003
858,fmpd_prob,-10,-1,0.02748633611151034
858,raoq_fund,-10,-1,0.02748633611151034
858,cwm_pc1,-8,-0.8,0.08641073297370003
858,cwm_pc2,10,1,0.02748633611151034
858,pd_prob_mctavish,10,1,0.02748633611151034
858,mpd_prob_mctavish,6,0.6,0.2206713619198468
859,corrected_richness,10,1,0.02748633611151034
859,shannon,10,1,0.02748633611151034
859,inv_simpson,10,1,0.02748633611151034
859,trait_volume,-10,-1,0.02748633611151034
859,trait_dispersion,-10,-1,0.02748633611151034
859,rao_q,-10,-1,0.02748633611151034
859,feve,8,0.8,0.08641073297370003
859,fdiv,8,0.8,0.08641073297370003
859,fric_prob,-5,-0.5,0.3122163883433193
859,fdiv_fund,-2,-0.2,0.8064959405073402
859,feve_fund,-10,-1,0.02748633611151034
859,fdis_prob,-8,-0.8,0.08641073297370003
859,fmpd_prob,-10,-1,0.02748633611151034
859,raoq_fund,-8,-0.8,0.08641073297370003
859,cwm_pc1,-10,-1,0.02748633611151034
859,cwm_pc2,10,1,0.02748633611151034
859,pd_prob_mctavish,10,1,0.02748633611151034
859,mpd_prob_mctavish,6,0.6,0.2206713619198468
860,corrected_richness,10,1,0.02748633611151034
860,shannon,10,1,0.02748633611151034
860,inv_simpson,10,1,0.02748633611151034
860,trait_volume,-10,-1,0.02748633611151034
860,trait_dispersion,-10,-1,0.02748633611151034
860,rao_q,-10,-1,0.02748633611151034
860,feve,8,0.8,0.08641073297370003
860,fdiv,8,0.8,0.08641073297370003
860,fric_prob,-7,-0.7,0.1295513529044088
860,fdiv_fund,-2,-0.2,0.8064959405073402
860,feve_fund,-10,-1,0.02748633611151034
860,fdis_prob,-8,-0.8,0.08641073297370003
860,fmpd_prob,-10,-1,0.02748633611151034
860,raoq_fund,-8,-0.8,0.08641073297370003
860,cwm_pc1,-10,-1,0.02748633611151034
860,cwm_pc2,10,1,0.02748633611151034
860,pd_prob_mctavish,10,1,0.02748633611151034
860,mpd_prob_mctavish,6,0.6,0.2206713619198468
876,corrected_richness,10,1,0.02748633611151034
876,shannon,10,1,0.02748633611151034
876,inv_simpson,10,1,0.02748633611151034
876,trait_volume,-6,-0.6,0.2206713619198468
876,trait_dispersion,-8,-0.8,0.08641073297370003
876,rao_q,-6,-0.6,0.2206713619198468
876,feve,4,0.4,0.4624327264504763
876,fdiv,-4,-0.4,0.4624327264504763
876,fric_prob,10,1,0.02748633611151034
876,fdiv_fund,10,1,0.02748633611151034
876,feve_fund,-2,-0.2,0.8064959405073402
876,fdis_prob,-2,-0.2,0.8064959405073402
876,fmpd_prob,-6,-0.6,0.2206713619198468
876,raoq_fund,-4,-0.4,0.4624327264504763
876,cwm_pc1,6,0.6,0.2206713619198468
876,cwm_pc2,8,0.8,0.08641073297370003
876,pd_prob_mctavish,10,1,0.02748633611151034
876,mpd_prob_mctavish,8,0.8,0.08641073297370003
877,corrected_richness,10,1,0.02748633611151034
877,shannon,10,1,0.02748633611151034
877,inv_simpson,10,1,0.02748633611151034
877,trait_volume,-10,-1,0.02748633611151034
877,trait_dispersion,-2,-0.2,0.8064959405073402
877,rao_q,-8,-0.8,0.08641073297370003
877,feve,10,1,0.02748633611151034
877,fdiv,-4,-0.4,0.4624327264504763
877,fric_prob,10,1,0.02748633611151034
877,fdiv_fund,10,1,0.02748633611151034
877,feve_fund,-10,-1,0.02748633611151034
877,fdis_prob,-2,-0.2,0.8064959405073402
877,fmpd_prob,-8,-0.8,0.08641073297370003
877,raoq_fund,-2,-0.2,0.8064959405073402
877,cwm_pc1,-6,-0.6,0.2206713619198468
877,cwm_pc2,10,1,0.02748633611151034
877,pd_prob_mctavish,10,1,0.02748633611151034
877,mpd_prob_mctavish,8,0.8,0.08641073297370003
878,corrected_richness,10,1,0.02748633611151034
878,shannon,10,1,0.02748633611151034
878,inv_simpson,10,1,0.02748633611151034
878,trait_volume,-8,-0.8,0.08641073297370003
878,trait_dispersion,-4,-0.4,0.4624327264504763
878,rao_q,-8,-0.8,0.08641073297370003
878,feve,10,1,0.02748633611151034
878,fdiv,-4,-0.4,0.4624327264504763
878,fric_prob,10,1,0.02748633611151034
878,fdiv_fund,10,1,0.02748633611151034
878,feve_fund,-8,-0.8,0.08641073297370003
878,fdis_prob,0,0,1
878,fmpd_prob,-8,-0.8,0.08641073297370003
878,raoq_fund,0,0,1
878,cwm_pc1,-10,-1,0.02748633611151034
878,cwm_pc2,10,1,0.02748633611151034
878,pd_prob_mctavish,10,1,0.02748633611151034
878,mpd_prob_mctavish,8,0.8,0.08641073297370003
879,corrected_richness,10,1,0.02748633611151034
879,shannon,10,1,0.02748633611151034
879,inv_simpson,10,1,0.02748633611151034
879,trait_volume,-10,-1,0.02748633611151034
879,trait_dispersion,-8,-0.8,0.08641073297370003
879,rao_q,-8,-0.8,0.08641073297370003
879,feve,10,1,0.02748633611151034
879,fdiv,-4,-0.4,0.4624327264504763
879,fric_prob,10,1,0.02748633611151034
879,fdiv_fund,10,1,0.02748633611151034
879,feve_fund,-10,-1,0.02748633611151034
879,fdis_prob,0,0,1
879,fmpd_prob,-10,-1,0.02748633611151034
879,raoq_fund,-2,-0.2,0.8064959405073402
879,cwm_pc1,-10,-1,0.02748633611151034
879,cwm_pc2,10,1,0.02748633611151034
879,pd_prob_mctavish,10,1,0.02748633611151034
879,mpd_prob_mctavish,8,0.8,0.08641073297370003
881,corrected_richness,10,1,0.02748633611151034
881,shannon,10,1,0.02748633611151034
881,inv_simpson,10,1,0.02748633611151034
881,trait_volume,-10,-1,0.02748633611151034
881,trait_dispersion,-4,-0.4,0.4624327264504763
881,rao_q,-10,-1,0.02748633611151034
881,feve,10,1,0.02748633611151034
881,fdiv,-4,-0.4,0.4624327264504763
881,fric_prob,10,1,0.02748633611151034
881,fdiv_fund,10,1,0.02748633611151034
881,feve_fund,-8,-0.8,0.08641073297370003
881,fdis_prob,2,0.2,0.8064959405073402
881,fmpd_prob,-10,-1,0.02748633611151034
881,raoq_fund,0,0,1
881,cwm_pc1,-10,-1,0.02748633611151034
881,cwm_pc2,10,1,0.02748633611151034
881,pd_prob_mctavish,10,1,0.02748633611151034
881,mpd_prob_mctavish,8,0.8,0.08641073297370003
882,corrected_richness,10,1,0.02748633611151034
882,shannon,10,1,0.02748633611151034
882,inv_simpson,10,1,0.02748633611151034
882,trait_volume,-10,-1,0.02748633611151034
882,trait_dispersion,-6,-0.6,0.2206713619198468
882,rao_q,-10,-1,0.02748633611151034
882,feve,10,1,0.02748633611151034
882,fdiv,-6,-0.6,0.2206713619198468
882,fric_prob,10,1,0.02748633611151034
882,fdiv_fund,10,1,0.02748633611151034
882,feve_fund,-10,-1,0.02748633611151034
882,fdis_prob,2,0.2,0.8064959405073402
882,fmpd_prob,-10,-1,0.02748633611151034
882,raoq_fund,2,0.2,0.8064959405073402
882,cwm_pc1,-10,-1,0.02748633611151034
882,cwm_pc2,10,1,0.02748633611151034
882,pd_prob_mctavish,10,1,0.02748633611151034
882,mpd_prob_mctavish,8,0.8,0.08641073297370003
883,corrected_richness,10,1,0.02748633611151034
883,shannon,10,1,0.02748633611151034
883,inv_simpson,10,1,0.02748633611151034
883,trait_volume,-10,-1,0.02748633611151034
883,trait_dispersion,-8,-0.8,0.08641073297370003
883,rao_q,-10,-1,0.02748633611151034
883,feve,10,1,0.02748633611151034
883,fdiv,-4,-0.4,0.4624327264504763
883,fric_prob,9,0.9,0.04326272780691068
883,fdiv_fund,-4,-0.4,0.4624327264504763
883,feve_fund,-10,-1,0.02748633611151034
883,fdis_prob,-6,-0.6,0.2206713619198468
883,fmpd_prob,-10,-1,0.02748633611151034
883,raoq_fund,-6,-0.6,0.2206713619198468
883,cwm_pc1,-8,-0.8,0.08641073297370003
883,cwm_pc2,10,1,0.02748633611151034
883,pd_prob_mctavish,10,1,0.02748633611151034
883,mpd_prob_mctavish,8,0.8,0.08641073297370003
884,corrected_richness,10,1,0.02748633611151034
884,shannon,10,1,0.02748633611151034
884,inv_simpson,10,1,0.02748633611151034
884,trait_volume,-10,-1,0.02748633611151034
884,trait_dispersion,0,0,1
884,rao_q,-8,-0.8,0.08641073297370003
884,feve,10,1,0.02748633611151034
884,fdiv,-6,-0.6,0.2206713619198468
884,fric_prob,10,1,0.02748633611151034
884,fdiv_fund,10,1,0.02748633611151034
884,feve_fund,-10,-1,0.02748633611151034
884,fdis_prob,4,0.4,0.4624327264504763
884,fmpd_prob,-10,-1,0.02748633611151034
884,raoq_fund,-4,-0.4,0.4624327264504763
884,cwm_pc1,-10,-1,0.02748633611151034
884,cwm_pc2,10,1,0.02748633611151034
884,pd_prob_mctavish,10,1,0.02748633611151034
884,mpd_prob_mctavish,10,1,0.02748633611151034
885,corrected_richness,10,1,0.02748633611151034
885,shannon,10,1,0.02748633611151034
885,inv_simpson,10,1,0.02748633611151034
885,trait_volume,-10,-1,0.02748633611151034
885,trait_dispersion,-10,-1,0.02748633611151034
885,rao_q,-10,-1,0.02748633611151034
885,feve,10,1,0.02748633611151034
885,fdiv,-6,-0.6,0.2206713619198468
885,fric_prob,10,1,0.02748633611151034
885,fdiv_fund,8,0.8,0.08641073297370003
885,feve_fund,-10,-1,0.02748633611151034
885,fdis_prob,-4,-0.4,0.4624327264504763
885,fmpd_prob,-10,-1,0.02748633611151034
885,raoq_fund,-10,-1,0.02748633611151034
885,cwm_pc1,-10,-1,0.02748633611151034
885,cwm_pc2,10,1,0.02748633611151034
885,pd_prob_mctavish,10,1,0.02748633611151034
885,mpd_prob_mctavish,10,1,0.02748633611151034
916,corrected_richness,10,1,0.02748633611151034
916,shannon,10,1,0.02748633611151034
916,inv_simpson,10,1,0.02748633611151034
916,trait_volume,-8,-0.8,0.08641073297370003
916,trait_dispersion,-10,-1,0.02748633611151034
916,rao_q,-10,-1,0.02748633611151034
916,feve,8,0.8,0.08641073297370003
916,fdiv,6,0.6,0.2206713619198468
916,fric_prob,4,0.4,0.4624327264504763
916,fdiv_fund,2,0.2,0.8064959405073402
916,feve_fund,-10,-1,0.02748633611151034
916,fdis_prob,-4,-0.4,0.4624327264504763
916,fmpd_prob,-10,-1,0.02748633611151034
916,raoq_fund,-4,-0.4,0.4624327264504763
916,cwm_pc1,-8,-0.8,0.08641073297370003
916,cwm_pc2,6,0.6,0.2206713619198468
916,pd_prob_mctavish,10,1,0.02748633611151034
916,mpd_prob_mctavish,-2,-0.2,0.8064959405073402
917,corrected_richness,10,1,0.02748633611151034
917,shannon,10,1,0.02748633611151034
917,inv_simpson,10,1,0.02748633611151034
917,trait_volume,-8,-0.8,0.08641073297370003
917,trait_dispersion,-10,-1,0.02748633611151034
917,rao_q,-10,-1,0.02748633611151034
917,feve,8,0.8,0.08641073297370003
917,fdiv,8,0.8,0.08641073297370003
917,fric_prob,6,0.6,0.2206713619198468
917,fdiv_fund,0,0,1
917,feve_fund,-10,-1,0.02748633611151034
917,fdis_prob,-4,-0.4,0.4624327264504763
917,fmpd_prob,-10,-1,0.02748633611151034
917,raoq_fund,-4,-0.4,0.4624327264504763
917,cwm_pc1,-8,-0.8,0.08641073297370003
917,cwm_pc2,8,0.8,0.08641073297370003
917,pd_prob_mctavish,10,1,0.02748633611151034
917,mpd_prob_mctavish,0,0,1
918,corrected_richness,10,1,0.02748633611151034
918,shannon,10,1,0.02748633611151034
918,inv_simpson,10,1,0.02748633611151034
918,trait_volume,-6,-0.6,0.2206713619198468
918,trait_dispersion,-8,-0.8,0.08641073297370003
918,rao_q,-6,-0.6,0.2206713619198468
918,feve,4,0.4,0.4624327264504763
918,fdiv,4,0.4,0.4624327264504763
918,fric_prob,4,0.4,0.4624327264504763
918,fdiv_fund,-4,-0.4,0.4624327264504763
918,feve_fund,-8,-0.8,0.08641073297370003
918,fdis_prob,-4,-0.4,0.4624327264504763
918,fmpd_prob,-8,-0.8,0.08641073297370003
918,raoq_fund,-4,-0.4,0.4624327264504763
918,cwm_pc1,-4,-0.4,0.4624327264504763
918,cwm_pc2,8,0.8,0.08641073297370003
918,pd_prob_mctavish,10,1,0.02748633611151034
918,mpd_prob_mctavish,6,0.6,0.2206713619198468
920,corrected_richness,10,1,0.02748633611151034
920,shannon,10,1,0.02748633611151034
920,inv_simpson,10,1,0.02748633611151034
920,trait_volume,-8,-0.8,0.08641073297370003
920,trait_dispersion,-8,-0.8,0.08641073297370003
920,rao_q,-10,-1,0.02748633611151034
920,feve,2,0.2,0.8064959405073402
920,fdiv,6,0.6,0.2206713619198468
920,fric_prob,-6,-0.6,0.2206713619198468
920,fdiv_fund,-6,-0.6,0.2206713619198468
920,feve_fund,-6,-0.6,0.2206713619198468
920,fdis_prob,-4,-0.4,0.4624327264504763
920,fmpd_prob,-10,-1,0.02748633611151034
920,raoq_fund,-6,-0.6,0.2206713619198468
920,cwm_pc1,-8,-0.8,0.08641073297370003
920,cwm_pc2,8,0.8,0.08641073297370003
920,pd_prob_mctavish,10,1,0.02748633611151034
920,mpd_prob_mctavish,6,0.6,0.2206713619198468
921,corrected_richness,10,1,0.02748633611151034
921,shannon,10,1,0.02748633611151034
921,inv_simpson,10,1,0.02748633611151034
921,trait_volume,-10,-1,0.02748633611151034
921,trait_dispersion,-10,-1,0.02748633611151034
921,rao_q,-10,-1,0.02748633611151034
921,feve,4,0.4,0.4624327264504763
921,fdiv,8,0.8,0.08641073297370003
921,fric_prob,-4,-0.4,0.4624327264504763
921,fdiv_fund,-8,-0.8,0.08641073297370003
921,feve_fund,-8,-0.8,0.08641073297370003
921,fdis_prob,-8,-0.8,0.08641073297370003
921,fmpd_prob,-10,-1,0.02748633611151034
921,raoq_fund,-8,-0.8,0.08641073297370003
921,cwm_pc1,-10,-1,0.02748633611151034
921,cwm_pc2,10,1,0.02748633611151034
921,pd_prob_mctavish,10,1,0.02748633611151034
921,mpd_prob_mctavish,6,0.6,0.2206713619198468
922,corrected_richness,10,1,0.02748633611151034
922,shannon,10,1,0.02748633611151034
922,inv_simpson,10,1,0.02748633611151034
922,trait_volume,-10,-1,0.02748633611151034
922,trait_dispersion,-10,-1,0.02748633611151034
922,rao_q,-10,-1,0.02748633611151034
922,feve,4,0.4,0.4624327264504763
922,fdiv,6,0.6,0.2206713619198468
922,fric_prob,2,0.2,0.8064959405073402
922,fdiv_fund,-4,-0.4,0.4624327264504763
922,feve_fund,-10,-1,0.02748633611151034
922,fdis_prob,-8,-0.8,0.08641073297370003
922,fmpd_prob,-10,-1,0.02748633611151034
922,raoq_fund,-10,-1,0.02748633611151034
922,cwm_pc1,-8,-0.8,0.08641073297370003
922,cwm_pc2,10,1,0.02748633611151034
922,pd_prob_mctavish,10,1,0.02748633611151034
922,mpd_prob_mctavish,2,0.2,0.8064959405073402
923,corrected_richness,10,1,0.02748633611151034
923,shannon,10,1,0.02748633611151034
923,inv_simpson,10,1,0.02748633611151034
923,trait_volume,-10,-1,0.02748633611151034
923,trait_dispersion,-10,-1,0.02748633611151034
923,rao_q,-10,-1,0.02748633611151034
923,feve,8,0.8,0.08641073297370003
923,fdiv,8,0.8,0.08641073297370003
923,fric_prob,-2,-0.2,0.8064959405073402
923,fdiv_fund,-4,-0.4,0.4624327264504763
923,feve_fund,-10,-1,0.02748633611151034
923,fdis_prob,-8,-0.8,0.08641073297370003
923,fmpd_prob,-10,-1,0.02748633611151034
923,raoq_fund,-8,-0.8,0.08641073297370003
923,cwm_pc1,-2,-0.2,0.8064959405073402
923,cwm_pc2,2,0.2,0.8064959405073402
923,pd_prob_mctavish,10,1,0.02748633611151034
923,mpd_prob_mctavish,6,0.6,0.2206713619198468
927,corrected_richness,10,1,0.02748633611151034
927,shannon,10,1,0.02748633611151034
927,inv_simpson,10,1,0.02748633611151034
927,trait_volume,-10,-1,0.02748633611151034
927,trait_dispersion,-10,-1,0.02748633611151034
927,rao_q,-10,-1,0.02748633611151034
927,feve,4,0.4,0.4624327264504763
927,fdiv,4,0.4,0.4624327264504763
927,fric_prob,-2,-0.2,0.8064959405073402
927,fdiv_fund,-2,-0.2,0.8064959405073402
927,feve_fund,-10,-1,0.02748633611151034
927,fdis_prob,-10,-1,0.02748633611151034
927,fmpd_prob,-10,-1,0.02748633611151034
927,raoq_fund,-10,-1,0.02748633611151034
927,cwm_pc1,-10,-1,0.02748633611151034
927,cwm_pc2,10,1,0.02748633611151034
927,pd_prob_mctavish,10,1,0.02748633611151034
927,mpd_prob_mctavish,8,0.8,0.08641073297370003
929,corrected_richness,10,1,0.02748633611151034
929,shannon,10,1,0.02748633611151034
929,inv_simpson,10,1,0.02748633611151034
929,trait_volume,-10,-1,0.02748633611151034
929,trait_dispersion,-10,-1,0.02748633611151034
929,rao_q,-10,-1,0.02748633611151034
929,feve,6,0.6,0.2206713619198468
929,fdiv,0,0,1
929,fric_prob,-1,-0.1,1
929,fdiv_fund,-4,-0.4,0.4624327264504763
929,feve_fund,-10,-1,0.02748633611151034
929,fdis_prob,-10,-1,0.02748633611151034
929,fmpd_prob,-10,-1,0.02748633611151034
929,raoq_fund,-10,-1,0.02748633611151034
929,cwm_pc1,-2,-0.2,0.8064959405073402
929,cwm_pc2,8,0.8,0.08641073297370003
929,pd_prob_mctavish,10,1,0.02748633611151034
929,mpd_prob_mctavish,8,0.8,0.08641073297370003
931,corrected_richness,10,1,0.02748633611151034
931,shannon,10,1,0.02748633611151034
931,inv_simpson,10,1,0.02748633611151034
931,trait_volume,-10,-1,0.02748633611151034
931,trait_dispersion,-10,-1,0.02748633611151034
931,rao_q,-10,-1,0.02748633611151034
931,feve,8,0.8,0.08641073297370003
931,fdiv,4,0.4,0.4624327264504763
931,fric_prob,5,0.5,0.3122163883433193
931,fdiv_fund,2,0.2,0.8064959405073402
931,feve_fund,-8,-0.8,0.08641073297370003
931,fdis_prob,-6,-0.6,0.2206713619198468
931,fmpd_prob,-10,-1,0.02748633611151034
931,raoq_fund,-6,-0.6,0.2206713619198468
931,cwm_pc1,-8,-0.8,0.08641073297370003
931,cwm_pc2,8,0.8,0.08641073297370003
931,pd_prob_mctavish,10,1,0.02748633611151034
931,mpd_prob_mctavish,6,0.6,0.2206713619198468
947,corrected_richness,10,1,0.02748633611151034
947,shannon,10,1,0.02748633611151034
947,inv_simpson,10,1,0.02748633611151034
947,trait_volume,-4,-0.4,0.4624327264504763
947,trait_dispersion,8,0.8,0.08641073297370003
947,rao_q,0,0,1
947,feve,10,1,0.02748633611151034
947,fdiv,-8,-0.8,0.08641073297370003
947,fric_prob,8,0.8,0.08641073297370003
947,fdiv_fund,8,0.8,0.08641073297370003
947,feve_fund,-8,-0.8,0.08641073297370003
947,fdis_prob,8,0.8,0.08641073297370003
947,fmpd_prob,0,0,1
947,raoq_fund,8,0.8,0.08641073297370003
947,cwm_pc1,-10,-1,0.02748633611151034
947,cwm_pc2,10,1,0.02748633611151034
947,pd_prob_mctavish,10,1,0.02748633611151034
947,mpd_prob_mctavish,10,1,0.02748633611151034
948,corrected_richness,10,1,0.02748633611151034
948,shannon,10,1,0.02748633611151034
948,inv_simpson,10,1,0.02748633611151034
948,trait_volume,4,0.4,0.4624327264504763
948,trait_dispersion,8,0.8,0.08641073297370003
948,rao_q,6,0.6,0.2206713619198468
948,feve,10,1,0.02748633611151034
948,fdiv,-8,-0.8,0.08641073297370003
948,fric_prob,8,0.8,0.08641073297370003
948,fdiv_fund,8,0.8,0.08641073297370003
948,feve_fund,-8,-0.8,0.08641073297370003
948,fdis_prob,8,0.8,0.08641073297370003
948,fmpd_prob,4,0.4,0.4624327264504763
948,raoq_fund,6,0.6,0.2206713619198468
948,cwm_pc1,-10,-1,0.02748633611151034
948,cwm_pc2,10,1,0.02748633611151034
948,pd_prob_mctavish,10,1,0.02748633611151034
948,mpd_prob_mctavish,10,1,0.02748633611151034
949,corrected_richness,10,1,0.02748633611151034
949,shannon,10,1,0.02748633611151034
949,inv_simpson,10,1,0.02748633611151034
949,trait_volume,-8,-0.8,0.08641073297370003
949,trait_dispersion,2,0.2,0.8064959405073402
949,rao_q,-6,-0.6,0.2206713619198468
949,feve,10,1,0.02748633611151034
949,fdiv,-6,-0.6,0.2206713619198468
949,fric_prob,10,1,0.02748633611151034
949,fdiv_fund,6,0.6,0.2206713619198468
949,feve_fund,-10,-1,0.02748633611151034
949,fdis_prob,0,0,1
949,fmpd_prob,-6,-0.6,0.2206713619198468
949,raoq_fund,-2,-0.2,0.8064959405073402
949,cwm_pc1,-10,-1,0.02748633611151034
949,cwm_pc2,10,1,0.02748633611151034
949,pd_prob_mctavish,10,1,0.02748633611151034
949,mpd_prob_mctavish,10,1,0.02748633611151034
950,corrected_richness,10,1,0.02748633611151034
950,shannon,10,1,0.02748633611151034
950,inv_simpson,10,1,0.02748633611151034
950,trait_volume,-2,-0.2,0.8064959405073402
950,trait_dispersion,4,0.4,0.4624327264504763
950,rao_q,-2,-0.2,0.8064959405073402
950,feve,10,1,0.02748633611151034
950,fdiv,-8,-0.8,0.08641073297370003
950,fric_prob,8,0.8,0.08641073297370003
950,fdiv_fund,8,0.8,0.08641073297370003
950,feve_fund,-8,-0.8,0.08641073297370003
950,fdis_prob,6,0.6,0.2206713619198468
950,fmpd_prob,-2,-0.2,0.8064959405073402
950,raoq_fund,6,0.6,0.2206713619198468
950,cwm_pc1,-10,-1,0.02748633611151034
950,cwm_pc2,10,1,0.02748633611151034
950,pd_prob_mctavish,10,1,0.02748633611151034
950,mpd_prob_mctavish,10,1,0.02748633611151034
951,corrected_richness,10,1,0.02748633611151034
951,shannon,10,1,0.02748633611151034
951,inv_simpson,10,1,0.02748633611151034
951,trait_volume,-8,-0.8,0.08641073297370003
951,trait_dispersion,-2,-0.2,0.8064959405073402
951,rao_q,-8,-0.8,0.08641073297370003
951,feve,10,1,0.02748633611151034
951,fdiv,-6,-0.6,0.2206713619198468
951,fric_prob,10,1,0.02748633611151034
951,fdiv_fund,8,0.8,0.08641073297370003
951,feve_fund,-10,-1,0.02748633611151034
951,fdis_prob,4,0.4,0.4624327264504763
951,fmpd_prob,-8,-0.8,0.08641073297370003
951,raoq_fund,4,0.4,0.4624327264504763
951,cwm_pc1,-10,-1,0.02748633611151034
951,cwm_pc2,10,1,0.02748633611151034
951,pd_prob_mctavish,10,1,0.02748633611151034
951,mpd_prob_mctavish,10,1,0.02748633611151034
952,corrected_richness,10,1,0.02748633611151034
952,shannon,10,1,0.02748633611151034
952,inv_simpson,10,1,0.02748633611151034
952,trait_volume,-10,-1,0.02748633611151034
952,trait_dispersion,0,0,1
952,rao_q,-8,-0.8,0.08641073297370003
952,feve,10,1,0.02748633611151034
952,fdiv,-6,-0.6,0.2206713619198468
952,fric_prob,10,1,0.02748633611151034
952,fdiv_fund,6,0.6,0.2206713619198468
952,feve_fund,-10,-1,0.02748633611151034
952,fdis_prob,4,0.4,0.4624327264504763
952,fmpd_prob,-8,-0.8,0.08641073297370003
952,raoq_fund,2,0.2,0.8064959405073402
952,cwm_pc1,-10,-1,0.02748633611151034
952,cwm_pc2,10,1,0.02748633611151034
952,pd_prob_mctavish,10,1,0.02748633611151034
952,mpd_prob_mctavish,10,1,0.02748633611151034
953,corrected_richness,10,1,0.02748633611151034
953,shannon,10,1,0.02748633611151034
953,inv_simpson,10,1,0.02748633611151034
953,trait_volume,-6,-0.6,0.2206713619198468
953,trait_dispersion,4,0.4,0.4624327264504763
953,rao_q,-2,-0.2,0.8064959405073402
953,feve,10,1,0.02748633611151034
953,fdiv,-6,-0.6,0.2206713619198468
953,fric_prob,10,1,0.02748633611151034
953,fdiv_fund,6,0.6,0.2206713619198468
953,feve_fund,-10,-1,0.02748633611151034
953,fdis_prob,0,0,1
953,fmpd_prob,-2,-0.2,0.8064959405073402
953,raoq_fund,-2,-0.2,0.8064959405073402
953,cwm_pc1,-10,-1,0.02748633611151034
953,cwm_pc2,10,1,0.02748633611151034
953,pd_prob_mctavish,10,1,0.02748633611151034
953,mpd_prob_mctavish,10,1,0.02748633611151034
955,corrected_richness,10,1,0.02748633611151034
955,shannon,10,1,0.02748633611151034
955,inv_simpson,10,1,0.02748633611151034
955,trait_volume,0,0,1
955,trait_dispersion,6,0.6,0.2206713619198468
955,rao_q,4,0.4,0.4624327264504763
955,feve,10,1,0.02748633611151034
955,fdiv,-7,-0.7,0.09609232945567332
955,fric_prob,0,0,1
955,fdiv_fund,4,0.4,0.4624327264504763
955,feve_fund,-8,-0.8,0.08641073297370003
955,fdis_prob,2,0.2,0.8064959405073402
955,fmpd_prob,4,0.4,0.4624327264504763
955,raoq_fund,0,0,1
955,cwm_pc1,-10,-1,0.02748633611151034
955,cwm_pc2,8,0.8,0.08641073297370003
955,pd_prob_mctavish,10,1,0.02748633611151034
955,mpd_prob_mctavish,10,1,0.02748633611151034
956,corrected_richness,10,1,0.02748633611151034
956,shannon,10,1,0.02748633611151034
956,inv_simpson,10,1,0.02748633611151034
956,trait_volume,-2,-0.2,0.8064959405073402
956,trait_dispersion,6,0.6,0.2206713619198468
956,rao_q,2,0.2,0.8064959405073402
956,feve,10,1,0.02748633611151034
956,fdiv,-8,-0.8,0.08641073297370003
956,fric_prob,0,0,1
956,fdiv_fund,4,0.4,0.4624327264504763
956,feve_fund,-8,-0.8,0.08641073297370003
956,fdis_prob,4,0.4,0.4624327264504763
956,fmpd_prob,2,0.2,0.8064959405073402
956,raoq_fund,0,0,1
956,cwm_pc1,-10,-1,0.02748633611151034
956,cwm_pc2,8,0.8,0.08641073297370003
956,pd_prob_mctavish,10,1,0.02748633611151034
956,mpd_prob_mctavish,10,1,0.02748633611151034
985,corrected_richness,10,1,0.02748633611151034
985,shannon,10,1,0.02748633611151034
985,inv_simpson,10,1,0.02748633611151034
985,trait_volume,-8,-0.8,0.08641073297370003
985,trait_dispersion,-10,-1,0.02748633611151034
985,rao_q,-10,-1,0.02748633611151034
985,feve,6,0.6,0.2206713619198468
985,fdiv,0,0,1
985,fric_prob,2,0.2,0.8064959405073402
985,fdiv_fund,-4,-0.4,0.4624327264504763
985,feve_fund,-10,-1,0.02748633611151034
985,fdis_prob,-6,-0.6,0.2206713619198468
985,fmpd_prob,-10,-1,0.02748633611151034
985,raoq_fund,-6,-0.6,0.2206713619198468
985,cwm_pc1,-6,-0.6,0.2206713619198468
985,cwm_pc2,6,0.6,0.2206713619198468
985,pd_prob_mctavish,10,1,0.02748633611151034
985,mpd_prob_mctavish,6,0.6,0.2206713619198468
986,corrected_richness,10,1,0.02748633611151034
986,shannon,10,1,0.02748633611151034
986,inv_simpson,10,1,0.02748633611151034
986,trait_volume,-8,-0.8,0.08641073297370003
986,trait_dispersion,-10,-1,0.02748633611151034
986,rao_q,-8,-0.8,0.08641073297370003
986,feve,6,0.6,0.2206713619198468
986,fdiv,0,0,1
986,fric_prob,2,0.2,0.8064959405073402
986,fdiv_fund,2,0.2,0.8064959405073402
986,feve_fund,-10,-1,0.02748633611151034
986,fdis_prob,-4,-0.4,0.4624327264504763
986,fmpd_prob,-10,-1,0.02748633611151034
986,raoq_fund,-6,-0.6,0.2206713619198468
986,cwm_pc1,-6,-0.6,0.2206713619198468
986,cwm_pc2,10,1,0.02748633611151034
986,pd_prob_mctavish,10,1,0.02748633611151034
986,mpd_prob_mctavish,6,0.6,0.2206713619198468
987,corrected_richness,10,1,0.02748633611151034
987,shannon,10,1,0.02748633611151034
987,inv_simpson,10,1,0.02748633611151034
987,trait_volume,-8,-0.8,0.08641073297370003
987,trait_dispersion,-10,-1,0.02748633611151034
987,rao_q,-8,-0.8,0.08641073297370003
987,feve,6,0.6,0.2206713619198468
987,fdiv,2,0.2,0.8064959405073402
987,fric_prob,4,0.4,0.4624327264504763
987,fdiv_fund,0,0,1
987,feve_fund,-8,-0.8,0.08641073297370003
987,fdis_prob,-4,-0.4,0.4624327264504763
987,fmpd_prob,-8,-0.8,0.08641073297370003
987,raoq_fund,-4,-0.4,0.4624327264504763
987,cwm_pc1,-10,-1,0.02748633611151034
987,cwm_pc2,8,0.8,0.08641073297370003
987,pd_prob_mctavish,10,1,0.02748633611151034
987,mpd_prob_mctavish,6,0.6,0.2206713619198468
988,corrected_richness,10,1,0.02748633611151034
988,shannon,10,1,0.02748633611151034
988,inv_simpson,10,1,0.02748633611151034
988,trait_volume,-8,-0.8,0.08641073297370003
988,trait_dispersion,-8,-0.8,0.08641073297370003
988,rao_q,-10,-1,0.02748633611151034
988,feve,4,0.4,0.4624327264504763
988,fdiv,6,0.6,0.2206713619198468
988,fric_prob,0,0,1
988,fdiv_fund,-2,-0.2,0.8064959405073402
988,feve_fund,-10,-1,0.02748633611151034
988,fdis_prob,-4,-0.4,0.4624327264504763
988,fmpd_prob,-10,-1,0.02748633611151034
988,raoq_fund,-6,-0.6,0.2206713619198468
988,cwm_pc1,-10,-1,0.02748633611151034
988,cwm_pc2,10,1,0.02748633611151034
988,pd_prob_mctavish,10,1,0.02748633611151034
988,mpd_prob_mctavish,4,0.4,0.4624327264504763
989,corrected_richness,10,1,0.02748633611151034
989,shannon,10,1,0.02748633611151034
989,inv_simpson,10,1,0.02748633611151034
989,trait_volume,-8,-0.8,0.08641073297370003
989,trait_dispersion,-8,-0.8,0.08641073297370003
989,rao_q,-10,-1,0.02748633611151034
989,feve,4,0.4,0.4624327264504763
989,fdiv,4,0.4,0.4624327264504763
989,fric_prob,2,0.2,0.8064959405073402
989,fdiv_fund,-4,-0.4,0.4624327264504763
989,feve_fund,-10,-1,0.02748633611151034
989,fdis_prob,-4,-0.4,0.4624327264504763
989,fmpd_prob,-10,-1,0.02748633611151034
989,raoq_fund,-6,-0.6,0.2206713619198468
989,cwm_pc1,-2,-0.2,0.8064959405073402
989,cwm_pc2,4,0.4,0.4624327264504763
989,pd_prob_mctavish,10,1,0.02748633611151034
989,mpd_prob_mctavish,6,0.6,0.2206713619198468
991,corrected_richness,10,1,0.02748633611151034
991,shannon,10,1,0.02748633611151034
991,inv_simpson,10,1,0.02748633611151034
991,trait_volume,-10,-1,0.02748633611151034
991,trait_dispersion,-8,-0.8,0.08641073297370003
991,rao_q,-10,-1,0.02748633611151034
991,feve,4,0.4,0.4624327264504763
991,fdiv,6,0.6,0.2206713619198468
991,fric_prob,-2,-0.2,0.8064959405073402
991,fdiv_fund,-6,-0.6,0.2206713619198468
991,feve_fund,-8,-0.8,0.08641073297370003
991,fdis_prob,-6,-0.6,0.2206713619198468
991,fmpd_prob,-10,-1,0.02748633611151034
991,raoq_fund,-6,-0.6,0.2206713619198468
991,cwm_pc1,0,0,1
991,cwm_pc2,-2,-0.2,0.8064959405073402
991,pd_prob_mctavish,10,1,0.02748633611151034
991,mpd_prob_mctavish,4,0.4,0.4624327264504763
992,corrected_richness,10,1,0.02748633611151034
992,shannon,10,1,0.02748633611151034
992,inv_simpson,10,1,0.02748633611151034
992,trait_volume,-10,-1,0.02748633611151034
992,trait_dispersion,-8,-0.8,0.08641073297370003
992,rao_q,-10,-1,0.02748633611151034
992,feve,4,0.4,0.4624327264504763
992,fdiv,6,0.6,0.2206713619198468
992,fric_prob,-4,-0.4,0.4624327264504763
992,fdiv_fund,-6,-0.6,0.2206713619198468
992,feve_fund,-8,-0.8,0.08641073297370003
992,fdis_prob,-10,-1,0.02748633611151034
992,fmpd_prob,-10,-1,0.02748633611151034
992,raoq_fund,-8,-0.8,0.08641073297370003
992,cwm_pc1,-8,-0.8,0.08641073297370003
992,cwm_pc2,8,0.8,0.08641073297370003
992,pd_prob_mctavish,10,1,0.02748633611151034
992,mpd_prob_mctavish,4,0.4,0.4624327264504763
993,corrected_richness,10,1,0.02748633611151034
993,shannon,10,1,0.02748633611151034
993,inv_simpson,10,1,0.02748633611151034
993,trait_volume,-10,-1,0.02748633611151034
993,trait_dispersion,-8,-0.8,0.08641073297370003
993,rao_q,-10,-1,0.02748633611151034
993,feve,4,0.4,0.4624327264504763
993,fdiv,6,0.6,0.2206713619198468
993,fric_prob,0,0,1
993,fdiv_fund,-4,-0.4,0.4624327264504763
993,feve_fund,-8,-0.8,0.08641073297370003
993,fdis_prob,-10,-1,0.02748633611151034
993,fmpd_prob,-10,-1,0.02748633611151034
993,raoq_fund,-8,-0.8,0.08641073297370003
993,cwm_pc1,-4,-0.4,0.4624327264504763
993,cwm_pc2,4,0.4,0.4624327264504763
993,pd_prob_mctavish,10,1,0.02748633611151034
993,mpd_prob_mctavish,4,0.4,0.4624327264504763
994,corrected_richness,10,1,0.02748633611151034
994,shannon,10,1,0.02748633611151034
994,inv_simpson,10,1,0.02748633611151034
994,trait_volume,-10,-1,0.02748633611151034
994,trait_dispersion,-10,-1,0.02748633611151034
994,rao_q,-10,-1,0.02748633611151034
994,feve,8,0.8,0.08641073297370003
994,fdiv,6,0.6,0.2206713619198468
994,fric_prob,1,0.1,1
994,fdiv_fund,0,0,1
994,feve_fund,-8,-0.8,0.08641073297370003
994,fdis_prob,-10,-1,0.02748633611151034
994,fmpd_prob,-10,-1,0.02748633611151034
994,raoq_fund,-10,-1,0.02748633611151034
994,cwm_pc1,-10,-1,0.02748633611151034
994,cwm_pc2,8,0.8,0.08641073297370003
994,pd_prob_mctavish,10,1,0.02748633611151034
994,mpd_prob_mctavish,4,0.4,0.4624327264504763
995,corrected_richness,10,1,0.02748633611151034
995,shannon,10,1,0.02748633611151034
995,inv_simpson,10,1,0.02748633611151034
995,trait_volume,-10,-1,0.02748633611151034
995,trait_dispersion,-10,-1,0.02748633611151034
995,rao_q,-10,-1,0.02748633611151034
995,feve,10,1,0.02748633611151034
995,fdiv,6,0.6,0.2206713619198468
995,fric_prob,-6,-0.6,0.2206713619198468
995,fdiv_fund,-6,-0.6,0.2206713619198468
995,feve_fund,-8,-0.8,0.08641073297370003
995,fdis_prob,-10,-1,0.02748633611151034
995,fmpd_prob,-10,-1,0.02748633611151034
995,raoq_fund,-10,-1,0.02748633611151034
995,cwm_pc1,-6,-0.6,0.2206713619198468
995,cwm_pc2,10,1,0.02748633611151034
995,pd_prob_mctavish,10,1,0.02748633611151034
995,mpd_prob_mctavish,4,0.4,0.4624327264504763
996,corrected_richness,10,1,0.02748633611151034
996,shannon,10,1,0.02748633611151034
996,inv_simpson,10,1,0.02748633611151034
996,trait_volume,-10,-1,0.02748633611151034
996,trait_dispersion,-10,-1,0.02748633611151034
996,rao_q,-10,-1,0.02748633611151034
996,feve,10,1,0.02748633611151034
996,fdiv,6,0.6,0.2206713619198468
996,fric_prob,-8,-0.8,0.08641073297370003
996,fdiv_fund,-8,-0.8,0.08641073297370003
996,feve_fund,-8,-0.8,0.08641073297370003
996,fdis_prob,-10,-1,0.02748633611151034
996,fmpd_prob,-10,-1,0.02748633611151034
996,raoq_fund,-10,-1,0.02748633611151034
996,cwm_pc1,-8,-0.8,0.08641073297370003
996,cwm_pc2,10,1,0.02748633611151034
996,pd_prob_mctavish,10,1,0.02748633611151034
996,mpd_prob_mctavish,4,0.4,0.4624327264504763
997,corrected_richness,10,1,0.02748633611151034
997,shannon,10,1,0.02748633611151034
997,inv_simpson,10,1,0.02748633611151034
997,trait_volume,-10,-1,0.02748633611151034
997,trait_dispersion,-10,-1,0.02748633611151034
997,rao_q,-10,-1,0.02748633611151034
997,feve,6,0.6,0.2206713619198468
997,fdiv,6,0.6,0.2206713619198468
997,fric_prob,-6,-0.6,0.2206713619198468
997,fdiv_fund,-6,-0.6,0.2206713619198468
997,feve_fund,-10,-1,0.02748633611151034
997,fdis_prob,-10,-1,0.02748633611151034
997,fmpd_prob,-10,-1,0.02748633611151034
997,raoq_fund,-10,-1,0.02748633611151034
997,cwm_pc1,-4,-0.4,0.4624327264504763
997,cwm_pc2,-6,-0.6,0.2206713619198468
997,pd_prob_mctavish,10,1,0.02748633611151034
997,mpd_prob_mctavish,6,0.6,0.2206713619198468
999,corrected_richness,10,1,0.02748633611151034
999,shannon,10,1,0.02748633611151034
999,inv_simpson,10,1,0.02748633611151034
999,trait_volume,-10,-1,0.02748633611151034
999,trait_dispersion,-10,-1,0.02748633611151034
999,rao_q,-10,-1,0.02748633611151034
999,feve,6,0.6,0.2206713619198468
999,fdiv,8,0.8,0.08641073297370003
999,fric_prob,-6,-0.6,0.2206713619198468
999,fdiv_fund,-6,-0.6,0.2206713619198468
999,feve_fund,-10,-1,0.02748633611151034
999,fdis_prob,-10,-1,0.02748633611151034
999,fmpd_prob,-10,-1,0.02748633611151034
999,raoq_fund,-10,-1,0.02748633611151034
999,cwm_pc1,0,0,1
999,cwm_pc2,-4,-0.4,0.4624327264504763
999,pd_prob_mctavish,10,1,0.02748633611151034
999,mpd_prob_mctavish,6,0.6,0.2206713619198468
1001,corrected_richness,10,1,0.02748633611151034
1001,shannon,10,1,0.02748633611151034
1001,inv_simpson,10,1,0.02748633611151034
1001,trait_volume,-10,-1,0.02748633611151034
1001,trait_dispersion,-10,-1,0.02748633611151034
1001,rao_q,-10,-1,0.02748633611151034
1001,feve,10,1,0.02748633611151034
1001,fdiv,8,0.8,0.08641073297370003
1001,fric_prob,-4,-0.4,0.2888443663464849
1001,fdiv_fund,-8,-0.8,0.08641073297370003
1001,feve_fund,-10,-1,0.02748633611151034
1001,fdis_prob,-10,-1,0.02748633611151034
1001,fmpd_prob,-10,-1,0.02748633611151034
1001,raoq_fund,-10,-1,0.02748633611151034
1001,cwm_pc1,-6,-0.6,0.2206713619198468
1001,cwm_pc2,0,0,1
1001,pd_prob_mctavish,10,1,0.02748633611151034
1001,mpd_prob_mctavish,6,0.6,0.2206713619198468
1002,corrected_richness,10,1,0.02748633611151034
1002,shannon,10,1,0.02748633611151034
1002,inv_simpson,10,1,0.02748633611151034
1002,trait_volume,-10,-1,0.02748633611151034
1002,trait_dispersion,-10,-1,0.02748633611151034
1002,rao_q,-10,-1,0.02748633611151034
1002,feve,8,0.8,0.08641073297370003
1002,fdiv,10,1,0.02748633611151034
1002,fric_prob,5,0.5,0.3122163883433193
1002,fdiv_fund,0,0,1
1002,feve_fund,-10,-1,0.02748633611151034
1002,fdis_prob,-10,-1,0.02748633611151034
1002,fmpd_prob,-10,-1,0.02748633611151034
1002,raoq_fund,-10,-1,0.02748633611151034
1002,cwm_pc1,-2,-0.2,0.8064959405073402
1002,cwm_pc2,4,0.4,0.4624327264504763
1002,pd_prob_mctavish,10,1,0.02748633611151034
1002,mpd_prob_mctavish,6,0.6,0.2206713619198468
1003,corrected_richness,10,1,0.02748633611151034
1003,shannon,10,1,0.02748633611151034
1003,inv_simpson,10,1,0.02748633611151034
1003,trait_volume,-10,-1,0.02748633611151034
1003,trait_dispersion,-10,-1,0.02748633611151034
1003,rao_q,-10,-1,0.02748633611151034
1003,feve,8,0.8,0.08641073297370003
1003,fdiv,10,1,0.02748633611151034
1003,fric_prob,5,0.5,0.3122163883433193
1003,fdiv_fund,0,0,1
1003,feve_fund,-10,-1,0.02748633611151034
1003,fdis_prob,-10,-1,0.02748633611151034
1003,fmpd_prob,-10,-1,0.02748633611151034
1003,raoq_fund,-10,-1,0.02748633611151034
1003,cwm_pc1,-4,-0.4,0.4624327264504763
1003,cwm_pc2,4,0.4,0.4624327264504763
1003,pd_prob_mctavish,10,1,0.02748633611151034
1003,mpd_prob_mctavish,6,0.6,0.2206713619198468
1018,corrected_richness,10,1,0.02748633611151034
1018,shannon,10,1,0.02748633611151034
1018,inv_simpson,10,1,0.02748633611151034
1018,trait_volume,-10,-1,0.02748633611151034
1018,trait_dispersion,-10,-1,0.02748633611151034
1018,rao_q,-10,-1,0.02748633611151034
1018,feve,10,1,0.02748633611151034
1018,fdiv,-2,-0.2,0.8064959405073402
1018,fric_prob,10,1,0.02748633611151034
1018,fdiv_fund,8,0.8,0.08641073297370003
1018,feve_fund,-10,-1,0.02748633611151034
1018,fdis_prob,-6,-0.6,0.2206713619198468
1018,fmpd_prob,-10,-1,0.02748633611151034
1018,raoq_fund,-8,-0.8,0.08641073297370003
1018,cwm_pc1,-8,-0.8,0.08641073297370003
1018,cwm_pc2,10,1,0.02748633611151034
1018,pd_prob_mctavish,10,1,0.02748633611151034
1018,mpd_prob_mctavish,8,0.8,0.08641073297370003
1019,corrected_richness,10,1,0.02748633611151034
1019,shannon,10,1,0.02748633611151034
1019,inv_simpson,10,1,0.02748633611151034
1019,trait_volume,-10,-1,0.02748633611151034
1019,trait_dispersion,-10,-1,0.02748633611151034
1019,rao_q,-10,-1,0.02748633611151034
1019,feve,10,1,0.02748633611151034
1019,fdiv,-6,-0.6,0.2206713619198468
1019,fric_prob,8,0.8,0.08641073297370003
1019,fdiv_fund,2,0.2,0.8064959405073402
1019,feve_fund,-10,-1,0.02748633611151034
1019,fdis_prob,-8,-0.8,0.08641073297370003
1019,fmpd_prob,-10,-1,0.02748633611151034
1019,raoq_fund,-8,-0.8,0.08641073297370003
1019,cwm_pc1,-10,-1,0.02748633611151034
1019,cwm_pc2,10,1,0.02748633611151034
1019,pd_prob_mctavish,10,1,0.02748633611151034
1019,mpd_prob_mctavish,10,1,0.02748633611151034
1021,corrected_richness,10,1,0.02748633611151034
1021,shannon,10,1,0.02748633611151034
1021,inv_simpson,10,1,0.02748633611151034
1021,trait_volume,-10,-1,0.02748633611151034
1021,trait_dispersion,-4,-0.4,0.4624327264504763
1021,rao_q,-8,-0.8,0.08641073297370003
1021,feve,10,1,0.02748633611151034
1021,fdiv,-6,-0.6,0.2206713619198468
1021,fric_prob,10,1,0.02748633611151034
1021,fdiv_fund,10,1,0.02748633611151034
1021,feve_fund,-10,-1,0.02748633611151034
1021,fdis_prob,-4,-0.4,0.4624327264504763
1021,fmpd_prob,-8,-0.8,0.08641073297370003
1021,raoq_fund,-6,-0.6,0.2206713619198468
1021,cwm_pc1,-10,-1,0.02748633611151034
1021,cwm_pc2,10,1,0.02748633611151034
1021,pd_prob_mctavish,10,1,0.02748633611151034
1021,mpd_prob_mctavish,8,0.8,0.08641073297370003
1022,corrected_richness,10,1,0.02748633611151034
1022,shannon,10,1,0.02748633611151034
1022,inv_simpson,10,1,0.02748633611151034
1022,trait_volume,-10,-1,0.02748633611151034
1022,trait_dispersion,-8,-0.8,0.08641073297370003
1022,rao_q,-10,-1,0.02748633611151034
1022,feve,10,1,0.02748633611151034
1022,fdiv,-2,-0.2,0.8064959405073402
1022,fric_prob,10,1,0.02748633611151034
1022,fdiv_fund,10,1,0.02748633611151034
1022,feve_fund,-8,-0.8,0.08641073297370003
1022,fdis_prob,-4,-0.4,0.4624327264504763
1022,fmpd_prob,-10,-1,0.02748633611151034
1022,raoq_fund,-4,-0.4,0.4624327264504763
1022,cwm_pc1,-2,-0.2,0.8064959405073402
1022,cwm_pc2,10,1,0.02748633611151034
1022,pd_prob_mctavish,10,1,0.02748633611151034
1022,mpd_prob_mctavish,8,0.8,0.08641073297370003
1023,corrected_richness,10,1,0.02748633611151034
1023,shannon,10,1,0.02748633611151034
1023,inv_simpson,10,1,0.02748633611151034
1023,trait_volume,-10,-1,0.02748633611151034
1023,trait_dispersion,-8,-0.8,0.08641073297370003
1023,rao_q,-10,-1,0.02748633611151034
1023,feve,10,1,0.02748633611151034
1023,fdiv,-4,-0.4,0.4624327264504763
1023,fric_prob,10,1,0.02748633611151034
1023,fdiv_fund,10,1,0.02748633611151034
1023,feve_fund,-8,-0.8,0.08641073297370003
1023,fdis_prob,-2,-0.2,0.8064959405073402
1023,fmpd_prob,-10,-1,0.02748633611151034
1023,raoq_fund,-2,-0.2,0.8064959405073402
1023,cwm_pc1,-10,-1,0.02748633611151034
1023,cwm_pc2,10,1,0.02748633611151034
1023,pd_prob_mctavish,10,1,0.02748633611151034
1023,mpd_prob_mctavish,8,0.8,0.08641073297370003
1025,corrected_richness,10,1,0.02748633611151034
1025,shannon,10,1,0.02748633611151034
1025,inv_simpson,10,1,0.02748633611151034
1025,trait_volume,-10,-1,0.02748633611151034
1025,trait_dispersion,-10,-1,0.02748633611151034
1025,rao_q,-10,-1,0.02748633611151034
1025,feve,10,1,0.02748633611151034
1025,fdiv,-4,-0.4,0.4624327264504763
1025,fric_prob,10,1,0.02748633611151034
1025,fdiv_fund,8,0.8,0.08641073297370003
1025,feve_fund,-10,-1,0.02748633611151034
1025,fdis_prob,-4,-0.4,0.4624327264504763
1025,fmpd_prob,-10,-1,0.02748633611151034
1025,raoq_fund,-4,-0.4,0.4624327264504763
1025,cwm_pc1,-6,-0.6,0.2206713619198468
1025,cwm_pc2,10,1,0.02748633611151034
1025,pd_prob_mctavish,10,1,0.02748633611151034
1025,mpd_prob_mctavish,8,0.8,0.08641073297370003
1027,corrected_richness,10,1,0.02748633611151034
1027,shannon,10,1,0.02748633611151034
1027,inv_simpson,10,1,0.02748633611151034
1027,trait_volume,-10,-1,0.02748633611151034
1027,trait_dispersion,-10,-1,0.02748633611151034
1027,rao_q,-10,-1,0.02748633611151034
1027,feve,10,1,0.02748633611151034
1027,fdiv,-2,-0.2,0.8064959405073402
1027,fric_prob,10,1,0.02748633611151034
1027,fdiv_fund,6,0.6,0.2206713619198468
1027,feve_fund,-10,-1,0.02748633611151034
1027,fdis_prob,-6,-0.6,0.2206713619198468
1027,fmpd_prob,-10,-1,0.02748633611151034
1027,raoq_fund,-8,-0.8,0.08641073297370003
1027,cwm_pc1,-10,-1,0.02748633611151034
1027,cwm_pc2,10,1,0.02748633611151034
1027,pd_prob_mctavish,10,1,0.02748633611151034
1027,mpd_prob_mctavish,8,0.8,0.08641073297370003
1028,corrected_richness,10,1,0.02748633611151034
1028,shannon,10,1,0.02748633611151034
1028,inv_simpson,10,1,0.02748633611151034
1028,trait_volume,-10,-1,0.02748633611151034
1028,trait_dispersion,-10,-1,0.02748633611151034
1028,rao_q,-10,-1,0.02748633611151034
1028,feve,10,1,0.02748633611151034
1028,fdiv,0,0,1
1028,fric_prob,10,1,0.02748633611151034
1028,fdiv_fund,2,0.2,0.8064959405073402
1028,feve_fund,-10,-1,0.02748633611151034
1028,fdis_prob,-6,-0.6,0.2206713619198468
1028,fmpd_prob,-10,-1,0.02748633611151034
1028,raoq_fund,-8,-0.8,0.08641073297370003
1028,cwm_pc1,-10,-1,0.02748633611151034
1028,cwm_pc2,10,1,0.02748633611151034
1028,pd_prob_mctavish,10,1,0.02748633611151034
1028,mpd_prob_mctavish,8,0.8,0.08641073297370003
1029,corrected_richness,10,1,0.02748633611151034
1029,shannon,10,1,0.02748633611151034
1029,inv_simpson,10,1,0.02748633611151034
1029,trait_volume,-10,-1,0.02748633611151034
1029,trait_dispersion,-10,-1,0.02748633611151034
1029,rao_q,-10,-1,0.02748633611151034
1029,feve,10,1,0.02748633611151034
1029,fdiv,-4,-0.4,0.4624327264504763
1029,fric_prob,10,1,0.02748633611151034
1029,fdiv_fund,-4,-0.4,0.4624327264504763
1029,feve_fund,-10,-1,0.02748633611151034
1029,fdis_prob,-6,-0.6,0.2206713619198468
1029,fmpd_prob,-10,-1,0.02748633611151034
1029,raoq_fund,-8,-0.8,0.08641073297370003
1029,cwm_pc1,-10,-1,0.02748633611151034
1029,cwm_pc2,10,1,0.02748633611151034
1029,pd_prob_mctavish,10,1,0.02748633611151034
1029,mpd_prob_mctavish,8,0.8,0.08641073297370003
1055,corrected_richness,10,1,0.02748633611151034
1055,shannon,10,1,0.02748633611151034
1055,inv_simpson,10,1,0.02748633611151034
1055,trait_volume,-10,-1,0.02748633611151034
1055,trait_dispersion,-10,-1,0.02748633611151034
1055,rao_q,-10,-1,0.02748633611151034
1055,feve,10,1,0.02748633611151034
1055,fdiv,6,0.6,0.2206713619198468
1055,fric_prob,-2,-0.2,0.8064959405073402
1055,fdiv_fund,-4,-0.4,0.4624327264504763
1055,feve_fund,-10,-1,0.02748633611151034
1055,fdis_prob,-6,-0.6,0.2206713619198468
1055,fmpd_prob,-10,-1,0.02748633611151034
1055,raoq_fund,-8,-0.8,0.08641073297370003
1055,cwm_pc1,-8,-0.8,0.08641073297370003
1055,cwm_pc2,10,1,0.02748633611151034
1055,pd_prob_mctavish,10,1,0.02748633611151034
1055,mpd_prob_mctavish,4,0.4,0.4624327264504763
1057,corrected_richness,10,1,0.02748633611151034
1057,shannon,10,1,0.02748633611151034
1057,inv_simpson,10,1,0.02748633611151034
1057,trait_volume,-10,-1,0.02748633611151034
1057,trait_dispersion,-10,-1,0.02748633611151034
1057,rao_q,-10,-1,0.02748633611151034
1057,feve,10,1,0.02748633611151034
1057,fdiv,6,0.6,0.2206713619198468
1057,fric_prob,-6,-0.6,0.2206713619198468
1057,fdiv_fund,0,0,1
1057,feve_fund,-10,-1,0.02748633611151034
1057,fdis_prob,-8,-0.8,0.08641073297370003
1057,fmpd_prob,-10,-1,0.02748633611151034
1057,raoq_fund,-10,-1,0.02748633611151034
1057,cwm_pc1,-6,-0.6,0.2206713619198468
1057,cwm_pc2,0,0,1
1057,pd_prob_mctavish,10,1,0.02748633611151034
1057,mpd_prob_mctavish,2,0.2,0.8064959405073402
1058,corrected_richness,10,1,0.02748633611151034
1058,shannon,10,1,0.02748633611151034
1058,inv_simpson,10,1,0.02748633611151034
1058,trait_volume,-10,-1,0.02748633611151034
1058,trait_dispersion,-10,-1,0.02748633611151034
1058,rao_q,-10,-1,0.02748633611151034
1058,feve,6,0.6,0.2206713619198468
1058,fdiv,4,0.4,0.4624327264504763
1058,fric_prob,-6,-0.6,0.2206713619198468
1058,fdiv_fund,2,0.2,0.8064959405073402
1058,feve_fund,-10,-1,0.02748633611151034
1058,fdis_prob,-10,-1,0.02748633611151034
1058,fmpd_prob,-10,-1,0.02748633611151034
1058,raoq_fund,-8,-0.8,0.08641073297370003
1058,cwm_pc1,-2,-0.2,0.8064959405073402
1058,cwm_pc2,-6,-0.6,0.2206713619198468
1058,pd_prob_mctavish,10,1,0.02748633611151034
1058,mpd_prob_mctavish,2,0.2,0.8064959405073402
1061,corrected_richness,10,1,0.02748633611151034
1061,shannon,10,1,0.02748633611151034
1061,inv_simpson,10,1,0.02748633611151034
1061,trait_volume,-10,-1,0.02748633611151034
1061,trait_dispersion,-10,-1,0.02748633611151034
1061,rao_q,-10,-1,0.02748633611151034
1061,feve,8,0.8,0.08641073297370003
1061,fdiv,6,0.6,0.2206713619198468
1061,fric_prob,0,0,1
1061,fdiv_fund,2,0.2,0.8064959405073402
1061,feve_fund,-10,-1,0.02748633611151034
1061,fdis_prob,-8,-0.8,0.08641073297370003
1061,fmpd_prob,-10,-1,0.02748633611151034
1061,raoq_fund,-10,-1,0.02748633611151034
1061,cwm_pc1,-8,-0.8,0.08641073297370003
1061,cwm_pc2,10,1,0.02748633611151034
1061,pd_prob_mctavish,10,1,0.02748633611151034
1061,mpd_prob_mctavish,6,0.6,0.2206713619198468
1063,corrected_richness,10,1,0.02748633611151034
1063,shannon,10,1,0.02748633611151034
1063,inv_simpson,10,1,0.02748633611151034
1063,trait_volume,-10,-1,0.02748633611151034
1063,trait_dispersion,-10,-1,0.02748633611151034
1063,rao_q,-10,-1,0.02748633611151034
1063,feve,8,0.8,0.08641073297370003
1063,fdiv,8,0.8,0.08641073297370003
1063,fric_prob,4,0.4,0.4624327264504763
1063,fdiv_fund,-2,-0.2,0.8064959405073402
1063,feve_fund,-10,-1,0.02748633611151034
1063,fdis_prob,-10,-1,0.02748633611151034
1063,fmpd_prob,-10,-1,0.02748633611151034
1063,raoq_fund,-10,-1,0.02748633611151034
1063,cwm_pc1,-10,-1,0.02748633611151034
1063,cwm_pc2,10,1,0.02748633611151034
1063,pd_prob_mctavish,10,1,0.02748633611151034
1063,mpd_prob_mctavish,6,0.6,0.2206713619198468
1064,corrected_richness,10,1,0.02748633611151034
1064,shannon,10,1,0.02748633611151034
1064,inv_simpson,10,1,0.02748633611151034
1064,trait_volume,-10,-1,0.02748633611151034
1064,trait_dispersion,-8,-0.8,0.08641073297370003
1064,rao_q,-10,-1,0.02748633611151034
1064,feve,8,0.8,0.08641073297370003
1064,fdiv,8,0.8,0.08641073297370003
1064,fric_prob,-7,-0.7,0.09609232945567332
1064,fdiv_fund,0,0,1
1064,feve_fund,-10,-1,0.02748633611151034
1064,fdis_prob,-2,-0.2,0.8064959405073402
1064,fmpd_prob,-10,-1,0.02748633611151034
1064,raoq_fund,-6,-0.6,0.2206713619198468
1064,cwm_pc1,-10,-1,0.02748633611151034
1064,cwm_pc2,10,1,0.02748633611151034
1064,pd_prob_mctavish,10,1,0.02748633611151034
1064,mpd_prob_mctavish,6,0.6,0.2206713619198468
1065,corrected_richness,10,1,0.02748633611151034
1065,shannon,10,1,0.02748633611151034
1065,inv_simpson,10,1,0.02748633611151034
1065,trait_volume,-10,-1,0.02748633611151034
1065,trait_dispersion,-8,-0.8,0.08641073297370003
1065,rao_q,-10,-1,0.02748633611151034
1065,feve,4,0.4,0.4624327264504763
1065,fdiv,-2,-0.2,0.8064959405073402
1065,fric_prob,-3,-0.3,0.6133543559547467
1065,fdiv_fund,4,0.4,0.4624327264504763
1065,feve_fund,-10,-1,0.02748633611151034
1065,fdis_prob,4,0.4,0.4624327264504763
1065,fmpd_prob,-10,-1,0.02748633611151034
1065,raoq_fund,-4,-0.4,0.4624327264504763
1065,cwm_pc1,-10,-1,0.02748633611151034
1065,cwm_pc2,10,1,0.02748633611151034
1065,pd_prob_mctavish,10,1,0.02748633611151034
1065,mpd_prob_mctavish,8,0.8,0.08641073297370003
1066,corrected_richness,10,1,0.02748633611151034
1066,shannon,10,1,0.02748633611151034
1066,inv_simpson,10,1,0.02748633611151034
1066,trait_volume,-10,-1,0.02748633611151034
1066,trait_dispersion,-8,-0.8,0.08641073297370003
1066,rao_q,-10,-1,0.02748633611151034
1066,feve,8,0.8,0.08641073297370003
1066,fdiv,4,0.4,0.4624327264504763
1066,fric_prob,-9,-0.9,0.04326272780691068
1066,fdiv_fund,-4,-0.4,0.4624327264504763
1066,feve_fund,-10,-1,0.02748633611151034
1066,fdis_prob,-2,-0.2,0.8064959405073402
1066,fmpd_prob,-10,-1,0.02748633611151034
1066,raoq_fund,-6,-0.6,0.2206713619198468
1066,cwm_pc1,-10,-1,0.02748633611151034
1066,cwm_pc2,10,1,0.02748633611151034
1066,pd_prob_mctavish,10,1,0.02748633611151034
1066,mpd_prob_mctavish,6,0.6,0.2206713619198468
1068,corrected_richness,10,1,0.02748633611151034
1068,shannon,10,1,0.02748633611151034
1068,inv_simpson,10,1,0.02748633611151034
1068,trait_volume,-10,-1,0.02748633611151034
1068,trait_dispersion,-10,-1,0.02748633611151034
1068,rao_q,-10,-1,0.02748633611151034
1068,feve,6,0.6,0.2206713619198468
1068,fdiv,6,0.6,0.2206713619198468
1068,fric_prob,-4,-0.4,0.4624327264504763
1068,fdiv_fund,-4,-0.4,0.4624327264504763
1068,feve_fund,-6,-0.6,0.2206713619198468
1068,fdis_prob,-8,-0.8,0.08641073297370003
1068,fmpd_prob,-10,-1,0.02748633611151034
1068,raoq_fund,-8,-0.8,0.08641073297370003
1068,cwm_pc1,-6,-0.6,0.2206713619198468
1068,cwm_pc2,8,0.8,0.08641073297370003
1068,pd_prob_mctavish,10,1,0.02748633611151034
1068,mpd_prob_mctavish,6,0.6,0.2206713619198468
1069,corrected_richness,10,1,0.02748633611151034
1069,shannon,10,1,0.02748633611151034
1069,inv_simpson,10,1,0.02748633611151034
1069,trait_volume,-10,-1,0.02748633611151034
1069,trait_dispersion,-10,-1,0.02748633611151034
1069,rao_q,-10,-1,0.02748633611151034
1069,feve,6,0.6,0.2206713619198468
1069,fdiv,6,0.6,0.2206713619198468
1069,fric_prob,0,0,1
1069,fdiv_fund,-2,-0.2,0.8064959405073402
1069,feve_fund,-6,-0.6,0.2206713619198468
1069,fdis_prob,-8,-0.8,0.08641073297370003
1069,fmpd_prob,-10,-1,0.02748633611151034
1069,raoq_fund,-8,-0.8,0.08641073297370003
1069,cwm_pc1,-8,-0.8,0.08641073297370003
1069,cwm_pc2,10,1,0.02748633611151034
1069,pd_prob_mctavish,10,1,0.02748633611151034
1069,mpd_prob_mctavish,6,0.6,0.2206713619198468
1070,corrected_richness,10,1,0.02748633611151034
1070,shannon,10,1,0.02748633611151034
1070,inv_simpson,10,1,0.02748633611151034
1070,trait_volume,-10,-1,0.02748633611151034
1070,trait_dispersion,-10,-1,0.02748633611151034
1070,rao_q,-10,-1,0.02748633611151034
1070,feve,8,0.8,0.08641073297370003
1070,fdiv,6,0.6,0.2206713619198468
1070,fric_prob,0,0,1
1070,fdiv_fund,-2,-0.2,0.8064959405073402
1070,feve_fund,-10,-1,0.02748633611151034
1070,fdis_prob,-10,-1,0.02748633611151034
1070,fmpd_prob,-10,-1,0.02748633611151034
1070,raoq_fund,-10,-1,0.02748633611151034
1070,cwm_pc1,-10,-1,0.02748633611151034
1070,cwm_pc2,8,0.8,0.08641073297370003
1070,pd_prob_mctavish,10,1,0.02748633611151034
1070,mpd_prob_mctavish,6,0.6,0.2206713619198468
1073,corrected_richness,10,1,0.02748633611151034
1073,shannon,10,1,0.02748633611151034
1073,inv_simpson,10,1,0.02748633611151034
1073,trait_volume,-10,-1,0.02748633611151034
1073,trait_dispersion,-10,-1,0.02748633611151034
1073,rao_q,-10,-1,0.02748633611151034
1073,feve,8,0.8,0.08641073297370003
1073,fdiv,2,0.2,0.8064959405073402
1073,fric_prob,4,0.4,0.44848886103153174
1073,fdiv_fund,2,0.2,0.8064959405073402
1073,feve_fund,-10,-1,0.02748633611151034
1073,fdis_prob,-2,-0.2,0.8064959405073402
1073,fmpd_prob,-10,-1,0.02748633611151034
1073,raoq_fund,-4,-0.4,0.4624327264504763
1073,cwm_pc1,-4,-0.4,0.4624327264504763
1073,cwm_pc2,10,1,0.02748633611151034
1073,pd_prob_mctavish,10,1,0.02748633611151034
1073,mpd_prob_mctavish,6,0.6,0.2206713619198468
1075,corrected_richness,10,1,0.02748633611151034
1075,shannon,10,1,0.02748633611151034
1075,inv_simpson,10,1,0.02748633611151034
1075,trait_volume,-10,-1,0.02748633611151034
1075,trait_dispersion,-8,-0.8,0.08641073297370003
1075,rao_q,-10,-1,0.02748633611151034
1075,feve,8,0.8,0.08641073297370003
1075,fdiv,0,0,1
1075,fric_prob,2,0.2,0.8064959405073402
1075,fdiv_fund,6,0.6,0.2206713619198468
1075,feve_fund,-10,-1,0.02748633611151034
1075,fdis_prob,-4,-0.4,0.4624327264504763
1075,fmpd_prob,-10,-1,0.02748633611151034
1075,raoq_fund,-4,-0.4,0.4624327264504763
1075,cwm_pc1,-10,-1,0.02748633611151034
1075,cwm_pc2,10,1,0.02748633611151034
1075,pd_prob_mctavish,10,1,0.02748633611151034
1075,mpd_prob_mctavish,8,0.8,0.08641073297370003
1076,corrected_richness,10,1,0.02748633611151034
1076,shannon,10,1,0.02748633611151034
1076,inv_simpson,10,1,0.02748633611151034
1076,trait_volume,-10,-1,0.02748633611151034
1076,trait_dispersion,-10,-1,0.02748633611151034
1076,rao_q,-10,-1,0.02748633611151034
1076,feve,8,0.8,0.08641073297370003
1076,fdiv,4,0.4,0.4624327264504763
1076,fric_prob,-1,-0.1,1
1076,fdiv_fund,0,0,1
1076,feve_fund,-8,-0.8,0.08641073297370003
1076,fdis_prob,-6,-0.6,0.2206713619198468
1076,fmpd_prob,-10,-1,0.02748633611151034
1076,raoq_fund,-8,-0.8,0.08641073297370003
1076,cwm_pc1,-10,-1,0.02748633611151034
1076,cwm_pc2,10,1,0.02748633611151034
1076,pd_prob_mctavish,10,1,0.02748633611151034
1076,mpd_prob_mctavish,6,0.6,0.2206713619198468
1089,corrected_richness,10,1,0.02748633611151034
1089,shannon,10,1,0.02748633611151034
1089,inv_simpson,10,1,0.02748633611151034
1089,trait_volume,2,0.2,0.8064959405073402
1089,trait_dispersion,6,0.6,0.2206713619198468
1089,rao_q,2,0.2,0.8064959405073402
1089,feve,10,1,0.02748633611151034
1089,fdiv,-6,-0.6,0.2206713619198468
1089,fric_prob,10,1,0.02748633611151034
1089,fdiv_fund,-8,-0.8,0.08641073297370003
1089,feve_fund,-10,-1,0.02748633611151034
1089,fdis_prob,4,0.4,0.4624327264504763
1089,fmpd_prob,2,0.2,0.8064959405073402
1089,raoq_fund,2,0.2,0.8064959405073402
1089,cwm_pc1,-10,-1,0.02748633611151034
1089,cwm_pc2,10,1,0.02748633611151034
1089,pd_prob_mctavish,10,1,0.02748633611151034
1089,mpd_prob_mctavish,10,1,0.02748633611151034
1090,corrected_richness,10,1,0.02748633611151034
1090,shannon,10,1,0.02748633611151034
1090,inv_simpson,10,1,0.02748633611151034
1090,trait_volume,2,0.2,0.8064959405073402
1090,trait_dispersion,6,0.6,0.2206713619198468
1090,rao_q,2,0.2,0.8064959405073402
1090,feve,10,1,0.02748633611151034
1090,fdiv,-6,-0.6,0.2206713619198468
1090,fric_prob,10,1,0.02748633611151034
1090,fdiv_fund,-6,-0.6,0.2206713619198468
1090,feve_fund,-10,-1,0.02748633611151034
1090,fdis_prob,4,0.4,0.4624327264504763
1090,fmpd_prob,2,0.2,0.8064959405073402
1090,raoq_fund,4,0.4,0.4624327264504763
1090,cwm_pc1,-10,-1,0.02748633611151034
1090,cwm_pc2,10,1,0.02748633611151034
1090,pd_prob_mctavish,10,1,0.02748633611151034
1090,mpd_prob_mctavish,10,1,0.02748633611151034
1091,corrected_richness,10,1,0.02748633611151034
1091,shannon,10,1,0.02748633611151034
1091,inv_simpson,10,1,0.02748633611151034
1091,trait_volume,0,0,1
1091,trait_dispersion,6,0.6,0.2206713619198468
1091,rao_q,2,0.2,0.8064959405073402
1091,feve,10,1,0.02748633611151034
1091,fdiv,-8,-0.8,0.08641073297370003
1091,fric_prob,8,0.8,0.08641073297370003
1091,fdiv_fund,-4,-0.4,0.4624327264504763
1091,feve_fund,-10,-1,0.02748633611151034
1091,fdis_prob,6,0.6,0.2206713619198468
1091,fmpd_prob,2,0.2,0.8064959405073402
1091,raoq_fund,6,0.6,0.2206713619198468
1091,cwm_pc1,-10,-1,0.02748633611151034
1091,cwm_pc2,10,1,0.02748633611151034
1091,pd_prob_mctavish,10,1,0.02748633611151034
1091,mpd_prob_mctavish,10,1,0.02748633611151034
1092,corrected_richness,10,1,0.02748633611151034
1092,shannon,10,1,0.02748633611151034
1092,inv_simpson,10,1,0.02748633611151034
1092,trait_volume,-2,-0.2,0.8064959405073402
1092,trait_dispersion,6,0.6,0.2206713619198468
1092,rao_q,2,0.2,0.8064959405073402
1092,feve,10,1,0.02748633611151034
1092,fdiv,-8,-0.8,0.08641073297370003
1092,fric_prob,8,0.8,0.08641073297370003
1092,fdiv_fund,-2,-0.2,0.8064959405073402
1092,feve_fund,-10,-1,0.02748633611151034
1092,fdis_prob,8,0.8,0.08641073297370003
1092,fmpd_prob,2,0.2,0.8064959405073402
1092,raoq_fund,8,0.8,0.08641073297370003
1092,cwm_pc1,-10,-1,0.02748633611151034
1092,cwm_pc2,10,1,0.02748633611151034
1092,pd_prob_mctavish,10,1,0.02748633611151034
1092,mpd_prob_mctavish,10,1,0.02748633611151034
1093,corrected_richness,10,1,0.02748633611151034
1093,shannon,10,1,0.02748633611151034
1093,inv_simpson,10,1,0.02748633611151034
1093,trait_volume,-4,-0.4,0.4624327264504763
1093,trait_dispersion,6,0.6,0.2206713619198468
1093,rao_q,0,0,1
1093,feve,10,1,0.02748633611151034
1093,fdiv,-8,-0.8,0.08641073297370003
1093,fric_prob,4,0.4,0.4624327264504763
1093,fdiv_fund,-2,-0.2,0.8064959405073402
1093,feve_fund,-10,-1,0.02748633611151034
1093,fdis_prob,8,0.8,0.08641073297370003
1093,fmpd_prob,-2,-0.2,0.8064959405073402
1093,raoq_fund,8,0.8,0.08641073297370003
1093,cwm_pc1,-10,-1,0.02748633611151034
1093,cwm_pc2,10,1,0.02748633611151034
1093,pd_prob_mctavish,10,1,0.02748633611151034
1093,mpd_prob_mctavish,10,1,0.02748633611151034
1094,corrected_richness,10,1,0.02748633611151034
1094,shannon,10,1,0.02748633611151034
1094,inv_simpson,10,1,0.02748633611151034
1094,trait_volume,-6,-0.6,0.2206713619198468
1094,trait_dispersion,6,0.6,0.2206713619198468
1094,rao_q,-2,-0.2,0.8064959405073402
1094,feve,10,1,0.02748633611151034
1094,fdiv,-8,-0.8,0.08641073297370003
1094,fric_prob,2,0.2,0.8064959405073402
1094,fdiv_fund,-4,-0.4,0.4624327264504763
1094,feve_fund,-10,-1,0.02748633611151034
1094,fdis_prob,6,0.6,0.2206713619198468
1094,fmpd_prob,-2,-0.2,0.8064959405073402
1094,raoq_fund,4,0.4,0.4624327264504763
1094,cwm_pc1,-10,-1,0.02748633611151034
1094,cwm_pc2,10,1,0.02748633611151034
1094,pd_prob_mctavish,10,1,0.02748633611151034
1094,mpd_prob_mctavish,10,1,0.02748633611151034
1095,corrected_richness,10,1,0.02748633611151034
1095,shannon,10,1,0.02748633611151034
1095,inv_simpson,10,1,0.02748633611151034
1095,trait_volume,-2,-0.2,0.8064959405073402
1095,trait_dispersion,8,0.8,0.08641073297370003
1095,rao_q,0,0,1
1095,feve,8,0.8,0.08641073297370003
1095,fdiv,-8,-0.8,0.08641073297370003
1095,fric_prob,-4,-0.4,0.4624327264504763
1095,fdiv_fund,-6,-0.6,0.2206713619198468
1095,feve_fund,-10,-1,0.02748633611151034
1095,fdis_prob,4,0.4,0.4624327264504763
1095,fmpd_prob,0,0,1
1095,raoq_fund,-2,-0.2,0.8064959405073402
1095,cwm_pc1,-10,-1,0.02748633611151034
1095,cwm_pc2,10,1,0.02748633611151034
1095,pd_prob_mctavish,10,1,0.02748633611151034
1095,mpd_prob_mctavish,10,1,0.02748633611151034
1096,corrected_richness,10,1,0.02748633611151034
1096,shannon,10,1,0.02748633611151034
1096,inv_simpson,10,1,0.02748633611151034
1096,trait_volume,-2,-0.2,0.8064959405073402
1096,trait_dispersion,8,0.8,0.08641073297370003
1096,rao_q,0,0,1
1096,feve,10,1,0.02748633611151034
1096,fdiv,-8,-0.8,0.08641073297370003
1096,fric_prob,-6,-0.6,0.2206713619198468
1096,fdiv_fund,-6,-0.6,0.2206713619198468
1096,feve_fund,-10,-1,0.02748633611151034
1096,fdis_prob,4,0.4,0.4624327264504763
1096,fmpd_prob,0,0,1
1096,raoq_fund,0,0,1
1096,cwm_pc1,-10,-1,0.02748633611151034
1096,cwm_pc2,10,1,0.02748633611151034
1096,pd_prob_mctavish,10,1,0.02748633611151034
1096,mpd_prob_mctavish,10,1,0.02748633611151034
1097,corrected_richness,10,1,0.02748633611151034
1097,shannon,10,1,0.02748633611151034
1097,inv_simpson,10,1,0.02748633611151034
1097,trait_volume,-6,-0.6,0.2206713619198468
1097,trait_dispersion,8,0.8,0.08641073297370003
1097,rao_q,-2,-0.2,0.8064959405073402
1097,feve,10,1,0.02748633611151034
1097,fdiv,-8,-0.8,0.08641073297370003
1097,fric_prob,-4,-0.4,0.4624327264504763
1097,fdiv_fund,-8,-0.8,0.08641073297370003
1097,feve_fund,-10,-1,0.02748633611151034
1097,fdis_prob,4,0.4,0.4624327264504763
1097,fmpd_prob,-2,-0.2,0.8064959405073402
1097,raoq_fund,2,0.2,0.8064959405073402
1097,cwm_pc1,-10,-1,0.02748633611151034
1097,cwm_pc2,10,1,0.02748633611151034
1097,pd_prob_mctavish,10,1,0.02748633611151034
1097,mpd_prob_mctavish,10,1,0.02748633611151034
1098,corrected_richness,10,1,0.02748633611151034
1098,shannon,10,1,0.02748633611151034
1098,inv_simpson,10,1,0.02748633611151034
1098,trait_volume,-8,-0.8,0.08641073297370003
1098,trait_dispersion,4,0.4,0.4624327264504763
1098,rao_q,-8,-0.8,0.08641073297370003
1098,feve,10,1,0.02748633611151034
1098,fdiv,-8,-0.8,0.08641073297370003
1098,fric_prob,-6,-0.6,0.2206713619198468
1098,fdiv_fund,-6,-0.6,0.2206713619198468
1098,feve_fund,-10,-1,0.02748633611151034
1098,fdis_prob,0,0,1
1098,fmpd_prob,-8,-0.8,0.08641073297370003
1098,raoq_fund,-4,-0.4,0.4624327264504763
1098,cwm_pc1,-10,-1,0.02748633611151034
1098,cwm_pc2,8,0.8,0.08641073297370003
1098,pd_prob_mctavish,10,1,0.02748633611151034
1098,mpd_prob_mctavish,10,1,0.02748633611151034
1100,corrected_richness,10,1,0.02748633611151034
1100,shannon,10,1,0.02748633611151034
1100,inv_simpson,10,1,0.02748633611151034
1100,trait_volume,-10,-1,0.02748633611151034
1100,trait_dispersion,-10,-1,0.02748633611151034
1100,rao_q,-10,-1,0.02748633611151034
1100,feve,10,1,0.02748633611151034
1100,fdiv,0,0,1
1100,fric_prob,10,1,0.02748633611151034
1100,fdiv_fund,0,0,1
1100,feve_fund,-10,-1,0.02748633611151034
1100,fdis_prob,-8,-0.8,0.08641073297370003
1100,fmpd_prob,-10,-1,0.02748633611151034
1100,raoq_fund,-10,-1,0.02748633611151034
1100,cwm_pc1,-10,-1,0.02748633611151034
1100,cwm_pc2,10,1,0.02748633611151034
1100,pd_prob_mctavish,10,1,0.02748633611151034
1100,mpd_prob_mctavish,8,0.8,0.08641073297370003
1101,corrected_richness,10,1,0.02748633611151034
1101,shannon,10,1,0.02748633611151034
1101,inv_simpson,10,1,0.02748633611151034
1101,trait_volume,-10,-1,0.02748633611151034
1101,trait_dispersion,-10,-1,0.02748633611151034
1101,rao_q,-10,-1,0.02748633611151034
1101,feve,10,1,0.02748633611151034
1101,fdiv,6,0.6,0.2206713619198468
1101,fric_prob,10,1,0.02748633611151034
1101,fdiv_fund,4,0.4,0.4624327264504763
1101,feve_fund,-10,-1,0.02748633611151034
1101,fdis_prob,-10,-1,0.02748633611151034
1101,fmpd_prob,-10,-1,0.02748633611151034
1101,raoq_fund,-10,-1,0.02748633611151034
1101,cwm_pc1,-10,-1,0.02748633611151034
1101,cwm_pc2,10,1,0.02748633611151034
1101,pd_prob_mctavish,10,1,0.02748633611151034
1101,mpd_prob_mctavish,8,0.8,0.08641073297370003
1103,corrected_richness,10,1,0.02748633611151034
1103,shannon,10,1,0.02748633611151034
1103,inv_simpson,10,1,0.02748633611151034
1103,trait_volume,-2,-0.2,0.8064959405073402
1103,trait_dispersion,8,0.8,0.08641073297370003
1103,rao_q,4,0.4,0.4624327264504763
1103,feve,8,0.8,0.08641073297370003
1103,fdiv,-8,-0.8,0.08641073297370003
1103,fric_prob,0,0,1
1103,fdiv_fund,8,0.8,0.08641073297370003
1103,feve_fund,-4,-0.4,0.4624327264504763
1103,fdis_prob,6,0.6,0.2206713619198468
1103,fmpd_prob,4,0.4,0.4624327264504763
1103,raoq_fund,4,0.4,0.4624327264504763
1103,cwm_pc1,-10,-1,0.02748633611151034
1103,cwm_pc2,8,0.8,0.08641073297370003
1103,pd_prob_mctavish,10,1,0.02748633611151034
1103,mpd_prob_mctavish,10,1,0.02748633611151034
1126,corrected_richness,10,1,0.02748633611151034
1126,shannon,10,1,0.02748633611151034
1126,inv_simpson,10,1,0.02748633611151034
1126,trait_volume,-10,-1,0.02748633611151034
1126,trait_dispersion,-10,-1,0.02748633611151034
1126,rao_q,-10,-1,0.02748633611151034
1126,feve,6,0.6,0.2206713619198468
1126,fdiv,0,0,1
1126,fric_prob,4,0.4,0.4624327264504763
1126,fdiv_fund,-6,-0.6,0.2206713619198468
1126,feve_fund,-10,-1,0.02748633611151034
1126,fdis_prob,-6,-0.6,0.2206713619198468
1126,fmpd_prob,-10,-1,0.02748633611151034
1126,raoq_fund,-10,-1,0.02748633611151034
1126,cwm_pc1,-8,-0.8,0.08641073297370003
1126,cwm_pc2,10,1,0.02748633611151034
1126,pd_prob_mctavish,10,1,0.02748633611151034
1126,mpd_prob_mctavish,6,0.6,0.2206713619198468
1127,corrected_richness,10,1,0.02748633611151034
1127,shannon,10,1,0.02748633611151034
1127,inv_simpson,10,1,0.02748633611151034
1127,trait_volume,-8,-0.8,0.08641073297370003
1127,trait_dispersion,-10,-1,0.02748633611151034
1127,rao_q,-10,-1,0.02748633611151034
1127,feve,6,0.6,0.2206713619198468
1127,fdiv,0,0,1
1127,fric_prob,2,0.2,0.8064959405073402
1127,fdiv_fund,-4,-0.4,0.4624327264504763
1127,feve_fund,-10,-1,0.02748633611151034
1127,fdis_prob,-4,-0.4,0.4624327264504763
1127,fmpd_prob,-10,-1,0.02748633611151034
1127,raoq_fund,-6,-0.6,0.2206713619198468
1127,cwm_pc1,-8,-0.8,0.08641073297370003
1127,cwm_pc2,10,1,0.02748633611151034
1127,pd_prob_mctavish,10,1,0.02748633611151034
1127,mpd_prob_mctavish,6,0.6,0.2206713619198468
1128,corrected_richness,10,1,0.02748633611151034
1128,shannon,10,1,0.02748633611151034
1128,inv_simpson,10,1,0.02748633611151034
1128,trait_volume,-8,-0.8,0.08641073297370003
1128,trait_dispersion,-10,-1,0.02748633611151034
1128,rao_q,-10,-1,0.02748633611151034
1128,feve,6,0.6,0.2206713619198468
1128,fdiv,0,0,1
1128,fric_prob,4,0.4,0.4624327264504763
1128,fdiv_fund,-2,-0.2,0.8064959405073402
1128,feve_fund,-10,-1,0.02748633611151034
1128,fdis_prob,-4,-0.4,0.4624327264504763
1128,fmpd_prob,-10,-1,0.02748633611151034
1128,raoq_fund,-4,-0.4,0.4624327264504763
1128,cwm_pc1,-8,-0.8,0.08641073297370003
1128,cwm_pc2,8,0.8,0.08641073297370003
1128,pd_prob_mctavish,10,1,0.02748633611151034
1128,mpd_prob_mctavish,6,0.6,0.2206713619198468
1129,corrected_richness,10,1,0.02748633611151034
1129,shannon,10,1,0.02748633611151034
1129,inv_simpson,10,1,0.02748633611151034
1129,trait_volume,-8,-0.8,0.08641073297370003
1129,trait_dispersion,-10,-1,0.02748633611151034
1129,rao_q,-8,-0.8,0.08641073297370003
1129,feve,6,0.6,0.2206713619198468
1129,fdiv,0,0,1
1129,fric_prob,6,0.6,0.2206713619198468
1129,fdiv_fund,0,0,1
1129,feve_fund,-10,-1,0.02748633611151034
1129,fdis_prob,-4,-0.4,0.4624327264504763
1129,fmpd_prob,-8,-0.8,0.08641073297370003
1129,raoq_fund,-4,-0.4,0.4624327264504763
1129,cwm_pc1,-10,-1,0.02748633611151034
1129,cwm_pc2,10,1,0.02748633611151034
1129,pd_prob_mctavish,10,1,0.02748633611151034
1129,mpd_prob_mctavish,6,0.6,0.2206713619198468
1130,corrected_richness,10,1,0.02748633611151034
1130,shannon,10,1,0.02748633611151034
1130,inv_simpson,10,1,0.02748633611151034
1130,trait_volume,-8,-0.8,0.08641073297370003
1130,trait_dispersion,-10,-1,0.02748633611151034
1130,rao_q,-10,-1,0.02748633611151034
1130,feve,0,0,1
1130,fdiv,4,0.4,0.4624327264504763
1130,fric_prob,0,0,1
1130,fdiv_fund,-4,-0.4,0.4624327264504763
1130,feve_fund,-10,-1,0.02748633611151034
1130,fdis_prob,-4,-0.4,0.4624327264504763
1130,fmpd_prob,-10,-1,0.02748633611151034
1130,raoq_fund,-4,-0.4,0.4624327264504763
1130,cwm_pc1,-10,-1,0.02748633611151034
1130,cwm_pc2,8,0.8,0.08641073297370003
1130,pd_prob_mctavish,10,1,0.02748633611151034
1130,mpd_prob_mctavish,4,0.4,0.4624327264504763
1131,corrected_richness,10,1,0.02748633611151034
1131,shannon,10,1,0.02748633611151034
1131,inv_simpson,10,1,0.02748633611151034
1131,trait_volume,-10,-1,0.02748633611151034
1131,trait_dispersion,-10,-1,0.02748633611151034
1131,rao_q,-10,-1,0.02748633611151034
1131,feve,4,0.4,0.4624327264504763
1131,fdiv,6,0.6,0.2206713619198468
1131,fric_prob,2,0.2,0.8064959405073402
1131,fdiv_fund,-6,-0.6,0.2206713619198468
1131,feve_fund,-8,-0.8,0.08641073297370003
1131,fdis_prob,-8,-0.8,0.08641073297370003
1131,fmpd_prob,-10,-1,0.02748633611151034
1131,raoq_fund,-8,-0.8,0.08641073297370003
1131,cwm_pc1,-10,-1,0.02748633611151034
1131,cwm_pc2,10,1,0.02748633611151034
1131,pd_prob_mctavish,10,1,0.02748633611151034
1131,mpd_prob_mctavish,-2,-0.2,0.8064959405073402
1133,corrected_richness,10,1,0.02748633611151034
1133,shannon,10,1,0.02748633611151034
1133,inv_simpson,10,1,0.02748633611151034
1133,trait_volume,-10,-1,0.02748633611151034
1133,trait_dispersion,-10,-1,0.02748633611151034
1133,rao_q,-10,-1,0.02748633611151034
1133,feve,8,0.8,0.08641073297370003
1133,fdiv,6,0.6,0.2206713619198468
1133,fric_prob,-8,-0.8,0.08641073297370003
1133,fdiv_fund,-6,-0.6,0.2206713619198468
1133,feve_fund,-8,-0.8,0.08641073297370003
1133,fdis_prob,-10,-1,0.02748633611151034
1133,fmpd_prob,-10,-1,0.02748633611151034
1133,raoq_fund,-10,-1,0.02748633611151034
1133,cwm_pc1,-6,-0.6,0.2206713619198468
1133,cwm_pc2,10,1,0.02748633611151034
1133,pd_prob_mctavish,10,1,0.02748633611151034
1133,mpd_prob_mctavish,0,0,1
1134,corrected_richness,10,1,0.02748633611151034
1134,shannon,10,1,0.02748633611151034
1134,inv_simpson,10,1,0.02748633611151034
1134,trait_volume,-10,-1,0.02748633611151034
1134,trait_dispersion,-10,-1,0.02748633611151034
1134,rao_q,-10,-1,0.02748633611151034
1134,feve,10,1,0.02748633611151034
1134,fdiv,6,0.6,0.2206713619198468
1134,fric_prob,-6,-0.6,0.2206713619198468
1134,fdiv_fund,-6,-0.6,0.2206713619198468
1134,feve_fund,-10,-1,0.02748633611151034
1134,fdis_prob,-10,-1,0.02748633611151034
1134,fmpd_prob,-10,-1,0.02748633611151034
1134,raoq_fund,-10,-1,0.02748633611151034
1134,cwm_pc1,-10,-1,0.02748633611151034
1134,cwm_pc2,10,1,0.02748633611151034
1134,pd_prob_mctavish,10,1,0.02748633611151034
1134,mpd_prob_mctavish,-2,-0.2,0.8064959405073402
1137,corrected_richness,10,1,0.02748633611151034
1137,shannon,10,1,0.02748633611151034
1137,inv_simpson,10,1,0.02748633611151034
1137,trait_volume,-10,-1,0.02748633611151034
1137,trait_dispersion,-10,-1,0.02748633611151034
1137,rao_q,-10,-1,0.02748633611151034
1137,feve,10,1,0.02748633611151034
1137,fdiv,6,0.6,0.2206713619198468
1137,fric_prob,-4,-0.4,0.4624327264504763
1137,fdiv_fund,-4,-0.4,0.4624327264504763
1137,feve_fund,-10,-1,0.02748633611151034
1137,fdis_prob,-10,-1,0.02748633611151034
1137,fmpd_prob,-10,-1,0.02748633611151034
1137,raoq_fund,-10,-1,0.02748633611151034
1137,cwm_pc1,-6,-0.6,0.2206713619198468
1137,cwm_pc2,10,1,0.02748633611151034
1137,pd_prob_mctavish,10,1,0.02748633611151034
1137,mpd_prob_mctavish,4,0.4,0.4624327264504763
1138,corrected_richness,10,1,0.02748633611151034
1138,shannon,10,1,0.02748633611151034
1138,inv_simpson,10,1,0.02748633611151034
1138,trait_volume,-10,-1,0.02748633611151034
1138,trait_dispersion,-10,-1,0.02748633611151034
1138,rao_q,-10,-1,0.02748633611151034
1138,feve,10,1,0.02748633611151034
1138,fdiv,6,0.6,0.2206713619198468
1138,fric_prob,-6,-0.6,0.2206713619198468
1138,fdiv_fund,-6,-0.6,0.2206713619198468
1138,feve_fund,-10,-1,0.02748633611151034
1138,fdis_prob,-10,-1,0.02748633611151034
1138,fmpd_prob,-10,-1,0.02748633611151034
1138,raoq_fund,-10,-1,0.02748633611151034
1138,cwm_pc1,-6,-0.6,0.2206713619198468
1138,cwm_pc2,8,0.8,0.08641073297370003
1138,pd_prob_mctavish,10,1,0.02748633611151034
1138,mpd_prob_mctavish,4,0.4,0.4624327264504763
1139,corrected_richness,10,1,0.02748633611151034
1139,shannon,10,1,0.02748633611151034
1139,inv_simpson,10,1,0.02748633611151034
1139,trait_volume,-10,-1,0.02748633611151034
1139,trait_dispersion,-10,-1,0.02748633611151034
1139,rao_q,-10,-1,0.02748633611151034
1139,feve,10,1,0.02748633611151034
1139,fdiv,6,0.6,0.2206713619198468
1139,fric_prob,-6,-0.6,0.2206713619198468
1139,fdiv_fund,-6,-0.6,0.2206713619198468
1139,feve_fund,-10,-1,0.02748633611151034
1139,fdis_prob,-10,-1,0.02748633611151034
1139,fmpd_prob,-10,-1,0.02748633611151034
1139,raoq_fund,-10,-1,0.02748633611151034
1139,cwm_pc1,-8,-0.8,0.08641073297370003
1139,cwm_pc2,8,0.8,0.08641073297370003
1139,pd_prob_mctavish,10,1,0.02748633611151034
1139,mpd_prob_mctavish,4,0.4,0.4624327264504763
1140,corrected_richness,10,1,0.02748633611151034
1140,shannon,10,1,0.02748633611151034
1140,inv_simpson,10,1,0.02748633611151034
1140,trait_volume,-10,-1,0.02748633611151034
1140,trait_dispersion,-10,-1,0.02748633611151034
1140,rao_q,-10,-1,0.02748633611151034
1140,feve,10,1,0.02748633611151034
1140,fdiv,6,0.6,0.2206713619198468
1140,fric_prob,-6,-0.6,0.2206713619198468
1140,fdiv_fund,-6,-0.6,0.2206713619198468
1140,feve_fund,-10,-1,0.02748633611151034
1140,fdis_prob,-10,-1,0.02748633611151034
1140,fmpd_prob,-10,-1,0.02748633611151034
1140,raoq_fund,-10,-1,0.02748633611151034
1140,cwm_pc1,-6,-0.6,0.2206713619198468
1140,cwm_pc2,6,0.6,0.2206713619198468
1140,pd_prob_mctavish,10,1,0.02748633611151034
1140,mpd_prob_mctavish,6,0.6,0.2206713619198468
1142,corrected_richness,10,1,0.02748633611151034
1142,shannon,10,1,0.02748633611151034
1142,inv_simpson,10,1,0.02748633611151034
1142,trait_volume,-10,-1,0.02748633611151034
1142,trait_dispersion,-10,-1,0.02748633611151034
1142,rao_q,-10,-1,0.02748633611151034
1142,feve,8,0.8,0.08641073297370003
1142,fdiv,8,0.8,0.08641073297370003
1142,fric_prob,-4,-0.4,0.4624327264504763
1142,fdiv_fund,2,0.2,0.8064959405073402
1142,feve_fund,-10,-1,0.02748633611151034
1142,fdis_prob,-10,-1,0.02748633611151034
1142,fmpd_prob,-10,-1,0.02748633611151034
1142,raoq_fund,-10,-1,0.02748633611151034
1142,cwm_pc1,6,0.6,0.2206713619198468
1142,cwm_pc2,-2,-0.2,0.8064959405073402
1142,pd_prob_mctavish,10,1,0.02748633611151034
1142,mpd_prob_mctavish,8,0.8,0.08641073297370003
1143,corrected_richness,10,1,0.02748633611151034
1143,shannon,10,1,0.02748633611151034
1143,inv_simpson,10,1,0.02748633611151034
1143,trait_volume,-10,-1,0.02748633611151034
1143,trait_dispersion,-10,-1,0.02748633611151034
1143,rao_q,-10,-1,0.02748633611151034
1143,feve,8,0.8,0.08641073297370003
1143,fdiv,8,0.8,0.08641073297370003
1143,fric_prob,0,0,1
1143,fdiv_fund,4,0.4,0.4624327264504763
1143,feve_fund,-10,-1,0.02748633611151034
1143,fdis_prob,-10,-1,0.02748633611151034
1143,fmpd_prob,-10,-1,0.02748633611151034
1143,raoq_fund,-10,-1,0.02748633611151034
1143,cwm_pc1,6,0.6,0.2206713619198468
1143,cwm_pc2,-2,-0.2,0.8064959405073402
1143,pd_prob_mctavish,10,1,0.02748633611151034
1143,mpd_prob_mctavish,8,0.8,0.08641073297370003
1144,corrected_richness,10,1,0.02748633611151034
1144,shannon,10,1,0.02748633611151034
1144,inv_simpson,10,1,0.02748633611151034
1144,trait_volume,-10,-1,0.02748633611151034
1144,trait_dispersion,-10,-1,0.02748633611151034
1144,rao_q,-10,-1,0.02748633611151034
1144,feve,8,0.8,0.08641073297370003
1144,fdiv,8,0.8,0.08641073297370003
1144,fric_prob,0,0,1
1144,fdiv_fund,-2,-0.2,0.8064959405073402
1144,feve_fund,-10,-1,0.02748633611151034
1144,fdis_prob,-10,-1,0.02748633611151034
1144,fmpd_prob,-10,-1,0.02748633611151034
1144,raoq_fund,-10,-1,0.02748633611151034
1144,cwm_pc1,4,0.4,0.4624327264504763
1144,cwm_pc2,2,0.2,0.8064959405073402
1144,pd_prob_mctavish,10,1,0.02748633611151034
1144,mpd_prob_mctavish,6,0.6,0.2206713619198468
1145,corrected_richness,10,1,0.02748633611151034
1145,shannon,10,1,0.02748633611151034
1145,inv_simpson,10,1,0.02748633611151034
1145,trait_volume,-10,-1,0.02748633611151034
1145,trait_dispersion,-10,-1,0.02748633611151034
1145,rao_q,-10,-1,0.02748633611151034
1145,feve,10,1,0.02748633611151034
1145,fdiv,8,0.8,0.08641073297370003
1145,fric_prob,0,0,1
1145,fdiv_fund,10,1,0.02748633611151034
1145,feve_fund,-10,-1,0.02748633611151034
1145,fdis_prob,-10,-1,0.02748633611151034
1145,fmpd_prob,-10,-1,0.02748633611151034
1145,raoq_fund,-10,-1,0.02748633611151034
1145,cwm_pc1,-2,-0.2,0.8064959405073402
1145,cwm_pc2,-2,-0.2,0.8064959405073402
1145,pd_prob_mctavish,10,1,0.02748633611151034
1145,mpd_prob_mctavish,8,0.8,0.08641073297370003
1161,corrected_richness,10,1,0.02748633611151034
1161,shannon,10,1,0.02748633611151034
1161,inv_simpson,10,1,0.02748633611151034
1161,trait_volume,-10,-1,0.02748633611151034
1161,trait_dispersion,-10,-1,0.02748633611151034
1161,rao_q,-10,-1,0.02748633611151034
1161,feve,10,1,0.02748633611151034
1161,fdiv,-6,-0.6,0.2206713619198468
1161,fric_prob,10,1,0.02748633611151034
1161,fdiv_fund,4,0.4,0.4624327264504763
1161,feve_fund,-10,-1,0.02748633611151034
1161,fdis_prob,-8,-0.8,0.08641073297370003
1161,fmpd_prob,-10,-1,0.02748633611151034
1161,raoq_fund,-10,-1,0.02748633611151034
1161,cwm_pc1,-10,-1,0.02748633611151034
1161,cwm_pc2,10,1,0.02748633611151034
1161,pd_prob_mctavish,10,1,0.02748633611151034
1161,mpd_prob_mctavish,10,1,0.02748633611151034
1162,corrected_richness,10,1,0.02748633611151034
1162,shannon,10,1,0.02748633611151034
1162,inv_simpson,10,1,0.02748633611151034
1162,trait_volume,-10,-1,0.02748633611151034
1162,trait_dispersion,-10,-1,0.02748633611151034
1162,rao_q,-10,-1,0.02748633611151034
1162,feve,10,1,0.02748633611151034
1162,fdiv,0,0,1
1162,fric_prob,10,1,0.02748633611151034
1162,fdiv_fund,6,0.6,0.2206713619198468
1162,feve_fund,-10,-1,0.02748633611151034
1162,fdis_prob,-10,-1,0.02748633611151034
1162,fmpd_prob,-10,-1,0.02748633611151034
1162,raoq_fund,-10,-1,0.02748633611151034
1162,cwm_pc1,-8,-0.8,0.08641073297370003
1162,cwm_pc2,10,1,0.02748633611151034
1162,pd_prob_mctavish,10,1,0.02748633611151034
1162,mpd_prob_mctavish,8,0.8,0.08641073297370003
1163,corrected_richness,10,1,0.02748633611151034
1163,shannon,10,1,0.02748633611151034
1163,inv_simpson,10,1,0.02748633611151034
1163,trait_volume,-10,-1,0.02748633611151034
1163,trait_dispersion,-10,-1,0.02748633611151034
1163,rao_q,-10,-1,0.02748633611151034
1163,feve,10,1,0.02748633611151034
1163,fdiv,0,0,1
1163,fric_prob,10,1,0.02748633611151034
1163,fdiv_fund,4,0.4,0.4624327264504763
1163,feve_fund,-10,-1,0.02748633611151034
1163,fdis_prob,-10,-1,0.02748633611151034
1163,fmpd_prob,-10,-1,0.02748633611151034
1163,raoq_fund,-10,-1,0.02748633611151034
1163,cwm_pc1,-10,-1,0.02748633611151034
1163,cwm_pc2,10,1,0.02748633611151034
1163,pd_prob_mctavish,10,1,0.02748633611151034
1163,mpd_prob_mctavish,8,0.8,0.08641073297370003
1164,corrected_richness,10,1,0.02748633611151034
1164,shannon,10,1,0.02748633611151034
1164,inv_simpson,10,1,0.02748633611151034
1164,trait_volume,-10,-1,0.02748633611151034
1164,trait_dispersion,-2,-0.2,0.8064959405073402
1164,rao_q,-8,-0.8,0.08641073297370003
1164,feve,10,1,0.02748633611151034
1164,fdiv,-6,-0.6,0.2206713619198468
1164,fric_prob,10,1,0.02748633611151034
1164,fdiv_fund,-4,-0.4,0.4624327264504763
1164,feve_fund,-10,-1,0.02748633611151034
1164,fdis_prob,-2,-0.2,0.8064959405073402
1164,fmpd_prob,-10,-1,0.02748633611151034
1164,raoq_fund,-4,-0.4,0.4624327264504763
1164,cwm_pc1,-10,-1,0.02748633611151034
1164,cwm_pc2,10,1,0.02748633611151034
1164,pd_prob_mctavish,10,1,0.02748633611151034
1164,mpd_prob_mctavish,8,0.8,0.08641073297370003
1165,corrected_richness,10,1,0.02748633611151034
1165,shannon,10,1,0.02748633611151034
1165,inv_simpson,10,1,0.02748633611151034
1165,trait_volume,-10,-1,0.02748633611151034
1165,trait_dispersion,-8,-0.8,0.08641073297370003
1165,rao_q,-10,-1,0.02748633611151034
1165,feve,10,1,0.02748633611151034
1165,fdiv,-4,-0.4,0.4624327264504763
1165,fric_prob,10,1,0.02748633611151034
1165,fdiv_fund,10,1,0.02748633611151034
1165,feve_fund,-10,-1,0.02748633611151034
1165,fdis_prob,-2,-0.2,0.8064959405073402
1165,fmpd_prob,-10,-1,0.02748633611151034
1165,raoq_fund,-2,-0.2,0.8064959405073402
1165,cwm_pc1,-10,-1,0.02748633611151034
1165,cwm_pc2,10,1,0.02748633611151034
1165,pd_prob_mctavish,10,1,0.02748633611151034
1165,mpd_prob_mctavish,8,0.8,0.08641073297370003
1166,corrected_richness,10,1,0.02748633611151034
1166,shannon,10,1,0.02748633611151034
1166,inv_simpson,10,1,0.02748633611151034
1166,trait_volume,-8,-0.8,0.08641073297370003
1166,trait_dispersion,-10,-1,0.02748633611151034
1166,rao_q,-10,-1,0.02748633611151034
1166,feve,10,1,0.02748633611151034
1166,fdiv,0,0,1
1166,fric_prob,10,1,0.02748633611151034
1166,fdiv_fund,10,1,0.02748633611151034
1166,feve_fund,-8,-0.8,0.08641073297370003
1166,fdis_prob,-6,-0.6,0.2206713619198468
1166,fmpd_prob,-10,-1,0.02748633611151034
1166,raoq_fund,-6,-0.6,0.2206713619198468
1166,cwm_pc1,-10,-1,0.02748633611151034
1166,cwm_pc2,10,1,0.02748633611151034
1166,pd_prob_mctavish,10,1,0.02748633611151034
1166,mpd_prob_mctavish,8,0.8,0.08641073297370003
1167,corrected_richness,10,1,0.02748633611151034
1167,shannon,10,1,0.02748633611151034
1167,inv_simpson,10,1,0.02748633611151034
1167,trait_volume,-8,-0.8,0.08641073297370003
1167,trait_dispersion,-10,-1,0.02748633611151034
1167,rao_q,-10,-1,0.02748633611151034
1167,feve,10,1,0.02748633611151034
1167,fdiv,0,0,1
1167,fric_prob,10,1,0.02748633611151034
1167,fdiv_fund,10,1,0.02748633611151034
1167,feve_fund,-8,-0.8,0.08641073297370003
1167,fdis_prob,-8,-0.8,0.08641073297370003
1167,fmpd_prob,-10,-1,0.02748633611151034
1167,raoq_fund,-6,-0.6,0.2206713619198468
1167,cwm_pc1,-10,-1,0.02748633611151034
1167,cwm_pc2,10,1,0.02748633611151034
1167,pd_prob_mctavish,10,1,0.02748633611151034
1167,mpd_prob_mctavish,8,0.8,0.08641073297370003
1168,corrected_richness,10,1,0.02748633611151034
1168,shannon,10,1,0.02748633611151034
1168,inv_simpson,10,1,0.02748633611151034
1168,trait_volume,-10,-1,0.02748633611151034
1168,trait_dispersion,-10,-1,0.02748633611151034
1168,rao_q,-10,-1,0.02748633611151034
1168,feve,10,1,0.02748633611151034
1168,fdiv,-2,-0.2,0.8064959405073402
1168,fric_prob,10,1,0.02748633611151034
1168,fdiv_fund,10,1,0.02748633611151034
1168,feve_fund,-10,-1,0.02748633611151034
1168,fdis_prob,-6,-0.6,0.2206713619198468
1168,fmpd_prob,-10,-1,0.02748633611151034
1168,raoq_fund,-6,-0.6,0.2206713619198468
1168,cwm_pc1,-10,-1,0.02748633611151034
1168,cwm_pc2,10,1,0.02748633611151034
1168,pd_prob_mctavish,10,1,0.02748633611151034
1168,mpd_prob_mctavish,8,0.8,0.08641073297370003
1169,corrected_richness,10,1,0.02748633611151034
1169,shannon,10,1,0.02748633611151034
1169,inv_simpson,10,1,0.02748633611151034
1169,trait_volume,-10,-1,0.02748633611151034
1169,trait_dispersion,-10,-1,0.02748633611151034
1169,rao_q,-10,-1,0.02748633611151034
1169,feve,10,1,0.02748633611151034
1169,fdiv,-4,-0.4,0.4624327264504763
1169,fric_prob,10,1,0.02748633611151034
1169,fdiv_fund,6,0.6,0.2206713619198468
1169,feve_fund,-10,-1,0.02748633611151034
1169,fdis_prob,-6,-0.6,0.2206713619198468
1169,fmpd_prob,-10,-1,0.02748633611151034
1169,raoq_fund,-8,-0.8,0.08641073297370003
1169,cwm_pc1,-10,-1,0.02748633611151034
1169,cwm_pc2,10,1,0.02748633611151034
1169,pd_prob_mctavish,10,1,0.02748633611151034
1169,mpd_prob_mctavish,8,0.8,0.08641073297370003
1170,corrected_richness,10,1,0.02748633611151034
1170,shannon,10,1,0.02748633611151034
1170,inv_simpson,10,1,0.02748633611151034
1170,trait_volume,-10,-1,0.02748633611151034
1170,trait_dispersion,-10,-1,0.02748633611151034
1170,rao_q,-10,-1,0.02748633611151034
1170,feve,10,1,0.02748633611151034
1170,fdiv,-4,-0.4,0.4624327264504763
1170,fric_prob,10,1,0.02748633611151034
1170,fdiv_fund,4,0.4,0.4624327264504763
1170,feve_fund,-10,-1,0.02748633611151034
1170,fdis_prob,-4,-0.4,0.4624327264504763
1170,fmpd_prob,-10,-1,0.02748633611151034
1170,raoq_fund,-6,-0.6,0.2206713619198468
1170,cwm_pc1,-10,-1,0.02748633611151034
1170,cwm_pc2,10,1,0.02748633611151034
1170,pd_prob_mctavish,10,1,0.02748633611151034
1170,mpd_prob_mctavish,8,0.8,0.08641073297370003
1171,corrected_richness,10,1,0.02748633611151034
1171,shannon,10,1,0.02748633611151034
1171,inv_simpson,10,1,0.02748633611151034
1171,trait_volume,-10,-1,0.02748633611151034
1171,trait_dispersion,-10,-1,0.02748633611151034
1171,rao_q,-10,-1,0.02748633611151034
1171,feve,10,1,0.02748633611151034
1171,fdiv,-6,-0.6,0.2206713619198468
1171,fric_prob,10,1,0.02748633611151034
1171,fdiv_fund,4,0.4,0.4624327264504763
1171,feve_fund,-10,-1,0.02748633611151034
1171,fdis_prob,-2,-0.2,0.8064959405073402
1171,fmpd_prob,-10,-1,0.02748633611151034
1171,raoq_fund,-2,-0.2,0.8064959405073402
1171,cwm_pc1,-8,-0.8,0.08641073297370003
1171,cwm_pc2,10,1,0.02748633611151034
1171,pd_prob_mctavish,10,1,0.02748633611151034
1171,mpd_prob_mctavish,8,0.8,0.08641073297370003
1172,corrected_richness,10,1,0.02748633611151034
1172,shannon,10,1,0.02748633611151034
1172,inv_simpson,10,1,0.02748633611151034
1172,trait_volume,-10,-1,0.02748633611151034
1172,trait_dispersion,-10,-1,0.02748633611151034
1172,rao_q,-10,-1,0.02748633611151034
1172,feve,10,1,0.02748633611151034
1172,fdiv,-6,-0.6,0.2206713619198468
1172,fric_prob,10,1,0.02748633611151034
1172,fdiv_fund,4,0.4,0.4624327264504763
1172,feve_fund,-10,-1,0.02748633611151034
1172,fdis_prob,-2,-0.2,0.8064959405073402
1172,fmpd_prob,-10,-1,0.02748633611151034
1172,raoq_fund,-4,-0.4,0.4624327264504763
1172,cwm_pc1,-10,-1,0.02748633611151034
1172,cwm_pc2,10,1,0.02748633611151034
1172,pd_prob_mctavish,10,1,0.02748633611151034
1172,mpd_prob_mctavish,8,0.8,0.08641073297370003
1173,corrected_richness,10,1,0.02748633611151034
1173,shannon,10,1,0.02748633611151034
1173,inv_simpson,10,1,0.02748633611151034
1173,trait_volume,-10,-1,0.02748633611151034
1173,trait_dispersion,-10,-1,0.02748633611151034
1173,rao_q,-10,-1,0.02748633611151034
1173,feve,10,1,0.02748633611151034
1173,fdiv,-6,-0.6,0.2206713619198468
1173,fric_prob,10,1,0.02748633611151034
1173,fdiv_fund,4,0.4,0.4624327264504763
1173,feve_fund,-10,-1,0.02748633611151034
1173,fdis_prob,-4,-0.4,0.4624327264504763
1173,fmpd_prob,-10,-1,0.02748633611151034
1173,raoq_fund,-4,-0.4,0.4624327264504763
1173,cwm_pc1,-10,-1,0.02748633611151034
1173,cwm_pc2,10,1,0.02748633611151034
1173,pd_prob_mctavish,10,1,0.02748633611151034
1173,mpd_prob_mctavish,8,0.8,0.08641073297370003
1175,corrected_richness,10,1,0.02748633611151034
1175,shannon,10,1,0.02748633611151034
1175,inv_simpson,10,1,0.02748633611151034
1175,trait_volume,-10,-1,0.02748633611151034
1175,trait_dispersion,-10,-1,0.02748633611151034
1175,rao_q,-10,-1,0.02748633611151034
1175,feve,10,1,0.02748633611151034
1175,fdiv,-4,-0.4,0.4624327264504763
1175,fric_prob,10,1,0.02748633611151034
1175,fdiv_fund,10,1,0.02748633611151034
1175,feve_fund,-10,-1,0.02748633611151034
1175,fdis_prob,-6,-0.6,0.2206713619198468
1175,fmpd_prob,-10,-1,0.02748633611151034
1175,raoq_fund,-8,-0.8,0.08641073297370003
1175,cwm_pc1,-10,-1,0.02748633611151034
1175,cwm_pc2,10,1,0.02748633611151034
1175,pd_prob_mctavish,10,1,0.02748633611151034
1175,mpd_prob_mctavish,8,0.8,0.08641073297370003
1196,corrected_richness,10,1,0.02748633611151034
1196,shannon,10,1,0.02748633611151034
1196,inv_simpson,10,1,0.02748633611151034
1196,trait_volume,-8,-0.8,0.08641073297370003
1196,trait_dispersion,-8,-0.8,0.08641073297370003
1196,rao_q,-8,-0.8,0.08641073297370003
1196,feve,8,0.8,0.08641073297370003
1196,fdiv,0,0,1
1196,fric_prob,4,0.4,0.4624327264504763
1196,fdiv_fund,0,0,1
1196,feve_fund,-10,-1,0.02748633611151034
1196,fdis_prob,-4,-0.4,0.4624327264504763
1196,fmpd_prob,-10,-1,0.02748633611151034
1196,raoq_fund,-8,-0.8,0.08641073297370003
1196,cwm_pc1,-4,-0.4,0.4624327264504763
1196,cwm_pc2,4,0.4,0.4624327264504763
1196,pd_prob_mctavish,10,1,0.02748633611151034
1196,mpd_prob_mctavish,2,0.2,0.8064959405073402
1197,corrected_richness,10,1,0.02748633611151034
1197,shannon,10,1,0.02748633611151034
1197,inv_simpson,10,1,0.02748633611151034
1197,trait_volume,-8,-0.8,0.08641073297370003
1197,trait_dispersion,-2,-0.2,0.8064959405073402
1197,rao_q,-8,-0.8,0.08641073297370003
1197,feve,0,0,1
1197,fdiv,-8,-0.8,0.08641073297370003
1197,fric_prob,4,0.4,0.4624327264504763
1197,fdiv_fund,4,0.4,0.4624327264504763
1197,feve_fund,-10,-1,0.02748633611151034
1197,fdis_prob,2,0.2,0.8064959405073402
1197,fmpd_prob,-8,-0.8,0.08641073297370003
1197,raoq_fund,-8,-0.8,0.08641073297370003
1197,cwm_pc1,-8,-0.8,0.08641073297370003
1197,cwm_pc2,6,0.6,0.2206713619198468
1197,pd_prob_mctavish,10,1,0.02748633611151034
1197,mpd_prob_mctavish,6,0.6,0.2206713619198468
1198,corrected_richness,10,1,0.02748633611151034
1198,shannon,10,1,0.02748633611151034
1198,inv_simpson,10,1,0.02748633611151034
1198,trait_volume,-8,-0.8,0.08641073297370003
1198,trait_dispersion,2,0.2,0.8064959405073402
1198,rao_q,-8,-0.8,0.08641073297370003
1198,feve,2,0.2,0.8064959405073402
1198,fdiv,-8,-0.8,0.08641073297370003
1198,fric_prob,2,0.2,0.8064959405073402
1198,fdiv_fund,0,0,1
1198,feve_fund,-10,-1,0.02748633611151034
1198,fdis_prob,0,0,1
1198,fmpd_prob,-8,-0.8,0.08641073297370003
1198,raoq_fund,-4,-0.4,0.4624327264504763
1198,cwm_pc1,-8,-0.8,0.08641073297370003
1198,cwm_pc2,4,0.4,0.4624327264504763
1198,pd_prob_mctavish,10,1,0.02748633611151034
1198,mpd_prob_mctavish,8,0.8,0.08641073297370003
1199,corrected_richness,10,1,0.02748633611151034
1199,shannon,10,1,0.02748633611151034
1199,inv_simpson,10,1,0.02748633611151034
1199,trait_volume,-8,-0.8,0.08641073297370003
1199,trait_dispersion,0,0,1
1199,rao_q,-8,-0.8,0.08641073297370003
1199,feve,6,0.6,0.2206713619198468
1199,fdiv,-8,-0.8,0.08641073297370003
1199,fric_prob,2,0.2,0.8064959405073402
1199,fdiv_fund,-4,-0.4,0.4624327264504763
1199,feve_fund,-10,-1,0.02748633611151034
1199,fdis_prob,0,0,1
1199,fmpd_prob,-8,-0.8,0.08641073297370003
1199,raoq_fund,-4,-0.4,0.4624327264504763
1199,cwm_pc1,-8,-0.8,0.08641073297370003
1199,cwm_pc2,8,0.8,0.08641073297370003
1199,pd_prob_mctavish,10,1,0.02748633611151034
1199,mpd_prob_mctavish,8,0.8,0.08641073297370003
1200,corrected_richness,10,1,0.02748633611151034
1200,shannon,10,1,0.02748633611151034
1200,inv_simpson,10,1,0.02748633611151034
1200,trait_volume,-8,-0.8,0.08641073297370003
1200,trait_dispersion,0,0,1
1200,rao_q,-8,-0.8,0.08641073297370003
1200,feve,8,0.8,0.08641073297370003
1200,fdiv,-8,-0.8,0.08641073297370003
1200,fric_prob,2,0.2,0.8064959405073402
1200,fdiv_fund,-2,-0.2,0.8064959405073402
1200,feve_fund,-10,-1,0.02748633611151034
1200,fdis_prob,-2,-0.2,0.8064959405073402
1200,fmpd_prob,-8,-0.8,0.08641073297370003
1200,raoq_fund,-6,-0.6,0.2206713619198468
1200,cwm_pc1,-8,-0.8,0.08641073297370003
1200,cwm_pc2,6,0.6,0.2206713619198468
1200,pd_prob_mctavish,10,1,0.02748633611151034
1200,mpd_prob_mctavish,8,0.8,0.08641073297370003
1201,corrected_richness,10,1,0.02748633611151034
1201,shannon,10,1,0.02748633611151034
1201,inv_simpson,10,1,0.02748633611151034
1201,trait_volume,-8,-0.8,0.08641073297370003
1201,trait_dispersion,-10,-1,0.02748633611151034
1201,rao_q,-10,-1,0.02748633611151034
1201,feve,10,1,0.02748633611151034
1201,fdiv,6,0.6,0.2206713619198468
1201,fric_prob,-4,-0.4,0.4624327264504763
1201,fdiv_fund,-6,-0.6,0.2206713619198468
1201,feve_fund,-10,-1,0.02748633611151034
1201,fdis_prob,-6,-0.6,0.2206713619198468
1201,fmpd_prob,-10,-1,0.02748633611151034
1201,raoq_fund,-8,-0.8,0.08641073297370003
1201,cwm_pc1,-2,-0.2,0.8064959405073402
1201,cwm_pc2,0,0,1
1201,pd_prob_mctavish,10,1,0.02748633611151034
1201,mpd_prob_mctavish,-2,-0.2,0.8064959405073402
1202,corrected_richness,10,1,0.02748633611151034
1202,shannon,10,1,0.02748633611151034
1202,inv_simpson,10,1,0.02748633611151034
1202,trait_volume,-10,-1,0.02748633611151034
1202,trait_dispersion,-10,-1,0.02748633611151034
1202,rao_q,-10,-1,0.02748633611151034
1202,feve,10,1,0.02748633611151034
1202,fdiv,6,0.6,0.2206713619198468
1202,fric_prob,0,0,1
1202,fdiv_fund,-2,-0.2,0.8064959405073402
1202,feve_fund,-10,-1,0.02748633611151034
1202,fdis_prob,-6,-0.6,0.2206713619198468
1202,fmpd_prob,-10,-1,0.02748633611151034
1202,raoq_fund,-8,-0.8,0.08641073297370003
1202,cwm_pc1,-10,-1,0.02748633611151034
1202,cwm_pc2,10,1,0.02748633611151034
1202,pd_prob_mctavish,10,1,0.02748633611151034
1202,mpd_prob_mctavish,-2,-0.2,0.8064959405073402
1203,corrected_richness,10,1,0.02748633611151034
1203,shannon,10,1,0.02748633611151034
1203,inv_simpson,10,1,0.02748633611151034
1203,trait_volume,-10,-1,0.02748633611151034
1203,trait_dispersion,-10,-1,0.02748633611151034
1203,rao_q,-10,-1,0.02748633611151034
1203,feve,10,1,0.02748633611151034
1203,fdiv,6,0.6,0.2206713619198468
1203,fric_prob,-4,-0.4,0.4624327264504763
1203,fdiv_fund,-6,-0.6,0.2206713619198468
1203,feve_fund,-10,-1,0.02748633611151034
1203,fdis_prob,-10,-1,0.02748633611151034
1203,fmpd_prob,-10,-1,0.02748633611151034
1203,raoq_fund,-8,-0.8,0.08641073297370003
1203,cwm_pc1,-2,-0.2,0.8064959405073402
1203,cwm_pc2,-6,-0.6,0.2206713619198468
1203,pd_prob_mctavish,10,1,0.02748633611151034
1203,mpd_prob_mctavish,0,0,1
1204,corrected_richness,10,1,0.02748633611151034
1204,shannon,10,1,0.02748633611151034
1204,inv_simpson,10,1,0.02748633611151034
1204,trait_volume,-10,-1,0.02748633611151034
1204,trait_dispersion,-10,-1,0.02748633611151034
1204,rao_q,-10,-1,0.02748633611151034
1204,feve,10,1,0.02748633611151034
1204,fdiv,8,0.8,0.08641073297370003
1204,fric_prob,2,0.2,0.8064959405073402
1204,fdiv_fund,-4,-0.4,0.4624327264504763
1204,feve_fund,-10,-1,0.02748633611151034
1204,fdis_prob,-10,-1,0.02748633611151034
1204,fmpd_prob,-10,-1,0.02748633611151034
1204,raoq_fund,-10,-1,0.02748633611151034
1204,cwm_pc1,-10,-1,0.02748633611151034
1204,cwm_pc2,10,1,0.02748633611151034
1204,pd_prob_mctavish,10,1,0.02748633611151034
1204,mpd_prob_mctavish,-2,-0.2,0.8064959405073402
1205,corrected_richness,10,1,0.02748633611151034
1205,shannon,10,1,0.02748633611151034
1205,inv_simpson,10,1,0.02748633611151034
1205,trait_volume,-10,-1,0.02748633611151034
1205,trait_dispersion,-10,-1,0.02748633611151034
1205,rao_q,-10,-1,0.02748633611151034
1205,feve,10,1,0.02748633611151034
1205,fdiv,6,0.6,0.2206713619198468
1205,fric_prob,-4,-0.4,0.4624327264504763
1205,fdiv_fund,-4,-0.4,0.4624327264504763
1205,feve_fund,-10,-1,0.02748633611151034
1205,fdis_prob,-10,-1,0.02748633611151034
1205,fmpd_prob,-10,-1,0.02748633611151034
1205,raoq_fund,-10,-1,0.02748633611151034
1205,cwm_pc1,-8,-0.8,0.08641073297370003
1205,cwm_pc2,10,1,0.02748633611151034
1205,pd_prob_mctavish,10,1,0.02748633611151034
1205,mpd_prob_mctavish,2,0.2,0.8064959405073402
1206,corrected_richness,10,1,0.02748633611151034
1206,shannon,10,1,0.02748633611151034
1206,inv_simpson,10,1,0.02748633611151034
1206,trait_volume,-10,-1,0.02748633611151034
1206,trait_dispersion,-10,-1,0.02748633611151034
1206,rao_q,-10,-1,0.02748633611151034
1206,feve,10,1,0.02748633611151034
1206,fdiv,8,0.8,0.08641073297370003
1206,fric_prob,-6,-0.6,0.2206713619198468
1206,fdiv_fund,-8,-0.8,0.08641073297370003
1206,feve_fund,-10,-1,0.02748633611151034
1206,fdis_prob,-10,-1,0.02748633611151034
1206,fmpd_prob,-10,-1,0.02748633611151034
1206,raoq_fund,-10,-1,0.02748633611151034
1206,cwm_pc1,-10,-1,0.02748633611151034
1206,cwm_pc2,10,1,0.02748633611151034
1206,pd_prob_mctavish,10,1,0.02748633611151034
1206,mpd_prob_mctavish,-2,-0.2,0.8064959405073402
1207,corrected_richness,10,1,0.02748633611151034
1207,shannon,10,1,0.02748633611151034
1207,inv_simpson,10,1,0.02748633611151034
1207,trait_volume,-10,-1,0.02748633611151034
1207,trait_dispersion,-10,-1,0.02748633611151034
1207,rao_q,-10,-1,0.02748633611151034
1207,feve,10,1,0.02748633611151034
1207,fdiv,8,0.8,0.08641073297370003
1207,fric_prob,-4,-0.4,0.4624327264504763
1207,fdiv_fund,-6,-0.6,0.2206713619198468
1207,feve_fund,-10,-1,0.02748633611151034
1207,fdis_prob,-10,-1,0.02748633611151034
1207,fmpd_prob,-10,-1,0.02748633611151034
1207,raoq_fund,-10,-1,0.02748633611151034
1207,cwm_pc1,-10,-1,0.02748633611151034
1207,cwm_pc2,10,1,0.02748633611151034
1207,pd_prob_mctavish,10,1,0.02748633611151034
1207,mpd_prob_mctavish,4,0.4,0.4624327264504763
1208,corrected_richness,10,1,0.02748633611151034
1208,shannon,10,1,0.02748633611151034
1208,inv_simpson,10,1,0.02748633611151034
1208,trait_volume,-10,-1,0.02748633611151034
1208,trait_dispersion,-10,-1,0.02748633611151034
1208,rao_q,-10,-1,0.02748633611151034
1208,feve,10,1,0.02748633611151034
1208,fdiv,8,0.8,0.08641073297370003
1208,fric_prob,-6,-0.6,0.2206713619198468
1208,fdiv_fund,-8,-0.8,0.08641073297370003
1208,feve_fund,-10,-1,0.02748633611151034
1208,fdis_prob,-10,-1,0.02748633611151034
1208,fmpd_prob,-10,-1,0.02748633611151034
1208,raoq_fund,-10,-1,0.02748633611151034
1208,cwm_pc1,-10,-1,0.02748633611151034
1208,cwm_pc2,8,0.8,0.08641073297370003
1208,pd_prob_mctavish,10,1,0.02748633611151034
1208,mpd_prob_mctavish,4,0.4,0.4624327264504763
1209,corrected_richness,10,1,0.02748633611151034
1209,shannon,10,1,0.02748633611151034
1209,inv_simpson,10,1,0.02748633611151034
1209,trait_volume,-10,-1,0.02748633611151034
1209,trait_dispersion,-10,-1,0.02748633611151034
1209,rao_q,-10,-1,0.02748633611151034
1209,feve,10,1,0.02748633611151034
1209,fdiv,8,0.8,0.08641073297370003
1209,fric_prob,-8,-0.8,0.08641073297370003
1209,fdiv_fund,-10,-1,0.02748633611151034
1209,feve_fund,-10,-1,0.02748633611151034
1209,fdis_prob,-8,-0.8,0.08641073297370003
1209,fmpd_prob,-10,-1,0.02748633611151034
1209,raoq_fund,-8,-0.8,0.08641073297370003
1209,cwm_pc1,-10,-1,0.02748633611151034
1209,cwm_pc2,10,1,0.02748633611151034
1209,pd_prob_mctavish,10,1,0.02748633611151034
1209,mpd_prob_mctavish,6,0.6,0.2206713619198468
1210,corrected_richness,10,1,0.02748633611151034
1210,shannon,10,1,0.02748633611151034
1210,inv_simpson,10,1,0.02748633611151034
1210,trait_volume,-10,-1,0.02748633611151034
1210,trait_dispersion,-10,-1,0.02748633611151034
1210,rao_q,-10,-1,0.02748633611151034
1210,feve,8,0.8,0.08641073297370003
1210,fdiv,8,0.8,0.08641073297370003
1210,fric_prob,-7,-0.7,0.1295513529044088
1210,fdiv_fund,-8,-0.8,0.08641073297370003
1210,feve_fund,-10,-1,0.02748633611151034
1210,fdis_prob,-6,-0.6,0.2206713619198468
1210,fmpd_prob,-10,-1,0.02748633611151034
1210,raoq_fund,-8,-0.8,0.08641073297370003
1210,cwm_pc1,-10,-1,0.02748633611151034
1210,cwm_pc2,10,1,0.02748633611151034
1210,pd_prob_mctavish,10,1,0.02748633611151034
1210,mpd_prob_mctavish,6,0.6,0.2206713619198468
1211,corrected_richness,10,1,0.02748633611151034
1211,shannon,10,1,0.02748633611151034
1211,inv_simpson,10,1,0.02748633611151034
1211,trait_volume,-10,-1,0.02748633611151034
1211,trait_dispersion,-10,-1,0.02748633611151034
1211,rao_q,-10,-1,0.02748633611151034
1211,feve,8,0.8,0.08641073297370003
1211,fdiv,8,0.8,0.08641073297370003
1211,fric_prob,3,0.3,0.5790997419539188
1211,fdiv_fund,-4,-0.4,0.4624327264504763
1211,feve_fund,-10,-1,0.02748633611151034
1211,fdis_prob,-10,-1,0.02748633611151034
1211,fmpd_prob,-10,-1,0.02748633611151034
1211,raoq_fund,-10,-1,0.02748633611151034
1211,cwm_pc1,-8,-0.8,0.08641073297370003
1211,cwm_pc2,8,0.8,0.08641073297370003
1211,pd_prob_mctavish,10,1,0.02748633611151034
1211,mpd_prob_mctavish,6,0.6,0.2206713619198468
1212,corrected_richness,10,1,0.02748633611151034
1212,shannon,10,1,0.02748633611151034
1212,inv_simpson,10,1,0.02748633611151034
1212,trait_volume,-10,-1,0.02748633611151034
1212,trait_dispersion,-10,-1,0.02748633611151034
1212,rao_q,-10,-1,0.02748633611151034
1212,feve,10,1,0.02748633611151034
1212,fdiv,4,0.4,0.4624327264504763
1212,fric_prob,-6,-0.6,0.2206713619198468
1212,fdiv_fund,-6,-0.6,0.2206713619198468
1212,feve_fund,-10,-1,0.02748633611151034
1212,fdis_prob,-4,-0.4,0.4624327264504763
1212,fmpd_prob,-10,-1,0.02748633611151034
1212,raoq_fund,-10,-1,0.02748633611151034
1212,cwm_pc1,-10,-1,0.02748633611151034
1212,cwm_pc2,10,1,0.02748633611151034
1212,pd_prob_mctavish,10,1,0.02748633611151034
1212,mpd_prob_mctavish,6,0.6,0.2206713619198468
1213,corrected_richness,10,1,0.02748633611151034
1213,shannon,10,1,0.02748633611151034
1213,inv_simpson,10,1,0.02748633611151034
1213,trait_volume,-10,-1,0.02748633611151034
1213,trait_dispersion,-10,-1,0.02748633611151034
1213,rao_q,-10,-1,0.02748633611151034
1213,feve,6,0.6,0.2206713619198468
1213,fdiv,8,0.8,0.08641073297370003
1213,fric_prob,0,0,1
1213,fdiv_fund,0,0,1
1213,feve_fund,-6,-0.6,0.2206713619198468
1213,fdis_prob,-10,-1,0.02748633611151034
1213,fmpd_prob,-10,-1,0.02748633611151034
1213,raoq_fund,-8,-0.8,0.08641073297370003
1213,cwm_pc1,-8,-0.8,0.08641073297370003
1213,cwm_pc2,8,0.8,0.08641073297370003
1213,pd_prob_mctavish,10,1,0.02748633611151034
1213,mpd_prob_mctavish,6,0.6,0.2206713619198468
1214,corrected_richness,10,1,0.02748633611151034
1214,shannon,10,1,0.02748633611151034
1214,inv_simpson,10,1,0.02748633611151034
1214,trait_volume,-10,-1,0.02748633611151034
1214,trait_dispersion,-10,-1,0.02748633611151034
1214,rao_q,-10,-1,0.02748633611151034
1214,feve,4,0.4,0.4624327264504763
1214,fdiv,6,0.6,0.2206713619198468
1214,fric_prob,1,0.1,1
1214,fdiv_fund,0,0,1
1214,feve_fund,-6,-0.6,0.2206713619198468
1214,fdis_prob,-10,-1,0.02748633611151034
1214,fmpd_prob,-10,-1,0.02748633611151034
1214,raoq_fund,-8,-0.8,0.08641073297370003
1214,cwm_pc1,-10,-1,0.02748633611151034
1214,cwm_pc2,10,1,0.02748633611151034
1214,pd_prob_mctavish,10,1,0.02748633611151034
1214,mpd_prob_mctavish,6,0.6,0.2206713619198468
1215,corrected_richness,10,1,0.02748633611151034
1215,shannon,10,1,0.02748633611151034
1215,inv_simpson,10,1,0.02748633611151034
1215,trait_volume,-10,-1,0.02748633611151034
1215,trait_dispersion,-10,-1,0.02748633611151034
1215,rao_q,-10,-1,0.02748633611151034
1215,feve,8,0.8,0.08641073297370003
1215,fdiv,6,0.6,0.2206713619198468
1215,fric_prob,2,0.2,0.8064959405073402
1215,fdiv_fund,2,0.2,0.8064959405073402
1215,feve_fund,-10,-1,0.02748633611151034
1215,fdis_prob,-6,-0.6,0.2206713619198468
1215,fmpd_prob,-10,-1,0.02748633611151034
1215,raoq_fund,-8,-0.8,0.08641073297370003
1215,cwm_pc1,-8,-0.8,0.08641073297370003
1215,cwm_pc2,10,1,0.02748633611151034
1215,pd_prob_mctavish,10,1,0.02748633611151034
1215,mpd_prob_mctavish,6,0.6,0.2206713619198468
1216,corrected_richness,10,1,0.02748633611151034
1216,shannon,10,1,0.02748633611151034
1216,inv_simpson,10,1,0.02748633611151034
1216,trait_volume,-10,-1,0.02748633611151034
1216,trait_dispersion,-10,-1,0.02748633611151034
1216,rao_q,-10,-1,0.02748633611151034
1216,feve,8,0.8,0.08641073297370003
1216,fdiv,0,0,1
1216,fric_prob,2,0.2,0.8064959405073402
1216,fdiv_fund,2,0.2,0.8064959405073402
1216,feve_fund,-10,-1,0.02748633611151034
1216,fdis_prob,-2,-0.2,0.8064959405073402
1216,fmpd_prob,-10,-1,0.02748633611151034
1216,raoq_fund,-4,-0.4,0.4624327264504763
1216,cwm_pc1,-10,-1,0.02748633611151034
1216,cwm_pc2,10,1,0.02748633611151034
1216,pd_prob_mctavish,10,1,0.02748633611151034
1216,mpd_prob_mctavish,6,0.6,0.2206713619198468
1234,corrected_richness,10,1,0.02748633611151034
1234,shannon,10,1,0.02748633611151034
1234,inv_simpson,10,1,0.02748633611151034
1234,trait_volume,-4,-0.4,0.4624327264504763
1234,trait_dispersion,6,0.6,0.2206713619198468
1234,rao_q,0,0,1
1234,feve,10,1,0.02748633611151034
1234,fdiv,-8,-0.8,0.08641073297370003
1234,fric_prob,10,1,0.02748633611151034
1234,fdiv_fund,2,0.2,0.8064959405073402
1234,feve_fund,-10,-1,0.02748633611151034
1234,fdis_prob,8,0.8,0.08641073297370003
1234,fmpd_prob,-2,-0.2,0.8064959405073402
1234,raoq_fund,8,0.8,0.08641073297370003
1234,cwm_pc1,-10,-1,0.02748633611151034
1234,cwm_pc2,10,1,0.02748633611151034
1234,pd_prob_mctavish,10,1,0.02748633611151034
1234,mpd_prob_mctavish,10,1,0.02748633611151034
1235,corrected_richness,10,1,0.02748633611151034
1235,shannon,10,1,0.02748633611151034
1235,inv_simpson,10,1,0.02748633611151034
1235,trait_volume,-6,-0.6,0.2206713619198468
1235,trait_dispersion,4,0.4,0.4624327264504763
1235,rao_q,-2,-0.2,0.8064959405073402
1235,feve,10,1,0.02748633611151034
1235,fdiv,-8,-0.8,0.08641073297370003
1235,fric_prob,5,0.5,0.3122163883433193
1235,fdiv_fund,2,0.2,0.8064959405073402
1235,feve_fund,-10,-1,0.02748633611151034
1235,fdis_prob,4,0.4,0.4624327264504763
1235,fmpd_prob,-2,-0.2,0.8064959405073402
1235,raoq_fund,0,0,1
1235,cwm_pc1,-10,-1,0.02748633611151034
1235,cwm_pc2,10,1,0.02748633611151034
1235,pd_prob_mctavish,10,1,0.02748633611151034
1235,mpd_prob_mctavish,10,1,0.02748633611151034
1236,corrected_richness,10,1,0.02748633611151034
1236,shannon,10,1,0.02748633611151034
1236,inv_simpson,10,1,0.02748633611151034
1236,trait_volume,-6,-0.6,0.2206713619198468
1236,trait_dispersion,4,0.4,0.4624327264504763
1236,rao_q,-4,-0.4,0.4624327264504763
1236,feve,10,1,0.02748633611151034
1236,fdiv,-8,-0.8,0.08641073297370003
1236,fric_prob,4,0.4,0.4624327264504763
1236,fdiv_fund,-4,-0.4,0.4624327264504763
1236,feve_fund,-10,-1,0.02748633611151034
1236,fdis_prob,4,0.4,0.4624327264504763
1236,fmpd_prob,-6,-0.6,0.2206713619198468
1236,raoq_fund,0,0,1
1236,cwm_pc1,-10,-1,0.02748633611151034
1236,cwm_pc2,10,1,0.02748633611151034
1236,pd_prob_mctavish,10,1,0.02748633611151034
1236,mpd_prob_mctavish,10,1,0.02748633611151034
1237,corrected_richness,10,1,0.02748633611151034
1237,shannon,10,1,0.02748633611151034
1237,inv_simpson,10,1,0.02748633611151034
1237,trait_volume,-6,-0.6,0.2206713619198468
1237,trait_dispersion,4,0.4,0.4624327264504763
1237,rao_q,-6,-0.6,0.2206713619198468
1237,feve,10,1,0.02748633611151034
1237,fdiv,-8,-0.8,0.08641073297370003
1237,fric_prob,6,0.6,0.2206713619198468
1237,fdiv_fund,-2,-0.2,0.8064959405073402
1237,feve_fund,-10,-1,0.02748633611151034
1237,fdis_prob,4,0.4,0.4624327264504763
1237,fmpd_prob,-8,-0.8,0.08641073297370003
1237,raoq_fund,-4,-0.4,0.4624327264504763
1237,cwm_pc1,-10,-1,0.02748633611151034
1237,cwm_pc2,10,1,0.02748633611151034
1237,pd_prob_mctavish,10,1,0.02748633611151034
1237,mpd_prob_mctavish,10,1,0.02748633611151034
1238,corrected_richness,10,1,0.02748633611151034
1238,shannon,10,1,0.02748633611151034
1238,inv_simpson,10,1,0.02748633611151034
1238,trait_volume,-6,-0.6,0.2206713619198468
1238,trait_dispersion,4,0.4,0.4624327264504763
1238,rao_q,-8,-0.8,0.08641073297370003
1238,feve,10,1,0.02748633611151034
1238,fdiv,-8,-0.8,0.08641073297370003
1238,fric_prob,0,0,1
1238,fdiv_fund,-2,-0.2,0.8064959405073402
1238,feve_fund,-10,-1,0.02748633611151034
1238,fdis_prob,2,0.2,0.8064959405073402
1238,fmpd_prob,-8,-0.8,0.08641073297370003
1238,raoq_fund,-4,-0.4,0.4624327264504763
1238,cwm_pc1,-10,-1,0.02748633611151034
1238,cwm_pc2,10,1,0.02748633611151034
1238,pd_prob_mctavish,10,1,0.02748633611151034
1238,mpd_prob_mctavish,10,1,0.02748633611151034
1239,corrected_richness,10,1,0.02748633611151034
1239,shannon,10,1,0.02748633611151034
1239,inv_simpson,10,1,0.02748633611151034
1239,trait_volume,-8,-0.8,0.08641073297370003
1239,trait_dispersion,6,0.6,0.2206713619198468
1239,rao_q,-8,-0.8,0.08641073297370003
1239,feve,10,1,0.02748633611151034
1239,fdiv,-8,-0.8,0.08641073297370003
1239,fric_prob,-4,-0.4,0.4624327264504763
1239,fdiv_fund,-6,-0.6,0.2206713619198468
1239,feve_fund,-10,-1,0.02748633611151034
1239,fdis_prob,2,0.2,0.8064959405073402
1239,fmpd_prob,-8,-0.8,0.08641073297370003
1239,raoq_fund,-8,-0.8,0.08641073297370003
1239,cwm_pc1,-10,-1,0.02748633611151034
1239,cwm_pc2,10,1,0.02748633611151034
1239,pd_prob_mctavish,10,1,0.02748633611151034
1239,mpd_prob_mctavish,10,1,0.02748633611151034
1240,corrected_richness,10,1,0.02748633611151034
1240,shannon,10,1,0.02748633611151034
1240,inv_simpson,10,1,0.02748633611151034
1240,trait_volume,-8,-0.8,0.08641073297370003
1240,trait_dispersion,8,0.8,0.08641073297370003
1240,rao_q,-8,-0.8,0.08641073297370003
1240,feve,10,1,0.02748633611151034
1240,fdiv,-8,-0.8,0.08641073297370003
1240,fric_prob,-2,-0.2,0.8064959405073402
1240,fdiv_fund,-2,-0.2,0.8064959405073402
1240,feve_fund,-8,-0.8,0.08641073297370003
1240,fdis_prob,6,0.6,0.2206713619198468
1240,fmpd_prob,-8,-0.8,0.08641073297370003
1240,raoq_fund,-6,-0.6,0.2206713619198468
1240,cwm_pc1,-10,-1,0.02748633611151034
1240,cwm_pc2,10,1,0.02748633611151034
1240,pd_prob_mctavish,10,1,0.02748633611151034
1240,mpd_prob_mctavish,10,1,0.02748633611151034
1241,corrected_richness,10,1,0.02748633611151034
1241,shannon,10,1,0.02748633611151034
1241,inv_simpson,10,1,0.02748633611151034
1241,trait_volume,-6,-0.6,0.2206713619198468
1241,trait_dispersion,8,0.8,0.08641073297370003
1241,rao_q,0,0,1
1241,feve,10,1,0.02748633611151034
1241,fdiv,-8,-0.8,0.08641073297370003
1241,fric_prob,-4,-0.4,0.4624327264504763
1241,fdiv_fund,-2,-0.2,0.8064959405073402
1241,feve_fund,-6,-0.6,0.2206713619198468
1241,fdis_prob,10,1,0.02748633611151034
1241,fmpd_prob,-4,-0.4,0.4624327264504763
1241,raoq_fund,6,0.6,0.2206713619198468
1241,cwm_pc1,-10,-1,0.02748633611151034
1241,cwm_pc2,10,1,0.02748633611151034
1241,pd_prob_mctavish,10,1,0.02748633611151034
1241,mpd_prob_mctavish,10,1,0.02748633611151034
1242,corrected_richness,10,1,0.02748633611151034
1242,shannon,10,1,0.02748633611151034
1242,inv_simpson,10,1,0.02748633611151034
1242,trait_volume,-10,-1,0.02748633611151034
1242,trait_dispersion,2,0.2,0.8064959405073402
1242,rao_q,-10,-1,0.02748633611151034
1242,feve,10,1,0.02748633611151034
1242,fdiv,-6,-0.6,0.2206713619198468
1242,fric_prob,8,0.8,0.08641073297370003
1242,fdiv_fund,0,0,1
1242,feve_fund,-8,-0.8,0.08641073297370003
1242,fdis_prob,-2,-0.2,0.8064959405073402
1242,fmpd_prob,-10,-1,0.02748633611151034
1242,raoq_fund,-2,-0.2,0.8064959405073402
1242,cwm_pc1,-10,-1,0.02748633611151034
1242,cwm_pc2,2,0.2,0.8064959405073402
1242,pd_prob_mctavish,10,1,0.02748633611151034
1242,mpd_prob_mctavish,10,1,0.02748633611151034
1243,corrected_richness,10,1,0.02748633611151034
1243,shannon,10,1,0.02748633611151034
1243,inv_simpson,10,1,0.02748633611151034
1243,trait_volume,-2,-0.2,0.8064959405073402
1243,trait_dispersion,6,0.6,0.2206713619198468
1243,rao_q,0,0,1
1243,feve,10,1,0.02748633611151034
1243,fdiv,-8,-0.8,0.08641073297370003
1243,fric_prob,6,0.6,0.2206713619198468
1243,fdiv_fund,4,0.4,0.4624327264504763
1243,feve_fund,-8,-0.8,0.08641073297370003
1243,fdis_prob,4,0.4,0.4624327264504763
1243,fmpd_prob,0,0,1
1243,raoq_fund,-4,-0.4,0.4624327264504763
1243,cwm_pc1,-10,-1,0.02748633611151034
1243,cwm_pc2,6,0.6,0.2206713619198468
1243,pd_prob_mctavish,10,1,0.02748633611151034
1243,mpd_prob_mctavish,10,1,0.02748633611151034
1244,corrected_richness,10,1,0.02748633611151034
1244,shannon,10,1,0.02748633611151034
1244,inv_simpson,10,1,0.02748633611151034
1244,trait_volume,-6,-0.6,0.2206713619198468
1244,trait_dispersion,6,0.6,0.2206713619198468
1244,rao_q,-2,-0.2,0.8064959405073402
1244,feve,10,1,0.02748633611151034
1244,fdiv,-8,-0.8,0.08641073297370003
1244,fric_prob,6,0.6,0.2206713619198468
1244,fdiv_fund,8,0.8,0.08641073297370003
1244,feve_fund,-8,-0.8,0.08641073297370003
1244,fdis_prob,4,0.4,0.4624327264504763
1244,fmpd_prob,-2,-0.2,0.8064959405073402
1244,raoq_fund,-4,-0.4,0.4624327264504763
1244,cwm_pc1,-10,-1,0.02748633611151034
1244,cwm_pc2,6,0.6,0.2206713619198468
1244,pd_prob_mctavish,10,1,0.02748633611151034
1244,mpd_prob_mctavish,10,1,0.02748633611151034
1246,corrected_richness,10,1,0.02748633611151034
1246,shannon,10,1,0.02748633611151034
1246,inv_simpson,10,1,0.02748633611151034
1246,trait_volume,-6,-0.6,0.2206713619198468
1246,trait_dispersion,8,0.8,0.08641073297370003
1246,rao_q,4,0.4,0.4624327264504763
1246,feve,10,1,0.02748633611151034
1246,fdiv,-8,-0.8,0.08641073297370003
1246,fric_prob,0,0,1
1246,fdiv_fund,8,0.8,0.08641073297370003
1246,feve_fund,-8,-0.8,0.08641073297370003
1246,fdis_prob,6,0.6,0.2206713619198468
1246,fmpd_prob,2,0.2,0.8064959405073402
1246,raoq_fund,0,0,1
1246,cwm_pc1,-10,-1,0.02748633611151034
1246,cwm_pc2,8,0.8,0.08641073297370003
1246,pd_prob_mctavish,10,1,0.02748633611151034
1246,mpd_prob_mctavish,10,1,0.02748633611151034
1247,corrected_richness,10,1,0.02748633611151034
1247,shannon,10,1,0.02748633611151034
1247,inv_simpson,10,1,0.02748633611151034
1247,trait_volume,-8,-0.8,0.08641073297370003
1247,trait_dispersion,8,0.8,0.08641073297370003
1247,rao_q,-2,-0.2,0.8064959405073402
1247,feve,10,1,0.02748633611151034
1247,fdiv,-8,-0.8,0.08641073297370003
1247,fric_prob,-4,-0.4,0.4624327264504763
1247,fdiv_fund,10,1,0.02748633611151034
1247,feve_fund,-8,-0.8,0.08641073297370003
1247,fdis_prob,8,0.8,0.08641073297370003
1247,fmpd_prob,-2,-0.2,0.8064959405073402
1247,raoq_fund,6,0.6,0.2206713619198468
1247,cwm_pc1,-10,-1,0.02748633611151034
1247,cwm_pc2,8,0.8,0.08641073297370003
1247,pd_prob_mctavish,10,1,0.02748633611151034
1247,mpd_prob_mctavish,10,1,0.02748633611151034
1248,corrected_richness,10,1,0.02748633611151034
1248,shannon,10,1,0.02748633611151034
1248,inv_simpson,10,1,0.02748633611151034
1248,trait_volume,-8,-0.8,0.08641073297370003
1248,trait_dispersion,8,0.8,0.08641073297370003
1248,rao_q,2,0.2,0.8064959405073402
1248,feve,10,1,0.02748633611151034
1248,fdiv,-8,-0.8,0.08641073297370003
1248,fric_prob,-6,-0.6,0.19169460205188804
1248,fdiv_fund,8,0.8,0.08641073297370003
1248,feve_fund,-8,-0.8,0.08641073297370003
1248,fdis_prob,8,0.8,0.08641073297370003
1248,fmpd_prob,2,0.2,0.8064959405073402
1248,raoq_fund,8,0.8,0.08641073297370003
1248,cwm_pc1,-10,-1,0.02748633611151034
1248,cwm_pc2,8,0.8,0.08641073297370003
1248,pd_prob_mctavish,10,1,0.02748633611151034
1248,mpd_prob_mctavish,10,1,0.02748633611151034
1249,corrected_richness,10,1,0.02748633611151034
1249,shannon,10,1,0.02748633611151034
1249,inv_simpson,10,1,0.02748633611151034
1249,trait_volume,-8,-0.8,0.08641073297370003
1249,trait_dispersion,8,0.8,0.08641073297370003
1249,rao_q,4,0.4,0.4624327264504763
1249,feve,10,1,0.02748633611151034
1249,fdiv,-8,-0.8,0.08641073297370003
1249,fric_prob,-2,-0.2,0.7236736098317631
1249,fdiv_fund,8,0.8,0.08641073297370003
1249,feve_fund,-6,-0.6,0.2206713619198468
1249,fdis_prob,8,0.8,0.08641073297370003
1249,fmpd_prob,0,0,1
1249,raoq_fund,10,1,0.02748633611151034
1249,cwm_pc1,-10,-1,0.02748633611151034
1249,cwm_pc2,8,0.8,0.08641073297370003
1249,pd_prob_mctavish,10,1,0.02748633611151034
1249,mpd_prob_mctavish,10,1,0.02748633611151034
1268,corrected_richness,10,1,0.02748633611151034
1268,shannon,10,1,0.02748633611151034
1268,inv_simpson,10,1,0.02748633611151034
1268,trait_volume,-10,-1,0.02748633611151034
1268,trait_dispersion,-10,-1,0.02748633611151034
1268,rao_q,-10,-1,0.02748633611151034
1268,feve,4,0.4,0.4624327264504763
1268,fdiv,6,0.6,0.2206713619198468
1268,fric_prob,-4,-0.4,0.4624327264504763
1268,fdiv_fund,-8,-0.8,0.08641073297370003
1268,feve_fund,-10,-1,0.02748633611151034
1268,fdis_prob,-8,-0.8,0.08641073297370003
1268,fmpd_prob,-10,-1,0.02748633611151034
1268,raoq_fund,-8,-0.8,0.08641073297370003
1268,cwm_pc1,-8,-0.8,0.08641073297370003
1268,cwm_pc2,8,0.8,0.08641073297370003
1268,pd_prob_mctavish,10,1,0.02748633611151034
1268,mpd_prob_mctavish,6,0.6,0.2206713619198468
1269,corrected_richness,10,1,0.02748633611151034
1269,shannon,10,1,0.02748633611151034
1269,inv_simpson,10,1,0.02748633611151034
1269,trait_volume,-10,-1,0.02748633611151034
1269,trait_dispersion,-10,-1,0.02748633611151034
1269,rao_q,-10,-1,0.02748633611151034
1269,feve,6,0.6,0.2206713619198468
1269,fdiv,6,0.6,0.2206713619198468
1269,fric_prob,-6,-0.6,0.2206713619198468
1269,fdiv_fund,-10,-1,0.02748633611151034
1269,feve_fund,-10,-1,0.02748633611151034
1269,fdis_prob,-10,-1,0.02748633611151034
1269,fmpd_prob,-10,-1,0.02748633611151034
1269,raoq_fund,-10,-1,0.02748633611151034
1269,cwm_pc1,-8,-0.8,0.08641073297370003
1269,cwm_pc2,8,0.8,0.08641073297370003
1269,pd_prob_mctavish,10,1,0.02748633611151034
1269,mpd_prob_mctavish,6,0.6,0.2206713619198468
1270,corrected_richness,10,1,0.02748633611151034
1270,shannon,10,1,0.02748633611151034
1270,inv_simpson,10,1,0.02748633611151034
1270,trait_volume,-10,-1,0.02748633611151034
1270,trait_dispersion,-10,-1,0.02748633611151034
1270,rao_q,-10,-1,0.02748633611151034
1270,feve,6,0.6,0.2206713619198468
1270,fdiv,6,0.6,0.2206713619198468
1270,fric_prob,-4,-0.4,0.4624327264504763
1270,fdiv_fund,-8,-0.8,0.08641073297370003
1270,feve_fund,-10,-1,0.02748633611151034
1270,fdis_prob,-10,-1,0.02748633611151034
1270,fmpd_prob,-10,-1,0.02748633611151034
1270,raoq_fund,-10,-1,0.02748633611151034
1270,cwm_pc1,-8,-0.8,0.08641073297370003
1270,cwm_pc2,8,0.8,0.08641073297370003
1270,pd_prob_mctavish,10,1,0.02748633611151034
1270,mpd_prob_mctavish,6,0.6,0.2206713619198468
1271,corrected_richness,10,1,0.02748633611151034
1271,shannon,10,1,0.02748633611151034
1271,inv_simpson,10,1,0.02748633611151034
1271,trait_volume,-8,-0.8,0.08641073297370003
1271,trait_dispersion,-10,-1,0.02748633611151034
1271,rao_q,-10,-1,0.02748633611151034
1271,feve,6,0.6,0.2206713619198468
1271,fdiv,6,0.6,0.2206713619198468
1271,fric_prob,-4,-0.4,0.4624327264504763
1271,fdiv_fund,-6,-0.6,0.2206713619198468
1271,feve_fund,-10,-1,0.02748633611151034
1271,fdis_prob,-6,-0.6,0.2206713619198468
1271,fmpd_prob,-10,-1,0.02748633611151034
1271,raoq_fund,-4,-0.4,0.4624327264504763
1271,cwm_pc1,-10,-1,0.02748633611151034
1271,cwm_pc2,10,1,0.02748633611151034
1271,pd_prob_mctavish,10,1,0.02748633611151034
1271,mpd_prob_mctavish,4,0.4,0.4624327264504763
1272,corrected_richness,10,1,0.02748633611151034
1272,shannon,10,1,0.02748633611151034
1272,inv_simpson,10,1,0.02748633611151034
1272,trait_volume,-8,-0.8,0.08641073297370003
1272,trait_dispersion,-8,-0.8,0.08641073297370003
1272,rao_q,-10,-1,0.02748633611151034
1272,feve,6,0.6,0.2206713619198468
1272,fdiv,4,0.4,0.4624327264504763
1272,fric_prob,2,0.2,0.8064959405073402
1272,fdiv_fund,-2,-0.2,0.8064959405073402
1272,feve_fund,-10,-1,0.02748633611151034
1272,fdis_prob,-6,-0.6,0.2206713619198468
1272,fmpd_prob,-10,-1,0.02748633611151034
1272,raoq_fund,-4,-0.4,0.4624327264504763
1272,cwm_pc1,-10,-1,0.02748633611151034
1272,cwm_pc2,8,0.8,0.08641073297370003
1272,pd_prob_mctavish,10,1,0.02748633611151034
1272,mpd_prob_mctavish,4,0.4,0.4624327264504763
1273,corrected_richness,10,1,0.02748633611151034
1273,shannon,10,1,0.02748633611151034
1273,inv_simpson,10,1,0.02748633611151034
1273,trait_volume,-8,-0.8,0.08641073297370003
1273,trait_dispersion,-8,-0.8,0.08641073297370003
1273,rao_q,-10,-1,0.02748633611151034
1273,feve,4,0.4,0.4624327264504763
1273,fdiv,4,0.4,0.4624327264504763
1273,fric_prob,4,0.4,0.4624327264504763
1273,fdiv_fund,0,0,1
1273,feve_fund,-8,-0.8,0.08641073297370003
1273,fdis_prob,-2,-0.2,0.8064959405073402
1273,fmpd_prob,-10,-1,0.02748633611151034
1273,raoq_fund,-4,-0.4,0.4624327264504763
1273,cwm_pc1,-10,-1,0.02748633611151034
1273,cwm_pc2,10,1,0.02748633611151034
1273,pd_prob_mctavish,10,1,0.02748633611151034
1273,mpd_prob_mctavish,4,0.4,0.4624327264504763
1274,corrected_richness,10,1,0.02748633611151034
1274,shannon,10,1,0.02748633611151034
1274,inv_simpson,10,1,0.02748633611151034
1274,trait_volume,-10,-1,0.02748633611151034
1274,trait_dispersion,-10,-1,0.02748633611151034
1274,rao_q,-10,-1,0.02748633611151034
1274,feve,4,0.4,0.4624327264504763
1274,fdiv,4,0.4,0.4624327264504763
1274,fric_prob,2,0.2,0.8064959405073402
1274,fdiv_fund,-4,-0.4,0.4624327264504763
1274,feve_fund,-8,-0.8,0.08641073297370003
1274,fdis_prob,-4,-0.4,0.4624327264504763
1274,fmpd_prob,-10,-1,0.02748633611151034
1274,raoq_fund,-4,-0.4,0.4624327264504763
1274,cwm_pc1,-10,-1,0.02748633611151034
1274,cwm_pc2,10,1,0.02748633611151034
1274,pd_prob_mctavish,10,1,0.02748633611151034
1274,mpd_prob_mctavish,4,0.4,0.4624327264504763
1275,corrected_richness,10,1,0.02748633611151034
1275,shannon,10,1,0.02748633611151034
1275,inv_simpson,10,1,0.02748633611151034
1275,trait_volume,-10,-1,0.02748633611151034
1275,trait_dispersion,-10,-1,0.02748633611151034
1275,rao_q,-10,-1,0.02748633611151034
1275,feve,6,0.6,0.2206713619198468
1275,fdiv,6,0.6,0.2206713619198468
1275,fric_prob,-2,-0.2,0.8064959405073402
1275,fdiv_fund,-4,-0.4,0.4624327264504763
1275,feve_fund,-8,-0.8,0.08641073297370003
1275,fdis_prob,-6,-0.6,0.2206713619198468
1275,fmpd_prob,-10,-1,0.02748633611151034
1275,raoq_fund,-6,-0.6,0.2206713619198468
1275,cwm_pc1,-10,-1,0.02748633611151034
1275,cwm_pc2,10,1,0.02748633611151034
1275,pd_prob_mctavish,10,1,0.02748633611151034
1275,mpd_prob_mctavish,4,0.4,0.4624327264504763
1276,corrected_richness,10,1,0.02748633611151034
1276,shannon,10,1,0.02748633611151034
1276,inv_simpson,10,1,0.02748633611151034
1276,trait_volume,-10,-1,0.02748633611151034
1276,trait_dispersion,-10,-1,0.02748633611151034
1276,rao_q,-10,-1,0.02748633611151034
1276,feve,8,0.8,0.08641073297370003
1276,fdiv,6,0.6,0.2206713619198468
1276,fric_prob,4,0.4,0.4624327264504763
1276,fdiv_fund,-8,-0.8,0.08641073297370003
1276,feve_fund,-8,-0.8,0.08641073297370003
1276,fdis_prob,-8,-0.8,0.08641073297370003
1276,fmpd_prob,-10,-1,0.02748633611151034
1276,raoq_fund,-10,-1,0.02748633611151034
1276,cwm_pc1,-8,-0.8,0.08641073297370003
1276,cwm_pc2,10,1,0.02748633611151034
1276,pd_prob_mctavish,10,1,0.02748633611151034
1276,mpd_prob_mctavish,-2,-0.2,0.8064959405073402
1277,corrected_richness,10,1,0.02748633611151034
1277,shannon,10,1,0.02748633611151034
1277,inv_simpson,10,1,0.02748633611151034
1277,trait_volume,-10,-1,0.02748633611151034
1277,trait_dispersion,-10,-1,0.02748633611151034
1277,rao_q,-10,-1,0.02748633611151034
1277,feve,8,0.8,0.08641073297370003
1277,fdiv,6,0.6,0.2206713619198468
1277,fric_prob,0,0,1
1277,fdiv_fund,-2,-0.2,0.8064959405073402
1277,feve_fund,-8,-0.8,0.08641073297370003
1277,fdis_prob,-10,-1,0.02748633611151034
1277,fmpd_prob,-10,-1,0.02748633611151034
1277,raoq_fund,-10,-1,0.02748633611151034
1277,cwm_pc1,-8,-0.8,0.08641073297370003
1277,cwm_pc2,10,1,0.02748633611151034
1277,pd_prob_mctavish,10,1,0.02748633611151034
1277,mpd_prob_mctavish,-2,-0.2,0.8064959405073402
1279,corrected_richness,10,1,0.02748633611151034
1279,shannon,10,1,0.02748633611151034
1279,inv_simpson,10,1,0.02748633611151034
1279,trait_volume,-10,-1,0.02748633611151034
1279,trait_dispersion,-10,-1,0.02748633611151034
1279,rao_q,-10,-1,0.02748633611151034
1279,feve,10,1,0.02748633611151034
1279,fdiv,6,0.6,0.2206713619198468
1279,fric_prob,-6,-0.6,0.2206713619198468
1279,fdiv_fund,-6,-0.6,0.2206713619198468
1279,feve_fund,-10,-1,0.02748633611151034
1279,fdis_prob,-10,-1,0.02748633611151034
1279,fmpd_prob,-10,-1,0.02748633611151034
1279,raoq_fund,-10,-1,0.02748633611151034
1279,cwm_pc1,-10,-1,0.02748633611151034
1279,cwm_pc2,10,1,0.02748633611151034
1279,pd_prob_mctavish,10,1,0.02748633611151034
1279,mpd_prob_mctavish,-2,-0.2,0.8064959405073402
1280,corrected_richness,10,1,0.02748633611151034
1280,shannon,10,1,0.02748633611151034
1280,inv_simpson,10,1,0.02748633611151034
1280,trait_volume,-10,-1,0.02748633611151034
1280,trait_dispersion,-10,-1,0.02748633611151034
1280,rao_q,-10,-1,0.02748633611151034
1280,feve,10,1,0.02748633611151034
1280,fdiv,6,0.6,0.2206713619198468
1280,fric_prob,-6,-0.6,0.2206713619198468
1280,fdiv_fund,-6,-0.6,0.2206713619198468
1280,feve_fund,-10,-1,0.02748633611151034
1280,fdis_prob,-10,-1,0.02748633611151034
1280,fmpd_prob,-10,-1,0.02748633611151034
1280,raoq_fund,-10,-1,0.02748633611151034
1280,cwm_pc1,-8,-0.8,0.08641073297370003
1280,cwm_pc2,8,0.8,0.08641073297370003
1280,pd_prob_mctavish,10,1,0.02748633611151034
1280,mpd_prob_mctavish,4,0.4,0.4624327264504763
1281,corrected_richness,10,1,0.02748633611151034
1281,shannon,10,1,0.02748633611151034
1281,inv_simpson,10,1,0.02748633611151034
1281,trait_volume,-10,-1,0.02748633611151034
1281,trait_dispersion,-10,-1,0.02748633611151034
1281,rao_q,-10,-1,0.02748633611151034
1281,feve,10,1,0.02748633611151034
1281,fdiv,6,0.6,0.2206713619198468
1281,fric_prob,-6,-0.6,0.2206713619198468
1281,fdiv_fund,-6,-0.6,0.2206713619198468
1281,feve_fund,-10,-1,0.02748633611151034
1281,fdis_prob,-10,-1,0.02748633611151034
1281,fmpd_prob,-10,-1,0.02748633611151034
1281,raoq_fund,-10,-1,0.02748633611151034
1281,cwm_pc1,-4,-0.4,0.4624327264504763
1281,cwm_pc2,8,0.8,0.08641073297370003
1281,pd_prob_mctavish,10,1,0.02748633611151034
1281,mpd_prob_mctavish,4,0.4,0.4624327264504763
1282,corrected_richness,10,1,0.02748633611151034
1282,shannon,10,1,0.02748633611151034
1282,inv_simpson,10,1,0.02748633611151034
1282,trait_volume,-10,-1,0.02748633611151034
1282,trait_dispersion,-10,-1,0.02748633611151034
1282,rao_q,-10,-1,0.02748633611151034
1282,feve,10,1,0.02748633611151034
1282,fdiv,8,0.8,0.08641073297370003
1282,fric_prob,-6,-0.6,0.2206713619198468
1282,fdiv_fund,-6,-0.6,0.2206713619198468
1282,feve_fund,-10,-1,0.02748633611151034
1282,fdis_prob,-10,-1,0.02748633611151034
1282,fmpd_prob,-10,-1,0.02748633611151034
1282,raoq_fund,-10,-1,0.02748633611151034
1282,cwm_pc1,-2,-0.2,0.8064959405073402
1282,cwm_pc2,8,0.8,0.08641073297370003
1282,pd_prob_mctavish,10,1,0.02748633611151034
1282,mpd_prob_mctavish,6,0.6,0.2206713619198468
1283,corrected_richness,10,1,0.02748633611151034
1283,shannon,10,1,0.02748633611151034
1283,inv_simpson,10,1,0.02748633611151034
1283,trait_volume,-10,-1,0.02748633611151034
1283,trait_dispersion,-10,-1,0.02748633611151034
1283,rao_q,-10,-1,0.02748633611151034
1283,feve,10,1,0.02748633611151034
1283,fdiv,8,0.8,0.08641073297370003
1283,fric_prob,-6,-0.6,0.2206713619198468
1283,fdiv_fund,-6,-0.6,0.2206713619198468
1283,feve_fund,-10,-1,0.02748633611151034
1283,fdis_prob,-10,-1,0.02748633611151034
1283,fmpd_prob,-10,-1,0.02748633611151034
1283,raoq_fund,-10,-1,0.02748633611151034
1283,cwm_pc1,2,0.2,0.8064959405073402
1283,cwm_pc2,2,0.2,0.8064959405073402
1283,pd_prob_mctavish,10,1,0.02748633611151034
1283,mpd_prob_mctavish,6,0.6,0.2206713619198468
1284,corrected_richness,10,1,0.02748633611151034
1284,shannon,10,1,0.02748633611151034
1284,inv_simpson,10,1,0.02748633611151034
1284,trait_volume,-10,-1,0.02748633611151034
1284,trait_dispersion,-10,-1,0.02748633611151034
1284,rao_q,-10,-1,0.02748633611151034
1284,feve,10,1,0.02748633611151034
1284,fdiv,8,0.8,0.08641073297370003
1284,fric_prob,-6,-0.6,0.2206713619198468
1284,fdiv_fund,-6,-0.6,0.2206713619198468
1284,feve_fund,-10,-1,0.02748633611151034
1284,fdis_prob,-10,-1,0.02748633611151034
1284,fmpd_prob,-10,-1,0.02748633611151034
1284,raoq_fund,-10,-1,0.02748633611151034
1284,cwm_pc1,4,0.4,0.4624327264504763
1284,cwm_pc2,-6,-0.6,0.2206713619198468
1284,pd_prob_mctavish,10,1,0.02748633611151034
1284,mpd_prob_mctavish,8,0.8,0.08641073297370003
1286,corrected_richness,10,1,0.02748633611151034
1286,shannon,10,1,0.02748633611151034
1286,inv_simpson,10,1,0.02748633611151034
1286,trait_volume,-10,-1,0.02748633611151034
1286,trait_dispersion,-10,-1,0.02748633611151034
1286,rao_q,-10,-1,0.02748633611151034
1286,feve,10,1,0.02748633611151034
1286,fdiv,8,0.8,0.08641073297370003
1286,fric_prob,-6,-0.6,0.2206713619198468
1286,fdiv_fund,-6,-0.6,0.2206713619198468
1286,feve_fund,-10,-1,0.02748633611151034
1286,fdis_prob,-10,-1,0.02748633611151034
1286,fmpd_prob,-10,-1,0.02748633611151034
1286,raoq_fund,-10,-1,0.02748633611151034
1286,cwm_pc1,4,0.4,0.4624327264504763
1286,cwm_pc2,2,0.2,0.8064959405073402
1286,pd_prob_mctavish,10,1,0.02748633611151034
1286,mpd_prob_mctavish,8,0.8,0.08641073297370003
1287,corrected_richness,10,1,0.02748633611151034
1287,shannon,10,1,0.02748633611151034
1287,inv_simpson,10,1,0.02748633611151034
1287,trait_volume,-10,-1,0.02748633611151034
1287,trait_dispersion,-10,-1,0.02748633611151034
1287,rao_q,-10,-1,0.02748633611151034
1287,feve,10,1,0.02748633611151034
1287,fdiv,8,0.8,0.08641073297370003
1287,fric_prob,-4,-0.4,0.4624327264504763
1287,fdiv_fund,-4,-0.4,0.4624327264504763
1287,feve_fund,-10,-1,0.02748633611151034
1287,fdis_prob,-10,-1,0.02748633611151034
1287,fmpd_prob,-10,-1,0.02748633611151034
1287,raoq_fund,-10,-1,0.02748633611151034
1287,cwm_pc1,6,0.6,0.2206713619198468
1287,cwm_pc2,-4,-0.4,0.4624327264504763
1287,pd_prob_mctavish,10,1,0.02748633611151034
1287,mpd_prob_mctavish,8,0.8,0.08641073297370003
1288,corrected_richness,10,1,0.02748633611151034
1288,shannon,10,1,0.02748633611151034
1288,inv_simpson,10,1,0.02748633611151034
1288,trait_volume,-10,-1,0.02748633611151034
1288,trait_dispersion,-10,-1,0.02748633611151034
1288,rao_q,-10,-1,0.02748633611151034
1288,feve,10,1,0.02748633611151034
1288,fdiv,8,0.8,0.08641073297370003
1288,fric_prob,-1,-0.1,1
1288,fdiv_fund,6,0.6,0.2206713619198468
1288,feve_fund,-10,-1,0.02748633611151034
1288,fdis_prob,-10,-1,0.02748633611151034
1288,fmpd_prob,-10,-1,0.02748633611151034
1288,raoq_fund,-10,-1,0.02748633611151034
1288,cwm_pc1,6,0.6,0.2206713619198468
1288,cwm_pc2,-6,-0.6,0.2206713619198468
1288,pd_prob_mctavish,10,1,0.02748633611151034
1288,mpd_prob_mctavish,6,0.6,0.2206713619198468
1289,corrected_richness,10,1,0.02748633611151034
1289,shannon,10,1,0.02748633611151034
1289,inv_simpson,10,1,0.02748633611151034
1289,trait_volume,-10,-1,0.02748633611151034
1289,trait_dispersion,-10,-1,0.02748633611151034
1289,rao_q,-10,-1,0.02748633611151034
1289,feve,10,1,0.02748633611151034
1289,fdiv,8,0.8,0.08641073297370003
1289,fric_prob,0,0,1
1289,fdiv_fund,0,0,1
1289,feve_fund,-10,-1,0.02748633611151034
1289,fdis_prob,-10,-1,0.02748633611151034
1289,fmpd_prob,-10,-1,0.02748633611151034
1289,raoq_fund,-10,-1,0.02748633611151034
1289,cwm_pc1,6,0.6,0.2206713619198468
1289,cwm_pc2,-6,-0.6,0.2206713619198468
1289,pd_prob_mctavish,10,1,0.02748633611151034
1289,mpd_prob_mctavish,4,0.4,0.4624327264504763
1305,corrected_richness,10,1,0.02748633611151034
1305,shannon,10,1,0.02748633611151034
1305,inv_simpson,10,1,0.02748633611151034
1305,trait_volume,-10,-1,0.02748633611151034
1305,trait_dispersion,-10,-1,0.02748633611151034
1305,rao_q,-10,-1,0.02748633611151034
1305,feve,10,1,0.02748633611151034
1305,fdiv,-6,-0.6,0.2206713619198468
1305,fric_prob,-4,-0.4,0.4624327264504763
1305,fdiv_fund,-10,-1,0.02748633611151034
1305,feve_fund,-10,-1,0.02748633611151034
1305,fdis_prob,-10,-1,0.02748633611151034
1305,fmpd_prob,-10,-1,0.02748633611151034
1305,raoq_fund,-10,-1,0.02748633611151034
1305,cwm_pc1,-8,-0.8,0.08641073297370003
1305,cwm_pc2,10,1,0.02748633611151034
1305,pd_prob_mctavish,10,1,0.02748633611151034
1305,mpd_prob_mctavish,10,1,0.02748633611151034
1306,corrected_richness,10,1,0.02748633611151034
1306,shannon,10,1,0.02748633611151034
1306,inv_simpson,10,1,0.02748633611151034
1306,trait_volume,-10,-1,0.02748633611151034
1306,trait_dispersion,-10,-1,0.02748633611151034
1306,rao_q,-10,-1,0.02748633611151034
1306,feve,10,1,0.02748633611151034
1306,fdiv,-4,-0.4,0.4624327264504763
1306,fric_prob,-8,-0.8,0.08641073297370003
1306,fdiv_fund,-10,-1,0.02748633611151034
1306,feve_fund,-10,-1,0.02748633611151034
1306,fdis_prob,-10,-1,0.02748633611151034
1306,fmpd_prob,-10,-1,0.02748633611151034
1306,raoq_fund,-10,-1,0.02748633611151034
1306,cwm_pc1,-8,-0.8,0.08641073297370003
1306,cwm_pc2,10,1,0.02748633611151034
1306,pd_prob_mctavish,10,1,0.02748633611151034
1306,mpd_prob_mctavish,10,1,0.02748633611151034
1307,corrected_richness,10,1,0.02748633611151034
1307,shannon,10,1,0.02748633611151034
1307,inv_simpson,10,1,0.02748633611151034
1307,trait_volume,-10,-1,0.02748633611151034
1307,trait_dispersion,-8,-0.8,0.08641073297370003
1307,rao_q,-10,-1,0.02748633611151034
1307,feve,10,1,0.02748633611151034
1307,fdiv,-8,-0.8,0.08641073297370003
1307,fric_prob,-6,-0.6,0.2206713619198468
1307,fdiv_fund,-6,-0.6,0.2206713619198468
1307,feve_fund,-10,-1,0.02748633611151034
1307,fdis_prob,-8,-0.8,0.08641073297370003
1307,fmpd_prob,-10,-1,0.02748633611151034
1307,raoq_fund,-8,-0.8,0.08641073297370003
1307,cwm_pc1,-10,-1,0.02748633611151034
1307,cwm_pc2,10,1,0.02748633611151034
1307,pd_prob_mctavish,10,1,0.02748633611151034
1307,mpd_prob_mctavish,10,1,0.02748633611151034
1308,corrected_richness,10,1,0.02748633611151034
1308,shannon,10,1,0.02748633611151034
1308,inv_simpson,10,1,0.02748633611151034
1308,trait_volume,-10,-1,0.02748633611151034
1308,trait_dispersion,-8,-0.8,0.08641073297370003
1308,rao_q,-10,-1,0.02748633611151034
1308,feve,10,1,0.02748633611151034
1308,fdiv,-8,-0.8,0.08641073297370003
1308,fric_prob,-6,-0.6,0.2206713619198468
1308,fdiv_fund,-6,-0.6,0.2206713619198468
1308,feve_fund,-10,-1,0.02748633611151034
1308,fdis_prob,-10,-1,0.02748633611151034
1308,fmpd_prob,-10,-1,0.02748633611151034
1308,raoq_fund,-10,-1,0.02748633611151034
1308,cwm_pc1,-10,-1,0.02748633611151034
1308,cwm_pc2,10,1,0.02748633611151034
1308,pd_prob_mctavish,10,1,0.02748633611151034
1308,mpd_prob_mctavish,10,1,0.02748633611151034
1309,corrected_richness,10,1,0.02748633611151034
1309,shannon,10,1,0.02748633611151034
1309,inv_simpson,10,1,0.02748633611151034
1309,trait_volume,-10,-1,0.02748633611151034
1309,trait_dispersion,-10,-1,0.02748633611151034
1309,rao_q,-10,-1,0.02748633611151034
1309,feve,10,1,0.02748633611151034
1309,fdiv,4,0.4,0.4624327264504763
1309,fric_prob,2,0.2,0.8064959405073402
1309,fdiv_fund,-8,-0.8,0.08641073297370003
1309,feve_fund,-10,-1,0.02748633611151034
1309,fdis_prob,-10,-1,0.02748633611151034
1309,fmpd_prob,-10,-1,0.02748633611151034
1309,raoq_fund,-10,-1,0.02748633611151034
1309,cwm_pc1,-10,-1,0.02748633611151034
1309,cwm_pc2,10,1,0.02748633611151034
1309,pd_prob_mctavish,10,1,0.02748633611151034
1309,mpd_prob_mctavish,10,1,0.02748633611151034
1312,corrected_richness,10,1,0.02748633611151034
1312,shannon,10,1,0.02748633611151034
1312,inv_simpson,10,1,0.02748633611151034
1312,trait_volume,-10,-1,0.02748633611151034
1312,trait_dispersion,-10,-1,0.02748633611151034
1312,rao_q,-10,-1,0.02748633611151034
1312,feve,10,1,0.02748633611151034
1312,fdiv,-6,-0.6,0.2206713619198468
1312,fric_prob,10,1,0.02748633611151034
1312,fdiv_fund,-10,-1,0.02748633611151034
1312,feve_fund,-10,-1,0.02748633611151034
1312,fdis_prob,-8,-0.8,0.08641073297370003
1312,fmpd_prob,-10,-1,0.02748633611151034
1312,raoq_fund,-8,-0.8,0.08641073297370003
1312,cwm_pc1,-2,-0.2,0.8064959405073402
1312,cwm_pc2,10,1,0.02748633611151034
1312,pd_prob_mctavish,10,1,0.02748633611151034
1312,mpd_prob_mctavish,-4,-0.4,0.4624327264504763
1313,corrected_richness,10,1,0.02748633611151034
1313,shannon,10,1,0.02748633611151034
1313,inv_simpson,10,1,0.02748633611151034
1313,trait_volume,-10,-1,0.02748633611151034
1313,trait_dispersion,-10,-1,0.02748633611151034
1313,rao_q,-10,-1,0.02748633611151034
1313,feve,10,1,0.02748633611151034
1313,fdiv,0,0,1
1313,fric_prob,10,1,0.02748633611151034
1313,fdiv_fund,-10,-1,0.02748633611151034
1313,feve_fund,-10,-1,0.02748633611151034
1313,fdis_prob,-10,-1,0.02748633611151034
1313,fmpd_prob,-10,-1,0.02748633611151034
1313,raoq_fund,-10,-1,0.02748633611151034
1313,cwm_pc1,-10,-1,0.02748633611151034
1313,cwm_pc2,10,1,0.02748633611151034
1313,pd_prob_mctavish,10,1,0.02748633611151034
1313,mpd_prob_mctavish,-2,-0.2,0.8064959405073402
1314,corrected_richness,10,1,0.02748633611151034
1314,shannon,10,1,0.02748633611151034
1314,inv_simpson,10,1,0.02748633611151034
1314,trait_volume,-10,-1,0.02748633611151034
1314,trait_dispersion,-10,-1,0.02748633611151034
1314,rao_q,-10,-1,0.02748633611151034
1314,feve,10,1,0.02748633611151034
1314,fdiv,-6,-0.6,0.2206713619198468
1314,fric_prob,10,1,0.02748633611151034
1314,fdiv_fund,8,0.8,0.08641073297370003
1314,feve_fund,-10,-1,0.02748633611151034
1314,fdis_prob,-8,-0.8,0.08641073297370003
1314,fmpd_prob,-10,-1,0.02748633611151034
1314,raoq_fund,-8,-0.8,0.08641073297370003
1314,cwm_pc1,-10,-1,0.02748633611151034
1314,cwm_pc2,10,1,0.02748633611151034
1314,pd_prob_mctavish,10,1,0.02748633611151034
1314,mpd_prob_mctavish,8,0.8,0.08641073297370003
1315,corrected_richness,10,1,0.02748633611151034
1315,shannon,10,1,0.02748633611151034
1315,inv_simpson,10,1,0.02748633611151034
1315,trait_volume,-10,-1,0.02748633611151034
1315,trait_dispersion,-10,-1,0.02748633611151034
1315,rao_q,-10,-1,0.02748633611151034
1315,feve,10,1,0.02748633611151034
1315,fdiv,0,0,1
1315,fric_prob,10,1,0.02748633611151034
1315,fdiv_fund,8,0.8,0.08641073297370003
1315,feve_fund,-10,-1,0.02748633611151034
1315,fdis_prob,-8,-0.8,0.08641073297370003
1315,fmpd_prob,-10,-1,0.02748633611151034
1315,raoq_fund,-8,-0.8,0.08641073297370003
1315,cwm_pc1,-10,-1,0.02748633611151034
1315,cwm_pc2,10,1,0.02748633611151034
1315,pd_prob_mctavish,10,1,0.02748633611151034
1315,mpd_prob_mctavish,8,0.8,0.08641073297370003
1316,corrected_richness,10,1,0.02748633611151034
1316,shannon,10,1,0.02748633611151034
1316,inv_simpson,10,1,0.02748633611151034
1316,trait_volume,-10,-1,0.02748633611151034
1316,trait_dispersion,-10,-1,0.02748633611151034
1316,rao_q,-10,-1,0.02748633611151034
1316,feve,10,1,0.02748633611151034
1316,fdiv,-4,-0.4,0.4624327264504763
1316,fric_prob,10,1,0.02748633611151034
1316,fdiv_fund,8,0.8,0.08641073297370003
1316,feve_fund,-10,-1,0.02748633611151034
1316,fdis_prob,-8,-0.8,0.08641073297370003
1316,fmpd_prob,-10,-1,0.02748633611151034
1316,raoq_fund,-8,-0.8,0.08641073297370003
1316,cwm_pc1,-10,-1,0.02748633611151034
1316,cwm_pc2,10,1,0.02748633611151034
1316,pd_prob_mctavish,10,1,0.02748633611151034
1316,mpd_prob_mctavish,8,0.8,0.08641073297370003
1319,corrected_richness,10,1,0.02748633611151034
1319,shannon,10,1,0.02748633611151034
1319,inv_simpson,10,1,0.02748633611151034
1319,trait_volume,-10,-1,0.02748633611151034
1319,trait_dispersion,-10,-1,0.02748633611151034
1319,rao_q,-10,-1,0.02748633611151034
1319,feve,10,1,0.02748633611151034
1319,fdiv,-4,-0.4,0.4624327264504763
1319,fric_prob,8,0.8,0.08641073297370003
1319,fdiv_fund,-4,-0.4,0.4624327264504763
1319,feve_fund,-10,-1,0.02748633611151034
1319,fdis_prob,-6,-0.6,0.2206713619198468
1319,fmpd_prob,-10,-1,0.02748633611151034
1319,raoq_fund,-8,-0.8,0.08641073297370003
1319,cwm_pc1,-10,-1,0.02748633611151034
1319,cwm_pc2,10,1,0.02748633611151034
1319,pd_prob_mctavish,10,1,0.02748633611151034
1319,mpd_prob_mctavish,8,0.8,0.08641073297370003
1320,corrected_richness,10,1,0.02748633611151034
1320,shannon,10,1,0.02748633611151034
1320,inv_simpson,10,1,0.02748633611151034
1320,trait_volume,-10,-1,0.02748633611151034
1320,trait_dispersion,-10,-1,0.02748633611151034
1320,rao_q,-10,-1,0.02748633611151034
1320,feve,10,1,0.02748633611151034
1320,fdiv,-4,-0.4,0.4624327264504763
1320,fric_prob,10,1,0.02748633611151034
1320,fdiv_fund,8,0.8,0.08641073297370003
1320,feve_fund,-10,-1,0.02748633611151034
1320,fdis_prob,-4,-0.4,0.4624327264504763
1320,fmpd_prob,-10,-1,0.02748633611151034
1320,raoq_fund,-6,-0.6,0.2206713619198468
1320,cwm_pc1,-10,-1,0.02748633611151034
1320,cwm_pc2,10,1,0.02748633611151034
1320,pd_prob_mctavish,10,1,0.02748633611151034
1320,mpd_prob_mctavish,8,0.8,0.08641073297370003
1321,corrected_richness,10,1,0.02748633611151034
1321,shannon,10,1,0.02748633611151034
1321,inv_simpson,10,1,0.02748633611151034
1321,trait_volume,-10,-1,0.02748633611151034
1321,trait_dispersion,-10,-1,0.02748633611151034
1321,rao_q,-10,-1,0.02748633611151034
1321,feve,10,1,0.02748633611151034
1321,fdiv,-4,-0.4,0.4624327264504763
1321,fric_prob,10,1,0.02748633611151034
1321,fdiv_fund,0,0,1
1321,feve_fund,-10,-1,0.02748633611151034
1321,fdis_prob,-8,-0.8,0.08641073297370003
1321,fmpd_prob,-10,-1,0.02748633611151034
1321,raoq_fund,-10,-1,0.02748633611151034
1321,cwm_pc1,-10,-1,0.02748633611151034
1321,cwm_pc2,10,1,0.02748633611151034
1321,pd_prob_mctavish,10,1,0.02748633611151034
1321,mpd_prob_mctavish,8,0.8,0.08641073297370003
1322,corrected_richness,10,1,0.02748633611151034
1322,shannon,10,1,0.02748633611151034
1322,inv_simpson,10,1,0.02748633611151034
1322,trait_volume,-10,-1,0.02748633611151034
1322,trait_dispersion,-10,-1,0.02748633611151034
1322,rao_q,-10,-1,0.02748633611151034
1322,feve,10,1,0.02748633611151034
1322,fdiv,-4,-0.4,0.4624327264504763
1322,fric_prob,10,1,0.02748633611151034
1322,fdiv_fund,-6,-0.6,0.2206713619198468
1322,feve_fund,-10,-1,0.02748633611151034
1322,fdis_prob,-10,-1,0.02748633611151034
1322,fmpd_prob,-10,-1,0.02748633611151034
1322,raoq_fund,-10,-1,0.02748633611151034
1322,cwm_pc1,-10,-1,0.02748633611151034
1322,cwm_pc2,10,1,0.02748633611151034
1322,pd_prob_mctavish,10,1,0.02748633611151034
1322,mpd_prob_mctavish,4,0.4,0.4624327264504763
1328,corrected_richness,10,1,0.02748633611151034
1328,shannon,10,1,0.02748633611151034
1328,inv_simpson,10,1,0.02748633611151034
1328,trait_volume,-10,-1,0.02748633611151034
1328,trait_dispersion,-10,-1,0.02748633611151034
1328,rao_q,-10,-1,0.02748633611151034
1328,feve,10,1,0.02748633611151034
1328,fdiv,4,0.4,0.4624327264504763
1328,fric_prob,8,0.8,0.08641073297370003
1328,fdiv_fund,-8,-0.8,0.08641073297370003
1328,feve_fund,-8,-0.8,0.08641073297370003
1328,fdis_prob,-10,-1,0.02748633611151034
1328,fmpd_prob,-10,-1,0.02748633611151034
1328,raoq_fund,-10,-1,0.02748633611151034
1328,cwm_pc1,-10,-1,0.02748633611151034
1328,cwm_pc2,10,1,0.02748633611151034
1328,pd_prob_mctavish,10,1,0.02748633611151034
1328,mpd_prob_mctavish,2,0.2,0.8064959405073402
1339,corrected_richness,10,1,0.02748633611151034
1339,shannon,10,1,0.02748633611151034
1339,inv_simpson,10,1,0.02748633611151034
1339,trait_volume,-10,-1,0.02748633611151034
1339,trait_dispersion,-10,-1,0.02748633611151034
1339,rao_q,-10,-1,0.02748633611151034
1339,feve,10,1,0.02748633611151034
1339,fdiv,4,0.4,0.4624327264504763
1339,fric_prob,10,1,0.02748633611151034
1339,fdiv_fund,-2,-0.2,0.8064959405073402
1339,feve_fund,-10,-1,0.02748633611151034
1339,fdis_prob,-10,-1,0.02748633611151034
1339,fmpd_prob,-10,-1,0.02748633611151034
1339,raoq_fund,-10,-1,0.02748633611151034
1339,cwm_pc1,-8,-0.8,0.08641073297370003
1339,cwm_pc2,-6,-0.6,0.2206713619198468
1339,pd_prob_mctavish,10,1,0.02748633611151034
1339,mpd_prob_mctavish,6,0.6,0.2206713619198468
1340,corrected_richness,10,1,0.02748633611151034
1340,shannon,10,1,0.02748633611151034
1340,inv_simpson,10,1,0.02748633611151034
1340,trait_volume,-10,-1,0.02748633611151034
1340,trait_dispersion,-10,-1,0.02748633611151034
1340,rao_q,-10,-1,0.02748633611151034
1340,feve,10,1,0.02748633611151034
1340,fdiv,4,0.4,0.4624327264504763
1340,fric_prob,10,1,0.02748633611151034
1340,fdiv_fund,-2,-0.2,0.8064959405073402
1340,feve_fund,-10,-1,0.02748633611151034
1340,fdis_prob,-10,-1,0.02748633611151034
1340,fmpd_prob,-10,-1,0.02748633611151034
1340,raoq_fund,-10,-1,0.02748633611151034
1340,cwm_pc1,-8,-0.8,0.08641073297370003
1340,cwm_pc2,-6,-0.6,0.2206713619198468
1340,pd_prob_mctavish,10,1,0.02748633611151034
1340,mpd_prob_mctavish,6,0.6,0.2206713619198468
1341,corrected_richness,10,1,0.02748633611151034
1341,shannon,10,1,0.02748633611151034
1341,inv_simpson,10,1,0.02748633611151034
1341,trait_volume,-8,-0.8,0.08641073297370003
1341,trait_dispersion,-10,-1,0.02748633611151034
1341,rao_q,-10,-1,0.02748633611151034
1341,feve,10,1,0.02748633611151034
1341,fdiv,4,0.4,0.4624327264504763
1341,fric_prob,10,1,0.02748633611151034
1341,fdiv_fund,-2,-0.2,0.8064959405073402
1341,feve_fund,-10,-1,0.02748633611151034
1341,fdis_prob,-8,-0.8,0.08641073297370003
1341,fmpd_prob,-10,-1,0.02748633611151034
1341,raoq_fund,-8,-0.8,0.08641073297370003
1341,cwm_pc1,-8,-0.8,0.08641073297370003
1341,cwm_pc2,-6,-0.6,0.2206713619198468
1341,pd_prob_mctavish,10,1,0.02748633611151034
1341,mpd_prob_mctavish,6,0.6,0.2206713619198468
1344,corrected_richness,10,1,0.02748633611151034
1344,shannon,10,1,0.02748633611151034
1344,inv_simpson,10,1,0.02748633611151034
1344,trait_volume,-8,-0.8,0.08641073297370003
1344,trait_dispersion,-10,-1,0.02748633611151034
1344,rao_q,-10,-1,0.02748633611151034
1344,feve,4,0.4,0.4624327264504763
1344,fdiv,4,0.4,0.4624327264504763
1344,fric_prob,-4,-0.4,0.4624327264504763
1344,fdiv_fund,-8,-0.8,0.08641073297370003
1344,feve_fund,-10,-1,0.02748633611151034
1344,fdis_prob,-8,-0.8,0.08641073297370003
1344,fmpd_prob,-10,-1,0.02748633611151034
1344,raoq_fund,-8,-0.8,0.08641073297370003
1344,cwm_pc1,0,0,1
1344,cwm_pc2,-6,-0.6,0.2206713619198468
1344,pd_prob_mctavish,10,1,0.02748633611151034
1344,mpd_prob_mctavish,-2,-0.2,0.8064959405073402
1345,corrected_richness,10,1,0.02748633611151034
1345,shannon,10,1,0.02748633611151034
1345,inv_simpson,10,1,0.02748633611151034
1345,trait_volume,-8,-0.8,0.08641073297370003
1345,trait_dispersion,-10,-1,0.02748633611151034
1345,rao_q,-10,-1,0.02748633611151034
1345,feve,6,0.6,0.2206713619198468
1345,fdiv,6,0.6,0.2206713619198468
1345,fric_prob,-6,-0.6,0.2206713619198468
1345,fdiv_fund,-6,-0.6,0.2206713619198468
1345,feve_fund,-10,-1,0.02748633611151034
1345,fdis_prob,-8,-0.8,0.08641073297370003
1345,fmpd_prob,-10,-1,0.02748633611151034
1345,raoq_fund,-8,-0.8,0.08641073297370003
1345,cwm_pc1,0,0,1
1345,cwm_pc2,-6,-0.6,0.2206713619198468
1345,pd_prob_mctavish,10,1,0.02748633611151034
1345,mpd_prob_mctavish,-2,-0.2,0.8064959405073402
1346,corrected_richness,10,1,0.02748633611151034
1346,shannon,10,1,0.02748633611151034
1346,inv_simpson,10,1,0.02748633611151034
1346,trait_volume,-10,-1,0.02748633611151034
1346,trait_dispersion,-10,-1,0.02748633611151034
1346,rao_q,-10,-1,0.02748633611151034
1346,feve,-4,-0.4,0.4624327264504763
1346,fdiv,6,0.6,0.2206713619198468
1346,fric_prob,-4,-0.4,0.4624327264504763
1346,fdiv_fund,-8,-0.8,0.08641073297370003
1346,feve_fund,-10,-1,0.02748633611151034
1346,fdis_prob,-10,-1,0.02748633611151034
1346,fmpd_prob,-10,-1,0.02748633611151034
1346,raoq_fund,-8,-0.8,0.08641073297370003
1346,cwm_pc1,0,0,1
1346,cwm_pc2,-6,-0.6,0.2206713619198468
1346,pd_prob_mctavish,10,1,0.02748633611151034
1346,mpd_prob_mctavish,-2,-0.2,0.8064959405073402
1348,corrected_richness,10,1,0.02748633611151034
1348,shannon,10,1,0.02748633611151034
1348,inv_simpson,10,1,0.02748633611151034
1348,trait_volume,-10,-1,0.02748633611151034
1348,trait_dispersion,-10,-1,0.02748633611151034
1348,rao_q,-10,-1,0.02748633611151034
1348,feve,10,1,0.02748633611151034
1348,fdiv,8,0.8,0.08641073297370003
1348,fric_prob,-6,-0.6,0.2206713619198468
1348,fdiv_fund,-6,-0.6,0.2206713619198468
1348,feve_fund,-10,-1,0.02748633611151034
1348,fdis_prob,-10,-1,0.02748633611151034
1348,fmpd_prob,-10,-1,0.02748633611151034
1348,raoq_fund,-10,-1,0.02748633611151034
1348,cwm_pc1,-8,-0.8,0.08641073297370003
1348,cwm_pc2,8,0.8,0.08641073297370003
1348,pd_prob_mctavish,10,1,0.02748633611151034
1348,mpd_prob_mctavish,-2,-0.2,0.8064959405073402
1349,corrected_richness,10,1,0.02748633611151034
1349,shannon,10,1,0.02748633611151034
1349,inv_simpson,10,1,0.02748633611151034
1349,trait_volume,-10,-1,0.02748633611151034
1349,trait_dispersion,-10,-1,0.02748633611151034
1349,rao_q,-10,-1,0.02748633611151034
1349,feve,10,1,0.02748633611151034
1349,fdiv,8,0.8,0.08641073297370003
1349,fric_prob,-6,-0.6,0.2206713619198468
1349,fdiv_fund,-6,-0.6,0.2206713619198468
1349,feve_fund,-10,-1,0.02748633611151034
1349,fdis_prob,-10,-1,0.02748633611151034
1349,fmpd_prob,-10,-1,0.02748633611151034
1349,raoq_fund,-10,-1,0.02748633611151034
1349,cwm_pc1,-8,-0.8,0.08641073297370003
1349,cwm_pc2,8,0.8,0.08641073297370003
1349,pd_prob_mctavish,10,1,0.02748633611151034
1349,mpd_prob_mctavish,-2,-0.2,0.8064959405073402
1351,corrected_richness,10,1,0.02748633611151034
1351,shannon,10,1,0.02748633611151034
1351,inv_simpson,10,1,0.02748633611151034
1351,trait_volume,-10,-1,0.02748633611151034
1351,trait_dispersion,-10,-1,0.02748633611151034
1351,rao_q,-10,-1,0.02748633611151034
1351,feve,0,0,1
1351,fdiv,8,0.8,0.08641073297370003
1351,fric_prob,-6,-0.6,0.2206713619198468
1351,fdiv_fund,-6,-0.6,0.2206713619198468
1351,feve_fund,-10,-1,0.02748633611151034
1351,fdis_prob,-10,-1,0.02748633611151034
1351,fmpd_prob,-10,-1,0.02748633611151034
1351,raoq_fund,-10,-1,0.02748633611151034
1351,cwm_pc1,0,0,1
1351,cwm_pc2,-8,-0.8,0.08641073297370003
1351,pd_prob_mctavish,10,1,0.02748633611151034
1351,mpd_prob_mctavish,2,0.2,0.8064959405073402
1352,corrected_richness,10,1,0.02748633611151034
1352,shannon,10,1,0.02748633611151034
1352,inv_simpson,10,1,0.02748633611151034
1352,trait_volume,-10,-1,0.02748633611151034
1352,trait_dispersion,-10,-1,0.02748633611151034
1352,rao_q,-10,-1,0.02748633611151034
1352,feve,4,0.4,0.4624327264504763
1352,fdiv,8,0.8,0.08641073297370003
1352,fric_prob,-4,-0.4,0.4624327264504763
1352,fdiv_fund,-6,-0.6,0.2206713619198468
1352,feve_fund,-10,-1,0.02748633611151034
1352,fdis_prob,-10,-1,0.02748633611151034
1352,fmpd_prob,-10,-1,0.02748633611151034
1352,raoq_fund,-10,-1,0.02748633611151034
1352,cwm_pc1,0,0,1
1352,cwm_pc2,-8,-0.8,0.08641073297370003
1352,pd_prob_mctavish,10,1,0.02748633611151034
1352,mpd_prob_mctavish,0,0,1
1353,corrected_richness,10,1,0.02748633611151034
1353,shannon,10,1,0.02748633611151034
1353,inv_simpson,10,1,0.02748633611151034
1353,trait_volume,-10,-1,0.02748633611151034
1353,trait_dispersion,-10,-1,0.02748633611151034
1353,rao_q,-10,-1,0.02748633611151034
1353,feve,4,0.4,0.4624327264504763
1353,fdiv,8,0.8,0.08641073297370003
1353,fric_prob,-4,-0.4,0.4624327264504763
1353,fdiv_fund,-4,-0.4,0.4624327264504763
1353,feve_fund,-10,-1,0.02748633611151034
1353,fdis_prob,-10,-1,0.02748633611151034
1353,fmpd_prob,-10,-1,0.02748633611151034
1353,raoq_fund,-10,-1,0.02748633611151034
1353,cwm_pc1,0,0,1
1353,cwm_pc2,-8,-0.8,0.08641073297370003
1353,pd_prob_mctavish,10,1,0.02748633611151034
1353,mpd_prob_mctavish,2,0.2,0.8064959405073402
1354,corrected_richness,10,1,0.02748633611151034
1354,shannon,10,1,0.02748633611151034
1354,inv_simpson,10,1,0.02748633611151034
1354,trait_volume,-10,-1,0.02748633611151034
1354,trait_dispersion,-10,-1,0.02748633611151034
1354,rao_q,-10,-1,0.02748633611151034
1354,feve,10,1,0.02748633611151034
1354,fdiv,8,0.8,0.08641073297370003
1354,fric_prob,0,0,1
1354,fdiv_fund,-4,-0.4,0.4624327264504763
1354,feve_fund,-10,-1,0.02748633611151034
1354,fdis_prob,-10,-1,0.02748633611151034
1354,fmpd_prob,-10,-1,0.02748633611151034
1354,raoq_fund,-10,-1,0.02748633611151034
1354,cwm_pc1,0,0,1
1354,cwm_pc2,-8,-0.8,0.08641073297370003
1354,pd_prob_mctavish,10,1,0.02748633611151034
1354,mpd_prob_mctavish,2,0.2,0.8064959405073402
1355,corrected_richness,10,1,0.02748633611151034
1355,shannon,10,1,0.02748633611151034
1355,inv_simpson,10,1,0.02748633611151034
1355,trait_volume,-10,-1,0.02748633611151034
1355,trait_dispersion,-10,-1,0.02748633611151034
1355,rao_q,-10,-1,0.02748633611151034
1355,feve,10,1,0.02748633611151034
1355,fdiv,8,0.8,0.08641073297370003
1355,fric_prob,0,0,1
1355,fdiv_fund,-8,-0.8,0.08641073297370003
1355,feve_fund,-10,-1,0.02748633611151034
1355,fdis_prob,-10,-1,0.02748633611151034
1355,fmpd_prob,-10,-1,0.02748633611151034
1355,raoq_fund,-10,-1,0.02748633611151034
1355,cwm_pc1,0,0,1
1355,cwm_pc2,-8,-0.8,0.08641073297370003
1355,pd_prob_mctavish,10,1,0.02748633611151034
1355,mpd_prob_mctavish,2,0.2,0.8064959405073402
1357,corrected_richness,10,1,0.02748633611151034
1357,shannon,10,1,0.02748633611151034
1357,inv_simpson,10,1,0.02748633611151034
1357,trait_volume,-10,-1,0.02748633611151034
1357,trait_dispersion,-10,-1,0.02748633611151034
1357,rao_q,-10,-1,0.02748633611151034
1357,feve,4,0.4,0.4624327264504763
1357,fdiv,-2,-0.2,0.8064959405073402
1357,fric_prob,-6,-0.6,0.2206713619198468
1357,fdiv_fund,-6,-0.6,0.2206713619198468
1357,feve_fund,-10,-1,0.02748633611151034
1357,fdis_prob,-6,-0.6,0.2206713619198468
1357,fmpd_prob,-10,-1,0.02748633611151034
1357,raoq_fund,-8,-0.8,0.08641073297370003
1357,cwm_pc1,-6,-0.6,0.2206713619198468
1357,cwm_pc2,6,0.6,0.2206713619198468
1357,pd_prob_mctavish,10,1,0.02748633611151034
1357,mpd_prob_mctavish,6,0.6,0.2206713619198468
1358,corrected_richness,10,1,0.02748633611151034
1358,shannon,10,1,0.02748633611151034
1358,inv_simpson,10,1,0.02748633611151034
1358,trait_volume,-10,-1,0.02748633611151034
1358,trait_dispersion,-10,-1,0.02748633611151034
1358,rao_q,-10,-1,0.02748633611151034
1358,feve,6,0.6,0.2206713619198468
1358,fdiv,2,0.2,0.8064959405073402
1358,fric_prob,-1,-0.1,1
1358,fdiv_fund,0,0,1
1358,feve_fund,-10,-1,0.02748633611151034
1358,fdis_prob,-8,-0.8,0.08641073297370003
1358,fmpd_prob,-10,-1,0.02748633611151034
1358,raoq_fund,-8,-0.8,0.08641073297370003
1358,cwm_pc1,-10,-1,0.02748633611151034
1358,cwm_pc2,10,1,0.02748633611151034
1358,pd_prob_mctavish,10,1,0.02748633611151034
1358,mpd_prob_mctavish,8,0.8,0.08641073297370003
1359,corrected_richness,10,1,0.02748633611151034
1359,shannon,10,1,0.02748633611151034
1359,inv_simpson,10,1,0.02748633611151034
1359,trait_volume,-10,-1,0.02748633611151034
1359,trait_dispersion,-10,-1,0.02748633611151034
1359,rao_q,-10,-1,0.02748633611151034
1359,feve,10,1,0.02748633611151034
1359,fdiv,6,0.6,0.2206713619198468
1359,fric_prob,-4,-0.4,0.43342193095607373
1359,fdiv_fund,8,0.8,0.08641073297370003
1359,feve_fund,-10,-1,0.02748633611151034
1359,fdis_prob,-10,-1,0.02748633611151034
1359,fmpd_prob,-10,-1,0.02748633611151034
1359,raoq_fund,-10,-1,0.02748633611151034
1359,cwm_pc1,-6,-0.6,0.2206713619198468
1359,cwm_pc2,6,0.6,0.2206713619198468
1359,pd_prob_mctavish,10,1,0.02748633611151034
1359,mpd_prob_mctavish,6,0.6,0.2206713619198468
1360,corrected_richness,10,1,0.02748633611151034
1360,shannon,10,1,0.02748633611151034
1360,inv_simpson,10,1,0.02748633611151034
1360,trait_volume,-10,-1,0.02748633611151034
1360,trait_dispersion,-10,-1,0.02748633611151034
1360,rao_q,-10,-1,0.02748633611151034
1360,feve,10,1,0.02748633611151034
1360,fdiv,8,0.8,0.08641073297370003
1360,fric_prob,4,0.4,0.2888443663464849
1360,fdiv_fund,4,0.4,0.4624327264504763
1360,feve_fund,-10,-1,0.02748633611151034
1360,fdis_prob,-10,-1,0.02748633611151034
1360,fmpd_prob,-10,-1,0.02748633611151034
1360,raoq_fund,-10,-1,0.02748633611151034
1360,cwm_pc1,-6,-0.6,0.2206713619198468
1360,cwm_pc2,4,0.4,0.4624327264504763
1360,pd_prob_mctavish,10,1,0.02748633611151034
1360,mpd_prob_mctavish,6,0.6,0.2206713619198468
1361,corrected_richness,10,1,0.02748633611151034
1361,shannon,10,1,0.02748633611151034
1361,inv_simpson,10,1,0.02748633611151034
1361,trait_volume,-10,-1,0.02748633611151034
1361,trait_dispersion,-10,-1,0.02748633611151034
1361,rao_q,-10,-1,0.02748633611151034
1361,feve,10,1,0.02748633611151034
1361,fdiv,10,1,0.02748633611151034
1361,fric_prob,-9,-0.9,0.04326272780691068
1361,fdiv_fund,-4,-0.4,0.4624327264504763
1361,feve_fund,-8,-0.8,0.08641073297370003
1361,fdis_prob,-10,-1,0.02748633611151034
1361,fmpd_prob,-10,-1,0.02748633611151034
1361,raoq_fund,-10,-1,0.02748633611151034
1361,cwm_pc1,-8,-0.8,0.08641073297370003
1361,cwm_pc2,10,1,0.02748633611151034
1361,pd_prob_mctavish,10,1,0.02748633611151034
1361,mpd_prob_mctavish,8,0.8,0.08641073297370003
1377,corrected_richness,10,1,0.02748633611151034
1377,shannon,10,1,0.02748633611151034
1377,inv_simpson,10,1,0.02748633611151034
1377,trait_volume,-10,-1,0.02748633611151034
1377,trait_dispersion,-2,-0.2,0.8064959405073402
1377,rao_q,-8,-0.8,0.08641073297370003
1377,feve,10,1,0.02748633611151034
1377,fdiv,-6,-0.6,0.2206713619198468
1377,fric_prob,10,1,0.02748633611151034
1377,fdiv_fund,0,0,1
1377,feve_fund,-10,-1,0.02748633611151034
1377,fdis_prob,-6,-0.6,0.2206713619198468
1377,fmpd_prob,-8,-0.8,0.08641073297370003
1377,raoq_fund,-8,-0.8,0.08641073297370003
1377,cwm_pc1,-10,-1,0.02748633611151034
1377,cwm_pc2,10,1,0.02748633611151034
1377,pd_prob_mctavish,10,1,0.02748633611151034
1377,mpd_prob_mctavish,10,1,0.02748633611151034
1379,corrected_richness,10,1,0.02748633611151034
1379,shannon,10,1,0.02748633611151034
1379,inv_simpson,10,1,0.02748633611151034
1379,trait_volume,-10,-1,0.02748633611151034
1379,trait_dispersion,0,0,1
1379,rao_q,-8,-0.8,0.08641073297370003
1379,feve,10,1,0.02748633611151034
1379,fdiv,-8,-0.8,0.08641073297370003
1379,fric_prob,8,0.8,0.08641073297370003
1379,fdiv_fund,0,0,1
1379,feve_fund,-10,-1,0.02748633611151034
1379,fdis_prob,-8,-0.8,0.08641073297370003
1379,fmpd_prob,-8,-0.8,0.08641073297370003
1379,raoq_fund,-8,-0.8,0.08641073297370003
1379,cwm_pc1,-10,-1,0.02748633611151034
1379,cwm_pc2,10,1,0.02748633611151034
1379,pd_prob_mctavish,10,1,0.02748633611151034
1379,mpd_prob_mctavish,10,1,0.02748633611151034
1380,corrected_richness,10,1,0.02748633611151034
1380,shannon,10,1,0.02748633611151034
1380,inv_simpson,10,1,0.02748633611151034
1380,trait_volume,-10,-1,0.02748633611151034
1380,trait_dispersion,-2,-0.2,0.8064959405073402
1380,rao_q,-10,-1,0.02748633611151034
1380,feve,10,1,0.02748633611151034
1380,fdiv,-6,-0.6,0.2206713619198468
1380,fric_prob,10,1,0.02748633611151034
1380,fdiv_fund,0,0,1
1380,feve_fund,-10,-1,0.02748633611151034
1380,fdis_prob,-6,-0.6,0.2206713619198468
1380,fmpd_prob,-10,-1,0.02748633611151034
1380,raoq_fund,-8,-0.8,0.08641073297370003
1380,cwm_pc1,-10,-1,0.02748633611151034
1380,cwm_pc2,10,1,0.02748633611151034
1380,pd_prob_mctavish,10,1,0.02748633611151034
1380,mpd_prob_mctavish,10,1,0.02748633611151034
1381,corrected_richness,10,1,0.02748633611151034
1381,shannon,10,1,0.02748633611151034
1381,inv_simpson,10,1,0.02748633611151034
1381,trait_volume,-10,-1,0.02748633611151034
1381,trait_dispersion,0,0,1
1381,rao_q,-10,-1,0.02748633611151034
1381,feve,10,1,0.02748633611151034
1381,fdiv,-8,-0.8,0.08641073297370003
1381,fric_prob,10,1,0.02748633611151034
1381,fdiv_fund,2,0.2,0.8064959405073402
1381,feve_fund,-10,-1,0.02748633611151034
1381,fdis_prob,-8,-0.8,0.08641073297370003
1381,fmpd_prob,-10,-1,0.02748633611151034
1381,raoq_fund,-10,-1,0.02748633611151034
1381,cwm_pc1,-10,-1,0.02748633611151034
1381,cwm_pc2,10,1,0.02748633611151034
1381,pd_prob_mctavish,10,1,0.02748633611151034
1381,mpd_prob_mctavish,10,1,0.02748633611151034
1382,corrected_richness,10,1,0.02748633611151034
1382,shannon,10,1,0.02748633611151034
1382,inv_simpson,10,1,0.02748633611151034
1382,trait_volume,-10,-1,0.02748633611151034
1382,trait_dispersion,-10,-1,0.02748633611151034
1382,rao_q,-10,-1,0.02748633611151034
1382,feve,10,1,0.02748633611151034
1382,fdiv,-2,-0.2,0.8064959405073402
1382,fric_prob,10,1,0.02748633611151034
1382,fdiv_fund,8,0.8,0.08641073297370003
1382,feve_fund,-8,-0.8,0.08641073297370003
1382,fdis_prob,-10,-1,0.02748633611151034
1382,fmpd_prob,-10,-1,0.02748633611151034
1382,raoq_fund,-8,-0.8,0.08641073297370003
1382,cwm_pc1,-10,-1,0.02748633611151034
1382,cwm_pc2,10,1,0.02748633611151034
1382,pd_prob_mctavish,10,1,0.02748633611151034
1382,mpd_prob_mctavish,10,1,0.02748633611151034
1383,corrected_richness,10,1,0.02748633611151034
1383,shannon,10,1,0.02748633611151034
1383,inv_simpson,10,1,0.02748633611151034
1383,trait_volume,-6,-0.6,0.2206713619198468
1383,trait_dispersion,8,0.8,0.08641073297370003
1383,rao_q,4,0.4,0.4624327264504763
1383,feve,10,1,0.02748633611151034
1383,fdiv,-8,-0.8,0.08641073297370003
1383,fric_prob,0,0,1
1383,fdiv_fund,-2,-0.2,0.8064959405073402
1383,feve_fund,-10,-1,0.02748633611151034
1383,fdis_prob,8,0.8,0.08641073297370003
1383,fmpd_prob,4,0.4,0.4624327264504763
1383,raoq_fund,6,0.6,0.2206713619198468
1383,cwm_pc1,-10,-1,0.02748633611151034
1383,cwm_pc2,8,0.8,0.08641073297370003
1383,pd_prob_mctavish,10,1,0.02748633611151034
1383,mpd_prob_mctavish,10,1,0.02748633611151034
1384,corrected_richness,10,1,0.02748633611151034
1384,shannon,10,1,0.02748633611151034
1384,inv_simpson,10,1,0.02748633611151034
1384,trait_volume,-10,-1,0.02748633611151034
1384,trait_dispersion,-10,-1,0.02748633611151034
1384,rao_q,-10,-1,0.02748633611151034
1384,feve,10,1,0.02748633611151034
1384,fdiv,-6,-0.6,0.2206713619198468
1384,fric_prob,4,0.4,0.4624327264504763
1384,fdiv_fund,-10,-1,0.02748633611151034
1384,feve_fund,-10,-1,0.02748633611151034
1384,fdis_prob,-10,-1,0.02748633611151034
1384,fmpd_prob,-10,-1,0.02748633611151034
1384,raoq_fund,-10,-1,0.02748633611151034
1384,cwm_pc1,-10,-1,0.02748633611151034
1384,cwm_pc2,8,0.8,0.08641073297370003
1384,pd_prob_mctavish,10,1,0.02748633611151034
1384,mpd_prob_mctavish,10,1,0.02748633611151034
1385,corrected_richness,10,1,0.02748633611151034
1385,shannon,10,1,0.02748633611151034
1385,inv_simpson,10,1,0.02748633611151034
1385,trait_volume,-10,-1,0.02748633611151034
1385,trait_dispersion,-10,-1,0.02748633611151034
1385,rao_q,-10,-1,0.02748633611151034
1385,feve,10,1,0.02748633611151034
1385,fdiv,0,0,1
1385,fric_prob,8,0.8,0.08641073297370003
1385,fdiv_fund,-10,-1,0.02748633611151034
1385,feve_fund,-10,-1,0.02748633611151034
1385,fdis_prob,-10,-1,0.02748633611151034
1385,fmpd_prob,-10,-1,0.02748633611151034
1385,raoq_fund,-10,-1,0.02748633611151034
1385,cwm_pc1,-10,-1,0.02748633611151034
1385,cwm_pc2,10,1,0.02748633611151034
1385,pd_prob_mctavish,10,1,0.02748633611151034
1385,mpd_prob_mctavish,8,0.8,0.08641073297370003
1386,corrected_richness,10,1,0.02748633611151034
1386,shannon,10,1,0.02748633611151034
1386,inv_simpson,10,1,0.02748633611151034
1386,trait_volume,-10,-1,0.02748633611151034
1386,trait_dispersion,-8,-0.8,0.08641073297370003
1386,rao_q,-10,-1,0.02748633611151034
1386,feve,10,1,0.02748633611151034
1386,fdiv,-6,-0.6,0.2206713619198468
1386,fric_prob,8,0.8,0.08641073297370003
1386,fdiv_fund,-8,-0.8,0.08641073297370003
1386,feve_fund,-10,-1,0.02748633611151034
1386,fdis_prob,-8,-0.8,0.08641073297370003
1386,fmpd_prob,-10,-1,0.02748633611151034
1386,raoq_fund,-8,-0.8,0.08641073297370003
1386,cwm_pc1,-10,-1,0.02748633611151034
1386,cwm_pc2,10,1,0.02748633611151034
1386,pd_prob_mctavish,10,1,0.02748633611151034
1386,mpd_prob_mctavish,10,1,0.02748633611151034
1393,corrected_richness,10,1,0.02748633611151034
1393,shannon,10,1,0.02748633611151034
1393,inv_simpson,10,1,0.02748633611151034
1393,trait_volume,-10,-1,0.02748633611151034
1393,trait_dispersion,-10,-1,0.02748633611151034
1393,rao_q,-10,-1,0.02748633611151034
1393,feve,10,1,0.02748633611151034
1393,fdiv,2,0.2,0.8064959405073402
1393,fric_prob,4,0.4,0.4624327264504763
1393,fdiv_fund,-8,-0.8,0.08641073297370003
1393,feve_fund,-10,-1,0.02748633611151034
1393,fdis_prob,-8,-0.8,0.08641073297370003
1393,fmpd_prob,-10,-1,0.02748633611151034
1393,raoq_fund,-10,-1,0.02748633611151034
1393,cwm_pc1,-10,-1,0.02748633611151034
1393,cwm_pc2,10,1,0.02748633611151034
1393,pd_prob_mctavish,10,1,0.02748633611151034
1393,mpd_prob_mctavish,8,0.8,0.08641073297370003
1400,corrected_richness,10,1,0.02748633611151034
1400,shannon,10,1,0.02748633611151034
1400,inv_simpson,10,1,0.02748633611151034
1400,trait_volume,-10,-1,0.02748633611151034
1400,trait_dispersion,-10,-1,0.02748633611151034
1400,rao_q,-10,-1,0.02748633611151034
1400,feve,2,0.2,0.8064959405073402
1400,fdiv,-8,-0.8,0.08641073297370003
1400,fric_prob,0,0,1
1400,fdiv_fund,-8,-0.8,0.08641073297370003
1400,feve_fund,-10,-1,0.02748633611151034
1400,fdis_prob,-6,-0.6,0.2206713619198468
1400,fmpd_prob,-10,-1,0.02748633611151034
1400,raoq_fund,-10,-1,0.02748633611151034
1400,cwm_pc1,-10,-1,0.02748633611151034
1400,cwm_pc2,8,0.8,0.08641073297370003
1400,pd_prob_mctavish,10,1,0.02748633611151034
1400,mpd_prob_mctavish,-2,-0.2,0.8064959405073402
1410,corrected_richness,10,1,0.02748633611151034
1410,shannon,10,1,0.02748633611151034
1410,inv_simpson,10,1,0.02748633611151034
1410,trait_volume,-10,-1,0.02748633611151034
1410,trait_dispersion,-10,-1,0.02748633611151034
1410,rao_q,-10,-1,0.02748633611151034
1410,feve,4,0.4,0.4624327264504763
1410,fdiv,6,0.6,0.2206713619198468
1410,fric_prob,-4,-0.4,0.4624327264504763
1410,fdiv_fund,-10,-1,0.02748633611151034
1410,feve_fund,-10,-1,0.02748633611151034
1410,fdis_prob,-8,-0.8,0.08641073297370003
1410,fmpd_prob,-10,-1,0.02748633611151034
1410,raoq_fund,-10,-1,0.02748633611151034
1410,cwm_pc1,-8,-0.8,0.08641073297370003
1410,cwm_pc2,8,0.8,0.08641073297370003
1410,pd_prob_mctavish,10,1,0.02748633611151034
1410,mpd_prob_mctavish,4,0.4,0.4624327264504763
1412,corrected_richness,10,1,0.02748633611151034
1412,shannon,10,1,0.02748633611151034
1412,inv_simpson,10,1,0.02748633611151034
1412,trait_volume,-10,-1,0.02748633611151034
1412,trait_dispersion,-10,-1,0.02748633611151034
1412,rao_q,-10,-1,0.02748633611151034
1412,feve,8,0.8,0.08641073297370003
1412,fdiv,6,0.6,0.2206713619198468
1412,fric_prob,3,0.3,0.6133543559547467
1412,fdiv_fund,-8,-0.8,0.08641073297370003
1412,feve_fund,-10,-1,0.02748633611151034
1412,fdis_prob,-8,-0.8,0.08641073297370003
1412,fmpd_prob,-10,-1,0.02748633611151034
1412,raoq_fund,-10,-1,0.02748633611151034
1412,cwm_pc1,-6,-0.6,0.2206713619198468
1412,cwm_pc2,6,0.6,0.2206713619198468
1412,pd_prob_mctavish,10,1,0.02748633611151034
1412,mpd_prob_mctavish,2,0.2,0.8064959405073402
1413,corrected_richness,10,1,0.02748633611151034
1413,shannon,10,1,0.02748633611151034
1413,inv_simpson,10,1,0.02748633611151034
1413,trait_volume,-10,-1,0.02748633611151034
1413,trait_dispersion,-10,-1,0.02748633611151034
1413,rao_q,-10,-1,0.02748633611151034
1413,feve,8,0.8,0.08641073297370003
1413,fdiv,6,0.6,0.2206713619198468
1413,fric_prob,0,0,1
1413,fdiv_fund,-6,-0.6,0.2206713619198468
1413,feve_fund,-8,-0.8,0.08641073297370003
1413,fdis_prob,-6,-0.6,0.2206713619198468
1413,fmpd_prob,-10,-1,0.02748633611151034
1413,raoq_fund,-8,-0.8,0.08641073297370003
1413,cwm_pc1,-8,-0.8,0.08641073297370003
1413,cwm_pc2,8,0.8,0.08641073297370003
1413,pd_prob_mctavish,10,1,0.02748633611151034
1413,mpd_prob_mctavish,-2,-0.2,0.8064959405073402
1414,corrected_richness,10,1,0.02748633611151034
1414,shannon,10,1,0.02748633611151034
1414,inv_simpson,10,1,0.02748633611151034
1414,trait_volume,-10,-1,0.02748633611151034
1414,trait_dispersion,-10,-1,0.02748633611151034
1414,rao_q,-10,-1,0.02748633611151034
1414,feve,10,1,0.02748633611151034
1414,fdiv,6,0.6,0.2206713619198468
1414,fric_prob,3,0.3,0.6133543559547467
1414,fdiv_fund,-2,-0.2,0.8064959405073402
1414,feve_fund,-10,-1,0.02748633611151034
1414,fdis_prob,-8,-0.8,0.08641073297370003
1414,fmpd_prob,-10,-1,0.02748633611151034
1414,raoq_fund,-8,-0.8,0.08641073297370003
1414,cwm_pc1,-8,-0.8,0.08641073297370003
1414,cwm_pc2,8,0.8,0.08641073297370003
1414,pd_prob_mctavish,10,1,0.02748633611151034
1414,mpd_prob_mctavish,-2,-0.2,0.8064959405073402
1415,corrected_richness,10,1,0.02748633611151034
1415,shannon,10,1,0.02748633611151034
1415,inv_simpson,10,1,0.02748633611151034
1415,trait_volume,-10,-1,0.02748633611151034
1415,trait_dispersion,-10,-1,0.02748633611151034
1415,rao_q,-10,-1,0.02748633611151034
1415,feve,10,1,0.02748633611151034
1415,fdiv,6,0.6,0.2206713619198468
1415,fric_prob,0,0,1
1415,fdiv_fund,-2,-0.2,0.8064959405073402
1415,feve_fund,-10,-1,0.02748633611151034
1415,fdis_prob,-10,-1,0.02748633611151034
1415,fmpd_prob,-10,-1,0.02748633611151034
1415,raoq_fund,-10,-1,0.02748633611151034
1415,cwm_pc1,-2,-0.2,0.8064959405073402
1415,cwm_pc2,4,0.4,0.4624327264504763
1415,pd_prob_mctavish,10,1,0.02748633611151034
1415,mpd_prob_mctavish,-2,-0.2,0.8064959405073402
1416,corrected_richness,10,1,0.02748633611151034
1416,shannon,10,1,0.02748633611151034
1416,inv_simpson,10,1,0.02748633611151034
1416,trait_volume,-8,-0.8,0.08641073297370003
1416,trait_dispersion,-10,-1,0.02748633611151034
1416,rao_q,-10,-1,0.02748633611151034
1416,feve,10,1,0.02748633611151034
1416,fdiv,6,0.6,0.2206713619198468
1416,fric_prob,-4,-0.4,0.4624327264504763
1416,fdiv_fund,0,0,1
1416,feve_fund,-10,-1,0.02748633611151034
1416,fdis_prob,-6,-0.6,0.2206713619198468
1416,fmpd_prob,-10,-1,0.02748633611151034
1416,raoq_fund,-6,-0.6,0.2206713619198468
1416,cwm_pc1,-2,-0.2,0.8064959405073402
1416,cwm_pc2,8,0.8,0.08641073297370003
1416,pd_prob_mctavish,10,1,0.02748633611151034
1416,mpd_prob_mctavish,-2,-0.2,0.8064959405073402
1417,corrected_richness,10,1,0.02748633611151034
1417,shannon,10,1,0.02748633611151034
1417,inv_simpson,10,1,0.02748633611151034
1417,trait_volume,-10,-1,0.02748633611151034
1417,trait_dispersion,-10,-1,0.02748633611151034
1417,rao_q,-10,-1,0.02748633611151034
1417,feve,8,0.8,0.08641073297370003
1417,fdiv,6,0.6,0.2206713619198468
1417,fric_prob,-4,-0.4,0.4624327264504763
1417,fdiv_fund,-10,-1,0.02748633611151034
1417,feve_fund,-10,-1,0.02748633611151034
1417,fdis_prob,-10,-1,0.02748633611151034
1417,fmpd_prob,-10,-1,0.02748633611151034
1417,raoq_fund,-10,-1,0.02748633611151034
1417,cwm_pc1,2,0.2,0.8064959405073402
1417,cwm_pc2,2,0.2,0.8064959405073402
1417,pd_prob_mctavish,10,1,0.02748633611151034
1417,mpd_prob_mctavish,-2,-0.2,0.8064959405073402
1418,corrected_richness,10,1,0.02748633611151034
1418,shannon,10,1,0.02748633611151034
1418,inv_simpson,10,1,0.02748633611151034
1418,trait_volume,-10,-1,0.02748633611151034
1418,trait_dispersion,-10,-1,0.02748633611151034
1418,rao_q,-10,-1,0.02748633611151034
1418,feve,10,1,0.02748633611151034
1418,fdiv,8,0.8,0.08641073297370003
1418,fric_prob,2,0.2,0.8064959405073402
1418,fdiv_fund,-6,-0.6,0.2206713619198468
1418,feve_fund,-10,-1,0.02748633611151034
1418,fdis_prob,-10,-1,0.02748633611151034
1418,fmpd_prob,-10,-1,0.02748633611151034
1418,raoq_fund,-10,-1,0.02748633611151034
1418,cwm_pc1,4,0.4,0.4624327264504763
1418,cwm_pc2,4,0.4,0.4624327264504763
1418,pd_prob_mctavish,10,1,0.02748633611151034
1418,mpd_prob_mctavish,-4,-0.4,0.4624327264504763
1419,corrected_richness,10,1,0.02748633611151034
1419,shannon,10,1,0.02748633611151034
1419,inv_simpson,10,1,0.02748633611151034
1419,trait_volume,-10,-1,0.02748633611151034
1419,trait_dispersion,-10,-1,0.02748633611151034
1419,rao_q,-10,-1,0.02748633611151034
1419,feve,8,0.8,0.08641073297370003
1419,fdiv,8,0.8,0.08641073297370003
1419,fric_prob,0,0,1
1419,fdiv_fund,-4,-0.4,0.4624327264504763
1419,feve_fund,-10,-1,0.02748633611151034
1419,fdis_prob,-10,-1,0.02748633611151034
1419,fmpd_prob,-10,-1,0.02748633611151034
1419,raoq_fund,-10,-1,0.02748633611151034
1419,cwm_pc1,4,0.4,0.4624327264504763
1419,cwm_pc2,-2,-0.2,0.8064959405073402
1419,pd_prob_mctavish,10,1,0.02748633611151034
1419,mpd_prob_mctavish,-2,-0.2,0.8064959405073402
1420,corrected_richness,10,1,0.02748633611151034
1420,shannon,10,1,0.02748633611151034
1420,inv_simpson,10,1,0.02748633611151034
1420,trait_volume,-10,-1,0.02748633611151034
1420,trait_dispersion,-10,-1,0.02748633611151034
1420,rao_q,-10,-1,0.02748633611151034
1420,feve,10,1,0.02748633611151034
1420,fdiv,8,0.8,0.08641073297370003
1420,fric_prob,4,0.4,0.4624327264504763
1420,fdiv_fund,-6,-0.6,0.2206713619198468
1420,feve_fund,-10,-1,0.02748633611151034
1420,fdis_prob,-10,-1,0.02748633611151034
1420,fmpd_prob,-10,-1,0.02748633611151034
1420,raoq_fund,-10,-1,0.02748633611151034
1420,cwm_pc1,2,0.2,0.8064959405073402
1420,cwm_pc2,0,0,1
1420,pd_prob_mctavish,10,1,0.02748633611151034
1420,mpd_prob_mctavish,-2,-0.2,0.8064959405073402
1421,corrected_richness,10,1,0.02748633611151034
1421,shannon,10,1,0.02748633611151034
1421,inv_simpson,10,1,0.02748633611151034
1421,trait_volume,-10,-1,0.02748633611151034
1421,trait_dispersion,-10,-1,0.02748633611151034
1421,rao_q,-10,-1,0.02748633611151034
1421,feve,10,1,0.02748633611151034
1421,fdiv,6,0.6,0.2206713619198468
1421,fric_prob,-2,-0.2,0.8064959405073402
1421,fdiv_fund,-6,-0.6,0.2206713619198468
1421,feve_fund,-10,-1,0.02748633611151034
1421,fdis_prob,-10,-1,0.02748633611151034
1421,fmpd_prob,-10,-1,0.02748633611151034
1421,raoq_fund,-10,-1,0.02748633611151034
1421,cwm_pc1,0,0,1
1421,cwm_pc2,6,0.6,0.2206713619198468
1421,pd_prob_mctavish,10,1,0.02748633611151034
1421,mpd_prob_mctavish,-2,-0.2,0.8064959405073402
1422,corrected_richness,10,1,0.02748633611151034
1422,shannon,10,1,0.02748633611151034
1422,inv_simpson,10,1,0.02748633611151034
1422,trait_volume,-10,-1,0.02748633611151034
1422,trait_dispersion,-10,-1,0.02748633611151034
1422,rao_q,-10,-1,0.02748633611151034
1422,feve,10,1,0.02748633611151034
1422,fdiv,8,0.8,0.08641073297370003
1422,fric_prob,1,0.1,1
1422,fdiv_fund,0,0,1
1422,feve_fund,-10,-1,0.02748633611151034
1422,fdis_prob,-10,-1,0.02748633611151034
1422,fmpd_prob,-10,-1,0.02748633611151034
1422,raoq_fund,-10,-1,0.02748633611151034
1422,cwm_pc1,4,0.4,0.4624327264504763
1422,cwm_pc2,-2,-0.2,0.8064959405073402
1422,pd_prob_mctavish,10,1,0.02748633611151034
1422,mpd_prob_mctavish,-2,-0.2,0.8064959405073402
1423,corrected_richness,10,1,0.02748633611151034
1423,shannon,10,1,0.02748633611151034
1423,inv_simpson,10,1,0.02748633611151034
1423,trait_volume,-10,-1,0.02748633611151034
1423,trait_dispersion,-10,-1,0.02748633611151034
1423,rao_q,-10,-1,0.02748633611151034
1423,feve,8,0.8,0.08641073297370003
1423,fdiv,8,0.8,0.08641073297370003
1423,fric_prob,-3,-0.3,0.6133543559547467
1423,fdiv_fund,-4,-0.4,0.4624327264504763
1423,feve_fund,-10,-1,0.02748633611151034
1423,fdis_prob,-10,-1,0.02748633611151034
1423,fmpd_prob,-10,-1,0.02748633611151034
1423,raoq_fund,-10,-1,0.02748633611151034
1423,cwm_pc1,4,0.4,0.4624327264504763
1423,cwm_pc2,-6,-0.6,0.2206713619198468
1423,pd_prob_mctavish,10,1,0.02748633611151034
1423,mpd_prob_mctavish,4,0.4,0.4624327264504763
1424,corrected_richness,10,1,0.02748633611151034
1424,shannon,10,1,0.02748633611151034
1424,inv_simpson,10,1,0.02748633611151034
1424,trait_volume,-10,-1,0.02748633611151034
1424,trait_dispersion,-10,-1,0.02748633611151034
1424,rao_q,-10,-1,0.02748633611151034
1424,feve,10,1,0.02748633611151034
1424,fdiv,8,0.8,0.08641073297370003
1424,fric_prob,-6,-0.6,0.2206713619198468
1424,fdiv_fund,-6,-0.6,0.2206713619198468
1424,feve_fund,-10,-1,0.02748633611151034
1424,fdis_prob,-10,-1,0.02748633611151034
1424,fmpd_prob,-10,-1,0.02748633611151034
1424,raoq_fund,-10,-1,0.02748633611151034
1424,cwm_pc1,4,0.4,0.4624327264504763
1424,cwm_pc2,-6,-0.6,0.2206713619198468
1424,pd_prob_mctavish,10,1,0.02748633611151034
1424,mpd_prob_mctavish,6,0.6,0.2206713619198468
1425,corrected_richness,10,1,0.02748633611151034
1425,shannon,10,1,0.02748633611151034
1425,inv_simpson,10,1,0.02748633611151034
1425,trait_volume,-10,-1,0.02748633611151034
1425,trait_dispersion,-10,-1,0.02748633611151034
1425,rao_q,-10,-1,0.02748633611151034
1425,feve,10,1,0.02748633611151034
1425,fdiv,8,0.8,0.08641073297370003
1425,fric_prob,-4,-0.4,0.4624327264504763
1425,fdiv_fund,-4,-0.4,0.4624327264504763
1425,feve_fund,-10,-1,0.02748633611151034
1425,fdis_prob,-10,-1,0.02748633611151034
1425,fmpd_prob,-10,-1,0.02748633611151034
1425,raoq_fund,-10,-1,0.02748633611151034
1425,cwm_pc1,4,0.4,0.4624327264504763
1425,cwm_pc2,0,0,1
1425,pd_prob_mctavish,10,1,0.02748633611151034
1425,mpd_prob_mctavish,6,0.6,0.2206713619198468
1426,corrected_richness,10,1,0.02748633611151034
1426,shannon,10,1,0.02748633611151034
1426,inv_simpson,10,1,0.02748633611151034
1426,trait_volume,-10,-1,0.02748633611151034
1426,trait_dispersion,-10,-1,0.02748633611151034
1426,rao_q,-10,-1,0.02748633611151034
1426,feve,10,1,0.02748633611151034
1426,fdiv,8,0.8,0.08641073297370003
1426,fric_prob,-4,-0.4,0.4624327264504763
1426,fdiv_fund,-4,-0.4,0.4624327264504763
1426,feve_fund,-10,-1,0.02748633611151034
1426,fdis_prob,-10,-1,0.02748633611151034
1426,fmpd_prob,-10,-1,0.02748633611151034
1426,raoq_fund,-10,-1,0.02748633611151034
1426,cwm_pc1,4,0.4,0.4624327264504763
1426,cwm_pc2,-2,-0.2,0.8064959405073402
1426,pd_prob_mctavish,10,1,0.02748633611151034
1426,mpd_prob_mctavish,4,0.4,0.4624327264504763
1427,corrected_richness,10,1,0.02748633611151034
1427,shannon,10,1,0.02748633611151034
1427,inv_simpson,10,1,0.02748633611151034
1427,trait_volume,-10,-1,0.02748633611151034
1427,trait_dispersion,-10,-1,0.02748633611151034
1427,rao_q,-10,-1,0.02748633611151034
1427,feve,10,1,0.02748633611151034
1427,fdiv,8,0.8,0.08641073297370003
1427,fric_prob,-6,-0.6,0.2206713619198468
1427,fdiv_fund,-6,-0.6,0.2206713619198468
1427,feve_fund,-10,-1,0.02748633611151034
1427,fdis_prob,-10,-1,0.02748633611151034
1427,fmpd_prob,-10,-1,0.02748633611151034
1427,raoq_fund,-10,-1,0.02748633611151034
1427,cwm_pc1,0,0,1
1427,cwm_pc2,-2,-0.2,0.8064959405073402
1427,pd_prob_mctavish,10,1,0.02748633611151034
1427,mpd_prob_mctavish,6,0.6,0.2206713619198468
1428,corrected_richness,10,1,0.02748633611151034
1428,shannon,10,1,0.02748633611151034
1428,inv_simpson,10,1,0.02748633611151034
1428,trait_volume,-10,-1,0.02748633611151034
1428,trait_dispersion,-10,-1,0.02748633611151034
1428,rao_q,-10,-1,0.02748633611151034
1428,feve,10,1,0.02748633611151034
1428,fdiv,2,0.2,0.8064959405073402
1428,fric_prob,-6,-0.6,0.2206713619198468
1428,fdiv_fund,-6,-0.6,0.2206713619198468
1428,feve_fund,-10,-1,0.02748633611151034
1428,fdis_prob,-10,-1,0.02748633611151034
1428,fmpd_prob,-10,-1,0.02748633611151034
1428,raoq_fund,-10,-1,0.02748633611151034
1428,cwm_pc1,-6,-0.6,0.2206713619198468
1428,cwm_pc2,6,0.6,0.2206713619198468
1428,pd_prob_mctavish,10,1,0.02748633611151034
1428,mpd_prob_mctavish,8,0.8,0.08641073297370003
1429,corrected_richness,10,1,0.02748633611151034
1429,shannon,10,1,0.02748633611151034
1429,inv_simpson,10,1,0.02748633611151034
1429,trait_volume,-10,-1,0.02748633611151034
1429,trait_dispersion,-10,-1,0.02748633611151034
1429,rao_q,-10,-1,0.02748633611151034
1429,feve,8,0.8,0.08641073297370003
1429,fdiv,6,0.6,0.2206713619198468
1429,fric_prob,3,0.3,0.6133543559547467
1429,fdiv_fund,0,0,1
1429,feve_fund,-10,-1,0.02748633611151034
1429,fdis_prob,-6,-0.6,0.2206713619198468
1429,fmpd_prob,-10,-1,0.02748633611151034
1429,raoq_fund,-6,-0.6,0.2206713619198468
1429,cwm_pc1,-10,-1,0.02748633611151034
1429,cwm_pc2,8,0.8,0.08641073297370003
1429,pd_prob_mctavish,10,1,0.02748633611151034
1429,mpd_prob_mctavish,8,0.8,0.08641073297370003
1430,corrected_richness,10,1,0.02748633611151034
1430,shannon,10,1,0.02748633611151034
1430,inv_simpson,10,1,0.02748633611151034
1430,trait_volume,-10,-1,0.02748633611151034
1430,trait_dispersion,-10,-1,0.02748633611151034
1430,rao_q,-10,-1,0.02748633611151034
1430,feve,8,0.8,0.08641073297370003
1430,fdiv,8,0.8,0.08641073297370003
1430,fric_prob,9,0.9,0.04326272780691068
1430,fdiv_fund,10,1,0.02748633611151034
1430,feve_fund,-10,-1,0.02748633611151034
1430,fdis_prob,-8,-0.8,0.08641073297370003
1430,fmpd_prob,-10,-1,0.02748633611151034
1430,raoq_fund,-8,-0.8,0.08641073297370003
1430,cwm_pc1,-6,-0.6,0.2206713619198468
1430,cwm_pc2,6,0.6,0.2206713619198468
1430,pd_prob_mctavish,10,1,0.02748633611151034
1430,mpd_prob_mctavish,8,0.8,0.08641073297370003
1448,corrected_richness,10,1,0.02748633611151034
1448,shannon,10,1,0.02748633611151034
1448,inv_simpson,10,1,0.02748633611151034
1448,trait_volume,-10,-1,0.02748633611151034
1448,trait_dispersion,-10,-1,0.02748633611151034
1448,rao_q,-10,-1,0.02748633611151034
1448,feve,10,1,0.02748633611151034
1448,fdiv,-4,-0.4,0.4624327264504763
1448,fric_prob,-6,-0.6,0.2206713619198468
1448,fdiv_fund,-10,-1,0.02748633611151034
1448,feve_fund,-10,-1,0.02748633611151034
1448,fdis_prob,-10,-1,0.02748633611151034
1448,fmpd_prob,-10,-1,0.02748633611151034
1448,raoq_fund,-10,-1,0.02748633611151034
1448,cwm_pc1,-10,-1,0.02748633611151034
1448,cwm_pc2,10,1,0.02748633611151034
1448,pd_prob_mctavish,10,1,0.02748633611151034
1448,mpd_prob_mctavish,10,1,0.02748633611151034
1449,corrected_richness,10,1,0.02748633611151034
1449,shannon,10,1,0.02748633611151034
1449,inv_simpson,10,1,0.02748633611151034
1449,trait_volume,-10,-1,0.02748633611151034
1449,trait_dispersion,-8,-0.8,0.08641073297370003
1449,rao_q,-10,-1,0.02748633611151034
1449,feve,10,1,0.02748633611151034
1449,fdiv,-8,-0.8,0.08641073297370003
1449,fric_prob,-4,-0.4,0.4624327264504763
1449,fdiv_fund,-6,-0.6,0.2206713619198468
1449,feve_fund,-10,-1,0.02748633611151034
1449,fdis_prob,-8,-0.8,0.08641073297370003
1449,fmpd_prob,-10,-1,0.02748633611151034
1449,raoq_fund,-10,-1,0.02748633611151034
1449,cwm_pc1,-10,-1,0.02748633611151034
1449,cwm_pc2,10,1,0.02748633611151034
1449,pd_prob_mctavish,10,1,0.02748633611151034
1449,mpd_prob_mctavish,10,1,0.02748633611151034
1450,corrected_richness,10,1,0.02748633611151034
1450,shannon,10,1,0.02748633611151034
1450,inv_simpson,10,1,0.02748633611151034
1450,trait_volume,-8,-0.8,0.08641073297370003
1450,trait_dispersion,-6,-0.6,0.2206713619198468
1450,rao_q,-10,-1,0.02748633611151034
1450,feve,10,1,0.02748633611151034
1450,fdiv,-8,-0.8,0.08641073297370003
1450,fric_prob,-4,-0.4,0.4624327264504763
1450,fdiv_fund,-6,-0.6,0.2206713619198468
1450,feve_fund,-10,-1,0.02748633611151034
1450,fdis_prob,-4,-0.4,0.4624327264504763
1450,fmpd_prob,-10,-1,0.02748633611151034
1450,raoq_fund,-8,-0.8,0.08641073297370003
1450,cwm_pc1,-10,-1,0.02748633611151034
1450,cwm_pc2,10,1,0.02748633611151034
1450,pd_prob_mctavish,10,1,0.02748633611151034
1450,mpd_prob_mctavish,10,1,0.02748633611151034
1452,corrected_richness,10,1,0.02748633611151034
1452,shannon,10,1,0.02748633611151034
1452,inv_simpson,10,1,0.02748633611151034
1452,trait_volume,-10,-1,0.02748633611151034
1452,trait_dispersion,-10,-1,0.02748633611151034
1452,rao_q,-10,-1,0.02748633611151034
1452,feve,10,1,0.02748633611151034
1452,fdiv,-6,-0.6,0.2206713619198468
1452,fric_prob,10,1,0.02748633611151034
1452,fdiv_fund,4,0.4,0.4624327264504763
1452,feve_fund,-10,-1,0.02748633611151034
1452,fdis_prob,-8,-0.8,0.08641073297370003
1452,fmpd_prob,-10,-1,0.02748633611151034
1452,raoq_fund,-10,-1,0.02748633611151034
1452,cwm_pc1,-10,-1,0.02748633611151034
1452,cwm_pc2,10,1,0.02748633611151034
1452,pd_prob_mctavish,10,1,0.02748633611151034
1452,mpd_prob_mctavish,10,1,0.02748633611151034
1453,corrected_richness,10,1,0.02748633611151034
1453,shannon,10,1,0.02748633611151034
1453,inv_simpson,10,1,0.02748633611151034
1453,trait_volume,-10,-1,0.02748633611151034
1453,trait_dispersion,-10,-1,0.02748633611151034
1453,rao_q,-10,-1,0.02748633611151034
1453,feve,10,1,0.02748633611151034
1453,fdiv,-2,-0.2,0.8064959405073402
1453,fric_prob,10,1,0.02748633611151034
1453,fdiv_fund,10,1,0.02748633611151034
1453,feve_fund,-10,-1,0.02748633611151034
1453,fdis_prob,-10,-1,0.02748633611151034
1453,fmpd_prob,-10,-1,0.02748633611151034
1453,raoq_fund,-10,-1,0.02748633611151034
1453,cwm_pc1,-10,-1,0.02748633611151034
1453,cwm_pc2,10,1,0.02748633611151034
1453,pd_prob_mctavish,10,1,0.02748633611151034
1453,mpd_prob_mctavish,8,0.8,0.08641073297370003
1454,corrected_richness,10,1,0.02748633611151034
1454,shannon,10,1,0.02748633611151034
1454,inv_simpson,10,1,0.02748633611151034
1454,trait_volume,-10,-1,0.02748633611151034
1454,trait_dispersion,-10,-1,0.02748633611151034
1454,rao_q,-10,-1,0.02748633611151034
1454,feve,10,1,0.02748633611151034
1454,fdiv,-4,-0.4,0.4624327264504763
1454,fric_prob,10,1,0.02748633611151034
1454,fdiv_fund,10,1,0.02748633611151034
1454,feve_fund,-10,-1,0.02748633611151034
1454,fdis_prob,-8,-0.8,0.08641073297370003
1454,fmpd_prob,-10,-1,0.02748633611151034
1454,raoq_fund,-10,-1,0.02748633611151034
1454,cwm_pc1,-10,-1,0.02748633611151034
1454,cwm_pc2,10,1,0.02748633611151034
1454,pd_prob_mctavish,10,1,0.02748633611151034
1454,mpd_prob_mctavish,10,1,0.02748633611151034
1455,corrected_richness,10,1,0.02748633611151034
1455,shannon,10,1,0.02748633611151034
1455,inv_simpson,10,1,0.02748633611151034
1455,trait_volume,-10,-1,0.02748633611151034
1455,trait_dispersion,-10,-1,0.02748633611151034
1455,rao_q,-10,-1,0.02748633611151034
1455,feve,10,1,0.02748633611151034
1455,fdiv,-4,-0.4,0.4624327264504763
1455,fric_prob,10,1,0.02748633611151034
1455,fdiv_fund,0,0,1
1455,feve_fund,-10,-1,0.02748633611151034
1455,fdis_prob,-4,-0.4,0.4624327264504763
1455,fmpd_prob,-10,-1,0.02748633611151034
1455,raoq_fund,-4,-0.4,0.4624327264504763
1455,cwm_pc1,-10,-1,0.02748633611151034
1455,cwm_pc2,10,1,0.02748633611151034
1455,pd_prob_mctavish,10,1,0.02748633611151034
1455,mpd_prob_mctavish,8,0.8,0.08641073297370003
1456,corrected_richness,10,1,0.02748633611151034
1456,shannon,10,1,0.02748633611151034
1456,inv_simpson,10,1,0.02748633611151034
1456,trait_volume,-10,-1,0.02748633611151034
1456,trait_dispersion,-10,-1,0.02748633611151034
1456,rao_q,-10,-1,0.02748633611151034
1456,feve,10,1,0.02748633611151034
1456,fdiv,-6,-0.6,0.2206713619198468
1456,fric_prob,10,1,0.02748633611151034
1456,fdiv_fund,10,1,0.02748633611151034
1456,feve_fund,-10,-1,0.02748633611151034
1456,fdis_prob,-10,-1,0.02748633611151034
1456,fmpd_prob,-10,-1,0.02748633611151034
1456,raoq_fund,-10,-1,0.02748633611151034
1456,cwm_pc1,-10,-1,0.02748633611151034
1456,cwm_pc2,10,1,0.02748633611151034
1456,pd_prob_mctavish,10,1,0.02748633611151034
1456,mpd_prob_mctavish,10,1,0.02748633611151034
1462,corrected_richness,10,1,0.02748633611151034
1462,shannon,10,1,0.02748633611151034
1462,inv_simpson,10,1,0.02748633611151034
1462,trait_volume,-10,-1,0.02748633611151034
1462,trait_dispersion,-8,-0.8,0.08641073297370003
1462,rao_q,-10,-1,0.02748633611151034
1462,feve,8,0.8,0.08641073297370003
1462,fdiv,-6,-0.6,0.2206713619198468
1462,fric_prob,-2,-0.2,0.8064959405073402
1462,fdiv_fund,-6,-0.6,0.2206713619198468
1462,feve_fund,-8,-0.8,0.08641073297370003
1462,fdis_prob,-8,-0.8,0.08641073297370003
1462,fmpd_prob,-10,-1,0.02748633611151034
1462,raoq_fund,-8,-0.8,0.08641073297370003
1462,cwm_pc1,-10,-1,0.02748633611151034
1462,cwm_pc2,10,1,0.02748633611151034
1462,pd_prob_mctavish,10,1,0.02748633611151034
1462,mpd_prob_mctavish,4,0.4,0.4624327264504763
1465,corrected_richness,10,1,0.02748633611151034
1465,shannon,10,1,0.02748633611151034
1465,inv_simpson,10,1,0.02748633611151034
1465,trait_volume,-10,-1,0.02748633611151034
1465,trait_dispersion,-10,-1,0.02748633611151034
1465,rao_q,-10,-1,0.02748633611151034
1465,feve,8,0.8,0.08641073297370003
1465,fdiv,-6,-0.6,0.2206713619198468
1465,fric_prob,4,0.4,0.4624327264504763
1465,fdiv_fund,0,0,1
1465,feve_fund,-8,-0.8,0.08641073297370003
1465,fdis_prob,0,0,1
1465,fmpd_prob,-10,-1,0.02748633611151034
1465,raoq_fund,-4,-0.4,0.4624327264504763
1465,cwm_pc1,-10,-1,0.02748633611151034
1465,cwm_pc2,4,0.4,0.4624327264504763
1465,pd_prob_mctavish,10,1,0.02748633611151034
1465,mpd_prob_mctavish,8,0.8,0.08641073297370003
1466,corrected_richness,10,1,0.02748633611151034
1466,shannon,10,1,0.02748633611151034
1466,inv_simpson,10,1,0.02748633611151034
1466,trait_volume,-10,-1,0.02748633611151034
1466,trait_dispersion,-10,-1,0.02748633611151034
1466,rao_q,-10,-1,0.02748633611151034
1466,feve,10,1,0.02748633611151034
1466,fdiv,-2,-0.2,0.8064959405073402
1466,fric_prob,-2,-0.2,0.8064959405073402
1466,fdiv_fund,-6,-0.6,0.2206713619198468
1466,feve_fund,-8,-0.8,0.08641073297370003
1466,fdis_prob,-8,-0.8,0.08641073297370003
1466,fmpd_prob,-10,-1,0.02748633611151034
1466,raoq_fund,-8,-0.8,0.08641073297370003
1466,cwm_pc1,-10,-1,0.02748633611151034
1466,cwm_pc2,8,0.8,0.08641073297370003
1466,pd_prob_mctavish,10,1,0.02748633611151034
1466,mpd_prob_mctavish,6,0.6,0.2206713619198468
1468,corrected_richness,10,1,0.02748633611151034
1468,shannon,10,1,0.02748633611151034
1468,inv_simpson,10,1,0.02748633611151034
1468,trait_volume,-10,-1,0.02748633611151034
1468,trait_dispersion,-10,-1,0.02748633611151034
1468,rao_q,-10,-1,0.02748633611151034
1468,feve,10,1,0.02748633611151034
1468,fdiv,4,0.4,0.4624327264504763
1468,fric_prob,10,1,0.02748633611151034
1468,fdiv_fund,-10,-1,0.02748633611151034
1468,feve_fund,-8,-0.8,0.08641073297370003
1468,fdis_prob,-10,-1,0.02748633611151034
1468,fmpd_prob,-10,-1,0.02748633611151034
1468,raoq_fund,-10,-1,0.02748633611151034
1468,cwm_pc1,-8,-0.8,0.08641073297370003
1468,cwm_pc2,-6,-0.6,0.2206713619198468
1468,pd_prob_mctavish,10,1,0.02748633611151034
1468,mpd_prob_mctavish,6,0.6,0.2206713619198468
1471,corrected_richness,10,1,0.02748633611151034
1471,shannon,10,1,0.02748633611151034
1471,inv_simpson,10,1,0.02748633611151034
1471,trait_volume,-10,-1,0.02748633611151034
1471,trait_dispersion,-8,-0.8,0.08641073297370003
1471,rao_q,-10,-1,0.02748633611151034
1471,feve,10,1,0.02748633611151034
1471,fdiv,-6,-0.6,0.2206713619198468
1471,fric_prob,10,1,0.02748633611151034
1471,fdiv_fund,-8,-0.8,0.08641073297370003
1471,feve_fund,-8,-0.8,0.08641073297370003
1471,fdis_prob,-6,-0.6,0.2206713619198468
1471,fmpd_prob,-10,-1,0.02748633611151034
1471,raoq_fund,-4,-0.4,0.4624327264504763
1471,cwm_pc1,-10,-1,0.02748633611151034
1471,cwm_pc2,-6,-0.6,0.2206713619198468
1471,pd_prob_mctavish,10,1,0.02748633611151034
1471,mpd_prob_mctavish,8,0.8,0.08641073297370003
1476,corrected_richness,10,1,0.02748633611151034
1476,shannon,10,1,0.02748633611151034
1476,inv_simpson,10,1,0.02748633611151034
1476,trait_volume,-10,-1,0.02748633611151034
1476,trait_dispersion,-10,-1,0.02748633611151034
1476,rao_q,-10,-1,0.02748633611151034
1476,feve,10,1,0.02748633611151034
1476,fdiv,-8,-0.8,0.08641073297370003
1476,fric_prob,2,0.2,0.8064959405073402
1476,fdiv_fund,-8,-0.8,0.08641073297370003
1476,feve_fund,-10,-1,0.02748633611151034
1476,fdis_prob,-8,-0.8,0.08641073297370003
1476,fmpd_prob,-10,-1,0.02748633611151034
1476,raoq_fund,-8,-0.8,0.08641073297370003
1476,cwm_pc1,-8,-0.8,0.08641073297370003
1476,cwm_pc2,-4,-0.4,0.4624327264504763
1476,pd_prob_mctavish,10,1,0.02748633611151034
1476,mpd_prob_mctavish,6,0.6,0.2206713619198468
1479,corrected_richness,10,1,0.02748633611151034
1479,shannon,10,1,0.02748633611151034
1479,inv_simpson,10,1,0.02748633611151034
1479,trait_volume,-10,-1,0.02748633611151034
1479,trait_dispersion,-10,-1,0.02748633611151034
1479,rao_q,-10,-1,0.02748633611151034
1479,feve,2,0.2,0.8064959405073402
1479,fdiv,2,0.2,0.8064959405073402
1479,fric_prob,-2,-0.2,0.8064959405073402
1479,fdiv_fund,-8,-0.8,0.08641073297370003
1479,feve_fund,-10,-1,0.02748633611151034
1479,fdis_prob,-10,-1,0.02748633611151034
1479,fmpd_prob,-10,-1,0.02748633611151034
1479,raoq_fund,-10,-1,0.02748633611151034
1479,cwm_pc1,-6,-0.6,0.2206713619198468
1479,cwm_pc2,-4,-0.4,0.4624327264504763
1479,pd_prob_mctavish,10,1,0.02748633611151034
1479,mpd_prob_mctavish,-2,-0.2,0.8064959405073402
1480,corrected_richness,10,1,0.02748633611151034
1480,shannon,10,1,0.02748633611151034
1480,inv_simpson,10,1,0.02748633611151034
1480,trait_volume,-8,-0.8,0.08641073297370003
1480,trait_dispersion,-10,-1,0.02748633611151034
1480,rao_q,-10,-1,0.02748633611151034
1480,feve,0,0,1
1480,fdiv,8,0.8,0.08641073297370003
1480,fric_prob,10,1,0.02748633611151034
1480,fdiv_fund,0,0,1
1480,feve_fund,-8,-0.8,0.08641073297370003
1480,fdis_prob,-8,-0.8,0.08641073297370003
1480,fmpd_prob,-10,-1,0.02748633611151034
1480,raoq_fund,-8,-0.8,0.08641073297370003
1480,cwm_pc1,-10,-1,0.02748633611151034
1480,cwm_pc2,10,1,0.02748633611151034
1480,pd_prob_mctavish,10,1,0.02748633611151034
1480,mpd_prob_mctavish,-2,-0.2,0.8064959405073402
1481,corrected_richness,10,1,0.02748633611151034
1481,shannon,10,1,0.02748633611151034
1481,inv_simpson,10,1,0.02748633611151034
1481,trait_volume,-8,-0.8,0.08641073297370003
1481,trait_dispersion,-10,-1,0.02748633611151034
1481,rao_q,-10,-1,0.02748633611151034
1481,feve,2,0.2,0.8064959405073402
1481,fdiv,8,0.8,0.08641073297370003
1481,fric_prob,8,0.8,0.08641073297370003
1481,fdiv_fund,-8,-0.8,0.08641073297370003
1481,feve_fund,-8,-0.8,0.08641073297370003
1481,fdis_prob,-10,-1,0.02748633611151034
1481,fmpd_prob,-10,-1,0.02748633611151034
1481,raoq_fund,-8,-0.8,0.08641073297370003
1481,cwm_pc1,-6,-0.6,0.2206713619198468
1481,cwm_pc2,2,0.2,0.8064959405073402
1481,pd_prob_mctavish,10,1,0.02748633611151034
1481,mpd_prob_mctavish,-2,-0.2,0.8064959405073402
1482,corrected_richness,10,1,0.02748633611151034
1482,shannon,10,1,0.02748633611151034
1482,inv_simpson,10,1,0.02748633611151034
1482,trait_volume,-10,-1,0.02748633611151034
1482,trait_dispersion,-10,-1,0.02748633611151034
1482,rao_q,-10,-1,0.02748633611151034
1482,feve,2,0.2,0.8064959405073402
1482,fdiv,8,0.8,0.08641073297370003
1482,fric_prob,8,0.8,0.08641073297370003
1482,fdiv_fund,-8,-0.8,0.08641073297370003
1482,feve_fund,-8,-0.8,0.08641073297370003
1482,fdis_prob,-10,-1,0.02748633611151034
1482,fmpd_prob,-10,-1,0.02748633611151034
1482,raoq_fund,-8,-0.8,0.08641073297370003
1482,cwm_pc1,-4,-0.4,0.4624327264504763
1482,cwm_pc2,-6,-0.6,0.2206713619198468
1482,pd_prob_mctavish,10,1,0.02748633611151034
1482,mpd_prob_mctavish,-2,-0.2,0.8064959405073402
1483,corrected_richness,10,1,0.02748633611151034
1483,shannon,10,1,0.02748633611151034
1483,inv_simpson,10,1,0.02748633611151034
1483,trait_volume,-10,-1,0.02748633611151034
1483,trait_dispersion,-10,-1,0.02748633611151034
1483,rao_q,-10,-1,0.02748633611151034
1483,feve,2,0.2,0.8064959405073402
1483,fdiv,8,0.8,0.08641073297370003
1483,fric_prob,10,1,0.02748633611151034
1483,fdiv_fund,4,0.4,0.4624327264504763
1483,feve_fund,-8,-0.8,0.08641073297370003
1483,fdis_prob,-8,-0.8,0.08641073297370003
1483,fmpd_prob,-10,-1,0.02748633611151034
1483,raoq_fund,-8,-0.8,0.08641073297370003
1483,cwm_pc1,-8,-0.8,0.08641073297370003
1483,cwm_pc2,6,0.6,0.2206713619198468
1483,pd_prob_mctavish,10,1,0.02748633611151034
1483,mpd_prob_mctavish,-2,-0.2,0.8064959405073402
1484,corrected_richness,10,1,0.02748633611151034
1484,shannon,10,1,0.02748633611151034
1484,inv_simpson,10,1,0.02748633611151034
1484,trait_volume,-10,-1,0.02748633611151034
1484,trait_dispersion,-10,-1,0.02748633611151034
1484,rao_q,-10,-1,0.02748633611151034
1484,feve,4,0.4,0.4624327264504763
1484,fdiv,8,0.8,0.08641073297370003
1484,fric_prob,8,0.8,0.08641073297370003
1484,fdiv_fund,0,0,1
1484,feve_fund,-8,-0.8,0.08641073297370003
1484,fdis_prob,-10,-1,0.02748633611151034
1484,fmpd_prob,-10,-1,0.02748633611151034
1484,raoq_fund,-10,-1,0.02748633611151034
1484,cwm_pc1,-8,-0.8,0.08641073297370003
1484,cwm_pc2,2,0.2,0.8064959405073402
1484,pd_prob_mctavish,10,1,0.02748633611151034
1484,mpd_prob_mctavish,-2,-0.2,0.8064959405073402
1485,corrected_richness,10,1,0.02748633611151034
1485,shannon,10,1,0.02748633611151034
1485,inv_simpson,10,1,0.02748633611151034
1485,trait_volume,-10,-1,0.02748633611151034
1485,trait_dispersion,-10,-1,0.02748633611151034
1485,rao_q,-10,-1,0.02748633611151034
1485,feve,4,0.4,0.4624327264504763
1485,fdiv,10,1,0.02748633611151034
1485,fric_prob,8,0.8,0.08641073297370003
1485,fdiv_fund,-8,-0.8,0.08641073297370003
1485,feve_fund,-8,-0.8,0.08641073297370003
1485,fdis_prob,-10,-1,0.02748633611151034
1485,fmpd_prob,-10,-1,0.02748633611151034
1485,raoq_fund,-10,-1,0.02748633611151034
1485,cwm_pc1,0,0,1
1485,cwm_pc2,-4,-0.4,0.4624327264504763
1485,pd_prob_mctavish,10,1,0.02748633611151034
1485,mpd_prob_mctavish,-4,-0.4,0.4624327264504763
1486,corrected_richness,10,1,0.02748633611151034
1486,shannon,10,1,0.02748633611151034
1486,inv_simpson,10,1,0.02748633611151034
1486,trait_volume,-10,-1,0.02748633611151034
1486,trait_dispersion,-10,-1,0.02748633611151034
1486,rao_q,-10,-1,0.02748633611151034
1486,feve,4,0.4,0.4624327264504763
1486,fdiv,10,1,0.02748633611151034
1486,fric_prob,8,0.8,0.08641073297370003
1486,fdiv_fund,-10,-1,0.02748633611151034
1486,feve_fund,-8,-0.8,0.08641073297370003
1486,fdis_prob,-10,-1,0.02748633611151034
1486,fmpd_prob,-10,-1,0.02748633611151034
1486,raoq_fund,-10,-1,0.02748633611151034
1486,cwm_pc1,0,0,1
1486,cwm_pc2,-2,-0.2,0.8064959405073402
1486,pd_prob_mctavish,10,1,0.02748633611151034
1486,mpd_prob_mctavish,-4,-0.4,0.4624327264504763
1487,corrected_richness,10,1,0.02748633611151034
1487,shannon,10,1,0.02748633611151034
1487,inv_simpson,10,1,0.02748633611151034
1487,trait_volume,-10,-1,0.02748633611151034
1487,trait_dispersion,-10,-1,0.02748633611151034
1487,rao_q,-10,-1,0.02748633611151034
1487,feve,0,0,1
1487,fdiv,8,0.8,0.08641073297370003
1487,fric_prob,-6,-0.6,0.2206713619198468
1487,fdiv_fund,-8,-0.8,0.08641073297370003
1487,feve_fund,-10,-1,0.02748633611151034
1487,fdis_prob,-10,-1,0.02748633611151034
1487,fmpd_prob,-10,-1,0.02748633611151034
1487,raoq_fund,-10,-1,0.02748633611151034
1487,cwm_pc1,0,0,1
1487,cwm_pc2,-8,-0.8,0.08641073297370003
1487,pd_prob_mctavish,10,1,0.02748633611151034
1487,mpd_prob_mctavish,-2,-0.2,0.8064959405073402
1488,corrected_richness,10,1,0.02748633611151034
1488,shannon,10,1,0.02748633611151034
1488,inv_simpson,10,1,0.02748633611151034
1488,trait_volume,-10,-1,0.02748633611151034
1488,trait_dispersion,-10,-1,0.02748633611151034
1488,rao_q,-10,-1,0.02748633611151034
1488,feve,2,0.2,0.8064959405073402
1488,fdiv,8,0.8,0.08641073297370003
1488,fric_prob,-2,-0.2,0.8064959405073402
1488,fdiv_fund,-4,-0.4,0.4624327264504763
1488,feve_fund,-8,-0.8,0.08641073297370003
1488,fdis_prob,-10,-1,0.02748633611151034
1488,fmpd_prob,-10,-1,0.02748633611151034
1488,raoq_fund,-10,-1,0.02748633611151034
1488,cwm_pc1,0,0,1
1488,cwm_pc2,-8,-0.8,0.08641073297370003
1488,pd_prob_mctavish,10,1,0.02748633611151034
1488,mpd_prob_mctavish,-2,-0.2,0.8064959405073402
1489,corrected_richness,10,1,0.02748633611151034
1489,shannon,10,1,0.02748633611151034
1489,inv_simpson,10,1,0.02748633611151034
1489,trait_volume,-10,-1,0.02748633611151034
1489,trait_dispersion,-10,-1,0.02748633611151034
1489,rao_q,-10,-1,0.02748633611151034
1489,feve,2,0.2,0.8064959405073402
1489,fdiv,8,0.8,0.08641073297370003
1489,fric_prob,-2,-0.2,0.8064959405073402
1489,fdiv_fund,-2,-0.2,0.8064959405073402
1489,feve_fund,-10,-1,0.02748633611151034
1489,fdis_prob,-8,-0.8,0.08641073297370003
1489,fmpd_prob,-10,-1,0.02748633611151034
1489,raoq_fund,-8,-0.8,0.08641073297370003
1489,cwm_pc1,-8,-0.8,0.08641073297370003
1489,cwm_pc2,10,1,0.02748633611151034
1489,pd_prob_mctavish,10,1,0.02748633611151034
1489,mpd_prob_mctavish,2,0.2,0.8064959405073402
1490,corrected_richness,10,1,0.02748633611151034
1490,shannon,10,1,0.02748633611151034
1490,inv_simpson,10,1,0.02748633611151034
1490,trait_volume,-10,-1,0.02748633611151034
1490,trait_dispersion,-10,-1,0.02748633611151034
1490,rao_q,-10,-1,0.02748633611151034
1490,feve,2,0.2,0.8064959405073402
1490,fdiv,8,0.8,0.08641073297370003
1490,fric_prob,4,0.4,0.4624327264504763
1490,fdiv_fund,-4,-0.4,0.4624327264504763
1490,feve_fund,-10,-1,0.02748633611151034
1490,fdis_prob,-10,-1,0.02748633611151034
1490,fmpd_prob,-10,-1,0.02748633611151034
1490,raoq_fund,-8,-0.8,0.08641073297370003
1490,cwm_pc1,-10,-1,0.02748633611151034
1490,cwm_pc2,10,1,0.02748633611151034
1490,pd_prob_mctavish,10,1,0.02748633611151034
1490,mpd_prob_mctavish,4,0.4,0.4624327264504763
1491,corrected_richness,10,1,0.02748633611151034
1491,shannon,10,1,0.02748633611151034
1491,inv_simpson,10,1,0.02748633611151034
1491,trait_volume,-10,-1,0.02748633611151034
1491,trait_dispersion,-6,-0.6,0.2206713619198468
1491,rao_q,-10,-1,0.02748633611151034
1491,feve,10,1,0.02748633611151034
1491,fdiv,-4,-0.4,0.4624327264504763
1491,fric_prob,-4,-0.4,0.4624327264504763
1491,fdiv_fund,4,0.4,0.4624327264504763
1491,feve_fund,-10,-1,0.02748633611151034
1491,fdis_prob,-8,-0.8,0.08641073297370003
1491,fmpd_prob,-10,-1,0.02748633611151034
1491,raoq_fund,-10,-1,0.02748633611151034
1491,cwm_pc1,-6,-0.6,0.2206713619198468
1491,cwm_pc2,8,0.8,0.08641073297370003
1491,pd_prob_mctavish,10,1,0.02748633611151034
1491,mpd_prob_mctavish,6,0.6,0.2206713619198468
1492,corrected_richness,10,1,0.02748633611151034
1492,shannon,10,1,0.02748633611151034
1492,inv_simpson,10,1,0.02748633611151034
1492,trait_volume,-10,-1,0.02748633611151034
1492,trait_dispersion,-10,-1,0.02748633611151034
1492,rao_q,-10,-1,0.02748633611151034
1492,feve,8,0.8,0.08641073297370003
1492,fdiv,8,0.8,0.08641073297370003
1492,fric_prob,-3,-0.3,0.6133543559547467
1492,fdiv_fund,-4,-0.4,0.4624327264504763
1492,feve_fund,-10,-1,0.02748633611151034
1492,fdis_prob,-10,-1,0.02748633611151034
1492,fmpd_prob,-10,-1,0.02748633611151034
1492,raoq_fund,-10,-1,0.02748633611151034
1492,cwm_pc1,4,0.4,0.4624327264504763
1492,cwm_pc2,-6,-0.6,0.2206713619198468
1492,pd_prob_mctavish,10,1,0.02748633611151034
1492,mpd_prob_mctavish,0,0,1
1493,corrected_richness,10,1,0.02748633611151034
1493,shannon,10,1,0.02748633611151034
1493,inv_simpson,10,1,0.02748633611151034
1493,trait_volume,-10,-1,0.02748633611151034
1493,trait_dispersion,-10,-1,0.02748633611151034
1493,rao_q,-10,-1,0.02748633611151034
1493,feve,10,1,0.02748633611151034
1493,fdiv,8,0.8,0.08641073297370003
1493,fric_prob,-6,-0.6,0.2206713619198468
1493,fdiv_fund,-8,-0.8,0.08641073297370003
1493,feve_fund,-10,-1,0.02748633611151034
1493,fdis_prob,-10,-1,0.02748633611151034
1493,fmpd_prob,-10,-1,0.02748633611151034
1493,raoq_fund,-10,-1,0.02748633611151034
1493,cwm_pc1,4,0.4,0.4624327264504763
1493,cwm_pc2,-6,-0.6,0.2206713619198468
1493,pd_prob_mctavish,10,1,0.02748633611151034
1493,mpd_prob_mctavish,4,0.4,0.4624327264504763
1494,corrected_richness,10,1,0.02748633611151034
1494,shannon,10,1,0.02748633611151034
1494,inv_simpson,10,1,0.02748633611151034
1494,trait_volume,-10,-1,0.02748633611151034
1494,trait_dispersion,-10,-1,0.02748633611151034
1494,rao_q,-10,-1,0.02748633611151034
1494,feve,10,1,0.02748633611151034
1494,fdiv,8,0.8,0.08641073297370003
1494,fric_prob,-5,-0.5,0.3122163883433193
1494,fdiv_fund,-6,-0.6,0.2206713619198468
1494,feve_fund,-10,-1,0.02748633611151034
1494,fdis_prob,-10,-1,0.02748633611151034
1494,fmpd_prob,-10,-1,0.02748633611151034
1494,raoq_fund,-10,-1,0.02748633611151034
1494,cwm_pc1,4,0.4,0.4624327264504763
1494,cwm_pc2,6,0.6,0.2206713619198468
1494,pd_prob_mctavish,10,1,0.02748633611151034
1494,mpd_prob_mctavish,-2,-0.2,0.8064959405073402
1495,corrected_richness,10,1,0.02748633611151034
1495,shannon,10,1,0.02748633611151034
1495,inv_simpson,10,1,0.02748633611151034
1495,trait_volume,-10,-1,0.02748633611151034
1495,trait_dispersion,-10,-1,0.02748633611151034
1495,rao_q,-10,-1,0.02748633611151034
1495,feve,10,1,0.02748633611151034
1495,fdiv,6,0.6,0.2206713619198468
1495,fric_prob,1,0.1,1
1495,fdiv_fund,-2,-0.2,0.8064959405073402
1495,feve_fund,-10,-1,0.02748633611151034
1495,fdis_prob,-10,-1,0.02748633611151034
1495,fmpd_prob,-10,-1,0.02748633611151034
1495,raoq_fund,-10,-1,0.02748633611151034
1495,cwm_pc1,2,0.2,0.8064959405073402
1495,cwm_pc2,8,0.8,0.08641073297370003
1495,pd_prob_mctavish,10,1,0.02748633611151034
1495,mpd_prob_mctavish,2,0.2,0.8064959405073402
1496,corrected_richness,10,1,0.02748633611151034
1496,shannon,10,1,0.02748633611151034
1496,inv_simpson,10,1,0.02748633611151034
1496,trait_volume,-10,-1,0.02748633611151034
1496,trait_dispersion,-10,-1,0.02748633611151034
1496,rao_q,-10,-1,0.02748633611151034
1496,feve,10,1,0.02748633611151034
1496,fdiv,8,0.8,0.08641073297370003
1496,fric_prob,1,0.1,1
1496,fdiv_fund,6,0.6,0.2206713619198468
1496,feve_fund,-10,-1,0.02748633611151034
1496,fdis_prob,-10,-1,0.02748633611151034
1496,fmpd_prob,-10,-1,0.02748633611151034
1496,raoq_fund,-10,-1,0.02748633611151034
1496,cwm_pc1,2,0.2,0.8064959405073402
1496,cwm_pc2,8,0.8,0.08641073297370003
1496,pd_prob_mctavish,10,1,0.02748633611151034
1496,mpd_prob_mctavish,2,0.2,0.8064959405073402
1497,corrected_richness,10,1,0.02748633611151034
1497,shannon,10,1,0.02748633611151034
1497,inv_simpson,10,1,0.02748633611151034
1497,trait_volume,-10,-1,0.02748633611151034
1497,trait_dispersion,-8,-0.8,0.08641073297370003
1497,rao_q,-10,-1,0.02748633611151034
1497,feve,10,1,0.02748633611151034
1497,fdiv,-2,-0.2,0.8064959405073402
1497,fric_prob,-4,-0.4,0.4624327264504763
1497,fdiv_fund,4,0.4,0.4624327264504763
1497,feve_fund,-10,-1,0.02748633611151034
1497,fdis_prob,-10,-1,0.02748633611151034
1497,fmpd_prob,-10,-1,0.02748633611151034
1497,raoq_fund,-10,-1,0.02748633611151034
1497,cwm_pc1,0,0,1
1497,cwm_pc2,8,0.8,0.08641073297370003
1497,pd_prob_mctavish,10,1,0.02748633611151034
1497,mpd_prob_mctavish,6,0.6,0.2206713619198468
1498,corrected_richness,10,1,0.02748633611151034
1498,shannon,10,1,0.02748633611151034
1498,inv_simpson,10,1,0.02748633611151034
1498,trait_volume,-10,-1,0.02748633611151034
1498,trait_dispersion,-10,-1,0.02748633611151034
1498,rao_q,-10,-1,0.02748633611151034
1498,feve,10,1,0.02748633611151034
1498,fdiv,10,1,0.02748633611151034
1498,fric_prob,0,0,1
1498,fdiv_fund,-8,-0.8,0.08641073297370003
1498,feve_fund,-10,-1,0.02748633611151034
1498,fdis_prob,-10,-1,0.02748633611151034
1498,fmpd_prob,-10,-1,0.02748633611151034
1498,raoq_fund,-10,-1,0.02748633611151034
1498,cwm_pc1,6,0.6,0.2206713619198468
1498,cwm_pc2,-6,-0.6,0.2206713619198468
1498,pd_prob_mctavish,10,1,0.02748633611151034
1498,mpd_prob_mctavish,4,0.4,0.4624327264504763
1499,corrected_richness,10,1,0.02748633611151034
1499,shannon,10,1,0.02748633611151034
1499,inv_simpson,10,1,0.02748633611151034
1499,trait_volume,-10,-1,0.02748633611151034
1499,trait_dispersion,-10,-1,0.02748633611151034
1499,rao_q,-10,-1,0.02748633611151034
1499,feve,10,1,0.02748633611151034
1499,fdiv,10,1,0.02748633611151034
1499,fric_prob,0,0,1
1499,fdiv_fund,8,0.8,0.08641073297370003
1499,feve_fund,-10,-1,0.02748633611151034
1499,fdis_prob,-10,-1,0.02748633611151034
1499,fmpd_prob,-10,-1,0.02748633611151034
1499,raoq_fund,-10,-1,0.02748633611151034
1499,cwm_pc1,6,0.6,0.2206713619198468
1499,cwm_pc2,-8,-0.8,0.08641073297370003
1499,pd_prob_mctavish,10,1,0.02748633611151034
1499,mpd_prob_mctavish,6,0.6,0.2206713619198468
1500,corrected_richness,10,1,0.02748633611151034
1500,shannon,10,1,0.02748633611151034
1500,inv_simpson,10,1,0.02748633611151034
1500,trait_volume,-10,-1,0.02748633611151034
1500,trait_dispersion,-10,-1,0.02748633611151034
1500,rao_q,-10,-1,0.02748633611151034
1500,feve,10,1,0.02748633611151034
1500,fdiv,10,1,0.02748633611151034
1500,fric_prob,0,0,1
1500,fdiv_fund,8,0.8,0.08641073297370003
1500,feve_fund,-10,-1,0.02748633611151034
1500,fdis_prob,-10,-1,0.02748633611151034
1500,fmpd_prob,-10,-1,0.02748633611151034
1500,raoq_fund,-10,-1,0.02748633611151034
1500,cwm_pc1,6,0.6,0.2206713619198468
1500,cwm_pc2,-6,-0.6,0.2206713619198468
1500,pd_prob_mctavish,10,1,0.02748633611151034
1500,mpd_prob_mctavish,8,0.8,0.08641073297370003
1502,corrected_richness,10,1,0.02748633611151034
1502,shannon,10,1,0.02748633611151034
1502,inv_simpson,10,1,0.02748633611151034
1502,trait_volume,-10,-1,0.02748633611151034
1502,trait_dispersion,-10,-1,0.02748633611151034
1502,rao_q,-10,-1,0.02748633611151034
1502,feve,10,1,0.02748633611151034
1502,fdiv,8,0.8,0.08641073297370003
1502,fric_prob,-4,-0.4,0.4624327264504763
1502,fdiv_fund,-4,-0.4,0.4624327264504763
1502,feve_fund,-10,-1,0.02748633611151034
1502,fdis_prob,-10,-1,0.02748633611151034
1502,fmpd_prob,-10,-1,0.02748633611151034
1502,raoq_fund,-10,-1,0.02748633611151034
1502,cwm_pc1,6,0.6,0.2206713619198468
1502,cwm_pc2,-6,-0.6,0.2206713619198468
1502,pd_prob_mctavish,10,1,0.02748633611151034
1502,mpd_prob_mctavish,8,0.8,0.08641073297370003
1518,corrected_richness,10,1,0.02748633611151034
1518,shannon,10,1,0.02748633611151034
1518,inv_simpson,10,1,0.02748633611151034
1518,trait_volume,-6,-0.6,0.2206713619198468
1518,trait_dispersion,6,0.6,0.2206713619198468
1518,rao_q,-2,-0.2,0.8064959405073402
1518,feve,10,1,0.02748633611151034
1518,fdiv,-8,-0.8,0.08641073297370003
1518,fric_prob,4,0.4,0.4624327264504763
1518,fdiv_fund,0,0,1
1518,feve_fund,-10,-1,0.02748633611151034
1518,fdis_prob,-2,-0.2,0.8064959405073402
1518,fmpd_prob,-8,-0.8,0.08641073297370003
1518,raoq_fund,-10,-1,0.02748633611151034
1518,cwm_pc1,-10,-1,0.02748633611151034
1518,cwm_pc2,10,1,0.02748633611151034
1518,pd_prob_mctavish,10,1,0.02748633611151034
1518,mpd_prob_mctavish,10,1,0.02748633611151034
1520,corrected_richness,10,1,0.02748633611151034
1520,shannon,10,1,0.02748633611151034
1520,inv_simpson,10,1,0.02748633611151034
1520,trait_volume,-6,-0.6,0.2206713619198468
1520,trait_dispersion,6,0.6,0.2206713619198468
1520,rao_q,-2,-0.2,0.8064959405073402
1520,feve,10,1,0.02748633611151034
1520,fdiv,-8,-0.8,0.08641073297370003
1520,fric_prob,4,0.4,0.4624327264504763
1520,fdiv_fund,0,0,1
1520,feve_fund,-10,-1,0.02748633611151034
1520,fdis_prob,-2,-0.2,0.8064959405073402
1520,fmpd_prob,-4,-0.4,0.4624327264504763
1520,raoq_fund,-10,-1,0.02748633611151034
1520,cwm_pc1,-10,-1,0.02748633611151034
1520,cwm_pc2,10,1,0.02748633611151034
1520,pd_prob_mctavish,10,1,0.02748633611151034
1520,mpd_prob_mctavish,10,1,0.02748633611151034
1521,corrected_richness,10,1,0.02748633611151034
1521,shannon,10,1,0.02748633611151034
1521,inv_simpson,10,1,0.02748633611151034
1521,trait_volume,-8,-0.8,0.08641073297370003
1521,trait_dispersion,6,0.6,0.2206713619198468
1521,rao_q,-8,-0.8,0.08641073297370003
1521,feve,10,1,0.02748633611151034
1521,fdiv,-8,-0.8,0.08641073297370003
1521,fric_prob,2,0.2,0.8064959405073402
1521,fdiv_fund,-6,-0.6,0.2206713619198468
1521,feve_fund,-10,-1,0.02748633611151034
1521,fdis_prob,-8,-0.8,0.08641073297370003
1521,fmpd_prob,-8,-0.8,0.08641073297370003
1521,raoq_fund,-10,-1,0.02748633611151034
1521,cwm_pc1,-10,-1,0.02748633611151034
1521,cwm_pc2,10,1,0.02748633611151034
1521,pd_prob_mctavish,10,1,0.02748633611151034
1521,mpd_prob_mctavish,10,1,0.02748633611151034
1522,corrected_richness,10,1,0.02748633611151034
1522,shannon,10,1,0.02748633611151034
1522,inv_simpson,10,1,0.02748633611151034
1522,trait_volume,-8,-0.8,0.08641073297370003
1522,trait_dispersion,6,0.6,0.2206713619198468
1522,rao_q,-6,-0.6,0.2206713619198468
1522,feve,10,1,0.02748633611151034
1522,fdiv,-8,-0.8,0.08641073297370003
1522,fric_prob,-6,-0.6,0.2206713619198468
1522,fdiv_fund,-8,-0.8,0.08641073297370003
1522,feve_fund,-10,-1,0.02748633611151034
1522,fdis_prob,-6,-0.6,0.2206713619198468
1522,fmpd_prob,-6,-0.6,0.2206713619198468
1522,raoq_fund,-10,-1,0.02748633611151034
1522,cwm_pc1,-10,-1,0.02748633611151034
1522,cwm_pc2,10,1,0.02748633611151034
1522,pd_prob_mctavish,10,1,0.02748633611151034
1522,mpd_prob_mctavish,10,1,0.02748633611151034
1523,corrected_richness,10,1,0.02748633611151034
1523,shannon,10,1,0.02748633611151034
1523,inv_simpson,10,1,0.02748633611151034
1523,trait_volume,-8,-0.8,0.08641073297370003
1523,trait_dispersion,-8,-0.8,0.08641073297370003
1523,rao_q,-10,-1,0.02748633611151034
1523,feve,10,1,0.02748633611151034
1523,fdiv,-8,-0.8,0.08641073297370003
1523,fric_prob,-6,-0.6,0.2206713619198468
1523,fdiv_fund,-10,-1,0.02748633611151034
1523,feve_fund,-10,-1,0.02748633611151034
1523,fdis_prob,-10,-1,0.02748633611151034
1523,fmpd_prob,-10,-1,0.02748633611151034
1523,raoq_fund,-10,-1,0.02748633611151034
1523,cwm_pc1,-10,-1,0.02748633611151034
1523,cwm_pc2,10,1,0.02748633611151034
1523,pd_prob_mctavish,10,1,0.02748633611151034
1523,mpd_prob_mctavish,10,1,0.02748633611151034
1528,corrected_richness,10,1,0.02748633611151034
1528,shannon,10,1,0.02748633611151034
1528,inv_simpson,10,1,0.02748633611151034
1528,trait_volume,2,0.2,0.8064959405073402
1528,trait_dispersion,6,0.6,0.2206713619198468
1528,rao_q,4,0.4,0.4624327264504763
1528,feve,10,1,0.02748633611151034
1528,fdiv,-4,-0.4,0.2888443663464849
1528,fric_prob,0,0,1
1528,fdiv_fund,8,0.8,0.08641073297370003
1528,feve_fund,-6,-0.6,0.2206713619198468
1528,fdis_prob,4,0.4,0.4624327264504763
1528,fmpd_prob,4,0.4,0.4624327264504763
1528,raoq_fund,-2,-0.2,0.8064959405073402
1528,cwm_pc1,-10,-1,0.02748633611151034
1528,cwm_pc2,6,0.6,0.2206713619198468
1528,pd_prob_mctavish,10,1,0.02748633611151034
1528,mpd_prob_mctavish,10,1,0.02748633611151034
1529,corrected_richness,10,1,0.02748633611151034
1529,shannon,10,1,0.02748633611151034
1529,inv_simpson,10,1,0.02748633611151034
1529,trait_volume,2,0.2,0.8064959405073402
1529,trait_dispersion,8,0.8,0.08641073297370003
1529,rao_q,4,0.4,0.4624327264504763
1529,feve,10,1,0.02748633611151034
1529,fdiv,-4,-0.4,0.2888443663464849
1529,fric_prob,0,0,1
1529,fdiv_fund,6,0.6,0.2206713619198468
1529,feve_fund,-6,-0.6,0.2206713619198468
1529,fdis_prob,4,0.4,0.4624327264504763
1529,fmpd_prob,4,0.4,0.4624327264504763
1529,raoq_fund,0,0,1
1529,cwm_pc1,-10,-1,0.02748633611151034
1529,cwm_pc2,6,0.6,0.2206713619198468
1529,pd_prob_mctavish,10,1,0.02748633611151034
1529,mpd_prob_mctavish,10,1,0.02748633611151034
1533,corrected_richness,10,1,0.02748633611151034
1533,shannon,10,1,0.02748633611151034
1533,inv_simpson,10,1,0.02748633611151034
1533,trait_volume,-10,-1,0.02748633611151034
1533,trait_dispersion,-10,-1,0.02748633611151034
1533,rao_q,-10,-1,0.02748633611151034
1533,feve,10,1,0.02748633611151034
1533,fdiv,0,0,1
1533,fric_prob,-4,-0.4,0.4624327264504763
1533,fdiv_fund,-6,-0.6,0.2206713619198468
1533,feve_fund,-8,-0.8,0.08641073297370003
1533,fdis_prob,-10,-1,0.02748633611151034
1533,fmpd_prob,-10,-1,0.02748633611151034
1533,raoq_fund,-10,-1,0.02748633611151034
1533,cwm_pc1,-8,-0.8,0.08641073297370003
1533,cwm_pc2,-4,-0.4,0.4624327264504763
1533,pd_prob_mctavish,10,1,0.02748633611151034
1533,mpd_prob_mctavish,8,0.8,0.08641073297370003
1536,corrected_richness,10,1,0.02748633611151034
1536,shannon,10,1,0.02748633611151034
1536,inv_simpson,10,1,0.02748633611151034
1536,trait_volume,-10,-1,0.02748633611151034
1536,trait_dispersion,-10,-1,0.02748633611151034
1536,rao_q,-10,-1,0.02748633611151034
1536,feve,10,1,0.02748633611151034
1536,fdiv,0,0,1
1536,fric_prob,10,1,0.02748633611151034
1536,fdiv_fund,-10,-1,0.02748633611151034
1536,feve_fund,-8,-0.8,0.08641073297370003
1536,fdis_prob,-10,-1,0.02748633611151034
1536,fmpd_prob,-10,-1,0.02748633611151034
1536,raoq_fund,-10,-1,0.02748633611151034
1536,cwm_pc1,-8,-0.8,0.08641073297370003
1536,cwm_pc2,-6,-0.6,0.2206713619198468
1536,pd_prob_mctavish,10,1,0.02748633611151034
1536,mpd_prob_mctavish,6,0.6,0.2206713619198468
1537,corrected_richness,10,1,0.02748633611151034
1537,shannon,10,1,0.02748633611151034
1537,inv_simpson,10,1,0.02748633611151034
1537,trait_volume,-10,-1,0.02748633611151034
1537,trait_dispersion,-10,-1,0.02748633611151034
1537,rao_q,-10,-1,0.02748633611151034
1537,feve,10,1,0.02748633611151034
1537,fdiv,4,0.4,0.4624327264504763
1537,fric_prob,10,1,0.02748633611151034
1537,fdiv_fund,-8,-0.8,0.08641073297370003
1537,feve_fund,-8,-0.8,0.08641073297370003
1537,fdis_prob,-10,-1,0.02748633611151034
1537,fmpd_prob,-10,-1,0.02748633611151034
1537,raoq_fund,-10,-1,0.02748633611151034
1537,cwm_pc1,-8,-0.8,0.08641073297370003
1537,cwm_pc2,-6,-0.6,0.2206713619198468
1537,pd_prob_mctavish,10,1,0.02748633611151034
1537,mpd_prob_mctavish,8,0.8,0.08641073297370003
1538,corrected_richness,10,1,0.02748633611151034
1538,shannon,10,1,0.02748633611151034
1538,inv_simpson,10,1,0.02748633611151034
1538,trait_volume,-10,-1,0.02748633611151034
1538,trait_dispersion,-10,-1,0.02748633611151034
1538,rao_q,-10,-1,0.02748633611151034
1538,feve,10,1,0.02748633611151034
1538,fdiv,2,0.2,0.8064959405073402
1538,fric_prob,10,1,0.02748633611151034
1538,fdiv_fund,8,0.8,0.08641073297370003
1538,feve_fund,-10,-1,0.02748633611151034
1538,fdis_prob,-10,-1,0.02748633611151034
1538,fmpd_prob,-10,-1,0.02748633611151034
1538,raoq_fund,-10,-1,0.02748633611151034
1538,cwm_pc1,-8,-0.8,0.08641073297370003
1538,cwm_pc2,-8,-0.8,0.08641073297370003
1538,pd_prob_mctavish,10,1,0.02748633611151034
1538,mpd_prob_mctavish,8,0.8,0.08641073297370003
1539,corrected_richness,10,1,0.02748633611151034
1539,shannon,10,1,0.02748633611151034
1539,inv_simpson,10,1,0.02748633611151034
1539,trait_volume,-10,-1,0.02748633611151034
1539,trait_dispersion,-10,-1,0.02748633611151034
1539,rao_q,-10,-1,0.02748633611151034
1539,feve,10,1,0.02748633611151034
1539,fdiv,-6,-0.6,0.2206713619198468
1539,fric_prob,10,1,0.02748633611151034
1539,fdiv_fund,-10,-1,0.02748633611151034
1539,feve_fund,-10,-1,0.02748633611151034
1539,fdis_prob,-10,-1,0.02748633611151034
1539,fmpd_prob,-10,-1,0.02748633611151034
1539,raoq_fund,-10,-1,0.02748633611151034
1539,cwm_pc1,-10,-1,0.02748633611151034
1539,cwm_pc2,-6,-0.6,0.2206713619198468
1539,pd_prob_mctavish,10,1,0.02748633611151034
1539,mpd_prob_mctavish,8,0.8,0.08641073297370003
1540,corrected_richness,10,1,0.02748633611151034
1540,shannon,10,1,0.02748633611151034
1540,inv_simpson,10,1,0.02748633611151034
1540,trait_volume,-10,-1,0.02748633611151034
1540,trait_dispersion,-10,-1,0.02748633611151034
1540,rao_q,-10,-1,0.02748633611151034
1540,feve,10,1,0.02748633611151034
1540,fdiv,-6,-0.6,0.2206713619198468
1540,fric_prob,10,1,0.02748633611151034
1540,fdiv_fund,-8,-0.8,0.08641073297370003
1540,feve_fund,-10,-1,0.02748633611151034
1540,fdis_prob,-8,-0.8,0.08641073297370003
1540,fmpd_prob,-10,-1,0.02748633611151034
1540,raoq_fund,-8,-0.8,0.08641073297370003
1540,cwm_pc1,-10,-1,0.02748633611151034
1540,cwm_pc2,-6,-0.6,0.2206713619198468
1540,pd_prob_mctavish,10,1,0.02748633611151034
1540,mpd_prob_mctavish,10,1,0.02748633611151034
1542,corrected_richness,10,1,0.02748633611151034
1542,shannon,10,1,0.02748633611151034
1542,inv_simpson,10,1,0.02748633611151034
1542,trait_volume,-10,-1,0.02748633611151034
1542,trait_dispersion,-4,-0.4,0.4624327264504763
1542,rao_q,-10,-1,0.02748633611151034
1542,feve,10,1,0.02748633611151034
1542,fdiv,-8,-0.8,0.08641073297370003
1542,fric_prob,-4,-0.4,0.4624327264504763
1542,fdiv_fund,-6,-0.6,0.2206713619198468
1542,feve_fund,-8,-0.8,0.08641073297370003
1542,fdis_prob,-6,-0.6,0.2206713619198468
1542,fmpd_prob,-10,-1,0.02748633611151034
1542,raoq_fund,-8,-0.8,0.08641073297370003
1542,cwm_pc1,-10,-1,0.02748633611151034
1542,cwm_pc2,6,0.6,0.2206713619198468
1542,pd_prob_mctavish,10,1,0.02748633611151034
1542,mpd_prob_mctavish,6,0.6,0.2206713619198468
1550,corrected_richness,10,1,0.02748633611151034
1550,shannon,10,1,0.02748633611151034
1550,inv_simpson,10,1,0.02748633611151034
1550,trait_volume,-10,-1,0.02748633611151034
1550,trait_dispersion,-10,-1,0.02748633611151034
1550,rao_q,-10,-1,0.02748633611151034
1550,feve,-2,-0.2,0.8064959405073402
1550,fdiv,4,0.4,0.4624327264504763
1550,fric_prob,2,0.2,0.8064959405073402
1550,fdiv_fund,-10,-1,0.02748633611151034
1550,feve_fund,-8,-0.8,0.08641073297370003
1550,fdis_prob,-10,-1,0.02748633611151034
1550,fmpd_prob,-10,-1,0.02748633611151034
1550,raoq_fund,-10,-1,0.02748633611151034
1550,cwm_pc1,-8,-0.8,0.08641073297370003
1550,cwm_pc2,-4,-0.4,0.4624327264504763
1550,pd_prob_mctavish,10,1,0.02748633611151034
1550,mpd_prob_mctavish,-2,-0.2,0.8064959405073402
1551,corrected_richness,10,1,0.02748633611151034
1551,shannon,10,1,0.02748633611151034
1551,inv_simpson,10,1,0.02748633611151034
1551,trait_volume,-10,-1,0.02748633611151034
1551,trait_dispersion,-10,-1,0.02748633611151034
1551,rao_q,-10,-1,0.02748633611151034
1551,feve,0,0,1
1551,fdiv,8,0.8,0.08641073297370003
1551,fric_prob,10,1,0.02748633611151034
1551,fdiv_fund,-10,-1,0.02748633611151034
1551,feve_fund,-8,-0.8,0.08641073297370003
1551,fdis_prob,-10,-1,0.02748633611151034
1551,fmpd_prob,-10,-1,0.02748633611151034
1551,raoq_fund,-10,-1,0.02748633611151034
1551,cwm_pc1,-2,-0.2,0.8064959405073402
1551,cwm_pc2,-6,-0.6,0.2206713619198468
1551,pd_prob_mctavish,10,1,0.02748633611151034
1551,mpd_prob_mctavish,-2,-0.2,0.8064959405073402
1552,corrected_richness,10,1,0.02748633611151034
1552,shannon,10,1,0.02748633611151034
1552,inv_simpson,10,1,0.02748633611151034
1552,trait_volume,-10,-1,0.02748633611151034
1552,trait_dispersion,-10,-1,0.02748633611151034
1552,rao_q,-10,-1,0.02748633611151034
1552,feve,0,0,1
1552,fdiv,8,0.8,0.08641073297370003
1552,fric_prob,-4,-0.4,0.4624327264504763
1552,fdiv_fund,-8,-0.8,0.08641073297370003
1552,feve_fund,-8,-0.8,0.08641073297370003
1552,fdis_prob,-10,-1,0.02748633611151034
1552,fmpd_prob,-10,-1,0.02748633611151034
1552,raoq_fund,-10,-1,0.02748633611151034
1552,cwm_pc1,-2,-0.2,0.8064959405073402
1552,cwm_pc2,-8,-0.8,0.08641073297370003
1552,pd_prob_mctavish,10,1,0.02748633611151034
1552,mpd_prob_mctavish,-2,-0.2,0.8064959405073402
1553,corrected_richness,10,1,0.02748633611151034
1553,shannon,10,1,0.02748633611151034
1553,inv_simpson,10,1,0.02748633611151034
1553,trait_volume,-10,-1,0.02748633611151034
1553,trait_dispersion,-10,-1,0.02748633611151034
1553,rao_q,-10,-1,0.02748633611151034
1553,feve,-8,-0.8,0.08641073297370003
1553,fdiv,8,0.8,0.08641073297370003
1553,fric_prob,-4,-0.4,0.4624327264504763
1553,fdiv_fund,-6,-0.6,0.2206713619198468
1553,feve_fund,-8,-0.8,0.08641073297370003
1553,fdis_prob,-10,-1,0.02748633611151034
1553,fmpd_prob,-10,-1,0.02748633611151034
1553,raoq_fund,-8,-0.8,0.08641073297370003
1553,cwm_pc1,-2,-0.2,0.8064959405073402
1553,cwm_pc2,-8,-0.8,0.08641073297370003
1553,pd_prob_mctavish,10,1,0.02748633611151034
1553,mpd_prob_mctavish,-2,-0.2,0.8064959405073402
1554,corrected_richness,10,1,0.02748633611151034
1554,shannon,10,1,0.02748633611151034
1554,inv_simpson,10,1,0.02748633611151034
1554,trait_volume,-10,-1,0.02748633611151034
1554,trait_dispersion,-10,-1,0.02748633611151034
1554,rao_q,-10,-1,0.02748633611151034
1554,feve,-6,-0.6,0.2206713619198468
1554,fdiv,8,0.8,0.08641073297370003
1554,fric_prob,4,0.4,0.4624327264504763
1554,fdiv_fund,-8,-0.8,0.08641073297370003
1554,feve_fund,-8,-0.8,0.08641073297370003
1554,fdis_prob,-8,-0.8,0.08641073297370003
1554,fmpd_prob,-10,-1,0.02748633611151034
1554,raoq_fund,-8,-0.8,0.08641073297370003
1554,cwm_pc1,0,0,1
1554,cwm_pc2,-8,-0.8,0.08641073297370003
1554,pd_prob_mctavish,10,1,0.02748633611151034
1554,mpd_prob_mctavish,-2,-0.2,0.8064959405073402
1555,corrected_richness,10,1,0.02748633611151034
1555,shannon,10,1,0.02748633611151034
1555,inv_simpson,10,1,0.02748633611151034
1555,trait_volume,-8,-0.8,0.08641073297370003
1555,trait_dispersion,-10,-1,0.02748633611151034
1555,rao_q,-10,-1,0.02748633611151034
1555,feve,10,1,0.02748633611151034
1555,fdiv,4,0.4,0.4624327264504763
1555,fric_prob,-2,-0.2,0.8064959405073402
1555,fdiv_fund,-6,-0.6,0.2206713619198468
1555,feve_fund,-10,-1,0.02748633611151034
1555,fdis_prob,-8,-0.8,0.08641073297370003
1555,fmpd_prob,-10,-1,0.02748633611151034
1555,raoq_fund,-8,-0.8,0.08641073297370003
1555,cwm_pc1,-4,-0.4,0.4624327264504763
1555,cwm_pc2,-6,-0.6,0.2206713619198468
1555,pd_prob_mctavish,10,1,0.02748633611151034
1555,mpd_prob_mctavish,4,0.4,0.4624327264504763
1556,corrected_richness,10,1,0.02748633611151034
1556,shannon,10,1,0.02748633611151034
1556,inv_simpson,10,1,0.02748633611151034
1556,trait_volume,-10,-1,0.02748633611151034
1556,trait_dispersion,-4,-0.4,0.4624327264504763
1556,rao_q,-10,-1,0.02748633611151034
1556,feve,10,1,0.02748633611151034
1556,fdiv,-6,-0.6,0.2206713619198468
1556,fric_prob,2,0.2,0.8064959405073402
1556,fdiv_fund,-6,-0.6,0.2206713619198468
1556,feve_fund,-10,-1,0.02748633611151034
1556,fdis_prob,-2,-0.2,0.8064959405073402
1556,fmpd_prob,-10,-1,0.02748633611151034
1556,raoq_fund,-8,-0.8,0.08641073297370003
1556,cwm_pc1,-8,-0.8,0.08641073297370003
1556,cwm_pc2,4,0.4,0.4624327264504763
1556,pd_prob_mctavish,10,1,0.02748633611151034
1556,mpd_prob_mctavish,8,0.8,0.08641073297370003
1557,corrected_richness,10,1,0.02748633611151034
1557,shannon,10,1,0.02748633611151034
1557,inv_simpson,10,1,0.02748633611151034
1557,trait_volume,-10,-1,0.02748633611151034
1557,trait_dispersion,-6,-0.6,0.2206713619198468
1557,rao_q,-10,-1,0.02748633611151034
1557,feve,10,1,0.02748633611151034
1557,fdiv,-6,-0.6,0.2206713619198468
1557,fric_prob,0,0,1
1557,fdiv_fund,-2,-0.2,0.8064959405073402
1557,feve_fund,-10,-1,0.02748633611151034
1557,fdis_prob,-2,-0.2,0.8064959405073402
1557,fmpd_prob,-10,-1,0.02748633611151034
1557,raoq_fund,-8,-0.8,0.08641073297370003
1557,cwm_pc1,-8,-0.8,0.08641073297370003
1557,cwm_pc2,4,0.4,0.4624327264504763
1557,pd_prob_mctavish,10,1,0.02748633611151034
1557,mpd_prob_mctavish,8,0.8,0.08641073297370003
1558,corrected_richness,10,1,0.02748633611151034
1558,shannon,10,1,0.02748633611151034
1558,inv_simpson,10,1,0.02748633611151034
1558,trait_volume,-10,-1,0.02748633611151034
1558,trait_dispersion,-4,-0.4,0.4624327264504763
1558,rao_q,-10,-1,0.02748633611151034
1558,feve,10,1,0.02748633611151034
1558,fdiv,-8,-0.8,0.08641073297370003
1558,fric_prob,-2,-0.2,0.8064959405073402
1558,fdiv_fund,-2,-0.2,0.8064959405073402
1558,feve_fund,-10,-1,0.02748633611151034
1558,fdis_prob,0,0,1
1558,fmpd_prob,-10,-1,0.02748633611151034
1558,raoq_fund,-8,-0.8,0.08641073297370003
1558,cwm_pc1,-8,-0.8,0.08641073297370003
1558,cwm_pc2,6,0.6,0.2206713619198468
1558,pd_prob_mctavish,10,1,0.02748633611151034
1558,mpd_prob_mctavish,6,0.6,0.2206713619198468
1559,corrected_richness,10,1,0.02748633611151034
1559,shannon,10,1,0.02748633611151034
1559,inv_simpson,10,1,0.02748633611151034
1559,trait_volume,-10,-1,0.02748633611151034
1559,trait_dispersion,-4,-0.4,0.4624327264504763
1559,rao_q,-10,-1,0.02748633611151034
1559,feve,10,1,0.02748633611151034
1559,fdiv,-6,-0.6,0.2206713619198468
1559,fric_prob,-2,-0.2,0.8064959405073402
1559,fdiv_fund,0,0,1
1559,feve_fund,-10,-1,0.02748633611151034
1559,fdis_prob,-4,-0.4,0.4624327264504763
1559,fmpd_prob,-10,-1,0.02748633611151034
1559,raoq_fund,-8,-0.8,0.08641073297370003
1559,cwm_pc1,-8,-0.8,0.08641073297370003
1559,cwm_pc2,8,0.8,0.08641073297370003
1559,pd_prob_mctavish,10,1,0.02748633611151034
1559,mpd_prob_mctavish,6,0.6,0.2206713619198468
1560,corrected_richness,10,1,0.02748633611151034
1560,shannon,10,1,0.02748633611151034
1560,inv_simpson,10,1,0.02748633611151034
1560,trait_volume,-10,-1,0.02748633611151034
1560,trait_dispersion,-6,-0.6,0.2206713619198468
1560,rao_q,-10,-1,0.02748633611151034
1560,feve,10,1,0.02748633611151034
1560,fdiv,-4,-0.4,0.4624327264504763
1560,fric_prob,-1,-0.1,1
1560,fdiv_fund,8,0.8,0.08641073297370003
1560,feve_fund,-10,-1,0.02748633611151034
1560,fdis_prob,-8,-0.8,0.08641073297370003
1560,fmpd_prob,-10,-1,0.02748633611151034
1560,raoq_fund,-10,-1,0.02748633611151034
1560,cwm_pc1,-8,-0.8,0.08641073297370003
1560,cwm_pc2,4,0.4,0.4624327264504763
1560,pd_prob_mctavish,10,1,0.02748633611151034
1560,mpd_prob_mctavish,8,0.8,0.08641073297370003
1561,corrected_richness,10,1,0.02748633611151034
1561,shannon,10,1,0.02748633611151034
1561,inv_simpson,10,1,0.02748633611151034
1561,trait_volume,-10,-1,0.02748633611151034
1561,trait_dispersion,-8,-0.8,0.08641073297370003
1561,rao_q,-10,-1,0.02748633611151034
1561,feve,10,1,0.02748633611151034
1561,fdiv,-2,-0.2,0.8064959405073402
1561,fric_prob,0,0,1
1561,fdiv_fund,8,0.8,0.08641073297370003
1561,feve_fund,-10,-1,0.02748633611151034
1561,fdis_prob,-6,-0.6,0.2206713619198468
1561,fmpd_prob,-10,-1,0.02748633611151034
1561,raoq_fund,-10,-1,0.02748633611151034
1561,cwm_pc1,-8,-0.8,0.08641073297370003
1561,cwm_pc2,6,0.6,0.2206713619198468
1561,pd_prob_mctavish,10,1,0.02748633611151034
1561,mpd_prob_mctavish,8,0.8,0.08641073297370003
1562,corrected_richness,10,1,0.02748633611151034
1562,shannon,10,1,0.02748633611151034
1562,inv_simpson,10,1,0.02748633611151034
1562,trait_volume,-10,-1,0.02748633611151034
1562,trait_dispersion,-8,-0.8,0.08641073297370003
1562,rao_q,-10,-1,0.02748633611151034
1562,feve,10,1,0.02748633611151034
1562,fdiv,-2,-0.2,0.8064959405073402
1562,fric_prob,-1,-0.1,1
1562,fdiv_fund,6,0.6,0.2206713619198468
1562,feve_fund,-10,-1,0.02748633611151034
1562,fdis_prob,-4,-0.4,0.4624327264504763
1562,fmpd_prob,-10,-1,0.02748633611151034
1562,raoq_fund,-8,-0.8,0.08641073297370003
1562,cwm_pc1,-8,-0.8,0.08641073297370003
1562,cwm_pc2,6,0.6,0.2206713619198468
1562,pd_prob_mctavish,10,1,0.02748633611151034
1562,mpd_prob_mctavish,8,0.8,0.08641073297370003
1563,corrected_richness,10,1,0.02748633611151034
1563,shannon,10,1,0.02748633611151034
1563,inv_simpson,10,1,0.02748633611151034
1563,trait_volume,-10,-1,0.02748633611151034
1563,trait_dispersion,-8,-0.8,0.08641073297370003
1563,rao_q,-10,-1,0.02748633611151034
1563,feve,10,1,0.02748633611151034
1563,fdiv,-2,-0.2,0.8064959405073402
1563,fric_prob,-1,-0.1,1
1563,fdiv_fund,6,0.6,0.2206713619198468
1563,feve_fund,-10,-1,0.02748633611151034
1563,fdis_prob,-6,-0.6,0.2206713619198468
1563,fmpd_prob,-10,-1,0.02748633611151034
1563,raoq_fund,-10,-1,0.02748633611151034
1563,cwm_pc1,-8,-0.8,0.08641073297370003
1563,cwm_pc2,8,0.8,0.08641073297370003
1563,pd_prob_mctavish,10,1,0.02748633611151034
1563,mpd_prob_mctavish,10,1,0.02748633611151034
1564,corrected_richness,10,1,0.02748633611151034
1564,shannon,10,1,0.02748633611151034
1564,inv_simpson,10,1,0.02748633611151034
1564,trait_volume,-10,-1,0.02748633611151034
1564,trait_dispersion,-8,-0.8,0.08641073297370003
1564,rao_q,-10,-1,0.02748633611151034
1564,feve,10,1,0.02748633611151034
1564,fdiv,-2,-0.2,0.8064959405073402
1564,fric_prob,-3,-0.3,0.6133543559547467
1564,fdiv_fund,6,0.6,0.2206713619198468
1564,feve_fund,-10,-1,0.02748633611151034
1564,fdis_prob,-8,-0.8,0.08641073297370003
1564,fmpd_prob,-10,-1,0.02748633611151034
1564,raoq_fund,-10,-1,0.02748633611151034
1564,cwm_pc1,-6,-0.6,0.2206713619198468
1564,cwm_pc2,8,0.8,0.08641073297370003
1564,pd_prob_mctavish,10,1,0.02748633611151034
1564,mpd_prob_mctavish,10,1,0.02748633611151034
1565,corrected_richness,10,1,0.02748633611151034
1565,shannon,10,1,0.02748633611151034
1565,inv_simpson,10,1,0.02748633611151034
1565,trait_volume,-10,-1,0.02748633611151034
1565,trait_dispersion,-10,-1,0.02748633611151034
1565,rao_q,-10,-1,0.02748633611151034
1565,feve,10,1,0.02748633611151034
1565,fdiv,-2,-0.2,0.8064959405073402
1565,fric_prob,-2,-0.2,0.794002680192762
1565,fdiv_fund,6,0.6,0.2206713619198468
1565,feve_fund,-10,-1,0.02748633611151034
1565,fdis_prob,-8,-0.8,0.08641073297370003
1565,fmpd_prob,-10,-1,0.02748633611151034
1565,raoq_fund,-10,-1,0.02748633611151034
1565,cwm_pc1,-6,-0.6,0.2206713619198468
1565,cwm_pc2,8,0.8,0.08641073297370003
1565,pd_prob_mctavish,10,1,0.02748633611151034
1565,mpd_prob_mctavish,10,1,0.02748633611151034
1566,corrected_richness,10,1,0.02748633611151034
1566,shannon,10,1,0.02748633611151034
1566,inv_simpson,10,1,0.02748633611151034
1566,trait_volume,-10,-1,0.02748633611151034
1566,trait_dispersion,-10,-1,0.02748633611151034
1566,rao_q,-10,-1,0.02748633611151034
1566,feve,10,1,0.02748633611151034
1566,fdiv,8,0.8,0.08641073297370003
1566,fric_prob,7,0.7,0.1295513529044088
1566,fdiv_fund,8,0.8,0.08641073297370003
1566,feve_fund,-10,-1,0.02748633611151034
1566,fdis_prob,-10,-1,0.02748633611151034
1566,fmpd_prob,-10,-1,0.02748633611151034
1566,raoq_fund,-10,-1,0.02748633611151034
1566,cwm_pc1,4,0.4,0.4624327264504763
1566,cwm_pc2,4,0.4,0.4624327264504763
1566,pd_prob_mctavish,10,1,0.02748633611151034
1566,mpd_prob_mctavish,6,0.6,0.2206713619198468
1567,corrected_richness,10,1,0.02748633611151034
1567,shannon,10,1,0.02748633611151034
1567,inv_simpson,10,1,0.02748633611151034
1567,trait_volume,-10,-1,0.02748633611151034
1567,trait_dispersion,-10,-1,0.02748633611151034
1567,rao_q,-10,-1,0.02748633611151034
1567,feve,10,1,0.02748633611151034
1567,fdiv,10,1,0.02748633611151034
1567,fric_prob,0,0,1
1567,fdiv_fund,2,0.2,0.8064959405073402
1567,feve_fund,-10,-1,0.02748633611151034
1567,fdis_prob,-10,-1,0.02748633611151034
1567,fmpd_prob,-10,-1,0.02748633611151034
1567,raoq_fund,-10,-1,0.02748633611151034
1567,cwm_pc1,6,0.6,0.2206713619198468
1567,cwm_pc2,-4,-0.4,0.4624327264504763
1567,pd_prob_mctavish,10,1,0.02748633611151034
1567,mpd_prob_mctavish,6,0.6,0.2206713619198468
1568,corrected_richness,10,1,0.02748633611151034
1568,shannon,10,1,0.02748633611151034
1568,inv_simpson,10,1,0.02748633611151034
1568,trait_volume,-10,-1,0.02748633611151034
1568,trait_dispersion,-10,-1,0.02748633611151034
1568,rao_q,-10,-1,0.02748633611151034
1568,feve,10,1,0.02748633611151034
1568,fdiv,10,1,0.02748633611151034
1568,fric_prob,2,0.2,0.7236736098317631
1568,fdiv_fund,8,0.8,0.08641073297370003
1568,feve_fund,-10,-1,0.02748633611151034
1568,fdis_prob,-10,-1,0.02748633611151034
1568,fmpd_prob,-10,-1,0.02748633611151034
1568,raoq_fund,-10,-1,0.02748633611151034
1568,cwm_pc1,6,0.6,0.2206713619198468
1568,cwm_pc2,-8,-0.8,0.08641073297370003
1568,pd_prob_mctavish,10,1,0.02748633611151034
1568,mpd_prob_mctavish,8,0.8,0.08641073297370003
1569,corrected_richness,10,1,0.02748633611151034
1569,shannon,10,1,0.02748633611151034
1569,inv_simpson,10,1,0.02748633611151034
1569,trait_volume,-10,-1,0.02748633611151034
1569,trait_dispersion,-10,-1,0.02748633611151034
1569,rao_q,-10,-1,0.02748633611151034
1569,feve,10,1,0.02748633611151034
1569,fdiv,8,0.8,0.08641073297370003
1569,fric_prob,-4,-0.4,0.4624327264504763
1569,fdiv_fund,6,0.6,0.2206713619198468
1569,feve_fund,-10,-1,0.02748633611151034
1569,fdis_prob,-10,-1,0.02748633611151034
1569,fmpd_prob,-10,-1,0.02748633611151034
1569,raoq_fund,-10,-1,0.02748633611151034
1569,cwm_pc1,4,0.4,0.4624327264504763
1569,cwm_pc2,-6,-0.6,0.2206713619198468
1569,pd_prob_mctavish,10,1,0.02748633611151034
1569,mpd_prob_mctavish,8,0.8,0.08641073297370003
1570,corrected_richness,10,1,0.02748633611151034
1570,shannon,10,1,0.02748633611151034
1570,inv_simpson,10,1,0.02748633611151034
1570,trait_volume,-10,-1,0.02748633611151034
1570,trait_dispersion,-10,-1,0.02748633611151034
1570,rao_q,-10,-1,0.02748633611151034
1570,feve,10,1,0.02748633611151034
1570,fdiv,8,0.8,0.08641073297370003
1570,fric_prob,-1,-0.1,1
1570,fdiv_fund,4,0.4,0.4624327264504763
1570,feve_fund,-10,-1,0.02748633611151034
1570,fdis_prob,-10,-1,0.02748633611151034
1570,fmpd_prob,-10,-1,0.02748633611151034
1570,raoq_fund,-10,-1,0.02748633611151034
1570,cwm_pc1,2,0.2,0.8064959405073402
1570,cwm_pc2,-6,-0.6,0.2206713619198468
1570,pd_prob_mctavish,10,1,0.02748633611151034
1570,mpd_prob_mctavish,8,0.8,0.08641073297370003
1571,corrected_richness,10,1,0.02748633611151034
1571,shannon,10,1,0.02748633611151034
1571,inv_simpson,10,1,0.02748633611151034
1571,trait_volume,-10,-1,0.02748633611151034
1571,trait_dispersion,-10,-1,0.02748633611151034
1571,rao_q,-10,-1,0.02748633611151034
1571,feve,10,1,0.02748633611151034
1571,fdiv,8,0.8,0.08641073297370003
1571,fric_prob,-4,-0.4,0.4624327264504763
1571,fdiv_fund,-4,-0.4,0.4624327264504763
1571,feve_fund,-10,-1,0.02748633611151034
1571,fdis_prob,-10,-1,0.02748633611151034
1571,fmpd_prob,-10,-1,0.02748633611151034
1571,raoq_fund,-10,-1,0.02748633611151034
1571,cwm_pc1,4,0.4,0.4624327264504763
1571,cwm_pc2,-6,-0.6,0.2206713619198468
1571,pd_prob_mctavish,10,1,0.02748633611151034
1571,mpd_prob_mctavish,8,0.8,0.08641073297370003
1586,corrected_richness,10,1,0.02748633611151034
1586,shannon,10,1,0.02748633611151034
1586,inv_simpson,10,1,0.02748633611151034
1586,trait_volume,-6,-0.6,0.2206713619198468
1586,trait_dispersion,6,0.6,0.2206713619198468
1586,rao_q,-2,-0.2,0.8064959405073402
1586,feve,10,1,0.02748633611151034
1586,fdiv,-8,-0.8,0.08641073297370003
1586,fric_prob,-8,-0.8,0.08641073297370003
1586,fdiv_fund,-6,-0.6,0.2206713619198468
1586,feve_fund,-10,-1,0.02748633611151034
1586,fdis_prob,0,0,1
1586,fmpd_prob,-2,-0.2,0.8064959405073402
1586,raoq_fund,-8,-0.8,0.08641073297370003
1586,cwm_pc1,-10,-1,0.02748633611151034
1586,cwm_pc2,10,1,0.02748633611151034
1586,pd_prob_mctavish,10,1,0.02748633611151034
1586,mpd_prob_mctavish,10,1,0.02748633611151034
1587,corrected_richness,10,1,0.02748633611151034
1587,shannon,10,1,0.02748633611151034
1587,inv_simpson,10,1,0.02748633611151034
1587,trait_volume,-6,-0.6,0.2206713619198468
1587,trait_dispersion,6,0.6,0.2206713619198468
1587,rao_q,-2,-0.2,0.8064959405073402
1587,feve,10,1,0.02748633611151034
1587,fdiv,-8,-0.8,0.08641073297370003
1587,fric_prob,-6,-0.6,0.2206713619198468
1587,fdiv_fund,-8,-0.8,0.08641073297370003
1587,feve_fund,-10,-1,0.02748633611151034
1587,fdis_prob,-2,-0.2,0.8064959405073402
1587,fmpd_prob,-2,-0.2,0.8064959405073402
1587,raoq_fund,-8,-0.8,0.08641073297370003
1587,cwm_pc1,-10,-1,0.02748633611151034
1587,cwm_pc2,10,1,0.02748633611151034
1587,pd_prob_mctavish,10,1,0.02748633611151034
1587,mpd_prob_mctavish,10,1,0.02748633611151034
1588,corrected_richness,10,1,0.02748633611151034
1588,shannon,10,1,0.02748633611151034
1588,inv_simpson,10,1,0.02748633611151034
1588,trait_volume,-4,-0.4,0.4624327264504763
1588,trait_dispersion,8,0.8,0.08641073297370003
1588,rao_q,0,0,1
1588,feve,10,1,0.02748633611151034
1588,fdiv,-8,-0.8,0.08641073297370003
1588,fric_prob,-8,-0.8,0.08641073297370003
1588,fdiv_fund,-8,-0.8,0.08641073297370003
1588,feve_fund,-10,-1,0.02748633611151034
1588,fdis_prob,0,0,1
1588,fmpd_prob,0,0,1
1588,raoq_fund,-8,-0.8,0.08641073297370003
1588,cwm_pc1,-10,-1,0.02748633611151034
1588,cwm_pc2,10,1,0.02748633611151034
1588,pd_prob_mctavish,10,1,0.02748633611151034
1588,mpd_prob_mctavish,10,1,0.02748633611151034
1589,corrected_richness,10,1,0.02748633611151034
1589,shannon,10,1,0.02748633611151034
1589,inv_simpson,10,1,0.02748633611151034
1589,trait_volume,-6,-0.6,0.2206713619198468
1589,trait_dispersion,8,0.8,0.08641073297370003
1589,rao_q,0,0,1
1589,feve,10,1,0.02748633611151034
1589,fdiv,-8,-0.8,0.08641073297370003
1589,fric_prob,-8,-0.8,0.08641073297370003
1589,fdiv_fund,-6,-0.6,0.2206713619198468
1589,feve_fund,-10,-1,0.02748633611151034
1589,fdis_prob,4,0.4,0.4624327264504763
1589,fmpd_prob,-2,-0.2,0.8064959405073402
1589,raoq_fund,-10,-1,0.02748633611151034
1589,cwm_pc1,-10,-1,0.02748633611151034
1589,cwm_pc2,10,1,0.02748633611151034
1589,pd_prob_mctavish,10,1,0.02748633611151034
1589,mpd_prob_mctavish,10,1,0.02748633611151034
1590,corrected_richness,10,1,0.02748633611151034
1590,shannon,10,1,0.02748633611151034
1590,inv_simpson,10,1,0.02748633611151034
1590,trait_volume,-10,-1,0.02748633611151034
1590,trait_dispersion,-2,-0.2,0.8064959405073402
1590,rao_q,-10,-1,0.02748633611151034
1590,feve,10,1,0.02748633611151034
1590,fdiv,-8,-0.8,0.08641073297370003
1590,fric_prob,-4,-0.4,0.4624327264504763
1590,fdiv_fund,-4,-0.4,0.4624327264504763
1590,feve_fund,-10,-1,0.02748633611151034
1590,fdis_prob,-6,-0.6,0.2206713619198468
1590,fmpd_prob,-10,-1,0.02748633611151034
1590,raoq_fund,-10,-1,0.02748633611151034
1590,cwm_pc1,-10,-1,0.02748633611151034
1590,cwm_pc2,10,1,0.02748633611151034
1590,pd_prob_mctavish,10,1,0.02748633611151034
1590,mpd_prob_mctavish,10,1,0.02748633611151034
1591,corrected_richness,10,1,0.02748633611151034
1591,shannon,10,1,0.02748633611151034
1591,inv_simpson,10,1,0.02748633611151034
1591,trait_volume,-8,-0.8,0.08641073297370003
1591,trait_dispersion,-8,-0.8,0.08641073297370003
1591,rao_q,-10,-1,0.02748633611151034
1591,feve,10,1,0.02748633611151034
1591,fdiv,-8,-0.8,0.08641073297370003
1591,fric_prob,6,0.6,0.2206713619198468
1591,fdiv_fund,0,0,1
1591,feve_fund,-10,-1,0.02748633611151034
1591,fdis_prob,-2,-0.2,0.8064959405073402
1591,fmpd_prob,-10,-1,0.02748633611151034
1591,raoq_fund,-4,-0.4,0.4624327264504763
1591,cwm_pc1,-8,-0.8,0.08641073297370003
1591,cwm_pc2,10,1,0.02748633611151034
1591,pd_prob_mctavish,10,1,0.02748633611151034
1591,mpd_prob_mctavish,10,1,0.02748633611151034
1592,corrected_richness,10,1,0.02748633611151034
1592,shannon,10,1,0.02748633611151034
1592,inv_simpson,10,1,0.02748633611151034
1592,trait_volume,-10,-1,0.02748633611151034
1592,trait_dispersion,-10,-1,0.02748633611151034
1592,rao_q,-10,-1,0.02748633611151034
1592,feve,10,1,0.02748633611151034
1592,fdiv,6,0.6,0.2206713619198468
1592,fric_prob,10,1,0.02748633611151034
1592,fdiv_fund,-10,-1,0.02748633611151034
1592,feve_fund,-10,-1,0.02748633611151034
1592,fdis_prob,-10,-1,0.02748633611151034
1592,fmpd_prob,-10,-1,0.02748633611151034
1592,raoq_fund,-10,-1,0.02748633611151034
1592,cwm_pc1,-6,-0.6,0.2206713619198468
1592,cwm_pc2,10,1,0.02748633611151034
1592,pd_prob_mctavish,10,1,0.02748633611151034
1592,mpd_prob_mctavish,-6,-0.6,0.2206713619198468
1593,corrected_richness,10,1,0.02748633611151034
1593,shannon,10,1,0.02748633611151034
1593,inv_simpson,10,1,0.02748633611151034
1593,trait_volume,-10,-1,0.02748633611151034
1593,trait_dispersion,-4,-0.4,0.4624327264504763
1593,rao_q,-10,-1,0.02748633611151034
1593,feve,8,0.8,0.08641073297370003
1593,fdiv,-8,-0.8,0.08641073297370003
1593,fric_prob,8,0.8,0.08641073297370003
1593,fdiv_fund,-4,-0.4,0.4624327264504763
1593,feve_fund,-8,-0.8,0.08641073297370003
1593,fdis_prob,-2,-0.2,0.8064959405073402
1593,fmpd_prob,-10,-1,0.02748633611151034
1593,raoq_fund,-10,-1,0.02748633611151034
1593,cwm_pc1,0,0,1
1593,cwm_pc2,10,1,0.02748633611151034
1593,pd_prob_mctavish,10,1,0.02748633611151034
1593,mpd_prob_mctavish,-8,-0.8,0.08641073297370003
1594,corrected_richness,10,1,0.02748633611151034
1594,shannon,10,1,0.02748633611151034
1594,inv_simpson,10,1,0.02748633611151034
1594,trait_volume,0,0,1
1594,trait_dispersion,6,0.6,0.2206713619198468
1594,rao_q,4,0.4,0.4624327264504763
1594,feve,10,1,0.02748633611151034
1594,fdiv,0,0,1
1594,fric_prob,0,0,1
1594,fdiv_fund,8,0.8,0.08641073297370003
1594,feve_fund,2,0.2,0.8064959405073402
1594,fdis_prob,4,0.4,0.4624327264504763
1594,fmpd_prob,4,0.4,0.4624327264504763
1594,raoq_fund,0,0,1
1594,cwm_pc1,-10,-1,0.02748633611151034
1594,cwm_pc2,4,0.4,0.4624327264504763
1594,pd_prob_mctavish,10,1,0.02748633611151034
1594,mpd_prob_mctavish,10,1,0.02748633611151034
1602,corrected_richness,10,1,0.02748633611151034
1602,shannon,10,1,0.02748633611151034
1602,inv_simpson,10,1,0.02748633611151034
1602,trait_volume,-10,-1,0.02748633611151034
1602,trait_dispersion,-10,-1,0.02748633611151034
1602,rao_q,-10,-1,0.02748633611151034
1602,feve,10,1,0.02748633611151034
1602,fdiv,-8,-0.8,0.08641073297370003
1602,fric_prob,-4,-0.4,0.4624327264504763
1602,fdiv_fund,-6,-0.6,0.2206713619198468
1602,feve_fund,-6,-0.6,0.2206713619198468
1602,fdis_prob,-8,-0.8,0.08641073297370003
1602,fmpd_prob,-10,-1,0.02748633611151034
1602,raoq_fund,-10,-1,0.02748633611151034
1602,cwm_pc1,-10,-1,0.02748633611151034
1602,cwm_pc2,0,0,1
1602,pd_prob_mctavish,10,1,0.02748633611151034
1602,mpd_prob_mctavish,10,1,0.02748633611151034
1608,corrected_richness,10,1,0.02748633611151034
1608,shannon,10,1,0.02748633611151034
1608,inv_simpson,10,1,0.02748633611151034
1608,trait_volume,-10,-1,0.02748633611151034
1608,trait_dispersion,-10,-1,0.02748633611151034
1608,rao_q,-10,-1,0.02748633611151034
1608,feve,10,1,0.02748633611151034
1608,fdiv,6,0.6,0.2206713619198468
1608,fric_prob,10,1,0.02748633611151034
1608,fdiv_fund,-10,-1,0.02748633611151034
1608,feve_fund,-8,-0.8,0.08641073297370003
1608,fdis_prob,-10,-1,0.02748633611151034
1608,fmpd_prob,-10,-1,0.02748633611151034
1608,raoq_fund,-10,-1,0.02748633611151034
1608,cwm_pc1,-8,-0.8,0.08641073297370003
1608,cwm_pc2,-4,-0.4,0.4624327264504763
1608,pd_prob_mctavish,10,1,0.02748633611151034
1608,mpd_prob_mctavish,8,0.8,0.08641073297370003
1609,corrected_richness,10,1,0.02748633611151034
1609,shannon,10,1,0.02748633611151034
1609,inv_simpson,10,1,0.02748633611151034
1609,trait_volume,-10,-1,0.02748633611151034
1609,trait_dispersion,-10,-1,0.02748633611151034
1609,rao_q,-10,-1,0.02748633611151034
1609,feve,10,1,0.02748633611151034
1609,fdiv,-4,-0.4,0.4624327264504763
1609,fric_prob,10,1,0.02748633611151034
1609,fdiv_fund,-10,-1,0.02748633611151034
1609,feve_fund,-8,-0.8,0.08641073297370003
1609,fdis_prob,-8,-0.8,0.08641073297370003
1609,fmpd_prob,-10,-1,0.02748633611151034
1609,raoq_fund,-8,-0.8,0.08641073297370003
1609,cwm_pc1,-8,-0.8,0.08641073297370003
1609,cwm_pc2,-2,-0.2,0.8064959405073402
1609,pd_prob_mctavish,10,1,0.02748633611151034
1609,mpd_prob_mctavish,6,0.6,0.2206713619198468
1610,corrected_richness,10,1,0.02748633611151034
1610,shannon,10,1,0.02748633611151034
1610,inv_simpson,10,1,0.02748633611151034
1610,trait_volume,-10,-1,0.02748633611151034
1610,trait_dispersion,2,0.2,0.8064959405073402
1610,rao_q,-10,-1,0.02748633611151034
1610,feve,10,1,0.02748633611151034
1610,fdiv,-8,-0.8,0.08641073297370003
1610,fric_prob,2,0.2,0.8064959405073402
1610,fdiv_fund,-2,-0.2,0.8064959405073402
1610,feve_fund,-6,-0.6,0.2206713619198468
1610,fdis_prob,-4,-0.4,0.4624327264504763
1610,fmpd_prob,-10,-1,0.02748633611151034
1610,raoq_fund,-4,-0.4,0.4624327264504763
1610,cwm_pc1,-10,-1,0.02748633611151034
1610,cwm_pc2,6,0.6,0.2206713619198468
1610,pd_prob_mctavish,10,1,0.02748633611151034
1610,mpd_prob_mctavish,8,0.8,0.08641073297370003
1612,corrected_richness,10,1,0.02748633611151034
1612,shannon,10,1,0.02748633611151034
1612,inv_simpson,10,1,0.02748633611151034
1612,trait_volume,-10,-1,0.02748633611151034
1612,trait_dispersion,6,0.6,0.2206713619198468
1612,rao_q,-8,-0.8,0.08641073297370003
1612,feve,8,0.8,0.08641073297370003
1612,fdiv,-8,-0.8,0.08641073297370003
1612,fric_prob,-2,-0.2,0.8064959405073402
1612,fdiv_fund,-6,-0.6,0.2206713619198468
1612,feve_fund,-8,-0.8,0.08641073297370003
1612,fdis_prob,0,0,1
1612,fmpd_prob,-10,-1,0.02748633611151034
1612,raoq_fund,-8,-0.8,0.08641073297370003
1612,cwm_pc1,-10,-1,0.02748633611151034
1612,cwm_pc2,8,0.8,0.08641073297370003
1612,pd_prob_mctavish,10,1,0.02748633611151034
1612,mpd_prob_mctavish,8,0.8,0.08641073297370003
1613,corrected_richness,10,1,0.02748633611151034
1613,shannon,10,1,0.02748633611151034
1613,inv_simpson,10,1,0.02748633611151034
1613,trait_volume,-10,-1,0.02748633611151034
1613,trait_dispersion,-4,-0.4,0.4624327264504763
1613,rao_q,-10,-1,0.02748633611151034
1613,feve,8,0.8,0.08641073297370003
1613,fdiv,-8,-0.8,0.08641073297370003
1613,fric_prob,6,0.6,0.2206713619198468
1613,fdiv_fund,-4,-0.4,0.4624327264504763
1613,feve_fund,-8,-0.8,0.08641073297370003
1613,fdis_prob,-2,-0.2,0.8064959405073402
1613,fmpd_prob,-10,-1,0.02748633611151034
1613,raoq_fund,-8,-0.8,0.08641073297370003
1613,cwm_pc1,-10,-1,0.02748633611151034
1613,cwm_pc2,6,0.6,0.2206713619198468
1613,pd_prob_mctavish,10,1,0.02748633611151034
1613,mpd_prob_mctavish,6,0.6,0.2206713619198468
1614,corrected_richness,10,1,0.02748633611151034
1614,shannon,10,1,0.02748633611151034
1614,inv_simpson,10,1,0.02748633611151034
1614,trait_volume,-10,-1,0.02748633611151034
1614,trait_dispersion,-10,-1,0.02748633611151034
1614,rao_q,-10,-1,0.02748633611151034
1614,feve,10,1,0.02748633611151034
1614,fdiv,-6,-0.6,0.2206713619198468
1614,fric_prob,10,1,0.02748633611151034
1614,fdiv_fund,-10,-1,0.02748633611151034
1614,feve_fund,-8,-0.8,0.08641073297370003
1614,fdis_prob,-8,-0.8,0.08641073297370003
1614,fmpd_prob,-10,-1,0.02748633611151034
1614,raoq_fund,-10,-1,0.02748633611151034
1614,cwm_pc1,-8,-0.8,0.08641073297370003
1614,cwm_pc2,-6,-0.6,0.2206713619198468
1614,pd_prob_mctavish,10,1,0.02748633611151034
1614,mpd_prob_mctavish,4,0.4,0.4624327264504763
1616,corrected_richness,10,1,0.02748633611151034
1616,shannon,10,1,0.02748633611151034
1616,inv_simpson,10,1,0.02748633611151034
1616,trait_volume,-10,-1,0.02748633611151034
1616,trait_dispersion,-10,-1,0.02748633611151034
1616,rao_q,-10,-1,0.02748633611151034
1616,feve,4,0.4,0.4624327264504763
1616,fdiv,0,0,1
1616,fric_prob,10,1,0.02748633611151034
1616,fdiv_fund,-8,-0.8,0.08641073297370003
1616,feve_fund,-8,-0.8,0.08641073297370003
1616,fdis_prob,-10,-1,0.02748633611151034
1616,fmpd_prob,-10,-1,0.02748633611151034
1616,raoq_fund,-8,-0.8,0.08641073297370003
1616,cwm_pc1,-8,-0.8,0.08641073297370003
1616,cwm_pc2,-4,-0.4,0.4624327264504763
1616,pd_prob_mctavish,10,1,0.02748633611151034
1616,mpd_prob_mctavish,0,0,1
1617,corrected_richness,10,1,0.02748633611151034
1617,shannon,10,1,0.02748633611151034
1617,inv_simpson,10,1,0.02748633611151034
1617,trait_volume,-10,-1,0.02748633611151034
1617,trait_dispersion,-10,-1,0.02748633611151034
1617,rao_q,-10,-1,0.02748633611151034
1617,feve,2,0.2,0.8064959405073402
1617,fdiv,0,0,1
1617,fric_prob,8,0.8,0.08641073297370003
1617,fdiv_fund,-10,-1,0.02748633611151034
1617,feve_fund,-8,-0.8,0.08641073297370003
1617,fdis_prob,-4,-0.4,0.4624327264504763
1617,fmpd_prob,-10,-1,0.02748633611151034
1617,raoq_fund,-8,-0.8,0.08641073297370003
1617,cwm_pc1,-8,-0.8,0.08641073297370003
1617,cwm_pc2,-4,-0.4,0.4624327264504763
1617,pd_prob_mctavish,10,1,0.02748633611151034
1617,mpd_prob_mctavish,-2,-0.2,0.8064959405073402
1618,corrected_richness,10,1,0.02748633611151034
1618,shannon,10,1,0.02748633611151034
1618,inv_simpson,10,1,0.02748633611151034
1618,trait_volume,-10,-1,0.02748633611151034
1618,trait_dispersion,-10,-1,0.02748633611151034
1618,rao_q,-10,-1,0.02748633611151034
1618,feve,4,0.4,0.4624327264504763
1618,fdiv,4,0.4,0.4624327264504763
1618,fric_prob,10,1,0.02748633611151034
1618,fdiv_fund,-10,-1,0.02748633611151034
1618,feve_fund,-8,-0.8,0.08641073297370003
1618,fdis_prob,-10,-1,0.02748633611151034
1618,fmpd_prob,-10,-1,0.02748633611151034
1618,raoq_fund,-10,-1,0.02748633611151034
1618,cwm_pc1,-8,-0.8,0.08641073297370003
1618,cwm_pc2,-6,-0.6,0.2206713619198468
1618,pd_prob_mctavish,10,1,0.02748633611151034
1618,mpd_prob_mctavish,-2,-0.2,0.8064959405073402
1619,corrected_richness,10,1,0.02748633611151034
1619,shannon,10,1,0.02748633611151034
1619,inv_simpson,10,1,0.02748633611151034
1619,trait_volume,-10,-1,0.02748633611151034
1619,trait_dispersion,-10,-1,0.02748633611151034
1619,rao_q,-10,-1,0.02748633611151034
1619,feve,-4,-0.4,0.4624327264504763
1619,fdiv,2,0.2,0.8064959405073402
1619,fric_prob,4,0.4,0.4624327264504763
1619,fdiv_fund,-8,-0.8,0.08641073297370003
1619,feve_fund,-10,-1,0.02748633611151034
1619,fdis_prob,-8,-0.8,0.08641073297370003
1619,fmpd_prob,-10,-1,0.02748633611151034
1619,raoq_fund,-10,-1,0.02748633611151034
1619,cwm_pc1,-8,-0.8,0.08641073297370003
1619,cwm_pc2,-4,-0.4,0.4624327264504763
1619,pd_prob_mctavish,10,1,0.02748633611151034
1619,mpd_prob_mctavish,-2,-0.2,0.8064959405073402
1620,corrected_richness,10,1,0.02748633611151034
1620,shannon,10,1,0.02748633611151034
1620,inv_simpson,10,1,0.02748633611151034
1620,trait_volume,-10,-1,0.02748633611151034
1620,trait_dispersion,-10,-1,0.02748633611151034
1620,rao_q,-10,-1,0.02748633611151034
1620,feve,0,0,1
1620,fdiv,2,0.2,0.8064959405073402
1620,fric_prob,-4,-0.4,0.4624327264504763
1620,fdiv_fund,-8,-0.8,0.08641073297370003
1620,feve_fund,-10,-1,0.02748633611151034
1620,fdis_prob,-10,-1,0.02748633611151034
1620,fmpd_prob,-10,-1,0.02748633611151034
1620,raoq_fund,-10,-1,0.02748633611151034
1620,cwm_pc1,-8,-0.8,0.08641073297370003
1620,cwm_pc2,-6,-0.6,0.2206713619198468
1620,pd_prob_mctavish,10,1,0.02748633611151034
1620,mpd_prob_mctavish,-2,-0.2,0.8064959405073402
1621,corrected_richness,10,1,0.02748633611151034
1621,shannon,10,1,0.02748633611151034
1621,inv_simpson,10,1,0.02748633611151034
1621,trait_volume,-10,-1,0.02748633611151034
1621,trait_dispersion,-10,-1,0.02748633611151034
1621,rao_q,-10,-1,0.02748633611151034
1621,feve,0,0,1
1621,fdiv,2,0.2,0.8064959405073402
1621,fric_prob,-2,-0.2,0.8064959405073402
1621,fdiv_fund,-6,-0.6,0.2206713619198468
1621,feve_fund,-8,-0.8,0.08641073297370003
1621,fdis_prob,-6,-0.6,0.2206713619198468
1621,fmpd_prob,-10,-1,0.02748633611151034
1621,raoq_fund,-8,-0.8,0.08641073297370003
1621,cwm_pc1,-6,-0.6,0.2206713619198468
1621,cwm_pc2,-6,-0.6,0.2206713619198468
1621,pd_prob_mctavish,10,1,0.02748633611151034
1621,mpd_prob_mctavish,-2,-0.2,0.8064959405073402
1622,corrected_richness,10,1,0.02748633611151034
1622,shannon,10,1,0.02748633611151034
1622,inv_simpson,10,1,0.02748633611151034
1622,trait_volume,-10,-1,0.02748633611151034
1622,trait_dispersion,-10,-1,0.02748633611151034
1622,rao_q,-10,-1,0.02748633611151034
1622,feve,4,0.4,0.4624327264504763
1622,fdiv,2,0.2,0.8064959405073402
1622,fric_prob,2,0.2,0.8064959405073402
1622,fdiv_fund,-4,-0.4,0.4624327264504763
1622,feve_fund,-8,-0.8,0.08641073297370003
1622,fdis_prob,-10,-1,0.02748633611151034
1622,fmpd_prob,-10,-1,0.02748633611151034
1622,raoq_fund,-10,-1,0.02748633611151034
1622,cwm_pc1,-4,-0.4,0.4624327264504763
1622,cwm_pc2,-6,-0.6,0.2206713619198468
1622,pd_prob_mctavish,10,1,0.02748633611151034
1622,mpd_prob_mctavish,-2,-0.2,0.8064959405073402
1623,corrected_richness,10,1,0.02748633611151034
1623,shannon,10,1,0.02748633611151034
1623,inv_simpson,10,1,0.02748633611151034
1623,trait_volume,-10,-1,0.02748633611151034
1623,trait_dispersion,-10,-1,0.02748633611151034
1623,rao_q,-10,-1,0.02748633611151034
1623,feve,8,0.8,0.08641073297370003
1623,fdiv,4,0.4,0.4624327264504763
1623,fric_prob,-2,-0.2,0.8064959405073402
1623,fdiv_fund,-8,-0.8,0.08641073297370003
1623,feve_fund,-8,-0.8,0.08641073297370003
1623,fdis_prob,-10,-1,0.02748633611151034
1623,fmpd_prob,-10,-1,0.02748633611151034
1623,raoq_fund,-10,-1,0.02748633611151034
1623,cwm_pc1,-2,-0.2,0.8064959405073402
1623,cwm_pc2,-6,-0.6,0.2206713619198468
1623,pd_prob_mctavish,10,1,0.02748633611151034
1623,mpd_prob_mctavish,-2,-0.2,0.8064959405073402
1624,corrected_richness,10,1,0.02748633611151034
1624,shannon,10,1,0.02748633611151034
1624,inv_simpson,10,1,0.02748633611151034
1624,trait_volume,-8,-0.8,0.08641073297370003
1624,trait_dispersion,-10,-1,0.02748633611151034
1624,rao_q,-10,-1,0.02748633611151034
1624,feve,8,0.8,0.08641073297370003
1624,fdiv,4,0.4,0.4624327264504763
1624,fric_prob,-2,-0.2,0.8064959405073402
1624,fdiv_fund,0,0,1
1624,feve_fund,-10,-1,0.02748633611151034
1624,fdis_prob,-8,-0.8,0.08641073297370003
1624,fmpd_prob,-10,-1,0.02748633611151034
1624,raoq_fund,-8,-0.8,0.08641073297370003
1624,cwm_pc1,-8,-0.8,0.08641073297370003
1624,cwm_pc2,6,0.6,0.2206713619198468
1624,pd_prob_mctavish,10,1,0.02748633611151034
1624,mpd_prob_mctavish,6,0.6,0.2206713619198468
1625,corrected_richness,10,1,0.02748633611151034
1625,shannon,10,1,0.02748633611151034
1625,inv_simpson,10,1,0.02748633611151034
1625,trait_volume,-8,-0.8,0.08641073297370003
1625,trait_dispersion,-8,-0.8,0.08641073297370003
1625,rao_q,-8,-0.8,0.08641073297370003
1625,feve,4,0.4,0.4624327264504763
1625,fdiv,4,0.4,0.4624327264504763
1625,fric_prob,6,0.6,0.2206713619198468
1625,fdiv_fund,10,1,0.02748633611151034
1625,feve_fund,-10,-1,0.02748633611151034
1625,fdis_prob,-4,-0.4,0.4624327264504763
1625,fmpd_prob,-8,-0.8,0.08641073297370003
1625,raoq_fund,-8,-0.8,0.08641073297370003
1625,cwm_pc1,-10,-1,0.02748633611151034
1625,cwm_pc2,10,1,0.02748633611151034
1625,pd_prob_mctavish,10,1,0.02748633611151034
1625,mpd_prob_mctavish,6,0.6,0.2206713619198468
1626,corrected_richness,10,1,0.02748633611151034
1626,shannon,10,1,0.02748633611151034
1626,inv_simpson,10,1,0.02748633611151034
1626,trait_volume,-10,-1,0.02748633611151034
1626,trait_dispersion,-10,-1,0.02748633611151034
1626,rao_q,-10,-1,0.02748633611151034
1626,feve,10,1,0.02748633611151034
1626,fdiv,4,0.4,0.4624327264504763
1626,fric_prob,-4,-0.4,0.4624327264504763
1626,fdiv_fund,-6,-0.6,0.2206713619198468
1626,feve_fund,-8,-0.8,0.08641073297370003
1626,fdis_prob,-10,-1,0.02748633611151034
1626,fmpd_prob,-10,-1,0.02748633611151034
1626,raoq_fund,-10,-1,0.02748633611151034
1626,cwm_pc1,-4,-0.4,0.4624327264504763
1626,cwm_pc2,-6,-0.6,0.2206713619198468
1626,pd_prob_mctavish,10,1,0.02748633611151034
1626,mpd_prob_mctavish,-2,-0.2,0.8064959405073402
1627,corrected_richness,10,1,0.02748633611151034
1627,shannon,10,1,0.02748633611151034
1627,inv_simpson,10,1,0.02748633611151034
1627,trait_volume,-8,-0.8,0.08641073297370003
1627,trait_dispersion,-10,-1,0.02748633611151034
1627,rao_q,-10,-1,0.02748633611151034
1627,feve,2,0.2,0.8064959405073402
1627,fdiv,8,0.8,0.08641073297370003
1627,fric_prob,8,0.8,0.08641073297370003
1627,fdiv_fund,-2,-0.2,0.8064959405073402
1627,feve_fund,-10,-1,0.02748633611151034
1627,fdis_prob,-10,-1,0.02748633611151034
1627,fmpd_prob,-10,-1,0.02748633611151034
1627,raoq_fund,-8,-0.8,0.08641073297370003
1627,cwm_pc1,-10,-1,0.02748633611151034
1627,cwm_pc2,10,1,0.02748633611151034
1627,pd_prob_mctavish,10,1,0.02748633611151034
1627,mpd_prob_mctavish,-2,-0.2,0.8064959405073402
1629,corrected_richness,10,1,0.02748633611151034
1629,shannon,10,1,0.02748633611151034
1629,inv_simpson,10,1,0.02748633611151034
1629,trait_volume,-10,-1,0.02748633611151034
1629,trait_dispersion,-6,-0.6,0.2206713619198468
1629,rao_q,-10,-1,0.02748633611151034
1629,feve,10,1,0.02748633611151034
1629,fdiv,-6,-0.6,0.2206713619198468
1629,fric_prob,2,0.2,0.8064959405073402
1629,fdiv_fund,6,0.6,0.2206713619198468
1629,feve_fund,-10,-1,0.02748633611151034
1629,fdis_prob,-4,-0.4,0.4624327264504763
1629,fmpd_prob,-10,-1,0.02748633611151034
1629,raoq_fund,-8,-0.8,0.08641073297370003
1629,cwm_pc1,-8,-0.8,0.08641073297370003
1629,cwm_pc2,4,0.4,0.4624327264504763
1629,pd_prob_mctavish,10,1,0.02748633611151034
1629,mpd_prob_mctavish,8,0.8,0.08641073297370003
1630,corrected_richness,10,1,0.02748633611151034
1630,shannon,10,1,0.02748633611151034
1630,inv_simpson,10,1,0.02748633611151034
1630,trait_volume,-10,-1,0.02748633611151034
1630,trait_dispersion,-6,-0.6,0.2206713619198468
1630,rao_q,-10,-1,0.02748633611151034
1630,feve,10,1,0.02748633611151034
1630,fdiv,-6,-0.6,0.2206713619198468
1630,fric_prob,2,0.2,0.8064959405073402
1630,fdiv_fund,8,0.8,0.08641073297370003
1630,feve_fund,-10,-1,0.02748633611151034
1630,fdis_prob,-4,-0.4,0.4624327264504763
1630,fmpd_prob,-10,-1,0.02748633611151034
1630,raoq_fund,-8,-0.8,0.08641073297370003
1630,cwm_pc1,-8,-0.8,0.08641073297370003
1630,cwm_pc2,4,0.4,0.4624327264504763
1630,pd_prob_mctavish,10,1,0.02748633611151034
1630,mpd_prob_mctavish,8,0.8,0.08641073297370003
1631,corrected_richness,10,1,0.02748633611151034
1631,shannon,10,1,0.02748633611151034
1631,inv_simpson,10,1,0.02748633611151034
1631,trait_volume,-10,-1,0.02748633611151034
1631,trait_dispersion,-6,-0.6,0.2206713619198468
1631,rao_q,-10,-1,0.02748633611151034
1631,feve,10,1,0.02748633611151034
1631,fdiv,-4,-0.4,0.4624327264504763
1631,fric_prob,-2,-0.2,0.8064959405073402
1631,fdiv_fund,6,0.6,0.2206713619198468
1631,feve_fund,-10,-1,0.02748633611151034
1631,fdis_prob,-4,-0.4,0.4624327264504763
1631,fmpd_prob,-10,-1,0.02748633611151034
1631,raoq_fund,-10,-1,0.02748633611151034
1631,cwm_pc1,-8,-0.8,0.08641073297370003
1631,cwm_pc2,4,0.4,0.4624327264504763
1631,pd_prob_mctavish,10,1,0.02748633611151034
1631,mpd_prob_mctavish,8,0.8,0.08641073297370003
1632,corrected_richness,10,1,0.02748633611151034
1632,shannon,10,1,0.02748633611151034
1632,inv_simpson,10,1,0.02748633611151034
1632,trait_volume,-10,-1,0.02748633611151034
1632,trait_dispersion,-10,-1,0.02748633611151034
1632,rao_q,-10,-1,0.02748633611151034
1632,feve,10,1,0.02748633611151034
1632,fdiv,8,0.8,0.08641073297370003
1632,fric_prob,-4,-0.4,0.4624327264504763
1632,fdiv_fund,-4,-0.4,0.4624327264504763
1632,feve_fund,-10,-1,0.02748633611151034
1632,fdis_prob,-8,-0.8,0.08641073297370003
1632,fmpd_prob,-10,-1,0.02748633611151034
1632,raoq_fund,-8,-0.8,0.08641073297370003
1632,cwm_pc1,-2,-0.2,0.8064959405073402
1632,cwm_pc2,0,0,1
1632,pd_prob_mctavish,10,1,0.02748633611151034
1632,mpd_prob_mctavish,8,0.8,0.08641073297370003
1633,corrected_richness,10,1,0.02748633611151034
1633,shannon,10,1,0.02748633611151034
1633,inv_simpson,10,1,0.02748633611151034
1633,trait_volume,-10,-1,0.02748633611151034
1633,trait_dispersion,-10,-1,0.02748633611151034
1633,rao_q,-10,-1,0.02748633611151034
1633,feve,10,1,0.02748633611151034
1633,fdiv,8,0.8,0.08641073297370003
1633,fric_prob,0,0,1
1633,fdiv_fund,-2,-0.2,0.8064959405073402
1633,feve_fund,-10,-1,0.02748633611151034
1633,fdis_prob,-10,-1,0.02748633611151034
1633,fmpd_prob,-10,-1,0.02748633611151034
1633,raoq_fund,-10,-1,0.02748633611151034
1633,cwm_pc1,0,0,1
1633,cwm_pc2,4,0.4,0.4624327264504763
1633,pd_prob_mctavish,10,1,0.02748633611151034
1633,mpd_prob_mctavish,6,0.6,0.2206713619198468
1634,corrected_richness,10,1,0.02748633611151034
1634,shannon,10,1,0.02748633611151034
1634,inv_simpson,10,1,0.02748633611151034
1634,trait_volume,-10,-1,0.02748633611151034
1634,trait_dispersion,-10,-1,0.02748633611151034
1634,rao_q,-10,-1,0.02748633611151034
1634,feve,10,1,0.02748633611151034
1634,fdiv,8,0.8,0.08641073297370003
1634,fric_prob,2,0.2,0.8064959405073402
1634,fdiv_fund,-2,-0.2,0.8064959405073402
1634,feve_fund,-10,-1,0.02748633611151034
1634,fdis_prob,-10,-1,0.02748633611151034
1634,fmpd_prob,-10,-1,0.02748633611151034
1634,raoq_fund,-10,-1,0.02748633611151034
1634,cwm_pc1,0,0,1
1634,cwm_pc2,0,0,1
1634,pd_prob_mctavish,10,1,0.02748633611151034
1634,mpd_prob_mctavish,8,0.8,0.08641073297370003
1635,corrected_richness,10,1,0.02748633611151034
1635,shannon,10,1,0.02748633611151034
1635,inv_simpson,10,1,0.02748633611151034
1635,trait_volume,-10,-1,0.02748633611151034
1635,trait_dispersion,-10,-1,0.02748633611151034
1635,rao_q,-10,-1,0.02748633611151034
1635,feve,10,1,0.02748633611151034
1635,fdiv,8,0.8,0.08641073297370003
1635,fric_prob,0,0,1
1635,fdiv_fund,-2,-0.2,0.8064959405073402
1635,feve_fund,-10,-1,0.02748633611151034
1635,fdis_prob,-10,-1,0.02748633611151034
1635,fmpd_prob,-10,-1,0.02748633611151034
1635,raoq_fund,-10,-1,0.02748633611151034
1635,cwm_pc1,-2,-0.2,0.8064959405073402
1635,cwm_pc2,0,0,1
1635,pd_prob_mctavish,10,1,0.02748633611151034
1635,mpd_prob_mctavish,8,0.8,0.08641073297370003
1636,corrected_richness,10,1,0.02748633611151034
1636,shannon,10,1,0.02748633611151034
1636,inv_simpson,10,1,0.02748633611151034
1636,trait_volume,-10,-1,0.02748633611151034
1636,trait_dispersion,-10,-1,0.02748633611151034
1636,rao_q,-10,-1,0.02748633611151034
1636,feve,10,1,0.02748633611151034
1636,fdiv,8,0.8,0.08641073297370003
1636,fric_prob,1,0.1,1
1636,fdiv_fund,6,0.6,0.2206713619198468
1636,feve_fund,-10,-1,0.02748633611151034
1636,fdis_prob,-10,-1,0.02748633611151034
1636,fmpd_prob,-10,-1,0.02748633611151034
1636,raoq_fund,-10,-1,0.02748633611151034
1636,cwm_pc1,2,0.2,0.8064959405073402
1636,cwm_pc2,0,0,1
1636,pd_prob_mctavish,10,1,0.02748633611151034
1636,mpd_prob_mctavish,8,0.8,0.08641073297370003
1637,corrected_richness,10,1,0.02748633611151034
1637,shannon,10,1,0.02748633611151034
1637,inv_simpson,10,1,0.02748633611151034
1637,trait_volume,-10,-1,0.02748633611151034
1637,trait_dispersion,-10,-1,0.02748633611151034
1637,rao_q,-10,-1,0.02748633611151034
1637,feve,10,1,0.02748633611151034
1637,fdiv,8,0.8,0.08641073297370003
1637,fric_prob,-5,-0.5,0.26725749315438785
1637,fdiv_fund,6,0.6,0.2206713619198468
1637,feve_fund,-10,-1,0.02748633611151034
1637,fdis_prob,-10,-1,0.02748633611151034
1637,fmpd_prob,-10,-1,0.02748633611151034
1637,raoq_fund,-10,-1,0.02748633611151034
1637,cwm_pc1,2,0.2,0.8064959405073402
1637,cwm_pc2,0,0,1
1637,pd_prob_mctavish,10,1,0.02748633611151034
1637,mpd_prob_mctavish,8,0.8,0.08641073297370003
1639,corrected_richness,10,1,0.02748633611151034
1639,shannon,10,1,0.02748633611151034
1639,inv_simpson,10,1,0.02748633611151034
1639,trait_volume,-10,-1,0.02748633611151034
1639,trait_dispersion,-10,-1,0.02748633611151034
1639,rao_q,-10,-1,0.02748633611151034
1639,feve,10,1,0.02748633611151034
1639,fdiv,8,0.8,0.08641073297370003
1639,fric_prob,-6,-0.6,0.2206713619198468
1639,fdiv_fund,-6,-0.6,0.2206713619198468
1639,feve_fund,-10,-1,0.02748633611151034
1639,fdis_prob,-10,-1,0.02748633611151034
1639,fmpd_prob,-10,-1,0.02748633611151034
1639,raoq_fund,-10,-1,0.02748633611151034
1639,cwm_pc1,2,0.2,0.8064959405073402
1639,cwm_pc2,-6,-0.6,0.2206713619198468
1639,pd_prob_mctavish,10,1,0.02748633611151034
1639,mpd_prob_mctavish,6,0.6,0.2206713619198468
1640,corrected_richness,10,1,0.02748633611151034
1640,shannon,10,1,0.02748633611151034
1640,inv_simpson,10,1,0.02748633611151034
1640,trait_volume,-10,-1,0.02748633611151034
1640,trait_dispersion,-10,-1,0.02748633611151034
1640,rao_q,-10,-1,0.02748633611151034
1640,feve,10,1,0.02748633611151034
1640,fdiv,8,0.8,0.08641073297370003
1640,fric_prob,-4,-0.4,0.4624327264504763
1640,fdiv_fund,-2,-0.2,0.8064959405073402
1640,feve_fund,-10,-1,0.02748633611151034
1640,fdis_prob,-10,-1,0.02748633611151034
1640,fmpd_prob,-10,-1,0.02748633611151034
1640,raoq_fund,-10,-1,0.02748633611151034
1640,cwm_pc1,-2,-0.2,0.8064959405073402
1640,cwm_pc2,0,0,1
1640,pd_prob_mctavish,10,1,0.02748633611151034
1640,mpd_prob_mctavish,8,0.8,0.08641073297370003
1641,corrected_richness,10,1,0.02748633611151034
1641,shannon,10,1,0.02748633611151034
1641,inv_simpson,10,1,0.02748633611151034
1641,trait_volume,-10,-1,0.02748633611151034
1641,trait_dispersion,-10,-1,0.02748633611151034
1641,rao_q,-10,-1,0.02748633611151034
1641,feve,10,1,0.02748633611151034
1641,fdiv,8,0.8,0.08641073297370003
1641,fric_prob,-2,-0.2,0.8064959405073402
1641,fdiv_fund,0,0,1
1641,feve_fund,-10,-1,0.02748633611151034
1641,fdis_prob,-10,-1,0.02748633611151034
1641,fmpd_prob,-10,-1,0.02748633611151034
1641,raoq_fund,-10,-1,0.02748633611151034
1641,cwm_pc1,-6,-0.6,0.2206713619198468
1641,cwm_pc2,4,0.4,0.4624327264504763
1641,pd_prob_mctavish,10,1,0.02748633611151034
1641,mpd_prob_mctavish,10,1,0.02748633611151034
1642,corrected_richness,10,1,0.02748633611151034
1642,shannon,10,1,0.02748633611151034
1642,inv_simpson,10,1,0.02748633611151034
1642,trait_volume,-10,-1,0.02748633611151034
1642,trait_dispersion,-10,-1,0.02748633611151034
1642,rao_q,-10,-1,0.02748633611151034
1642,feve,10,1,0.02748633611151034
1642,fdiv,6,0.6,0.2206713619198468
1642,fric_prob,-4,-0.4,0.4624327264504763
1642,fdiv_fund,2,0.2,0.8064959405073402
1642,feve_fund,-10,-1,0.02748633611151034
1642,fdis_prob,-10,-1,0.02748633611151034
1642,fmpd_prob,-10,-1,0.02748633611151034
1642,raoq_fund,-10,-1,0.02748633611151034
1642,cwm_pc1,-6,-0.6,0.2206713619198468
1642,cwm_pc2,6,0.6,0.2206713619198468
1642,pd_prob_mctavish,10,1,0.02748633611151034
1642,mpd_prob_mctavish,10,1,0.02748633611151034
1658,corrected_richness,10,1,0.02748633611151034
1658,shannon,10,1,0.02748633611151034
1658,inv_simpson,10,1,0.02748633611151034
1658,trait_volume,-10,-1,0.02748633611151034
1658,trait_dispersion,-2,-0.2,0.8064959405073402
1658,rao_q,-10,-1,0.02748633611151034
1658,feve,10,1,0.02748633611151034
1658,fdiv,-6,-0.6,0.2206713619198468
1658,fric_prob,8,0.8,0.08641073297370003
1658,fdiv_fund,-6,-0.6,0.2206713619198468
1658,feve_fund,-10,-1,0.02748633611151034
1658,fdis_prob,-4,-0.4,0.4624327264504763
1658,fmpd_prob,-10,-1,0.02748633611151034
1658,raoq_fund,-8,-0.8,0.08641073297370003
1658,cwm_pc1,-2,-0.2,0.8064959405073402
1658,cwm_pc2,8,0.8,0.08641073297370003
1658,pd_prob_mctavish,10,1,0.02748633611151034
1658,mpd_prob_mctavish,6,0.6,0.2206713619198468
1659,corrected_richness,10,1,0.02748633611151034
1659,shannon,10,1,0.02748633611151034
1659,inv_simpson,10,1,0.02748633611151034
1659,trait_volume,-4,-0.4,0.4624327264504763
1659,trait_dispersion,4,0.4,0.4624327264504763
1659,rao_q,-2,-0.2,0.8064959405073402
1659,feve,10,1,0.02748633611151034
1659,fdiv,0,0,1
1659,fric_prob,0,0,1
1659,fdiv_fund,10,1,0.02748633611151034
1659,feve_fund,-6,-0.6,0.2206713619198468
1659,fdis_prob,-6,-0.6,0.2206713619198468
1659,fmpd_prob,-2,-0.2,0.8064959405073402
1659,raoq_fund,-8,-0.8,0.08641073297370003
1659,cwm_pc1,-10,-1,0.02748633611151034
1659,cwm_pc2,6,0.6,0.2206713619198468
1659,pd_prob_mctavish,10,1,0.02748633611151034
1659,mpd_prob_mctavish,10,1,0.02748633611151034
1660,corrected_richness,10,1,0.02748633611151034
1660,shannon,10,1,0.02748633611151034
1660,inv_simpson,10,1,0.02748633611151034
1660,trait_volume,0,0,1
1660,trait_dispersion,8,0.8,0.08641073297370003
1660,rao_q,2,0.2,0.8064959405073402
1660,feve,10,1,0.02748633611151034
1660,fdiv,-8,-0.8,0.08641073297370003
1660,fric_prob,0,0,1
1660,fdiv_fund,8,0.8,0.08641073297370003
1660,feve_fund,-8,-0.8,0.08641073297370003
1660,fdis_prob,6,0.6,0.2206713619198468
1660,fmpd_prob,2,0.2,0.8064959405073402
1660,raoq_fund,0,0,1
1660,cwm_pc1,-10,-1,0.02748633611151034
1660,cwm_pc2,8,0.8,0.08641073297370003
1660,pd_prob_mctavish,10,1,0.02748633611151034
1660,mpd_prob_mctavish,10,1,0.02748633611151034
1661,corrected_richness,10,1,0.02748633611151034
1661,shannon,10,1,0.02748633611151034
1661,inv_simpson,10,1,0.02748633611151034
1661,trait_volume,0,0,1
1661,trait_dispersion,8,0.8,0.08641073297370003
1661,rao_q,2,0.2,0.8064959405073402
1661,feve,10,1,0.02748633611151034
1661,fdiv,-8,-0.8,0.08641073297370003
1661,fric_prob,0,0,1
1661,fdiv_fund,8,0.8,0.08641073297370003
1661,feve_fund,-6,-0.6,0.2206713619198468
1661,fdis_prob,6,0.6,0.2206713619198468
1661,fmpd_prob,2,0.2,0.8064959405073402
1661,raoq_fund,0,0,1
1661,cwm_pc1,-10,-1,0.02748633611151034
1661,cwm_pc2,8,0.8,0.08641073297370003
1661,pd_prob_mctavish,10,1,0.02748633611151034
1661,mpd_prob_mctavish,10,1,0.02748633611151034
1662,corrected_richness,10,1,0.02748633611151034
1662,shannon,10,1,0.02748633611151034
1662,inv_simpson,10,1,0.02748633611151034
1662,trait_volume,0,0,1
1662,trait_dispersion,8,0.8,0.08641073297370003
1662,rao_q,2,0.2,0.8064959405073402
1662,feve,10,1,0.02748633611151034
1662,fdiv,-8,-0.8,0.08641073297370003
1662,fric_prob,0,0,1
1662,fdiv_fund,6,0.6,0.2206713619198468
1662,feve_fund,-4,-0.4,0.4624327264504763
1662,fdis_prob,8,0.8,0.08641073297370003
1662,fmpd_prob,2,0.2,0.8064959405073402
1662,raoq_fund,4,0.4,0.4624327264504763
1662,cwm_pc1,-10,-1,0.02748633611151034
1662,cwm_pc2,8,0.8,0.08641073297370003
1662,pd_prob_mctavish,10,1,0.02748633611151034
1662,mpd_prob_mctavish,10,1,0.02748633611151034
1666,corrected_richness,10,1,0.02748633611151034
1666,shannon,10,1,0.02748633611151034
1666,inv_simpson,10,1,0.02748633611151034
1666,trait_volume,-6,-0.6,0.2206713619198468
1666,trait_dispersion,8,0.8,0.08641073297370003
1666,rao_q,0,0,1
1666,feve,10,1,0.02748633611151034
1666,fdiv,-8,-0.8,0.08641073297370003
1666,fric_prob,0,0,1
1666,fdiv_fund,6,0.6,0.2206713619198468
1666,feve_fund,-10,-1,0.02748633611151034
1666,fdis_prob,4,0.4,0.4624327264504763
1666,fmpd_prob,0,0,1
1666,raoq_fund,-10,-1,0.02748633611151034
1666,cwm_pc1,-10,-1,0.02748633611151034
1666,cwm_pc2,8,0.8,0.08641073297370003
1666,pd_prob_mctavish,10,1,0.02748633611151034
1666,mpd_prob_mctavish,10,1,0.02748633611151034
1669,corrected_richness,10,1,0.02748633611151034
1669,shannon,10,1,0.02748633611151034
1669,inv_simpson,10,1,0.02748633611151034
1669,trait_volume,-6,-0.6,0.2206713619198468
1669,trait_dispersion,8,0.8,0.08641073297370003
1669,rao_q,-2,-0.2,0.8064959405073402
1669,feve,10,1,0.02748633611151034
1669,fdiv,-8,-0.8,0.08641073297370003
1669,fric_prob,-2,-0.2,0.8064959405073402
1669,fdiv_fund,4,0.4,0.4624327264504763
1669,feve_fund,-10,-1,0.02748633611151034
1669,fdis_prob,-6,-0.6,0.2206713619198468
1669,fmpd_prob,-2,-0.2,0.8064959405073402
1669,raoq_fund,-10,-1,0.02748633611151034
1669,cwm_pc1,-10,-1,0.02748633611151034
1669,cwm_pc2,8,0.8,0.08641073297370003
1669,pd_prob_mctavish,10,1,0.02748633611151034
1669,mpd_prob_mctavish,10,1,0.02748633611151034
1672,corrected_richness,10,1,0.02748633611151034
1672,shannon,10,1,0.02748633611151034
1672,inv_simpson,10,1,0.02748633611151034
1672,trait_volume,-10,-1,0.02748633611151034
1672,trait_dispersion,-10,-1,0.02748633611151034
1672,rao_q,-10,-1,0.02748633611151034
1672,feve,10,1,0.02748633611151034
1672,fdiv,-6,-0.6,0.2206713619198468
1672,fric_prob,6,0.6,0.2206713619198468
1672,fdiv_fund,-8,-0.8,0.08641073297370003
1672,feve_fund,-10,-1,0.02748633611151034
1672,fdis_prob,-10,-1,0.02748633611151034
1672,fmpd_prob,-10,-1,0.02748633611151034
1672,raoq_fund,-10,-1,0.02748633611151034
1672,cwm_pc1,-10,-1,0.02748633611151034
1672,cwm_pc2,8,0.8,0.08641073297370003
1672,pd_prob_mctavish,10,1,0.02748633611151034
1672,mpd_prob_mctavish,6,0.6,0.2206713619198468
1674,corrected_richness,10,1,0.02748633611151034
1674,shannon,10,1,0.02748633611151034
1674,inv_simpson,10,1,0.02748633611151034
1674,trait_volume,-6,-0.6,0.2206713619198468
1674,trait_dispersion,8,0.8,0.08641073297370003
1674,rao_q,0,0,1
1674,feve,10,1,0.02748633611151034
1674,fdiv,-8,-0.8,0.08641073297370003
1674,fric_prob,-4,-0.4,0.4624327264504763
1674,fdiv_fund,-8,-0.8,0.08641073297370003
1674,feve_fund,-6,-0.6,0.2206713619198468
1674,fdis_prob,6,0.6,0.2206713619198468
1674,fmpd_prob,-2,-0.2,0.8064959405073402
1674,raoq_fund,-6,-0.6,0.2206713619198468
1674,cwm_pc1,-10,-1,0.02748633611151034
1674,cwm_pc2,8,0.8,0.08641073297370003
1674,pd_prob_mctavish,10,1,0.02748633611151034
1674,mpd_prob_mctavish,10,1,0.02748633611151034
1675,corrected_richness,10,1,0.02748633611151034
1675,shannon,10,1,0.02748633611151034
1675,inv_simpson,10,1,0.02748633611151034
1675,trait_volume,-8,-0.8,0.08641073297370003
1675,trait_dispersion,-10,-1,0.02748633611151034
1675,rao_q,-10,-1,0.02748633611151034
1675,feve,10,1,0.02748633611151034
1675,fdiv,-4,-0.4,0.4624327264504763
1675,fric_prob,0,0,1
1675,fdiv_fund,-8,-0.8,0.08641073297370003
1675,feve_fund,-10,-1,0.02748633611151034
1675,fdis_prob,0,0,1
1675,fmpd_prob,-10,-1,0.02748633611151034
1675,raoq_fund,-8,-0.8,0.08641073297370003
1675,cwm_pc1,-10,-1,0.02748633611151034
1675,cwm_pc2,10,1,0.02748633611151034
1675,pd_prob_mctavish,10,1,0.02748633611151034
1675,mpd_prob_mctavish,10,1,0.02748633611151034
1676,corrected_richness,10,1,0.02748633611151034
1676,shannon,10,1,0.02748633611151034
1676,inv_simpson,10,1,0.02748633611151034
1676,trait_volume,-8,-0.8,0.08641073297370003
1676,trait_dispersion,-10,-1,0.02748633611151034
1676,rao_q,-10,-1,0.02748633611151034
1676,feve,10,1,0.02748633611151034
1676,fdiv,0,0,1
1676,fric_prob,4,0.4,0.4624327264504763
1676,fdiv_fund,4,0.4,0.4624327264504763
1676,feve_fund,-10,-1,0.02748633611151034
1676,fdis_prob,-8,-0.8,0.08641073297370003
1676,fmpd_prob,-10,-1,0.02748633611151034
1676,raoq_fund,-10,-1,0.02748633611151034
1676,cwm_pc1,-10,-1,0.02748633611151034
1676,cwm_pc2,10,1,0.02748633611151034
1676,pd_prob_mctavish,10,1,0.02748633611151034
1676,mpd_prob_mctavish,10,1,0.02748633611151034
1678,corrected_richness,10,1,0.02748633611151034
1678,shannon,10,1,0.02748633611151034
1678,inv_simpson,10,1,0.02748633611151034
1678,trait_volume,-8,-0.8,0.08641073297370003
1678,trait_dispersion,8,0.8,0.08641073297370003
1678,rao_q,-8,-0.8,0.08641073297370003
1678,feve,8,0.8,0.08641073297370003
1678,fdiv,-8,-0.8,0.08641073297370003
1678,fric_prob,-2,-0.2,0.8064959405073402
1678,fdiv_fund,-4,-0.4,0.4624327264504763
1678,feve_fund,-4,-0.4,0.4624327264504763
1678,fdis_prob,6,0.6,0.2206713619198468
1678,fmpd_prob,-8,-0.8,0.08641073297370003
1678,raoq_fund,-6,-0.6,0.2206713619198468
1678,cwm_pc1,-10,-1,0.02748633611151034
1678,cwm_pc2,8,0.8,0.08641073297370003
1678,pd_prob_mctavish,10,1,0.02748633611151034
1678,mpd_prob_mctavish,10,1,0.02748633611151034
1679,corrected_richness,10,1,0.02748633611151034
1679,shannon,10,1,0.02748633611151034
1679,inv_simpson,10,1,0.02748633611151034
1679,trait_volume,-8,-0.8,0.08641073297370003
1679,trait_dispersion,-8,-0.8,0.08641073297370003
1679,rao_q,-10,-1,0.02748633611151034
1679,feve,8,0.8,0.08641073297370003
1679,fdiv,-6,-0.6,0.2206713619198468
1679,fric_prob,-4,-0.4,0.4624327264504763
1679,fdiv_fund,-8,-0.8,0.08641073297370003
1679,feve_fund,-10,-1,0.02748633611151034
1679,fdis_prob,-2,-0.2,0.8064959405073402
1679,fmpd_prob,-10,-1,0.02748633611151034
1679,raoq_fund,-8,-0.8,0.08641073297370003
1679,cwm_pc1,-10,-1,0.02748633611151034
1679,cwm_pc2,10,1,0.02748633611151034
1679,pd_prob_mctavish,10,1,0.02748633611151034
1679,mpd_prob_mctavish,10,1,0.02748633611151034
1680,corrected_richness,10,1,0.02748633611151034
1680,shannon,10,1,0.02748633611151034
1680,inv_simpson,10,1,0.02748633611151034
1680,trait_volume,-8,-0.8,0.08641073297370003
1680,trait_dispersion,-6,-0.6,0.2206713619198468
1680,rao_q,-8,-0.8,0.08641073297370003
1680,feve,8,0.8,0.08641073297370003
1680,fdiv,-8,-0.8,0.08641073297370003
1680,fric_prob,-6,-0.6,0.2206713619198468
1680,fdiv_fund,-4,-0.4,0.4624327264504763
1680,feve_fund,-10,-1,0.02748633611151034
1680,fdis_prob,4,0.4,0.4624327264504763
1680,fmpd_prob,-8,-0.8,0.08641073297370003
1680,raoq_fund,-6,-0.6,0.2206713619198468
1680,cwm_pc1,-10,-1,0.02748633611151034
1680,cwm_pc2,10,1,0.02748633611151034
1680,pd_prob_mctavish,10,1,0.02748633611151034
1680,mpd_prob_mctavish,10,1,0.02748633611151034
1681,corrected_richness,10,1,0.02748633611151034
1681,shannon,10,1,0.02748633611151034
1681,inv_simpson,10,1,0.02748633611151034
1681,trait_volume,-2,-0.2,0.8064959405073402
1681,trait_dispersion,8,0.8,0.08641073297370003
1681,rao_q,2,0.2,0.8064959405073402
1681,feve,10,1,0.02748633611151034
1681,fdiv,-10,-1,0.02748633611151034
1681,fric_prob,1,0.1,1
1681,fdiv_fund,10,1,0.02748633611151034
1681,feve_fund,-8,-0.8,0.08641073297370003
1681,fdis_prob,8,0.8,0.08641073297370003
1681,fmpd_prob,2,0.2,0.8064959405073402
1681,raoq_fund,2,0.2,0.8064959405073402
1681,cwm_pc1,-10,-1,0.02748633611151034
1681,cwm_pc2,8,0.8,0.08641073297370003
1681,pd_prob_mctavish,10,1,0.02748633611151034
1681,mpd_prob_mctavish,10,1,0.02748633611151034
1684,corrected_richness,10,1,0.02748633611151034
1684,shannon,10,1,0.02748633611151034
1684,inv_simpson,10,1,0.02748633611151034
1684,trait_volume,-8,-0.8,0.08641073297370003
1684,trait_dispersion,8,0.8,0.08641073297370003
1684,rao_q,0,0,1
1684,feve,0,0,1
1684,fdiv,-10,-1,0.02748633611151034
1684,fric_prob,0,0,1
1684,fdiv_fund,10,1,0.02748633611151034
1684,feve_fund,-8,-0.8,0.08641073297370003
1684,fdis_prob,8,0.8,0.08641073297370003
1684,fmpd_prob,-6,-0.6,0.2206713619198468
1684,raoq_fund,6,0.6,0.2206713619198468
1684,cwm_pc1,-10,-1,0.02748633611151034
1684,cwm_pc2,10,1,0.02748633611151034
1684,pd_prob_mctavish,10,1,0.02748633611151034
1684,mpd_prob_mctavish,6,0.6,0.2206713619198468
1685,corrected_richness,10,1,0.02748633611151034
1685,shannon,10,1,0.02748633611151034
1685,inv_simpson,10,1,0.02748633611151034
1685,trait_volume,-2,-0.2,0.8064959405073402
1685,trait_dispersion,8,0.8,0.08641073297370003
1685,rao_q,6,0.6,0.2206713619198468
1685,feve,10,1,0.02748633611151034
1685,fdiv,-8,-0.8,0.08641073297370003
1685,fric_prob,0,0,1
1685,fdiv_fund,6,0.6,0.2206713619198468
1685,feve_fund,-2,-0.2,0.8064959405073402
1685,fdis_prob,4,0.4,0.4624327264504763
1685,fmpd_prob,4,0.4,0.4624327264504763
1685,raoq_fund,-2,-0.2,0.8064959405073402
1685,cwm_pc1,-10,-1,0.02748633611151034
1685,cwm_pc2,6,0.6,0.2206713619198468
1685,pd_prob_mctavish,10,1,0.02748633611151034
1685,mpd_prob_mctavish,10,1,0.02748633611151034
1686,corrected_richness,10,1,0.02748633611151034
1686,shannon,10,1,0.02748633611151034
1686,inv_simpson,10,1,0.02748633611151034
1686,trait_volume,-6,-0.6,0.2206713619198468
1686,trait_dispersion,6,0.6,0.2206713619198468
1686,rao_q,-4,-0.4,0.4624327264504763
1686,feve,8,0.8,0.08641073297370003
1686,fdiv,-10,-1,0.02748633611151034
1686,fric_prob,0,0,1
1686,fdiv_fund,10,1,0.02748633611151034
1686,feve_fund,-8,-0.8,0.08641073297370003
1686,fdis_prob,6,0.6,0.2206713619198468
1686,fmpd_prob,-4,-0.4,0.4624327264504763
1686,raoq_fund,-2,-0.2,0.8064959405073402
1686,cwm_pc1,-8,-0.8,0.08641073297370003
1686,cwm_pc2,6,0.6,0.2206713619198468
1686,pd_prob_mctavish,10,1,0.02748633611151034
1686,mpd_prob_mctavish,8,0.8,0.08641073297370003
1687,corrected_richness,10,1,0.02748633611151034
1687,shannon,10,1,0.02748633611151034
1687,inv_simpson,10,1,0.02748633611151034
1687,trait_volume,-10,-1,0.02748633611151034
1687,trait_dispersion,-6,-0.6,0.2206713619198468
1687,rao_q,-10,-1,0.02748633611151034
1687,feve,8,0.8,0.08641073297370003
1687,fdiv,-8,-0.8,0.08641073297370003
1687,fric_prob,0,0,1
1687,fdiv_fund,10,1,0.02748633611151034
1687,feve_fund,-8,-0.8,0.08641073297370003
1687,fdis_prob,-2,-0.2,0.8064959405073402
1687,fmpd_prob,-10,-1,0.02748633611151034
1687,raoq_fund,-10,-1,0.02748633611151034
1687,cwm_pc1,-6,-0.6,0.2206713619198468
1687,cwm_pc2,2,0.2,0.8064959405073402
1687,pd_prob_mctavish,10,1,0.02748633611151034
1687,mpd_prob_mctavish,6,0.6,0.2206713619198468
1688,corrected_richness,10,1,0.02748633611151034
1688,shannon,10,1,0.02748633611151034
1688,inv_simpson,10,1,0.02748633611151034
1688,trait_volume,-10,-1,0.02748633611151034
1688,trait_dispersion,-4,-0.4,0.4624327264504763
1688,rao_q,-10,-1,0.02748633611151034
1688,feve,10,1,0.02748633611151034
1688,fdiv,-8,-0.8,0.08641073297370003
1688,fric_prob,0,0,1
1688,fdiv_fund,6,0.6,0.2206713619198468
1688,feve_fund,-8,-0.8,0.08641073297370003
1688,fdis_prob,2,0.2,0.8064959405073402
1688,fmpd_prob,-10,-1,0.02748633611151034
1688,raoq_fund,-8,-0.8,0.08641073297370003
1688,cwm_pc1,-8,-0.8,0.08641073297370003
1688,cwm_pc2,4,0.4,0.4624327264504763
1688,pd_prob_mctavish,10,1,0.02748633611151034
1688,mpd_prob_mctavish,6,0.6,0.2206713619198468
1689,corrected_richness,10,1,0.02748633611151034
1689,shannon,10,1,0.02748633611151034
1689,inv_simpson,10,1,0.02748633611151034
1689,trait_volume,-10,-1,0.02748633611151034
1689,trait_dispersion,0,0,1
1689,rao_q,-10,-1,0.02748633611151034
1689,feve,10,1,0.02748633611151034
1689,fdiv,-8,-0.8,0.08641073297370003
1689,fric_prob,0,0,1
1689,fdiv_fund,6,0.6,0.2206713619198468
1689,feve_fund,-10,-1,0.02748633611151034
1689,fdis_prob,2,0.2,0.8064959405073402
1689,fmpd_prob,-10,-1,0.02748633611151034
1689,raoq_fund,-8,-0.8,0.08641073297370003
1689,cwm_pc1,-8,-0.8,0.08641073297370003
1689,cwm_pc2,4,0.4,0.4624327264504763
1689,pd_prob_mctavish,10,1,0.02748633611151034
1689,mpd_prob_mctavish,6,0.6,0.2206713619198468
1692,corrected_richness,10,1,0.02748633611151034
1692,shannon,10,1,0.02748633611151034
1692,inv_simpson,10,1,0.02748633611151034
1692,trait_volume,-4,-0.4,0.4624327264504763
1692,trait_dispersion,8,0.8,0.08641073297370003
1692,rao_q,0,0,1
1692,feve,10,1,0.02748633611151034
1692,fdiv,-10,-1,0.02748633611151034
1692,fric_prob,0,0,1
1692,fdiv_fund,6,0.6,0.2206713619198468
1692,feve_fund,-8,-0.8,0.08641073297370003
1692,fdis_prob,8,0.8,0.08641073297370003
1692,fmpd_prob,0,0,1
1692,raoq_fund,-2,-0.2,0.8064959405073402
1692,cwm_pc1,-8,-0.8,0.08641073297370003
1692,cwm_pc2,6,0.6,0.2206713619198468
1692,pd_prob_mctavish,10,1,0.02748633611151034
1692,mpd_prob_mctavish,6,0.6,0.2206713619198468
1693,corrected_richness,10,1,0.02748633611151034
1693,shannon,10,1,0.02748633611151034
1693,inv_simpson,10,1,0.02748633611151034
1693,trait_volume,-10,-1,0.02748633611151034
1693,trait_dispersion,-10,-1,0.02748633611151034
1693,rao_q,-10,-1,0.02748633611151034
1693,feve,8,0.8,0.08641073297370003
1693,fdiv,-2,-0.2,0.8064959405073402
1693,fric_prob,-4,-0.4,0.4624327264504763
1693,fdiv_fund,-6,-0.6,0.2206713619198468
1693,feve_fund,-10,-1,0.02748633611151034
1693,fdis_prob,-8,-0.8,0.08641073297370003
1693,fmpd_prob,-10,-1,0.02748633611151034
1693,raoq_fund,-8,-0.8,0.08641073297370003
1693,cwm_pc1,-8,-0.8,0.08641073297370003
1693,cwm_pc2,0,0,1
1693,pd_prob_mctavish,10,1,0.02748633611151034
1693,mpd_prob_mctavish,6,0.6,0.2206713619198468
1694,corrected_richness,10,1,0.02748633611151034
1694,shannon,10,1,0.02748633611151034
1694,inv_simpson,10,1,0.02748633611151034
1694,trait_volume,-10,-1,0.02748633611151034
1694,trait_dispersion,-10,-1,0.02748633611151034
1694,rao_q,-10,-1,0.02748633611151034
1694,feve,4,0.4,0.4624327264504763
1694,fdiv,4,0.4,0.4624327264504763
1694,fric_prob,10,1,0.02748633611151034
1694,fdiv_fund,-10,-1,0.02748633611151034
1694,feve_fund,-10,-1,0.02748633611151034
1694,fdis_prob,-8,-0.8,0.08641073297370003
1694,fmpd_prob,-10,-1,0.02748633611151034
1694,raoq_fund,-8,-0.8,0.08641073297370003
1694,cwm_pc1,-8,-0.8,0.08641073297370003
1694,cwm_pc2,-6,-0.6,0.2206713619198468
1694,pd_prob_mctavish,10,1,0.02748633611151034
1694,mpd_prob_mctavish,6,0.6,0.2206713619198468
1695,corrected_richness,10,1,0.02748633611151034
1695,shannon,10,1,0.02748633611151034
1695,inv_simpson,10,1,0.02748633611151034
1695,trait_volume,-10,-1,0.02748633611151034
1695,trait_dispersion,-10,-1,0.02748633611151034
1695,rao_q,-10,-1,0.02748633611151034
1695,feve,0,0,1
1695,fdiv,4,0.4,0.4624327264504763
1695,fric_prob,10,1,0.02748633611151034
1695,fdiv_fund,-10,-1,0.02748633611151034
1695,feve_fund,-8,-0.8,0.08641073297370003
1695,fdis_prob,-10,-1,0.02748633611151034
1695,fmpd_prob,-10,-1,0.02748633611151034
1695,raoq_fund,-10,-1,0.02748633611151034
1695,cwm_pc1,-8,-0.8,0.08641073297370003
1695,cwm_pc2,-6,-0.6,0.2206713619198468
1695,pd_prob_mctavish,10,1,0.02748633611151034
1695,mpd_prob_mctavish,4,0.4,0.4624327264504763
1696,corrected_richness,10,1,0.02748633611151034
1696,shannon,10,1,0.02748633611151034
1696,inv_simpson,10,1,0.02748633611151034
1696,trait_volume,-10,-1,0.02748633611151034
1696,trait_dispersion,-10,-1,0.02748633611151034
1696,rao_q,-10,-1,0.02748633611151034
1696,feve,6,0.6,0.2206713619198468
1696,fdiv,4,0.4,0.4624327264504763
1696,fric_prob,8,0.8,0.08641073297370003
1696,fdiv_fund,-8,-0.8,0.08641073297370003
1696,feve_fund,-8,-0.8,0.08641073297370003
1696,fdis_prob,-8,-0.8,0.08641073297370003
1696,fmpd_prob,-10,-1,0.02748633611151034
1696,raoq_fund,-8,-0.8,0.08641073297370003
1696,cwm_pc1,-8,-0.8,0.08641073297370003
1696,cwm_pc2,-6,-0.6,0.2206713619198468
1696,pd_prob_mctavish,10,1,0.02748633611151034
1696,mpd_prob_mctavish,4,0.4,0.4624327264504763
1697,corrected_richness,10,1,0.02748633611151034
1697,shannon,10,1,0.02748633611151034
1697,inv_simpson,10,1,0.02748633611151034
1697,trait_volume,-10,-1,0.02748633611151034
1697,trait_dispersion,-10,-1,0.02748633611151034
1697,rao_q,-10,-1,0.02748633611151034
1697,feve,10,1,0.02748633611151034
1697,fdiv,4,0.4,0.4624327264504763
1697,fric_prob,0,0,1
1697,fdiv_fund,-6,-0.6,0.2206713619198468
1697,feve_fund,-10,-1,0.02748633611151034
1697,fdis_prob,-8,-0.8,0.08641073297370003
1697,fmpd_prob,-10,-1,0.02748633611151034
1697,raoq_fund,-8,-0.8,0.08641073297370003
1697,cwm_pc1,-4,-0.4,0.4624327264504763
1697,cwm_pc2,-6,-0.6,0.2206713619198468
1697,pd_prob_mctavish,10,1,0.02748633611151034
1697,mpd_prob_mctavish,4,0.4,0.4624327264504763
1698,corrected_richness,10,1,0.02748633611151034
1698,shannon,10,1,0.02748633611151034
1698,inv_simpson,10,1,0.02748633611151034
1698,trait_volume,-10,-1,0.02748633611151034
1698,trait_dispersion,-10,-1,0.02748633611151034
1698,rao_q,-10,-1,0.02748633611151034
1698,feve,10,1,0.02748633611151034
1698,fdiv,4,0.4,0.4624327264504763
1698,fric_prob,-2,-0.2,0.8064959405073402
1698,fdiv_fund,-6,-0.6,0.2206713619198468
1698,feve_fund,-10,-1,0.02748633611151034
1698,fdis_prob,-8,-0.8,0.08641073297370003
1698,fmpd_prob,-10,-1,0.02748633611151034
1698,raoq_fund,-8,-0.8,0.08641073297370003
1698,cwm_pc1,-4,-0.4,0.4624327264504763
1698,cwm_pc2,-6,-0.6,0.2206713619198468
1698,pd_prob_mctavish,10,1,0.02748633611151034
1698,mpd_prob_mctavish,4,0.4,0.4624327264504763
1699,corrected_richness,10,1,0.02748633611151034
1699,shannon,10,1,0.02748633611151034
1699,inv_simpson,10,1,0.02748633611151034
1699,trait_volume,-10,-1,0.02748633611151034
1699,trait_dispersion,-10,-1,0.02748633611151034
1699,rao_q,-10,-1,0.02748633611151034
1699,feve,10,1,0.02748633611151034
1699,fdiv,4,0.4,0.4624327264504763
1699,fric_prob,-2,-0.2,0.8064959405073402
1699,fdiv_fund,-6,-0.6,0.2206713619198468
1699,feve_fund,-10,-1,0.02748633611151034
1699,fdis_prob,-8,-0.8,0.08641073297370003
1699,fmpd_prob,-10,-1,0.02748633611151034
1699,raoq_fund,-10,-1,0.02748633611151034
1699,cwm_pc1,-4,-0.4,0.4624327264504763
1699,cwm_pc2,-6,-0.6,0.2206713619198468
1699,pd_prob_mctavish,10,1,0.02748633611151034
1699,mpd_prob_mctavish,0,0,1
1700,corrected_richness,10,1,0.02748633611151034
1700,shannon,10,1,0.02748633611151034
1700,inv_simpson,10,1,0.02748633611151034
1700,trait_volume,-10,-1,0.02748633611151034
1700,trait_dispersion,-10,-1,0.02748633611151034
1700,rao_q,-10,-1,0.02748633611151034
1700,feve,10,1,0.02748633611151034
1700,fdiv,4,0.4,0.4624327264504763
1700,fric_prob,-2,-0.2,0.8064959405073402
1700,fdiv_fund,0,0,1
1700,feve_fund,-10,-1,0.02748633611151034
1700,fdis_prob,-8,-0.8,0.08641073297370003
1700,fmpd_prob,-10,-1,0.02748633611151034
1700,raoq_fund,-8,-0.8,0.08641073297370003
1700,cwm_pc1,-2,-0.2,0.8064959405073402
1700,cwm_pc2,-6,-0.6,0.2206713619198468
1700,pd_prob_mctavish,10,1,0.02748633611151034
1700,mpd_prob_mctavish,4,0.4,0.4624327264504763
1701,corrected_richness,10,1,0.02748633611151034
1701,shannon,10,1,0.02748633611151034
1701,inv_simpson,10,1,0.02748633611151034
1701,trait_volume,-8,-0.8,0.08641073297370003
1701,trait_dispersion,-4,-0.4,0.4624327264504763
1701,rao_q,-8,-0.8,0.08641073297370003
1701,feve,8,0.8,0.08641073297370003
1701,fdiv,-2,-0.2,0.8064959405073402
1701,fric_prob,4,0.4,0.4624327264504763
1701,fdiv_fund,4,0.4,0.4624327264504763
1701,feve_fund,-10,-1,0.02748633611151034
1701,fdis_prob,0,0,1
1701,fmpd_prob,-8,-0.8,0.08641073297370003
1701,raoq_fund,-6,-0.6,0.2206713619198468
1701,cwm_pc1,-10,-1,0.02748633611151034
1701,cwm_pc2,10,1,0.02748633611151034
1701,pd_prob_mctavish,10,1,0.02748633611151034
1701,mpd_prob_mctavish,8,0.8,0.08641073297370003
1702,corrected_richness,10,1,0.02748633611151034
1702,shannon,10,1,0.02748633611151034
1702,inv_simpson,10,1,0.02748633611151034
1702,trait_volume,-8,-0.8,0.08641073297370003
1702,trait_dispersion,-4,-0.4,0.4624327264504763
1702,rao_q,-8,-0.8,0.08641073297370003
1702,feve,10,1,0.02748633611151034
1702,fdiv,0,0,1
1702,fric_prob,-4,-0.4,0.4624327264504763
1702,fdiv_fund,2,0.2,0.8064959405073402
1702,feve_fund,-10,-1,0.02748633611151034
1702,fdis_prob,0,0,1
1702,fmpd_prob,-8,-0.8,0.08641073297370003
1702,raoq_fund,-6,-0.6,0.2206713619198468
1702,cwm_pc1,-8,-0.8,0.08641073297370003
1702,cwm_pc2,8,0.8,0.08641073297370003
1702,pd_prob_mctavish,10,1,0.02748633611151034
1702,mpd_prob_mctavish,8,0.8,0.08641073297370003
1703,corrected_richness,10,1,0.02748633611151034
1703,shannon,10,1,0.02748633611151034
1703,inv_simpson,10,1,0.02748633611151034
1703,trait_volume,-10,-1,0.02748633611151034
1703,trait_dispersion,-8,-0.8,0.08641073297370003
1703,rao_q,-10,-1,0.02748633611151034
1703,feve,10,1,0.02748633611151034
1703,fdiv,2,0.2,0.8064959405073402
1703,fric_prob,0,0,1
1703,fdiv_fund,4,0.4,0.4624327264504763
1703,feve_fund,-10,-1,0.02748633611151034
1703,fdis_prob,-10,-1,0.02748633611151034
1703,fmpd_prob,-10,-1,0.02748633611151034
1703,raoq_fund,-10,-1,0.02748633611151034
1703,cwm_pc1,-6,-0.6,0.2206713619198468
1703,cwm_pc2,0,0,1
1703,pd_prob_mctavish,10,1,0.02748633611151034
1703,mpd_prob_mctavish,8,0.8,0.08641073297370003
1704,corrected_richness,10,1,0.02748633611151034
1704,shannon,10,1,0.02748633611151034
1704,inv_simpson,10,1,0.02748633611151034
1704,trait_volume,-8,-0.8,0.08641073297370003
1704,trait_dispersion,4,0.4,0.4624327264504763
1704,rao_q,-8,-0.8,0.08641073297370003
1704,feve,8,0.8,0.08641073297370003
1704,fdiv,-6,-0.6,0.2206713619198468
1704,fric_prob,2,0.2,0.8064959405073402
1704,fdiv_fund,4,0.4,0.4624327264504763
1704,feve_fund,-10,-1,0.02748633611151034
1704,fdis_prob,6,0.6,0.2206713619198468
1704,fmpd_prob,-8,-0.8,0.08641073297370003
1704,raoq_fund,-2,-0.2,0.8064959405073402
1704,cwm_pc1,-2,-0.2,0.8064959405073402
1704,cwm_pc2,8,0.8,0.08641073297370003
1704,pd_prob_mctavish,10,1,0.02748633611151034
1704,mpd_prob_mctavish,8,0.8,0.08641073297370003
1705,corrected_richness,10,1,0.02748633611151034
1705,shannon,10,1,0.02748633611151034
1705,inv_simpson,10,1,0.02748633611151034
1705,trait_volume,-10,-1,0.02748633611151034
1705,trait_dispersion,-10,-1,0.02748633611151034
1705,rao_q,-10,-1,0.02748633611151034
1705,feve,10,1,0.02748633611151034
1705,fdiv,8,0.8,0.08641073297370003
1705,fric_prob,4,0.4,0.4624327264504763
1705,fdiv_fund,-2,-0.2,0.8064959405073402
1705,feve_fund,-10,-1,0.02748633611151034
1705,fdis_prob,-10,-1,0.02748633611151034
1705,fmpd_prob,-10,-1,0.02748633611151034
1705,raoq_fund,-10,-1,0.02748633611151034
1705,cwm_pc1,0,0,1
1705,cwm_pc2,-2,-0.2,0.8064959405073402
1705,pd_prob_mctavish,10,1,0.02748633611151034
1705,mpd_prob_mctavish,0,0,1
1706,corrected_richness,10,1,0.02748633611151034
1706,shannon,10,1,0.02748633611151034
1706,inv_simpson,10,1,0.02748633611151034
1706,trait_volume,-10,-1,0.02748633611151034
1706,trait_dispersion,-10,-1,0.02748633611151034
1706,rao_q,-10,-1,0.02748633611151034
1706,feve,6,0.6,0.2206713619198468
1706,fdiv,10,1,0.02748633611151034
1706,fric_prob,0,0,1
1706,fdiv_fund,2,0.2,0.8064959405073402
1706,feve_fund,-10,-1,0.02748633611151034
1706,fdis_prob,-10,-1,0.02748633611151034
1706,fmpd_prob,-10,-1,0.02748633611151034
1706,raoq_fund,-10,-1,0.02748633611151034
1706,cwm_pc1,-8,-0.8,0.08641073297370003
1706,cwm_pc2,8,0.8,0.08641073297370003
1706,pd_prob_mctavish,10,1,0.02748633611151034
1706,mpd_prob_mctavish,-6,-0.6,0.2206713619198468
1707,corrected_richness,10,1,0.02748633611151034
1707,shannon,10,1,0.02748633611151034
1707,inv_simpson,10,1,0.02748633611151034
1707,trait_volume,-10,-1,0.02748633611151034
1707,trait_dispersion,-8,-0.8,0.08641073297370003
1707,rao_q,-10,-1,0.02748633611151034
1707,feve,10,1,0.02748633611151034
1707,fdiv,-4,-0.4,0.4624327264504763
1707,fric_prob,-4,-0.4,0.4624327264504763
1707,fdiv_fund,6,0.6,0.2206713619198468
1707,feve_fund,-10,-1,0.02748633611151034
1707,fdis_prob,-4,-0.4,0.4624327264504763
1707,fmpd_prob,-10,-1,0.02748633611151034
1707,raoq_fund,-10,-1,0.02748633611151034
1707,cwm_pc1,-8,-0.8,0.08641073297370003
1707,cwm_pc2,8,0.8,0.08641073297370003
1707,pd_prob_mctavish,10,1,0.02748633611151034
1707,mpd_prob_mctavish,10,1,0.02748633611151034
1708,corrected_richness,10,1,0.02748633611151034
1708,shannon,10,1,0.02748633611151034
1708,inv_simpson,10,1,0.02748633611151034
1708,trait_volume,-10,-1,0.02748633611151034
1708,trait_dispersion,-10,-1,0.02748633611151034
1708,rao_q,-10,-1,0.02748633611151034
1708,feve,10,1,0.02748633611151034
1708,fdiv,6,0.6,0.2206713619198468
1708,fric_prob,-1,-0.1,1
1708,fdiv_fund,2,0.2,0.8064959405073402
1708,feve_fund,-10,-1,0.02748633611151034
1708,fdis_prob,-10,-1,0.02748633611151034
1708,fmpd_prob,-10,-1,0.02748633611151034
1708,raoq_fund,-10,-1,0.02748633611151034
1708,cwm_pc1,-6,-0.6,0.2206713619198468
1708,cwm_pc2,6,0.6,0.2206713619198468
1708,pd_prob_mctavish,10,1,0.02748633611151034
1708,mpd_prob_mctavish,10,1,0.02748633611151034
1710,corrected_richness,10,1,0.02748633611151034
1710,shannon,10,1,0.02748633611151034
1710,inv_simpson,10,1,0.02748633611151034
1710,trait_volume,-10,-1,0.02748633611151034
1710,trait_dispersion,-10,-1,0.02748633611151034
1710,rao_q,-10,-1,0.02748633611151034
1710,feve,10,1,0.02748633611151034
1710,fdiv,0,0,1
1710,fric_prob,-1,-0.1,1
1710,fdiv_fund,6,0.6,0.2206713619198468
1710,feve_fund,-10,-1,0.02748633611151034
1710,fdis_prob,-8,-0.8,0.08641073297370003
1710,fmpd_prob,-10,-1,0.02748633611151034
1710,raoq_fund,-10,-1,0.02748633611151034
1710,cwm_pc1,-6,-0.6,0.2206713619198468
1710,cwm_pc2,6,0.6,0.2206713619198468
1710,pd_prob_mctavish,10,1,0.02748633611151034
1710,mpd_prob_mctavish,10,1,0.02748633611151034
1711,corrected_richness,10,1,0.02748633611151034
1711,shannon,10,1,0.02748633611151034
1711,inv_simpson,10,1,0.02748633611151034
1711,trait_volume,-10,-1,0.02748633611151034
1711,trait_dispersion,-10,-1,0.02748633611151034
1711,rao_q,-10,-1,0.02748633611151034
1711,feve,10,1,0.02748633611151034
1711,fdiv,4,0.4,0.4624327264504763
1711,fric_prob,-5,-0.5,0.3122163883433193
1711,fdiv_fund,-4,-0.4,0.4624327264504763
1711,feve_fund,-10,-1,0.02748633611151034
1711,fdis_prob,-10,-1,0.02748633611151034
1711,fmpd_prob,-10,-1,0.02748633611151034
1711,raoq_fund,-10,-1,0.02748633611151034
1711,cwm_pc1,-6,-0.6,0.2206713619198468
1711,cwm_pc2,6,0.6,0.2206713619198468
1711,pd_prob_mctavish,10,1,0.02748633611151034
1711,mpd_prob_mctavish,8,0.8,0.08641073297370003
1712,corrected_richness,10,1,0.02748633611151034
1712,shannon,10,1,0.02748633611151034
1712,inv_simpson,10,1,0.02748633611151034
1712,trait_volume,-10,-1,0.02748633611151034
1712,trait_dispersion,-10,-1,0.02748633611151034
1712,rao_q,-10,-1,0.02748633611151034
1712,feve,10,1,0.02748633611151034
1712,fdiv,6,0.6,0.2206713619198468
1712,fric_prob,-6,-0.6,0.2206713619198468
1712,fdiv_fund,-6,-0.6,0.2206713619198468
1712,feve_fund,-10,-1,0.02748633611151034
1712,fdis_prob,-10,-1,0.02748633611151034
1712,fmpd_prob,-10,-1,0.02748633611151034
1712,raoq_fund,-10,-1,0.02748633611151034
1712,cwm_pc1,-4,-0.4,0.4624327264504763
1712,cwm_pc2,4,0.4,0.4624327264504763
1712,pd_prob_mctavish,10,1,0.02748633611151034
1712,mpd_prob_mctavish,8,0.8,0.08641073297370003
1731,corrected_richness,10,1,0.02748633611151034
1731,shannon,10,1,0.02748633611151034
1731,inv_simpson,10,1,0.02748633611151034
1731,trait_volume,-4,-0.4,0.4624327264504763
1731,trait_dispersion,4,0.4,0.4624327264504763
1731,rao_q,0,0,1
1731,feve,10,1,0.02748633611151034
1731,fdiv,0,0,1
1731,fric_prob,0,0,1
1731,fdiv_fund,10,1,0.02748633611151034
1731,feve_fund,-4,-0.4,0.4624327264504763
1731,fdis_prob,-8,-0.8,0.08641073297370003
1731,fmpd_prob,0,0,1
1731,raoq_fund,-6,-0.6,0.2206713619198468
1731,cwm_pc1,-10,-1,0.02748633611151034
1731,cwm_pc2,6,0.6,0.2206713619198468
1731,pd_prob_mctavish,10,1,0.02748633611151034
1731,mpd_prob_mctavish,10,1,0.02748633611151034
1732,corrected_richness,10,1,0.02748633611151034
1732,shannon,10,1,0.02748633611151034
1732,inv_simpson,10,1,0.02748633611151034
1732,trait_volume,-10,-1,0.02748633611151034
1732,trait_dispersion,-10,-1,0.02748633611151034
1732,rao_q,-10,-1,0.02748633611151034
1732,feve,10,1,0.02748633611151034
1732,fdiv,-6,-0.6,0.2206713619198468
1732,fric_prob,0,0,1
1732,fdiv_fund,2,0.2,0.8064959405073402
1732,feve_fund,-10,-1,0.02748633611151034
1732,fdis_prob,-10,-1,0.02748633611151034
1732,fmpd_prob,-10,-1,0.02748633611151034
1732,raoq_fund,-10,-1,0.02748633611151034
1732,cwm_pc1,-10,-1,0.02748633611151034
1732,cwm_pc2,10,1,0.02748633611151034
1732,pd_prob_mctavish,10,1,0.02748633611151034
1732,mpd_prob_mctavish,10,1,0.02748633611151034
1733,corrected_richness,10,1,0.02748633611151034
1733,shannon,10,1,0.02748633611151034
1733,inv_simpson,10,1,0.02748633611151034
1733,trait_volume,2,0.2,0.8064959405073402
1733,trait_dispersion,8,0.8,0.08641073297370003
1733,rao_q,6,0.6,0.2206713619198468
1733,feve,10,1,0.02748633611151034
1733,fdiv,0,0,1
1733,fric_prob,0,0,1
1733,fdiv_fund,6,0.6,0.2206713619198468
1733,feve_fund,-2,-0.2,0.8064959405073402
1733,fdis_prob,8,0.8,0.08641073297370003
1733,fmpd_prob,6,0.6,0.2206713619198468
1733,raoq_fund,8,0.8,0.08641073297370003
1733,cwm_pc1,-10,-1,0.02748633611151034
1733,cwm_pc2,6,0.6,0.2206713619198468
1733,pd_prob_mctavish,10,1,0.02748633611151034
1733,mpd_prob_mctavish,10,1,0.02748633611151034
1734,corrected_richness,10,1,0.02748633611151034
1734,shannon,10,1,0.02748633611151034
1734,inv_simpson,10,1,0.02748633611151034
1734,trait_volume,4,0.4,0.4624327264504763
1734,trait_dispersion,8,0.8,0.08641073297370003
1734,rao_q,6,0.6,0.2206713619198468
1734,feve,10,1,0.02748633611151034
1734,fdiv,-4,-0.4,0.2888443663464849
1734,fric_prob,0,0,1
1734,fdiv_fund,6,0.6,0.2206713619198468
1734,feve_fund,4,0.4,0.4624327264504763
1734,fdis_prob,6,0.6,0.2206713619198468
1734,fmpd_prob,6,0.6,0.2206713619198468
1734,raoq_fund,6,0.6,0.2206713619198468
1734,cwm_pc1,-10,-1,0.02748633611151034
1734,cwm_pc2,6,0.6,0.2206713619198468
1734,pd_prob_mctavish,10,1,0.02748633611151034
1734,mpd_prob_mctavish,10,1,0.02748633611151034
1738,corrected_richness,10,1,0.02748633611151034
1738,shannon,10,1,0.02748633611151034
1738,inv_simpson,10,1,0.02748633611151034
1738,trait_volume,2,0.2,0.8064959405073402
1738,trait_dispersion,8,0.8,0.08641073297370003
1738,rao_q,8,0.8,0.08641073297370003
1738,feve,10,1,0.02748633611151034
1738,fdiv,-8,-0.8,0.08641073297370003
1738,fric_prob,0,0,1
1738,fdiv_fund,8,0.8,0.08641073297370003
1738,feve_fund,-8,-0.8,0.08641073297370003
1738,fdis_prob,8,0.8,0.08641073297370003
1738,fmpd_prob,8,0.8,0.08641073297370003
1738,raoq_fund,8,0.8,0.08641073297370003
1738,cwm_pc1,-10,-1,0.02748633611151034
1738,cwm_pc2,8,0.8,0.08641073297370003
1738,pd_prob_mctavish,10,1,0.02748633611151034
1738,mpd_prob_mctavish,10,1,0.02748633611151034
1739,corrected_richness,10,1,0.02748633611151034
1739,shannon,10,1,0.02748633611151034
1739,inv_simpson,10,1,0.02748633611151034
1739,trait_volume,0,0,1
1739,trait_dispersion,6,0.6,0.2206713619198468
1739,rao_q,4,0.4,0.4624327264504763
1739,feve,10,1,0.02748633611151034
1739,fdiv,0,0,1
1739,fric_prob,0,0,1
1739,fdiv_fund,8,0.8,0.08641073297370003
1739,feve_fund,-8,-0.8,0.08641073297370003
1739,fdis_prob,-2,-0.2,0.8064959405073402
1739,fmpd_prob,4,0.4,0.4624327264504763
1739,raoq_fund,-2,-0.2,0.8064959405073402
1739,cwm_pc1,-10,-1,0.02748633611151034
1739,cwm_pc2,6,0.6,0.2206713619198468
1739,pd_prob_mctavish,10,1,0.02748633611151034
1739,mpd_prob_mctavish,10,1,0.02748633611151034
1743,corrected_richness,10,1,0.02748633611151034
1743,shannon,10,1,0.02748633611151034
1743,inv_simpson,10,1,0.02748633611151034
1743,trait_volume,2,0.2,0.8064959405073402
1743,trait_dispersion,6,0.6,0.2206713619198468
1743,rao_q,6,0.6,0.2206713619198468
1743,feve,10,1,0.02748633611151034
1743,fdiv,-4,-0.4,0.2888443663464849
1743,fric_prob,0,0,1
1743,fdiv_fund,8,0.8,0.08641073297370003
1743,feve_fund,-6,-0.6,0.2206713619198468
1743,fdis_prob,2,0.2,0.8064959405073402
1743,fmpd_prob,4,0.4,0.4624327264504763
1743,raoq_fund,2,0.2,0.8064959405073402
1743,cwm_pc1,-10,-1,0.02748633611151034
1743,cwm_pc2,6,0.6,0.2206713619198468
1743,pd_prob_mctavish,10,1,0.02748633611151034
1743,mpd_prob_mctavish,10,1,0.02748633611151034
1748,corrected_richness,10,1,0.02748633611151034
1748,shannon,10,1,0.02748633611151034
1748,inv_simpson,10,1,0.02748633611151034
1748,trait_volume,2,0.2,0.8064959405073402
1748,trait_dispersion,8,0.8,0.08641073297370003
1748,rao_q,8,0.8,0.08641073297370003
1748,feve,10,1,0.02748633611151034
1748,fdiv,-7,-0.7,0.09609232945567332
1748,fric_prob,0,0,1
1748,fdiv_fund,8,0.8,0.08641073297370003
1748,feve_fund,-8,-0.8,0.08641073297370003
1748,fdis_prob,6,0.6,0.2206713619198468
1748,fmpd_prob,8,0.8,0.08641073297370003
1748,raoq_fund,4,0.4,0.4624327264504763
1748,cwm_pc1,-10,-1,0.02748633611151034
1748,cwm_pc2,6,0.6,0.2206713619198468
1748,pd_prob_mctavish,10,1,0.02748633611151034
1748,mpd_prob_mctavish,10,1,0.02748633611151034
1749,corrected_richness,10,1,0.02748633611151034
1749,shannon,10,1,0.02748633611151034
1749,inv_simpson,10,1,0.02748633611151034
1749,trait_volume,2,0.2,0.8064959405073402
1749,trait_dispersion,8,0.8,0.08641073297370003
1749,rao_q,8,0.8,0.08641073297370003
1749,feve,10,1,0.02748633611151034
1749,fdiv,-6,-0.6,0.2206713619198468
1749,fric_prob,0,0,1
1749,fdiv_fund,8,0.8,0.08641073297370003
1749,feve_fund,-6,-0.6,0.2206713619198468
1749,fdis_prob,6,0.6,0.2206713619198468
1749,fmpd_prob,8,0.8,0.08641073297370003
1749,raoq_fund,6,0.6,0.2206713619198468
1749,cwm_pc1,-10,-1,0.02748633611151034
1749,cwm_pc2,6,0.6,0.2206713619198468
1749,pd_prob_mctavish,10,1,0.02748633611151034
1749,mpd_prob_mctavish,10,1,0.02748633611151034
1753,corrected_richness,10,1,0.02748633611151034
1753,shannon,10,1,0.02748633611151034
1753,inv_simpson,10,1,0.02748633611151034
1753,trait_volume,2,0.2,0.8064959405073402
1753,trait_dispersion,8,0.8,0.08641073297370003
1753,rao_q,8,0.8,0.08641073297370003
1753,feve,10,1,0.02748633611151034
1753,fdiv,-8,-0.8,0.08641073297370003
1753,fric_prob,0,0,1
1753,fdiv_fund,8,0.8,0.08641073297370003
1753,feve_fund,-6,-0.6,0.2206713619198468
1753,fdis_prob,6,0.6,0.2206713619198468
1753,fmpd_prob,8,0.8,0.08641073297370003
1753,raoq_fund,2,0.2,0.8064959405073402
1753,cwm_pc1,-10,-1,0.02748633611151034
1753,cwm_pc2,6,0.6,0.2206713619198468
1753,pd_prob_mctavish,10,1,0.02748633611151034
1753,mpd_prob_mctavish,10,1,0.02748633611151034
1755,corrected_richness,10,1,0.02748633611151034
1755,shannon,10,1,0.02748633611151034
1755,inv_simpson,10,1,0.02748633611151034
1755,trait_volume,0,0,1
1755,trait_dispersion,8,0.8,0.08641073297370003
1755,rao_q,6,0.6,0.2206713619198468
1755,feve,10,1,0.02748633611151034
1755,fdiv,-8,-0.8,0.08641073297370003
1755,fric_prob,0,0,1
1755,fdiv_fund,8,0.8,0.08641073297370003
1755,feve_fund,0,0,1
1755,fdis_prob,4,0.4,0.4624327264504763
1755,fmpd_prob,6,0.6,0.2206713619198468
1755,raoq_fund,2,0.2,0.8064959405073402
1755,cwm_pc1,-10,-1,0.02748633611151034
1755,cwm_pc2,6,0.6,0.2206713619198468
1755,pd_prob_mctavish,10,1,0.02748633611151034
1755,mpd_prob_mctavish,10,1,0.02748633611151034
1756,corrected_richness,10,1,0.02748633611151034
1756,shannon,10,1,0.02748633611151034
1756,inv_simpson,10,1,0.02748633611151034
1756,trait_volume,0,0,1
1756,trait_dispersion,8,0.8,0.08641073297370003
1756,rao_q,6,0.6,0.2206713619198468
1756,feve,8,0.8,0.08641073297370003
1756,fdiv,-8,-0.8,0.08641073297370003
1756,fric_prob,0,0,1
1756,fdiv_fund,8,0.8,0.08641073297370003
1756,feve_fund,0,0,1
1756,fdis_prob,4,0.4,0.4624327264504763
1756,fmpd_prob,6,0.6,0.2206713619198468
1756,raoq_fund,2,0.2,0.8064959405073402
1756,cwm_pc1,-10,-1,0.02748633611151034
1756,cwm_pc2,6,0.6,0.2206713619198468
1756,pd_prob_mctavish,10,1,0.02748633611151034
1756,mpd_prob_mctavish,10,1,0.02748633611151034
1757,corrected_richness,10,1,0.02748633611151034
1757,shannon,10,1,0.02748633611151034
1757,inv_simpson,10,1,0.02748633611151034
1757,trait_volume,-2,-0.2,0.8064959405073402
1757,trait_dispersion,8,0.8,0.08641073297370003
1757,rao_q,6,0.6,0.2206713619198468
1757,feve,8,0.8,0.08641073297370003
1757,fdiv,-8,-0.8,0.08641073297370003
1757,fric_prob,0,0,1
1757,fdiv_fund,8,0.8,0.08641073297370003
1757,feve_fund,-2,-0.2,0.8064959405073402
1757,fdis_prob,4,0.4,0.4624327264504763
1757,fmpd_prob,6,0.6,0.2206713619198468
1757,raoq_fund,-4,-0.4,0.4624327264504763
1757,cwm_pc1,-10,-1,0.02748633611151034
1757,cwm_pc2,6,0.6,0.2206713619198468
1757,pd_prob_mctavish,10,1,0.02748633611151034
1757,mpd_prob_mctavish,10,1,0.02748633611151034
1758,corrected_richness,10,1,0.02748633611151034
1758,shannon,10,1,0.02748633611151034
1758,inv_simpson,10,1,0.02748633611151034
1758,trait_volume,-4,-0.4,0.4624327264504763
1758,trait_dispersion,8,0.8,0.08641073297370003
1758,rao_q,6,0.6,0.2206713619198468
1758,feve,8,0.8,0.08641073297370003
1758,fdiv,-8,-0.8,0.08641073297370003
1758,fric_prob,0,0,1
1758,fdiv_fund,6,0.6,0.2206713619198468
1758,feve_fund,-2,-0.2,0.8064959405073402
1758,fdis_prob,4,0.4,0.4624327264504763
1758,fmpd_prob,4,0.4,0.4624327264504763
1758,raoq_fund,-2,-0.2,0.8064959405073402
1758,cwm_pc1,-10,-1,0.02748633611151034
1758,cwm_pc2,6,0.6,0.2206713619198468
1758,pd_prob_mctavish,10,1,0.02748633611151034
1758,mpd_prob_mctavish,10,1,0.02748633611151034
1759,corrected_richness,10,1,0.02748633611151034
1759,shannon,10,1,0.02748633611151034
1759,inv_simpson,10,1,0.02748633611151034
1759,trait_volume,-8,-0.8,0.08641073297370003
1759,trait_dispersion,8,0.8,0.08641073297370003
1759,rao_q,4,0.4,0.4624327264504763
1759,feve,6,0.6,0.2206713619198468
1759,fdiv,-8,-0.8,0.08641073297370003
1759,fric_prob,0,0,1
1759,fdiv_fund,6,0.6,0.2206713619198468
1759,feve_fund,-4,-0.4,0.4624327264504763
1759,fdis_prob,4,0.4,0.4624327264504763
1759,fmpd_prob,4,0.4,0.4624327264504763
1759,raoq_fund,-4,-0.4,0.4624327264504763
1759,cwm_pc1,-10,-1,0.02748633611151034
1759,cwm_pc2,6,0.6,0.2206713619198468
1759,pd_prob_mctavish,10,1,0.02748633611151034
1759,mpd_prob_mctavish,10,1,0.02748633611151034
1760,corrected_richness,10,1,0.02748633611151034
1760,shannon,10,1,0.02748633611151034
1760,inv_simpson,10,1,0.02748633611151034
1760,trait_volume,-8,-0.8,0.08641073297370003
1760,trait_dispersion,8,0.8,0.08641073297370003
1760,rao_q,0,0,1
1760,feve,2,0.2,0.8064959405073402
1760,fdiv,-10,-1,0.02748633611151034
1760,fric_prob,0,0,1
1760,fdiv_fund,4,0.4,0.4624327264504763
1760,feve_fund,-4,-0.4,0.4624327264504763
1760,fdis_prob,4,0.4,0.4624327264504763
1760,fmpd_prob,0,0,1
1760,raoq_fund,-4,-0.4,0.4624327264504763
1760,cwm_pc1,-10,-1,0.02748633611151034
1760,cwm_pc2,6,0.6,0.2206713619198468
1760,pd_prob_mctavish,10,1,0.02748633611151034
1760,mpd_prob_mctavish,10,1,0.02748633611151034
1761,corrected_richness,10,1,0.02748633611151034
1761,shannon,10,1,0.02748633611151034
1761,inv_simpson,10,1,0.02748633611151034
1761,trait_volume,-8,-0.8,0.08641073297370003
1761,trait_dispersion,8,0.8,0.08641073297370003
1761,rao_q,-2,-0.2,0.8064959405073402
1761,feve,0,0,1
1761,fdiv,-10,-1,0.02748633611151034
1761,fric_prob,0,0,1
1761,fdiv_fund,4,0.4,0.4624327264504763
1761,feve_fund,-4,-0.4,0.4624327264504763
1761,fdis_prob,2,0.2,0.8064959405073402
1761,fmpd_prob,-2,-0.2,0.8064959405073402
1761,raoq_fund,-8,-0.8,0.08641073297370003
1761,cwm_pc1,-10,-1,0.02748633611151034
1761,cwm_pc2,6,0.6,0.2206713619198468
1761,pd_prob_mctavish,10,1,0.02748633611151034
1761,mpd_prob_mctavish,10,1,0.02748633611151034
1762,corrected_richness,10,1,0.02748633611151034
1762,shannon,10,1,0.02748633611151034
1762,inv_simpson,10,1,0.02748633611151034
1762,trait_volume,-8,-0.8,0.08641073297370003
1762,trait_dispersion,6,0.6,0.2206713619198468
1762,rao_q,-4,-0.4,0.4624327264504763
1762,feve,0,0,1
1762,fdiv,-10,-1,0.02748633611151034
1762,fric_prob,0,0,1
1762,fdiv_fund,-2,-0.2,0.8064959405073402
1762,feve_fund,-2,-0.2,0.8064959405073402
1762,fdis_prob,-2,-0.2,0.8064959405073402
1762,fmpd_prob,-6,-0.6,0.2206713619198468
1762,raoq_fund,-10,-1,0.02748633611151034
1762,cwm_pc1,-10,-1,0.02748633611151034
1762,cwm_pc2,6,0.6,0.2206713619198468
1762,pd_prob_mctavish,10,1,0.02748633611151034
1762,mpd_prob_mctavish,10,1,0.02748633611151034
1764,corrected_richness,10,1,0.02748633611151034
1764,shannon,10,1,0.02748633611151034
1764,inv_simpson,10,1,0.02748633611151034
1764,trait_volume,-8,-0.8,0.08641073297370003
1764,trait_dispersion,6,0.6,0.2206713619198468
1764,rao_q,-8,-0.8,0.08641073297370003
1764,feve,2,0.2,0.8064959405073402
1764,fdiv,-8,-0.8,0.08641073297370003
1764,fric_prob,0,0,1
1764,fdiv_fund,-8,-0.8,0.08641073297370003
1764,feve_fund,-4,-0.4,0.4624327264504763
1764,fdis_prob,-4,-0.4,0.4624327264504763
1764,fmpd_prob,-8,-0.8,0.08641073297370003
1764,raoq_fund,-10,-1,0.02748633611151034
1764,cwm_pc1,-8,-0.8,0.08641073297370003
1764,cwm_pc2,4,0.4,0.4624327264504763
1764,pd_prob_mctavish,10,1,0.02748633611151034
1764,mpd_prob_mctavish,8,0.8,0.08641073297370003
1765,corrected_richness,10,1,0.02748633611151034
1765,shannon,10,1,0.02748633611151034
1765,inv_simpson,10,1,0.02748633611151034
1765,trait_volume,-8,-0.8,0.08641073297370003
1765,trait_dispersion,6,0.6,0.2206713619198468
1765,rao_q,-8,-0.8,0.08641073297370003
1765,feve,6,0.6,0.2206713619198468
1765,fdiv,-8,-0.8,0.08641073297370003
1765,fric_prob,-2,-0.2,0.7236736098317631
1765,fdiv_fund,-6,-0.6,0.2206713619198468
1765,feve_fund,-6,-0.6,0.2206713619198468
1765,fdis_prob,-6,-0.6,0.2206713619198468
1765,fmpd_prob,-8,-0.8,0.08641073297370003
1765,raoq_fund,-10,-1,0.02748633611151034
1765,cwm_pc1,-8,-0.8,0.08641073297370003
1765,cwm_pc2,4,0.4,0.4624327264504763
1765,pd_prob_mctavish,10,1,0.02748633611151034
1765,mpd_prob_mctavish,8,0.8,0.08641073297370003
1766,corrected_richness,10,1,0.02748633611151034
1766,shannon,10,1,0.02748633611151034
1766,inv_simpson,10,1,0.02748633611151034
1766,trait_volume,-8,-0.8,0.08641073297370003
1766,trait_dispersion,2,0.2,0.8064959405073402
1766,rao_q,-10,-1,0.02748633611151034
1766,feve,10,1,0.02748633611151034
1766,fdiv,-8,-0.8,0.08641073297370003
1766,fric_prob,3,0.3,0.5790997419539188
1766,fdiv_fund,-8,-0.8,0.08641073297370003
1766,feve_fund,-8,-0.8,0.08641073297370003
1766,fdis_prob,-8,-0.8,0.08641073297370003
1766,fmpd_prob,-10,-1,0.02748633611151034
1766,raoq_fund,-8,-0.8,0.08641073297370003
1766,cwm_pc1,-8,-0.8,0.08641073297370003
1766,cwm_pc2,4,0.4,0.4624327264504763
1766,pd_prob_mctavish,10,1,0.02748633611151034
1766,mpd_prob_mctavish,8,0.8,0.08641073297370003
1767,corrected_richness,10,1,0.02748633611151034
1767,shannon,10,1,0.02748633611151034
1767,inv_simpson,10,1,0.02748633611151034
1767,trait_volume,-8,-0.8,0.08641073297370003
1767,trait_dispersion,-2,-0.2,0.8064959405073402
1767,rao_q,-10,-1,0.02748633611151034
1767,feve,10,1,0.02748633611151034
1767,fdiv,-8,-0.8,0.08641073297370003
1767,fric_prob,6,0.6,0.2206713619198468
1767,fdiv_fund,-6,-0.6,0.2206713619198468
1767,feve_fund,-6,-0.6,0.2206713619198468
1767,fdis_prob,-6,-0.6,0.2206713619198468
1767,fmpd_prob,-10,-1,0.02748633611151034
1767,raoq_fund,-8,-0.8,0.08641073297370003
1767,cwm_pc1,-8,-0.8,0.08641073297370003
1767,cwm_pc2,4,0.4,0.4624327264504763
1767,pd_prob_mctavish,10,1,0.02748633611151034
1767,mpd_prob_mctavish,6,0.6,0.2206713619198468
1769,corrected_richness,10,1,0.02748633611151034
1769,shannon,10,1,0.02748633611151034
1769,inv_simpson,10,1,0.02748633611151034
1769,trait_volume,-10,-1,0.02748633611151034
1769,trait_dispersion,-2,-0.2,0.8064959405073402
1769,rao_q,-10,-1,0.02748633611151034
1769,feve,10,1,0.02748633611151034
1769,fdiv,-8,-0.8,0.08641073297370003
1769,fric_prob,0,0,1
1769,fdiv_fund,-2,-0.2,0.8064959405073402
1769,feve_fund,-10,-1,0.02748633611151034
1769,fdis_prob,0,0,1
1769,fmpd_prob,-10,-1,0.02748633611151034
1769,raoq_fund,-8,-0.8,0.08641073297370003
1769,cwm_pc1,-8,-0.8,0.08641073297370003
1769,cwm_pc2,4,0.4,0.4624327264504763
1769,pd_prob_mctavish,10,1,0.02748633611151034
1769,mpd_prob_mctavish,8,0.8,0.08641073297370003
1770,corrected_richness,10,1,0.02748633611151034
1770,shannon,10,1,0.02748633611151034
1770,inv_simpson,10,1,0.02748633611151034
1770,trait_volume,-10,-1,0.02748633611151034
1770,trait_dispersion,-4,-0.4,0.4624327264504763
1770,rao_q,-10,-1,0.02748633611151034
1770,feve,10,1,0.02748633611151034
1770,fdiv,-8,-0.8,0.08641073297370003
1770,fric_prob,-2,-0.2,0.8064959405073402
1770,fdiv_fund,-4,-0.4,0.4624327264504763
1770,feve_fund,-10,-1,0.02748633611151034
1770,fdis_prob,-2,-0.2,0.8064959405073402
1770,fmpd_prob,-10,-1,0.02748633611151034
1770,raoq_fund,-8,-0.8,0.08641073297370003
1770,cwm_pc1,-8,-0.8,0.08641073297370003
1770,cwm_pc2,4,0.4,0.4624327264504763
1770,pd_prob_mctavish,10,1,0.02748633611151034
1770,mpd_prob_mctavish,8,0.8,0.08641073297370003
1772,corrected_richness,10,1,0.02748633611151034
1772,shannon,10,1,0.02748633611151034
1772,inv_simpson,10,1,0.02748633611151034
1772,trait_volume,-10,-1,0.02748633611151034
1772,trait_dispersion,-4,-0.4,0.4624327264504763
1772,rao_q,-10,-1,0.02748633611151034
1772,feve,10,1,0.02748633611151034
1772,fdiv,-6,-0.6,0.2206713619198468
1772,fric_prob,-4,-0.4,0.4624327264504763
1772,fdiv_fund,4,0.4,0.4624327264504763
1772,feve_fund,-10,-1,0.02748633611151034
1772,fdis_prob,-2,-0.2,0.8064959405073402
1772,fmpd_prob,-10,-1,0.02748633611151034
1772,raoq_fund,-8,-0.8,0.08641073297370003
1772,cwm_pc1,-8,-0.8,0.08641073297370003
1772,cwm_pc2,4,0.4,0.4624327264504763
1772,pd_prob_mctavish,10,1,0.02748633611151034
1772,mpd_prob_mctavish,8,0.8,0.08641073297370003
1773,corrected_richness,10,1,0.02748633611151034
1773,shannon,10,1,0.02748633611151034
1773,inv_simpson,10,1,0.02748633611151034
1773,trait_volume,-10,-1,0.02748633611151034
1773,trait_dispersion,-6,-0.6,0.2206713619198468
1773,rao_q,-10,-1,0.02748633611151034
1773,feve,10,1,0.02748633611151034
1773,fdiv,-6,-0.6,0.2206713619198468
1773,fric_prob,-6,-0.6,0.2206713619198468
1773,fdiv_fund,4,0.4,0.4624327264504763
1773,feve_fund,-10,-1,0.02748633611151034
1773,fdis_prob,-2,-0.2,0.8064959405073402
1773,fmpd_prob,-10,-1,0.02748633611151034
1773,raoq_fund,-6,-0.6,0.2206713619198468
1773,cwm_pc1,-8,-0.8,0.08641073297370003
1773,cwm_pc2,4,0.4,0.4624327264504763
1773,pd_prob_mctavish,10,1,0.02748633611151034
1773,mpd_prob_mctavish,8,0.8,0.08641073297370003
1774,corrected_richness,10,1,0.02748633611151034
1774,shannon,10,1,0.02748633611151034
1774,inv_simpson,10,1,0.02748633611151034
1774,trait_volume,-10,-1,0.02748633611151034
1774,trait_dispersion,-6,-0.6,0.2206713619198468
1774,rao_q,-10,-1,0.02748633611151034
1774,feve,10,1,0.02748633611151034
1774,fdiv,-6,-0.6,0.2206713619198468
1774,fric_prob,-6,-0.6,0.2206713619198468
1774,fdiv_fund,4,0.4,0.4624327264504763
1774,feve_fund,-10,-1,0.02748633611151034
1774,fdis_prob,-4,-0.4,0.4624327264504763
1774,fmpd_prob,-10,-1,0.02748633611151034
1774,raoq_fund,-8,-0.8,0.08641073297370003
1774,cwm_pc1,-8,-0.8,0.08641073297370003
1774,cwm_pc2,4,0.4,0.4624327264504763
1774,pd_prob_mctavish,10,1,0.02748633611151034
1774,mpd_prob_mctavish,10,1,0.02748633611151034
1775,corrected_richness,10,1,0.02748633611151034
1775,shannon,10,1,0.02748633611151034
1775,inv_simpson,10,1,0.02748633611151034
1775,trait_volume,-10,-1,0.02748633611151034
1775,trait_dispersion,-6,-0.6,0.2206713619198468
1775,rao_q,-10,-1,0.02748633611151034
1775,feve,10,1,0.02748633611151034
1775,fdiv,-4,-0.4,0.4624327264504763
1775,fric_prob,-6,-0.6,0.2206713619198468
1775,fdiv_fund,2,0.2,0.8064959405073402
1775,feve_fund,-10,-1,0.02748633611151034
1775,fdis_prob,-6,-0.6,0.2206713619198468
1775,fmpd_prob,-10,-1,0.02748633611151034
1775,raoq_fund,-10,-1,0.02748633611151034
1775,cwm_pc1,-8,-0.8,0.08641073297370003
1775,cwm_pc2,4,0.4,0.4624327264504763
1775,pd_prob_mctavish,10,1,0.02748633611151034
1775,mpd_prob_mctavish,10,1,0.02748633611151034
1776,corrected_richness,10,1,0.02748633611151034
1776,shannon,10,1,0.02748633611151034
1776,inv_simpson,10,1,0.02748633611151034
1776,trait_volume,-10,-1,0.02748633611151034
1776,trait_dispersion,-6,-0.6,0.2206713619198468
1776,rao_q,-10,-1,0.02748633611151034
1776,feve,10,1,0.02748633611151034
1776,fdiv,-4,-0.4,0.4624327264504763
1776,fric_prob,-4,-0.4,0.4624327264504763
1776,fdiv_fund,4,0.4,0.4624327264504763
1776,feve_fund,-10,-1,0.02748633611151034
1776,fdis_prob,-2,-0.2,0.8064959405073402
1776,fmpd_prob,-10,-1,0.02748633611151034
1776,raoq_fund,-8,-0.8,0.08641073297370003
1776,cwm_pc1,-8,-0.8,0.08641073297370003
1776,cwm_pc2,6,0.6,0.2206713619198468
1776,pd_prob_mctavish,10,1,0.02748633611151034
1776,mpd_prob_mctavish,10,1,0.02748633611151034
1777,corrected_richness,10,1,0.02748633611151034
1777,shannon,10,1,0.02748633611151034
1777,inv_simpson,10,1,0.02748633611151034
1777,trait_volume,-10,-1,0.02748633611151034
1777,trait_dispersion,-8,-0.8,0.08641073297370003
1777,rao_q,-10,-1,0.02748633611151034
1777,feve,10,1,0.02748633611151034
1777,fdiv,-4,-0.4,0.4624327264504763
1777,fric_prob,-4,-0.4,0.4624327264504763
1777,fdiv_fund,4,0.4,0.4624327264504763
1777,feve_fund,-10,-1,0.02748633611151034
1777,fdis_prob,-2,-0.2,0.8064959405073402
1777,fmpd_prob,-10,-1,0.02748633611151034
1777,raoq_fund,-8,-0.8,0.08641073297370003
1777,cwm_pc1,-8,-0.8,0.08641073297370003
1777,cwm_pc2,8,0.8,0.08641073297370003
1777,pd_prob_mctavish,10,1,0.02748633611151034
1777,mpd_prob_mctavish,10,1,0.02748633611151034
1778,corrected_richness,10,1,0.02748633611151034
1778,shannon,10,1,0.02748633611151034
1778,inv_simpson,10,1,0.02748633611151034
1778,trait_volume,-10,-1,0.02748633611151034
1778,trait_dispersion,-8,-0.8,0.08641073297370003
1778,rao_q,-10,-1,0.02748633611151034
1778,feve,10,1,0.02748633611151034
1778,fdiv,-4,-0.4,0.4624327264504763
1778,fric_prob,-4,-0.4,0.4624327264504763
1778,fdiv_fund,2,0.2,0.8064959405073402
1778,feve_fund,-10,-1,0.02748633611151034
1778,fdis_prob,-2,-0.2,0.8064959405073402
1778,fmpd_prob,-10,-1,0.02748633611151034
1778,raoq_fund,-8,-0.8,0.08641073297370003
1778,cwm_pc1,-8,-0.8,0.08641073297370003
1778,cwm_pc2,8,0.8,0.08641073297370003
1778,pd_prob_mctavish,10,1,0.02748633611151034
1778,mpd_prob_mctavish,10,1,0.02748633611151034
1779,corrected_richness,10,1,0.02748633611151034
1779,shannon,10,1,0.02748633611151034
1779,inv_simpson,10,1,0.02748633611151034
1779,trait_volume,-10,-1,0.02748633611151034
1779,trait_dispersion,-8,-0.8,0.08641073297370003
1779,rao_q,-10,-1,0.02748633611151034
1779,feve,10,1,0.02748633611151034
1779,fdiv,-4,-0.4,0.4624327264504763
1779,fric_prob,-4,-0.4,0.4624327264504763
1779,fdiv_fund,2,0.2,0.8064959405073402
1779,feve_fund,-10,-1,0.02748633611151034
1779,fdis_prob,-2,-0.2,0.8064959405073402
1779,fmpd_prob,-10,-1,0.02748633611151034
1779,raoq_fund,-8,-0.8,0.08641073297370003
1779,cwm_pc1,-8,-0.8,0.08641073297370003
1779,cwm_pc2,8,0.8,0.08641073297370003
1779,pd_prob_mctavish,10,1,0.02748633611151034
1779,mpd_prob_mctavish,10,1,0.02748633611151034
1782,corrected_richness,10,1,0.02748633611151034
1782,shannon,10,1,0.02748633611151034
1782,inv_simpson,10,1,0.02748633611151034
1782,trait_volume,-10,-1,0.02748633611151034
1782,trait_dispersion,-10,-1,0.02748633611151034
1782,rao_q,-10,-1,0.02748633611151034
1782,feve,10,1,0.02748633611151034
1782,fdiv,4,0.4,0.4624327264504763
1782,fric_prob,-4,-0.4,0.4624327264504763
1782,fdiv_fund,2,0.2,0.8064959405073402
1782,feve_fund,-10,-1,0.02748633611151034
1782,fdis_prob,-6,-0.6,0.2206713619198468
1782,fmpd_prob,-10,-1,0.02748633611151034
1782,raoq_fund,-8,-0.8,0.08641073297370003
1782,cwm_pc1,-6,-0.6,0.2206713619198468
1782,cwm_pc2,8,0.8,0.08641073297370003
1782,pd_prob_mctavish,10,1,0.02748633611151034
1782,mpd_prob_mctavish,10,1,0.02748633611151034
1783,corrected_richness,10,1,0.02748633611151034
1783,shannon,10,1,0.02748633611151034
1783,inv_simpson,10,1,0.02748633611151034
1783,trait_volume,-10,-1,0.02748633611151034
1783,trait_dispersion,-10,-1,0.02748633611151034
1783,rao_q,-10,-1,0.02748633611151034
1783,feve,10,1,0.02748633611151034
1783,fdiv,4,0.4,0.4624327264504763
1783,fric_prob,-4,-0.4,0.4624327264504763
1783,fdiv_fund,4,0.4,0.4624327264504763
1783,feve_fund,-10,-1,0.02748633611151034
1783,fdis_prob,-8,-0.8,0.08641073297370003
1783,fmpd_prob,-10,-1,0.02748633611151034
1783,raoq_fund,-8,-0.8,0.08641073297370003
1783,cwm_pc1,-6,-0.6,0.2206713619198468
1783,cwm_pc2,8,0.8,0.08641073297370003
1783,pd_prob_mctavish,10,1,0.02748633611151034
1783,mpd_prob_mctavish,10,1,0.02748633611151034
1803,corrected_richness,10,1,0.02748633611151034
1803,shannon,10,1,0.02748633611151034
1803,inv_simpson,10,1,0.02748633611151034
1803,trait_volume,-4,-0.4,0.4624327264504763
1803,trait_dispersion,4,0.4,0.4624327264504763
1803,rao_q,0,0,1
1803,feve,10,1,0.02748633611151034
1803,fdiv,0,0,1
1803,fric_prob,0,0,1
1803,fdiv_fund,10,1,0.02748633611151034
1803,feve_fund,-4,-0.4,0.4624327264504763
1803,fdis_prob,-8,-0.8,0.08641073297370003
1803,fmpd_prob,0,0,1
1803,raoq_fund,-8,-0.8,0.08641073297370003
1803,cwm_pc1,-10,-1,0.02748633611151034
1803,cwm_pc2,6,0.6,0.2206713619198468
1803,pd_prob_mctavish,10,1,0.02748633611151034
1803,mpd_prob_mctavish,10,1,0.02748633611151034
1804,corrected_richness,10,1,0.02748633611151034
1804,shannon,10,1,0.02748633611151034
1804,inv_simpson,10,1,0.02748633611151034
1804,trait_volume,-4,-0.4,0.4624327264504763
1804,trait_dispersion,6,0.6,0.2206713619198468
1804,rao_q,0,0,1
1804,feve,10,1,0.02748633611151034
1804,fdiv,0,0,1
1804,fric_prob,0,0,1
1804,fdiv_fund,10,1,0.02748633611151034
1804,feve_fund,-4,-0.4,0.4624327264504763
1804,fdis_prob,-6,-0.6,0.2206713619198468
1804,fmpd_prob,0,0,1
1804,raoq_fund,-8,-0.8,0.08641073297370003
1804,cwm_pc1,-10,-1,0.02748633611151034
1804,cwm_pc2,6,0.6,0.2206713619198468
1804,pd_prob_mctavish,10,1,0.02748633611151034
1804,mpd_prob_mctavish,10,1,0.02748633611151034
1805,corrected_richness,10,1,0.02748633611151034
1805,shannon,10,1,0.02748633611151034
1805,inv_simpson,10,1,0.02748633611151034
1805,trait_volume,-4,-0.4,0.4624327264504763
1805,trait_dispersion,6,0.6,0.2206713619198468
1805,rao_q,2,0.2,0.8064959405073402
1805,feve,10,1,0.02748633611151034
1805,fdiv,0,0,1
1805,fric_prob,0,0,1
1805,fdiv_fund,10,1,0.02748633611151034
1805,feve_fund,-2,-0.2,0.8064959405073402
1805,fdis_prob,-6,-0.6,0.2206713619198468
1805,fmpd_prob,0,0,1
1805,raoq_fund,-6,-0.6,0.2206713619198468
1805,cwm_pc1,-10,-1,0.02748633611151034
1805,cwm_pc2,6,0.6,0.2206713619198468
1805,pd_prob_mctavish,10,1,0.02748633611151034
1805,mpd_prob_mctavish,10,1,0.02748633611151034
1806,corrected_richness,10,1,0.02748633611151034
1806,shannon,10,1,0.02748633611151034
1806,inv_simpson,10,1,0.02748633611151034
1806,trait_volume,-2,-0.2,0.8064959405073402
1806,trait_dispersion,6,0.6,0.2206713619198468
1806,rao_q,2,0.2,0.8064959405073402
1806,feve,10,1,0.02748633611151034
1806,fdiv,0,0,1
1806,fric_prob,0,0,1
1806,fdiv_fund,8,0.8,0.08641073297370003
1806,feve_fund,-2,-0.2,0.8064959405073402
1806,fdis_prob,-2,-0.2,0.8064959405073402
1806,fmpd_prob,2,0.2,0.8064959405073402
1806,raoq_fund,-6,-0.6,0.2206713619198468
1806,cwm_pc1,-10,-1,0.02748633611151034
1806,cwm_pc2,6,0.6,0.2206713619198468
1806,pd_prob_mctavish,10,1,0.02748633611151034
1806,mpd_prob_mctavish,10,1,0.02748633611151034
1807,corrected_richness,10,1,0.02748633611151034
1807,shannon,10,1,0.02748633611151034
1807,inv_simpson,10,1,0.02748633611151034
1807,trait_volume,0,0,1
1807,trait_dispersion,6,0.6,0.2206713619198468
1807,rao_q,4,0.4,0.4624327264504763
1807,feve,10,1,0.02748633611151034
1807,fdiv,0,0,1
1807,fric_prob,0,0,1
1807,fdiv_fund,8,0.8,0.08641073297370003
1807,feve_fund,-2,-0.2,0.8064959405073402
1807,fdis_prob,-2,-0.2,0.8064959405073402
1807,fmpd_prob,4,0.4,0.4624327264504763
1807,raoq_fund,-6,-0.6,0.2206713619198468
1807,cwm_pc1,-10,-1,0.02748633611151034
1807,cwm_pc2,6,0.6,0.2206713619198468
1807,pd_prob_mctavish,10,1,0.02748633611151034
1807,mpd_prob_mctavish,10,1,0.02748633611151034
1809,corrected_richness,10,1,0.02748633611151034
1809,shannon,10,1,0.02748633611151034
1809,inv_simpson,10,1,0.02748633611151034
1809,trait_volume,0,0,1
1809,trait_dispersion,6,0.6,0.2206713619198468
1809,rao_q,4,0.4,0.4624327264504763
1809,feve,10,1,0.02748633611151034
1809,fdiv,0,0,1
1809,fric_prob,0,0,1
1809,fdiv_fund,8,0.8,0.08641073297370003
1809,feve_fund,-6,-0.6,0.2206713619198468
1809,fdis_prob,-2,-0.2,0.8064959405073402
1809,fmpd_prob,4,0.4,0.4624327264504763
1809,raoq_fund,0,0,1
1809,cwm_pc1,-10,-1,0.02748633611151034
1809,cwm_pc2,6,0.6,0.2206713619198468
1809,pd_prob_mctavish,10,1,0.02748633611151034
1809,mpd_prob_mctavish,10,1,0.02748633611151034
1815,corrected_richness,10,1,0.02748633611151034
1815,shannon,10,1,0.02748633611151034
1815,inv_simpson,10,1,0.02748633611151034
1815,trait_volume,2,0.2,0.8064959405073402
1815,trait_dispersion,6,0.6,0.2206713619198468
1815,rao_q,6,0.6,0.2206713619198468
1815,feve,10,1,0.02748633611151034
1815,fdiv,-4,-0.4,0.2888443663464849
1815,fric_prob,0,0,1
1815,fdiv_fund,8,0.8,0.08641073297370003
1815,feve_fund,-8,-0.8,0.08641073297370003
1815,fdis_prob,4,0.4,0.4624327264504763
1815,fmpd_prob,6,0.6,0.2206713619198468
1815,raoq_fund,2,0.2,0.8064959405073402
1815,cwm_pc1,-10,-1,0.02748633611151034
1815,cwm_pc2,6,0.6,0.2206713619198468
1815,pd_prob_mctavish,10,1,0.02748633611151034
1815,mpd_prob_mctavish,10,1,0.02748633611151034
1816,corrected_richness,10,1,0.02748633611151034
1816,shannon,10,1,0.02748633611151034
1816,inv_simpson,10,1,0.02748633611151034
1816,trait_volume,2,0.2,0.8064959405073402
1816,trait_dispersion,8,0.8,0.08641073297370003
1816,rao_q,6,0.6,0.2206713619198468
1816,feve,10,1,0.02748633611151034
1816,fdiv,-4,-0.4,0.2888443663464849
1816,fric_prob,0,0,1
1816,fdiv_fund,8,0.8,0.08641073297370003
1816,feve_fund,-8,-0.8,0.08641073297370003
1816,fdis_prob,4,0.4,0.4624327264504763
1816,fmpd_prob,6,0.6,0.2206713619198468
1816,raoq_fund,2,0.2,0.8064959405073402
1816,cwm_pc1,-10,-1,0.02748633611151034
1816,cwm_pc2,6,0.6,0.2206713619198468
1816,pd_prob_mctavish,10,1,0.02748633611151034
1816,mpd_prob_mctavish,10,1,0.02748633611151034
1819,corrected_richness,10,1,0.02748633611151034
1819,shannon,10,1,0.02748633611151034
1819,inv_simpson,10,1,0.02748633611151034
1819,trait_volume,2,0.2,0.8064959405073402
1819,trait_dispersion,8,0.8,0.08641073297370003
1819,rao_q,8,0.8,0.08641073297370003
1819,feve,10,1,0.02748633611151034
1819,fdiv,-7,-0.7,0.09609232945567332
1819,fric_prob,0,0,1
1819,fdiv_fund,8,0.8,0.08641073297370003
1819,feve_fund,-8,-0.8,0.08641073297370003
1819,fdis_prob,6,0.6,0.2206713619198468
1819,fmpd_prob,8,0.8,0.08641073297370003
1819,raoq_fund,6,0.6,0.2206713619198468
1819,cwm_pc1,-10,-1,0.02748633611151034
1819,cwm_pc2,6,0.6,0.2206713619198468
1819,pd_prob_mctavish,10,1,0.02748633611151034
1819,mpd_prob_mctavish,10,1,0.02748633611151034
1820,corrected_richness,10,1,0.02748633611151034
1820,shannon,10,1,0.02748633611151034
1820,inv_simpson,10,1,0.02748633611151034
1820,trait_volume,2,0.2,0.8064959405073402
1820,trait_dispersion,8,0.8,0.08641073297370003
1820,rao_q,8,0.8,0.08641073297370003
1820,feve,10,1,0.02748633611151034
1820,fdiv,-7,-0.7,0.09609232945567332
1820,fric_prob,0,0,1
1820,fdiv_fund,8,0.8,0.08641073297370003
1820,feve_fund,-8,-0.8,0.08641073297370003
1820,fdis_prob,6,0.6,0.2206713619198468
1820,fmpd_prob,8,0.8,0.08641073297370003
1820,raoq_fund,6,0.6,0.2206713619198468
1820,cwm_pc1,-10,-1,0.02748633611151034
1820,cwm_pc2,6,0.6,0.2206713619198468
1820,pd_prob_mctavish,10,1,0.02748633611151034
1820,mpd_prob_mctavish,10,1,0.02748633611151034
1821,corrected_richness,10,1,0.02748633611151034
1821,shannon,10,1,0.02748633611151034
1821,inv_simpson,10,1,0.02748633611151034
1821,trait_volume,2,0.2,0.8064959405073402
1821,trait_dispersion,8,0.8,0.08641073297370003
1821,rao_q,8,0.8,0.08641073297370003
1821,feve,10,1,0.02748633611151034
1821,fdiv,-7,-0.7,0.09609232945567332
1821,fric_prob,0,0,1
1821,fdiv_fund,8,0.8,0.08641073297370003
1821,feve_fund,-8,-0.8,0.08641073297370003
1821,fdis_prob,6,0.6,0.2206713619198468
1821,fmpd_prob,8,0.8,0.08641073297370003
1821,raoq_fund,4,0.4,0.4624327264504763
1821,cwm_pc1,-10,-1,0.02748633611151034
1821,cwm_pc2,6,0.6,0.2206713619198468
1821,pd_prob_mctavish,10,1,0.02748633611151034
1821,mpd_prob_mctavish,10,1,0.02748633611151034
1823,corrected_richness,10,1,0.02748633611151034
1823,shannon,10,1,0.02748633611151034
1823,inv_simpson,10,1,0.02748633611151034
1823,trait_volume,2,0.2,0.8064959405073402
1823,trait_dispersion,8,0.8,0.08641073297370003
1823,rao_q,8,0.8,0.08641073297370003
1823,feve,10,1,0.02748633611151034
1823,fdiv,-8,-0.8,0.08641073297370003
1823,fric_prob,0,0,1
1823,fdiv_fund,8,0.8,0.08641073297370003
1823,feve_fund,-6,-0.6,0.2206713619198468
1823,fdis_prob,6,0.6,0.2206713619198468
1823,fmpd_prob,8,0.8,0.08641073297370003
1823,raoq_fund,6,0.6,0.2206713619198468
1823,cwm_pc1,-10,-1,0.02748633611151034
1823,cwm_pc2,6,0.6,0.2206713619198468
1823,pd_prob_mctavish,10,1,0.02748633611151034
1823,mpd_prob_mctavish,10,1,0.02748633611151034
1824,corrected_richness,10,1,0.02748633611151034
1824,shannon,10,1,0.02748633611151034
1824,inv_simpson,10,1,0.02748633611151034
1824,trait_volume,2,0.2,0.8064959405073402
1824,trait_dispersion,8,0.8,0.08641073297370003
1824,rao_q,8,0.8,0.08641073297370003
1824,feve,10,1,0.02748633611151034
1824,fdiv,-8,-0.8,0.08641073297370003
1824,fric_prob,0,0,1
1824,fdiv_fund,6,0.6,0.2206713619198468
1824,feve_fund,-6,-0.6,0.2206713619198468
1824,fdis_prob,6,0.6,0.2206713619198468
1824,fmpd_prob,8,0.8,0.08641073297370003
1824,raoq_fund,4,0.4,0.4624327264504763
1824,cwm_pc1,-10,-1,0.02748633611151034
1824,cwm_pc2,6,0.6,0.2206713619198468
1824,pd_prob_mctavish,10,1,0.02748633611151034
1824,mpd_prob_mctavish,10,1,0.02748633611151034
1825,corrected_richness,10,1,0.02748633611151034
1825,shannon,10,1,0.02748633611151034
1825,inv_simpson,10,1,0.02748633611151034
1825,trait_volume,2,0.2,0.8064959405073402
1825,trait_dispersion,8,0.8,0.08641073297370003
1825,rao_q,8,0.8,0.08641073297370003
1825,feve,10,1,0.02748633611151034
1825,fdiv,-8,-0.8,0.08641073297370003
1825,fric_prob,0,0,1
1825,fdiv_fund,6,0.6,0.2206713619198468
1825,feve_fund,-6,-0.6,0.2206713619198468
1825,fdis_prob,6,0.6,0.2206713619198468
1825,fmpd_prob,8,0.8,0.08641073297370003
1825,raoq_fund,4,0.4,0.4624327264504763
1825,cwm_pc1,-10,-1,0.02748633611151034
1825,cwm_pc2,6,0.6,0.2206713619198468
1825,pd_prob_mctavish,10,1,0.02748633611151034
1825,mpd_prob_mctavish,10,1,0.02748633611151034
1826,corrected_richness,10,1,0.02748633611151034
1826,shannon,10,1,0.02748633611151034
1826,inv_simpson,10,1,0.02748633611151034
1826,trait_volume,2,0.2,0.8064959405073402
1826,trait_dispersion,8,0.8,0.08641073297370003
1826,rao_q,8,0.8,0.08641073297370003
1826,feve,8,0.8,0.08641073297370003
1826,fdiv,-8,-0.8,0.08641073297370003
1826,fric_prob,0,0,1
1826,fdiv_fund,6,0.6,0.2206713619198468
1826,feve_fund,-6,-0.6,0.2206713619198468
1826,fdis_prob,6,0.6,0.2206713619198468
1826,fmpd_prob,8,0.8,0.08641073297370003
1826,raoq_fund,4,0.4,0.4624327264504763
1826,cwm_pc1,-10,-1,0.02748633611151034
1826,cwm_pc2,6,0.6,0.2206713619198468
1826,pd_prob_mctavish,10,1,0.02748633611151034
1826,mpd_prob_mctavish,10,1,0.02748633611151034
1828,corrected_richness,10,1,0.02748633611151034
1828,shannon,10,1,0.02748633611151034
1828,inv_simpson,10,1,0.02748633611151034
1828,trait_volume,0,0,1
1828,trait_dispersion,8,0.8,0.08641073297370003
1828,rao_q,6,0.6,0.2206713619198468
1828,feve,8,0.8,0.08641073297370003
1828,fdiv,-8,-0.8,0.08641073297370003
1828,fric_prob,0,0,1
1828,fdiv_fund,8,0.8,0.08641073297370003
1828,feve_fund,0,0,1
1828,fdis_prob,4,0.4,0.4624327264504763
1828,fmpd_prob,6,0.6,0.2206713619198468
1828,raoq_fund,2,0.2,0.8064959405073402
1828,cwm_pc1,-10,-1,0.02748633611151034
1828,cwm_pc2,6,0.6,0.2206713619198468
1828,pd_prob_mctavish,10,1,0.02748633611151034
1828,mpd_prob_mctavish,10,1,0.02748633611151034
1829,corrected_richness,10,1,0.02748633611151034
1829,shannon,10,1,0.02748633611151034
1829,inv_simpson,10,1,0.02748633611151034
1829,trait_volume,-2,-0.2,0.8064959405073402
1829,trait_dispersion,8,0.8,0.08641073297370003
1829,rao_q,6,0.6,0.2206713619198468
1829,feve,8,0.8,0.08641073297370003
1829,fdiv,-8,-0.8,0.08641073297370003
1829,fric_prob,0,0,1
1829,fdiv_fund,8,0.8,0.08641073297370003
1829,feve_fund,0,0,1
1829,fdis_prob,4,0.4,0.4624327264504763
1829,fmpd_prob,6,0.6,0.2206713619198468
1829,raoq_fund,-4,-0.4,0.4624327264504763
1829,cwm_pc1,-10,-1,0.02748633611151034
1829,cwm_pc2,6,0.6,0.2206713619198468
1829,pd_prob_mctavish,10,1,0.02748633611151034
1829,mpd_prob_mctavish,10,1,0.02748633611151034
1830,corrected_richness,10,1,0.02748633611151034
1830,shannon,10,1,0.02748633611151034
1830,inv_simpson,10,1,0.02748633611151034
1830,trait_volume,-2,-0.2,0.8064959405073402
1830,trait_dispersion,8,0.8,0.08641073297370003
1830,rao_q,6,0.6,0.2206713619198468
1830,feve,6,0.6,0.2206713619198468
1830,fdiv,-8,-0.8,0.08641073297370003
1830,fric_prob,0,0,1
1830,fdiv_fund,8,0.8,0.08641073297370003
1830,feve_fund,-2,-0.2,0.8064959405073402
1830,fdis_prob,4,0.4,0.4624327264504763
1830,fmpd_prob,6,0.6,0.2206713619198468
1830,raoq_fund,-4,-0.4,0.4624327264504763
1830,cwm_pc1,-10,-1,0.02748633611151034
1830,cwm_pc2,6,0.6,0.2206713619198468
1830,pd_prob_mctavish,10,1,0.02748633611151034
1830,mpd_prob_mctavish,10,1,0.02748633611151034
1831,corrected_richness,10,1,0.02748633611151034
1831,shannon,10,1,0.02748633611151034
1831,inv_simpson,10,1,0.02748633611151034
1831,trait_volume,-8,-0.8,0.08641073297370003
1831,trait_dispersion,8,0.8,0.08641073297370003
1831,rao_q,6,0.6,0.2206713619198468
1831,feve,4,0.4,0.4624327264504763
1831,fdiv,-8,-0.8,0.08641073297370003
1831,fric_prob,0,0,1
1831,fdiv_fund,8,0.8,0.08641073297370003
1831,feve_fund,-2,-0.2,0.8064959405073402
1831,fdis_prob,4,0.4,0.4624327264504763
1831,fmpd_prob,6,0.6,0.2206713619198468
1831,raoq_fund,-4,-0.4,0.4624327264504763
1831,cwm_pc1,-10,-1,0.02748633611151034
1831,cwm_pc2,6,0.6,0.2206713619198468
1831,pd_prob_mctavish,10,1,0.02748633611151034
1831,mpd_prob_mctavish,10,1,0.02748633611151034
1832,corrected_richness,10,1,0.02748633611151034
1832,shannon,10,1,0.02748633611151034
1832,inv_simpson,10,1,0.02748633611151034
1832,trait_volume,-8,-0.8,0.08641073297370003
1832,trait_dispersion,8,0.8,0.08641073297370003
1832,rao_q,0,0,1
1832,feve,2,0.2,0.8064959405073402
1832,fdiv,-8,-0.8,0.08641073297370003
1832,fric_prob,0,0,1
1832,fdiv_fund,2,0.2,0.8064959405073402
1832,feve_fund,-4,-0.4,0.4624327264504763
1832,fdis_prob,2,0.2,0.8064959405073402
1832,fmpd_prob,0,0,1
1832,raoq_fund,-8,-0.8,0.08641073297370003
1832,cwm_pc1,-10,-1,0.02748633611151034
1832,cwm_pc2,6,0.6,0.2206713619198468
1832,pd_prob_mctavish,10,1,0.02748633611151034
1832,mpd_prob_mctavish,10,1,0.02748633611151034
1833,corrected_richness,10,1,0.02748633611151034
1833,shannon,10,1,0.02748633611151034
1833,inv_simpson,10,1,0.02748633611151034
1833,trait_volume,-8,-0.8,0.08641073297370003
1833,trait_dispersion,8,0.8,0.08641073297370003
1833,rao_q,-2,-0.2,0.8064959405073402
1833,feve,2,0.2,0.8064959405073402
1833,fdiv,-10,-1,0.02748633611151034
1833,fric_prob,0,0,1
1833,fdiv_fund,-4,-0.4,0.4624327264504763
1833,feve_fund,-4,-0.4,0.4624327264504763
1833,fdis_prob,-4,-0.4,0.4624327264504763
1833,fmpd_prob,-2,-0.2,0.8064959405073402
1833,raoq_fund,-10,-1,0.02748633611151034
1833,cwm_pc1,-10,-1,0.02748633611151034
1833,cwm_pc2,6,0.6,0.2206713619198468
1833,pd_prob_mctavish,10,1,0.02748633611151034
1833,mpd_prob_mctavish,10,1,0.02748633611151034
1834,corrected_richness,10,1,0.02748633611151034
1834,shannon,10,1,0.02748633611151034
1834,inv_simpson,10,1,0.02748633611151034
1834,trait_volume,-8,-0.8,0.08641073297370003
1834,trait_dispersion,6,0.6,0.2206713619198468
1834,rao_q,-4,-0.4,0.4624327264504763
1834,feve,4,0.4,0.4624327264504763
1834,fdiv,-10,-1,0.02748633611151034
1834,fric_prob,0,0,1
1834,fdiv_fund,-4,-0.4,0.4624327264504763
1834,feve_fund,-2,-0.2,0.8064959405073402
1834,fdis_prob,-6,-0.6,0.2206713619198468
1834,fmpd_prob,-4,-0.4,0.4624327264504763
1834,raoq_fund,-10,-1,0.02748633611151034
1834,cwm_pc1,-10,-1,0.02748633611151034
1834,cwm_pc2,4,0.4,0.4624327264504763
1834,pd_prob_mctavish,10,1,0.02748633611151034
1834,mpd_prob_mctavish,10,1,0.02748633611151034
1835,corrected_richness,10,1,0.02748633611151034
1835,shannon,10,1,0.02748633611151034
1835,inv_simpson,10,1,0.02748633611151034
1835,trait_volume,-8,-0.8,0.08641073297370003
1835,trait_dispersion,6,0.6,0.2206713619198468
1835,rao_q,-6,-0.6,0.2206713619198468
1835,feve,6,0.6,0.2206713619198468
1835,fdiv,-8,-0.8,0.08641073297370003
1835,fric_prob,0,0,1
1835,fdiv_fund,-6,-0.6,0.2206713619198468
1835,feve_fund,-2,-0.2,0.8064959405073402
1835,fdis_prob,-6,-0.6,0.2206713619198468
1835,fmpd_prob,-6,-0.6,0.2206713619198468
1835,raoq_fund,-10,-1,0.02748633611151034
1835,cwm_pc1,-10,-1,0.02748633611151034
1835,cwm_pc2,4,0.4,0.4624327264504763
1835,pd_prob_mctavish,10,1,0.02748633611151034
1835,mpd_prob_mctavish,10,1,0.02748633611151034
1836,corrected_richness,10,1,0.02748633611151034
1836,shannon,10,1,0.02748633611151034
1836,inv_simpson,10,1,0.02748633611151034
1836,trait_volume,-8,-0.8,0.08641073297370003
1836,trait_dispersion,6,0.6,0.2206713619198468
1836,rao_q,-6,-0.6,0.2206713619198468
1836,feve,8,0.8,0.08641073297370003
1836,fdiv,-8,-0.8,0.08641073297370003
1836,fric_prob,0,0,1
1836,fdiv_fund,-6,-0.6,0.2206713619198468
1836,feve_fund,-4,-0.4,0.4624327264504763
1836,fdis_prob,-8,-0.8,0.08641073297370003
1836,fmpd_prob,-8,-0.8,0.08641073297370003
1836,raoq_fund,-10,-1,0.02748633611151034
1836,cwm_pc1,-8,-0.8,0.08641073297370003
1836,cwm_pc2,4,0.4,0.4624327264504763
1836,pd_prob_mctavish,10,1,0.02748633611151034
1836,mpd_prob_mctavish,10,1,0.02748633611151034
1837,corrected_richness,10,1,0.02748633611151034
1837,shannon,10,1,0.02748633611151034
1837,inv_simpson,10,1,0.02748633611151034
1837,trait_volume,-8,-0.8,0.08641073297370003
1837,trait_dispersion,6,0.6,0.2206713619198468
1837,rao_q,-8,-0.8,0.08641073297370003
1837,feve,10,1,0.02748633611151034
1837,fdiv,-8,-0.8,0.08641073297370003
1837,fric_prob,0,0,1
1837,fdiv_fund,-8,-0.8,0.08641073297370003
1837,feve_fund,-6,-0.6,0.2206713619198468
1837,fdis_prob,-8,-0.8,0.08641073297370003
1837,fmpd_prob,-8,-0.8,0.08641073297370003
1837,raoq_fund,-10,-1,0.02748633611151034
1837,cwm_pc1,-8,-0.8,0.08641073297370003
1837,cwm_pc2,4,0.4,0.4624327264504763
1837,pd_prob_mctavish,10,1,0.02748633611151034
1837,mpd_prob_mctavish,10,1,0.02748633611151034
1838,corrected_richness,10,1,0.02748633611151034
1838,shannon,10,1,0.02748633611151034
1838,inv_simpson,10,1,0.02748633611151034
1838,trait_volume,-8,-0.8,0.08641073297370003
1838,trait_dispersion,-2,-0.2,0.8064959405073402
1838,rao_q,-10,-1,0.02748633611151034
1838,feve,10,1,0.02748633611151034
1838,fdiv,-8,-0.8,0.08641073297370003
1838,fric_prob,6,0.6,0.2206713619198468
1838,fdiv_fund,-6,-0.6,0.2206713619198468
1838,feve_fund,-8,-0.8,0.08641073297370003
1838,fdis_prob,-8,-0.8,0.08641073297370003
1838,fmpd_prob,-10,-1,0.02748633611151034
1838,raoq_fund,-10,-1,0.02748633611151034
1838,cwm_pc1,-8,-0.8,0.08641073297370003
1838,cwm_pc2,4,0.4,0.4624327264504763
1838,pd_prob_mctavish,10,1,0.02748633611151034
1838,mpd_prob_mctavish,6,0.6,0.2206713619198468
1839,corrected_richness,10,1,0.02748633611151034
1839,shannon,10,1,0.02748633611151034
1839,inv_simpson,10,1,0.02748633611151034
1839,trait_volume,-8,-0.8,0.08641073297370003
1839,trait_dispersion,-2,-0.2,0.8064959405073402
1839,rao_q,-10,-1,0.02748633611151034
1839,feve,10,1,0.02748633611151034
1839,fdiv,-8,-0.8,0.08641073297370003
1839,fric_prob,2,0.2,0.8064959405073402
1839,fdiv_fund,-4,-0.4,0.4624327264504763
1839,feve_fund,-6,-0.6,0.2206713619198468
1839,fdis_prob,-4,-0.4,0.4624327264504763
1839,fmpd_prob,-10,-1,0.02748633611151034
1839,raoq_fund,-8,-0.8,0.08641073297370003
1839,cwm_pc1,-8,-0.8,0.08641073297370003
1839,cwm_pc2,4,0.4,0.4624327264504763
1839,pd_prob_mctavish,10,1,0.02748633611151034
1839,mpd_prob_mctavish,6,0.6,0.2206713619198468
1840,corrected_richness,10,1,0.02748633611151034
1840,shannon,10,1,0.02748633611151034
1840,inv_simpson,10,1,0.02748633611151034
1840,trait_volume,-10,-1,0.02748633611151034
1840,trait_dispersion,-2,-0.2,0.8064959405073402
1840,rao_q,-10,-1,0.02748633611151034
1840,feve,10,1,0.02748633611151034
1840,fdiv,-8,-0.8,0.08641073297370003
1840,fric_prob,2,0.2,0.8064959405073402
1840,fdiv_fund,0,0,1
1840,feve_fund,-10,-1,0.02748633611151034
1840,fdis_prob,-2,-0.2,0.8064959405073402
1840,fmpd_prob,-10,-1,0.02748633611151034
1840,raoq_fund,-8,-0.8,0.08641073297370003
1840,cwm_pc1,-8,-0.8,0.08641073297370003
1840,cwm_pc2,4,0.4,0.4624327264504763
1840,pd_prob_mctavish,10,1,0.02748633611151034
1840,mpd_prob_mctavish,6,0.6,0.2206713619198468
1841,corrected_richness,10,1,0.02748633611151034
1841,shannon,10,1,0.02748633611151034
1841,inv_simpson,10,1,0.02748633611151034
1841,trait_volume,-10,-1,0.02748633611151034
1841,trait_dispersion,-4,-0.4,0.4624327264504763
1841,rao_q,-10,-1,0.02748633611151034
1841,feve,10,1,0.02748633611151034
1841,fdiv,-8,-0.8,0.08641073297370003
1841,fric_prob,-2,-0.2,0.8064959405073402
1841,fdiv_fund,-4,-0.4,0.4624327264504763
1841,feve_fund,-10,-1,0.02748633611151034
1841,fdis_prob,0,0,1
1841,fmpd_prob,-10,-1,0.02748633611151034
1841,raoq_fund,-8,-0.8,0.08641073297370003
1841,cwm_pc1,-8,-0.8,0.08641073297370003
1841,cwm_pc2,4,0.4,0.4624327264504763
1841,pd_prob_mctavish,10,1,0.02748633611151034
1841,mpd_prob_mctavish,8,0.8,0.08641073297370003
1842,corrected_richness,10,1,0.02748633611151034
1842,shannon,10,1,0.02748633611151034
1842,inv_simpson,10,1,0.02748633611151034
1842,trait_volume,-10,-1,0.02748633611151034
1842,trait_dispersion,-4,-0.4,0.4624327264504763
1842,rao_q,-10,-1,0.02748633611151034
1842,feve,10,1,0.02748633611151034
1842,fdiv,-8,-0.8,0.08641073297370003
1842,fric_prob,-4,-0.4,0.4624327264504763
1842,fdiv_fund,-2,-0.2,0.8064959405073402
1842,feve_fund,-10,-1,0.02748633611151034
1842,fdis_prob,-2,-0.2,0.8064959405073402
1842,fmpd_prob,-10,-1,0.02748633611151034
1842,raoq_fund,-6,-0.6,0.2206713619198468
1842,cwm_pc1,-8,-0.8,0.08641073297370003
1842,cwm_pc2,4,0.4,0.4624327264504763
1842,pd_prob_mctavish,10,1,0.02748633611151034
1842,mpd_prob_mctavish,8,0.8,0.08641073297370003
1843,corrected_richness,10,1,0.02748633611151034
1843,shannon,10,1,0.02748633611151034
1843,inv_simpson,10,1,0.02748633611151034
1843,trait_volume,-10,-1,0.02748633611151034
1843,trait_dispersion,-4,-0.4,0.4624327264504763
1843,rao_q,-10,-1,0.02748633611151034
1843,feve,10,1,0.02748633611151034
1843,fdiv,-6,-0.6,0.2206713619198468
1843,fric_prob,-4,-0.4,0.4624327264504763
1843,fdiv_fund,4,0.4,0.4624327264504763
1843,feve_fund,-10,-1,0.02748633611151034
1843,fdis_prob,-2,-0.2,0.8064959405073402
1843,fmpd_prob,-10,-1,0.02748633611151034
1843,raoq_fund,-10,-1,0.02748633611151034
1843,cwm_pc1,-8,-0.8,0.08641073297370003
1843,cwm_pc2,4,0.4,0.4624327264504763
1843,pd_prob_mctavish,10,1,0.02748633611151034
1843,mpd_prob_mctavish,8,0.8,0.08641073297370003
1844,corrected_richness,10,1,0.02748633611151034
1844,shannon,10,1,0.02748633611151034
1844,inv_simpson,10,1,0.02748633611151034
1844,trait_volume,-10,-1,0.02748633611151034
1844,trait_dispersion,-4,-0.4,0.4624327264504763
1844,rao_q,-10,-1,0.02748633611151034
1844,feve,10,1,0.02748633611151034
1844,fdiv,-6,-0.6,0.2206713619198468
1844,fric_prob,-6,-0.6,0.2206713619198468
1844,fdiv_fund,2,0.2,0.8064959405073402
1844,feve_fund,-10,-1,0.02748633611151034
1844,fdis_prob,-2,-0.2,0.8064959405073402
1844,fmpd_prob,-10,-1,0.02748633611151034
1844,raoq_fund,-10,-1,0.02748633611151034
1844,cwm_pc1,-8,-0.8,0.08641073297370003
1844,cwm_pc2,4,0.4,0.4624327264504763
1844,pd_prob_mctavish,10,1,0.02748633611151034
1844,mpd_prob_mctavish,10,1,0.02748633611151034
1845,corrected_richness,10,1,0.02748633611151034
1845,shannon,10,1,0.02748633611151034
1845,inv_simpson,10,1,0.02748633611151034
1845,trait_volume,-10,-1,0.02748633611151034
1845,trait_dispersion,-6,-0.6,0.2206713619198468
1845,rao_q,-10,-1,0.02748633611151034
1845,feve,10,1,0.02748633611151034
1845,fdiv,-6,-0.6,0.2206713619198468
1845,fric_prob,-6,-0.6,0.2206713619198468
1845,fdiv_fund,0,0,1
1845,feve_fund,-10,-1,0.02748633611151034
1845,fdis_prob,-6,-0.6,0.2206713619198468
1845,fmpd_prob,-10,-1,0.02748633611151034
1845,raoq_fund,-10,-1,0.02748633611151034
1845,cwm_pc1,-8,-0.8,0.08641073297370003
1845,cwm_pc2,4,0.4,0.4624327264504763
1845,pd_prob_mctavish,10,1,0.02748633611151034
1845,mpd_prob_mctavish,10,1,0.02748633611151034
1846,corrected_richness,10,1,0.02748633611151034
1846,shannon,10,1,0.02748633611151034
1846,inv_simpson,10,1,0.02748633611151034
1846,trait_volume,-10,-1,0.02748633611151034
1846,trait_dispersion,-6,-0.6,0.2206713619198468
1846,rao_q,-10,-1,0.02748633611151034
1846,feve,10,1,0.02748633611151034
1846,fdiv,-4,-0.4,0.4624327264504763
1846,fric_prob,-6,-0.6,0.2206713619198468
1846,fdiv_fund,-4,-0.4,0.4624327264504763
1846,feve_fund,-10,-1,0.02748633611151034
1846,fdis_prob,-4,-0.4,0.4624327264504763
1846,fmpd_prob,-10,-1,0.02748633611151034
1846,raoq_fund,-10,-1,0.02748633611151034
1846,cwm_pc1,-8,-0.8,0.08641073297370003
1846,cwm_pc2,4,0.4,0.4624327264504763
1846,pd_prob_mctavish,10,1,0.02748633611151034
1846,mpd_prob_mctavish,10,1,0.02748633611151034
1847,corrected_richness,10,1,0.02748633611151034
1847,shannon,10,1,0.02748633611151034
1847,inv_simpson,10,1,0.02748633611151034
1847,trait_volume,-10,-1,0.02748633611151034
1847,trait_dispersion,-6,-0.6,0.2206713619198468
1847,rao_q,-10,-1,0.02748633611151034
1847,feve,10,1,0.02748633611151034
1847,fdiv,-4,-0.4,0.4624327264504763
1847,fric_prob,-6,-0.6,0.2206713619198468
1847,fdiv_fund,-2,-0.2,0.8064959405073402
1847,feve_fund,-10,-1,0.02748633611151034
1847,fdis_prob,-8,-0.8,0.08641073297370003
1847,fmpd_prob,-10,-1,0.02748633611151034
1847,raoq_fund,-10,-1,0.02748633611151034
1847,cwm_pc1,-8,-0.8,0.08641073297370003
1847,cwm_pc2,4,0.4,0.4624327264504763
1847,pd_prob_mctavish,10,1,0.02748633611151034
1847,mpd_prob_mctavish,10,1,0.02748633611151034
1848,corrected_richness,10,1,0.02748633611151034
1848,shannon,10,1,0.02748633611151034
1848,inv_simpson,10,1,0.02748633611151034
1848,trait_volume,-10,-1,0.02748633611151034
1848,trait_dispersion,-6,-0.6,0.2206713619198468
1848,rao_q,-10,-1,0.02748633611151034
1848,feve,10,1,0.02748633611151034
1848,fdiv,-4,-0.4,0.4624327264504763
1848,fric_prob,-6,-0.6,0.2206713619198468
1848,fdiv_fund,-2,-0.2,0.8064959405073402
1848,feve_fund,-10,-1,0.02748633611151034
1848,fdis_prob,0,0,1
1848,fmpd_prob,-10,-1,0.02748633611151034
1848,raoq_fund,-8,-0.8,0.08641073297370003
1848,cwm_pc1,-8,-0.8,0.08641073297370003
1848,cwm_pc2,4,0.4,0.4624327264504763
1848,pd_prob_mctavish,10,1,0.02748633611151034
1848,mpd_prob_mctavish,10,1,0.02748633611151034
1849,corrected_richness,10,1,0.02748633611151034
1849,shannon,10,1,0.02748633611151034
1849,inv_simpson,10,1,0.02748633611151034
1849,trait_volume,-10,-1,0.02748633611151034
1849,trait_dispersion,-8,-0.8,0.08641073297370003
1849,rao_q,-10,-1,0.02748633611151034
1849,feve,10,1,0.02748633611151034
1849,fdiv,-4,-0.4,0.4624327264504763
1849,fric_prob,-6,-0.6,0.2206713619198468
1849,fdiv_fund,-2,-0.2,0.8064959405073402
1849,feve_fund,-10,-1,0.02748633611151034
1849,fdis_prob,-2,-0.2,0.8064959405073402
1849,fmpd_prob,-10,-1,0.02748633611151034
1849,raoq_fund,-8,-0.8,0.08641073297370003
1849,cwm_pc1,-8,-0.8,0.08641073297370003
1849,cwm_pc2,8,0.8,0.08641073297370003
1849,pd_prob_mctavish,10,1,0.02748633611151034
1849,mpd_prob_mctavish,10,1,0.02748633611151034
1850,corrected_richness,10,1,0.02748633611151034
1850,shannon,10,1,0.02748633611151034
1850,inv_simpson,10,1,0.02748633611151034
1850,trait_volume,-10,-1,0.02748633611151034
1850,trait_dispersion,-8,-0.8,0.08641073297370003
1850,rao_q,-10,-1,0.02748633611151034
1850,feve,10,1,0.02748633611151034
1850,fdiv,-4,-0.4,0.4624327264504763
1850,fric_prob,-6,-0.6,0.2206713619198468
1850,fdiv_fund,-4,-0.4,0.4624327264504763
1850,feve_fund,-10,-1,0.02748633611151034
1850,fdis_prob,-2,-0.2,0.8064959405073402
1850,fmpd_prob,-10,-1,0.02748633611151034
1850,raoq_fund,-8,-0.8,0.08641073297370003
1850,cwm_pc1,-8,-0.8,0.08641073297370003
1850,cwm_pc2,8,0.8,0.08641073297370003
1850,pd_prob_mctavish,10,1,0.02748633611151034
1850,mpd_prob_mctavish,10,1,0.02748633611151034
1851,corrected_richness,10,1,0.02748633611151034
1851,shannon,10,1,0.02748633611151034
1851,inv_simpson,10,1,0.02748633611151034
1851,trait_volume,-10,-1,0.02748633611151034
1851,trait_dispersion,-8,-0.8,0.08641073297370003
1851,rao_q,-10,-1,0.02748633611151034
1851,feve,10,1,0.02748633611151034
1851,fdiv,-4,-0.4,0.4624327264504763
1851,fric_prob,-6,-0.6,0.2206713619198468
1851,fdiv_fund,-4,-0.4,0.4624327264504763
1851,feve_fund,-10,-1,0.02748633611151034
1851,fdis_prob,-2,-0.2,0.8064959405073402
1851,fmpd_prob,-10,-1,0.02748633611151034
1851,raoq_fund,-8,-0.8,0.08641073297370003
1851,cwm_pc1,-8,-0.8,0.08641073297370003
1851,cwm_pc2,8,0.8,0.08641073297370003
1851,pd_prob_mctavish,10,1,0.02748633611151034
1851,mpd_prob_mctavish,10,1,0.02748633611151034
1852,corrected_richness,10,1,0.02748633611151034
1852,shannon,10,1,0.02748633611151034
1852,inv_simpson,10,1,0.02748633611151034
1852,trait_volume,-10,-1,0.02748633611151034
1852,trait_dispersion,-8,-0.8,0.08641073297370003
1852,rao_q,-10,-1,0.02748633611151034
1852,feve,10,1,0.02748633611151034
1852,fdiv,0,0,1
1852,fric_prob,-6,-0.6,0.2206713619198468
1852,fdiv_fund,-4,-0.4,0.4624327264504763
1852,feve_fund,-10,-1,0.02748633611151034
1852,fdis_prob,-2,-0.2,0.8064959405073402
1852,fmpd_prob,-10,-1,0.02748633611151034
1852,raoq_fund,-8,-0.8,0.08641073297370003
1852,cwm_pc1,-6,-0.6,0.2206713619198468
1852,cwm_pc2,8,0.8,0.08641073297370003
1852,pd_prob_mctavish,10,1,0.02748633611151034
1852,mpd_prob_mctavish,10,1,0.02748633611151034
1853,corrected_richness,10,1,0.02748633611151034
1853,shannon,10,1,0.02748633611151034
1853,inv_simpson,10,1,0.02748633611151034
1853,trait_volume,-10,-1,0.02748633611151034
1853,trait_dispersion,-10,-1,0.02748633611151034
1853,rao_q,-10,-1,0.02748633611151034
1853,feve,10,1,0.02748633611151034
1853,fdiv,4,0.4,0.4624327264504763
1853,fric_prob,-6,-0.6,0.2206713619198468
1853,fdiv_fund,-4,-0.4,0.4624327264504763
1853,feve_fund,-10,-1,0.02748633611151034
1853,fdis_prob,-4,-0.4,0.4624327264504763
1853,fmpd_prob,-10,-1,0.02748633611151034
1853,raoq_fund,-8,-0.8,0.08641073297370003
1853,cwm_pc1,-6,-0.6,0.2206713619198468
1853,cwm_pc2,8,0.8,0.08641073297370003
1853,pd_prob_mctavish,10,1,0.02748633611151034
1853,mpd_prob_mctavish,10,1,0.02748633611151034
1854,corrected_richness,10,1,0.02748633611151034
1854,shannon,10,1,0.02748633611151034
1854,inv_simpson,10,1,0.02748633611151034
1854,trait_volume,-10,-1,0.02748633611151034
1854,trait_dispersion,-10,-1,0.02748633611151034
1854,rao_q,-10,-1,0.02748633611151034
1854,feve,10,1,0.02748633611151034
1854,fdiv,4,0.4,0.4624327264504763
1854,fric_prob,-6,-0.6,0.2206713619198468
1854,fdiv_fund,-2,-0.2,0.8064959405073402
1854,feve_fund,-10,-1,0.02748633611151034
1854,fdis_prob,-4,-0.4,0.4624327264504763
1854,fmpd_prob,-10,-1,0.02748633611151034
1854,raoq_fund,-8,-0.8,0.08641073297370003
1854,cwm_pc1,-6,-0.6,0.2206713619198468
1854,cwm_pc2,8,0.8,0.08641073297370003
1854,pd_prob_mctavish,10,1,0.02748633611151034
1854,mpd_prob_mctavish,10,1,0.02748633611151034
1855,corrected_richness,10,1,0.02748633611151034
1855,shannon,10,1,0.02748633611151034
1855,inv_simpson,10,1,0.02748633611151034
1855,trait_volume,-10,-1,0.02748633611151034
1855,trait_dispersion,-10,-1,0.02748633611151034
1855,rao_q,-10,-1,0.02748633611151034
1855,feve,10,1,0.02748633611151034
1855,fdiv,4,0.4,0.4624327264504763
1855,fric_prob,-6,-0.6,0.2206713619198468
1855,fdiv_fund,-2,-0.2,0.8064959405073402
1855,feve_fund,-10,-1,0.02748633611151034
1855,fdis_prob,-8,-0.8,0.08641073297370003
1855,fmpd_prob,-10,-1,0.02748633611151034
1855,raoq_fund,-8,-0.8,0.08641073297370003
1855,cwm_pc1,-6,-0.6,0.2206713619198468
1855,cwm_pc2,6,0.6,0.2206713619198468
1855,pd_prob_mctavish,10,1,0.02748633611151034
1855,mpd_prob_mctavish,10,1,0.02748633611151034
1856,corrected_richness,10,1,0.02748633611151034
1856,shannon,10,1,0.02748633611151034
1856,inv_simpson,10,1,0.02748633611151034
1856,trait_volume,-10,-1,0.02748633611151034
1856,trait_dispersion,-10,-1,0.02748633611151034
1856,rao_q,-10,-1,0.02748633611151034
1856,feve,10,1,0.02748633611151034
1856,fdiv,4,0.4,0.4624327264504763
1856,fric_prob,-6,-0.6,0.2206713619198468
1856,fdiv_fund,-2,-0.2,0.8064959405073402
1856,feve_fund,-10,-1,0.02748633611151034
1856,fdis_prob,-8,-0.8,0.08641073297370003
1856,fmpd_prob,-10,-1,0.02748633611151034
1856,raoq_fund,-8,-0.8,0.08641073297370003
1856,cwm_pc1,-6,-0.6,0.2206713619198468
1856,cwm_pc2,6,0.6,0.2206713619198468
1856,pd_prob_mctavish,10,1,0.02748633611151034
1856,mpd_prob_mctavish,10,1,0.02748633611151034
1875,corrected_richness,10,1,0.02748633611151034
1875,shannon,10,1,0.02748633611151034
1875,inv_simpson,10,1,0.02748633611151034
1875,trait_volume,-4,-0.4,0.4624327264504763
1875,trait_dispersion,6,0.6,0.2206713619198468
1875,rao_q,0,0,1
1875,feve,10,1,0.02748633611151034
1875,fdiv,0,0,1
1875,fric_prob,0,0,1
1875,fdiv_fund,10,1,0.02748633611151034
1875,feve_fund,-4,-0.4,0.4624327264504763
1875,fdis_prob,-4,-0.4,0.4624327264504763
1875,fmpd_prob,0,0,1
1875,raoq_fund,-8,-0.8,0.08641073297370003
1875,cwm_pc1,-10,-1,0.02748633611151034
1875,cwm_pc2,4,0.4,0.4624327264504763
1875,pd_prob_mctavish,10,1,0.02748633611151034
1875,mpd_prob_mctavish,10,1,0.02748633611151034
1876,corrected_richness,10,1,0.02748633611151034
1876,shannon,10,1,0.02748633611151034
1876,inv_simpson,10,1,0.02748633611151034
1876,trait_volume,-4,-0.4,0.4624327264504763
1876,trait_dispersion,6,0.6,0.2206713619198468
1876,rao_q,2,0.2,0.8064959405073402
1876,feve,10,1,0.02748633611151034
1876,fdiv,0,0,1
1876,fric_prob,0,0,1
1876,fdiv_fund,10,1,0.02748633611151034
1876,feve_fund,0,0,1
1876,fdis_prob,-4,-0.4,0.4624327264504763
1876,fmpd_prob,2,0.2,0.8064959405073402
1876,raoq_fund,-8,-0.8,0.08641073297370003
1876,cwm_pc1,-10,-1,0.02748633611151034
1876,cwm_pc2,4,0.4,0.4624327264504763
1876,pd_prob_mctavish,10,1,0.02748633611151034
1876,mpd_prob_mctavish,10,1,0.02748633611151034
1877,corrected_richness,10,1,0.02748633611151034
1877,shannon,10,1,0.02748633611151034
1877,inv_simpson,10,1,0.02748633611151034
1877,trait_volume,-4,-0.4,0.4624327264504763
1877,trait_dispersion,6,0.6,0.2206713619198468
1877,rao_q,2,0.2,0.8064959405073402
1877,feve,10,1,0.02748633611151034
1877,fdiv,0,0,1
1877,fric_prob,0,0,1
1877,fdiv_fund,10,1,0.02748633611151034
1877,feve_fund,2,0.2,0.8064959405073402
1877,fdis_prob,0,0,1
1877,fmpd_prob,2,0.2,0.8064959405073402
1877,raoq_fund,-8,-0.8,0.08641073297370003
1877,cwm_pc1,-10,-1,0.02748633611151034
1877,cwm_pc2,4,0.4,0.4624327264504763
1877,pd_prob_mctavish,10,1,0.02748633611151034
1877,mpd_prob_mctavish,10,1,0.02748633611151034
1878,corrected_richness,10,1,0.02748633611151034
1878,shannon,10,1,0.02748633611151034
1878,inv_simpson,10,1,0.02748633611151034
1878,trait_volume,0,0,1
1878,trait_dispersion,6,0.6,0.2206713619198468
1878,rao_q,2,0.2,0.8064959405073402
1878,feve,10,1,0.02748633611151034
1878,fdiv,0,0,1
1878,fric_prob,0,0,1
1878,fdiv_fund,8,0.8,0.08641073297370003
1878,feve_fund,-2,-0.2,0.8064959405073402
1878,fdis_prob,0,0,1
1878,fmpd_prob,2,0.2,0.8064959405073402
1878,raoq_fund,-4,-0.4,0.4624327264504763
1878,cwm_pc1,-10,-1,0.02748633611151034
1878,cwm_pc2,6,0.6,0.2206713619198468
1878,pd_prob_mctavish,10,1,0.02748633611151034
1878,mpd_prob_mctavish,10,1,0.02748633611151034
1879,corrected_richness,10,1,0.02748633611151034
1879,shannon,10,1,0.02748633611151034
1879,inv_simpson,10,1,0.02748633611151034
1879,trait_volume,0,0,1
1879,trait_dispersion,6,0.6,0.2206713619198468
1879,rao_q,4,0.4,0.4624327264504763
1879,feve,10,1,0.02748633611151034
1879,fdiv,0,0,1
1879,fric_prob,0,0,1
1879,fdiv_fund,8,0.8,0.08641073297370003
1879,feve_fund,0,0,1
1879,fdis_prob,0,0,1
1879,fmpd_prob,4,0.4,0.4624327264504763
1879,raoq_fund,0,0,1
1879,cwm_pc1,-10,-1,0.02748633611151034
1879,cwm_pc2,6,0.6,0.2206713619198468
1879,pd_prob_mctavish,10,1,0.02748633611151034
1879,mpd_prob_mctavish,10,1,0.02748633611151034
1880,corrected_richness,10,1,0.02748633611151034
1880,shannon,10,1,0.02748633611151034
1880,inv_simpson,10,1,0.02748633611151034
1880,trait_volume,0,0,1
1880,trait_dispersion,6,0.6,0.2206713619198468
1880,rao_q,4,0.4,0.4624327264504763
1880,feve,10,1,0.02748633611151034
1880,fdiv,0,0,1
1880,fric_prob,0,0,1
1880,fdiv_fund,8,0.8,0.08641073297370003
1880,feve_fund,2,0.2,0.8064959405073402
1880,fdis_prob,2,0.2,0.8064959405073402
1880,fmpd_prob,4,0.4,0.4624327264504763
1880,raoq_fund,2,0.2,0.8064959405073402
1880,cwm_pc1,-10,-1,0.02748633611151034
1880,cwm_pc2,6,0.6,0.2206713619198468
1880,pd_prob_mctavish,10,1,0.02748633611151034
1880,mpd_prob_mctavish,10,1,0.02748633611151034
1881,corrected_richness,10,1,0.02748633611151034
1881,shannon,10,1,0.02748633611151034
1881,inv_simpson,10,1,0.02748633611151034
1881,trait_volume,0,0,1
1881,trait_dispersion,6,0.6,0.2206713619198468
1881,rao_q,4,0.4,0.4624327264504763
1881,feve,10,1,0.02748633611151034
1881,fdiv,0,0,1
1881,fric_prob,0,0,1
1881,fdiv_fund,8,0.8,0.08641073297370003
1881,feve_fund,2,0.2,0.8064959405073402
1881,fdis_prob,0,0,1
1881,fmpd_prob,4,0.4,0.4624327264504763
1881,raoq_fund,0,0,1
1881,cwm_pc1,-10,-1,0.02748633611151034
1881,cwm_pc2,6,0.6,0.2206713619198468
1881,pd_prob_mctavish,10,1,0.02748633611151034
1881,mpd_prob_mctavish,10,1,0.02748633611151034
1882,corrected_richness,10,1,0.02748633611151034
1882,shannon,10,1,0.02748633611151034
1882,inv_simpson,10,1,0.02748633611151034
1882,trait_volume,0,0,1
1882,trait_dispersion,6,0.6,0.2206713619198468
1882,rao_q,4,0.4,0.4624327264504763
1882,feve,10,1,0.02748633611151034
1882,fdiv,0,0,1
1882,fric_prob,0,0,1
1882,fdiv_fund,8,0.8,0.08641073297370003
1882,feve_fund,0,0,1
1882,fdis_prob,0,0,1
1882,fmpd_prob,4,0.4,0.4624327264504763
1882,raoq_fund,2,0.2,0.8064959405073402
1882,cwm_pc1,-10,-1,0.02748633611151034
1882,cwm_pc2,6,0.6,0.2206713619198468
1882,pd_prob_mctavish,10,1,0.02748633611151034
1882,mpd_prob_mctavish,10,1,0.02748633611151034
1884,corrected_richness,10,1,0.02748633611151034
1884,shannon,10,1,0.02748633611151034
1884,inv_simpson,10,1,0.02748633611151034
1884,trait_volume,2,0.2,0.8064959405073402
1884,trait_dispersion,6,0.6,0.2206713619198468
1884,rao_q,6,0.6,0.2206713619198468
1884,feve,10,1,0.02748633611151034
1884,fdiv,0,0,1
1884,fric_prob,0,0,1
1884,fdiv_fund,8,0.8,0.08641073297370003
1884,feve_fund,-6,-0.6,0.2206713619198468
1884,fdis_prob,0,0,1
1884,fmpd_prob,4,0.4,0.4624327264504763
1884,raoq_fund,2,0.2,0.8064959405073402
1884,cwm_pc1,-10,-1,0.02748633611151034
1884,cwm_pc2,6,0.6,0.2206713619198468
1884,pd_prob_mctavish,10,1,0.02748633611151034
1884,mpd_prob_mctavish,10,1,0.02748633611151034
1892,corrected_richness,10,1,0.02748633611151034
1892,shannon,10,1,0.02748633611151034
1892,inv_simpson,10,1,0.02748633611151034
1892,trait_volume,2,0.2,0.8064959405073402
1892,trait_dispersion,8,0.8,0.08641073297370003
1892,rao_q,8,0.8,0.08641073297370003
1892,feve,10,1,0.02748633611151034
1892,fdiv,-7,-0.7,0.09609232945567332
1892,fric_prob,0,0,1
1892,fdiv_fund,8,0.8,0.08641073297370003
1892,feve_fund,-8,-0.8,0.08641073297370003
1892,fdis_prob,6,0.6,0.2206713619198468
1892,fmpd_prob,8,0.8,0.08641073297370003
1892,raoq_fund,6,0.6,0.2206713619198468
1892,cwm_pc1,-10,-1,0.02748633611151034
1892,cwm_pc2,6,0.6,0.2206713619198468
1892,pd_prob_mctavish,10,1,0.02748633611151034
1892,mpd_prob_mctavish,10,1,0.02748633611151034
1895,corrected_richness,10,1,0.02748633611151034
1895,shannon,10,1,0.02748633611151034
1895,inv_simpson,10,1,0.02748633611151034
1895,trait_volume,2,0.2,0.8064959405073402
1895,trait_dispersion,8,0.8,0.08641073297370003
1895,rao_q,8,0.8,0.08641073297370003
1895,feve,10,1,0.02748633611151034
1895,fdiv,-8,-0.8,0.08641073297370003
1895,fric_prob,0,0,1
1895,fdiv_fund,8,0.8,0.08641073297370003
1895,feve_fund,-8,-0.8,0.08641073297370003
1895,fdis_prob,6,0.6,0.2206713619198468
1895,fmpd_prob,8,0.8,0.08641073297370003
1895,raoq_fund,8,0.8,0.08641073297370003
1895,cwm_pc1,-10,-1,0.02748633611151034
1895,cwm_pc2,6,0.6,0.2206713619198468
1895,pd_prob_mctavish,10,1,0.02748633611151034
1895,mpd_prob_mctavish,10,1,0.02748633611151034
1896,corrected_richness,10,1,0.02748633611151034
1896,shannon,10,1,0.02748633611151034
1896,inv_simpson,10,1,0.02748633611151034
1896,trait_volume,2,0.2,0.8064959405073402
1896,trait_dispersion,8,0.8,0.08641073297370003
1896,rao_q,8,0.8,0.08641073297370003
1896,feve,8,0.8,0.08641073297370003
1896,fdiv,-8,-0.8,0.08641073297370003
1896,fric_prob,0,0,1
1896,fdiv_fund,6,0.6,0.2206713619198468
1896,feve_fund,-6,-0.6,0.2206713619198468
1896,fdis_prob,6,0.6,0.2206713619198468
1896,fmpd_prob,8,0.8,0.08641073297370003
1896,raoq_fund,6,0.6,0.2206713619198468
1896,cwm_pc1,-10,-1,0.02748633611151034
1896,cwm_pc2,6,0.6,0.2206713619198468
1896,pd_prob_mctavish,10,1,0.02748633611151034
1896,mpd_prob_mctavish,10,1,0.02748633611151034
1897,corrected_richness,10,1,0.02748633611151034
1897,shannon,10,1,0.02748633611151034
1897,inv_simpson,10,1,0.02748633611151034
1897,trait_volume,2,0.2,0.8064959405073402
1897,trait_dispersion,8,0.8,0.08641073297370003
1897,rao_q,8,0.8,0.08641073297370003
1897,feve,8,0.8,0.08641073297370003
1897,fdiv,-8,-0.8,0.08641073297370003
1897,fric_prob,0,0,1
1897,fdiv_fund,6,0.6,0.2206713619198468
1897,feve_fund,-6,-0.6,0.2206713619198468
1897,fdis_prob,6,0.6,0.2206713619198468
1897,fmpd_prob,8,0.8,0.08641073297370003
1897,raoq_fund,6,0.6,0.2206713619198468
1897,cwm_pc1,-10,-1,0.02748633611151034
1897,cwm_pc2,6,0.6,0.2206713619198468
1897,pd_prob_mctavish,10,1,0.02748633611151034
1897,mpd_prob_mctavish,10,1,0.02748633611151034
1899,corrected_richness,10,1,0.02748633611151034
1899,shannon,10,1,0.02748633611151034
1899,inv_simpson,10,1,0.02748633611151034
1899,trait_volume,2,0.2,0.8064959405073402
1899,trait_dispersion,8,0.8,0.08641073297370003
1899,rao_q,8,0.8,0.08641073297370003
1899,feve,8,0.8,0.08641073297370003
1899,fdiv,-8,-0.8,0.08641073297370003
1899,fric_prob,0,0,1
1899,fdiv_fund,8,0.8,0.08641073297370003
1899,feve_fund,-6,-0.6,0.2206713619198468
1899,fdis_prob,6,0.6,0.2206713619198468
1899,fmpd_prob,8,0.8,0.08641073297370003
1899,raoq_fund,0,0,1
1899,cwm_pc1,-10,-1,0.02748633611151034
1899,cwm_pc2,6,0.6,0.2206713619198468
1899,pd_prob_mctavish,10,1,0.02748633611151034
1899,mpd_prob_mctavish,10,1,0.02748633611151034
1900,corrected_richness,10,1,0.02748633611151034
1900,shannon,10,1,0.02748633611151034
1900,inv_simpson,10,1,0.02748633611151034
1900,trait_volume,2,0.2,0.8064959405073402
1900,trait_dispersion,8,0.8,0.08641073297370003
1900,rao_q,8,0.8,0.08641073297370003
1900,feve,8,0.8,0.08641073297370003
1900,fdiv,-8,-0.8,0.08641073297370003
1900,fric_prob,0,0,1
1900,fdiv_fund,8,0.8,0.08641073297370003
1900,feve_fund,-4,-0.4,0.4624327264504763
1900,fdis_prob,4,0.4,0.4624327264504763
1900,fmpd_prob,8,0.8,0.08641073297370003
1900,raoq_fund,0,0,1
1900,cwm_pc1,-10,-1,0.02748633611151034
1900,cwm_pc2,6,0.6,0.2206713619198468
1900,pd_prob_mctavish,10,1,0.02748633611151034
1900,mpd_prob_mctavish,10,1,0.02748633611151034
1901,corrected_richness,10,1,0.02748633611151034
1901,shannon,10,1,0.02748633611151034
1901,inv_simpson,10,1,0.02748633611151034
1901,trait_volume,0,0,1
1901,trait_dispersion,8,0.8,0.08641073297370003
1901,rao_q,8,0.8,0.08641073297370003
1901,feve,8,0.8,0.08641073297370003
1901,fdiv,-8,-0.8,0.08641073297370003
1901,fric_prob,0,0,1
1901,fdiv_fund,8,0.8,0.08641073297370003
1901,feve_fund,-2,-0.2,0.8064959405073402
1901,fdis_prob,2,0.2,0.8064959405073402
1901,fmpd_prob,8,0.8,0.08641073297370003
1901,raoq_fund,-4,-0.4,0.4624327264504763
1901,cwm_pc1,-10,-1,0.02748633611151034
1901,cwm_pc2,6,0.6,0.2206713619198468
1901,pd_prob_mctavish,10,1,0.02748633611151034
1901,mpd_prob_mctavish,10,1,0.02748633611151034
1902,corrected_richness,10,1,0.02748633611151034
1902,shannon,10,1,0.02748633611151034
1902,inv_simpson,10,1,0.02748633611151034
1902,trait_volume,-2,-0.2,0.8064959405073402
1902,trait_dispersion,8,0.8,0.08641073297370003
1902,rao_q,8,0.8,0.08641073297370003
1902,feve,6,0.6,0.2206713619198468
1902,fdiv,-8,-0.8,0.08641073297370003
1902,fric_prob,0,0,1
1902,fdiv_fund,8,0.8,0.08641073297370003
1902,feve_fund,0,0,1
1902,fdis_prob,2,0.2,0.8064959405073402
1902,fmpd_prob,6,0.6,0.2206713619198468
1902,raoq_fund,-4,-0.4,0.4624327264504763
1902,cwm_pc1,-10,-1,0.02748633611151034
1902,cwm_pc2,6,0.6,0.2206713619198468
1902,pd_prob_mctavish,10,1,0.02748633611151034
1902,mpd_prob_mctavish,10,1,0.02748633611151034
1903,corrected_richness,10,1,0.02748633611151034
1903,shannon,10,1,0.02748633611151034
1903,inv_simpson,10,1,0.02748633611151034
1903,trait_volume,-8,-0.8,0.08641073297370003
1903,trait_dispersion,8,0.8,0.08641073297370003
1903,rao_q,6,0.6,0.2206713619198468
1903,feve,6,0.6,0.2206713619198468
1903,fdiv,-8,-0.8,0.08641073297370003
1903,fric_prob,0,0,1
1903,fdiv_fund,8,0.8,0.08641073297370003
1903,feve_fund,-2,-0.2,0.8064959405073402
1903,fdis_prob,0,0,1
1903,fmpd_prob,6,0.6,0.2206713619198468
1903,raoq_fund,-8,-0.8,0.08641073297370003
1903,cwm_pc1,-10,-1,0.02748633611151034
1903,cwm_pc2,6,0.6,0.2206713619198468
1903,pd_prob_mctavish,10,1,0.02748633611151034
1903,mpd_prob_mctavish,10,1,0.02748633611151034
1904,corrected_richness,10,1,0.02748633611151034
1904,shannon,10,1,0.02748633611151034
1904,inv_simpson,10,1,0.02748633611151034
1904,trait_volume,-8,-0.8,0.08641073297370003
1904,trait_dispersion,8,0.8,0.08641073297370003
1904,rao_q,4,0.4,0.4624327264504763
1904,feve,6,0.6,0.2206713619198468
1904,fdiv,-8,-0.8,0.08641073297370003
1904,fric_prob,0,0,1
1904,fdiv_fund,0,0,1
1904,feve_fund,-2,-0.2,0.8064959405073402
1904,fdis_prob,-4,-0.4,0.4624327264504763
1904,fmpd_prob,4,0.4,0.4624327264504763
1904,raoq_fund,-10,-1,0.02748633611151034
1904,cwm_pc1,-10,-1,0.02748633611151034
1904,cwm_pc2,6,0.6,0.2206713619198468
1904,pd_prob_mctavish,10,1,0.02748633611151034
1904,mpd_prob_mctavish,10,1,0.02748633611151034
1905,corrected_richness,10,1,0.02748633611151034
1905,shannon,10,1,0.02748633611151034
1905,inv_simpson,10,1,0.02748633611151034
1905,trait_volume,-8,-0.8,0.08641073297370003
1905,trait_dispersion,6,0.6,0.2206713619198468
1905,rao_q,0,0,1
1905,feve,6,0.6,0.2206713619198468
1905,fdiv,-10,-1,0.02748633611151034
1905,fric_prob,0,0,1
1905,fdiv_fund,-4,-0.4,0.4624327264504763
1905,feve_fund,-2,-0.2,0.8064959405073402
1905,fdis_prob,-6,-0.6,0.2206713619198468
1905,fmpd_prob,0,0,1
1905,raoq_fund,-10,-1,0.02748633611151034
1905,cwm_pc1,-10,-1,0.02748633611151034
1905,cwm_pc2,6,0.6,0.2206713619198468
1905,pd_prob_mctavish,10,1,0.02748633611151034
1905,mpd_prob_mctavish,10,1,0.02748633611151034
1906,corrected_richness,10,1,0.02748633611151034
1906,shannon,10,1,0.02748633611151034
1906,inv_simpson,10,1,0.02748633611151034
1906,trait_volume,-8,-0.8,0.08641073297370003
1906,trait_dispersion,6,0.6,0.2206713619198468
1906,rao_q,-4,-0.4,0.4624327264504763
1906,feve,8,0.8,0.08641073297370003
1906,fdiv,-10,-1,0.02748633611151034
1906,fric_prob,0,0,1
1906,fdiv_fund,-2,-0.2,0.8064959405073402
1906,feve_fund,-2,-0.2,0.8064959405073402
1906,fdis_prob,-6,-0.6,0.2206713619198468
1906,fmpd_prob,-4,-0.4,0.4624327264504763
1906,raoq_fund,-10,-1,0.02748633611151034
1906,cwm_pc1,-10,-1,0.02748633611151034
1906,cwm_pc2,4,0.4,0.4624327264504763
1906,pd_prob_mctavish,10,1,0.02748633611151034
1906,mpd_prob_mctavish,10,1,0.02748633611151034
1907,corrected_richness,10,1,0.02748633611151034
1907,shannon,10,1,0.02748633611151034
1907,inv_simpson,10,1,0.02748633611151034
1907,trait_volume,-8,-0.8,0.08641073297370003
1907,trait_dispersion,6,0.6,0.2206713619198468
1907,rao_q,-4,-0.4,0.4624327264504763
1907,feve,10,1,0.02748633611151034
1907,fdiv,-8,-0.8,0.08641073297370003
1907,fric_prob,0,0,1
1907,fdiv_fund,-4,-0.4,0.4624327264504763
1907,feve_fund,-4,-0.4,0.4624327264504763
1907,fdis_prob,-6,-0.6,0.2206713619198468
1907,fmpd_prob,-4,-0.4,0.4624327264504763
1907,raoq_fund,-10,-1,0.02748633611151034
1907,cwm_pc1,-10,-1,0.02748633611151034
1907,cwm_pc2,4,0.4,0.4624327264504763
1907,pd_prob_mctavish,10,1,0.02748633611151034
1907,mpd_prob_mctavish,10,1,0.02748633611151034
1908,corrected_richness,10,1,0.02748633611151034
1908,shannon,10,1,0.02748633611151034
1908,inv_simpson,10,1,0.02748633611151034
1908,trait_volume,-8,-0.8,0.08641073297370003
1908,trait_dispersion,6,0.6,0.2206713619198468
1908,rao_q,-6,-0.6,0.2206713619198468
1908,feve,10,1,0.02748633611151034
1908,fdiv,-8,-0.8,0.08641073297370003
1908,fric_prob,4,0.4,0.2888443663464849
1908,fdiv_fund,-6,-0.6,0.2206713619198468
1908,feve_fund,-4,-0.4,0.4624327264504763
1908,fdis_prob,-6,-0.6,0.2206713619198468
1908,fmpd_prob,-6,-0.6,0.2206713619198468
1908,raoq_fund,-8,-0.8,0.08641073297370003
1908,cwm_pc1,-8,-0.8,0.08641073297370003
1908,cwm_pc2,4,0.4,0.4624327264504763
1908,pd_prob_mctavish,10,1,0.02748633611151034
1908,mpd_prob_mctavish,10,1,0.02748633611151034
1909,corrected_richness,10,1,0.02748633611151034
1909,shannon,10,1,0.02748633611151034
1909,inv_simpson,10,1,0.02748633611151034
1909,trait_volume,-8,-0.8,0.08641073297370003
1909,trait_dispersion,4,0.4,0.4624327264504763
1909,rao_q,-8,-0.8,0.08641073297370003
1909,feve,10,1,0.02748633611151034
1909,fdiv,-8,-0.8,0.08641073297370003
1909,fric_prob,5,0.5,0.3122163883433193
1909,fdiv_fund,-8,-0.8,0.08641073297370003
1909,feve_fund,-6,-0.6,0.2206713619198468
1909,fdis_prob,-6,-0.6,0.2206713619198468
1909,fmpd_prob,-8,-0.8,0.08641073297370003
1909,raoq_fund,-10,-1,0.02748633611151034
1909,cwm_pc1,-8,-0.8,0.08641073297370003
1909,cwm_pc2,4,0.4,0.4624327264504763
1909,pd_prob_mctavish,10,1,0.02748633611151034
1909,mpd_prob_mctavish,8,0.8,0.08641073297370003
1910,corrected_richness,10,1,0.02748633611151034
1910,shannon,10,1,0.02748633611151034
1910,inv_simpson,10,1,0.02748633611151034
1910,trait_volume,-8,-0.8,0.08641073297370003
1910,trait_dispersion,-2,-0.2,0.8064959405073402
1910,rao_q,-10,-1,0.02748633611151034
1910,feve,10,1,0.02748633611151034
1910,fdiv,-8,-0.8,0.08641073297370003
1910,fric_prob,2,0.2,0.8064959405073402
1910,fdiv_fund,-4,-0.4,0.4624327264504763
1910,feve_fund,-8,-0.8,0.08641073297370003
1910,fdis_prob,-4,-0.4,0.4624327264504763
1910,fmpd_prob,-10,-1,0.02748633611151034
1910,raoq_fund,-10,-1,0.02748633611151034
1910,cwm_pc1,-8,-0.8,0.08641073297370003
1910,cwm_pc2,4,0.4,0.4624327264504763
1910,pd_prob_mctavish,10,1,0.02748633611151034
1910,mpd_prob_mctavish,8,0.8,0.08641073297370003
1911,corrected_richness,10,1,0.02748633611151034
1911,shannon,10,1,0.02748633611151034
1911,inv_simpson,10,1,0.02748633611151034
1911,trait_volume,-8,-0.8,0.08641073297370003
1911,trait_dispersion,-2,-0.2,0.8064959405073402
1911,rao_q,-10,-1,0.02748633611151034
1911,feve,10,1,0.02748633611151034
1911,fdiv,-8,-0.8,0.08641073297370003
1911,fric_prob,4,0.4,0.4624327264504763
1911,fdiv_fund,-2,-0.2,0.8064959405073402
1911,feve_fund,-10,-1,0.02748633611151034
1911,fdis_prob,-4,-0.4,0.4624327264504763
1911,fmpd_prob,-10,-1,0.02748633611151034
1911,raoq_fund,-8,-0.8,0.08641073297370003
1911,cwm_pc1,-8,-0.8,0.08641073297370003
1911,cwm_pc2,4,0.4,0.4624327264504763
1911,pd_prob_mctavish,10,1,0.02748633611151034
1911,mpd_prob_mctavish,8,0.8,0.08641073297370003
1912,corrected_richness,10,1,0.02748633611151034
1912,shannon,10,1,0.02748633611151034
1912,inv_simpson,10,1,0.02748633611151034
1912,trait_volume,-10,-1,0.02748633611151034
1912,trait_dispersion,-2,-0.2,0.8064959405073402
1912,rao_q,-10,-1,0.02748633611151034
1912,feve,10,1,0.02748633611151034
1912,fdiv,-8,-0.8,0.08641073297370003
1912,fric_prob,0,0,1
1912,fdiv_fund,-2,-0.2,0.8064959405073402
1912,feve_fund,-10,-1,0.02748633611151034
1912,fdis_prob,-2,-0.2,0.8064959405073402
1912,fmpd_prob,-10,-1,0.02748633611151034
1912,raoq_fund,-8,-0.8,0.08641073297370003
1912,cwm_pc1,-8,-0.8,0.08641073297370003
1912,cwm_pc2,4,0.4,0.4624327264504763
1912,pd_prob_mctavish,10,1,0.02748633611151034
1912,mpd_prob_mctavish,10,1,0.02748633611151034
1913,corrected_richness,10,1,0.02748633611151034
1913,shannon,10,1,0.02748633611151034
1913,inv_simpson,10,1,0.02748633611151034
1913,trait_volume,-10,-1,0.02748633611151034
1913,trait_dispersion,-4,-0.4,0.4624327264504763
1913,rao_q,-10,-1,0.02748633611151034
1913,feve,10,1,0.02748633611151034
1913,fdiv,-8,-0.8,0.08641073297370003
1913,fric_prob,-2,-0.2,0.8064959405073402
1913,fdiv_fund,-4,-0.4,0.4624327264504763
1913,feve_fund,-10,-1,0.02748633611151034
1913,fdis_prob,-2,-0.2,0.8064959405073402
1913,fmpd_prob,-10,-1,0.02748633611151034
1913,raoq_fund,-8,-0.8,0.08641073297370003
1913,cwm_pc1,-8,-0.8,0.08641073297370003
1913,cwm_pc2,4,0.4,0.4624327264504763
1913,pd_prob_mctavish,10,1,0.02748633611151034
1913,mpd_prob_mctavish,10,1,0.02748633611151034
1914,corrected_richness,10,1,0.02748633611151034
1914,shannon,10,1,0.02748633611151034
1914,inv_simpson,10,1,0.02748633611151034
1914,trait_volume,-10,-1,0.02748633611151034
1914,trait_dispersion,-4,-0.4,0.4624327264504763
1914,rao_q,-10,-1,0.02748633611151034
1914,feve,10,1,0.02748633611151034
1914,fdiv,-6,-0.6,0.2206713619198468
1914,fric_prob,-2,-0.2,0.8064959405073402
1914,fdiv_fund,2,0.2,0.8064959405073402
1914,feve_fund,-10,-1,0.02748633611151034
1914,fdis_prob,-2,-0.2,0.8064959405073402
1914,fmpd_prob,-10,-1,0.02748633611151034
1914,raoq_fund,-8,-0.8,0.08641073297370003
1914,cwm_pc1,-8,-0.8,0.08641073297370003
1914,cwm_pc2,4,0.4,0.4624327264504763
1914,pd_prob_mctavish,10,1,0.02748633611151034
1914,mpd_prob_mctavish,10,1,0.02748633611151034
1916,corrected_richness,10,1,0.02748633611151034
1916,shannon,10,1,0.02748633611151034
1916,inv_simpson,10,1,0.02748633611151034
1916,trait_volume,-10,-1,0.02748633611151034
1916,trait_dispersion,-4,-0.4,0.4624327264504763
1916,rao_q,-10,-1,0.02748633611151034
1916,feve,10,1,0.02748633611151034
1916,fdiv,-6,-0.6,0.2206713619198468
1916,fric_prob,-4,-0.4,0.4624327264504763
1916,fdiv_fund,0,0,1
1916,feve_fund,-10,-1,0.02748633611151034
1916,fdis_prob,-8,-0.8,0.08641073297370003
1916,fmpd_prob,-10,-1,0.02748633611151034
1916,raoq_fund,-10,-1,0.02748633611151034
1916,cwm_pc1,-8,-0.8,0.08641073297370003
1916,cwm_pc2,4,0.4,0.4624327264504763
1916,pd_prob_mctavish,10,1,0.02748633611151034
1916,mpd_prob_mctavish,10,1,0.02748633611151034
1917,corrected_richness,10,1,0.02748633611151034
1917,shannon,10,1,0.02748633611151034
1917,inv_simpson,10,1,0.02748633611151034
1917,trait_volume,-10,-1,0.02748633611151034
1917,trait_dispersion,-6,-0.6,0.2206713619198468
1917,rao_q,-10,-1,0.02748633611151034
1917,feve,10,1,0.02748633611151034
1917,fdiv,-4,-0.4,0.4624327264504763
1917,fric_prob,-6,-0.6,0.2206713619198468
1917,fdiv_fund,-2,-0.2,0.8064959405073402
1917,feve_fund,-10,-1,0.02748633611151034
1917,fdis_prob,-10,-1,0.02748633611151034
1917,fmpd_prob,-10,-1,0.02748633611151034
1917,raoq_fund,-10,-1,0.02748633611151034
1917,cwm_pc1,-8,-0.8,0.08641073297370003
1917,cwm_pc2,4,0.4,0.4624327264504763
1917,pd_prob_mctavish,10,1,0.02748633611151034
1917,mpd_prob_mctavish,10,1,0.02748633611151034
1918,corrected_richness,10,1,0.02748633611151034
1918,shannon,10,1,0.02748633611151034
1918,inv_simpson,10,1,0.02748633611151034
1918,trait_volume,-10,-1,0.02748633611151034
1918,trait_dispersion,-6,-0.6,0.2206713619198468
1918,rao_q,-10,-1,0.02748633611151034
1918,feve,10,1,0.02748633611151034
1918,fdiv,-4,-0.4,0.4624327264504763
1918,fric_prob,-6,-0.6,0.2206713619198468
1918,fdiv_fund,-4,-0.4,0.4624327264504763
1918,feve_fund,-10,-1,0.02748633611151034
1918,fdis_prob,-8,-0.8,0.08641073297370003
1918,fmpd_prob,-10,-1,0.02748633611151034
1918,raoq_fund,-10,-1,0.02748633611151034
1918,cwm_pc1,-8,-0.8,0.08641073297370003
1918,cwm_pc2,4,0.4,0.4624327264504763
1918,pd_prob_mctavish,10,1,0.02748633611151034
1918,mpd_prob_mctavish,10,1,0.02748633611151034
1919,corrected_richness,10,1,0.02748633611151034
1919,shannon,10,1,0.02748633611151034
1919,inv_simpson,10,1,0.02748633611151034
1919,trait_volume,-10,-1,0.02748633611151034
1919,trait_dispersion,-6,-0.6,0.2206713619198468
1919,rao_q,-10,-1,0.02748633611151034
1919,feve,10,1,0.02748633611151034
1919,fdiv,-4,-0.4,0.4624327264504763
1919,fric_prob,-6,-0.6,0.2206713619198468
1919,fdiv_fund,-4,-0.4,0.4624327264504763
1919,feve_fund,-10,-1,0.02748633611151034
1919,fdis_prob,-6,-0.6,0.2206713619198468
1919,fmpd_prob,-10,-1,0.02748633611151034
1919,raoq_fund,-10,-1,0.02748633611151034
1919,cwm_pc1,-8,-0.8,0.08641073297370003
1919,cwm_pc2,4,0.4,0.4624327264504763
1919,pd_prob_mctavish,10,1,0.02748633611151034
1919,mpd_prob_mctavish,10,1,0.02748633611151034
1920,corrected_richness,10,1,0.02748633611151034
1920,shannon,10,1,0.02748633611151034
1920,inv_simpson,10,1,0.02748633611151034
1920,trait_volume,-10,-1,0.02748633611151034
1920,trait_dispersion,-6,-0.6,0.2206713619198468
1920,rao_q,-10,-1,0.02748633611151034
1920,feve,10,1,0.02748633611151034
1920,fdiv,-4,-0.4,0.4624327264504763
1920,fric_prob,-6,-0.6,0.2206713619198468
1920,fdiv_fund,-4,-0.4,0.4624327264504763
1920,feve_fund,-10,-1,0.02748633611151034
1920,fdis_prob,-4,-0.4,0.4624327264504763
1920,fmpd_prob,-10,-1,0.02748633611151034
1920,raoq_fund,-8,-0.8,0.08641073297370003
1920,cwm_pc1,-8,-0.8,0.08641073297370003
1920,cwm_pc2,6,0.6,0.2206713619198468
1920,pd_prob_mctavish,10,1,0.02748633611151034
1920,mpd_prob_mctavish,10,1,0.02748633611151034
1921,corrected_richness,10,1,0.02748633611151034
1921,shannon,10,1,0.02748633611151034
1921,inv_simpson,10,1,0.02748633611151034
1921,trait_volume,-10,-1,0.02748633611151034
1921,trait_dispersion,-6,-0.6,0.2206713619198468
1921,rao_q,-10,-1,0.02748633611151034
1921,feve,10,1,0.02748633611151034
1921,fdiv,-4,-0.4,0.4624327264504763
1921,fric_prob,-6,-0.6,0.2206713619198468
1921,fdiv_fund,-4,-0.4,0.4624327264504763
1921,feve_fund,-10,-1,0.02748633611151034
1921,fdis_prob,-2,-0.2,0.8064959405073402
1921,fmpd_prob,-10,-1,0.02748633611151034
1921,raoq_fund,-8,-0.8,0.08641073297370003
1921,cwm_pc1,-8,-0.8,0.08641073297370003
1921,cwm_pc2,8,0.8,0.08641073297370003
1921,pd_prob_mctavish,10,1,0.02748633611151034
1921,mpd_prob_mctavish,10,1,0.02748633611151034
1922,corrected_richness,10,1,0.02748633611151034
1922,shannon,10,1,0.02748633611151034
1922,inv_simpson,10,1,0.02748633611151034
1922,trait_volume,-10,-1,0.02748633611151034
1922,trait_dispersion,-8,-0.8,0.08641073297370003
1922,rao_q,-10,-1,0.02748633611151034
1922,feve,10,1,0.02748633611151034
1922,fdiv,0,0,1
1922,fric_prob,-6,-0.6,0.2206713619198468
1922,fdiv_fund,-4,-0.4,0.4624327264504763
1922,feve_fund,-10,-1,0.02748633611151034
1922,fdis_prob,-2,-0.2,0.8064959405073402
1922,fmpd_prob,-10,-1,0.02748633611151034
1922,raoq_fund,-8,-0.8,0.08641073297370003
1922,cwm_pc1,-8,-0.8,0.08641073297370003
1922,cwm_pc2,8,0.8,0.08641073297370003
1922,pd_prob_mctavish,10,1,0.02748633611151034
1922,mpd_prob_mctavish,10,1,0.02748633611151034
1923,corrected_richness,10,1,0.02748633611151034
1923,shannon,10,1,0.02748633611151034
1923,inv_simpson,10,1,0.02748633611151034
1923,trait_volume,-10,-1,0.02748633611151034
1923,trait_dispersion,-8,-0.8,0.08641073297370003
1923,rao_q,-10,-1,0.02748633611151034
1923,feve,10,1,0.02748633611151034
1923,fdiv,2,0.2,0.8064959405073402
1923,fric_prob,-6,-0.6,0.2206713619198468
1923,fdiv_fund,-6,-0.6,0.2206713619198468
1923,feve_fund,-10,-1,0.02748633611151034
1923,fdis_prob,0,0,1
1923,fmpd_prob,-10,-1,0.02748633611151034
1923,raoq_fund,-6,-0.6,0.2206713619198468
1923,cwm_pc1,-6,-0.6,0.2206713619198468
1923,cwm_pc2,8,0.8,0.08641073297370003
1923,pd_prob_mctavish,10,1,0.02748633611151034
1923,mpd_prob_mctavish,10,1,0.02748633611151034
1924,corrected_richness,10,1,0.02748633611151034
1924,shannon,10,1,0.02748633611151034
1924,inv_simpson,10,1,0.02748633611151034
1924,trait_volume,-10,-1,0.02748633611151034
1924,trait_dispersion,-8,-0.8,0.08641073297370003
1924,rao_q,-10,-1,0.02748633611151034
1924,feve,10,1,0.02748633611151034
1924,fdiv,2,0.2,0.8064959405073402
1924,fric_prob,-6,-0.6,0.2206713619198468
1924,fdiv_fund,-6,-0.6,0.2206713619198468
1924,feve_fund,-10,-1,0.02748633611151034
1924,fdis_prob,-2,-0.2,0.8064959405073402
1924,fmpd_prob,-10,-1,0.02748633611151034
1924,raoq_fund,-6,-0.6,0.2206713619198468
1924,cwm_pc1,-6,-0.6,0.2206713619198468
1924,cwm_pc2,8,0.8,0.08641073297370003
1924,pd_prob_mctavish,10,1,0.02748633611151034
1924,mpd_prob_mctavish,10,1,0.02748633611151034
1925,corrected_richness,10,1,0.02748633611151034
1925,shannon,10,1,0.02748633611151034
1925,inv_simpson,10,1,0.02748633611151034
1925,trait_volume,-10,-1,0.02748633611151034
1925,trait_dispersion,-8,-0.8,0.08641073297370003
1925,rao_q,-10,-1,0.02748633611151034
1925,feve,10,1,0.02748633611151034
1925,fdiv,4,0.4,0.4624327264504763
1925,fric_prob,-6,-0.6,0.2206713619198468
1925,fdiv_fund,-4,-0.4,0.4624327264504763
1925,feve_fund,-10,-1,0.02748633611151034
1925,fdis_prob,-4,-0.4,0.4624327264504763
1925,fmpd_prob,-10,-1,0.02748633611151034
1925,raoq_fund,-8,-0.8,0.08641073297370003
1925,cwm_pc1,-6,-0.6,0.2206713619198468
1925,cwm_pc2,6,0.6,0.2206713619198468
1925,pd_prob_mctavish,10,1,0.02748633611151034
1925,mpd_prob_mctavish,10,1,0.02748633611151034
1926,corrected_richness,10,1,0.02748633611151034
1926,shannon,10,1,0.02748633611151034
1926,inv_simpson,10,1,0.02748633611151034
1926,trait_volume,-10,-1,0.02748633611151034
1926,trait_dispersion,-10,-1,0.02748633611151034
1926,rao_q,-10,-1,0.02748633611151034
1926,feve,10,1,0.02748633611151034
1926,fdiv,4,0.4,0.4624327264504763
1926,fric_prob,-6,-0.6,0.2206713619198468
1926,fdiv_fund,-4,-0.4,0.4624327264504763
1926,feve_fund,-10,-1,0.02748633611151034
1926,fdis_prob,-4,-0.4,0.4624327264504763
1926,fmpd_prob,-10,-1,0.02748633611151034
1926,raoq_fund,-8,-0.8,0.08641073297370003
1926,cwm_pc1,-6,-0.6,0.2206713619198468
1926,cwm_pc2,6,0.6,0.2206713619198468
1926,pd_prob_mctavish,10,1,0.02748633611151034
1926,mpd_prob_mctavish,10,1,0.02748633611151034
1927,corrected_richness,10,1,0.02748633611151034
1927,shannon,10,1,0.02748633611151034
1927,inv_simpson,10,1,0.02748633611151034
1927,trait_volume,-10,-1,0.02748633611151034
1927,trait_dispersion,-10,-1,0.02748633611151034
1927,rao_q,-10,-1,0.02748633611151034
1927,feve,10,1,0.02748633611151034
1927,fdiv,4,0.4,0.4624327264504763
1927,fric_prob,-6,-0.6,0.2206713619198468
1927,fdiv_fund,-4,-0.4,0.4624327264504763
1927,feve_fund,-10,-1,0.02748633611151034
1927,fdis_prob,-8,-0.8,0.08641073297370003
1927,fmpd_prob,-10,-1,0.02748633611151034
1927,raoq_fund,-8,-0.8,0.08641073297370003
1927,cwm_pc1,-6,-0.6,0.2206713619198468
1927,cwm_pc2,6,0.6,0.2206713619198468
1927,pd_prob_mctavish,10,1,0.02748633611151034
1927,mpd_prob_mctavish,10,1,0.02748633611151034
1928,corrected_richness,10,1,0.02748633611151034
1928,shannon,10,1,0.02748633611151034
1928,inv_simpson,10,1,0.02748633611151034
1928,trait_volume,-10,-1,0.02748633611151034
1928,trait_dispersion,-10,-1,0.02748633611151034
1928,rao_q,-10,-1,0.02748633611151034
1928,feve,10,1,0.02748633611151034
1928,fdiv,4,0.4,0.4624327264504763
1928,fric_prob,-6,-0.6,0.2206713619198468
1928,fdiv_fund,-4,-0.4,0.4624327264504763
1928,feve_fund,-10,-1,0.02748633611151034
1928,fdis_prob,-8,-0.8,0.08641073297370003
1928,fmpd_prob,-10,-1,0.02748633611151034
1928,raoq_fund,-8,-0.8,0.08641073297370003
1928,cwm_pc1,-6,-0.6,0.2206713619198468
1928,cwm_pc2,4,0.4,0.4624327264504763
1928,pd_prob_mctavish,10,1,0.02748633611151034
1928,mpd_prob_mctavish,10,1,0.02748633611151034
1950,corrected_richness,10,1,0.02748633611151034
1950,shannon,10,1,0.02748633611151034
1950,inv_simpson,10,1,0.02748633611151034
1950,trait_volume,0,0,1
1950,trait_dispersion,6,0.6,0.2206713619198468
1950,rao_q,2,0.2,0.8064959405073402
1950,feve,10,1,0.02748633611151034
1950,fdiv,0,0,1
1950,fric_prob,0,0,1
1950,fdiv_fund,8,0.8,0.08641073297370003
1950,feve_fund,2,0.2,0.8064959405073402
1950,fdis_prob,6,0.6,0.2206713619198468
1950,fmpd_prob,2,0.2,0.8064959405073402
1950,raoq_fund,-2,-0.2,0.8064959405073402
1950,cwm_pc1,-10,-1,0.02748633611151034
1950,cwm_pc2,4,0.4,0.4624327264504763
1950,pd_prob_mctavish,10,1,0.02748633611151034
1950,mpd_prob_mctavish,10,1,0.02748633611151034
1951,corrected_richness,10,1,0.02748633611151034
1951,shannon,10,1,0.02748633611151034
1951,inv_simpson,10,1,0.02748633611151034
1951,trait_volume,0,0,1
1951,trait_dispersion,6,0.6,0.2206713619198468
1951,rao_q,4,0.4,0.4624327264504763
1951,feve,10,1,0.02748633611151034
1951,fdiv,0,0,1
1951,fric_prob,0,0,1
1951,fdiv_fund,8,0.8,0.08641073297370003
1951,feve_fund,2,0.2,0.8064959405073402
1951,fdis_prob,6,0.6,0.2206713619198468
1951,fmpd_prob,4,0.4,0.4624327264504763
1951,raoq_fund,4,0.4,0.4624327264504763
1951,cwm_pc1,-10,-1,0.02748633611151034
1951,cwm_pc2,6,0.6,0.2206713619198468
1951,pd_prob_mctavish,10,1,0.02748633611151034
1951,mpd_prob_mctavish,10,1,0.02748633611151034
1952,corrected_richness,10,1,0.02748633611151034
1952,shannon,10,1,0.02748633611151034
1952,inv_simpson,10,1,0.02748633611151034
1952,trait_volume,0,0,1
1952,trait_dispersion,6,0.6,0.2206713619198468
1952,rao_q,4,0.4,0.4624327264504763
1952,feve,10,1,0.02748633611151034
1952,fdiv,0,0,1
1952,fric_prob,0,0,1
1952,fdiv_fund,8,0.8,0.08641073297370003
1952,feve_fund,4,0.4,0.4624327264504763
1952,fdis_prob,6,0.6,0.2206713619198468
1952,fmpd_prob,4,0.4,0.4624327264504763
1952,raoq_fund,6,0.6,0.2206713619198468
1952,cwm_pc1,-10,-1,0.02748633611151034
1952,cwm_pc2,6,0.6,0.2206713619198468
1952,pd_prob_mctavish,10,1,0.02748633611151034
1952,mpd_prob_mctavish,10,1,0.02748633611151034
1953,corrected_richness,10,1,0.02748633611151034
1953,shannon,10,1,0.02748633611151034
1953,inv_simpson,10,1,0.02748633611151034
1953,trait_volume,0,0,1
1953,trait_dispersion,6,0.6,0.2206713619198468
1953,rao_q,4,0.4,0.4624327264504763
1953,feve,10,1,0.02748633611151034
1953,fdiv,0,0,1
1953,fric_prob,0,0,1
1953,fdiv_fund,8,0.8,0.08641073297370003
1953,feve_fund,4,0.4,0.4624327264504763
1953,fdis_prob,6,0.6,0.2206713619198468
1953,fmpd_prob,4,0.4,0.4624327264504763
1953,raoq_fund,6,0.6,0.2206713619198468
1953,cwm_pc1,-10,-1,0.02748633611151034
1953,cwm_pc2,6,0.6,0.2206713619198468
1953,pd_prob_mctavish,10,1,0.02748633611151034
1953,mpd_prob_mctavish,10,1,0.02748633611151034
1967,corrected_richness,10,1,0.02748633611151034
1967,shannon,10,1,0.02748633611151034
1967,inv_simpson,10,1,0.02748633611151034
1967,trait_volume,2,0.2,0.8064959405073402
1967,trait_dispersion,8,0.8,0.08641073297370003
1967,rao_q,8,0.8,0.08641073297370003
1967,feve,8,0.8,0.08641073297370003
1967,fdiv,-8,-0.8,0.08641073297370003
1967,fric_prob,0,0,1
1967,fdiv_fund,8,0.8,0.08641073297370003
1967,feve_fund,-8,-0.8,0.08641073297370003
1967,fdis_prob,6,0.6,0.2206713619198468
1967,fmpd_prob,8,0.8,0.08641073297370003
1967,raoq_fund,8,0.8,0.08641073297370003
1967,cwm_pc1,-10,-1,0.02748633611151034
1967,cwm_pc2,6,0.6,0.2206713619198468
1967,pd_prob_mctavish,10,1,0.02748633611151034
1967,mpd_prob_mctavish,10,1,0.02748633611151034
1968,corrected_richness,10,1,0.02748633611151034
1968,shannon,10,1,0.02748633611151034
1968,inv_simpson,10,1,0.02748633611151034
1968,trait_volume,2,0.2,0.8064959405073402
1968,trait_dispersion,8,0.8,0.08641073297370003
1968,rao_q,8,0.8,0.08641073297370003
1968,feve,8,0.8,0.08641073297370003
1968,fdiv,-8,-0.8,0.08641073297370003
1968,fric_prob,0,0,1
1968,fdiv_fund,8,0.8,0.08641073297370003
1968,feve_fund,-8,-0.8,0.08641073297370003
1968,fdis_prob,8,0.8,0.08641073297370003
1968,fmpd_prob,8,0.8,0.08641073297370003
1968,raoq_fund,10,1,0.02748633611151034
1968,cwm_pc1,-10,-1,0.02748633611151034
1968,cwm_pc2,6,0.6,0.2206713619198468
1968,pd_prob_mctavish,10,1,0.02748633611151034
1968,mpd_prob_mctavish,10,1,0.02748633611151034
1969,corrected_richness,10,1,0.02748633611151034
1969,shannon,10,1,0.02748633611151034
1969,inv_simpson,10,1,0.02748633611151034
1969,trait_volume,2,0.2,0.8064959405073402
1969,trait_dispersion,8,0.8,0.08641073297370003
1969,rao_q,8,0.8,0.08641073297370003
1969,feve,8,0.8,0.08641073297370003
1969,fdiv,-8,-0.8,0.08641073297370003
1969,fric_prob,0,0,1
1969,fdiv_fund,6,0.6,0.2206713619198468
1969,feve_fund,-6,-0.6,0.2206713619198468
1969,fdis_prob,8,0.8,0.08641073297370003
1969,fmpd_prob,8,0.8,0.08641073297370003
1969,raoq_fund,8,0.8,0.08641073297370003
1969,cwm_pc1,-10,-1,0.02748633611151034
1969,cwm_pc2,6,0.6,0.2206713619198468
1969,pd_prob_mctavish,10,1,0.02748633611151034
1969,mpd_prob_mctavish,10,1,0.02748633611151034
1970,corrected_richness,10,1,0.02748633611151034
1970,shannon,10,1,0.02748633611151034
1970,inv_simpson,10,1,0.02748633611151034
1970,trait_volume,2,0.2,0.8064959405073402
1970,trait_dispersion,8,0.8,0.08641073297370003
1970,rao_q,8,0.8,0.08641073297370003
1970,feve,8,0.8,0.08641073297370003
1970,fdiv,-8,-0.8,0.08641073297370003
1970,fric_prob,0,0,1
1970,fdiv_fund,8,0.8,0.08641073297370003
1970,feve_fund,-4,-0.4,0.4624327264504763
1970,fdis_prob,8,0.8,0.08641073297370003
1970,fmpd_prob,8,0.8,0.08641073297370003
1970,raoq_fund,8,0.8,0.08641073297370003
1970,cwm_pc1,-10,-1,0.02748633611151034
1970,cwm_pc2,6,0.6,0.2206713619198468
1970,pd_prob_mctavish,10,1,0.02748633611151034
1970,mpd_prob_mctavish,10,1,0.02748633611151034
1971,corrected_richness,10,1,0.02748633611151034
1971,shannon,10,1,0.02748633611151034
1971,inv_simpson,10,1,0.02748633611151034
1971,trait_volume,2,0.2,0.8064959405073402
1971,trait_dispersion,8,0.8,0.08641073297370003
1971,rao_q,8,0.8,0.08641073297370003
1971,feve,8,0.8,0.08641073297370003
1971,fdiv,-8,-0.8,0.08641073297370003
1971,fric_prob,0,0,1
1971,fdiv_fund,8,0.8,0.08641073297370003
1971,feve_fund,-4,-0.4,0.4624327264504763
1971,fdis_prob,8,0.8,0.08641073297370003
1971,fmpd_prob,8,0.8,0.08641073297370003
1971,raoq_fund,4,0.4,0.4624327264504763
1971,cwm_pc1,-10,-1,0.02748633611151034
1971,cwm_pc2,6,0.6,0.2206713619198468
1971,pd_prob_mctavish,10,1,0.02748633611151034
1971,mpd_prob_mctavish,10,1,0.02748633611151034
1972,corrected_richness,10,1,0.02748633611151034
1972,shannon,10,1,0.02748633611151034
1972,inv_simpson,10,1,0.02748633611151034
1972,trait_volume,2,0.2,0.8064959405073402
1972,trait_dispersion,8,0.8,0.08641073297370003
1972,rao_q,8,0.8,0.08641073297370003
1972,feve,8,0.8,0.08641073297370003
1972,fdiv,-8,-0.8,0.08641073297370003
1972,fric_prob,0,0,1
1972,fdiv_fund,8,0.8,0.08641073297370003
1972,feve_fund,-4,-0.4,0.4624327264504763
1972,fdis_prob,8,0.8,0.08641073297370003
1972,fmpd_prob,8,0.8,0.08641073297370003
1972,raoq_fund,0,0,1
1972,cwm_pc1,-10,-1,0.02748633611151034
1972,cwm_pc2,6,0.6,0.2206713619198468
1972,pd_prob_mctavish,10,1,0.02748633611151034
1972,mpd_prob_mctavish,10,1,0.02748633611151034
1973,corrected_richness,10,1,0.02748633611151034
1973,shannon,10,1,0.02748633611151034
1973,inv_simpson,10,1,0.02748633611151034
1973,trait_volume,2,0.2,0.8064959405073402
1973,trait_dispersion,8,0.8,0.08641073297370003
1973,rao_q,8,0.8,0.08641073297370003
1973,feve,8,0.8,0.08641073297370003
1973,fdiv,-8,-0.8,0.08641073297370003
1973,fric_prob,0,0,1
1973,fdiv_fund,8,0.8,0.08641073297370003
1973,feve_fund,-4,-0.4,0.4624327264504763
1973,fdis_prob,2,0.2,0.8064959405073402
1973,fmpd_prob,8,0.8,0.08641073297370003
1973,raoq_fund,0,0,1
1973,cwm_pc1,-10,-1,0.02748633611151034
1973,cwm_pc2,6,0.6,0.2206713619198468
1973,pd_prob_mctavish,10,1,0.02748633611151034
1973,mpd_prob_mctavish,10,1,0.02748633611151034
1974,corrected_richness,10,1,0.02748633611151034
1974,shannon,10,1,0.02748633611151034
1974,inv_simpson,10,1,0.02748633611151034
1974,trait_volume,0,0,1
1974,trait_dispersion,8,0.8,0.08641073297370003
1974,rao_q,8,0.8,0.08641073297370003
1974,feve,10,1,0.02748633611151034
1974,fdiv,-8,-0.8,0.08641073297370003
1974,fric_prob,0,0,1
1974,fdiv_fund,8,0.8,0.08641073297370003
1974,feve_fund,-2,-0.2,0.8064959405073402
1974,fdis_prob,2,0.2,0.8064959405073402
1974,fmpd_prob,8,0.8,0.08641073297370003
1974,raoq_fund,-6,-0.6,0.2206713619198468
1974,cwm_pc1,-10,-1,0.02748633611151034
1974,cwm_pc2,6,0.6,0.2206713619198468
1974,pd_prob_mctavish,10,1,0.02748633611151034
1974,mpd_prob_mctavish,10,1,0.02748633611151034
1975,corrected_richness,10,1,0.02748633611151034
1975,shannon,10,1,0.02748633611151034
1975,inv_simpson,10,1,0.02748633611151034
1975,trait_volume,-4,-0.4,0.4624327264504763
1975,trait_dispersion,8,0.8,0.08641073297370003
1975,rao_q,8,0.8,0.08641073297370003
1975,feve,10,1,0.02748633611151034
1975,fdiv,-8,-0.8,0.08641073297370003
1975,fric_prob,0,0,1
1975,fdiv_fund,6,0.6,0.2206713619198468
1975,feve_fund,0,0,1
1975,fdis_prob,-2,-0.2,0.8064959405073402
1975,fmpd_prob,8,0.8,0.08641073297370003
1975,raoq_fund,-10,-1,0.02748633611151034
1975,cwm_pc1,-10,-1,0.02748633611151034
1975,cwm_pc2,6,0.6,0.2206713619198468
1975,pd_prob_mctavish,10,1,0.02748633611151034
1975,mpd_prob_mctavish,10,1,0.02748633611151034
1976,corrected_richness,10,1,0.02748633611151034
1976,shannon,10,1,0.02748633611151034
1976,inv_simpson,10,1,0.02748633611151034
1976,trait_volume,-8,-0.8,0.08641073297370003
1976,trait_dispersion,8,0.8,0.08641073297370003
1976,rao_q,8,0.8,0.08641073297370003
1976,feve,10,1,0.02748633611151034
1976,fdiv,-8,-0.8,0.08641073297370003
1976,fric_prob,0,0,1
1976,fdiv_fund,2,0.2,0.8064959405073402
1976,feve_fund,-2,-0.2,0.8064959405073402
1976,fdis_prob,-4,-0.4,0.4624327264504763
1976,fmpd_prob,6,0.6,0.2206713619198468
1976,raoq_fund,-10,-1,0.02748633611151034
1976,cwm_pc1,-10,-1,0.02748633611151034
1976,cwm_pc2,6,0.6,0.2206713619198468
1976,pd_prob_mctavish,10,1,0.02748633611151034
1976,mpd_prob_mctavish,10,1,0.02748633611151034
1977,corrected_richness,10,1,0.02748633611151034
1977,shannon,10,1,0.02748633611151034
1977,inv_simpson,10,1,0.02748633611151034
1977,trait_volume,-8,-0.8,0.08641073297370003
1977,trait_dispersion,6,0.6,0.2206713619198468
1977,rao_q,2,0.2,0.8064959405073402
1977,feve,10,1,0.02748633611151034
1977,fdiv,-8,-0.8,0.08641073297370003
1977,fric_prob,0,0,1
1977,fdiv_fund,2,0.2,0.8064959405073402
1977,feve_fund,-2,-0.2,0.8064959405073402
1977,fdis_prob,-4,-0.4,0.4624327264504763
1977,fmpd_prob,0,0,1
1977,raoq_fund,-10,-1,0.02748633611151034
1977,cwm_pc1,-10,-1,0.02748633611151034
1977,cwm_pc2,4,0.4,0.4624327264504763
1977,pd_prob_mctavish,10,1,0.02748633611151034
1977,mpd_prob_mctavish,10,1,0.02748633611151034
1978,corrected_richness,10,1,0.02748633611151034
1978,shannon,10,1,0.02748633611151034
1978,inv_simpson,10,1,0.02748633611151034
1978,trait_volume,-8,-0.8,0.08641073297370003
1978,trait_dispersion,6,0.6,0.2206713619198468
1978,rao_q,-2,-0.2,0.8064959405073402
1978,feve,10,1,0.02748633611151034
1978,fdiv,-8,-0.8,0.08641073297370003
1978,fric_prob,0,0,1
1978,fdiv_fund,-2,-0.2,0.8064959405073402
1978,feve_fund,-2,-0.2,0.8064959405073402
1978,fdis_prob,-2,-0.2,0.8064959405073402
1978,fmpd_prob,-2,-0.2,0.8064959405073402
1978,raoq_fund,-8,-0.8,0.08641073297370003
1978,cwm_pc1,-10,-1,0.02748633611151034
1978,cwm_pc2,4,0.4,0.4624327264504763
1978,pd_prob_mctavish,10,1,0.02748633611151034
1978,mpd_prob_mctavish,10,1,0.02748633611151034
1979,corrected_richness,10,1,0.02748633611151034
1979,shannon,10,1,0.02748633611151034
1979,inv_simpson,10,1,0.02748633611151034
1979,trait_volume,-8,-0.8,0.08641073297370003
1979,trait_dispersion,6,0.6,0.2206713619198468
1979,rao_q,-4,-0.4,0.4624327264504763
1979,feve,10,1,0.02748633611151034
1979,fdiv,-8,-0.8,0.08641073297370003
1979,fric_prob,4,0.4,0.2888443663464849
1979,fdiv_fund,-2,-0.2,0.8064959405073402
1979,feve_fund,-2,-0.2,0.8064959405073402
1979,fdis_prob,-6,-0.6,0.2206713619198468
1979,fmpd_prob,-4,-0.4,0.4624327264504763
1979,raoq_fund,-8,-0.8,0.08641073297370003
1979,cwm_pc1,-10,-1,0.02748633611151034
1979,cwm_pc2,4,0.4,0.4624327264504763
1979,pd_prob_mctavish,10,1,0.02748633611151034
1979,mpd_prob_mctavish,10,1,0.02748633611151034
1980,corrected_richness,10,1,0.02748633611151034
1980,shannon,10,1,0.02748633611151034
1980,inv_simpson,10,1,0.02748633611151034
1980,trait_volume,-8,-0.8,0.08641073297370003
1980,trait_dispersion,6,0.6,0.2206713619198468
1980,rao_q,-4,-0.4,0.4624327264504763
1980,feve,10,1,0.02748633611151034
1980,fdiv,-8,-0.8,0.08641073297370003
1980,fric_prob,3,0.3,0.6133543559547467
1980,fdiv_fund,-6,-0.6,0.2206713619198468
1980,feve_fund,-6,-0.6,0.2206713619198468
1980,fdis_prob,-6,-0.6,0.2206713619198468
1980,fmpd_prob,-4,-0.4,0.4624327264504763
1980,raoq_fund,-10,-1,0.02748633611151034
1980,cwm_pc1,-8,-0.8,0.08641073297370003
1980,cwm_pc2,4,0.4,0.4624327264504763
1980,pd_prob_mctavish,10,1,0.02748633611151034
1980,mpd_prob_mctavish,10,1,0.02748633611151034
1981,corrected_richness,10,1,0.02748633611151034
1981,shannon,10,1,0.02748633611151034
1981,inv_simpson,10,1,0.02748633611151034
1981,trait_volume,-8,-0.8,0.08641073297370003
1981,trait_dispersion,4,0.4,0.4624327264504763
1981,rao_q,-8,-0.8,0.08641073297370003
1981,feve,10,1,0.02748633611151034
1981,fdiv,-8,-0.8,0.08641073297370003
1981,fric_prob,2,0.2,0.8064959405073402
1981,fdiv_fund,-6,-0.6,0.2206713619198468
1981,feve_fund,-8,-0.8,0.08641073297370003
1981,fdis_prob,-8,-0.8,0.08641073297370003
1981,fmpd_prob,-8,-0.8,0.08641073297370003
1981,raoq_fund,-10,-1,0.02748633611151034
1981,cwm_pc1,-8,-0.8,0.08641073297370003
1981,cwm_pc2,4,0.4,0.4624327264504763
1981,pd_prob_mctavish,10,1,0.02748633611151034
1981,mpd_prob_mctavish,8,0.8,0.08641073297370003
1982,corrected_richness,10,1,0.02748633611151034
1982,shannon,10,1,0.02748633611151034
1982,inv_simpson,10,1,0.02748633611151034
1982,trait_volume,-8,-0.8,0.08641073297370003
1982,trait_dispersion,-2,-0.2,0.8064959405073402
1982,rao_q,-10,-1,0.02748633611151034
1982,feve,10,1,0.02748633611151034
1982,fdiv,-8,-0.8,0.08641073297370003
1982,fric_prob,2,0.2,0.8064959405073402
1982,fdiv_fund,-4,-0.4,0.4624327264504763
1982,feve_fund,-8,-0.8,0.08641073297370003
1982,fdis_prob,-6,-0.6,0.2206713619198468
1982,fmpd_prob,-10,-1,0.02748633611151034
1982,raoq_fund,-8,-0.8,0.08641073297370003
1982,cwm_pc1,-8,-0.8,0.08641073297370003
1982,cwm_pc2,4,0.4,0.4624327264504763
1982,pd_prob_mctavish,10,1,0.02748633611151034
1982,mpd_prob_mctavish,8,0.8,0.08641073297370003
1983,corrected_richness,10,1,0.02748633611151034
1983,shannon,10,1,0.02748633611151034
1983,inv_simpson,10,1,0.02748633611151034
1983,trait_volume,-10,-1,0.02748633611151034
1983,trait_dispersion,-2,-0.2,0.8064959405073402
1983,rao_q,-10,-1,0.02748633611151034
1983,feve,10,1,0.02748633611151034
1983,fdiv,-8,-0.8,0.08641073297370003
1983,fric_prob,2,0.2,0.8064959405073402
1983,fdiv_fund,-2,-0.2,0.8064959405073402
1983,feve_fund,-10,-1,0.02748633611151034
1983,fdis_prob,-6,-0.6,0.2206713619198468
1983,fmpd_prob,-10,-1,0.02748633611151034
1983,raoq_fund,-8,-0.8,0.08641073297370003
1983,cwm_pc1,-8,-0.8,0.08641073297370003
1983,cwm_pc2,4,0.4,0.4624327264504763
1983,pd_prob_mctavish,10,1,0.02748633611151034
1983,mpd_prob_mctavish,10,1,0.02748633611151034
1984,corrected_richness,10,1,0.02748633611151034
1984,shannon,10,1,0.02748633611151034
1984,inv_simpson,10,1,0.02748633611151034
1984,trait_volume,-10,-1,0.02748633611151034
1984,trait_dispersion,-4,-0.4,0.4624327264504763
1984,rao_q,-10,-1,0.02748633611151034
1984,feve,10,1,0.02748633611151034
1984,fdiv,-8,-0.8,0.08641073297370003
1984,fric_prob,0,0,1
1984,fdiv_fund,-4,-0.4,0.4624327264504763
1984,feve_fund,-10,-1,0.02748633611151034
1984,fdis_prob,-4,-0.4,0.4624327264504763
1984,fmpd_prob,-10,-1,0.02748633611151034
1984,raoq_fund,-8,-0.8,0.08641073297370003
1984,cwm_pc1,-8,-0.8,0.08641073297370003
1984,cwm_pc2,4,0.4,0.4624327264504763
1984,pd_prob_mctavish,10,1,0.02748633611151034
1984,mpd_prob_mctavish,10,1,0.02748633611151034
1985,corrected_richness,10,1,0.02748633611151034
1985,shannon,10,1,0.02748633611151034
1985,inv_simpson,10,1,0.02748633611151034
1985,trait_volume,-10,-1,0.02748633611151034
1985,trait_dispersion,-4,-0.4,0.4624327264504763
1985,rao_q,-10,-1,0.02748633611151034
1985,feve,10,1,0.02748633611151034
1985,fdiv,-8,-0.8,0.08641073297370003
1985,fric_prob,0,0,1
1985,fdiv_fund,0,0,1
1985,feve_fund,-10,-1,0.02748633611151034
1985,fdis_prob,-4,-0.4,0.4624327264504763
1985,fmpd_prob,-10,-1,0.02748633611151034
1985,raoq_fund,-8,-0.8,0.08641073297370003
1985,cwm_pc1,-8,-0.8,0.08641073297370003
1985,cwm_pc2,4,0.4,0.4624327264504763
1985,pd_prob_mctavish,10,1,0.02748633611151034
1985,mpd_prob_mctavish,10,1,0.02748633611151034
1986,corrected_richness,10,1,0.02748633611151034
1986,shannon,10,1,0.02748633611151034
1986,inv_simpson,10,1,0.02748633611151034
1986,trait_volume,-10,-1,0.02748633611151034
1986,trait_dispersion,-4,-0.4,0.4624327264504763
1986,rao_q,-10,-1,0.02748633611151034
1986,feve,10,1,0.02748633611151034
1986,fdiv,-6,-0.6,0.2206713619198468
1986,fric_prob,-2,-0.2,0.8064959405073402
1986,fdiv_fund,4,0.4,0.4624327264504763
1986,feve_fund,-10,-1,0.02748633611151034
1986,fdis_prob,-4,-0.4,0.4624327264504763
1986,fmpd_prob,-10,-1,0.02748633611151034
1986,raoq_fund,-10,-1,0.02748633611151034
1986,cwm_pc1,-8,-0.8,0.08641073297370003
1986,cwm_pc2,4,0.4,0.4624327264504763
1986,pd_prob_mctavish,10,1,0.02748633611151034
1986,mpd_prob_mctavish,10,1,0.02748633611151034
1987,corrected_richness,10,1,0.02748633611151034
1987,shannon,10,1,0.02748633611151034
1987,inv_simpson,10,1,0.02748633611151034
1987,trait_volume,-10,-1,0.02748633611151034
1987,trait_dispersion,-4,-0.4,0.4624327264504763
1987,rao_q,-10,-1,0.02748633611151034
1987,feve,10,1,0.02748633611151034
1987,fdiv,-4,-0.4,0.4624327264504763
1987,fric_prob,0,0,1
1987,fdiv_fund,8,0.8,0.08641073297370003
1987,feve_fund,-10,-1,0.02748633611151034
1987,fdis_prob,-10,-1,0.02748633611151034
1987,fmpd_prob,-10,-1,0.02748633611151034
1987,raoq_fund,-10,-1,0.02748633611151034
1987,cwm_pc1,-8,-0.8,0.08641073297370003
1987,cwm_pc2,4,0.4,0.4624327264504763
1987,pd_prob_mctavish,10,1,0.02748633611151034
1987,mpd_prob_mctavish,10,1,0.02748633611151034
1988,corrected_richness,10,1,0.02748633611151034
1988,shannon,10,1,0.02748633611151034
1988,inv_simpson,10,1,0.02748633611151034
1988,trait_volume,-10,-1,0.02748633611151034
1988,trait_dispersion,-4,-0.4,0.4624327264504763
1988,rao_q,-10,-1,0.02748633611151034
1988,feve,10,1,0.02748633611151034
1988,fdiv,-4,-0.4,0.4624327264504763
1988,fric_prob,0,0,1
1988,fdiv_fund,-2,-0.2,0.8064959405073402
1988,feve_fund,-10,-1,0.02748633611151034
1988,fdis_prob,-10,-1,0.02748633611151034
1988,fmpd_prob,-10,-1,0.02748633611151034
1988,raoq_fund,-10,-1,0.02748633611151034
1988,cwm_pc1,-8,-0.8,0.08641073297370003
1988,cwm_pc2,4,0.4,0.4624327264504763
1988,pd_prob_mctavish,10,1,0.02748633611151034
1988,mpd_prob_mctavish,10,1,0.02748633611151034
1989,corrected_richness,10,1,0.02748633611151034
1989,shannon,10,1,0.02748633611151034
1989,inv_simpson,10,1,0.02748633611151034
1989,trait_volume,-10,-1,0.02748633611151034
1989,trait_dispersion,-6,-0.6,0.2206713619198468
1989,rao_q,-10,-1,0.02748633611151034
1989,feve,10,1,0.02748633611151034
1989,fdiv,-4,-0.4,0.4624327264504763
1989,fric_prob,-2,-0.2,0.8064959405073402
1989,fdiv_fund,-2,-0.2,0.8064959405073402
1989,feve_fund,-10,-1,0.02748633611151034
1989,fdis_prob,-10,-1,0.02748633611151034
1989,fmpd_prob,-10,-1,0.02748633611151034
1989,raoq_fund,-10,-1,0.02748633611151034
1989,cwm_pc1,-8,-0.8,0.08641073297370003
1989,cwm_pc2,4,0.4,0.4624327264504763
1989,pd_prob_mctavish,10,1,0.02748633611151034
1989,mpd_prob_mctavish,10,1,0.02748633611151034
1990,corrected_richness,10,1,0.02748633611151034
1990,shannon,10,1,0.02748633611151034
1990,inv_simpson,10,1,0.02748633611151034
1990,trait_volume,-10,-1,0.02748633611151034
1990,trait_dispersion,-6,-0.6,0.2206713619198468
1990,rao_q,-10,-1,0.02748633611151034
1990,feve,10,1,0.02748633611151034
1990,fdiv,-4,-0.4,0.4624327264504763
1990,fric_prob,-8,-0.8,0.08641073297370003
1990,fdiv_fund,-6,-0.6,0.2206713619198468
1990,feve_fund,-10,-1,0.02748633611151034
1990,fdis_prob,-8,-0.8,0.08641073297370003
1990,fmpd_prob,-10,-1,0.02748633611151034
1990,raoq_fund,-10,-1,0.02748633611151034
1990,cwm_pc1,-8,-0.8,0.08641073297370003
1990,cwm_pc2,4,0.4,0.4624327264504763
1990,pd_prob_mctavish,10,1,0.02748633611151034
1990,mpd_prob_mctavish,10,1,0.02748633611151034
1991,corrected_richness,10,1,0.02748633611151034
1991,shannon,10,1,0.02748633611151034
1991,inv_simpson,10,1,0.02748633611151034
1991,trait_volume,-10,-1,0.02748633611151034
1991,trait_dispersion,-6,-0.6,0.2206713619198468
1991,rao_q,-10,-1,0.02748633611151034
1991,feve,10,1,0.02748633611151034
1991,fdiv,-4,-0.4,0.4624327264504763
1991,fric_prob,-6,-0.6,0.2206713619198468
1991,fdiv_fund,-8,-0.8,0.08641073297370003
1991,feve_fund,-10,-1,0.02748633611151034
1991,fdis_prob,-6,-0.6,0.2206713619198468
1991,fmpd_prob,-10,-1,0.02748633611151034
1991,raoq_fund,-10,-1,0.02748633611151034
1991,cwm_pc1,-8,-0.8,0.08641073297370003
1991,cwm_pc2,6,0.6,0.2206713619198468
1991,pd_prob_mctavish,10,1,0.02748633611151034
1991,mpd_prob_mctavish,10,1,0.02748633611151034
1992,corrected_richness,10,1,0.02748633611151034
1992,shannon,10,1,0.02748633611151034
1992,inv_simpson,10,1,0.02748633611151034
1992,trait_volume,-10,-1,0.02748633611151034
1992,trait_dispersion,-6,-0.6,0.2206713619198468
1992,rao_q,-10,-1,0.02748633611151034
1992,feve,10,1,0.02748633611151034
1992,fdiv,0,0,1
1992,fric_prob,-6,-0.6,0.2206713619198468
1992,fdiv_fund,-8,-0.8,0.08641073297370003
1992,feve_fund,-10,-1,0.02748633611151034
1992,fdis_prob,-4,-0.4,0.4624327264504763
1992,fmpd_prob,-10,-1,0.02748633611151034
1992,raoq_fund,-8,-0.8,0.08641073297370003
1992,cwm_pc1,-8,-0.8,0.08641073297370003
1992,cwm_pc2,6,0.6,0.2206713619198468
1992,pd_prob_mctavish,10,1,0.02748633611151034
1992,mpd_prob_mctavish,10,1,0.02748633611151034
1993,corrected_richness,10,1,0.02748633611151034
1993,shannon,10,1,0.02748633611151034
1993,inv_simpson,10,1,0.02748633611151034
1993,trait_volume,-10,-1,0.02748633611151034
1993,trait_dispersion,-6,-0.6,0.2206713619198468
1993,rao_q,-10,-1,0.02748633611151034
1993,feve,10,1,0.02748633611151034
1993,fdiv,2,0.2,0.8064959405073402
1993,fric_prob,-6,-0.6,0.2206713619198468
1993,fdiv_fund,-8,-0.8,0.08641073297370003
1993,feve_fund,-10,-1,0.02748633611151034
1993,fdis_prob,-4,-0.4,0.4624327264504763
1993,fmpd_prob,-10,-1,0.02748633611151034
1993,raoq_fund,-8,-0.8,0.08641073297370003
1993,cwm_pc1,-6,-0.6,0.2206713619198468
1993,cwm_pc2,6,0.6,0.2206713619198468
1993,pd_prob_mctavish,10,1,0.02748633611151034
1993,mpd_prob_mctavish,10,1,0.02748633611151034
1994,corrected_richness,10,1,0.02748633611151034
1994,shannon,10,1,0.02748633611151034
1994,inv_simpson,10,1,0.02748633611151034
1994,trait_volume,-10,-1,0.02748633611151034
1994,trait_dispersion,-8,-0.8,0.08641073297370003
1994,rao_q,-10,-1,0.02748633611151034
1994,feve,10,1,0.02748633611151034
1994,fdiv,2,0.2,0.8064959405073402
1994,fric_prob,-8,-0.8,0.08641073297370003
1994,fdiv_fund,-6,-0.6,0.2206713619198468
1994,feve_fund,-10,-1,0.02748633611151034
1994,fdis_prob,-4,-0.4,0.4624327264504763
1994,fmpd_prob,-10,-1,0.02748633611151034
1994,raoq_fund,-6,-0.6,0.2206713619198468
1994,cwm_pc1,-6,-0.6,0.2206713619198468
1994,cwm_pc2,8,0.8,0.08641073297370003
1994,pd_prob_mctavish,10,1,0.02748633611151034
1994,mpd_prob_mctavish,10,1,0.02748633611151034
1995,corrected_richness,10,1,0.02748633611151034
1995,shannon,10,1,0.02748633611151034
1995,inv_simpson,10,1,0.02748633611151034
1995,trait_volume,-10,-1,0.02748633611151034
1995,trait_dispersion,-8,-0.8,0.08641073297370003
1995,rao_q,-10,-1,0.02748633611151034
1995,feve,10,1,0.02748633611151034
1995,fdiv,4,0.4,0.4624327264504763
1995,fric_prob,-8,-0.8,0.08641073297370003
1995,fdiv_fund,-8,-0.8,0.08641073297370003
1995,feve_fund,-10,-1,0.02748633611151034
1995,fdis_prob,-4,-0.4,0.4624327264504763
1995,fmpd_prob,-10,-1,0.02748633611151034
1995,raoq_fund,-6,-0.6,0.2206713619198468
1995,cwm_pc1,-6,-0.6,0.2206713619198468
1995,cwm_pc2,8,0.8,0.08641073297370003
1995,pd_prob_mctavish,10,1,0.02748633611151034
1995,mpd_prob_mctavish,10,1,0.02748633611151034
1996,corrected_richness,10,1,0.02748633611151034
1996,shannon,10,1,0.02748633611151034
1996,inv_simpson,10,1,0.02748633611151034
1996,trait_volume,-10,-1,0.02748633611151034
1996,trait_dispersion,-8,-0.8,0.08641073297370003
1996,rao_q,-10,-1,0.02748633611151034
1996,feve,10,1,0.02748633611151034
1996,fdiv,4,0.4,0.4624327264504763
1996,fric_prob,-6,-0.6,0.2206713619198468
1996,fdiv_fund,-8,-0.8,0.08641073297370003
1996,feve_fund,-10,-1,0.02748633611151034
1996,fdis_prob,-6,-0.6,0.2206713619198468
1996,fmpd_prob,-10,-1,0.02748633611151034
1996,raoq_fund,-6,-0.6,0.2206713619198468
1996,cwm_pc1,-6,-0.6,0.2206713619198468
1996,cwm_pc2,6,0.6,0.2206713619198468
1996,pd_prob_mctavish,10,1,0.02748633611151034
1996,mpd_prob_mctavish,10,1,0.02748633611151034
1997,corrected_richness,10,1,0.02748633611151034
1997,shannon,10,1,0.02748633611151034
1997,inv_simpson,10,1,0.02748633611151034
1997,trait_volume,-10,-1,0.02748633611151034
1997,trait_dispersion,-8,-0.8,0.08641073297370003
1997,rao_q,-10,-1,0.02748633611151034
1997,feve,10,1,0.02748633611151034
1997,fdiv,4,0.4,0.4624327264504763
1997,fric_prob,-6,-0.6,0.2206713619198468
1997,fdiv_fund,-8,-0.8,0.08641073297370003
1997,feve_fund,-10,-1,0.02748633611151034
1997,fdis_prob,-6,-0.6,0.2206713619198468
1997,fmpd_prob,-10,-1,0.02748633611151034
1997,raoq_fund,-8,-0.8,0.08641073297370003
1997,cwm_pc1,-6,-0.6,0.2206713619198468
1997,cwm_pc2,6,0.6,0.2206713619198468
1997,pd_prob_mctavish,10,1,0.02748633611151034
1997,mpd_prob_mctavish,10,1,0.02748633611151034
1998,corrected_richness,10,1,0.02748633611151034
1998,shannon,10,1,0.02748633611151034
1998,inv_simpson,10,1,0.02748633611151034
1998,trait_volume,-10,-1,0.02748633611151034
1998,trait_dispersion,-8,-0.8,0.08641073297370003
1998,rao_q,-10,-1,0.02748633611151034
1998,feve,10,1,0.02748633611151034
1998,fdiv,4,0.4,0.4624327264504763
1998,fric_prob,-6,-0.6,0.2206713619198468
1998,fdiv_fund,-8,-0.8,0.08641073297370003
1998,feve_fund,-10,-1,0.02748633611151034
1998,fdis_prob,-6,-0.6,0.2206713619198468
1998,fmpd_prob,-10,-1,0.02748633611151034
1998,raoq_fund,-8,-0.8,0.08641073297370003
1998,cwm_pc1,-6,-0.6,0.2206713619198468
1998,cwm_pc2,6,0.6,0.2206713619198468
1998,pd_prob_mctavish,10,1,0.02748633611151034
1998,mpd_prob_mctavish,10,1,0.02748633611151034
2024,corrected_richness,10,1,0.02748633611151034
2024,shannon,10,1,0.02748633611151034
2024,inv_simpson,10,1,0.02748633611151034
2024,trait_volume,2,0.2,0.8064959405073402
2024,trait_dispersion,6,0.6,0.2206713619198468
2024,rao_q,4,0.4,0.4624327264504763
2024,feve,10,1,0.02748633611151034
2024,fdiv,0,0,1
2024,fric_prob,0,0,1
2024,fdiv_fund,8,0.8,0.08641073297370003
2024,feve_fund,4,0.4,0.4624327264504763
2024,fdis_prob,6,0.6,0.2206713619198468
2024,fmpd_prob,4,0.4,0.4624327264504763
2024,raoq_fund,8,0.8,0.08641073297370003
2024,cwm_pc1,-10,-1,0.02748633611151034
2024,cwm_pc2,6,0.6,0.2206713619198468
2024,pd_prob_mctavish,10,1,0.02748633611151034
2024,mpd_prob_mctavish,10,1,0.02748633611151034
2027,corrected_richness,10,1,0.02748633611151034
2027,shannon,10,1,0.02748633611151034
2027,inv_simpson,10,1,0.02748633611151034
2027,trait_volume,2,0.2,0.8064959405073402
2027,trait_dispersion,6,0.6,0.2206713619198468
2027,rao_q,6,0.6,0.2206713619198468
2027,feve,10,1,0.02748633611151034
2027,fdiv,0,0,1
2027,fric_prob,0,0,1
2027,fdiv_fund,8,0.8,0.08641073297370003
2027,feve_fund,4,0.4,0.4624327264504763
2027,fdis_prob,8,0.8,0.08641073297370003
2027,fmpd_prob,6,0.6,0.2206713619198468
2027,raoq_fund,8,0.8,0.08641073297370003
2027,cwm_pc1,-10,-1,0.02748633611151034
2027,cwm_pc2,6,0.6,0.2206713619198468
2027,pd_prob_mctavish,10,1,0.02748633611151034
2027,mpd_prob_mctavish,10,1,0.02748633611151034
2028,corrected_richness,10,1,0.02748633611151034
2028,shannon,10,1,0.02748633611151034
2028,inv_simpson,10,1,0.02748633611151034
2028,trait_volume,2,0.2,0.8064959405073402
2028,trait_dispersion,6,0.6,0.2206713619198468
2028,rao_q,6,0.6,0.2206713619198468
2028,feve,10,1,0.02748633611151034
2028,fdiv,0,0,1
2028,fric_prob,0,0,1
2028,fdiv_fund,8,0.8,0.08641073297370003
2028,feve_fund,4,0.4,0.4624327264504763
2028,fdis_prob,8,0.8,0.08641073297370003
2028,fmpd_prob,6,0.6,0.2206713619198468
2028,raoq_fund,8,0.8,0.08641073297370003
2028,cwm_pc1,-10,-1,0.02748633611151034
2028,cwm_pc2,6,0.6,0.2206713619198468
2028,pd_prob_mctavish,10,1,0.02748633611151034
2028,mpd_prob_mctavish,10,1,0.02748633611151034
2039,corrected_richness,10,1,0.02748633611151034
2039,shannon,10,1,0.02748633611151034
2039,inv_simpson,10,1,0.02748633611151034
2039,trait_volume,4,0.4,0.4624327264504763
2039,trait_dispersion,8,0.8,0.08641073297370003
2039,rao_q,8,0.8,0.08641073297370003
2039,feve,8,0.8,0.08641073297370003
2039,fdiv,-6,-0.6,0.2206713619198468
2039,fric_prob,0,0,1
2039,fdiv_fund,8,0.8,0.08641073297370003
2039,feve_fund,-6,-0.6,0.2206713619198468
2039,fdis_prob,8,0.8,0.08641073297370003
2039,fmpd_prob,8,0.8,0.08641073297370003
2039,raoq_fund,10,1,0.02748633611151034
2039,cwm_pc1,-10,-1,0.02748633611151034
2039,cwm_pc2,6,0.6,0.2206713619198468
2039,pd_prob_mctavish,10,1,0.02748633611151034
2039,mpd_prob_mctavish,10,1,0.02748633611151034
2040,corrected_richness,10,1,0.02748633611151034
2040,shannon,10,1,0.02748633611151034
2040,inv_simpson,10,1,0.02748633611151034
2040,trait_volume,4,0.4,0.4624327264504763
2040,trait_dispersion,8,0.8,0.08641073297370003
2040,rao_q,8,0.8,0.08641073297370003
2040,feve,8,0.8,0.08641073297370003
2040,fdiv,-8,-0.8,0.08641073297370003
2040,fric_prob,0,0,1
2040,fdiv_fund,8,0.8,0.08641073297370003
2040,feve_fund,-8,-0.8,0.08641073297370003
2040,fdis_prob,8,0.8,0.08641073297370003
2040,fmpd_prob,8,0.8,0.08641073297370003
2040,raoq_fund,10,1,0.02748633611151034
2040,cwm_pc1,-10,-1,0.02748633611151034
2040,cwm_pc2,6,0.6,0.2206713619198468
2040,pd_prob_mctavish,10,1,0.02748633611151034
2040,mpd_prob_mctavish,10,1,0.02748633611151034
2041,corrected_richness,10,1,0.02748633611151034
2041,shannon,10,1,0.02748633611151034
2041,inv_simpson,10,1,0.02748633611151034
2041,trait_volume,4,0.4,0.4624327264504763
2041,trait_dispersion,8,0.8,0.08641073297370003
2041,rao_q,8,0.8,0.08641073297370003
2041,feve,8,0.8,0.08641073297370003
2041,fdiv,-8,-0.8,0.08641073297370003
2041,fric_prob,0,0,1
2041,fdiv_fund,8,0.8,0.08641073297370003
2041,feve_fund,-4,-0.4,0.4624327264504763
2041,fdis_prob,8,0.8,0.08641073297370003
2041,fmpd_prob,8,0.8,0.08641073297370003
2041,raoq_fund,8,0.8,0.08641073297370003
2041,cwm_pc1,-10,-1,0.02748633611151034
2041,cwm_pc2,6,0.6,0.2206713619198468
2041,pd_prob_mctavish,10,1,0.02748633611151034
2041,mpd_prob_mctavish,10,1,0.02748633611151034
2044,corrected_richness,10,1,0.02748633611151034
2044,shannon,10,1,0.02748633611151034
2044,inv_simpson,10,1,0.02748633611151034
2044,trait_volume,4,0.4,0.4624327264504763
2044,trait_dispersion,8,0.8,0.08641073297370003
2044,rao_q,8,0.8,0.08641073297370003
2044,feve,10,1,0.02748633611151034
2044,fdiv,-8,-0.8,0.08641073297370003
2044,fric_prob,0,0,1
2044,fdiv_fund,8,0.8,0.08641073297370003
2044,feve_fund,-2,-0.2,0.8064959405073402
2044,fdis_prob,8,0.8,0.08641073297370003
2044,fmpd_prob,8,0.8,0.08641073297370003
2044,raoq_fund,6,0.6,0.2206713619198468
2044,cwm_pc1,-10,-1,0.02748633611151034
2044,cwm_pc2,6,0.6,0.2206713619198468
2044,pd_prob_mctavish,10,1,0.02748633611151034
2044,mpd_prob_mctavish,10,1,0.02748633611151034
2045,corrected_richness,10,1,0.02748633611151034
2045,shannon,10,1,0.02748633611151034
2045,inv_simpson,10,1,0.02748633611151034
2045,trait_volume,4,0.4,0.4624327264504763
2045,trait_dispersion,8,0.8,0.08641073297370003
2045,rao_q,8,0.8,0.08641073297370003
2045,feve,10,1,0.02748633611151034
2045,fdiv,-8,-0.8,0.08641073297370003
2045,fric_prob,0,0,1
2045,fdiv_fund,8,0.8,0.08641073297370003
2045,feve_fund,-2,-0.2,0.8064959405073402
2045,fdis_prob,8,0.8,0.08641073297370003
2045,fmpd_prob,8,0.8,0.08641073297370003
2045,raoq_fund,2,0.2,0.8064959405073402
2045,cwm_pc1,-10,-1,0.02748633611151034
2045,cwm_pc2,6,0.6,0.2206713619198468
2045,pd_prob_mctavish,10,1,0.02748633611151034
2045,mpd_prob_mctavish,10,1,0.02748633611151034
2046,corrected_richness,10,1,0.02748633611151034
2046,shannon,10,1,0.02748633611151034
2046,inv_simpson,10,1,0.02748633611151034
2046,trait_volume,2,0.2,0.8064959405073402
2046,trait_dispersion,8,0.8,0.08641073297370003
2046,rao_q,8,0.8,0.08641073297370003
2046,feve,10,1,0.02748633611151034
2046,fdiv,-8,-0.8,0.08641073297370003
2046,fric_prob,0,0,1
2046,fdiv_fund,8,0.8,0.08641073297370003
2046,feve_fund,-4,-0.4,0.4624327264504763
2046,fdis_prob,4,0.4,0.4624327264504763
2046,fmpd_prob,8,0.8,0.08641073297370003
2046,raoq_fund,-6,-0.6,0.2206713619198468
2046,cwm_pc1,-10,-1,0.02748633611151034
2046,cwm_pc2,6,0.6,0.2206713619198468
2046,pd_prob_mctavish,10,1,0.02748633611151034
2046,mpd_prob_mctavish,10,1,0.02748633611151034
2047,corrected_richness,10,1,0.02748633611151034
2047,shannon,10,1,0.02748633611151034
2047,inv_simpson,10,1,0.02748633611151034
2047,trait_volume,-2,-0.2,0.8064959405073402
2047,trait_dispersion,8,0.8,0.08641073297370003
2047,rao_q,8,0.8,0.08641073297370003
2047,feve,10,1,0.02748633611151034
2047,fdiv,-8,-0.8,0.08641073297370003
2047,fric_prob,0,0,1
2047,fdiv_fund,6,0.6,0.2206713619198468
2047,feve_fund,-4,-0.4,0.4624327264504763
2047,fdis_prob,-2,-0.2,0.8064959405073402
2047,fmpd_prob,8,0.8,0.08641073297370003
2047,raoq_fund,-10,-1,0.02748633611151034
2047,cwm_pc1,-10,-1,0.02748633611151034
2047,cwm_pc2,6,0.6,0.2206713619198468
2047,pd_prob_mctavish,10,1,0.02748633611151034
2047,mpd_prob_mctavish,10,1,0.02748633611151034
2048,corrected_richness,10,1,0.02748633611151034
2048,shannon,10,1,0.02748633611151034
2048,inv_simpson,10,1,0.02748633611151034
2048,trait_volume,-6,-0.6,0.2206713619198468
2048,trait_dispersion,8,0.8,0.08641073297370003
2048,rao_q,8,0.8,0.08641073297370003
2048,feve,10,1,0.02748633611151034
2048,fdiv,-8,-0.8,0.08641073297370003
2048,fric_prob,0,0,1
2048,fdiv_fund,4,0.4,0.4624327264504763
2048,feve_fund,-2,-0.2,0.8064959405073402
2048,fdis_prob,-2,-0.2,0.8064959405073402
2048,fmpd_prob,8,0.8,0.08641073297370003
2048,raoq_fund,-10,-1,0.02748633611151034
2048,cwm_pc1,-10,-1,0.02748633611151034
2048,cwm_pc2,4,0.4,0.4624327264504763
2048,pd_prob_mctavish,10,1,0.02748633611151034
2048,mpd_prob_mctavish,10,1,0.02748633611151034
2049,corrected_richness,10,1,0.02748633611151034
2049,shannon,10,1,0.02748633611151034
2049,inv_simpson,10,1,0.02748633611151034
2049,trait_volume,-6,-0.6,0.2206713619198468
2049,trait_dispersion,6,0.6,0.2206713619198468
2049,rao_q,6,0.6,0.2206713619198468
2049,feve,10,1,0.02748633611151034
2049,fdiv,-8,-0.8,0.08641073297370003
2049,fric_prob,0,0,1
2049,fdiv_fund,2,0.2,0.8064959405073402
2049,feve_fund,0,0,1
2049,fdis_prob,-4,-0.4,0.4624327264504763
2049,fmpd_prob,6,0.6,0.2206713619198468
2049,raoq_fund,-8,-0.8,0.08641073297370003
2049,cwm_pc1,-10,-1,0.02748633611151034
2049,cwm_pc2,4,0.4,0.4624327264504763
2049,pd_prob_mctavish,10,1,0.02748633611151034
2049,mpd_prob_mctavish,10,1,0.02748633611151034
2050,corrected_richness,10,1,0.02748633611151034
2050,shannon,10,1,0.02748633611151034
2050,inv_simpson,10,1,0.02748633611151034
2050,trait_volume,-8,-0.8,0.08641073297370003
2050,trait_dispersion,6,0.6,0.2206713619198468
2050,rao_q,0,0,1
2050,feve,10,1,0.02748633611151034
2050,fdiv,-6,-0.6,0.2206713619198468
2050,fric_prob,0,0,1
2050,fdiv_fund,-2,-0.2,0.8064959405073402
2050,feve_fund,0,0,1
2050,fdis_prob,-4,-0.4,0.4624327264504763
2050,fmpd_prob,0,0,1
2050,raoq_fund,-8,-0.8,0.08641073297370003
2050,cwm_pc1,-10,-1,0.02748633611151034
2050,cwm_pc2,4,0.4,0.4624327264504763
2050,pd_prob_mctavish,10,1,0.02748633611151034
2050,mpd_prob_mctavish,10,1,0.02748633611151034
2051,corrected_richness,10,1,0.02748633611151034
2051,shannon,10,1,0.02748633611151034
2051,inv_simpson,10,1,0.02748633611151034
2051,trait_volume,-8,-0.8,0.08641073297370003
2051,trait_dispersion,6,0.6,0.2206713619198468
2051,rao_q,-2,-0.2,0.8064959405073402
2051,feve,10,1,0.02748633611151034
2051,fdiv,-6,-0.6,0.2206713619198468
2051,fric_prob,1,0.1,1
2051,fdiv_fund,-4,-0.4,0.4624327264504763
2051,feve_fund,-2,-0.2,0.8064959405073402
2051,fdis_prob,-4,-0.4,0.4624327264504763
2051,fmpd_prob,-2,-0.2,0.8064959405073402
2051,raoq_fund,-8,-0.8,0.08641073297370003
2051,cwm_pc1,-10,-1,0.02748633611151034
2051,cwm_pc2,4,0.4,0.4624327264504763
2051,pd_prob_mctavish,10,1,0.02748633611151034
2051,mpd_prob_mctavish,10,1,0.02748633611151034
2052,corrected_richness,10,1,0.02748633611151034
2052,shannon,10,1,0.02748633611151034
2052,inv_simpson,10,1,0.02748633611151034
2052,trait_volume,-8,-0.8,0.08641073297370003
2052,trait_dispersion,6,0.6,0.2206713619198468
2052,rao_q,-2,-0.2,0.8064959405073402
2052,feve,10,1,0.02748633611151034
2052,fdiv,-8,-0.8,0.08641073297370003
2052,fric_prob,2,0.2,0.8064959405073402
2052,fdiv_fund,-6,-0.6,0.2206713619198468
2052,feve_fund,-8,-0.8,0.08641073297370003
2052,fdis_prob,-4,-0.4,0.4624327264504763
2052,fmpd_prob,-4,-0.4,0.4624327264504763
2052,raoq_fund,-10,-1,0.02748633611151034
2052,cwm_pc1,-8,-0.8,0.08641073297370003
2052,cwm_pc2,4,0.4,0.4624327264504763
2052,pd_prob_mctavish,10,1,0.02748633611151034
2052,mpd_prob_mctavish,10,1,0.02748633611151034
2053,corrected_richness,10,1,0.02748633611151034
2053,shannon,10,1,0.02748633611151034
2053,inv_simpson,10,1,0.02748633611151034
2053,trait_volume,-8,-0.8,0.08641073297370003
2053,trait_dispersion,4,0.4,0.4624327264504763
2053,rao_q,-4,-0.4,0.4624327264504763
2053,feve,10,1,0.02748633611151034
2053,fdiv,-8,-0.8,0.08641073297370003
2053,fric_prob,0,0,1
2053,fdiv_fund,-6,-0.6,0.2206713619198468
2053,feve_fund,-8,-0.8,0.08641073297370003
2053,fdis_prob,-6,-0.6,0.2206713619198468
2053,fmpd_prob,-4,-0.4,0.4624327264504763
2053,raoq_fund,-8,-0.8,0.08641073297370003
2053,cwm_pc1,-8,-0.8,0.08641073297370003
2053,cwm_pc2,4,0.4,0.4624327264504763
2053,pd_prob_mctavish,10,1,0.02748633611151034
2053,mpd_prob_mctavish,10,1,0.02748633611151034
2054,corrected_richness,10,1,0.02748633611151034
2054,shannon,10,1,0.02748633611151034
2054,inv_simpson,10,1,0.02748633611151034
2054,trait_volume,-8,-0.8,0.08641073297370003
2054,trait_dispersion,-2,-0.2,0.8064959405073402
2054,rao_q,-10,-1,0.02748633611151034
2054,feve,10,1,0.02748633611151034
2054,fdiv,-8,-0.8,0.08641073297370003
2054,fric_prob,0,0,1
2054,fdiv_fund,-4,-0.4,0.4624327264504763
2054,feve_fund,-10,-1,0.02748633611151034
2054,fdis_prob,-6,-0.6,0.2206713619198468
2054,fmpd_prob,-10,-1,0.02748633611151034
2054,raoq_fund,-8,-0.8,0.08641073297370003
2054,cwm_pc1,-8,-0.8,0.08641073297370003
2054,cwm_pc2,4,0.4,0.4624327264504763
2054,pd_prob_mctavish,10,1,0.02748633611151034
2054,mpd_prob_mctavish,10,1,0.02748633611151034
2055,corrected_richness,10,1,0.02748633611151034
2055,shannon,10,1,0.02748633611151034
2055,inv_simpson,10,1,0.02748633611151034
2055,trait_volume,-10,-1,0.02748633611151034
2055,trait_dispersion,-2,-0.2,0.8064959405073402
2055,rao_q,-10,-1,0.02748633611151034
2055,feve,10,1,0.02748633611151034
2055,fdiv,-8,-0.8,0.08641073297370003
2055,fric_prob,0,0,1
2055,fdiv_fund,-4,-0.4,0.4624327264504763
2055,feve_fund,-10,-1,0.02748633611151034
2055,fdis_prob,-4,-0.4,0.4624327264504763
2055,fmpd_prob,-10,-1,0.02748633611151034
2055,raoq_fund,-10,-1,0.02748633611151034
2055,cwm_pc1,-8,-0.8,0.08641073297370003
2055,cwm_pc2,4,0.4,0.4624327264504763
2055,pd_prob_mctavish,10,1,0.02748633611151034
2055,mpd_prob_mctavish,10,1,0.02748633611151034
2056,corrected_richness,10,1,0.02748633611151034
2056,shannon,10,1,0.02748633611151034
2056,inv_simpson,10,1,0.02748633611151034
2056,trait_volume,-10,-1,0.02748633611151034
2056,trait_dispersion,-4,-0.4,0.4624327264504763
2056,rao_q,-10,-1,0.02748633611151034
2056,feve,10,1,0.02748633611151034
2056,fdiv,-8,-0.8,0.08641073297370003
2056,fric_prob,0,0,1
2056,fdiv_fund,-2,-0.2,0.8064959405073402
2056,feve_fund,-10,-1,0.02748633611151034
2056,fdis_prob,-4,-0.4,0.4624327264504763
2056,fmpd_prob,-10,-1,0.02748633611151034
2056,raoq_fund,-10,-1,0.02748633611151034
2056,cwm_pc1,-8,-0.8,0.08641073297370003
2056,cwm_pc2,4,0.4,0.4624327264504763
2056,pd_prob_mctavish,10,1,0.02748633611151034
2056,mpd_prob_mctavish,10,1,0.02748633611151034
2057,corrected_richness,10,1,0.02748633611151034
2057,shannon,10,1,0.02748633611151034
2057,inv_simpson,10,1,0.02748633611151034
2057,trait_volume,-10,-1,0.02748633611151034
2057,trait_dispersion,-4,-0.4,0.4624327264504763
2057,rao_q,-10,-1,0.02748633611151034
2057,feve,10,1,0.02748633611151034
2057,fdiv,-6,-0.6,0.2206713619198468
2057,fric_prob,-2,-0.2,0.8064959405073402
2057,fdiv_fund,4,0.4,0.4624327264504763
2057,feve_fund,-10,-1,0.02748633611151034
2057,fdis_prob,-8,-0.8,0.08641073297370003
2057,fmpd_prob,-10,-1,0.02748633611151034
2057,raoq_fund,-10,-1,0.02748633611151034
2057,cwm_pc1,-8,-0.8,0.08641073297370003
2057,cwm_pc2,4,0.4,0.4624327264504763
2057,pd_prob_mctavish,10,1,0.02748633611151034
2057,mpd_prob_mctavish,10,1,0.02748633611151034
2058,corrected_richness,10,1,0.02748633611151034
2058,shannon,10,1,0.02748633611151034
2058,inv_simpson,10,1,0.02748633611151034
2058,trait_volume,-10,-1,0.02748633611151034
2058,trait_dispersion,-4,-0.4,0.4624327264504763
2058,rao_q,-10,-1,0.02748633611151034
2058,feve,10,1,0.02748633611151034
2058,fdiv,-4,-0.4,0.4624327264504763
2058,fric_prob,0,0,1
2058,fdiv_fund,6,0.6,0.2206713619198468
2058,feve_fund,-10,-1,0.02748633611151034
2058,fdis_prob,-10,-1,0.02748633611151034
2058,fmpd_prob,-10,-1,0.02748633611151034
2058,raoq_fund,-10,-1,0.02748633611151034
2058,cwm_pc1,-8,-0.8,0.08641073297370003
2058,cwm_pc2,4,0.4,0.4624327264504763
2058,pd_prob_mctavish,10,1,0.02748633611151034
2058,mpd_prob_mctavish,10,1,0.02748633611151034
2059,corrected_richness,10,1,0.02748633611151034
2059,shannon,10,1,0.02748633611151034
2059,inv_simpson,10,1,0.02748633611151034
2059,trait_volume,-10,-1,0.02748633611151034
2059,trait_dispersion,-4,-0.4,0.4624327264504763
2059,rao_q,-10,-1,0.02748633611151034
2059,feve,10,1,0.02748633611151034
2059,fdiv,-4,-0.4,0.4624327264504763
2059,fric_prob,2,0.2,0.8064959405073402
2059,fdiv_fund,4,0.4,0.4624327264504763
2059,feve_fund,-10,-1,0.02748633611151034
2059,fdis_prob,-10,-1,0.02748633611151034
2059,fmpd_prob,-10,-1,0.02748633611151034
2059,raoq_fund,-10,-1,0.02748633611151034
2059,cwm_pc1,-8,-0.8,0.08641073297370003
2059,cwm_pc2,4,0.4,0.4624327264504763
2059,pd_prob_mctavish,10,1,0.02748633611151034
2059,mpd_prob_mctavish,10,1,0.02748633611151034
2060,corrected_richness,10,1,0.02748633611151034
2060,shannon,10,1,0.02748633611151034
2060,inv_simpson,10,1,0.02748633611151034
2060,trait_volume,-10,-1,0.02748633611151034
2060,trait_dispersion,-4,-0.4,0.4624327264504763
2060,rao_q,-10,-1,0.02748633611151034
2060,feve,10,1,0.02748633611151034
2060,fdiv,-4,-0.4,0.4624327264504763
2060,fric_prob,0,0,1
2060,fdiv_fund,2,0.2,0.8064959405073402
2060,feve_fund,-10,-1,0.02748633611151034
2060,fdis_prob,-10,-1,0.02748633611151034
2060,fmpd_prob,-10,-1,0.02748633611151034
2060,raoq_fund,-10,-1,0.02748633611151034
2060,cwm_pc1,-8,-0.8,0.08641073297370003
2060,cwm_pc2,4,0.4,0.4624327264504763
2060,pd_prob_mctavish,10,1,0.02748633611151034
2060,mpd_prob_mctavish,10,1,0.02748633611151034
2061,corrected_richness,10,1,0.02748633611151034
2061,shannon,10,1,0.02748633611151034
2061,inv_simpson,10,1,0.02748633611151034
2061,trait_volume,-10,-1,0.02748633611151034
2061,trait_dispersion,-6,-0.6,0.2206713619198468
2061,rao_q,-10,-1,0.02748633611151034
2061,feve,10,1,0.02748633611151034
2061,fdiv,-4,-0.4,0.4624327264504763
2061,fric_prob,-4,-0.4,0.4624327264504763
2061,fdiv_fund,-2,-0.2,0.8064959405073402
2061,feve_fund,-10,-1,0.02748633611151034
2061,fdis_prob,-8,-0.8,0.08641073297370003
2061,fmpd_prob,-10,-1,0.02748633611151034
2061,raoq_fund,-10,-1,0.02748633611151034
2061,cwm_pc1,-8,-0.8,0.08641073297370003
2061,cwm_pc2,4,0.4,0.4624327264504763
2061,pd_prob_mctavish,10,1,0.02748633611151034
2061,mpd_prob_mctavish,10,1,0.02748633611151034
2062,corrected_richness,10,1,0.02748633611151034
2062,shannon,10,1,0.02748633611151034
2062,inv_simpson,10,1,0.02748633611151034
2062,trait_volume,-10,-1,0.02748633611151034
2062,trait_dispersion,-6,-0.6,0.2206713619198468
2062,rao_q,-10,-1,0.02748633611151034
2062,feve,10,1,0.02748633611151034
2062,fdiv,0,0,1
2062,fric_prob,-4,-0.4,0.4624327264504763
2062,fdiv_fund,-6,-0.6,0.2206713619198468
2062,feve_fund,-10,-1,0.02748633611151034
2062,fdis_prob,-8,-0.8,0.08641073297370003
2062,fmpd_prob,-10,-1,0.02748633611151034
2062,raoq_fund,-10,-1,0.02748633611151034
2062,cwm_pc1,-8,-0.8,0.08641073297370003
2062,cwm_pc2,6,0.6,0.2206713619198468
2062,pd_prob_mctavish,10,1,0.02748633611151034
2062,mpd_prob_mctavish,10,1,0.02748633611151034
2063,corrected_richness,10,1,0.02748633611151034
2063,shannon,10,1,0.02748633611151034
2063,inv_simpson,10,1,0.02748633611151034
2063,trait_volume,-10,-1,0.02748633611151034
2063,trait_dispersion,-6,-0.6,0.2206713619198468
2063,rao_q,-10,-1,0.02748633611151034
2063,feve,10,1,0.02748633611151034
2063,fdiv,2,0.2,0.8064959405073402
2063,fric_prob,-6,-0.6,0.2206713619198468
2063,fdiv_fund,-6,-0.6,0.2206713619198468
2063,feve_fund,-10,-1,0.02748633611151034
2063,fdis_prob,-10,-1,0.02748633611151034
2063,fmpd_prob,-10,-1,0.02748633611151034
2063,raoq_fund,-10,-1,0.02748633611151034
2063,cwm_pc1,-8,-0.8,0.08641073297370003
2063,cwm_pc2,6,0.6,0.2206713619198468
2063,pd_prob_mctavish,10,1,0.02748633611151034
2063,mpd_prob_mctavish,10,1,0.02748633611151034
2064,corrected_richness,10,1,0.02748633611151034
2064,shannon,10,1,0.02748633611151034
2064,inv_simpson,10,1,0.02748633611151034
2064,trait_volume,-10,-1,0.02748633611151034
2064,trait_dispersion,-6,-0.6,0.2206713619198468
2064,rao_q,-10,-1,0.02748633611151034
2064,feve,10,1,0.02748633611151034
2064,fdiv,2,0.2,0.8064959405073402
2064,fric_prob,-6,-0.6,0.2206713619198468
2064,fdiv_fund,-4,-0.4,0.4624327264504763
2064,feve_fund,-10,-1,0.02748633611151034
2064,fdis_prob,-6,-0.6,0.2206713619198468
2064,fmpd_prob,-10,-1,0.02748633611151034
2064,raoq_fund,-10,-1,0.02748633611151034
2064,cwm_pc1,-6,-0.6,0.2206713619198468
2064,cwm_pc2,6,0.6,0.2206713619198468
2064,pd_prob_mctavish,10,1,0.02748633611151034
2064,mpd_prob_mctavish,10,1,0.02748633611151034
2065,corrected_richness,10,1,0.02748633611151034
2065,shannon,10,1,0.02748633611151034
2065,inv_simpson,10,1,0.02748633611151034
2065,trait_volume,-10,-1,0.02748633611151034
2065,trait_dispersion,-6,-0.6,0.2206713619198468
2065,rao_q,-10,-1,0.02748633611151034
2065,feve,10,1,0.02748633611151034
2065,fdiv,2,0.2,0.8064959405073402
2065,fric_prob,-8,-0.8,0.08641073297370003
2065,fdiv_fund,-2,-0.2,0.8064959405073402
2065,feve_fund,-10,-1,0.02748633611151034
2065,fdis_prob,-6,-0.6,0.2206713619198468
2065,fmpd_prob,-10,-1,0.02748633611151034
2065,raoq_fund,-10,-1,0.02748633611151034
2065,cwm_pc1,-6,-0.6,0.2206713619198468
2065,cwm_pc2,6,0.6,0.2206713619198468
2065,pd_prob_mctavish,10,1,0.02748633611151034
2065,mpd_prob_mctavish,10,1,0.02748633611151034
2066,corrected_richness,10,1,0.02748633611151034
2066,shannon,10,1,0.02748633611151034
2066,inv_simpson,10,1,0.02748633611151034
2066,trait_volume,-10,-1,0.02748633611151034
2066,trait_dispersion,-6,-0.6,0.2206713619198468
2066,rao_q,-10,-1,0.02748633611151034
2066,feve,10,1,0.02748633611151034
2066,fdiv,4,0.4,0.4624327264504763
2066,fric_prob,-8,-0.8,0.08641073297370003
2066,fdiv_fund,0,0,1
2066,feve_fund,-10,-1,0.02748633611151034
2066,fdis_prob,-4,-0.4,0.4624327264504763
2066,fmpd_prob,-10,-1,0.02748633611151034
2066,raoq_fund,-8,-0.8,0.08641073297370003
2066,cwm_pc1,-6,-0.6,0.2206713619198468
2066,cwm_pc2,6,0.6,0.2206713619198468
2066,pd_prob_mctavish,10,1,0.02748633611151034
2066,mpd_prob_mctavish,10,1,0.02748633611151034
2067,corrected_richness,10,1,0.02748633611151034
2067,shannon,10,1,0.02748633611151034
2067,inv_simpson,10,1,0.02748633611151034
2067,trait_volume,-10,-1,0.02748633611151034
2067,trait_dispersion,-8,-0.8,0.08641073297370003
2067,rao_q,-10,-1,0.02748633611151034
2067,feve,10,1,0.02748633611151034
2067,fdiv,4,0.4,0.4624327264504763
2067,fric_prob,-10,-1,0.02748633611151034
2067,fdiv_fund,2,0.2,0.8064959405073402
2067,feve_fund,-10,-1,0.02748633611151034
2067,fdis_prob,-4,-0.4,0.4624327264504763
2067,fmpd_prob,-10,-1,0.02748633611151034
2067,raoq_fund,-8,-0.8,0.08641073297370003
2067,cwm_pc1,-6,-0.6,0.2206713619198468
2067,cwm_pc2,4,0.4,0.4624327264504763
2067,pd_prob_mctavish,10,1,0.02748633611151034
2067,mpd_prob_mctavish,10,1,0.02748633611151034
2068,corrected_richness,10,1,0.02748633611151034
2068,shannon,10,1,0.02748633611151034
2068,inv_simpson,10,1,0.02748633611151034
2068,trait_volume,-10,-1,0.02748633611151034
2068,trait_dispersion,-8,-0.8,0.08641073297370003
2068,rao_q,-10,-1,0.02748633611151034
2068,feve,10,1,0.02748633611151034
2068,fdiv,4,0.4,0.4624327264504763
2068,fric_prob,-8,-0.8,0.08641073297370003
2068,fdiv_fund,0,0,1
2068,feve_fund,-10,-1,0.02748633611151034
2068,fdis_prob,-6,-0.6,0.2206713619198468
2068,fmpd_prob,-10,-1,0.02748633611151034
2068,raoq_fund,-8,-0.8,0.08641073297370003
2068,cwm_pc1,-6,-0.6,0.2206713619198468
2068,cwm_pc2,4,0.4,0.4624327264504763
2068,pd_prob_mctavish,10,1,0.02748633611151034
2068,mpd_prob_mctavish,10,1,0.02748633611151034
2069,corrected_richness,10,1,0.02748633611151034
2069,shannon,10,1,0.02748633611151034
2069,inv_simpson,10,1,0.02748633611151034
2069,trait_volume,-10,-1,0.02748633611151034
2069,trait_dispersion,-8,-0.8,0.08641073297370003
2069,rao_q,-10,-1,0.02748633611151034
2069,feve,10,1,0.02748633611151034
2069,fdiv,4,0.4,0.4624327264504763
2069,fric_prob,-8,-0.8,0.08641073297370003
2069,fdiv_fund,-4,-0.4,0.4624327264504763
2069,feve_fund,-10,-1,0.02748633611151034
2069,fdis_prob,-6,-0.6,0.2206713619198468
2069,fmpd_prob,-10,-1,0.02748633611151034
2069,raoq_fund,-8,-0.8,0.08641073297370003
2069,cwm_pc1,-6,-0.6,0.2206713619198468
2069,cwm_pc2,4,0.4,0.4624327264504763
2069,pd_prob_mctavish,10,1,0.02748633611151034
2069,mpd_prob_mctavish,10,1,0.02748633611151034
2111,corrected_richness,10,1,0.02748633611151034
2111,shannon,10,1,0.02748633611151034
2111,inv_simpson,10,1,0.02748633611151034
2111,trait_volume,6,0.6,0.2206713619198468
2111,trait_dispersion,8,0.8,0.08641073297370003
2111,rao_q,8,0.8,0.08641073297370003
2111,feve,8,0.8,0.08641073297370003
2111,fdiv,-6,-0.6,0.2206713619198468
2111,fric_prob,0,0,1
2111,fdiv_fund,8,0.8,0.08641073297370003
2111,feve_fund,-4,-0.4,0.4624327264504763
2111,fdis_prob,8,0.8,0.08641073297370003
2111,fmpd_prob,8,0.8,0.08641073297370003
2111,raoq_fund,10,1,0.02748633611151034
2111,cwm_pc1,-10,-1,0.02748633611151034
2111,cwm_pc2,6,0.6,0.2206713619198468
2111,pd_prob_mctavish,10,1,0.02748633611151034
2111,mpd_prob_mctavish,10,1,0.02748633611151034
2112,corrected_richness,10,1,0.02748633611151034
2112,shannon,10,1,0.02748633611151034
2112,inv_simpson,10,1,0.02748633611151034
2112,trait_volume,6,0.6,0.2206713619198468
2112,trait_dispersion,8,0.8,0.08641073297370003
2112,rao_q,8,0.8,0.08641073297370003
2112,feve,8,0.8,0.08641073297370003
2112,fdiv,-8,-0.8,0.08641073297370003
2112,fric_prob,0,0,1
2112,fdiv_fund,8,0.8,0.08641073297370003
2112,feve_fund,-4,-0.4,0.4624327264504763
2112,fdis_prob,8,0.8,0.08641073297370003
2112,fmpd_prob,8,0.8,0.08641073297370003
2112,raoq_fund,8,0.8,0.08641073297370003
2112,cwm_pc1,-10,-1,0.02748633611151034
2112,cwm_pc2,6,0.6,0.2206713619198468
2112,pd_prob_mctavish,10,1,0.02748633611151034
2112,mpd_prob_mctavish,10,1,0.02748633611151034
2113,corrected_richness,10,1,0.02748633611151034
2113,shannon,10,1,0.02748633611151034
2113,inv_simpson,10,1,0.02748633611151034
2113,trait_volume,6,0.6,0.2206713619198468
2113,trait_dispersion,8,0.8,0.08641073297370003
2113,rao_q,8,0.8,0.08641073297370003
2113,feve,10,1,0.02748633611151034
2113,fdiv,-8,-0.8,0.08641073297370003
2113,fric_prob,0,0,1
2113,fdiv_fund,8,0.8,0.08641073297370003
2113,feve_fund,-4,-0.4,0.4624327264504763
2113,fdis_prob,8,0.8,0.08641073297370003
2113,fmpd_prob,8,0.8,0.08641073297370003
2113,raoq_fund,8,0.8,0.08641073297370003
2113,cwm_pc1,-10,-1,0.02748633611151034
2113,cwm_pc2,6,0.6,0.2206713619198468
2113,pd_prob_mctavish,10,1,0.02748633611151034
2113,mpd_prob_mctavish,10,1,0.02748633611151034
2114,corrected_richness,10,1,0.02748633611151034
2114,shannon,10,1,0.02748633611151034
2114,inv_simpson,10,1,0.02748633611151034
2114,trait_volume,6,0.6,0.2206713619198468
2114,trait_dispersion,8,0.8,0.08641073297370003
2114,rao_q,8,0.8,0.08641073297370003
2114,feve,10,1,0.02748633611151034
2114,fdiv,-8,-0.8,0.08641073297370003
2114,fric_prob,0,0,1
2114,fdiv_fund,10,1,0.02748633611151034
2114,feve_fund,-2,-0.2,0.8064959405073402
2114,fdis_prob,8,0.8,0.08641073297370003
2114,fmpd_prob,8,0.8,0.08641073297370003
2114,raoq_fund,8,0.8,0.08641073297370003
2114,cwm_pc1,-10,-1,0.02748633611151034
2114,cwm_pc2,6,0.6,0.2206713619198468
2114,pd_prob_mctavish,10,1,0.02748633611151034
2114,mpd_prob_mctavish,10,1,0.02748633611151034
2116,corrected_richness,10,1,0.02748633611151034
2116,shannon,10,1,0.02748633611151034
2116,inv_simpson,10,1,0.02748633611151034
2116,trait_volume,6,0.6,0.2206713619198468
2116,trait_dispersion,8,0.8,0.08641073297370003
2116,rao_q,8,0.8,0.08641073297370003
2116,feve,10,1,0.02748633611151034
2116,fdiv,-8,-0.8,0.08641073297370003
2116,fric_prob,0,0,1
2116,fdiv_fund,8,0.8,0.08641073297370003
2116,feve_fund,-2,-0.2,0.8064959405073402
2116,fdis_prob,8,0.8,0.08641073297370003
2116,fmpd_prob,8,0.8,0.08641073297370003
2116,raoq_fund,8,0.8,0.08641073297370003
2116,cwm_pc1,-10,-1,0.02748633611151034
2116,cwm_pc2,6,0.6,0.2206713619198468
2116,pd_prob_mctavish,10,1,0.02748633611151034
2116,mpd_prob_mctavish,10,1,0.02748633611151034
2117,corrected_richness,10,1,0.02748633611151034
2117,shannon,10,1,0.02748633611151034
2117,inv_simpson,10,1,0.02748633611151034
2117,trait_volume,6,0.6,0.2206713619198468
2117,trait_dispersion,8,0.8,0.08641073297370003
2117,rao_q,8,0.8,0.08641073297370003
2117,feve,10,1,0.02748633611151034
2117,fdiv,-8,-0.8,0.08641073297370003
2117,fric_prob,0,0,1
2117,fdiv_fund,8,0.8,0.08641073297370003
2117,feve_fund,-4,-0.4,0.4624327264504763
2117,fdis_prob,8,0.8,0.08641073297370003
2117,fmpd_prob,8,0.8,0.08641073297370003
2117,raoq_fund,8,0.8,0.08641073297370003
2117,cwm_pc1,-10,-1,0.02748633611151034
2117,cwm_pc2,6,0.6,0.2206713619198468
2117,pd_prob_mctavish,10,1,0.02748633611151034
2117,mpd_prob_mctavish,10,1,0.02748633611151034
2118,corrected_richness,10,1,0.02748633611151034
2118,shannon,10,1,0.02748633611151034
2118,inv_simpson,10,1,0.02748633611151034
2118,trait_volume,6,0.6,0.2206713619198468
2118,trait_dispersion,8,0.8,0.08641073297370003
2118,rao_q,8,0.8,0.08641073297370003
2118,feve,10,1,0.02748633611151034
2118,fdiv,-8,-0.8,0.08641073297370003
2118,fric_prob,0,0,1
2118,fdiv_fund,8,0.8,0.08641073297370003
2118,feve_fund,-4,-0.4,0.4624327264504763
2118,fdis_prob,6,0.6,0.2206713619198468
2118,fmpd_prob,8,0.8,0.08641073297370003
2118,raoq_fund,-2,-0.2,0.8064959405073402
2118,cwm_pc1,-10,-1,0.02748633611151034
2118,cwm_pc2,6,0.6,0.2206713619198468
2118,pd_prob_mctavish,10,1,0.02748633611151034
2118,mpd_prob_mctavish,10,1,0.02748633611151034
2119,corrected_richness,10,1,0.02748633611151034
2119,shannon,10,1,0.02748633611151034
2119,inv_simpson,10,1,0.02748633611151034
2119,trait_volume,6,0.6,0.2206713619198468
2119,trait_dispersion,8,0.8,0.08641073297370003
2119,rao_q,8,0.8,0.08641073297370003
2119,feve,10,1,0.02748633611151034
2119,fdiv,-8,-0.8,0.08641073297370003
2119,fric_prob,0,0,1
2119,fdiv_fund,8,0.8,0.08641073297370003
2119,feve_fund,-4,-0.4,0.4624327264504763
2119,fdis_prob,6,0.6,0.2206713619198468
2119,fmpd_prob,8,0.8,0.08641073297370003
2119,raoq_fund,-10,-1,0.02748633611151034
2119,cwm_pc1,-10,-1,0.02748633611151034
2119,cwm_pc2,4,0.4,0.4624327264504763
2119,pd_prob_mctavish,10,1,0.02748633611151034
2119,mpd_prob_mctavish,10,1,0.02748633611151034
2120,corrected_richness,10,1,0.02748633611151034
2120,shannon,10,1,0.02748633611151034
2120,inv_simpson,10,1,0.02748633611151034
2120,trait_volume,-2,-0.2,0.8064959405073402
2120,trait_dispersion,8,0.8,0.08641073297370003
2120,rao_q,8,0.8,0.08641073297370003
2120,feve,10,1,0.02748633611151034
2120,fdiv,-8,-0.8,0.08641073297370003
2120,fric_prob,0,0,1
2120,fdiv_fund,8,0.8,0.08641073297370003
2120,feve_fund,-4,-0.4,0.4624327264504763
2120,fdis_prob,2,0.2,0.8064959405073402
2120,fmpd_prob,8,0.8,0.08641073297370003
2120,raoq_fund,-10,-1,0.02748633611151034
2120,cwm_pc1,-10,-1,0.02748633611151034
2120,cwm_pc2,4,0.4,0.4624327264504763
2120,pd_prob_mctavish,10,1,0.02748633611151034
2120,mpd_prob_mctavish,10,1,0.02748633611151034
2121,corrected_richness,10,1,0.02748633611151034
2121,shannon,10,1,0.02748633611151034
2121,inv_simpson,10,1,0.02748633611151034
2121,trait_volume,-4,-0.4,0.4624327264504763
2121,trait_dispersion,6,0.6,0.2206713619198468
2121,rao_q,6,0.6,0.2206713619198468
2121,feve,10,1,0.02748633611151034
2121,fdiv,-8,-0.8,0.08641073297370003
2121,fric_prob,0,0,1
2121,fdiv_fund,8,0.8,0.08641073297370003
2121,feve_fund,0,0,1
2121,fdis_prob,-4,-0.4,0.4624327264504763
2121,fmpd_prob,6,0.6,0.2206713619198468
2121,raoq_fund,-6,-0.6,0.2206713619198468
2121,cwm_pc1,-10,-1,0.02748633611151034
2121,cwm_pc2,4,0.4,0.4624327264504763
2121,pd_prob_mctavish,10,1,0.02748633611151034
2121,mpd_prob_mctavish,10,1,0.02748633611151034
2122,corrected_richness,10,1,0.02748633611151034
2122,shannon,10,1,0.02748633611151034
2122,inv_simpson,10,1,0.02748633611151034
2122,trait_volume,-4,-0.4,0.4624327264504763
2122,trait_dispersion,6,0.6,0.2206713619198468
2122,rao_q,4,0.4,0.4624327264504763
2122,feve,10,1,0.02748633611151034
2122,fdiv,-6,-0.6,0.2206713619198468
2122,fric_prob,1,0.1,1
2122,fdiv_fund,-2,-0.2,0.8064959405073402
2122,feve_fund,-2,-0.2,0.8064959405073402
2122,fdis_prob,-4,-0.4,0.4624327264504763
2122,fmpd_prob,2,0.2,0.8064959405073402
2122,raoq_fund,-6,-0.6,0.2206713619198468
2122,cwm_pc1,-10,-1,0.02748633611151034
2122,cwm_pc2,4,0.4,0.4624327264504763
2122,pd_prob_mctavish,10,1,0.02748633611151034
2122,mpd_prob_mctavish,10,1,0.02748633611151034
2123,corrected_richness,10,1,0.02748633611151034
2123,shannon,10,1,0.02748633611151034
2123,inv_simpson,10,1,0.02748633611151034
2123,trait_volume,-8,-0.8,0.08641073297370003
2123,trait_dispersion,6,0.6,0.2206713619198468
2123,rao_q,0,0,1
2123,feve,10,1,0.02748633611151034
2123,fdiv,-6,-0.6,0.2206713619198468
2123,fric_prob,2,0.2,0.8064959405073402
2123,fdiv_fund,0,0,1
2123,feve_fund,-4,-0.4,0.4624327264504763
2123,fdis_prob,-4,-0.4,0.4624327264504763
2123,fmpd_prob,0,0,1
2123,raoq_fund,-6,-0.6,0.2206713619198468
2123,cwm_pc1,-10,-1,0.02748633611151034
2123,cwm_pc2,4,0.4,0.4624327264504763
2123,pd_prob_mctavish,10,1,0.02748633611151034
2123,mpd_prob_mctavish,10,1,0.02748633611151034
2124,corrected_richness,10,1,0.02748633611151034
2124,shannon,10,1,0.02748633611151034
2124,inv_simpson,10,1,0.02748633611151034
2124,trait_volume,-8,-0.8,0.08641073297370003
2124,trait_dispersion,6,0.6,0.2206713619198468
2124,rao_q,0,0,1
2124,feve,10,1,0.02748633611151034
2124,fdiv,-6,-0.6,0.2206713619198468
2124,fric_prob,0,0,1
2124,fdiv_fund,-6,-0.6,0.2206713619198468
2124,feve_fund,-8,-0.8,0.08641073297370003
2124,fdis_prob,0,0,1
2124,fmpd_prob,-2,-0.2,0.8064959405073402
2124,raoq_fund,-6,-0.6,0.2206713619198468
2124,cwm_pc1,-8,-0.8,0.08641073297370003
2124,cwm_pc2,4,0.4,0.4624327264504763
2124,pd_prob_mctavish,10,1,0.02748633611151034
2124,mpd_prob_mctavish,10,1,0.02748633611151034
2125,corrected_richness,10,1,0.02748633611151034
2125,shannon,10,1,0.02748633611151034
2125,inv_simpson,10,1,0.02748633611151034
2125,trait_volume,-8,-0.8,0.08641073297370003
2125,trait_dispersion,4,0.4,0.4624327264504763
2125,rao_q,-2,-0.2,0.8064959405073402
2125,feve,10,1,0.02748633611151034
2125,fdiv,-6,-0.6,0.2206713619198468
2125,fric_prob,-2,-0.2,0.8064959405073402
2125,fdiv_fund,-4,-0.4,0.4624327264504763
2125,feve_fund,-10,-1,0.02748633611151034
2125,fdis_prob,0,0,1
2125,fmpd_prob,-6,-0.6,0.2206713619198468
2125,raoq_fund,-8,-0.8,0.08641073297370003
2125,cwm_pc1,-8,-0.8,0.08641073297370003
2125,cwm_pc2,4,0.4,0.4624327264504763
2125,pd_prob_mctavish,10,1,0.02748633611151034
2125,mpd_prob_mctavish,10,1,0.02748633611151034
2126,corrected_richness,10,1,0.02748633611151034
2126,shannon,10,1,0.02748633611151034
2126,inv_simpson,10,1,0.02748633611151034
2126,trait_volume,-10,-1,0.02748633611151034
2126,trait_dispersion,-2,-0.2,0.8064959405073402
2126,rao_q,-8,-0.8,0.08641073297370003
2126,feve,10,1,0.02748633611151034
2126,fdiv,-8,-0.8,0.08641073297370003
2126,fric_prob,-2,-0.2,0.8064959405073402
2126,fdiv_fund,-4,-0.4,0.4624327264504763
2126,feve_fund,-10,-1,0.02748633611151034
2126,fdis_prob,-2,-0.2,0.8064959405073402
2126,fmpd_prob,-8,-0.8,0.08641073297370003
2126,raoq_fund,-8,-0.8,0.08641073297370003
2126,cwm_pc1,-8,-0.8,0.08641073297370003
2126,cwm_pc2,4,0.4,0.4624327264504763
2126,pd_prob_mctavish,10,1,0.02748633611151034
2126,mpd_prob_mctavish,10,1,0.02748633611151034
2127,corrected_richness,10,1,0.02748633611151034
2127,shannon,10,1,0.02748633611151034
2127,inv_simpson,10,1,0.02748633611151034
2127,trait_volume,-10,-1,0.02748633611151034
2127,trait_dispersion,-4,-0.4,0.4624327264504763
2127,rao_q,-8,-0.8,0.08641073297370003
2127,feve,10,1,0.02748633611151034
2127,fdiv,-8,-0.8,0.08641073297370003
2127,fric_prob,-2,-0.2,0.8064959405073402
2127,fdiv_fund,-4,-0.4,0.4624327264504763
2127,feve_fund,-10,-1,0.02748633611151034
2127,fdis_prob,-4,-0.4,0.4624327264504763
2127,fmpd_prob,-8,-0.8,0.08641073297370003
2127,raoq_fund,-10,-1,0.02748633611151034
2127,cwm_pc1,-8,-0.8,0.08641073297370003
2127,cwm_pc2,4,0.4,0.4624327264504763
2127,pd_prob_mctavish,10,1,0.02748633611151034
2127,mpd_prob_mctavish,10,1,0.02748633611151034
2128,corrected_richness,10,1,0.02748633611151034
2128,shannon,10,1,0.02748633611151034
2128,inv_simpson,10,1,0.02748633611151034
2128,trait_volume,-10,-1,0.02748633611151034
2128,trait_dispersion,-4,-0.4,0.4624327264504763
2128,rao_q,-10,-1,0.02748633611151034
2128,feve,10,1,0.02748633611151034
2128,fdiv,-4,-0.4,0.4624327264504763
2128,fric_prob,-2,-0.2,0.8064959405073402
2128,fdiv_fund,0,0,1
2128,feve_fund,-10,-1,0.02748633611151034
2128,fdis_prob,-8,-0.8,0.08641073297370003
2128,fmpd_prob,-10,-1,0.02748633611151034
2128,raoq_fund,-10,-1,0.02748633611151034
2128,cwm_pc1,-8,-0.8,0.08641073297370003
2128,cwm_pc2,4,0.4,0.4624327264504763
2128,pd_prob_mctavish,10,1,0.02748633611151034
2128,mpd_prob_mctavish,10,1,0.02748633611151034
2129,corrected_richness,10,1,0.02748633611151034
2129,shannon,10,1,0.02748633611151034
2129,inv_simpson,10,1,0.02748633611151034
2129,trait_volume,-10,-1,0.02748633611151034
2129,trait_dispersion,-4,-0.4,0.4624327264504763
2129,rao_q,-10,-1,0.02748633611151034
2129,feve,10,1,0.02748633611151034
2129,fdiv,-4,-0.4,0.4624327264504763
2129,fric_prob,-2,-0.2,0.8064959405073402
2129,fdiv_fund,4,0.4,0.4624327264504763
2129,feve_fund,-10,-1,0.02748633611151034
2129,fdis_prob,-8,-0.8,0.08641073297370003
2129,fmpd_prob,-10,-1,0.02748633611151034
2129,raoq_fund,-10,-1,0.02748633611151034
2129,cwm_pc1,-8,-0.8,0.08641073297370003
2129,cwm_pc2,4,0.4,0.4624327264504763
2129,pd_prob_mctavish,10,1,0.02748633611151034
2129,mpd_prob_mctavish,10,1,0.02748633611151034
2130,corrected_richness,10,1,0.02748633611151034
2130,shannon,10,1,0.02748633611151034
2130,inv_simpson,10,1,0.02748633611151034
2130,trait_volume,-10,-1,0.02748633611151034
2130,trait_dispersion,-4,-0.4,0.4624327264504763
2130,rao_q,-10,-1,0.02748633611151034
2130,feve,10,1,0.02748633611151034
2130,fdiv,-2,-0.2,0.8064959405073402
2130,fric_prob,-2,-0.2,0.8064959405073402
2130,fdiv_fund,4,0.4,0.4624327264504763
2130,feve_fund,-10,-1,0.02748633611151034
2130,fdis_prob,-8,-0.8,0.08641073297370003
2130,fmpd_prob,-10,-1,0.02748633611151034
2130,raoq_fund,-10,-1,0.02748633611151034
2130,cwm_pc1,-8,-0.8,0.08641073297370003
2130,cwm_pc2,4,0.4,0.4624327264504763
2130,pd_prob_mctavish,10,1,0.02748633611151034
2130,mpd_prob_mctavish,10,1,0.02748633611151034
2131,corrected_richness,10,1,0.02748633611151034
2131,shannon,10,1,0.02748633611151034
2131,inv_simpson,10,1,0.02748633611151034
2131,trait_volume,-10,-1,0.02748633611151034
2131,trait_dispersion,-4,-0.4,0.4624327264504763
2131,rao_q,-10,-1,0.02748633611151034
2131,feve,10,1,0.02748633611151034
2131,fdiv,-2,-0.2,0.8064959405073402
2131,fric_prob,0,0,1
2131,fdiv_fund,4,0.4,0.4624327264504763
2131,feve_fund,-10,-1,0.02748633611151034
2131,fdis_prob,-10,-1,0.02748633611151034
2131,fmpd_prob,-10,-1,0.02748633611151034
2131,raoq_fund,-10,-1,0.02748633611151034
2131,cwm_pc1,-8,-0.8,0.08641073297370003
2131,cwm_pc2,4,0.4,0.4624327264504763
2131,pd_prob_mctavish,10,1,0.02748633611151034
2131,mpd_prob_mctavish,10,1,0.02748633611151034
2132,corrected_richness,10,1,0.02748633611151034
2132,shannon,10,1,0.02748633611151034
2132,inv_simpson,10,1,0.02748633611151034
2132,trait_volume,-10,-1,0.02748633611151034
2132,trait_dispersion,-4,-0.4,0.4624327264504763
2132,rao_q,-10,-1,0.02748633611151034
2132,feve,10,1,0.02748633611151034
2132,fdiv,-2,-0.2,0.8064959405073402
2132,fric_prob,-2,-0.2,0.8064959405073402
2132,fdiv_fund,-2,-0.2,0.8064959405073402
2132,feve_fund,-10,-1,0.02748633611151034
2132,fdis_prob,-10,-1,0.02748633611151034
2132,fmpd_prob,-10,-1,0.02748633611151034
2132,raoq_fund,-10,-1,0.02748633611151034
2132,cwm_pc1,-8,-0.8,0.08641073297370003
2132,cwm_pc2,6,0.6,0.2206713619198468
2132,pd_prob_mctavish,10,1,0.02748633611151034
2132,mpd_prob_mctavish,10,1,0.02748633611151034
2133,corrected_richness,10,1,0.02748633611151034
2133,shannon,10,1,0.02748633611151034
2133,inv_simpson,10,1,0.02748633611151034
2133,trait_volume,-10,-1,0.02748633611151034
2133,trait_dispersion,-6,-0.6,0.2206713619198468
2133,rao_q,-10,-1,0.02748633611151034
2133,feve,10,1,0.02748633611151034
2133,fdiv,0,0,1
2133,fric_prob,-2,-0.2,0.8064959405073402
2133,fdiv_fund,-4,-0.4,0.4624327264504763
2133,feve_fund,-10,-1,0.02748633611151034
2133,fdis_prob,-10,-1,0.02748633611151034
2133,fmpd_prob,-10,-1,0.02748633611151034
2133,raoq_fund,-10,-1,0.02748633611151034
2133,cwm_pc1,-8,-0.8,0.08641073297370003
2133,cwm_pc2,6,0.6,0.2206713619198468
2133,pd_prob_mctavish,10,1,0.02748633611151034
2133,mpd_prob_mctavish,10,1,0.02748633611151034
2134,corrected_richness,10,1,0.02748633611151034
2134,shannon,10,1,0.02748633611151034
2134,inv_simpson,10,1,0.02748633611151034
2134,trait_volume,-10,-1,0.02748633611151034
2134,trait_dispersion,-6,-0.6,0.2206713619198468
2134,rao_q,-10,-1,0.02748633611151034
2134,feve,10,1,0.02748633611151034
2134,fdiv,2,0.2,0.8064959405073402
2134,fric_prob,-4,-0.4,0.4624327264504763
2134,fdiv_fund,-4,-0.4,0.4624327264504763
2134,feve_fund,-10,-1,0.02748633611151034
2134,fdis_prob,-10,-1,0.02748633611151034
2134,fmpd_prob,-10,-1,0.02748633611151034
2134,raoq_fund,-10,-1,0.02748633611151034
2134,cwm_pc1,-8,-0.8,0.08641073297370003
2134,cwm_pc2,6,0.6,0.2206713619198468
2134,pd_prob_mctavish,10,1,0.02748633611151034
2134,mpd_prob_mctavish,10,1,0.02748633611151034
2135,corrected_richness,10,1,0.02748633611151034
2135,shannon,10,1,0.02748633611151034
2135,inv_simpson,10,1,0.02748633611151034
2135,trait_volume,-10,-1,0.02748633611151034
2135,trait_dispersion,-6,-0.6,0.2206713619198468
2135,rao_q,-10,-1,0.02748633611151034
2135,feve,10,1,0.02748633611151034
2135,fdiv,2,0.2,0.8064959405073402
2135,fric_prob,-4,-0.4,0.4624327264504763
2135,fdiv_fund,-4,-0.4,0.4624327264504763
2135,feve_fund,-10,-1,0.02748633611151034
2135,fdis_prob,-8,-0.8,0.08641073297370003
2135,fmpd_prob,-10,-1,0.02748633611151034
2135,raoq_fund,-10,-1,0.02748633611151034
2135,cwm_pc1,-6,-0.6,0.2206713619198468
2135,cwm_pc2,6,0.6,0.2206713619198468
2135,pd_prob_mctavish,10,1,0.02748633611151034
2135,mpd_prob_mctavish,10,1,0.02748633611151034
2136,corrected_richness,10,1,0.02748633611151034
2136,shannon,10,1,0.02748633611151034
2136,inv_simpson,10,1,0.02748633611151034
2136,trait_volume,-10,-1,0.02748633611151034
2136,trait_dispersion,-6,-0.6,0.2206713619198468
2136,rao_q,-10,-1,0.02748633611151034
2136,feve,10,1,0.02748633611151034
2136,fdiv,2,0.2,0.8064959405073402
2136,fric_prob,-4,-0.4,0.4624327264504763
2136,fdiv_fund,-2,-0.2,0.8064959405073402
2136,feve_fund,-10,-1,0.02748633611151034
2136,fdis_prob,-6,-0.6,0.2206713619198468
2136,fmpd_prob,-10,-1,0.02748633611151034
2136,raoq_fund,-10,-1,0.02748633611151034
2136,cwm_pc1,-6,-0.6,0.2206713619198468
2136,cwm_pc2,6,0.6,0.2206713619198468
2136,pd_prob_mctavish,10,1,0.02748633611151034
2136,mpd_prob_mctavish,10,1,0.02748633611151034
2137,corrected_richness,10,1,0.02748633611151034
2137,shannon,10,1,0.02748633611151034
2137,inv_simpson,10,1,0.02748633611151034
2137,trait_volume,-10,-1,0.02748633611151034
2137,trait_dispersion,-6,-0.6,0.2206713619198468
2137,rao_q,-10,-1,0.02748633611151034
2137,feve,10,1,0.02748633611151034
2137,fdiv,2,0.2,0.8064959405073402
2137,fric_prob,-6,-0.6,0.2206713619198468
2137,fdiv_fund,0,0,1
2137,feve_fund,-10,-1,0.02748633611151034
2137,fdis_prob,-6,-0.6,0.2206713619198468
2137,fmpd_prob,-10,-1,0.02748633611151034
2137,raoq_fund,-10,-1,0.02748633611151034
2137,cwm_pc1,-6,-0.6,0.2206713619198468
2137,cwm_pc2,6,0.6,0.2206713619198468
2137,pd_prob_mctavish,10,1,0.02748633611151034
2137,mpd_prob_mctavish,10,1,0.02748633611151034
2138,corrected_richness,10,1,0.02748633611151034
2138,shannon,10,1,0.02748633611151034
2138,inv_simpson,10,1,0.02748633611151034
2138,trait_volume,-10,-1,0.02748633611151034
2138,trait_dispersion,-6,-0.6,0.2206713619198468
2138,rao_q,-10,-1,0.02748633611151034
2138,feve,10,1,0.02748633611151034
2138,fdiv,4,0.4,0.4624327264504763
2138,fric_prob,-6,-0.6,0.2206713619198468
2138,fdiv_fund,0,0,1
2138,feve_fund,-10,-1,0.02748633611151034
2138,fdis_prob,-4,-0.4,0.4624327264504763
2138,fmpd_prob,-10,-1,0.02748633611151034
2138,raoq_fund,-8,-0.8,0.08641073297370003
2138,cwm_pc1,-6,-0.6,0.2206713619198468
2138,cwm_pc2,4,0.4,0.4624327264504763
2138,pd_prob_mctavish,10,1,0.02748633611151034
2138,mpd_prob_mctavish,10,1,0.02748633611151034
2139,corrected_richness,10,1,0.02748633611151034
2139,shannon,10,1,0.02748633611151034
2139,inv_simpson,10,1,0.02748633611151034
2139,trait_volume,-10,-1,0.02748633611151034
2139,trait_dispersion,-6,-0.6,0.2206713619198468
2139,rao_q,-10,-1,0.02748633611151034
2139,feve,10,1,0.02748633611151034
2139,fdiv,4,0.4,0.4624327264504763
2139,fric_prob,-8,-0.8,0.08641073297370003
2139,fdiv_fund,2,0.2,0.8064959405073402
2139,feve_fund,-10,-1,0.02748633611151034
2139,fdis_prob,-4,-0.4,0.4624327264504763
2139,fmpd_prob,-10,-1,0.02748633611151034
2139,raoq_fund,-8,-0.8,0.08641073297370003
2139,cwm_pc1,-6,-0.6,0.2206713619198468
2139,cwm_pc2,4,0.4,0.4624327264504763
2139,pd_prob_mctavish,10,1,0.02748633611151034
2139,mpd_prob_mctavish,10,1,0.02748633611151034
2140,corrected_richness,10,1,0.02748633611151034
2140,shannon,10,1,0.02748633611151034
2140,inv_simpson,10,1,0.02748633611151034
2140,trait_volume,-10,-1,0.02748633611151034
2140,trait_dispersion,-8,-0.8,0.08641073297370003
2140,rao_q,-10,-1,0.02748633611151034
2140,feve,10,1,0.02748633611151034
2140,fdiv,4,0.4,0.4624327264504763
2140,fric_prob,-9,-0.9,0.04326272780691068
2140,fdiv_fund,0,0,1
2140,feve_fund,-10,-1,0.02748633611151034
2140,fdis_prob,-6,-0.6,0.2206713619198468
2140,fmpd_prob,-10,-1,0.02748633611151034
2140,raoq_fund,-8,-0.8,0.08641073297370003
2140,cwm_pc1,-6,-0.6,0.2206713619198468
2140,cwm_pc2,4,0.4,0.4624327264504763
2140,pd_prob_mctavish,10,1,0.02748633611151034
2140,mpd_prob_mctavish,10,1,0.02748633611151034
2171,corrected_richness,10,1,0.02748633611151034
2171,shannon,10,1,0.02748633611151034
2171,inv_simpson,10,1,0.02748633611151034
2171,trait_volume,4,0.4,0.4624327264504763
2171,trait_dispersion,6,0.6,0.2206713619198468
2171,rao_q,6,0.6,0.2206713619198468
2171,feve,10,1,0.02748633611151034
2171,fdiv,0,0,1
2171,fric_prob,0,0,1
2171,fdiv_fund,8,0.8,0.08641073297370003
2171,feve_fund,10,1,0.02748633611151034
2171,fdis_prob,8,0.8,0.08641073297370003
2171,fmpd_prob,6,0.6,0.2206713619198468
2171,raoq_fund,8,0.8,0.08641073297370003
2171,cwm_pc1,-10,-1,0.02748633611151034
2171,cwm_pc2,4,0.4,0.4624327264504763
2171,pd_prob_mctavish,10,1,0.02748633611151034
2171,mpd_prob_mctavish,10,1,0.02748633611151034
2182,corrected_richness,10,1,0.02748633611151034
2182,shannon,10,1,0.02748633611151034
2182,inv_simpson,10,1,0.02748633611151034
2182,trait_volume,8,0.8,0.08641073297370003
2182,trait_dispersion,8,0.8,0.08641073297370003
2182,rao_q,8,0.8,0.08641073297370003
2182,feve,8,0.8,0.08641073297370003
2182,fdiv,-7,-0.7,0.09609232945567332
2182,fric_prob,0,0,1
2182,fdiv_fund,8,0.8,0.08641073297370003
2182,feve_fund,-4,-0.4,0.4624327264504763
2182,fdis_prob,8,0.8,0.08641073297370003
2182,fmpd_prob,8,0.8,0.08641073297370003
2182,raoq_fund,10,1,0.02748633611151034
2182,cwm_pc1,-10,-1,0.02748633611151034
2182,cwm_pc2,6,0.6,0.2206713619198468
2182,pd_prob_mctavish,10,1,0.02748633611151034
2182,mpd_prob_mctavish,10,1,0.02748633611151034
2183,corrected_richness,10,1,0.02748633611151034
2183,shannon,10,1,0.02748633611151034
2183,inv_simpson,10,1,0.02748633611151034
2183,trait_volume,8,0.8,0.08641073297370003
2183,trait_dispersion,8,0.8,0.08641073297370003
2183,rao_q,8,0.8,0.08641073297370003
2183,feve,10,1,0.02748633611151034
2183,fdiv,-5,-0.5,0.3122163883433193
2183,fric_prob,0,0,1
2183,fdiv_fund,8,0.8,0.08641073297370003
2183,feve_fund,-4,-0.4,0.4624327264504763
2183,fdis_prob,8,0.8,0.08641073297370003
2183,fmpd_prob,8,0.8,0.08641073297370003
2183,raoq_fund,8,0.8,0.08641073297370003
2183,cwm_pc1,-10,-1,0.02748633611151034
2183,cwm_pc2,6,0.6,0.2206713619198468
2183,pd_prob_mctavish,10,1,0.02748633611151034
2183,mpd_prob_mctavish,10,1,0.02748633611151034
2184,corrected_richness,10,1,0.02748633611151034
2184,shannon,10,1,0.02748633611151034
2184,inv_simpson,10,1,0.02748633611151034
2184,trait_volume,8,0.8,0.08641073297370003
2184,trait_dispersion,8,0.8,0.08641073297370003
2184,rao_q,8,0.8,0.08641073297370003
2184,feve,10,1,0.02748633611151034
2184,fdiv,-6,-0.6,0.2206713619198468
2184,fric_prob,0,0,1
2184,fdiv_fund,8,0.8,0.08641073297370003
2184,feve_fund,-4,-0.4,0.4624327264504763
2184,fdis_prob,8,0.8,0.08641073297370003
2184,fmpd_prob,8,0.8,0.08641073297370003
2184,raoq_fund,8,0.8,0.08641073297370003
2184,cwm_pc1,-10,-1,0.02748633611151034
2184,cwm_pc2,6,0.6,0.2206713619198468
2184,pd_prob_mctavish,10,1,0.02748633611151034
2184,mpd_prob_mctavish,10,1,0.02748633611151034
2186,corrected_richness,10,1,0.02748633611151034
2186,shannon,10,1,0.02748633611151034
2186,inv_simpson,10,1,0.02748633611151034
2186,trait_volume,8,0.8,0.08641073297370003
2186,trait_dispersion,8,0.8,0.08641073297370003
2186,rao_q,8,0.8,0.08641073297370003
2186,feve,10,1,0.02748633611151034
2186,fdiv,-8,-0.8,0.08641073297370003
2186,fric_prob,0,0,1
2186,fdiv_fund,10,1,0.02748633611151034
2186,feve_fund,-4,-0.4,0.4624327264504763
2186,fdis_prob,8,0.8,0.08641073297370003
2186,fmpd_prob,8,0.8,0.08641073297370003
2186,raoq_fund,8,0.8,0.08641073297370003
2186,cwm_pc1,-10,-1,0.02748633611151034
2186,cwm_pc2,6,0.6,0.2206713619198468
2186,pd_prob_mctavish,10,1,0.02748633611151034
2186,mpd_prob_mctavish,10,1,0.02748633611151034
2187,corrected_richness,10,1,0.02748633611151034
2187,shannon,10,1,0.02748633611151034
2187,inv_simpson,10,1,0.02748633611151034
2187,trait_volume,8,0.8,0.08641073297370003
2187,trait_dispersion,8,0.8,0.08641073297370003
2187,rao_q,8,0.8,0.08641073297370003
2187,feve,10,1,0.02748633611151034
2187,fdiv,-8,-0.8,0.08641073297370003
2187,fric_prob,0,0,1
2187,fdiv_fund,10,1,0.02748633611151034
2187,feve_fund,-4,-0.4,0.4624327264504763
2187,fdis_prob,8,0.8,0.08641073297370003
2187,fmpd_prob,8,0.8,0.08641073297370003
2187,raoq_fund,8,0.8,0.08641073297370003
2187,cwm_pc1,-10,-1,0.02748633611151034
2187,cwm_pc2,6,0.6,0.2206713619198468
2187,pd_prob_mctavish,10,1,0.02748633611151034
2187,mpd_prob_mctavish,10,1,0.02748633611151034
2188,corrected_richness,10,1,0.02748633611151034
2188,shannon,10,1,0.02748633611151034
2188,inv_simpson,10,1,0.02748633611151034
2188,trait_volume,8,0.8,0.08641073297370003
2188,trait_dispersion,8,0.8,0.08641073297370003
2188,rao_q,8,0.8,0.08641073297370003
2188,feve,10,1,0.02748633611151034
2188,fdiv,-8,-0.8,0.08641073297370003
2188,fric_prob,0,0,1
2188,fdiv_fund,8,0.8,0.08641073297370003
2188,feve_fund,-4,-0.4,0.4624327264504763
2188,fdis_prob,8,0.8,0.08641073297370003
2188,fmpd_prob,8,0.8,0.08641073297370003
2188,raoq_fund,8,0.8,0.08641073297370003
2188,cwm_pc1,-10,-1,0.02748633611151034
2188,cwm_pc2,6,0.6,0.2206713619198468
2188,pd_prob_mctavish,10,1,0.02748633611151034
2188,mpd_prob_mctavish,10,1,0.02748633611151034
2189,corrected_richness,10,1,0.02748633611151034
2189,shannon,10,1,0.02748633611151034
2189,inv_simpson,10,1,0.02748633611151034
2189,trait_volume,8,0.8,0.08641073297370003
2189,trait_dispersion,8,0.8,0.08641073297370003
2189,rao_q,8,0.8,0.08641073297370003
2189,feve,10,1,0.02748633611151034
2189,fdiv,-8,-0.8,0.08641073297370003
2189,fric_prob,0,0,1
2189,fdiv_fund,8,0.8,0.08641073297370003
2189,feve_fund,-6,-0.6,0.2206713619198468
2189,fdis_prob,6,0.6,0.2206713619198468
2189,fmpd_prob,8,0.8,0.08641073297370003
2189,raoq_fund,8,0.8,0.08641073297370003
2189,cwm_pc1,-10,-1,0.02748633611151034
2189,cwm_pc2,6,0.6,0.2206713619198468
2189,pd_prob_mctavish,10,1,0.02748633611151034
2189,mpd_prob_mctavish,10,1,0.02748633611151034
2191,corrected_richness,10,1,0.02748633611151034
2191,shannon,10,1,0.02748633611151034
2191,inv_simpson,10,1,0.02748633611151034
2191,trait_volume,8,0.8,0.08641073297370003
2191,trait_dispersion,8,0.8,0.08641073297370003
2191,rao_q,8,0.8,0.08641073297370003
2191,feve,10,1,0.02748633611151034
2191,fdiv,-8,-0.8,0.08641073297370003
2191,fric_prob,0,0,1
2191,fdiv_fund,8,0.8,0.08641073297370003
2191,feve_fund,-4,-0.4,0.4624327264504763
2191,fdis_prob,6,0.6,0.2206713619198468
2191,fmpd_prob,8,0.8,0.08641073297370003
2191,raoq_fund,-6,-0.6,0.2206713619198468
2191,cwm_pc1,-10,-1,0.02748633611151034
2191,cwm_pc2,4,0.4,0.4624327264504763
2191,pd_prob_mctavish,10,1,0.02748633611151034
2191,mpd_prob_mctavish,10,1,0.02748633611151034
2193,corrected_richness,10,1,0.02748633611151034
2193,shannon,10,1,0.02748633611151034
2193,inv_simpson,10,1,0.02748633611151034
2193,trait_volume,0,0,1
2193,trait_dispersion,6,0.6,0.2206713619198468
2193,rao_q,6,0.6,0.2206713619198468
2193,feve,10,1,0.02748633611151034
2193,fdiv,-8,-0.8,0.08641073297370003
2193,fric_prob,1,0.1,1
2193,fdiv_fund,6,0.6,0.2206713619198468
2193,feve_fund,-4,-0.4,0.4624327264504763
2193,fdis_prob,4,0.4,0.4624327264504763
2193,fmpd_prob,6,0.6,0.2206713619198468
2193,raoq_fund,-2,-0.2,0.8064959405073402
2193,cwm_pc1,-10,-1,0.02748633611151034
2193,cwm_pc2,4,0.4,0.4624327264504763
2193,pd_prob_mctavish,10,1,0.02748633611151034
2193,mpd_prob_mctavish,10,1,0.02748633611151034
2194,corrected_richness,10,1,0.02748633611151034
2194,shannon,10,1,0.02748633611151034
2194,inv_simpson,10,1,0.02748633611151034
2194,trait_volume,-2,-0.2,0.8064959405073402
2194,trait_dispersion,6,0.6,0.2206713619198468
2194,rao_q,4,0.4,0.4624327264504763
2194,feve,10,1,0.02748633611151034
2194,fdiv,-6,-0.6,0.2206713619198468
2194,fric_prob,2,0.2,0.8064959405073402
2194,fdiv_fund,6,0.6,0.2206713619198468
2194,feve_fund,-4,-0.4,0.4624327264504763
2194,fdis_prob,0,0,1
2194,fmpd_prob,4,0.4,0.4624327264504763
2194,raoq_fund,0,0,1
2194,cwm_pc1,-10,-1,0.02748633611151034
2194,cwm_pc2,2,0.2,0.8064959405073402
2194,pd_prob_mctavish,10,1,0.02748633611151034
2194,mpd_prob_mctavish,10,1,0.02748633611151034
2195,corrected_richness,10,1,0.02748633611151034
2195,shannon,10,1,0.02748633611151034
2195,inv_simpson,10,1,0.02748633611151034
2195,trait_volume,-4,-0.4,0.4624327264504763
2195,trait_dispersion,6,0.6,0.2206713619198468
2195,rao_q,0,0,1
2195,feve,10,1,0.02748633611151034
2195,fdiv,-6,-0.6,0.2206713619198468
2195,fric_prob,0,0,1
2195,fdiv_fund,2,0.2,0.8064959405073402
2195,feve_fund,-4,-0.4,0.4624327264504763
2195,fdis_prob,0,0,1
2195,fmpd_prob,0,0,1
2195,raoq_fund,-2,-0.2,0.8064959405073402
2195,cwm_pc1,-10,-1,0.02748633611151034
2195,cwm_pc2,2,0.2,0.8064959405073402
2195,pd_prob_mctavish,10,1,0.02748633611151034
2195,mpd_prob_mctavish,10,1,0.02748633611151034
2196,corrected_richness,10,1,0.02748633611151034
2196,shannon,10,1,0.02748633611151034
2196,inv_simpson,10,1,0.02748633611151034
2196,trait_volume,-8,-0.8,0.08641073297370003
2196,trait_dispersion,6,0.6,0.2206713619198468
2196,rao_q,0,0,1
2196,feve,10,1,0.02748633611151034
2196,fdiv,-6,-0.6,0.2206713619198468
2196,fric_prob,-2,-0.2,0.8064959405073402
2196,fdiv_fund,-2,-0.2,0.8064959405073402
2196,feve_fund,-4,-0.4,0.4624327264504763
2196,fdis_prob,0,0,1
2196,fmpd_prob,0,0,1
2196,raoq_fund,-2,-0.2,0.8064959405073402
2196,cwm_pc1,-8,-0.8,0.08641073297370003
2196,cwm_pc2,2,0.2,0.8064959405073402
2196,pd_prob_mctavish,10,1,0.02748633611151034
2196,mpd_prob_mctavish,10,1,0.02748633611151034
2197,corrected_richness,10,1,0.02748633611151034
2197,shannon,10,1,0.02748633611151034
2197,inv_simpson,10,1,0.02748633611151034
2197,trait_volume,-8,-0.8,0.08641073297370003
2197,trait_dispersion,4,0.4,0.4624327264504763
2197,rao_q,-4,-0.4,0.4624327264504763
2197,feve,10,1,0.02748633611151034
2197,fdiv,-6,-0.6,0.2206713619198468
2197,fric_prob,-2,-0.2,0.8064959405073402
2197,fdiv_fund,-4,-0.4,0.4624327264504763
2197,feve_fund,-10,-1,0.02748633611151034
2197,fdis_prob,0,0,1
2197,fmpd_prob,-4,-0.4,0.4624327264504763
2197,raoq_fund,-4,-0.4,0.4624327264504763
2197,cwm_pc1,-8,-0.8,0.08641073297370003
2197,cwm_pc2,2,0.2,0.8064959405073402
2197,pd_prob_mctavish,10,1,0.02748633611151034
2197,mpd_prob_mctavish,10,1,0.02748633611151034
2198,corrected_richness,10,1,0.02748633611151034
2198,shannon,10,1,0.02748633611151034
2198,inv_simpson,10,1,0.02748633611151034
2198,trait_volume,-10,-1,0.02748633611151034
2198,trait_dispersion,-2,-0.2,0.8064959405073402
2198,rao_q,-4,-0.4,0.4624327264504763
2198,feve,10,1,0.02748633611151034
2198,fdiv,-6,-0.6,0.2206713619198468
2198,fric_prob,-2,-0.2,0.8064959405073402
2198,fdiv_fund,-2,-0.2,0.8064959405073402
2198,feve_fund,-10,-1,0.02748633611151034
2198,fdis_prob,-2,-0.2,0.8064959405073402
2198,fmpd_prob,-6,-0.6,0.2206713619198468
2198,raoq_fund,-10,-1,0.02748633611151034
2198,cwm_pc1,-8,-0.8,0.08641073297370003
2198,cwm_pc2,4,0.4,0.4624327264504763
2198,pd_prob_mctavish,10,1,0.02748633611151034
2198,mpd_prob_mctavish,10,1,0.02748633611151034
2199,corrected_richness,10,1,0.02748633611151034
2199,shannon,10,1,0.02748633611151034
2199,inv_simpson,10,1,0.02748633611151034
2199,trait_volume,-10,-1,0.02748633611151034
2199,trait_dispersion,-4,-0.4,0.4624327264504763
2199,rao_q,-8,-0.8,0.08641073297370003
2199,feve,10,1,0.02748633611151034
2199,fdiv,-4,-0.4,0.4624327264504763
2199,fric_prob,-2,-0.2,0.8064959405073402
2199,fdiv_fund,-2,-0.2,0.8064959405073402
2199,feve_fund,-10,-1,0.02748633611151034
2199,fdis_prob,-8,-0.8,0.08641073297370003
2199,fmpd_prob,-8,-0.8,0.08641073297370003
2199,raoq_fund,-10,-1,0.02748633611151034
2199,cwm_pc1,-8,-0.8,0.08641073297370003
2199,cwm_pc2,4,0.4,0.4624327264504763
2199,pd_prob_mctavish,10,1,0.02748633611151034
2199,mpd_prob_mctavish,10,1,0.02748633611151034
2200,corrected_richness,10,1,0.02748633611151034
2200,shannon,10,1,0.02748633611151034
2200,inv_simpson,10,1,0.02748633611151034
2200,trait_volume,-10,-1,0.02748633611151034
2200,trait_dispersion,-4,-0.4,0.4624327264504763
2200,rao_q,-8,-0.8,0.08641073297370003
2200,feve,10,1,0.02748633611151034
2200,fdiv,-2,-0.2,0.8064959405073402
2200,fric_prob,-2,-0.2,0.8064959405073402
2200,fdiv_fund,2,0.2,0.8064959405073402
2200,feve_fund,-10,-1,0.02748633611151034
2200,fdis_prob,-8,-0.8,0.08641073297370003
2200,fmpd_prob,-8,-0.8,0.08641073297370003
2200,raoq_fund,-10,-1,0.02748633611151034
2200,cwm_pc1,-8,-0.8,0.08641073297370003
2200,cwm_pc2,4,0.4,0.4624327264504763
2200,pd_prob_mctavish,10,1,0.02748633611151034
2200,mpd_prob_mctavish,10,1,0.02748633611151034
2201,corrected_richness,10,1,0.02748633611151034
2201,shannon,10,1,0.02748633611151034
2201,inv_simpson,10,1,0.02748633611151034
2201,trait_volume,-10,-1,0.02748633611151034
2201,trait_dispersion,-4,-0.4,0.4624327264504763
2201,rao_q,-8,-0.8,0.08641073297370003
2201,feve,10,1,0.02748633611151034
2201,fdiv,-2,-0.2,0.8064959405073402
2201,fric_prob,0,0,1
2201,fdiv_fund,4,0.4,0.4624327264504763
2201,feve_fund,-10,-1,0.02748633611151034
2201,fdis_prob,-8,-0.8,0.08641073297370003
2201,fmpd_prob,-8,-0.8,0.08641073297370003
2201,raoq_fund,-8,-0.8,0.08641073297370003
2201,cwm_pc1,-8,-0.8,0.08641073297370003
2201,cwm_pc2,4,0.4,0.4624327264504763
2201,pd_prob_mctavish,10,1,0.02748633611151034
2201,mpd_prob_mctavish,10,1,0.02748633611151034
2202,corrected_richness,10,1,0.02748633611151034
2202,shannon,10,1,0.02748633611151034
2202,inv_simpson,10,1,0.02748633611151034
2202,trait_volume,-10,-1,0.02748633611151034
2202,trait_dispersion,-4,-0.4,0.4624327264504763
2202,rao_q,-10,-1,0.02748633611151034
2202,feve,10,1,0.02748633611151034
2202,fdiv,-2,-0.2,0.8064959405073402
2202,fric_prob,4,0.4,0.4624327264504763
2202,fdiv_fund,4,0.4,0.4624327264504763
2202,feve_fund,-10,-1,0.02748633611151034
2202,fdis_prob,-8,-0.8,0.08641073297370003
2202,fmpd_prob,-10,-1,0.02748633611151034
2202,raoq_fund,-10,-1,0.02748633611151034
2202,cwm_pc1,-8,-0.8,0.08641073297370003
2202,cwm_pc2,4,0.4,0.4624327264504763
2202,pd_prob_mctavish,10,1,0.02748633611151034
2202,mpd_prob_mctavish,10,1,0.02748633611151034
2203,corrected_richness,10,1,0.02748633611151034
2203,shannon,10,1,0.02748633611151034
2203,inv_simpson,10,1,0.02748633611151034
2203,trait_volume,-10,-1,0.02748633611151034
2203,trait_dispersion,-4,-0.4,0.4624327264504763
2203,rao_q,-10,-1,0.02748633611151034
2203,feve,10,1,0.02748633611151034
2203,fdiv,-2,-0.2,0.8064959405073402
2203,fric_prob,4,0.4,0.4624327264504763
2203,fdiv_fund,4,0.4,0.4624327264504763
2203,feve_fund,-10,-1,0.02748633611151034
2203,fdis_prob,-10,-1,0.02748633611151034
2203,fmpd_prob,-10,-1,0.02748633611151034
2203,raoq_fund,-10,-1,0.02748633611151034
2203,cwm_pc1,-8,-0.8,0.08641073297370003
2203,cwm_pc2,6,0.6,0.2206713619198468
2203,pd_prob_mctavish,10,1,0.02748633611151034
2203,mpd_prob_mctavish,10,1,0.02748633611151034
2204,corrected_richness,10,1,0.02748633611151034
2204,shannon,10,1,0.02748633611151034
2204,inv_simpson,10,1,0.02748633611151034
2204,trait_volume,-10,-1,0.02748633611151034
2204,trait_dispersion,-4,-0.4,0.4624327264504763
2204,rao_q,-10,-1,0.02748633611151034
2204,feve,10,1,0.02748633611151034
2204,fdiv,0,0,1
2204,fric_prob,0,0,1
2204,fdiv_fund,0,0,1
2204,feve_fund,-10,-1,0.02748633611151034
2204,fdis_prob,-10,-1,0.02748633611151034
2204,fmpd_prob,-10,-1,0.02748633611151034
2204,raoq_fund,-10,-1,0.02748633611151034
2204,cwm_pc1,-8,-0.8,0.08641073297370003
2204,cwm_pc2,6,0.6,0.2206713619198468
2204,pd_prob_mctavish,10,1,0.02748633611151034
2204,mpd_prob_mctavish,10,1,0.02748633611151034
2205,corrected_richness,10,1,0.02748633611151034
2205,shannon,10,1,0.02748633611151034
2205,inv_simpson,10,1,0.02748633611151034
2205,trait_volume,-10,-1,0.02748633611151034
2205,trait_dispersion,-6,-0.6,0.2206713619198468
2205,rao_q,-10,-1,0.02748633611151034
2205,feve,10,1,0.02748633611151034
2205,fdiv,2,0.2,0.8064959405073402
2205,fric_prob,-2,-0.2,0.8064959405073402
2205,fdiv_fund,0,0,1
2205,feve_fund,-10,-1,0.02748633611151034
2205,fdis_prob,-10,-1,0.02748633611151034
2205,fmpd_prob,-10,-1,0.02748633611151034
2205,raoq_fund,-10,-1,0.02748633611151034
2205,cwm_pc1,-8,-0.8,0.08641073297370003
2205,cwm_pc2,6,0.6,0.2206713619198468
2205,pd_prob_mctavish,10,1,0.02748633611151034
2205,mpd_prob_mctavish,10,1,0.02748633611151034
2206,corrected_richness,10,1,0.02748633611151034
2206,shannon,10,1,0.02748633611151034
2206,inv_simpson,10,1,0.02748633611151034
2206,trait_volume,-10,-1,0.02748633611151034
2206,trait_dispersion,-6,-0.6,0.2206713619198468
2206,rao_q,-10,-1,0.02748633611151034
2206,feve,10,1,0.02748633611151034
2206,fdiv,2,0.2,0.8064959405073402
2206,fric_prob,-2,-0.2,0.8064959405073402
2206,fdiv_fund,-4,-0.4,0.4624327264504763
2206,feve_fund,-10,-1,0.02748633611151034
2206,fdis_prob,-10,-1,0.02748633611151034
2206,fmpd_prob,-10,-1,0.02748633611151034
2206,raoq_fund,-10,-1,0.02748633611151034
2206,cwm_pc1,-6,-0.6,0.2206713619198468
2206,cwm_pc2,6,0.6,0.2206713619198468
2206,pd_prob_mctavish,10,1,0.02748633611151034
2206,mpd_prob_mctavish,10,1,0.02748633611151034
2207,corrected_richness,10,1,0.02748633611151034
2207,shannon,10,1,0.02748633611151034
2207,inv_simpson,10,1,0.02748633611151034
2207,trait_volume,-10,-1,0.02748633611151034
2207,trait_dispersion,-6,-0.6,0.2206713619198468
2207,rao_q,-10,-1,0.02748633611151034
2207,feve,10,1,0.02748633611151034
2207,fdiv,2,0.2,0.8064959405073402
2207,fric_prob,-4,-0.4,0.4624327264504763
2207,fdiv_fund,-2,-0.2,0.8064959405073402
2207,feve_fund,-10,-1,0.02748633611151034
2207,fdis_prob,-8,-0.8,0.08641073297370003
2207,fmpd_prob,-10,-1,0.02748633611151034
2207,raoq_fund,-10,-1,0.02748633611151034
2207,cwm_pc1,-6,-0.6,0.2206713619198468
2207,cwm_pc2,6,0.6,0.2206713619198468
2207,pd_prob_mctavish,10,1,0.02748633611151034
2207,mpd_prob_mctavish,10,1,0.02748633611151034
2208,corrected_richness,10,1,0.02748633611151034
2208,shannon,10,1,0.02748633611151034
2208,inv_simpson,10,1,0.02748633611151034
2208,trait_volume,-10,-1,0.02748633611151034
2208,trait_dispersion,-6,-0.6,0.2206713619198468
2208,rao_q,-10,-1,0.02748633611151034
2208,feve,10,1,0.02748633611151034
2208,fdiv,2,0.2,0.8064959405073402
2208,fric_prob,-4,-0.4,0.4624327264504763
2208,fdiv_fund,-2,-0.2,0.8064959405073402
2208,feve_fund,-10,-1,0.02748633611151034
2208,fdis_prob,-6,-0.6,0.2206713619198468
2208,fmpd_prob,-10,-1,0.02748633611151034
2208,raoq_fund,-10,-1,0.02748633611151034
2208,cwm_pc1,-6,-0.6,0.2206713619198468
2208,cwm_pc2,6,0.6,0.2206713619198468
2208,pd_prob_mctavish,10,1,0.02748633611151034
2208,mpd_prob_mctavish,10,1,0.02748633611151034
2209,corrected_richness,10,1,0.02748633611151034
2209,shannon,10,1,0.02748633611151034
2209,inv_simpson,10,1,0.02748633611151034
2209,trait_volume,-10,-1,0.02748633611151034
2209,trait_dispersion,-6,-0.6,0.2206713619198468
2209,rao_q,-10,-1,0.02748633611151034
2209,feve,10,1,0.02748633611151034
2209,fdiv,4,0.4,0.4624327264504763
2209,fric_prob,-4,-0.4,0.4624327264504763
2209,fdiv_fund,-2,-0.2,0.8064959405073402
2209,feve_fund,-10,-1,0.02748633611151034
2209,fdis_prob,-6,-0.6,0.2206713619198468
2209,fmpd_prob,-10,-1,0.02748633611151034
2209,raoq_fund,-8,-0.8,0.08641073297370003
2209,cwm_pc1,-6,-0.6,0.2206713619198468
2209,cwm_pc2,6,0.6,0.2206713619198468
2209,pd_prob_mctavish,10,1,0.02748633611151034
2209,mpd_prob_mctavish,10,1,0.02748633611151034
2210,corrected_richness,10,1,0.02748633611151034
2210,shannon,10,1,0.02748633611151034
2210,inv_simpson,10,1,0.02748633611151034
2210,trait_volume,-10,-1,0.02748633611151034
2210,trait_dispersion,-6,-0.6,0.2206713619198468
2210,rao_q,-10,-1,0.02748633611151034
2210,feve,10,1,0.02748633611151034
2210,fdiv,4,0.4,0.4624327264504763
2210,fric_prob,-6,-0.6,0.2206713619198468
2210,fdiv_fund,0,0,1
2210,feve_fund,-10,-1,0.02748633611151034
2210,fdis_prob,-4,-0.4,0.4624327264504763
2210,fmpd_prob,-10,-1,0.02748633611151034
2210,raoq_fund,-8,-0.8,0.08641073297370003
2210,cwm_pc1,-6,-0.6,0.2206713619198468
2210,cwm_pc2,4,0.4,0.4624327264504763
2210,pd_prob_mctavish,10,1,0.02748633611151034
2210,mpd_prob_mctavish,10,1,0.02748633611151034
2211,corrected_richness,10,1,0.02748633611151034
2211,shannon,10,1,0.02748633611151034
2211,inv_simpson,10,1,0.02748633611151034
2211,trait_volume,-10,-1,0.02748633611151034
2211,trait_dispersion,-8,-0.8,0.08641073297370003
2211,rao_q,-10,-1,0.02748633611151034
2211,feve,10,1,0.02748633611151034
2211,fdiv,4,0.4,0.4624327264504763
2211,fric_prob,-5,-0.5,0.3122163883433193
2211,fdiv_fund,2,0.2,0.8064959405073402
2211,feve_fund,-10,-1,0.02748633611151034
2211,fdis_prob,-6,-0.6,0.2206713619198468
2211,fmpd_prob,-10,-1,0.02748633611151034
2211,raoq_fund,-8,-0.8,0.08641073297370003
2211,cwm_pc1,-6,-0.6,0.2206713619198468
2211,cwm_pc2,4,0.4,0.4624327264504763
2211,pd_prob_mctavish,10,1,0.02748633611151034
2211,mpd_prob_mctavish,10,1,0.02748633611151034
2212,corrected_richness,10,1,0.02748633611151034
2212,shannon,10,1,0.02748633611151034
2212,inv_simpson,10,1,0.02748633611151034
2212,trait_volume,-10,-1,0.02748633611151034
2212,trait_dispersion,-8,-0.8,0.08641073297370003
2212,rao_q,-10,-1,0.02748633611151034
2212,feve,10,1,0.02748633611151034
2212,fdiv,4,0.4,0.4624327264504763
2212,fric_prob,-4,-0.4,0.4624327264504763
2212,fdiv_fund,2,0.2,0.8064959405073402
2212,feve_fund,-10,-1,0.02748633611151034
2212,fdis_prob,-4,-0.4,0.4624327264504763
2212,fmpd_prob,-10,-1,0.02748633611151034
2212,raoq_fund,-8,-0.8,0.08641073297370003
2212,cwm_pc1,-6,-0.6,0.2206713619198468
2212,cwm_pc2,4,0.4,0.4624327264504763
2212,pd_prob_mctavish,10,1,0.02748633611151034
2212,mpd_prob_mctavish,10,1,0.02748633611151034
2213,corrected_richness,10,1,0.02748633611151034
2213,shannon,10,1,0.02748633611151034
2213,inv_simpson,10,1,0.02748633611151034
2213,trait_volume,-10,-1,0.02748633611151034
2213,trait_dispersion,-8,-0.8,0.08641073297370003
2213,rao_q,-10,-1,0.02748633611151034
2213,feve,10,1,0.02748633611151034
2213,fdiv,4,0.4,0.4624327264504763
2213,fric_prob,-1,-0.1,1
2213,fdiv_fund,4,0.4,0.4624327264504763
2213,feve_fund,-10,-1,0.02748633611151034
2213,fdis_prob,-4,-0.4,0.4624327264504763
2213,fmpd_prob,-10,-1,0.02748633611151034
2213,raoq_fund,-8,-0.8,0.08641073297370003
2213,cwm_pc1,-8,-0.8,0.08641073297370003
2213,cwm_pc2,4,0.4,0.4624327264504763
2213,pd_prob_mctavish,10,1,0.02748633611151034
2213,mpd_prob_mctavish,10,1,0.02748633611151034
2214,corrected_richness,10,1,0.02748633611151034
2214,shannon,10,1,0.02748633611151034
2214,inv_simpson,10,1,0.02748633611151034
2214,trait_volume,-10,-1,0.02748633611151034
2214,trait_dispersion,-8,-0.8,0.08641073297370003
2214,rao_q,-10,-1,0.02748633611151034
2214,feve,10,1,0.02748633611151034
2214,fdiv,4,0.4,0.4624327264504763
2214,fric_prob,2,0.2,0.8064959405073402
2214,fdiv_fund,4,0.4,0.4624327264504763
2214,feve_fund,-10,-1,0.02748633611151034
2214,fdis_prob,-4,-0.4,0.4624327264504763
2214,fmpd_prob,-10,-1,0.02748633611151034
2214,raoq_fund,-8,-0.8,0.08641073297370003
2214,cwm_pc1,-8,-0.8,0.08641073297370003
2214,cwm_pc2,4,0.4,0.4624327264504763
2214,pd_prob_mctavish,10,1,0.02748633611151034
2214,mpd_prob_mctavish,10,1,0.02748633611151034
2240,corrected_richness,10,1,0.02748633611151034
2240,shannon,10,1,0.02748633611151034
2240,inv_simpson,10,1,0.02748633611151034
2240,trait_volume,4,0.4,0.4624327264504763
2240,trait_dispersion,6,0.6,0.2206713619198468
2240,rao_q,6,0.6,0.2206713619198468
2240,feve,10,1,0.02748633611151034
2240,fdiv,0,0,1
2240,fric_prob,0,0,1
2240,fdiv_fund,8,0.8,0.08641073297370003
2240,feve_fund,8,0.8,0.08641073297370003
2240,fdis_prob,6,0.6,0.2206713619198468
2240,fmpd_prob,6,0.6,0.2206713619198468
2240,raoq_fund,8,0.8,0.08641073297370003
2240,cwm_pc1,-10,-1,0.02748633611151034
2240,cwm_pc2,4,0.4,0.4624327264504763
2240,pd_prob_mctavish,10,1,0.02748633611151034
2240,mpd_prob_mctavish,10,1,0.02748633611151034
2241,corrected_richness,10,1,0.02748633611151034
2241,shannon,10,1,0.02748633611151034
2241,inv_simpson,10,1,0.02748633611151034
2241,trait_volume,4,0.4,0.4624327264504763
2241,trait_dispersion,6,0.6,0.2206713619198468
2241,rao_q,6,0.6,0.2206713619198468
2241,feve,10,1,0.02748633611151034
2241,fdiv,0,0,1
2241,fric_prob,0,0,1
2241,fdiv_fund,8,0.8,0.08641073297370003
2241,feve_fund,8,0.8,0.08641073297370003
2241,fdis_prob,4,0.4,0.4624327264504763
2241,fmpd_prob,6,0.6,0.2206713619198468
2241,raoq_fund,8,0.8,0.08641073297370003
2241,cwm_pc1,-10,-1,0.02748633611151034
2241,cwm_pc2,4,0.4,0.4624327264504763
2241,pd_prob_mctavish,10,1,0.02748633611151034
2241,mpd_prob_mctavish,10,1,0.02748633611151034
2250,corrected_richness,10,1,0.02748633611151034
2250,shannon,10,1,0.02748633611151034
2250,inv_simpson,10,1,0.02748633611151034
2250,trait_volume,8,0.8,0.08641073297370003
2250,trait_dispersion,8,0.8,0.08641073297370003
2250,rao_q,8,0.8,0.08641073297370003
2250,feve,10,1,0.02748633611151034
2250,fdiv,0,0,1
2250,fric_prob,0,0,1
2250,fdiv_fund,8,0.8,0.08641073297370003
2250,feve_fund,2,0.2,0.8064959405073402
2250,fdis_prob,4,0.4,0.4624327264504763
2250,fmpd_prob,8,0.8,0.08641073297370003
2250,raoq_fund,6,0.6,0.2206713619198468
2250,cwm_pc1,-10,-1,0.02748633611151034
2250,cwm_pc2,6,0.6,0.2206713619198468
2250,pd_prob_mctavish,10,1,0.02748633611151034
2250,mpd_prob_mctavish,10,1,0.02748633611151034
2254,corrected_richness,10,1,0.02748633611151034
2254,shannon,10,1,0.02748633611151034
2254,inv_simpson,10,1,0.02748633611151034
2254,trait_volume,8,0.8,0.08641073297370003
2254,trait_dispersion,8,0.8,0.08641073297370003
2254,rao_q,8,0.8,0.08641073297370003
2254,feve,10,1,0.02748633611151034
2254,fdiv,-7,-0.7,0.09609232945567332
2254,fric_prob,0,0,1
2254,fdiv_fund,8,0.8,0.08641073297370003
2254,feve_fund,-4,-0.4,0.4624327264504763
2254,fdis_prob,6,0.6,0.2206713619198468
2254,fmpd_prob,8,0.8,0.08641073297370003
2254,raoq_fund,6,0.6,0.2206713619198468
2254,cwm_pc1,-10,-1,0.02748633611151034
2254,cwm_pc2,6,0.6,0.2206713619198468
2254,pd_prob_mctavish,10,1,0.02748633611151034
2254,mpd_prob_mctavish,10,1,0.02748633611151034
2255,corrected_richness,10,1,0.02748633611151034
2255,shannon,10,1,0.02748633611151034
2255,inv_simpson,10,1,0.02748633611151034
2255,trait_volume,8,0.8,0.08641073297370003
2255,trait_dispersion,8,0.8,0.08641073297370003
2255,rao_q,8,0.8,0.08641073297370003
2255,feve,10,1,0.02748633611151034
2255,fdiv,-5,-0.5,0.3122163883433193
2255,fric_prob,0,0,1
2255,fdiv_fund,8,0.8,0.08641073297370003
2255,feve_fund,-4,-0.4,0.4624327264504763
2255,fdis_prob,8,0.8,0.08641073297370003
2255,fmpd_prob,8,0.8,0.08641073297370003
2255,raoq_fund,8,0.8,0.08641073297370003
2255,cwm_pc1,-10,-1,0.02748633611151034
2255,cwm_pc2,6,0.6,0.2206713619198468
2255,pd_prob_mctavish,10,1,0.02748633611151034
2255,mpd_prob_mctavish,10,1,0.02748633611151034
2257,corrected_richness,10,1,0.02748633611151034
2257,shannon,10,1,0.02748633611151034
2257,inv_simpson,10,1,0.02748633611151034
2257,trait_volume,8,0.8,0.08641073297370003
2257,trait_dispersion,8,0.8,0.08641073297370003
2257,rao_q,8,0.8,0.08641073297370003
2257,feve,10,1,0.02748633611151034
2257,fdiv,-6,-0.6,0.2206713619198468
2257,fric_prob,0,0,1
2257,fdiv_fund,8,0.8,0.08641073297370003
2257,feve_fund,-4,-0.4,0.4624327264504763
2257,fdis_prob,8,0.8,0.08641073297370003
2257,fmpd_prob,8,0.8,0.08641073297370003
2257,raoq_fund,8,0.8,0.08641073297370003
2257,cwm_pc1,-10,-1,0.02748633611151034
2257,cwm_pc2,6,0.6,0.2206713619198468
2257,pd_prob_mctavish,10,1,0.02748633611151034
2257,mpd_prob_mctavish,10,1,0.02748633611151034
2258,corrected_richness,10,1,0.02748633611151034
2258,shannon,10,1,0.02748633611151034
2258,inv_simpson,10,1,0.02748633611151034
2258,trait_volume,8,0.8,0.08641073297370003
2258,trait_dispersion,8,0.8,0.08641073297370003
2258,rao_q,8,0.8,0.08641073297370003
2258,feve,10,1,0.02748633611151034
2258,fdiv,-8,-0.8,0.08641073297370003
2258,fric_prob,0,0,1
2258,fdiv_fund,10,1,0.02748633611151034
2258,feve_fund,-4,-0.4,0.4624327264504763
2258,fdis_prob,8,0.8,0.08641073297370003
2258,fmpd_prob,8,0.8,0.08641073297370003
2258,raoq_fund,8,0.8,0.08641073297370003
2258,cwm_pc1,-10,-1,0.02748633611151034
2258,cwm_pc2,6,0.6,0.2206713619198468
2258,pd_prob_mctavish,10,1,0.02748633611151034
2258,mpd_prob_mctavish,10,1,0.02748633611151034
2259,corrected_richness,10,1,0.02748633611151034
2259,shannon,10,1,0.02748633611151034
2259,inv_simpson,10,1,0.02748633611151034
2259,trait_volume,8,0.8,0.08641073297370003
2259,trait_dispersion,8,0.8,0.08641073297370003
2259,rao_q,8,0.8,0.08641073297370003
2259,feve,10,1,0.02748633611151034
2259,fdiv,-8,-0.8,0.08641073297370003
2259,fric_prob,0,0,1
2259,fdiv_fund,10,1,0.02748633611151034
2259,feve_fund,-6,-0.6,0.2206713619198468
2259,fdis_prob,8,0.8,0.08641073297370003
2259,fmpd_prob,8,0.8,0.08641073297370003
2259,raoq_fund,8,0.8,0.08641073297370003
2259,cwm_pc1,-10,-1,0.02748633611151034
2259,cwm_pc2,6,0.6,0.2206713619198468
2259,pd_prob_mctavish,10,1,0.02748633611151034
2259,mpd_prob_mctavish,10,1,0.02748633611151034
2260,corrected_richness,10,1,0.02748633611151034
2260,shannon,10,1,0.02748633611151034
2260,inv_simpson,10,1,0.02748633611151034
2260,trait_volume,8,0.8,0.08641073297370003
2260,trait_dispersion,8,0.8,0.08641073297370003
2260,rao_q,8,0.8,0.08641073297370003
2260,feve,10,1,0.02748633611151034
2260,fdiv,-8,-0.8,0.08641073297370003
2260,fric_prob,0,0,1
2260,fdiv_fund,10,1,0.02748633611151034
2260,feve_fund,-6,-0.6,0.2206713619198468
2260,fdis_prob,8,0.8,0.08641073297370003
2260,fmpd_prob,8,0.8,0.08641073297370003
2260,raoq_fund,8,0.8,0.08641073297370003
2260,cwm_pc1,-10,-1,0.02748633611151034
2260,cwm_pc2,6,0.6,0.2206713619198468
2260,pd_prob_mctavish,10,1,0.02748633611151034
2260,mpd_prob_mctavish,10,1,0.02748633611151034
2261,corrected_richness,10,1,0.02748633611151034
2261,shannon,10,1,0.02748633611151034
2261,inv_simpson,10,1,0.02748633611151034
2261,trait_volume,8,0.8,0.08641073297370003
2261,trait_dispersion,8,0.8,0.08641073297370003
2261,rao_q,8,0.8,0.08641073297370003
2261,feve,10,1,0.02748633611151034
2261,fdiv,-8,-0.8,0.08641073297370003
2261,fric_prob,0,0,1
2261,fdiv_fund,10,1,0.02748633611151034
2261,feve_fund,-8,-0.8,0.08641073297370003
2261,fdis_prob,6,0.6,0.2206713619198468
2261,fmpd_prob,8,0.8,0.08641073297370003
2261,raoq_fund,6,0.6,0.2206713619198468
2261,cwm_pc1,-10,-1,0.02748633611151034
2261,cwm_pc2,6,0.6,0.2206713619198468
2261,pd_prob_mctavish,10,1,0.02748633611151034
2261,mpd_prob_mctavish,10,1,0.02748633611151034
2262,corrected_richness,10,1,0.02748633611151034
2262,shannon,10,1,0.02748633611151034
2262,inv_simpson,10,1,0.02748633611151034
2262,trait_volume,8,0.8,0.08641073297370003
2262,trait_dispersion,8,0.8,0.08641073297370003
2262,rao_q,10,1,0.02748633611151034
2262,feve,10,1,0.02748633611151034
2262,fdiv,-8,-0.8,0.08641073297370003
2262,fric_prob,0,0,1
2262,fdiv_fund,6,0.6,0.2206713619198468
2262,feve_fund,-8,-0.8,0.08641073297370003
2262,fdis_prob,6,0.6,0.2206713619198468
2262,fmpd_prob,10,1,0.02748633611151034
2262,raoq_fund,4,0.4,0.4624327264504763
2262,cwm_pc1,-10,-1,0.02748633611151034
2262,cwm_pc2,4,0.4,0.4624327264504763
2262,pd_prob_mctavish,10,1,0.02748633611151034
2262,mpd_prob_mctavish,10,1,0.02748633611151034
2263,corrected_richness,10,1,0.02748633611151034
2263,shannon,10,1,0.02748633611151034
2263,inv_simpson,10,1,0.02748633611151034
2263,trait_volume,8,0.8,0.08641073297370003
2263,trait_dispersion,8,0.8,0.08641073297370003
2263,rao_q,10,1,0.02748633611151034
2263,feve,10,1,0.02748633611151034
2263,fdiv,-8,-0.8,0.08641073297370003
2263,fric_prob,0,0,1
2263,fdiv_fund,6,0.6,0.2206713619198468
2263,feve_fund,-6,-0.6,0.2206713619198468
2263,fdis_prob,8,0.8,0.08641073297370003
2263,fmpd_prob,10,1,0.02748633611151034
2263,raoq_fund,2,0.2,0.8064959405073402
2263,cwm_pc1,-10,-1,0.02748633611151034
2263,cwm_pc2,4,0.4,0.4624327264504763
2263,pd_prob_mctavish,10,1,0.02748633611151034
2263,mpd_prob_mctavish,10,1,0.02748633611151034
2264,corrected_richness,10,1,0.02748633611151034
2264,shannon,10,1,0.02748633611151034
2264,inv_simpson,10,1,0.02748633611151034
2264,trait_volume,8,0.8,0.08641073297370003
2264,trait_dispersion,8,0.8,0.08641073297370003
2264,rao_q,10,1,0.02748633611151034
2264,feve,10,1,0.02748633611151034
2264,fdiv,-8,-0.8,0.08641073297370003
2264,fric_prob,-1,-0.1,1
2264,fdiv_fund,6,0.6,0.2206713619198468
2264,feve_fund,-2,-0.2,0.8064959405073402
2264,fdis_prob,8,0.8,0.08641073297370003
2264,fmpd_prob,10,1,0.02748633611151034
2264,raoq_fund,6,0.6,0.2206713619198468
2264,cwm_pc1,-10,-1,0.02748633611151034
2264,cwm_pc2,2,0.2,0.8064959405073402
2264,pd_prob_mctavish,10,1,0.02748633611151034
2264,mpd_prob_mctavish,10,1,0.02748633611151034
2265,corrected_richness,10,1,0.02748633611151034
2265,shannon,10,1,0.02748633611151034
2265,inv_simpson,10,1,0.02748633611151034
2265,trait_volume,4,0.4,0.4624327264504763
2265,trait_dispersion,6,0.6,0.2206713619198468
2265,rao_q,8,0.8,0.08641073297370003
2265,feve,10,1,0.02748633611151034
2265,fdiv,-6,-0.6,0.2206713619198468
2265,fric_prob,1,0.1,1
2265,fdiv_fund,6,0.6,0.2206713619198468
2265,feve_fund,-4,-0.4,0.4624327264504763
2265,fdis_prob,4,0.4,0.4624327264504763
2265,fmpd_prob,8,0.8,0.08641073297370003
2265,raoq_fund,4,0.4,0.4624327264504763
2265,cwm_pc1,-10,-1,0.02748633611151034
2265,cwm_pc2,2,0.2,0.8064959405073402
2265,pd_prob_mctavish,10,1,0.02748633611151034
2265,mpd_prob_mctavish,10,1,0.02748633611151034
2266,corrected_richness,10,1,0.02748633611151034
2266,shannon,10,1,0.02748633611151034
2266,inv_simpson,10,1,0.02748633611151034
2266,trait_volume,0,0,1
2266,trait_dispersion,6,0.6,0.2206713619198468
2266,rao_q,8,0.8,0.08641073297370003
2266,feve,10,1,0.02748633611151034
2266,fdiv,-6,-0.6,0.2206713619198468
2266,fric_prob,0,0,1
2266,fdiv_fund,6,0.6,0.2206713619198468
2266,feve_fund,-4,-0.4,0.4624327264504763
2266,fdis_prob,4,0.4,0.4624327264504763
2266,fmpd_prob,8,0.8,0.08641073297370003
2266,raoq_fund,0,0,1
2266,cwm_pc1,-10,-1,0.02748633611151034
2266,cwm_pc2,2,0.2,0.8064959405073402
2266,pd_prob_mctavish,10,1,0.02748633611151034
2266,mpd_prob_mctavish,10,1,0.02748633611151034
2267,corrected_richness,10,1,0.02748633611151034
2267,shannon,10,1,0.02748633611151034
2267,inv_simpson,10,1,0.02748633611151034
2267,trait_volume,-2,-0.2,0.8064959405073402
2267,trait_dispersion,6,0.6,0.2206713619198468
2267,rao_q,4,0.4,0.4624327264504763
2267,feve,10,1,0.02748633611151034
2267,fdiv,-6,-0.6,0.2206713619198468
2267,fric_prob,-2,-0.2,0.8064959405073402
2267,fdiv_fund,4,0.4,0.4624327264504763
2267,feve_fund,-4,-0.4,0.4624327264504763
2267,fdis_prob,0,0,1
2267,fmpd_prob,2,0.2,0.8064959405073402
2267,raoq_fund,0,0,1
2267,cwm_pc1,-10,-1,0.02748633611151034
2267,cwm_pc2,2,0.2,0.8064959405073402
2267,pd_prob_mctavish,10,1,0.02748633611151034
2267,mpd_prob_mctavish,10,1,0.02748633611151034
2268,corrected_richness,10,1,0.02748633611151034
2268,shannon,10,1,0.02748633611151034
2268,inv_simpson,10,1,0.02748633611151034
2268,trait_volume,-2,-0.2,0.8064959405073402
2268,trait_dispersion,6,0.6,0.2206713619198468
2268,rao_q,2,0.2,0.8064959405073402
2268,feve,10,1,0.02748633611151034
2268,fdiv,-6,-0.6,0.2206713619198468
2268,fric_prob,-2,-0.2,0.8064959405073402
2268,fdiv_fund,6,0.6,0.2206713619198468
2268,feve_fund,-8,-0.8,0.08641073297370003
2268,fdis_prob,0,0,1
2268,fmpd_prob,2,0.2,0.8064959405073402
2268,raoq_fund,0,0,1
2268,cwm_pc1,-10,-1,0.02748633611151034
2268,cwm_pc2,2,0.2,0.8064959405073402
2268,pd_prob_mctavish,10,1,0.02748633611151034
2268,mpd_prob_mctavish,10,1,0.02748633611151034
2269,corrected_richness,10,1,0.02748633611151034
2269,shannon,10,1,0.02748633611151034
2269,inv_simpson,10,1,0.02748633611151034
2269,trait_volume,-10,-1,0.02748633611151034
2269,trait_dispersion,4,0.4,0.4624327264504763
2269,rao_q,-2,-0.2,0.8064959405073402
2269,feve,10,1,0.02748633611151034
2269,fdiv,-4,-0.4,0.4624327264504763
2269,fric_prob,-2,-0.2,0.8064959405073402
2269,fdiv_fund,0,0,1
2269,feve_fund,-10,-1,0.02748633611151034
2269,fdis_prob,0,0,1
2269,fmpd_prob,-2,-0.2,0.8064959405073402
2269,raoq_fund,-8,-0.8,0.08641073297370003
2269,cwm_pc1,-8,-0.8,0.08641073297370003
2269,cwm_pc2,2,0.2,0.8064959405073402
2269,pd_prob_mctavish,10,1,0.02748633611151034
2269,mpd_prob_mctavish,10,1,0.02748633611151034
2270,corrected_richness,10,1,0.02748633611151034
2270,shannon,10,1,0.02748633611151034
2270,inv_simpson,10,1,0.02748633611151034
2270,trait_volume,-10,-1,0.02748633611151034
2270,trait_dispersion,-4,-0.4,0.4624327264504763
2270,rao_q,-2,-0.2,0.8064959405073402
2270,feve,10,1,0.02748633611151034
2270,fdiv,-4,-0.4,0.4624327264504763
2270,fric_prob,-2,-0.2,0.8064959405073402
2270,fdiv_fund,-2,-0.2,0.8064959405073402
2270,feve_fund,-10,-1,0.02748633611151034
2270,fdis_prob,-8,-0.8,0.08641073297370003
2270,fmpd_prob,-4,-0.4,0.4624327264504763
2270,raoq_fund,-10,-1,0.02748633611151034
2270,cwm_pc1,-8,-0.8,0.08641073297370003
2270,cwm_pc2,4,0.4,0.4624327264504763
2270,pd_prob_mctavish,10,1,0.02748633611151034
2270,mpd_prob_mctavish,10,1,0.02748633611151034
2271,corrected_richness,10,1,0.02748633611151034
2271,shannon,10,1,0.02748633611151034
2271,inv_simpson,10,1,0.02748633611151034
2271,trait_volume,-10,-1,0.02748633611151034
2271,trait_dispersion,-4,-0.4,0.4624327264504763
2271,rao_q,-8,-0.8,0.08641073297370003
2271,feve,10,1,0.02748633611151034
2271,fdiv,-2,-0.2,0.8064959405073402
2271,fric_prob,2,0.2,0.8064959405073402
2271,fdiv_fund,2,0.2,0.8064959405073402
2271,feve_fund,-10,-1,0.02748633611151034
2271,fdis_prob,-6,-0.6,0.2206713619198468
2271,fmpd_prob,-8,-0.8,0.08641073297370003
2271,raoq_fund,-10,-1,0.02748633611151034
2271,cwm_pc1,-8,-0.8,0.08641073297370003
2271,cwm_pc2,4,0.4,0.4624327264504763
2271,pd_prob_mctavish,10,1,0.02748633611151034
2271,mpd_prob_mctavish,10,1,0.02748633611151034
2272,corrected_richness,10,1,0.02748633611151034
2272,shannon,10,1,0.02748633611151034
2272,inv_simpson,10,1,0.02748633611151034
2272,trait_volume,-10,-1,0.02748633611151034
2272,trait_dispersion,-4,-0.4,0.4624327264504763
2272,rao_q,-8,-0.8,0.08641073297370003
2272,feve,10,1,0.02748633611151034
2272,fdiv,-2,-0.2,0.8064959405073402
2272,fric_prob,2,0.2,0.8064959405073402
2272,fdiv_fund,6,0.6,0.2206713619198468
2272,feve_fund,-10,-1,0.02748633611151034
2272,fdis_prob,-8,-0.8,0.08641073297370003
2272,fmpd_prob,-8,-0.8,0.08641073297370003
2272,raoq_fund,-8,-0.8,0.08641073297370003
2272,cwm_pc1,-8,-0.8,0.08641073297370003
2272,cwm_pc2,4,0.4,0.4624327264504763
2272,pd_prob_mctavish,10,1,0.02748633611151034
2272,mpd_prob_mctavish,10,1,0.02748633611151034
2273,corrected_richness,10,1,0.02748633611151034
2273,shannon,10,1,0.02748633611151034
2273,inv_simpson,10,1,0.02748633611151034
2273,trait_volume,-10,-1,0.02748633611151034
2273,trait_dispersion,-4,-0.4,0.4624327264504763
2273,rao_q,-8,-0.8,0.08641073297370003
2273,feve,10,1,0.02748633611151034
2273,fdiv,-2,-0.2,0.8064959405073402
2273,fric_prob,2,0.2,0.8064959405073402
2273,fdiv_fund,10,1,0.02748633611151034
2273,feve_fund,-10,-1,0.02748633611151034
2273,fdis_prob,-6,-0.6,0.2206713619198468
2273,fmpd_prob,-8,-0.8,0.08641073297370003
2273,raoq_fund,-8,-0.8,0.08641073297370003
2273,cwm_pc1,-8,-0.8,0.08641073297370003
2273,cwm_pc2,6,0.6,0.2206713619198468
2273,pd_prob_mctavish,10,1,0.02748633611151034
2273,mpd_prob_mctavish,10,1,0.02748633611151034
2274,corrected_richness,10,1,0.02748633611151034
2274,shannon,10,1,0.02748633611151034
2274,inv_simpson,10,1,0.02748633611151034
2274,trait_volume,-10,-1,0.02748633611151034
2274,trait_dispersion,-4,-0.4,0.4624327264504763
2274,rao_q,-8,-0.8,0.08641073297370003
2274,feve,10,1,0.02748633611151034
2274,fdiv,-2,-0.2,0.8064959405073402
2274,fric_prob,4,0.4,0.4624327264504763
2274,fdiv_fund,6,0.6,0.2206713619198468
2274,feve_fund,-10,-1,0.02748633611151034
2274,fdis_prob,-8,-0.8,0.08641073297370003
2274,fmpd_prob,-8,-0.8,0.08641073297370003
2274,raoq_fund,-10,-1,0.02748633611151034
2274,cwm_pc1,-8,-0.8,0.08641073297370003
2274,cwm_pc2,6,0.6,0.2206713619198468
2274,pd_prob_mctavish,10,1,0.02748633611151034
2274,mpd_prob_mctavish,10,1,0.02748633611151034
2275,corrected_richness,10,1,0.02748633611151034
2275,shannon,10,1,0.02748633611151034
2275,inv_simpson,10,1,0.02748633611151034
2275,trait_volume,-10,-1,0.02748633611151034
2275,trait_dispersion,-4,-0.4,0.4624327264504763
2275,rao_q,-8,-0.8,0.08641073297370003
2275,feve,10,1,0.02748633611151034
2275,fdiv,0,0,1
2275,fric_prob,4,0.4,0.4624327264504763
2275,fdiv_fund,4,0.4,0.4624327264504763
2275,feve_fund,-10,-1,0.02748633611151034
2275,fdis_prob,-8,-0.8,0.08641073297370003
2275,fmpd_prob,-8,-0.8,0.08641073297370003
2275,raoq_fund,-10,-1,0.02748633611151034
2275,cwm_pc1,-8,-0.8,0.08641073297370003
2275,cwm_pc2,6,0.6,0.2206713619198468
2275,pd_prob_mctavish,10,1,0.02748633611151034
2275,mpd_prob_mctavish,10,1,0.02748633611151034
2276,corrected_richness,10,1,0.02748633611151034
2276,shannon,10,1,0.02748633611151034
2276,inv_simpson,10,1,0.02748633611151034
2276,trait_volume,-10,-1,0.02748633611151034
2276,trait_dispersion,-4,-0.4,0.4624327264504763
2276,rao_q,-10,-1,0.02748633611151034
2276,feve,10,1,0.02748633611151034
2276,fdiv,0,0,1
2276,fric_prob,2,0.2,0.8064959405073402
2276,fdiv_fund,2,0.2,0.8064959405073402
2276,feve_fund,-10,-1,0.02748633611151034
2276,fdis_prob,-10,-1,0.02748633611151034
2276,fmpd_prob,-10,-1,0.02748633611151034
2276,raoq_fund,-10,-1,0.02748633611151034
2276,cwm_pc1,-8,-0.8,0.08641073297370003
2276,cwm_pc2,6,0.6,0.2206713619198468
2276,pd_prob_mctavish,10,1,0.02748633611151034
2276,mpd_prob_mctavish,10,1,0.02748633611151034
2277,corrected_richness,10,1,0.02748633611151034
2277,shannon,10,1,0.02748633611151034
2277,inv_simpson,10,1,0.02748633611151034
2277,trait_volume,-10,-1,0.02748633611151034
2277,trait_dispersion,-6,-0.6,0.2206713619198468
2277,rao_q,-10,-1,0.02748633611151034
2277,feve,10,1,0.02748633611151034
2277,fdiv,2,0.2,0.8064959405073402
2277,fric_prob,0,0,1
2277,fdiv_fund,0,0,1
2277,feve_fund,-10,-1,0.02748633611151034
2277,fdis_prob,-10,-1,0.02748633611151034
2277,fmpd_prob,-10,-1,0.02748633611151034
2277,raoq_fund,-10,-1,0.02748633611151034
2277,cwm_pc1,-6,-0.6,0.2206713619198468
2277,cwm_pc2,6,0.6,0.2206713619198468
2277,pd_prob_mctavish,10,1,0.02748633611151034
2277,mpd_prob_mctavish,10,1,0.02748633611151034
2278,corrected_richness,10,1,0.02748633611151034
2278,shannon,10,1,0.02748633611151034
2278,inv_simpson,10,1,0.02748633611151034
2278,trait_volume,-10,-1,0.02748633611151034
2278,trait_dispersion,-6,-0.6,0.2206713619198468
2278,rao_q,-10,-1,0.02748633611151034
2278,feve,10,1,0.02748633611151034
2278,fdiv,2,0.2,0.8064959405073402
2278,fric_prob,-2,-0.2,0.8064959405073402
2278,fdiv_fund,-2,-0.2,0.8064959405073402
2278,feve_fund,-10,-1,0.02748633611151034
2278,fdis_prob,-8,-0.8,0.08641073297370003
2278,fmpd_prob,-10,-1,0.02748633611151034
2278,raoq_fund,-10,-1,0.02748633611151034
2278,cwm_pc1,-6,-0.6,0.2206713619198468
2278,cwm_pc2,6,0.6,0.2206713619198468
2278,pd_prob_mctavish,10,1,0.02748633611151034
2278,mpd_prob_mctavish,10,1,0.02748633611151034
2279,corrected_richness,10,1,0.02748633611151034
2279,shannon,10,1,0.02748633611151034
2279,inv_simpson,10,1,0.02748633611151034
2279,trait_volume,-10,-1,0.02748633611151034
2279,trait_dispersion,-6,-0.6,0.2206713619198468
2279,rao_q,-10,-1,0.02748633611151034
2279,feve,10,1,0.02748633611151034
2279,fdiv,2,0.2,0.8064959405073402
2279,fric_prob,-4,-0.4,0.4624327264504763
2279,fdiv_fund,-4,-0.4,0.4624327264504763
2279,feve_fund,-10,-1,0.02748633611151034
2279,fdis_prob,-8,-0.8,0.08641073297370003
2279,fmpd_prob,-10,-1,0.02748633611151034
2279,raoq_fund,-10,-1,0.02748633611151034
2279,cwm_pc1,-6,-0.6,0.2206713619198468
2279,cwm_pc2,6,0.6,0.2206713619198468
2279,pd_prob_mctavish,10,1,0.02748633611151034
2279,mpd_prob_mctavish,10,1,0.02748633611151034
2280,corrected_richness,10,1,0.02748633611151034
2280,shannon,10,1,0.02748633611151034
2280,inv_simpson,10,1,0.02748633611151034
2280,trait_volume,-10,-1,0.02748633611151034
2280,trait_dispersion,-6,-0.6,0.2206713619198468
2280,rao_q,-10,-1,0.02748633611151034
2280,feve,10,1,0.02748633611151034
2280,fdiv,2,0.2,0.8064959405073402
2280,fric_prob,-4,-0.4,0.4624327264504763
2280,fdiv_fund,-4,-0.4,0.4624327264504763
2280,feve_fund,-10,-1,0.02748633611151034
2280,fdis_prob,-4,-0.4,0.4624327264504763
2280,fmpd_prob,-10,-1,0.02748633611151034
2280,raoq_fund,-8,-0.8,0.08641073297370003
2280,cwm_pc1,-6,-0.6,0.2206713619198468
2280,cwm_pc2,6,0.6,0.2206713619198468
2280,pd_prob_mctavish,10,1,0.02748633611151034
2280,mpd_prob_mctavish,10,1,0.02748633611151034
2281,corrected_richness,10,1,0.02748633611151034
2281,shannon,10,1,0.02748633611151034
2281,inv_simpson,10,1,0.02748633611151034
2281,trait_volume,-10,-1,0.02748633611151034
2281,trait_dispersion,-6,-0.6,0.2206713619198468
2281,rao_q,-10,-1,0.02748633611151034
2281,feve,10,1,0.02748633611151034
2281,fdiv,4,0.4,0.4624327264504763
2281,fric_prob,-4,-0.4,0.4624327264504763
2281,fdiv_fund,-4,-0.4,0.4624327264504763
2281,feve_fund,-10,-1,0.02748633611151034
2281,fdis_prob,-6,-0.6,0.2206713619198468
2281,fmpd_prob,-10,-1,0.02748633611151034
2281,raoq_fund,-8,-0.8,0.08641073297370003
2281,cwm_pc1,-8,-0.8,0.08641073297370003
2281,cwm_pc2,6,0.6,0.2206713619198468
2281,pd_prob_mctavish,10,1,0.02748633611151034
2281,mpd_prob_mctavish,10,1,0.02748633611151034
2282,corrected_richness,10,1,0.02748633611151034
2282,shannon,10,1,0.02748633611151034
2282,inv_simpson,10,1,0.02748633611151034
2282,trait_volume,-10,-1,0.02748633611151034
2282,trait_dispersion,-6,-0.6,0.2206713619198468
2282,rao_q,-10,-1,0.02748633611151034
2282,feve,10,1,0.02748633611151034
2282,fdiv,4,0.4,0.4624327264504763
2282,fric_prob,-4,-0.4,0.4624327264504763
2282,fdiv_fund,-6,-0.6,0.2206713619198468
2282,feve_fund,-10,-1,0.02748633611151034
2282,fdis_prob,-6,-0.6,0.2206713619198468
2282,fmpd_prob,-10,-1,0.02748633611151034
2282,raoq_fund,-8,-0.8,0.08641073297370003
2282,cwm_pc1,-8,-0.8,0.08641073297370003
2282,cwm_pc2,4,0.4,0.4624327264504763
2282,pd_prob_mctavish,10,1,0.02748633611151034
2282,mpd_prob_mctavish,10,1,0.02748633611151034
2283,corrected_richness,10,1,0.02748633611151034
2283,shannon,10,1,0.02748633611151034
2283,inv_simpson,10,1,0.02748633611151034
2283,trait_volume,-10,-1,0.02748633611151034
2283,trait_dispersion,-8,-0.8,0.08641073297370003
2283,rao_q,-10,-1,0.02748633611151034
2283,feve,10,1,0.02748633611151034
2283,fdiv,4,0.4,0.4624327264504763
2283,fric_prob,-2,-0.2,0.8064959405073402
2283,fdiv_fund,-2,-0.2,0.8064959405073402
2283,feve_fund,-10,-1,0.02748633611151034
2283,fdis_prob,-4,-0.4,0.4624327264504763
2283,fmpd_prob,-10,-1,0.02748633611151034
2283,raoq_fund,-8,-0.8,0.08641073297370003
2283,cwm_pc1,-8,-0.8,0.08641073297370003
2283,cwm_pc2,4,0.4,0.4624327264504763
2283,pd_prob_mctavish,10,1,0.02748633611151034
2283,mpd_prob_mctavish,10,1,0.02748633611151034
2284,corrected_richness,10,1,0.02748633611151034
2284,shannon,10,1,0.02748633611151034
2284,inv_simpson,10,1,0.02748633611151034
2284,trait_volume,-10,-1,0.02748633611151034
2284,trait_dispersion,-8,-0.8,0.08641073297370003
2284,rao_q,-10,-1,0.02748633611151034
2284,feve,10,1,0.02748633611151034
2284,fdiv,4,0.4,0.4624327264504763
2284,fric_prob,0,0,1
2284,fdiv_fund,4,0.4,0.4624327264504763
2284,feve_fund,-10,-1,0.02748633611151034
2284,fdis_prob,-4,-0.4,0.4624327264504763
2284,fmpd_prob,-10,-1,0.02748633611151034
2284,raoq_fund,-8,-0.8,0.08641073297370003
2284,cwm_pc1,-8,-0.8,0.08641073297370003
2284,cwm_pc2,4,0.4,0.4624327264504763
2284,pd_prob_mctavish,10,1,0.02748633611151034
2284,mpd_prob_mctavish,10,1,0.02748633611151034
2285,corrected_richness,10,1,0.02748633611151034
2285,shannon,10,1,0.02748633611151034
2285,inv_simpson,10,1,0.02748633611151034
2285,trait_volume,-10,-1,0.02748633611151034
2285,trait_dispersion,-8,-0.8,0.08641073297370003
2285,rao_q,-10,-1,0.02748633611151034
2285,feve,10,1,0.02748633611151034
2285,fdiv,4,0.4,0.4624327264504763
2285,fric_prob,2,0.2,0.8064959405073402
2285,fdiv_fund,4,0.4,0.4624327264504763
2285,feve_fund,-10,-1,0.02748633611151034
2285,fdis_prob,-4,-0.4,0.4624327264504763
2285,fmpd_prob,-10,-1,0.02748633611151034
2285,raoq_fund,-8,-0.8,0.08641073297370003
2285,cwm_pc1,-8,-0.8,0.08641073297370003
2285,cwm_pc2,4,0.4,0.4624327264504763
2285,pd_prob_mctavish,10,1,0.02748633611151034
2285,mpd_prob_mctavish,10,1,0.02748633611151034
2286,corrected_richness,10,1,0.02748633611151034
2286,shannon,10,1,0.02748633611151034
2286,inv_simpson,10,1,0.02748633611151034
2286,trait_volume,-10,-1,0.02748633611151034
2286,trait_dispersion,-8,-0.8,0.08641073297370003
2286,rao_q,-10,-1,0.02748633611151034
2286,feve,10,1,0.02748633611151034
2286,fdiv,4,0.4,0.4624327264504763
2286,fric_prob,6,0.6,0.2206713619198468
2286,fdiv_fund,6,0.6,0.2206713619198468
2286,feve_fund,-10,-1,0.02748633611151034
2286,fdis_prob,-4,-0.4,0.4624327264504763
2286,fmpd_prob,-10,-1,0.02748633611151034
2286,raoq_fund,-8,-0.8,0.08641073297370003
2286,cwm_pc1,-10,-1,0.02748633611151034
2286,cwm_pc2,4,0.4,0.4624327264504763
2286,pd_prob_mctavish,10,1,0.02748633611151034
2286,mpd_prob_mctavish,10,1,0.02748633611151034
2312,corrected_richness,10,1,0.02748633611151034
2312,shannon,10,1,0.02748633611151034
2312,inv_simpson,10,1,0.02748633611151034
2312,trait_volume,4,0.4,0.4624327264504763
2312,trait_dispersion,6,0.6,0.2206713619198468
2312,rao_q,6,0.6,0.2206713619198468
2312,feve,10,1,0.02748633611151034
2312,fdiv,0,0,1
2312,fric_prob,0,0,1
2312,fdiv_fund,8,0.8,0.08641073297370003
2312,feve_fund,10,1,0.02748633611151034
2312,fdis_prob,4,0.4,0.4624327264504763
2312,fmpd_prob,6,0.6,0.2206713619198468
2312,raoq_fund,8,0.8,0.08641073297370003
2312,cwm_pc1,-10,-1,0.02748633611151034
2312,cwm_pc2,4,0.4,0.4624327264504763
2312,pd_prob_mctavish,10,1,0.02748633611151034
2312,mpd_prob_mctavish,10,1,0.02748633611151034
2313,corrected_richness,10,1,0.02748633611151034
2313,shannon,10,1,0.02748633611151034
2313,inv_simpson,10,1,0.02748633611151034
2313,trait_volume,4,0.4,0.4624327264504763
2313,trait_dispersion,6,0.6,0.2206713619198468
2313,rao_q,6,0.6,0.2206713619198468
2313,feve,10,1,0.02748633611151034
2313,fdiv,0,0,1
2313,fric_prob,0,0,1
2313,fdiv_fund,8,0.8,0.08641073297370003
2313,feve_fund,8,0.8,0.08641073297370003
2313,fdis_prob,4,0.4,0.4624327264504763
2313,fmpd_prob,6,0.6,0.2206713619198468
2313,raoq_fund,8,0.8,0.08641073297370003
2313,cwm_pc1,-10,-1,0.02748633611151034
2313,cwm_pc2,4,0.4,0.4624327264504763
2313,pd_prob_mctavish,10,1,0.02748633611151034
2313,mpd_prob_mctavish,10,1,0.02748633611151034
2320,corrected_richness,10,1,0.02748633611151034
2320,shannon,10,1,0.02748633611151034
2320,inv_simpson,10,1,0.02748633611151034
2320,trait_volume,8,0.8,0.08641073297370003
2320,trait_dispersion,6,0.6,0.2206713619198468
2320,rao_q,8,0.8,0.08641073297370003
2320,feve,10,1,0.02748633611151034
2320,fdiv,0,0,1
2320,fric_prob,0,0,1
2320,fdiv_fund,8,0.8,0.08641073297370003
2320,feve_fund,6,0.6,0.2206713619198468
2320,fdis_prob,4,0.4,0.4624327264504763
2320,fmpd_prob,8,0.8,0.08641073297370003
2320,raoq_fund,6,0.6,0.2206713619198468
2320,cwm_pc1,-10,-1,0.02748633611151034
2320,cwm_pc2,4,0.4,0.4624327264504763
2320,pd_prob_mctavish,10,1,0.02748633611151034
2320,mpd_prob_mctavish,10,1,0.02748633611151034
2326,corrected_richness,10,1,0.02748633611151034
2326,shannon,10,1,0.02748633611151034
2326,inv_simpson,10,1,0.02748633611151034
2326,trait_volume,8,0.8,0.08641073297370003
2326,trait_dispersion,8,0.8,0.08641073297370003
2326,rao_q,8,0.8,0.08641073297370003
2326,feve,10,1,0.02748633611151034
2326,fdiv,-7,-0.7,0.09609232945567332
2326,fric_prob,0,0,1
2326,fdiv_fund,8,0.8,0.08641073297370003
2326,feve_fund,-2,-0.2,0.8064959405073402
2326,fdis_prob,8,0.8,0.08641073297370003
2326,fmpd_prob,8,0.8,0.08641073297370003
2326,raoq_fund,10,1,0.02748633611151034
2326,cwm_pc1,-10,-1,0.02748633611151034
2326,cwm_pc2,6,0.6,0.2206713619198468
2326,pd_prob_mctavish,10,1,0.02748633611151034
2326,mpd_prob_mctavish,10,1,0.02748633611151034
2327,corrected_richness,10,1,0.02748633611151034
2327,shannon,10,1,0.02748633611151034
2327,inv_simpson,10,1,0.02748633611151034
2327,trait_volume,8,0.8,0.08641073297370003
2327,trait_dispersion,8,0.8,0.08641073297370003
2327,rao_q,8,0.8,0.08641073297370003
2327,feve,10,1,0.02748633611151034
2327,fdiv,-7,-0.7,0.09609232945567332
2327,fric_prob,0,0,1
2327,fdiv_fund,8,0.8,0.08641073297370003
2327,feve_fund,-6,-0.6,0.2206713619198468
2327,fdis_prob,8,0.8,0.08641073297370003
2327,fmpd_prob,8,0.8,0.08641073297370003
2327,raoq_fund,10,1,0.02748633611151034
2327,cwm_pc1,-10,-1,0.02748633611151034
2327,cwm_pc2,6,0.6,0.2206713619198468
2327,pd_prob_mctavish,10,1,0.02748633611151034
2327,mpd_prob_mctavish,10,1,0.02748633611151034
2328,corrected_richness,10,1,0.02748633611151034
2328,shannon,10,1,0.02748633611151034
2328,inv_simpson,10,1,0.02748633611151034
2328,trait_volume,8,0.8,0.08641073297370003
2328,trait_dispersion,8,0.8,0.08641073297370003
2328,rao_q,8,0.8,0.08641073297370003
2328,feve,10,1,0.02748633611151034
2328,fdiv,-5,-0.5,0.3122163883433193
2328,fric_prob,0,0,1
2328,fdiv_fund,8,0.8,0.08641073297370003
2328,feve_fund,-6,-0.6,0.2206713619198468
2328,fdis_prob,8,0.8,0.08641073297370003
2328,fmpd_prob,8,0.8,0.08641073297370003
2328,raoq_fund,8,0.8,0.08641073297370003
2328,cwm_pc1,-10,-1,0.02748633611151034
2328,cwm_pc2,6,0.6,0.2206713619198468
2328,pd_prob_mctavish,10,1,0.02748633611151034
2328,mpd_prob_mctavish,10,1,0.02748633611151034
2329,corrected_richness,10,1,0.02748633611151034
2329,shannon,10,1,0.02748633611151034
2329,inv_simpson,10,1,0.02748633611151034
2329,trait_volume,8,0.8,0.08641073297370003
2329,trait_dispersion,8,0.8,0.08641073297370003
2329,rao_q,8,0.8,0.08641073297370003
2329,feve,10,1,0.02748633611151034
2329,fdiv,-6,-0.6,0.2206713619198468
2329,fric_prob,0,0,1
2329,fdiv_fund,8,0.8,0.08641073297370003
2329,feve_fund,-4,-0.4,0.4624327264504763
2329,fdis_prob,8,0.8,0.08641073297370003
2329,fmpd_prob,8,0.8,0.08641073297370003
2329,raoq_fund,8,0.8,0.08641073297370003
2329,cwm_pc1,-10,-1,0.02748633611151034
2329,cwm_pc2,6,0.6,0.2206713619198468
2329,pd_prob_mctavish,10,1,0.02748633611151034
2329,mpd_prob_mctavish,10,1,0.02748633611151034
2330,corrected_richness,10,1,0.02748633611151034
2330,shannon,10,1,0.02748633611151034
2330,inv_simpson,10,1,0.02748633611151034
2330,trait_volume,8,0.8,0.08641073297370003
2330,trait_dispersion,8,0.8,0.08641073297370003
2330,rao_q,8,0.8,0.08641073297370003
2330,feve,10,1,0.02748633611151034
2330,fdiv,-6,-0.6,0.2206713619198468
2330,fric_prob,0,0,1
2330,fdiv_fund,10,1,0.02748633611151034
2330,feve_fund,-4,-0.4,0.4624327264504763
2330,fdis_prob,8,0.8,0.08641073297370003
2330,fmpd_prob,8,0.8,0.08641073297370003
2330,raoq_fund,8,0.8,0.08641073297370003
2330,cwm_pc1,-10,-1,0.02748633611151034
2330,cwm_pc2,6,0.6,0.2206713619198468
2330,pd_prob_mctavish,10,1,0.02748633611151034
2330,mpd_prob_mctavish,10,1,0.02748633611151034
2331,corrected_richness,10,1,0.02748633611151034
2331,shannon,10,1,0.02748633611151034
2331,inv_simpson,10,1,0.02748633611151034
2331,trait_volume,8,0.8,0.08641073297370003
2331,trait_dispersion,8,0.8,0.08641073297370003
2331,rao_q,8,0.8,0.08641073297370003
2331,feve,10,1,0.02748633611151034
2331,fdiv,-8,-0.8,0.08641073297370003
2331,fric_prob,0,0,1
2331,fdiv_fund,10,1,0.02748633611151034
2331,feve_fund,-6,-0.6,0.2206713619198468
2331,fdis_prob,8,0.8,0.08641073297370003
2331,fmpd_prob,8,0.8,0.08641073297370003
2331,raoq_fund,8,0.8,0.08641073297370003
2331,cwm_pc1,-10,-1,0.02748633611151034
2331,cwm_pc2,6,0.6,0.2206713619198468
2331,pd_prob_mctavish,10,1,0.02748633611151034
2331,mpd_prob_mctavish,10,1,0.02748633611151034
2332,corrected_richness,10,1,0.02748633611151034
2332,shannon,10,1,0.02748633611151034
2332,inv_simpson,10,1,0.02748633611151034
2332,trait_volume,8,0.8,0.08641073297370003
2332,trait_dispersion,8,0.8,0.08641073297370003
2332,rao_q,10,1,0.02748633611151034
2332,feve,10,1,0.02748633611151034
2332,fdiv,-8,-0.8,0.08641073297370003
2332,fric_prob,0,0,1
2332,fdiv_fund,10,1,0.02748633611151034
2332,feve_fund,-6,-0.6,0.2206713619198468
2332,fdis_prob,8,0.8,0.08641073297370003
2332,fmpd_prob,10,1,0.02748633611151034
2332,raoq_fund,8,0.8,0.08641073297370003
2332,cwm_pc1,-10,-1,0.02748633611151034
2332,cwm_pc2,6,0.6,0.2206713619198468
2332,pd_prob_mctavish,10,1,0.02748633611151034
2332,mpd_prob_mctavish,10,1,0.02748633611151034
2333,corrected_richness,10,1,0.02748633611151034
2333,shannon,10,1,0.02748633611151034
2333,inv_simpson,10,1,0.02748633611151034
2333,trait_volume,8,0.8,0.08641073297370003
2333,trait_dispersion,8,0.8,0.08641073297370003
2333,rao_q,10,1,0.02748633611151034
2333,feve,10,1,0.02748633611151034
2333,fdiv,-8,-0.8,0.08641073297370003
2333,fric_prob,0,0,1
2333,fdiv_fund,8,0.8,0.08641073297370003
2333,feve_fund,-8,-0.8,0.08641073297370003
2333,fdis_prob,6,0.6,0.2206713619198468
2333,fmpd_prob,10,1,0.02748633611151034
2333,raoq_fund,4,0.4,0.4624327264504763
2333,cwm_pc1,-10,-1,0.02748633611151034
2333,cwm_pc2,4,0.4,0.4624327264504763
2333,pd_prob_mctavish,10,1,0.02748633611151034
2333,mpd_prob_mctavish,10,1,0.02748633611151034
2334,corrected_richness,10,1,0.02748633611151034
2334,shannon,10,1,0.02748633611151034
2334,inv_simpson,10,1,0.02748633611151034
2334,trait_volume,8,0.8,0.08641073297370003
2334,trait_dispersion,8,0.8,0.08641073297370003
2334,rao_q,10,1,0.02748633611151034
2334,feve,10,1,0.02748633611151034
2334,fdiv,-8,-0.8,0.08641073297370003
2334,fric_prob,0,0,1
2334,fdiv_fund,8,0.8,0.08641073297370003
2334,feve_fund,-6,-0.6,0.2206713619198468
2334,fdis_prob,8,0.8,0.08641073297370003
2334,fmpd_prob,10,1,0.02748633611151034
2334,raoq_fund,4,0.4,0.4624327264504763
2334,cwm_pc1,-10,-1,0.02748633611151034
2334,cwm_pc2,2,0.2,0.8064959405073402
2334,pd_prob_mctavish,10,1,0.02748633611151034
2334,mpd_prob_mctavish,10,1,0.02748633611151034
2335,corrected_richness,10,1,0.02748633611151034
2335,shannon,10,1,0.02748633611151034
2335,inv_simpson,10,1,0.02748633611151034
2335,trait_volume,8,0.8,0.08641073297370003
2335,trait_dispersion,8,0.8,0.08641073297370003
2335,rao_q,10,1,0.02748633611151034
2335,feve,10,1,0.02748633611151034
2335,fdiv,-8,-0.8,0.08641073297370003
2335,fric_prob,-1,-0.1,1
2335,fdiv_fund,8,0.8,0.08641073297370003
2335,feve_fund,-4,-0.4,0.4624327264504763
2335,fdis_prob,8,0.8,0.08641073297370003
2335,fmpd_prob,10,1,0.02748633611151034
2335,raoq_fund,6,0.6,0.2206713619198468
2335,cwm_pc1,-10,-1,0.02748633611151034
2335,cwm_pc2,2,0.2,0.8064959405073402
2335,pd_prob_mctavish,10,1,0.02748633611151034
2335,mpd_prob_mctavish,10,1,0.02748633611151034
2336,corrected_richness,10,1,0.02748633611151034
2336,shannon,10,1,0.02748633611151034
2336,inv_simpson,10,1,0.02748633611151034
2336,trait_volume,8,0.8,0.08641073297370003
2336,trait_dispersion,8,0.8,0.08641073297370003
2336,rao_q,10,1,0.02748633611151034
2336,feve,10,1,0.02748633611151034
2336,fdiv,-6,-0.6,0.2206713619198468
2336,fric_prob,-1,-0.1,1
2336,fdiv_fund,8,0.8,0.08641073297370003
2336,feve_fund,-2,-0.2,0.8064959405073402
2336,fdis_prob,6,0.6,0.2206713619198468
2336,fmpd_prob,10,1,0.02748633611151034
2336,raoq_fund,8,0.8,0.08641073297370003
2336,cwm_pc1,-10,-1,0.02748633611151034
2336,cwm_pc2,2,0.2,0.8064959405073402
2336,pd_prob_mctavish,10,1,0.02748633611151034
2336,mpd_prob_mctavish,10,1,0.02748633611151034
2337,corrected_richness,10,1,0.02748633611151034
2337,shannon,10,1,0.02748633611151034
2337,inv_simpson,10,1,0.02748633611151034
2337,trait_volume,6,0.6,0.2206713619198468
2337,trait_dispersion,6,0.6,0.2206713619198468
2337,rao_q,8,0.8,0.08641073297370003
2337,feve,10,1,0.02748633611151034
2337,fdiv,-4,-0.4,0.4624327264504763
2337,fric_prob,0,0,1
2337,fdiv_fund,6,0.6,0.2206713619198468
2337,feve_fund,-4,-0.4,0.4624327264504763
2337,fdis_prob,6,0.6,0.2206713619198468
2337,fmpd_prob,8,0.8,0.08641073297370003
2337,raoq_fund,4,0.4,0.4624327264504763
2337,cwm_pc1,-10,-1,0.02748633611151034
2337,cwm_pc2,2,0.2,0.8064959405073402
2337,pd_prob_mctavish,10,1,0.02748633611151034
2337,mpd_prob_mctavish,10,1,0.02748633611151034
2338,corrected_richness,10,1,0.02748633611151034
2338,shannon,10,1,0.02748633611151034
2338,inv_simpson,10,1,0.02748633611151034
2338,trait_volume,4,0.4,0.4624327264504763
2338,trait_dispersion,6,0.6,0.2206713619198468
2338,rao_q,8,0.8,0.08641073297370003
2338,feve,10,1,0.02748633611151034
2338,fdiv,-4,-0.4,0.4624327264504763
2338,fric_prob,-2,-0.2,0.8064959405073402
2338,fdiv_fund,4,0.4,0.4624327264504763
2338,feve_fund,-2,-0.2,0.8064959405073402
2338,fdis_prob,4,0.4,0.4624327264504763
2338,fmpd_prob,8,0.8,0.08641073297370003
2338,raoq_fund,2,0.2,0.8064959405073402
2338,cwm_pc1,-10,-1,0.02748633611151034
2338,cwm_pc2,2,0.2,0.8064959405073402
2338,pd_prob_mctavish,10,1,0.02748633611151034
2338,mpd_prob_mctavish,10,1,0.02748633611151034
2339,corrected_richness,10,1,0.02748633611151034
2339,shannon,10,1,0.02748633611151034
2339,inv_simpson,10,1,0.02748633611151034
2339,trait_volume,2,0.2,0.8064959405073402
2339,trait_dispersion,6,0.6,0.2206713619198468
2339,rao_q,6,0.6,0.2206713619198468
2339,feve,10,1,0.02748633611151034
2339,fdiv,-4,-0.4,0.4624327264504763
2339,fric_prob,-2,-0.2,0.8064959405073402
2339,fdiv_fund,8,0.8,0.08641073297370003
2339,feve_fund,-2,-0.2,0.8064959405073402
2339,fdis_prob,0,0,1
2339,fmpd_prob,4,0.4,0.4624327264504763
2339,raoq_fund,2,0.2,0.8064959405073402
2339,cwm_pc1,-10,-1,0.02748633611151034
2339,cwm_pc2,2,0.2,0.8064959405073402
2339,pd_prob_mctavish,10,1,0.02748633611151034
2339,mpd_prob_mctavish,10,1,0.02748633611151034
2340,corrected_richness,10,1,0.02748633611151034
2340,shannon,10,1,0.02748633611151034
2340,inv_simpson,10,1,0.02748633611151034
2340,trait_volume,2,0.2,0.8064959405073402
2340,trait_dispersion,4,0.4,0.4624327264504763
2340,rao_q,2,0.2,0.8064959405073402
2340,feve,10,1,0.02748633611151034
2340,fdiv,-4,-0.4,0.4624327264504763
2340,fric_prob,-2,-0.2,0.8064959405073402
2340,fdiv_fund,6,0.6,0.2206713619198468
2340,feve_fund,-8,-0.8,0.08641073297370003
2340,fdis_prob,2,0.2,0.8064959405073402
2340,fmpd_prob,2,0.2,0.8064959405073402
2340,raoq_fund,-2,-0.2,0.8064959405073402
2340,cwm_pc1,-10,-1,0.02748633611151034
2340,cwm_pc2,2,0.2,0.8064959405073402
2340,pd_prob_mctavish,10,1,0.02748633611151034
2340,mpd_prob_mctavish,10,1,0.02748633611151034
2341,corrected_richness,10,1,0.02748633611151034
2341,shannon,10,1,0.02748633611151034
2341,inv_simpson,10,1,0.02748633611151034
2341,trait_volume,-4,-0.4,0.4624327264504763
2341,trait_dispersion,4,0.4,0.4624327264504763
2341,rao_q,0,0,1
2341,feve,10,1,0.02748633611151034
2341,fdiv,-4,-0.4,0.4624327264504763
2341,fric_prob,-2,-0.2,0.8064959405073402
2341,fdiv_fund,2,0.2,0.8064959405073402
2341,feve_fund,-10,-1,0.02748633611151034
2341,fdis_prob,0,0,1
2341,fmpd_prob,-2,-0.2,0.8064959405073402
2341,raoq_fund,-6,-0.6,0.2206713619198468
2341,cwm_pc1,-10,-1,0.02748633611151034
2341,cwm_pc2,2,0.2,0.8064959405073402
2341,pd_prob_mctavish,10,1,0.02748633611151034
2341,mpd_prob_mctavish,10,1,0.02748633611151034
2342,corrected_richness,10,1,0.02748633611151034
2342,shannon,10,1,0.02748633611151034
2342,inv_simpson,10,1,0.02748633611151034
2342,trait_volume,-8,-0.8,0.08641073297370003
2342,trait_dispersion,-2,-0.2,0.8064959405073402
2342,rao_q,-2,-0.2,0.8064959405073402
2342,feve,10,1,0.02748633611151034
2342,fdiv,-2,-0.2,0.8064959405073402
2342,fric_prob,2,0.2,0.8064959405073402
2342,fdiv_fund,4,0.4,0.4624327264504763
2342,feve_fund,-10,-1,0.02748633611151034
2342,fdis_prob,-6,-0.6,0.2206713619198468
2342,fmpd_prob,-2,-0.2,0.8064959405073402
2342,raoq_fund,-8,-0.8,0.08641073297370003
2342,cwm_pc1,-8,-0.8,0.08641073297370003
2342,cwm_pc2,4,0.4,0.4624327264504763
2342,pd_prob_mctavish,10,1,0.02748633611151034
2342,mpd_prob_mctavish,10,1,0.02748633611151034
2343,corrected_richness,10,1,0.02748633611151034
2343,shannon,10,1,0.02748633611151034
2343,inv_simpson,10,1,0.02748633611151034
2343,trait_volume,-8,-0.8,0.08641073297370003
2343,trait_dispersion,-4,-0.4,0.4624327264504763
2343,rao_q,-2,-0.2,0.8064959405073402
2343,feve,10,1,0.02748633611151034
2343,fdiv,-2,-0.2,0.8064959405073402
2343,fric_prob,-2,-0.2,0.8064959405073402
2343,fdiv_fund,6,0.6,0.2206713619198468
2343,feve_fund,-10,-1,0.02748633611151034
2343,fdis_prob,-2,-0.2,0.8064959405073402
2343,fmpd_prob,-4,-0.4,0.4624327264504763
2343,raoq_fund,-10,-1,0.02748633611151034
2343,cwm_pc1,-8,-0.8,0.08641073297370003
2343,cwm_pc2,4,0.4,0.4624327264504763
2343,pd_prob_mctavish,10,1,0.02748633611151034
2343,mpd_prob_mctavish,10,1,0.02748633611151034
2344,corrected_richness,10,1,0.02748633611151034
2344,shannon,10,1,0.02748633611151034
2344,inv_simpson,10,1,0.02748633611151034
2344,trait_volume,-8,-0.8,0.08641073297370003
2344,trait_dispersion,-4,-0.4,0.4624327264504763
2344,rao_q,-8,-0.8,0.08641073297370003
2344,feve,10,1,0.02748633611151034
2344,fdiv,-2,-0.2,0.8064959405073402
2344,fric_prob,4,0.4,0.4624327264504763
2344,fdiv_fund,10,1,0.02748633611151034
2344,feve_fund,-10,-1,0.02748633611151034
2344,fdis_prob,-4,-0.4,0.4624327264504763
2344,fmpd_prob,-8,-0.8,0.08641073297370003
2344,raoq_fund,-6,-0.6,0.2206713619198468
2344,cwm_pc1,-8,-0.8,0.08641073297370003
2344,cwm_pc2,6,0.6,0.2206713619198468
2344,pd_prob_mctavish,10,1,0.02748633611151034
2344,mpd_prob_mctavish,10,1,0.02748633611151034
2345,corrected_richness,10,1,0.02748633611151034
2345,shannon,10,1,0.02748633611151034
2345,inv_simpson,10,1,0.02748633611151034
2345,trait_volume,-8,-0.8,0.08641073297370003
2345,trait_dispersion,-4,-0.4,0.4624327264504763
2345,rao_q,-8,-0.8,0.08641073297370003
2345,feve,10,1,0.02748633611151034
2345,fdiv,-2,-0.2,0.8064959405073402
2345,fric_prob,6,0.6,0.2206713619198468
2345,fdiv_fund,10,1,0.02748633611151034
2345,feve_fund,-10,-1,0.02748633611151034
2345,fdis_prob,-4,-0.4,0.4624327264504763
2345,fmpd_prob,-8,-0.8,0.08641073297370003
2345,raoq_fund,-8,-0.8,0.08641073297370003
2345,cwm_pc1,-8,-0.8,0.08641073297370003
2345,cwm_pc2,6,0.6,0.2206713619198468
2345,pd_prob_mctavish,10,1,0.02748633611151034
2345,mpd_prob_mctavish,10,1,0.02748633611151034
2346,corrected_richness,10,1,0.02748633611151034
2346,shannon,10,1,0.02748633611151034
2346,inv_simpson,10,1,0.02748633611151034
2346,trait_volume,-10,-1,0.02748633611151034
2346,trait_dispersion,-4,-0.4,0.4624327264504763
2346,rao_q,-8,-0.8,0.08641073297370003
2346,feve,10,1,0.02748633611151034
2346,fdiv,-2,-0.2,0.8064959405073402
2346,fric_prob,4,0.4,0.4624327264504763
2346,fdiv_fund,4,0.4,0.4624327264504763
2346,feve_fund,-10,-1,0.02748633611151034
2346,fdis_prob,-8,-0.8,0.08641073297370003
2346,fmpd_prob,-8,-0.8,0.08641073297370003
2346,raoq_fund,-8,-0.8,0.08641073297370003
2346,cwm_pc1,-8,-0.8,0.08641073297370003
2346,cwm_pc2,6,0.6,0.2206713619198468
2346,pd_prob_mctavish,10,1,0.02748633611151034
2346,mpd_prob_mctavish,10,1,0.02748633611151034
2347,corrected_richness,10,1,0.02748633611151034
2347,shannon,10,1,0.02748633611151034
2347,inv_simpson,10,1,0.02748633611151034
2347,trait_volume,-10,-1,0.02748633611151034
2347,trait_dispersion,-4,-0.4,0.4624327264504763
2347,rao_q,-8,-0.8,0.08641073297370003
2347,feve,10,1,0.02748633611151034
2347,fdiv,0,0,1
2347,fric_prob,4,0.4,0.4624327264504763
2347,fdiv_fund,4,0.4,0.4624327264504763
2347,feve_fund,-10,-1,0.02748633611151034
2347,fdis_prob,-8,-0.8,0.08641073297370003
2347,fmpd_prob,-8,-0.8,0.08641073297370003
2347,raoq_fund,-10,-1,0.02748633611151034
2347,cwm_pc1,-8,-0.8,0.08641073297370003
2347,cwm_pc2,6,0.6,0.2206713619198468
2347,pd_prob_mctavish,10,1,0.02748633611151034
2347,mpd_prob_mctavish,10,1,0.02748633611151034
2348,corrected_richness,10,1,0.02748633611151034
2348,shannon,10,1,0.02748633611151034
2348,inv_simpson,10,1,0.02748633611151034
2348,trait_volume,-10,-1,0.02748633611151034
2348,trait_dispersion,-4,-0.4,0.4624327264504763
2348,rao_q,-8,-0.8,0.08641073297370003
2348,feve,10,1,0.02748633611151034
2348,fdiv,0,0,1
2348,fric_prob,4,0.4,0.4624327264504763
2348,fdiv_fund,4,0.4,0.4624327264504763
2348,feve_fund,-10,-1,0.02748633611151034
2348,fdis_prob,-8,-0.8,0.08641073297370003
2348,fmpd_prob,-8,-0.8,0.08641073297370003
2348,raoq_fund,-10,-1,0.02748633611151034
2348,cwm_pc1,-8,-0.8,0.08641073297370003
2348,cwm_pc2,6,0.6,0.2206713619198468
2348,pd_prob_mctavish,10,1,0.02748633611151034
2348,mpd_prob_mctavish,10,1,0.02748633611151034
2349,corrected_richness,10,1,0.02748633611151034
2349,shannon,10,1,0.02748633611151034
2349,inv_simpson,10,1,0.02748633611151034
2349,trait_volume,-10,-1,0.02748633611151034
2349,trait_dispersion,-6,-0.6,0.2206713619198468
2349,rao_q,-10,-1,0.02748633611151034
2349,feve,10,1,0.02748633611151034
2349,fdiv,2,0.2,0.8064959405073402
2349,fric_prob,0,0,1
2349,fdiv_fund,0,0,1
2349,feve_fund,-10,-1,0.02748633611151034
2349,fdis_prob,-8,-0.8,0.08641073297370003
2349,fmpd_prob,-10,-1,0.02748633611151034
2349,raoq_fund,-10,-1,0.02748633611151034
2349,cwm_pc1,-8,-0.8,0.08641073297370003
2349,cwm_pc2,6,0.6,0.2206713619198468
2349,pd_prob_mctavish,10,1,0.02748633611151034
2349,mpd_prob_mctavish,10,1,0.02748633611151034
2350,corrected_richness,10,1,0.02748633611151034
2350,shannon,10,1,0.02748633611151034
2350,inv_simpson,10,1,0.02748633611151034
2350,trait_volume,-10,-1,0.02748633611151034
2350,trait_dispersion,-6,-0.6,0.2206713619198468
2350,rao_q,-10,-1,0.02748633611151034
2350,feve,10,1,0.02748633611151034
2350,fdiv,2,0.2,0.8064959405073402
2350,fric_prob,0,0,1
2350,fdiv_fund,0,0,1
2350,feve_fund,-10,-1,0.02748633611151034
2350,fdis_prob,-8,-0.8,0.08641073297370003
2350,fmpd_prob,-10,-1,0.02748633611151034
2350,raoq_fund,-10,-1,0.02748633611151034
2350,cwm_pc1,-8,-0.8,0.08641073297370003
2350,cwm_pc2,6,0.6,0.2206713619198468
2350,pd_prob_mctavish,10,1,0.02748633611151034
2350,mpd_prob_mctavish,10,1,0.02748633611151034
2351,corrected_richness,10,1,0.02748633611151034
2351,shannon,10,1,0.02748633611151034
2351,inv_simpson,10,1,0.02748633611151034
2351,trait_volume,-10,-1,0.02748633611151034
2351,trait_dispersion,-6,-0.6,0.2206713619198468
2351,rao_q,-10,-1,0.02748633611151034
2351,feve,10,1,0.02748633611151034
2351,fdiv,2,0.2,0.8064959405073402
2351,fric_prob,-2,-0.2,0.8064959405073402
2351,fdiv_fund,-6,-0.6,0.2206713619198468
2351,feve_fund,-10,-1,0.02748633611151034
2351,fdis_prob,-10,-1,0.02748633611151034
2351,fmpd_prob,-10,-1,0.02748633611151034
2351,raoq_fund,-10,-1,0.02748633611151034
2351,cwm_pc1,-8,-0.8,0.08641073297370003
2351,cwm_pc2,6,0.6,0.2206713619198468
2351,pd_prob_mctavish,10,1,0.02748633611151034
2351,mpd_prob_mctavish,10,1,0.02748633611151034
2352,corrected_richness,10,1,0.02748633611151034
2352,shannon,10,1,0.02748633611151034
2352,inv_simpson,10,1,0.02748633611151034
2352,trait_volume,-10,-1,0.02748633611151034
2352,trait_dispersion,-6,-0.6,0.2206713619198468
2352,rao_q,-10,-1,0.02748633611151034
2352,feve,10,1,0.02748633611151034
2352,fdiv,2,0.2,0.8064959405073402
2352,fric_prob,-4,-0.4,0.4624327264504763
2352,fdiv_fund,-6,-0.6,0.2206713619198468
2352,feve_fund,-10,-1,0.02748633611151034
2352,fdis_prob,-8,-0.8,0.08641073297370003
2352,fmpd_prob,-10,-1,0.02748633611151034
2352,raoq_fund,-8,-0.8,0.08641073297370003
2352,cwm_pc1,-8,-0.8,0.08641073297370003
2352,cwm_pc2,6,0.6,0.2206713619198468
2352,pd_prob_mctavish,10,1,0.02748633611151034
2352,mpd_prob_mctavish,10,1,0.02748633611151034
2353,corrected_richness,10,1,0.02748633611151034
2353,shannon,10,1,0.02748633611151034
2353,inv_simpson,10,1,0.02748633611151034
2353,trait_volume,-10,-1,0.02748633611151034
2353,trait_dispersion,-6,-0.6,0.2206713619198468
2353,rao_q,-10,-1,0.02748633611151034
2353,feve,10,1,0.02748633611151034
2353,fdiv,2,0.2,0.8064959405073402
2353,fric_prob,-2,-0.2,0.8064959405073402
2353,fdiv_fund,-6,-0.6,0.2206713619198468
2353,feve_fund,-10,-1,0.02748633611151034
2353,fdis_prob,-8,-0.8,0.08641073297370003
2353,fmpd_prob,-10,-1,0.02748633611151034
2353,raoq_fund,-8,-0.8,0.08641073297370003
2353,cwm_pc1,-8,-0.8,0.08641073297370003
2353,cwm_pc2,6,0.6,0.2206713619198468
2353,pd_prob_mctavish,10,1,0.02748633611151034
2353,mpd_prob_mctavish,10,1,0.02748633611151034
2354,corrected_richness,10,1,0.02748633611151034
2354,shannon,10,1,0.02748633611151034
2354,inv_simpson,10,1,0.02748633611151034
2354,trait_volume,-10,-1,0.02748633611151034
2354,trait_dispersion,-6,-0.6,0.2206713619198468
2354,rao_q,-10,-1,0.02748633611151034
2354,feve,10,1,0.02748633611151034
2354,fdiv,4,0.4,0.4624327264504763
2354,fric_prob,0,0,1
2354,fdiv_fund,0,0,1
2354,feve_fund,-10,-1,0.02748633611151034
2354,fdis_prob,-8,-0.8,0.08641073297370003
2354,fmpd_prob,-10,-1,0.02748633611151034
2354,raoq_fund,-8,-0.8,0.08641073297370003
2354,cwm_pc1,-8,-0.8,0.08641073297370003
2354,cwm_pc2,6,0.6,0.2206713619198468
2354,pd_prob_mctavish,10,1,0.02748633611151034
2354,mpd_prob_mctavish,10,1,0.02748633611151034
2355,corrected_richness,10,1,0.02748633611151034
2355,shannon,10,1,0.02748633611151034
2355,inv_simpson,10,1,0.02748633611151034
2355,trait_volume,-10,-1,0.02748633611151034
2355,trait_dispersion,-8,-0.8,0.08641073297370003
2355,rao_q,-10,-1,0.02748633611151034
2355,feve,10,1,0.02748633611151034
2355,fdiv,4,0.4,0.4624327264504763
2355,fric_prob,2,0.2,0.8064959405073402
2355,fdiv_fund,2,0.2,0.8064959405073402
2355,feve_fund,-10,-1,0.02748633611151034
2355,fdis_prob,-6,-0.6,0.2206713619198468
2355,fmpd_prob,-10,-1,0.02748633611151034
2355,raoq_fund,-6,-0.6,0.2206713619198468
2355,cwm_pc1,-10,-1,0.02748633611151034
2355,cwm_pc2,6,0.6,0.2206713619198468
2355,pd_prob_mctavish,10,1,0.02748633611151034
2355,mpd_prob_mctavish,10,1,0.02748633611151034
2356,corrected_richness,10,1,0.02748633611151034
2356,shannon,10,1,0.02748633611151034
2356,inv_simpson,10,1,0.02748633611151034
2356,trait_volume,-10,-1,0.02748633611151034
2356,trait_dispersion,-8,-0.8,0.08641073297370003
2356,rao_q,-10,-1,0.02748633611151034
2356,feve,10,1,0.02748633611151034
2356,fdiv,4,0.4,0.4624327264504763
2356,fric_prob,4,0.4,0.4624327264504763
2356,fdiv_fund,4,0.4,0.4624327264504763
2356,feve_fund,-10,-1,0.02748633611151034
2356,fdis_prob,-6,-0.6,0.2206713619198468
2356,fmpd_prob,-10,-1,0.02748633611151034
2356,raoq_fund,-6,-0.6,0.2206713619198468
2356,cwm_pc1,-10,-1,0.02748633611151034
2356,cwm_pc2,6,0.6,0.2206713619198468
2356,pd_prob_mctavish,10,1,0.02748633611151034
2356,mpd_prob_mctavish,10,1,0.02748633611151034
2357,corrected_richness,10,1,0.02748633611151034
2357,shannon,10,1,0.02748633611151034
2357,inv_simpson,10,1,0.02748633611151034
2357,trait_volume,-10,-1,0.02748633611151034
2357,trait_dispersion,-8,-0.8,0.08641073297370003
2357,rao_q,-10,-1,0.02748633611151034
2357,feve,10,1,0.02748633611151034
2357,fdiv,4,0.4,0.4624327264504763
2357,fric_prob,6,0.6,0.2206713619198468
2357,fdiv_fund,6,0.6,0.2206713619198468
2357,feve_fund,-10,-1,0.02748633611151034
2357,fdis_prob,-4,-0.4,0.4624327264504763
2357,fmpd_prob,-10,-1,0.02748633611151034
2357,raoq_fund,-6,-0.6,0.2206713619198468
2357,cwm_pc1,-10,-1,0.02748633611151034
2357,cwm_pc2,6,0.6,0.2206713619198468
2357,pd_prob_mctavish,10,1,0.02748633611151034
2357,mpd_prob_mctavish,10,1,0.02748633611151034
2358,corrected_richness,10,1,0.02748633611151034
2358,shannon,10,1,0.02748633611151034
2358,inv_simpson,10,1,0.02748633611151034
2358,trait_volume,-10,-1,0.02748633611151034
2358,trait_dispersion,-10,-1,0.02748633611151034
2358,rao_q,-10,-1,0.02748633611151034
2358,feve,10,1,0.02748633611151034
2358,fdiv,6,0.6,0.2206713619198468
2358,fric_prob,8,0.8,0.08641073297370003
2358,fdiv_fund,8,0.8,0.08641073297370003
2358,feve_fund,-10,-1,0.02748633611151034
2358,fdis_prob,-4,-0.4,0.4624327264504763
2358,fmpd_prob,-10,-1,0.02748633611151034
2358,raoq_fund,-6,-0.6,0.2206713619198468
2358,cwm_pc1,-10,-1,0.02748633611151034
2358,cwm_pc2,6,0.6,0.2206713619198468
2358,pd_prob_mctavish,10,1,0.02748633611151034
2358,mpd_prob_mctavish,10,1,0.02748633611151034
2359,corrected_richness,10,1,0.02748633611151034
2359,shannon,10,1,0.02748633611151034
2359,inv_simpson,10,1,0.02748633611151034
2359,trait_volume,-10,-1,0.02748633611151034
2359,trait_dispersion,-10,-1,0.02748633611151034
2359,rao_q,-10,-1,0.02748633611151034
2359,feve,10,1,0.02748633611151034
2359,fdiv,6,0.6,0.2206713619198468
2359,fric_prob,8,0.8,0.08641073297370003
2359,fdiv_fund,6,0.6,0.2206713619198468
2359,feve_fund,-10,-1,0.02748633611151034
2359,fdis_prob,-6,-0.6,0.2206713619198468
2359,fmpd_prob,-10,-1,0.02748633611151034
2359,raoq_fund,-6,-0.6,0.2206713619198468
2359,cwm_pc1,-10,-1,0.02748633611151034
2359,cwm_pc2,6,0.6,0.2206713619198468
2359,pd_prob_mctavish,10,1,0.02748633611151034
2359,mpd_prob_mctavish,10,1,0.02748633611151034
2384,corrected_richness,10,1,0.02748633611151034
2384,shannon,10,1,0.02748633611151034
2384,inv_simpson,10,1,0.02748633611151034
2384,trait_volume,4,0.4,0.4624327264504763
2384,trait_dispersion,6,0.6,0.2206713619198468
2384,rao_q,6,0.6,0.2206713619198468
2384,feve,10,1,0.02748633611151034
2384,fdiv,0,0,1
2384,fric_prob,0,0,1
2384,fdiv_fund,8,0.8,0.08641073297370003
2384,feve_fund,10,1,0.02748633611151034
2384,fdis_prob,6,0.6,0.2206713619198468
2384,fmpd_prob,6,0.6,0.2206713619198468
2384,raoq_fund,10,1,0.02748633611151034
2384,cwm_pc1,-10,-1,0.02748633611151034
2384,cwm_pc2,4,0.4,0.4624327264504763
2384,pd_prob_mctavish,10,1,0.02748633611151034
2384,mpd_prob_mctavish,10,1,0.02748633611151034
2385,corrected_richness,10,1,0.02748633611151034
2385,shannon,10,1,0.02748633611151034
2385,inv_simpson,10,1,0.02748633611151034
2385,trait_volume,4,0.4,0.4624327264504763
2385,trait_dispersion,6,0.6,0.2206713619198468
2385,rao_q,6,0.6,0.2206713619198468
2385,feve,10,1,0.02748633611151034
2385,fdiv,0,0,1
2385,fric_prob,0,0,1
2385,fdiv_fund,8,0.8,0.08641073297370003
2385,feve_fund,8,0.8,0.08641073297370003
2385,fdis_prob,4,0.4,0.4624327264504763
2385,fmpd_prob,6,0.6,0.2206713619198468
2385,raoq_fund,10,1,0.02748633611151034
2385,cwm_pc1,-10,-1,0.02748633611151034
2385,cwm_pc2,4,0.4,0.4624327264504763
2385,pd_prob_mctavish,10,1,0.02748633611151034
2385,mpd_prob_mctavish,10,1,0.02748633611151034
2386,corrected_richness,10,1,0.02748633611151034
2386,shannon,10,1,0.02748633611151034
2386,inv_simpson,10,1,0.02748633611151034
2386,trait_volume,4,0.4,0.4624327264504763
2386,trait_dispersion,6,0.6,0.2206713619198468
2386,rao_q,6,0.6,0.2206713619198468
2386,feve,10,1,0.02748633611151034
2386,fdiv,0,0,1
2386,fric_prob,0,0,1
2386,fdiv_fund,8,0.8,0.08641073297370003
2386,feve_fund,8,0.8,0.08641073297370003
2386,fdis_prob,4,0.4,0.4624327264504763
2386,fmpd_prob,6,0.6,0.2206713619198468
2386,raoq_fund,8,0.8,0.08641073297370003
2386,cwm_pc1,-10,-1,0.02748633611151034
2386,cwm_pc2,4,0.4,0.4624327264504763
2386,pd_prob_mctavish,10,1,0.02748633611151034
2386,mpd_prob_mctavish,10,1,0.02748633611151034
2390,corrected_richness,10,1,0.02748633611151034
2390,shannon,10,1,0.02748633611151034
2390,inv_simpson,10,1,0.02748633611151034
2390,trait_volume,6,0.6,0.2206713619198468
2390,trait_dispersion,6,0.6,0.2206713619198468
2390,rao_q,8,0.8,0.08641073297370003
2390,feve,10,1,0.02748633611151034
2390,fdiv,0,0,1
2390,fric_prob,0,0,1
2390,fdiv_fund,8,0.8,0.08641073297370003
2390,feve_fund,6,0.6,0.2206713619198468
2390,fdis_prob,6,0.6,0.2206713619198468
2390,fmpd_prob,8,0.8,0.08641073297370003
2390,raoq_fund,8,0.8,0.08641073297370003
2390,cwm_pc1,-10,-1,0.02748633611151034
2390,cwm_pc2,4,0.4,0.4624327264504763
2390,pd_prob_mctavish,10,1,0.02748633611151034
2390,mpd_prob_mctavish,10,1,0.02748633611151034
2392,corrected_richness,10,1,0.02748633611151034
2392,shannon,10,1,0.02748633611151034
2392,inv_simpson,10,1,0.02748633611151034
2392,trait_volume,8,0.8,0.08641073297370003
2392,trait_dispersion,6,0.6,0.2206713619198468
2392,rao_q,8,0.8,0.08641073297370003
2392,feve,10,1,0.02748633611151034
2392,fdiv,0,0,1
2392,fric_prob,0,0,1
2392,fdiv_fund,8,0.8,0.08641073297370003
2392,feve_fund,6,0.6,0.2206713619198468
2392,fdis_prob,6,0.6,0.2206713619198468
2392,fmpd_prob,8,0.8,0.08641073297370003
2392,raoq_fund,8,0.8,0.08641073297370003
2392,cwm_pc1,-10,-1,0.02748633611151034
2392,cwm_pc2,4,0.4,0.4624327264504763
2392,pd_prob_mctavish,10,1,0.02748633611151034
2392,mpd_prob_mctavish,10,1,0.02748633611151034
2393,corrected_richness,10,1,0.02748633611151034
2393,shannon,10,1,0.02748633611151034
2393,inv_simpson,10,1,0.02748633611151034
2393,trait_volume,8,0.8,0.08641073297370003
2393,trait_dispersion,6,0.6,0.2206713619198468
2393,rao_q,8,0.8,0.08641073297370003
2393,feve,10,1,0.02748633611151034
2393,fdiv,0,0,1
2393,fric_prob,0,0,1
2393,fdiv_fund,8,0.8,0.08641073297370003
2393,feve_fund,4,0.4,0.4624327264504763
2393,fdis_prob,6,0.6,0.2206713619198468
2393,fmpd_prob,8,0.8,0.08641073297370003
2393,raoq_fund,6,0.6,0.2206713619198468
2393,cwm_pc1,-10,-1,0.02748633611151034
2393,cwm_pc2,4,0.4,0.4624327264504763
2393,pd_prob_mctavish,10,1,0.02748633611151034
2393,mpd_prob_mctavish,10,1,0.02748633611151034
2394,corrected_richness,10,1,0.02748633611151034
2394,shannon,10,1,0.02748633611151034
2394,inv_simpson,10,1,0.02748633611151034
2394,trait_volume,8,0.8,0.08641073297370003
2394,trait_dispersion,8,0.8,0.08641073297370003
2394,rao_q,8,0.8,0.08641073297370003
2394,feve,10,1,0.02748633611151034
2394,fdiv,0,0,1
2394,fric_prob,0,0,1
2394,fdiv_fund,8,0.8,0.08641073297370003
2394,feve_fund,4,0.4,0.4624327264504763
2394,fdis_prob,6,0.6,0.2206713619198468
2394,fmpd_prob,8,0.8,0.08641073297370003
2394,raoq_fund,8,0.8,0.08641073297370003
2394,cwm_pc1,-10,-1,0.02748633611151034
2394,cwm_pc2,4,0.4,0.4624327264504763
2394,pd_prob_mctavish,10,1,0.02748633611151034
2394,mpd_prob_mctavish,10,1,0.02748633611151034
2395,corrected_richness,10,1,0.02748633611151034
2395,shannon,10,1,0.02748633611151034
2395,inv_simpson,10,1,0.02748633611151034
2395,trait_volume,8,0.8,0.08641073297370003
2395,trait_dispersion,8,0.8,0.08641073297370003
2395,rao_q,8,0.8,0.08641073297370003
2395,feve,10,1,0.02748633611151034
2395,fdiv,0,0,1
2395,fric_prob,0,0,1
2395,fdiv_fund,8,0.8,0.08641073297370003
2395,feve_fund,2,0.2,0.8064959405073402
2395,fdis_prob,6,0.6,0.2206713619198468
2395,fmpd_prob,8,0.8,0.08641073297370003
2395,raoq_fund,8,0.8,0.08641073297370003
2395,cwm_pc1,-10,-1,0.02748633611151034
2395,cwm_pc2,4,0.4,0.4624327264504763
2395,pd_prob_mctavish,10,1,0.02748633611151034
2395,mpd_prob_mctavish,10,1,0.02748633611151034
2397,corrected_richness,10,1,0.02748633611151034
2397,shannon,10,1,0.02748633611151034
2397,inv_simpson,10,1,0.02748633611151034
2397,trait_volume,8,0.8,0.08641073297370003
2397,trait_dispersion,8,0.8,0.08641073297370003
2397,rao_q,8,0.8,0.08641073297370003
2397,feve,10,1,0.02748633611151034
2397,fdiv,-4,-0.4,0.2888443663464849
2397,fric_prob,0,0,1
2397,fdiv_fund,8,0.8,0.08641073297370003
2397,feve_fund,0,0,1
2397,fdis_prob,8,0.8,0.08641073297370003
2397,fmpd_prob,8,0.8,0.08641073297370003
2397,raoq_fund,10,1,0.02748633611151034
2397,cwm_pc1,-10,-1,0.02748633611151034
2397,cwm_pc2,4,0.4,0.4624327264504763
2397,pd_prob_mctavish,10,1,0.02748633611151034
2397,mpd_prob_mctavish,10,1,0.02748633611151034
2398,corrected_richness,10,1,0.02748633611151034
2398,shannon,10,1,0.02748633611151034
2398,inv_simpson,10,1,0.02748633611151034
2398,trait_volume,8,0.8,0.08641073297370003
2398,trait_dispersion,8,0.8,0.08641073297370003
2398,rao_q,8,0.8,0.08641073297370003
2398,feve,10,1,0.02748633611151034
2398,fdiv,-4,-0.4,0.2888443663464849
2398,fric_prob,0,0,1
2398,fdiv_fund,8,0.8,0.08641073297370003
2398,feve_fund,-2,-0.2,0.8064959405073402
2398,fdis_prob,8,0.8,0.08641073297370003
2398,fmpd_prob,8,0.8,0.08641073297370003
2398,raoq_fund,8,0.8,0.08641073297370003
2398,cwm_pc1,-10,-1,0.02748633611151034
2398,cwm_pc2,4,0.4,0.4624327264504763
2398,pd_prob_mctavish,10,1,0.02748633611151034
2398,mpd_prob_mctavish,10,1,0.02748633611151034
2399,corrected_richness,10,1,0.02748633611151034
2399,shannon,10,1,0.02748633611151034
2399,inv_simpson,10,1,0.02748633611151034
2399,trait_volume,8,0.8,0.08641073297370003
2399,trait_dispersion,8,0.8,0.08641073297370003
2399,rao_q,8,0.8,0.08641073297370003
2399,feve,10,1,0.02748633611151034
2399,fdiv,-7,-0.7,0.09609232945567332
2399,fric_prob,0,0,1
2399,fdiv_fund,8,0.8,0.08641073297370003
2399,feve_fund,-4,-0.4,0.4624327264504763
2399,fdis_prob,8,0.8,0.08641073297370003
2399,fmpd_prob,8,0.8,0.08641073297370003
2399,raoq_fund,8,0.8,0.08641073297370003
2399,cwm_pc1,-10,-1,0.02748633611151034
2399,cwm_pc2,4,0.4,0.4624327264504763
2399,pd_prob_mctavish,10,1,0.02748633611151034
2399,mpd_prob_mctavish,10,1,0.02748633611151034
2400,corrected_richness,10,1,0.02748633611151034
2400,shannon,10,1,0.02748633611151034
2400,inv_simpson,10,1,0.02748633611151034
2400,trait_volume,8,0.8,0.08641073297370003
2400,trait_dispersion,8,0.8,0.08641073297370003
2400,rao_q,8,0.8,0.08641073297370003
2400,feve,10,1,0.02748633611151034
2400,fdiv,-5,-0.5,0.3122163883433193
2400,fric_prob,0,0,1
2400,fdiv_fund,8,0.8,0.08641073297370003
2400,feve_fund,-4,-0.4,0.4624327264504763
2400,fdis_prob,8,0.8,0.08641073297370003
2400,fmpd_prob,8,0.8,0.08641073297370003
2400,raoq_fund,8,0.8,0.08641073297370003
2400,cwm_pc1,-10,-1,0.02748633611151034
2400,cwm_pc2,4,0.4,0.4624327264504763
2400,pd_prob_mctavish,10,1,0.02748633611151034
2400,mpd_prob_mctavish,10,1,0.02748633611151034
2401,corrected_richness,10,1,0.02748633611151034
2401,shannon,10,1,0.02748633611151034
2401,inv_simpson,10,1,0.02748633611151034
2401,trait_volume,8,0.8,0.08641073297370003
2401,trait_dispersion,8,0.8,0.08641073297370003
2401,rao_q,8,0.8,0.08641073297370003
2401,feve,10,1,0.02748633611151034
2401,fdiv,-6,-0.6,0.2206713619198468
2401,fric_prob,0,0,1
2401,fdiv_fund,10,1,0.02748633611151034
2401,feve_fund,-4,-0.4,0.4624327264504763
2401,fdis_prob,8,0.8,0.08641073297370003
2401,fmpd_prob,8,0.8,0.08641073297370003
2401,raoq_fund,8,0.8,0.08641073297370003
2401,cwm_pc1,-10,-1,0.02748633611151034
2401,cwm_pc2,4,0.4,0.4624327264504763
2401,pd_prob_mctavish,10,1,0.02748633611151034
2401,mpd_prob_mctavish,10,1,0.02748633611151034
2402,corrected_richness,10,1,0.02748633611151034
2402,shannon,10,1,0.02748633611151034
2402,inv_simpson,10,1,0.02748633611151034
2402,trait_volume,8,0.8,0.08641073297370003
2402,trait_dispersion,8,0.8,0.08641073297370003
2402,rao_q,10,1,0.02748633611151034
2402,feve,10,1,0.02748633611151034
2402,fdiv,-6,-0.6,0.2206713619198468
2402,fric_prob,0,0,1
2402,fdiv_fund,10,1,0.02748633611151034
2402,feve_fund,-4,-0.4,0.4624327264504763
2402,fdis_prob,8,0.8,0.08641073297370003
2402,fmpd_prob,10,1,0.02748633611151034
2402,raoq_fund,8,0.8,0.08641073297370003
2402,cwm_pc1,-10,-1,0.02748633611151034
2402,cwm_pc2,4,0.4,0.4624327264504763
2402,pd_prob_mctavish,10,1,0.02748633611151034
2402,mpd_prob_mctavish,10,1,0.02748633611151034
2403,corrected_richness,10,1,0.02748633611151034
2403,shannon,10,1,0.02748633611151034
2403,inv_simpson,10,1,0.02748633611151034
2403,trait_volume,8,0.8,0.08641073297370003
2403,trait_dispersion,8,0.8,0.08641073297370003
2403,rao_q,10,1,0.02748633611151034
2403,feve,10,1,0.02748633611151034
2403,fdiv,-6,-0.6,0.2206713619198468
2403,fric_prob,0,0,1
2403,fdiv_fund,10,1,0.02748633611151034
2403,feve_fund,-4,-0.4,0.4624327264504763
2403,fdis_prob,8,0.8,0.08641073297370003
2403,fmpd_prob,10,1,0.02748633611151034
2403,raoq_fund,8,0.8,0.08641073297370003
2403,cwm_pc1,-10,-1,0.02748633611151034
2403,cwm_pc2,2,0.2,0.8064959405073402
2403,pd_prob_mctavish,10,1,0.02748633611151034
2403,mpd_prob_mctavish,10,1,0.02748633611151034
2405,corrected_richness,10,1,0.02748633611151034
2405,shannon,10,1,0.02748633611151034
2405,inv_simpson,10,1,0.02748633611151034
2405,trait_volume,8,0.8,0.08641073297370003
2405,trait_dispersion,8,0.8,0.08641073297370003
2405,rao_q,10,1,0.02748633611151034
2405,feve,10,1,0.02748633611151034
2405,fdiv,-6,-0.6,0.2206713619198468
2405,fric_prob,0,0,1
2405,fdiv_fund,8,0.8,0.08641073297370003
2405,feve_fund,-2,-0.2,0.8064959405073402
2405,fdis_prob,8,0.8,0.08641073297370003
2405,fmpd_prob,10,1,0.02748633611151034
2405,raoq_fund,8,0.8,0.08641073297370003
2405,cwm_pc1,-10,-1,0.02748633611151034
2405,cwm_pc2,0,0,1
2405,pd_prob_mctavish,10,1,0.02748633611151034
2405,mpd_prob_mctavish,10,1,0.02748633611151034
2406,corrected_richness,10,1,0.02748633611151034
2406,shannon,10,1,0.02748633611151034
2406,inv_simpson,10,1,0.02748633611151034
2406,trait_volume,10,1,0.02748633611151034
2406,trait_dispersion,8,0.8,0.08641073297370003
2406,rao_q,10,1,0.02748633611151034
2406,feve,10,1,0.02748633611151034
2406,fdiv,-6,-0.6,0.2206713619198468
2406,fric_prob,0,0,1
2406,fdiv_fund,8,0.8,0.08641073297370003
2406,feve_fund,-2,-0.2,0.8064959405073402
2406,fdis_prob,8,0.8,0.08641073297370003
2406,fmpd_prob,10,1,0.02748633611151034
2406,raoq_fund,8,0.8,0.08641073297370003
2406,cwm_pc1,-10,-1,0.02748633611151034
2406,cwm_pc2,0,0,1
2406,pd_prob_mctavish,10,1,0.02748633611151034
2406,mpd_prob_mctavish,10,1,0.02748633611151034
2407,corrected_richness,10,1,0.02748633611151034
2407,shannon,10,1,0.02748633611151034
2407,inv_simpson,10,1,0.02748633611151034
2407,trait_volume,10,1,0.02748633611151034
2407,trait_dispersion,8,0.8,0.08641073297370003
2407,rao_q,10,1,0.02748633611151034
2407,feve,10,1,0.02748633611151034
2407,fdiv,-6,-0.6,0.2206713619198468
2407,fric_prob,-1,-0.1,1
2407,fdiv_fund,8,0.8,0.08641073297370003
2407,feve_fund,-2,-0.2,0.8064959405073402
2407,fdis_prob,8,0.8,0.08641073297370003
2407,fmpd_prob,10,1,0.02748633611151034
2407,raoq_fund,8,0.8,0.08641073297370003
2407,cwm_pc1,-10,-1,0.02748633611151034
2407,cwm_pc2,0,0,1
2407,pd_prob_mctavish,10,1,0.02748633611151034
2407,mpd_prob_mctavish,10,1,0.02748633611151034
2408,corrected_richness,10,1,0.02748633611151034
2408,shannon,10,1,0.02748633611151034
2408,inv_simpson,10,1,0.02748633611151034
2408,trait_volume,10,1,0.02748633611151034
2408,trait_dispersion,8,0.8,0.08641073297370003
2408,rao_q,10,1,0.02748633611151034
2408,feve,10,1,0.02748633611151034
2408,fdiv,-6,-0.6,0.2206713619198468
2408,fric_prob,0,0,1
2408,fdiv_fund,6,0.6,0.2206713619198468
2408,feve_fund,-2,-0.2,0.8064959405073402
2408,fdis_prob,4,0.4,0.4624327264504763
2408,fmpd_prob,10,1,0.02748633611151034
2408,raoq_fund,8,0.8,0.08641073297370003
2408,cwm_pc1,-10,-1,0.02748633611151034
2408,cwm_pc2,0,0,1
2408,pd_prob_mctavish,10,1,0.02748633611151034
2408,mpd_prob_mctavish,10,1,0.02748633611151034
2409,corrected_richness,10,1,0.02748633611151034
2409,shannon,10,1,0.02748633611151034
2409,inv_simpson,10,1,0.02748633611151034
2409,trait_volume,8,0.8,0.08641073297370003
2409,trait_dispersion,6,0.6,0.2206713619198468
2409,rao_q,8,0.8,0.08641073297370003
2409,feve,10,1,0.02748633611151034
2409,fdiv,-6,-0.6,0.2206713619198468
2409,fric_prob,-2,-0.2,0.8064959405073402
2409,fdiv_fund,6,0.6,0.2206713619198468
2409,feve_fund,-2,-0.2,0.8064959405073402
2409,fdis_prob,4,0.4,0.4624327264504763
2409,fmpd_prob,8,0.8,0.08641073297370003
2409,raoq_fund,8,0.8,0.08641073297370003
2409,cwm_pc1,-10,-1,0.02748633611151034
2409,cwm_pc2,0,0,1
2409,pd_prob_mctavish,10,1,0.02748633611151034
2409,mpd_prob_mctavish,10,1,0.02748633611151034
2410,corrected_richness,10,1,0.02748633611151034
2410,shannon,10,1,0.02748633611151034
2410,inv_simpson,10,1,0.02748633611151034
2410,trait_volume,6,0.6,0.2206713619198468
2410,trait_dispersion,6,0.6,0.2206713619198468
2410,rao_q,8,0.8,0.08641073297370003
2410,feve,10,1,0.02748633611151034
2410,fdiv,-4,-0.4,0.4624327264504763
2410,fric_prob,-2,-0.2,0.8064959405073402
2410,fdiv_fund,8,0.8,0.08641073297370003
2410,feve_fund,0,0,1
2410,fdis_prob,6,0.6,0.2206713619198468
2410,fmpd_prob,8,0.8,0.08641073297370003
2410,raoq_fund,6,0.6,0.2206713619198468
2410,cwm_pc1,-10,-1,0.02748633611151034
2410,cwm_pc2,0,0,1
2410,pd_prob_mctavish,10,1,0.02748633611151034
2410,mpd_prob_mctavish,10,1,0.02748633611151034
2411,corrected_richness,10,1,0.02748633611151034
2411,shannon,10,1,0.02748633611151034
2411,inv_simpson,10,1,0.02748633611151034
2411,trait_volume,2,0.2,0.8064959405073402
2411,trait_dispersion,4,0.4,0.4624327264504763
2411,rao_q,6,0.6,0.2206713619198468
2411,feve,10,1,0.02748633611151034
2411,fdiv,-4,-0.4,0.4624327264504763
2411,fric_prob,-2,-0.2,0.8064959405073402
2411,fdiv_fund,10,1,0.02748633611151034
2411,feve_fund,-2,-0.2,0.8064959405073402
2411,fdis_prob,8,0.8,0.08641073297370003
2411,fmpd_prob,4,0.4,0.4624327264504763
2411,raoq_fund,2,0.2,0.8064959405073402
2411,cwm_pc1,-10,-1,0.02748633611151034
2411,cwm_pc2,2,0.2,0.8064959405073402
2411,pd_prob_mctavish,10,1,0.02748633611151034
2411,mpd_prob_mctavish,10,1,0.02748633611151034
2412,corrected_richness,10,1,0.02748633611151034
2412,shannon,10,1,0.02748633611151034
2412,inv_simpson,10,1,0.02748633611151034
2412,trait_volume,2,0.2,0.8064959405073402
2412,trait_dispersion,4,0.4,0.4624327264504763
2412,rao_q,0,0,1
2412,feve,10,1,0.02748633611151034
2412,fdiv,-4,-0.4,0.4624327264504763
2412,fric_prob,-2,-0.2,0.8064959405073402
2412,fdiv_fund,4,0.4,0.4624327264504763
2412,feve_fund,-8,-0.8,0.08641073297370003
2412,fdis_prob,2,0.2,0.8064959405073402
2412,fmpd_prob,0,0,1
2412,raoq_fund,-2,-0.2,0.8064959405073402
2412,cwm_pc1,-10,-1,0.02748633611151034
2412,cwm_pc2,2,0.2,0.8064959405073402
2412,pd_prob_mctavish,10,1,0.02748633611151034
2412,mpd_prob_mctavish,10,1,0.02748633611151034
2413,corrected_richness,10,1,0.02748633611151034
2413,shannon,10,1,0.02748633611151034
2413,inv_simpson,10,1,0.02748633611151034
2413,trait_volume,-2,-0.2,0.8064959405073402
2413,trait_dispersion,2,0.2,0.8064959405073402
2413,rao_q,0,0,1
2413,feve,10,1,0.02748633611151034
2413,fdiv,-4,-0.4,0.4624327264504763
2413,fric_prob,2,0.2,0.8064959405073402
2413,fdiv_fund,4,0.4,0.4624327264504763
2413,feve_fund,-10,-1,0.02748633611151034
2413,fdis_prob,0,0,1
2413,fmpd_prob,-2,-0.2,0.8064959405073402
2413,raoq_fund,-2,-0.2,0.8064959405073402
2413,cwm_pc1,-10,-1,0.02748633611151034
2413,cwm_pc2,4,0.4,0.4624327264504763
2413,pd_prob_mctavish,10,1,0.02748633611151034
2413,mpd_prob_mctavish,10,1,0.02748633611151034
2414,corrected_richness,10,1,0.02748633611151034
2414,shannon,10,1,0.02748633611151034
2414,inv_simpson,10,1,0.02748633611151034
2414,trait_volume,-2,-0.2,0.8064959405073402
2414,trait_dispersion,-2,-0.2,0.8064959405073402
2414,rao_q,-2,-0.2,0.8064959405073402
2414,feve,10,1,0.02748633611151034
2414,fdiv,-2,-0.2,0.8064959405073402
2414,fric_prob,2,0.2,0.8064959405073402
2414,fdiv_fund,6,0.6,0.2206713619198468
2414,feve_fund,-10,-1,0.02748633611151034
2414,fdis_prob,2,0.2,0.8064959405073402
2414,fmpd_prob,-2,-0.2,0.8064959405073402
2414,raoq_fund,-2,-0.2,0.8064959405073402
2414,cwm_pc1,-10,-1,0.02748633611151034
2414,cwm_pc2,6,0.6,0.2206713619198468
2414,pd_prob_mctavish,10,1,0.02748633611151034
2414,mpd_prob_mctavish,10,1,0.02748633611151034
2415,corrected_richness,10,1,0.02748633611151034
2415,shannon,10,1,0.02748633611151034
2415,inv_simpson,10,1,0.02748633611151034
2415,trait_volume,-8,-0.8,0.08641073297370003
2415,trait_dispersion,-4,-0.4,0.4624327264504763
2415,rao_q,-2,-0.2,0.8064959405073402
2415,feve,10,1,0.02748633611151034
2415,fdiv,-2,-0.2,0.8064959405073402
2415,fric_prob,0,0,1
2415,fdiv_fund,8,0.8,0.08641073297370003
2415,feve_fund,-10,-1,0.02748633611151034
2415,fdis_prob,-2,-0.2,0.8064959405073402
2415,fmpd_prob,-2,-0.2,0.8064959405073402
2415,raoq_fund,2,0.2,0.8064959405073402
2415,cwm_pc1,-10,-1,0.02748633611151034
2415,cwm_pc2,6,0.6,0.2206713619198468
2415,pd_prob_mctavish,10,1,0.02748633611151034
2415,mpd_prob_mctavish,10,1,0.02748633611151034
2416,corrected_richness,10,1,0.02748633611151034
2416,shannon,10,1,0.02748633611151034
2416,inv_simpson,10,1,0.02748633611151034
2416,trait_volume,-8,-0.8,0.08641073297370003
2416,trait_dispersion,-4,-0.4,0.4624327264504763
2416,rao_q,-6,-0.6,0.2206713619198468
2416,feve,10,1,0.02748633611151034
2416,fdiv,-2,-0.2,0.8064959405073402
2416,fric_prob,4,0.4,0.4624327264504763
2416,fdiv_fund,10,1,0.02748633611151034
2416,feve_fund,-10,-1,0.02748633611151034
2416,fdis_prob,-4,-0.4,0.4624327264504763
2416,fmpd_prob,-8,-0.8,0.08641073297370003
2416,raoq_fund,-4,-0.4,0.4624327264504763
2416,cwm_pc1,-10,-1,0.02748633611151034
2416,cwm_pc2,6,0.6,0.2206713619198468
2416,pd_prob_mctavish,10,1,0.02748633611151034
2416,mpd_prob_mctavish,10,1,0.02748633611151034
2417,corrected_richness,10,1,0.02748633611151034
2417,shannon,10,1,0.02748633611151034
2417,inv_simpson,10,1,0.02748633611151034
2417,trait_volume,-8,-0.8,0.08641073297370003
2417,trait_dispersion,-4,-0.4,0.4624327264504763
2417,rao_q,-8,-0.8,0.08641073297370003
2417,feve,10,1,0.02748633611151034
2417,fdiv,-2,-0.2,0.8064959405073402
2417,fric_prob,8,0.8,0.08641073297370003
2417,fdiv_fund,10,1,0.02748633611151034
2417,feve_fund,-10,-1,0.02748633611151034
2417,fdis_prob,-4,-0.4,0.4624327264504763
2417,fmpd_prob,-8,-0.8,0.08641073297370003
2417,raoq_fund,-6,-0.6,0.2206713619198468
2417,cwm_pc1,-10,-1,0.02748633611151034
2417,cwm_pc2,6,0.6,0.2206713619198468
2417,pd_prob_mctavish,10,1,0.02748633611151034
2417,mpd_prob_mctavish,10,1,0.02748633611151034
2418,corrected_richness,10,1,0.02748633611151034
2418,shannon,10,1,0.02748633611151034
2418,inv_simpson,10,1,0.02748633611151034
2418,trait_volume,-8,-0.8,0.08641073297370003
2418,trait_dispersion,-4,-0.4,0.4624327264504763
2418,rao_q,-8,-0.8,0.08641073297370003
2418,feve,10,1,0.02748633611151034
2418,fdiv,-2,-0.2,0.8064959405073402
2418,fric_prob,6,0.6,0.2206713619198468
2418,fdiv_fund,4,0.4,0.4624327264504763
2418,feve_fund,-10,-1,0.02748633611151034
2418,fdis_prob,-8,-0.8,0.08641073297370003
2418,fmpd_prob,-8,-0.8,0.08641073297370003
2418,raoq_fund,-8,-0.8,0.08641073297370003
2418,cwm_pc1,-10,-1,0.02748633611151034
2418,cwm_pc2,6,0.6,0.2206713619198468
2418,pd_prob_mctavish,10,1,0.02748633611151034
2418,mpd_prob_mctavish,10,1,0.02748633611151034
2419,corrected_richness,10,1,0.02748633611151034
2419,shannon,10,1,0.02748633611151034
2419,inv_simpson,10,1,0.02748633611151034
2419,trait_volume,-8,-0.8,0.08641073297370003
2419,trait_dispersion,-4,-0.4,0.4624327264504763
2419,rao_q,-8,-0.8,0.08641073297370003
2419,feve,10,1,0.02748633611151034
2419,fdiv,0,0,1
2419,fric_prob,4,0.4,0.4624327264504763
2419,fdiv_fund,4,0.4,0.4624327264504763
2419,feve_fund,-10,-1,0.02748633611151034
2419,fdis_prob,-8,-0.8,0.08641073297370003
2419,fmpd_prob,-8,-0.8,0.08641073297370003
2419,raoq_fund,-8,-0.8,0.08641073297370003
2419,cwm_pc1,-10,-1,0.02748633611151034
2419,cwm_pc2,6,0.6,0.2206713619198468
2419,pd_prob_mctavish,10,1,0.02748633611151034
2419,mpd_prob_mctavish,10,1,0.02748633611151034
2420,corrected_richness,10,1,0.02748633611151034
2420,shannon,10,1,0.02748633611151034
2420,inv_simpson,10,1,0.02748633611151034
2420,trait_volume,-10,-1,0.02748633611151034
2420,trait_dispersion,-4,-0.4,0.4624327264504763
2420,rao_q,-8,-0.8,0.08641073297370003
2420,feve,10,1,0.02748633611151034
2420,fdiv,0,0,1
2420,fric_prob,4,0.4,0.4624327264504763
2420,fdiv_fund,0,0,1
2420,feve_fund,-10,-1,0.02748633611151034
2420,fdis_prob,-8,-0.8,0.08641073297370003
2420,fmpd_prob,-8,-0.8,0.08641073297370003
2420,raoq_fund,-8,-0.8,0.08641073297370003
2420,cwm_pc1,-10,-1,0.02748633611151034
2420,cwm_pc2,6,0.6,0.2206713619198468
2420,pd_prob_mctavish,10,1,0.02748633611151034
2420,mpd_prob_mctavish,10,1,0.02748633611151034
2421,corrected_richness,10,1,0.02748633611151034
2421,shannon,10,1,0.02748633611151034
2421,inv_simpson,10,1,0.02748633611151034
2421,trait_volume,-10,-1,0.02748633611151034
2421,trait_dispersion,-6,-0.6,0.2206713619198468
2421,rao_q,-8,-0.8,0.08641073297370003
2421,feve,10,1,0.02748633611151034
2421,fdiv,0,0,1
2421,fric_prob,2,0.2,0.8064959405073402
2421,fdiv_fund,-2,-0.2,0.8064959405073402
2421,feve_fund,-10,-1,0.02748633611151034
2421,fdis_prob,-8,-0.8,0.08641073297370003
2421,fmpd_prob,-8,-0.8,0.08641073297370003
2421,raoq_fund,-10,-1,0.02748633611151034
2421,cwm_pc1,-8,-0.8,0.08641073297370003
2421,cwm_pc2,6,0.6,0.2206713619198468
2421,pd_prob_mctavish,10,1,0.02748633611151034
2421,mpd_prob_mctavish,10,1,0.02748633611151034
2422,corrected_richness,10,1,0.02748633611151034
2422,shannon,10,1,0.02748633611151034
2422,inv_simpson,10,1,0.02748633611151034
2422,trait_volume,-10,-1,0.02748633611151034
2422,trait_dispersion,-6,-0.6,0.2206713619198468
2422,rao_q,-10,-1,0.02748633611151034
2422,feve,10,1,0.02748633611151034
2422,fdiv,2,0.2,0.8064959405073402
2422,fric_prob,0,0,1
2422,fdiv_fund,-4,-0.4,0.4624327264504763
2422,feve_fund,-10,-1,0.02748633611151034
2422,fdis_prob,-8,-0.8,0.08641073297370003
2422,fmpd_prob,-10,-1,0.02748633611151034
2422,raoq_fund,-10,-1,0.02748633611151034
2422,cwm_pc1,-8,-0.8,0.08641073297370003
2422,cwm_pc2,6,0.6,0.2206713619198468
2422,pd_prob_mctavish,10,1,0.02748633611151034
2422,mpd_prob_mctavish,10,1,0.02748633611151034
2423,corrected_richness,10,1,0.02748633611151034
2423,shannon,10,1,0.02748633611151034
2423,inv_simpson,10,1,0.02748633611151034
2423,trait_volume,-10,-1,0.02748633611151034
2423,trait_dispersion,-6,-0.6,0.2206713619198468
2423,rao_q,-10,-1,0.02748633611151034
2423,feve,10,1,0.02748633611151034
2423,fdiv,2,0.2,0.8064959405073402
2423,fric_prob,-2,-0.2,0.8064959405073402
2423,fdiv_fund,-6,-0.6,0.2206713619198468
2423,feve_fund,-10,-1,0.02748633611151034
2423,fdis_prob,-10,-1,0.02748633611151034
2423,fmpd_prob,-10,-1,0.02748633611151034
2423,raoq_fund,-10,-1,0.02748633611151034
2423,cwm_pc1,-10,-1,0.02748633611151034
2423,cwm_pc2,6,0.6,0.2206713619198468
2423,pd_prob_mctavish,10,1,0.02748633611151034
2423,mpd_prob_mctavish,10,1,0.02748633611151034
2424,corrected_richness,10,1,0.02748633611151034
2424,shannon,10,1,0.02748633611151034
2424,inv_simpson,10,1,0.02748633611151034
2424,trait_volume,-10,-1,0.02748633611151034
2424,trait_dispersion,-6,-0.6,0.2206713619198468
2424,rao_q,-10,-1,0.02748633611151034
2424,feve,10,1,0.02748633611151034
2424,fdiv,2,0.2,0.8064959405073402
2424,fric_prob,-2,-0.2,0.8064959405073402
2424,fdiv_fund,-8,-0.8,0.08641073297370003
2424,feve_fund,-10,-1,0.02748633611151034
2424,fdis_prob,-10,-1,0.02748633611151034
2424,fmpd_prob,-10,-1,0.02748633611151034
2424,raoq_fund,-10,-1,0.02748633611151034
2424,cwm_pc1,-10,-1,0.02748633611151034
2424,cwm_pc2,6,0.6,0.2206713619198468
2424,pd_prob_mctavish,10,1,0.02748633611151034
2424,mpd_prob_mctavish,10,1,0.02748633611151034
2425,corrected_richness,10,1,0.02748633611151034
2425,shannon,10,1,0.02748633611151034
2425,inv_simpson,10,1,0.02748633611151034
2425,trait_volume,-10,-1,0.02748633611151034
2425,trait_dispersion,-6,-0.6,0.2206713619198468
2425,rao_q,-10,-1,0.02748633611151034
2425,feve,10,1,0.02748633611151034
2425,fdiv,2,0.2,0.8064959405073402
2425,fric_prob,0,0,1
2425,fdiv_fund,-6,-0.6,0.2206713619198468
2425,feve_fund,-10,-1,0.02748633611151034
2425,fdis_prob,-8,-0.8,0.08641073297370003
2425,fmpd_prob,-10,-1,0.02748633611151034
2425,raoq_fund,-8,-0.8,0.08641073297370003
2425,cwm_pc1,-10,-1,0.02748633611151034
2425,cwm_pc2,6,0.6,0.2206713619198468
2425,pd_prob_mctavish,10,1,0.02748633611151034
2425,mpd_prob_mctavish,10,1,0.02748633611151034
2426,corrected_richness,10,1,0.02748633611151034
2426,shannon,10,1,0.02748633611151034
2426,inv_simpson,10,1,0.02748633611151034
2426,trait_volume,-10,-1,0.02748633611151034
2426,trait_dispersion,-6,-0.6,0.2206713619198468
2426,rao_q,-10,-1,0.02748633611151034
2426,feve,10,1,0.02748633611151034
2426,fdiv,2,0.2,0.8064959405073402
2426,fric_prob,2,0.2,0.8064959405073402
2426,fdiv_fund,2,0.2,0.8064959405073402
2426,feve_fund,-10,-1,0.02748633611151034
2426,fdis_prob,-8,-0.8,0.08641073297370003
2426,fmpd_prob,-10,-1,0.02748633611151034
2426,raoq_fund,-8,-0.8,0.08641073297370003
2426,cwm_pc1,-10,-1,0.02748633611151034
2426,cwm_pc2,6,0.6,0.2206713619198468
2426,pd_prob_mctavish,10,1,0.02748633611151034
2426,mpd_prob_mctavish,10,1,0.02748633611151034
2427,corrected_richness,10,1,0.02748633611151034
2427,shannon,10,1,0.02748633611151034
2427,inv_simpson,10,1,0.02748633611151034
2427,trait_volume,-10,-1,0.02748633611151034
2427,trait_dispersion,-8,-0.8,0.08641073297370003
2427,rao_q,-10,-1,0.02748633611151034
2427,feve,10,1,0.02748633611151034
2427,fdiv,4,0.4,0.4624327264504763
2427,fric_prob,6,0.6,0.2206713619198468
2427,fdiv_fund,4,0.4,0.4624327264504763
2427,feve_fund,-10,-1,0.02748633611151034
2427,fdis_prob,-6,-0.6,0.2206713619198468
2427,fmpd_prob,-10,-1,0.02748633611151034
2427,raoq_fund,-6,-0.6,0.2206713619198468
2427,cwm_pc1,-10,-1,0.02748633611151034
2427,cwm_pc2,6,0.6,0.2206713619198468
2427,pd_prob_mctavish,10,1,0.02748633611151034
2427,mpd_prob_mctavish,10,1,0.02748633611151034
2428,corrected_richness,10,1,0.02748633611151034
2428,shannon,10,1,0.02748633611151034
2428,inv_simpson,10,1,0.02748633611151034
2428,trait_volume,-10,-1,0.02748633611151034
2428,trait_dispersion,-8,-0.8,0.08641073297370003
2428,rao_q,-10,-1,0.02748633611151034
2428,feve,10,1,0.02748633611151034
2428,fdiv,4,0.4,0.4624327264504763
2428,fric_prob,8,0.8,0.08641073297370003
2428,fdiv_fund,6,0.6,0.2206713619198468
2428,feve_fund,-10,-1,0.02748633611151034
2428,fdis_prob,-4,-0.4,0.4624327264504763
2428,fmpd_prob,-10,-1,0.02748633611151034
2428,raoq_fund,-6,-0.6,0.2206713619198468
2428,cwm_pc1,-10,-1,0.02748633611151034
2428,cwm_pc2,6,0.6,0.2206713619198468
2428,pd_prob_mctavish,10,1,0.02748633611151034
2428,mpd_prob_mctavish,10,1,0.02748633611151034
2429,corrected_richness,10,1,0.02748633611151034
2429,shannon,10,1,0.02748633611151034
2429,inv_simpson,10,1,0.02748633611151034
2429,trait_volume,-10,-1,0.02748633611151034
2429,trait_dispersion,-8,-0.8,0.08641073297370003
2429,rao_q,-10,-1,0.02748633611151034
2429,feve,10,1,0.02748633611151034
2429,fdiv,4,0.4,0.4624327264504763
2429,fric_prob,8,0.8,0.08641073297370003
2429,fdiv_fund,6,0.6,0.2206713619198468
2429,feve_fund,-10,-1,0.02748633611151034
2429,fdis_prob,-4,-0.4,0.4624327264504763
2429,fmpd_prob,-10,-1,0.02748633611151034
2429,raoq_fund,-6,-0.6,0.2206713619198468
2429,cwm_pc1,-10,-1,0.02748633611151034
2429,cwm_pc2,6,0.6,0.2206713619198468
2429,pd_prob_mctavish,10,1,0.02748633611151034
2429,mpd_prob_mctavish,10,1,0.02748633611151034
2430,corrected_richness,10,1,0.02748633611151034
2430,shannon,10,1,0.02748633611151034
2430,inv_simpson,10,1,0.02748633611151034
2430,trait_volume,-10,-1,0.02748633611151034
2430,trait_dispersion,-10,-1,0.02748633611151034
2430,rao_q,-10,-1,0.02748633611151034
2430,feve,10,1,0.02748633611151034
2430,fdiv,6,0.6,0.2206713619198468
2430,fric_prob,8,0.8,0.08641073297370003
2430,fdiv_fund,6,0.6,0.2206713619198468
2430,feve_fund,-10,-1,0.02748633611151034
2430,fdis_prob,-6,-0.6,0.2206713619198468
2430,fmpd_prob,-10,-1,0.02748633611151034
2430,raoq_fund,-6,-0.6,0.2206713619198468
2430,cwm_pc1,-10,-1,0.02748633611151034
2430,cwm_pc2,6,0.6,0.2206713619198468
2430,pd_prob_mctavish,10,1,0.02748633611151034
2430,mpd_prob_mctavish,10,1,0.02748633611151034
2431,corrected_richness,10,1,0.02748633611151034
2431,shannon,10,1,0.02748633611151034
2431,inv_simpson,10,1,0.02748633611151034
2431,trait_volume,-10,-1,0.02748633611151034
2431,trait_dispersion,-10,-1,0.02748633611151034
2431,rao_q,-10,-1,0.02748633611151034
2431,feve,10,1,0.02748633611151034
2431,fdiv,6,0.6,0.2206713619198468
2431,fric_prob,10,1,0.02748633611151034
2431,fdiv_fund,6,0.6,0.2206713619198468
2431,feve_fund,-10,-1,0.02748633611151034
2431,fdis_prob,-6,-0.6,0.2206713619198468
2431,fmpd_prob,-10,-1,0.02748633611151034
2431,raoq_fund,-6,-0.6,0.2206713619198468
2431,cwm_pc1,-10,-1,0.02748633611151034
2431,cwm_pc2,6,0.6,0.2206713619198468
2431,pd_prob_mctavish,10,1,0.02748633611151034
2431,mpd_prob_mctavish,10,1,0.02748633611151034
2456,corrected_richness,10,1,0.02748633611151034
2456,shannon,10,1,0.02748633611151034
2456,inv_simpson,10,1,0.02748633611151034
2456,trait_volume,4,0.4,0.4624327264504763
2456,trait_dispersion,6,0.6,0.2206713619198468
2456,rao_q,6,0.6,0.2206713619198468
2456,feve,10,1,0.02748633611151034
2456,fdiv,0,0,1
2456,fric_prob,0,0,1
2456,fdiv_fund,8,0.8,0.08641073297370003
2456,feve_fund,6,0.6,0.2206713619198468
2456,fdis_prob,6,0.6,0.2206713619198468
2456,fmpd_prob,6,0.6,0.2206713619198468
2456,raoq_fund,10,1,0.02748633611151034
2456,cwm_pc1,-10,-1,0.02748633611151034
2456,cwm_pc2,4,0.4,0.4624327264504763
2456,pd_prob_mctavish,10,1,0.02748633611151034
2456,mpd_prob_mctavish,10,1,0.02748633611151034
2457,corrected_richness,10,1,0.02748633611151034
2457,shannon,10,1,0.02748633611151034
2457,inv_simpson,10,1,0.02748633611151034
2457,trait_volume,6,0.6,0.2206713619198468
2457,trait_dispersion,6,0.6,0.2206713619198468
2457,rao_q,6,0.6,0.2206713619198468
2457,feve,10,1,0.02748633611151034
2457,fdiv,0,0,1
2457,fric_prob,0,0,1
2457,fdiv_fund,8,0.8,0.08641073297370003
2457,feve_fund,8,0.8,0.08641073297370003
2457,fdis_prob,6,0.6,0.2206713619198468
2457,fmpd_prob,6,0.6,0.2206713619198468
2457,raoq_fund,10,1,0.02748633611151034
2457,cwm_pc1,-10,-1,0.02748633611151034
2457,cwm_pc2,4,0.4,0.4624327264504763
2457,pd_prob_mctavish,10,1,0.02748633611151034
2457,mpd_prob_mctavish,10,1,0.02748633611151034
2458,corrected_richness,10,1,0.02748633611151034
2458,shannon,10,1,0.02748633611151034
2458,inv_simpson,10,1,0.02748633611151034
2458,trait_volume,6,0.6,0.2206713619198468
2458,trait_dispersion,6,0.6,0.2206713619198468
2458,rao_q,8,0.8,0.08641073297370003
2458,feve,10,1,0.02748633611151034
2458,fdiv,0,0,1
2458,fric_prob,0,0,1
2458,fdiv_fund,8,0.8,0.08641073297370003
2458,feve_fund,10,1,0.02748633611151034
2458,fdis_prob,8,0.8,0.08641073297370003
2458,fmpd_prob,6,0.6,0.2206713619198468
2458,raoq_fund,10,1,0.02748633611151034
2458,cwm_pc1,-10,-1,0.02748633611151034
2458,cwm_pc2,4,0.4,0.4624327264504763
2458,pd_prob_mctavish,10,1,0.02748633611151034
2458,mpd_prob_mctavish,10,1,0.02748633611151034
2462,corrected_richness,10,1,0.02748633611151034
2462,shannon,10,1,0.02748633611151034
2462,inv_simpson,10,1,0.02748633611151034
2462,trait_volume,6,0.6,0.2206713619198468
2462,trait_dispersion,6,0.6,0.2206713619198468
2462,rao_q,8,0.8,0.08641073297370003
2462,feve,10,1,0.02748633611151034
2462,fdiv,0,0,1
2462,fric_prob,0,0,1
2462,fdiv_fund,8,0.8,0.08641073297370003
2462,feve_fund,6,0.6,0.2206713619198468
2462,fdis_prob,8,0.8,0.08641073297370003
2462,fmpd_prob,8,0.8,0.08641073297370003
2462,raoq_fund,10,1,0.02748633611151034
2462,cwm_pc1,-10,-1,0.02748633611151034
2462,cwm_pc2,4,0.4,0.4624327264504763
2462,pd_prob_mctavish,10,1,0.02748633611151034
2462,mpd_prob_mctavish,10,1,0.02748633611151034
2464,corrected_richness,10,1,0.02748633611151034
2464,shannon,10,1,0.02748633611151034
2464,inv_simpson,10,1,0.02748633611151034
2464,trait_volume,8,0.8,0.08641073297370003
2464,trait_dispersion,6,0.6,0.2206713619198468
2464,rao_q,8,0.8,0.08641073297370003
2464,feve,10,1,0.02748633611151034
2464,fdiv,0,0,1
2464,fric_prob,0,0,1
2464,fdiv_fund,8,0.8,0.08641073297370003
2464,feve_fund,6,0.6,0.2206713619198468
2464,fdis_prob,8,0.8,0.08641073297370003
2464,fmpd_prob,8,0.8,0.08641073297370003
2464,raoq_fund,10,1,0.02748633611151034
2464,cwm_pc1,-10,-1,0.02748633611151034
2464,cwm_pc2,4,0.4,0.4624327264504763
2464,pd_prob_mctavish,10,1,0.02748633611151034
2464,mpd_prob_mctavish,10,1,0.02748633611151034
2466,corrected_richness,10,1,0.02748633611151034
2466,shannon,10,1,0.02748633611151034
2466,inv_simpson,10,1,0.02748633611151034
2466,trait_volume,8,0.8,0.08641073297370003
2466,trait_dispersion,8,0.8,0.08641073297370003
2466,rao_q,8,0.8,0.08641073297370003
2466,feve,10,1,0.02748633611151034
2466,fdiv,0,0,1
2466,fric_prob,0,0,1
2466,fdiv_fund,8,0.8,0.08641073297370003
2466,feve_fund,2,0.2,0.8064959405073402
2466,fdis_prob,8,0.8,0.08641073297370003
2466,fmpd_prob,8,0.8,0.08641073297370003
2466,raoq_fund,8,0.8,0.08641073297370003
2466,cwm_pc1,-10,-1,0.02748633611151034
2466,cwm_pc2,4,0.4,0.4624327264504763
2466,pd_prob_mctavish,10,1,0.02748633611151034
2466,mpd_prob_mctavish,10,1,0.02748633611151034
2468,corrected_richness,10,1,0.02748633611151034
2468,shannon,10,1,0.02748633611151034
2468,inv_simpson,10,1,0.02748633611151034
2468,trait_volume,8,0.8,0.08641073297370003
2468,trait_dispersion,8,0.8,0.08641073297370003
2468,rao_q,8,0.8,0.08641073297370003
2468,feve,10,1,0.02748633611151034
2468,fdiv,0,0,1
2468,fric_prob,0,0,1
2468,fdiv_fund,8,0.8,0.08641073297370003
2468,feve_fund,0,0,1
2468,fdis_prob,8,0.8,0.08641073297370003
2468,fmpd_prob,8,0.8,0.08641073297370003
2468,raoq_fund,8,0.8,0.08641073297370003
2468,cwm_pc1,-10,-1,0.02748633611151034
2468,cwm_pc2,4,0.4,0.4624327264504763
2468,pd_prob_mctavish,10,1,0.02748633611151034
2468,mpd_prob_mctavish,10,1,0.02748633611151034
2469,corrected_richness,10,1,0.02748633611151034
2469,shannon,10,1,0.02748633611151034
2469,inv_simpson,10,1,0.02748633611151034
2469,trait_volume,8,0.8,0.08641073297370003
2469,trait_dispersion,8,0.8,0.08641073297370003
2469,rao_q,8,0.8,0.08641073297370003
2469,feve,10,1,0.02748633611151034
2469,fdiv,0,0,1
2469,fric_prob,0,0,1
2469,fdiv_fund,8,0.8,0.08641073297370003
2469,feve_fund,0,0,1
2469,fdis_prob,8,0.8,0.08641073297370003
2469,fmpd_prob,8,0.8,0.08641073297370003
2469,raoq_fund,8,0.8,0.08641073297370003
2469,cwm_pc1,-10,-1,0.02748633611151034
2469,cwm_pc2,4,0.4,0.4624327264504763
2469,pd_prob_mctavish,10,1,0.02748633611151034
2469,mpd_prob_mctavish,10,1,0.02748633611151034
2470,corrected_richness,10,1,0.02748633611151034
2470,shannon,10,1,0.02748633611151034
2470,inv_simpson,10,1,0.02748633611151034
2470,trait_volume,8,0.8,0.08641073297370003
2470,trait_dispersion,8,0.8,0.08641073297370003
2470,rao_q,8,0.8,0.08641073297370003
2470,feve,10,1,0.02748633611151034
2470,fdiv,-4,-0.4,0.2888443663464849
2470,fric_prob,0,0,1
2470,fdiv_fund,8,0.8,0.08641073297370003
2470,feve_fund,-4,-0.4,0.4624327264504763
2470,fdis_prob,8,0.8,0.08641073297370003
2470,fmpd_prob,8,0.8,0.08641073297370003
2470,raoq_fund,8,0.8,0.08641073297370003
2470,cwm_pc1,-10,-1,0.02748633611151034
2470,cwm_pc2,4,0.4,0.4624327264504763
2470,pd_prob_mctavish,10,1,0.02748633611151034
2470,mpd_prob_mctavish,10,1,0.02748633611151034
2471,corrected_richness,10,1,0.02748633611151034
2471,shannon,10,1,0.02748633611151034
2471,inv_simpson,10,1,0.02748633611151034
2471,trait_volume,8,0.8,0.08641073297370003
2471,trait_dispersion,8,0.8,0.08641073297370003
2471,rao_q,8,0.8,0.08641073297370003
2471,feve,10,1,0.02748633611151034
2471,fdiv,-4,-0.4,0.2888443663464849
2471,fric_prob,0,0,1
2471,fdiv_fund,8,0.8,0.08641073297370003
2471,feve_fund,-4,-0.4,0.4624327264504763
2471,fdis_prob,8,0.8,0.08641073297370003
2471,fmpd_prob,8,0.8,0.08641073297370003
2471,raoq_fund,8,0.8,0.08641073297370003
2471,cwm_pc1,-10,-1,0.02748633611151034
2471,cwm_pc2,4,0.4,0.4624327264504763
2471,pd_prob_mctavish,10,1,0.02748633611151034
2471,mpd_prob_mctavish,10,1,0.02748633611151034
2472,corrected_richness,10,1,0.02748633611151034
2472,shannon,10,1,0.02748633611151034
2472,inv_simpson,10,1,0.02748633611151034
2472,trait_volume,8,0.8,0.08641073297370003
2472,trait_dispersion,8,0.8,0.08641073297370003
2472,rao_q,10,1,0.02748633611151034
2472,feve,10,1,0.02748633611151034
2472,fdiv,-7,-0.7,0.09609232945567332
2472,fric_prob,0,0,1
2472,fdiv_fund,8,0.8,0.08641073297370003
2472,feve_fund,-4,-0.4,0.4624327264504763
2472,fdis_prob,8,0.8,0.08641073297370003
2472,fmpd_prob,10,1,0.02748633611151034
2472,raoq_fund,8,0.8,0.08641073297370003
2472,cwm_pc1,-10,-1,0.02748633611151034
2472,cwm_pc2,2,0.2,0.8064959405073402
2472,pd_prob_mctavish,10,1,0.02748633611151034
2472,mpd_prob_mctavish,10,1,0.02748633611151034
2473,corrected_richness,10,1,0.02748633611151034
2473,shannon,10,1,0.02748633611151034
2473,inv_simpson,10,1,0.02748633611151034
2473,trait_volume,8,0.8,0.08641073297370003
2473,trait_dispersion,8,0.8,0.08641073297370003
2473,rao_q,10,1,0.02748633611151034
2473,feve,10,1,0.02748633611151034
2473,fdiv,-5,-0.5,0.3122163883433193
2473,fric_prob,0,0,1
2473,fdiv_fund,8,0.8,0.08641073297370003
2473,feve_fund,-4,-0.4,0.4624327264504763
2473,fdis_prob,8,0.8,0.08641073297370003
2473,fmpd_prob,10,1,0.02748633611151034
2473,raoq_fund,8,0.8,0.08641073297370003
2473,cwm_pc1,-10,-1,0.02748633611151034
2473,cwm_pc2,2,0.2,0.8064959405073402
2473,pd_prob_mctavish,10,1,0.02748633611151034
2473,mpd_prob_mctavish,10,1,0.02748633611151034
2474,corrected_richness,10,1,0.02748633611151034
2474,shannon,10,1,0.02748633611151034
2474,inv_simpson,10,1,0.02748633611151034
2474,trait_volume,8,0.8,0.08641073297370003
2474,trait_dispersion,8,0.8,0.08641073297370003
2474,rao_q,10,1,0.02748633611151034
2474,feve,10,1,0.02748633611151034
2474,fdiv,-6,-0.6,0.2206713619198468
2474,fric_prob,0,0,1
2474,fdiv_fund,8,0.8,0.08641073297370003
2474,feve_fund,-4,-0.4,0.4624327264504763
2474,fdis_prob,8,0.8,0.08641073297370003
2474,fmpd_prob,10,1,0.02748633611151034
2474,raoq_fund,8,0.8,0.08641073297370003
2474,cwm_pc1,-10,-1,0.02748633611151034
2474,cwm_pc2,2,0.2,0.8064959405073402
2474,pd_prob_mctavish,10,1,0.02748633611151034
2474,mpd_prob_mctavish,10,1,0.02748633611151034
2475,corrected_richness,10,1,0.02748633611151034
2475,shannon,10,1,0.02748633611151034
2475,inv_simpson,10,1,0.02748633611151034
2475,trait_volume,8,0.8,0.08641073297370003
2475,trait_dispersion,8,0.8,0.08641073297370003
2475,rao_q,10,1,0.02748633611151034
2475,feve,10,1,0.02748633611151034
2475,fdiv,-6,-0.6,0.2206713619198468
2475,fric_prob,0,0,1
2475,fdiv_fund,10,1,0.02748633611151034
2475,feve_fund,-6,-0.6,0.2206713619198468
2475,fdis_prob,6,0.6,0.2206713619198468
2475,fmpd_prob,10,1,0.02748633611151034
2475,raoq_fund,8,0.8,0.08641073297370003
2475,cwm_pc1,-10,-1,0.02748633611151034
2475,cwm_pc2,2,0.2,0.8064959405073402
2475,pd_prob_mctavish,10,1,0.02748633611151034
2475,mpd_prob_mctavish,10,1,0.02748633611151034
2476,corrected_richness,10,1,0.02748633611151034
2476,shannon,10,1,0.02748633611151034
2476,inv_simpson,10,1,0.02748633611151034
2476,trait_volume,10,1,0.02748633611151034
2476,trait_dispersion,8,0.8,0.08641073297370003
2476,rao_q,10,1,0.02748633611151034
2476,feve,10,1,0.02748633611151034
2476,fdiv,-6,-0.6,0.2206713619198468
2476,fric_prob,0,0,1
2476,fdiv_fund,10,1,0.02748633611151034
2476,feve_fund,-4,-0.4,0.4624327264504763
2476,fdis_prob,6,0.6,0.2206713619198468
2476,fmpd_prob,10,1,0.02748633611151034
2476,raoq_fund,8,0.8,0.08641073297370003
2476,cwm_pc1,-10,-1,0.02748633611151034
2476,cwm_pc2,0,0,1
2476,pd_prob_mctavish,10,1,0.02748633611151034
2476,mpd_prob_mctavish,10,1,0.02748633611151034
2478,corrected_richness,10,1,0.02748633611151034
2478,shannon,10,1,0.02748633611151034
2478,inv_simpson,10,1,0.02748633611151034
2478,trait_volume,10,1,0.02748633611151034
2478,trait_dispersion,8,0.8,0.08641073297370003
2478,rao_q,10,1,0.02748633611151034
2478,feve,10,1,0.02748633611151034
2478,fdiv,-6,-0.6,0.2206713619198468
2478,fric_prob,-1,-0.1,1
2478,fdiv_fund,8,0.8,0.08641073297370003
2478,feve_fund,0,0,1
2478,fdis_prob,8,0.8,0.08641073297370003
2478,fmpd_prob,10,1,0.02748633611151034
2478,raoq_fund,8,0.8,0.08641073297370003
2478,cwm_pc1,-10,-1,0.02748633611151034
2478,cwm_pc2,0,0,1
2478,pd_prob_mctavish,10,1,0.02748633611151034
2478,mpd_prob_mctavish,10,1,0.02748633611151034
2479,corrected_richness,10,1,0.02748633611151034
2479,shannon,10,1,0.02748633611151034
2479,inv_simpson,10,1,0.02748633611151034
2479,trait_volume,10,1,0.02748633611151034
2479,trait_dispersion,8,0.8,0.08641073297370003
2479,rao_q,10,1,0.02748633611151034
2479,feve,10,1,0.02748633611151034
2479,fdiv,-6,-0.6,0.2206713619198468
2479,fric_prob,-2,-0.2,0.8064959405073402
2479,fdiv_fund,8,0.8,0.08641073297370003
2479,feve_fund,0,0,1
2479,fdis_prob,4,0.4,0.4624327264504763
2479,fmpd_prob,10,1,0.02748633611151034
2479,raoq_fund,8,0.8,0.08641073297370003
2479,cwm_pc1,-10,-1,0.02748633611151034
2479,cwm_pc2,0,0,1
2479,pd_prob_mctavish,10,1,0.02748633611151034
2479,mpd_prob_mctavish,10,1,0.02748633611151034
2480,corrected_richness,10,1,0.02748633611151034
2480,shannon,10,1,0.02748633611151034
2480,inv_simpson,10,1,0.02748633611151034
2480,trait_volume,10,1,0.02748633611151034
2480,trait_dispersion,8,0.8,0.08641073297370003
2480,rao_q,10,1,0.02748633611151034
2480,feve,10,1,0.02748633611151034
2480,fdiv,-6,-0.6,0.2206713619198468
2480,fric_prob,-2,-0.2,0.8064959405073402
2480,fdiv_fund,6,0.6,0.2206713619198468
2480,feve_fund,0,0,1
2480,fdis_prob,4,0.4,0.4624327264504763
2480,fmpd_prob,10,1,0.02748633611151034
2480,raoq_fund,4,0.4,0.4624327264504763
2480,cwm_pc1,-10,-1,0.02748633611151034
2480,cwm_pc2,0,0,1
2480,pd_prob_mctavish,10,1,0.02748633611151034
2480,mpd_prob_mctavish,10,1,0.02748633611151034
2481,corrected_richness,10,1,0.02748633611151034
2481,shannon,10,1,0.02748633611151034
2481,inv_simpson,10,1,0.02748633611151034
2481,trait_volume,8,0.8,0.08641073297370003
2481,trait_dispersion,6,0.6,0.2206713619198468
2481,rao_q,8,0.8,0.08641073297370003
2481,feve,10,1,0.02748633611151034
2481,fdiv,-6,-0.6,0.2206713619198468
2481,fric_prob,-2,-0.2,0.8064959405073402
2481,fdiv_fund,8,0.8,0.08641073297370003
2481,feve_fund,0,0,1
2481,fdis_prob,2,0.2,0.8064959405073402
2481,fmpd_prob,8,0.8,0.08641073297370003
2481,raoq_fund,6,0.6,0.2206713619198468
2481,cwm_pc1,-10,-1,0.02748633611151034
2481,cwm_pc2,0,0,1
2481,pd_prob_mctavish,10,1,0.02748633611151034
2481,mpd_prob_mctavish,10,1,0.02748633611151034
2482,corrected_richness,10,1,0.02748633611151034
2482,shannon,10,1,0.02748633611151034
2482,inv_simpson,10,1,0.02748633611151034
2482,trait_volume,6,0.6,0.2206713619198468
2482,trait_dispersion,4,0.4,0.4624327264504763
2482,rao_q,8,0.8,0.08641073297370003
2482,feve,10,1,0.02748633611151034
2482,fdiv,-4,-0.4,0.4624327264504763
2482,fric_prob,-2,-0.2,0.8064959405073402
2482,fdiv_fund,10,1,0.02748633611151034
2482,feve_fund,-2,-0.2,0.8064959405073402
2482,fdis_prob,4,0.4,0.4624327264504763
2482,fmpd_prob,8,0.8,0.08641073297370003
2482,raoq_fund,6,0.6,0.2206713619198468
2482,cwm_pc1,-10,-1,0.02748633611151034
2482,cwm_pc2,0,0,1
2482,pd_prob_mctavish,10,1,0.02748633611151034
2482,mpd_prob_mctavish,10,1,0.02748633611151034
2483,corrected_richness,10,1,0.02748633611151034
2483,shannon,10,1,0.02748633611151034
2483,inv_simpson,10,1,0.02748633611151034
2483,trait_volume,2,0.2,0.8064959405073402
2483,trait_dispersion,4,0.4,0.4624327264504763
2483,rao_q,6,0.6,0.2206713619198468
2483,feve,10,1,0.02748633611151034
2483,fdiv,-4,-0.4,0.4624327264504763
2483,fric_prob,-2,-0.2,0.8064959405073402
2483,fdiv_fund,10,1,0.02748633611151034
2483,feve_fund,-8,-0.8,0.08641073297370003
2483,fdis_prob,6,0.6,0.2206713619198468
2483,fmpd_prob,4,0.4,0.4624327264504763
2483,raoq_fund,8,0.8,0.08641073297370003
2483,cwm_pc1,-10,-1,0.02748633611151034
2483,cwm_pc2,2,0.2,0.8064959405073402
2483,pd_prob_mctavish,10,1,0.02748633611151034
2483,mpd_prob_mctavish,10,1,0.02748633611151034
2484,corrected_richness,10,1,0.02748633611151034
2484,shannon,10,1,0.02748633611151034
2484,inv_simpson,10,1,0.02748633611151034
2484,trait_volume,0,0,1
2484,trait_dispersion,4,0.4,0.4624327264504763
2484,rao_q,0,0,1
2484,feve,10,1,0.02748633611151034
2484,fdiv,-4,-0.4,0.4624327264504763
2484,fric_prob,2,0.2,0.8064959405073402
2484,fdiv_fund,8,0.8,0.08641073297370003
2484,feve_fund,-8,-0.8,0.08641073297370003
2484,fdis_prob,10,1,0.02748633611151034
2484,fmpd_prob,0,0,1
2484,raoq_fund,8,0.8,0.08641073297370003
2484,cwm_pc1,-10,-1,0.02748633611151034
2484,cwm_pc2,6,0.6,0.2206713619198468
2484,pd_prob_mctavish,10,1,0.02748633611151034
2484,mpd_prob_mctavish,10,1,0.02748633611151034
2485,corrected_richness,10,1,0.02748633611151034
2485,shannon,10,1,0.02748633611151034
2485,inv_simpson,10,1,0.02748633611151034
2485,trait_volume,-2,-0.2,0.8064959405073402
2485,trait_dispersion,2,0.2,0.8064959405073402
2485,rao_q,0,0,1
2485,feve,10,1,0.02748633611151034
2485,fdiv,-4,-0.4,0.4624327264504763
2485,fric_prob,2,0.2,0.8064959405073402
2485,fdiv_fund,6,0.6,0.2206713619198468
2485,feve_fund,-8,-0.8,0.08641073297370003
2485,fdis_prob,8,0.8,0.08641073297370003
2485,fmpd_prob,-2,-0.2,0.8064959405073402
2485,raoq_fund,6,0.6,0.2206713619198468
2485,cwm_pc1,-10,-1,0.02748633611151034
2485,cwm_pc2,6,0.6,0.2206713619198468
2485,pd_prob_mctavish,10,1,0.02748633611151034
2485,mpd_prob_mctavish,10,1,0.02748633611151034
2486,corrected_richness,10,1,0.02748633611151034
2486,shannon,10,1,0.02748633611151034
2486,inv_simpson,10,1,0.02748633611151034
2486,trait_volume,-2,-0.2,0.8064959405073402
2486,trait_dispersion,0,0,1
2486,rao_q,-2,-0.2,0.8064959405073402
2486,feve,10,1,0.02748633611151034
2486,fdiv,-2,-0.2,0.8064959405073402
2486,fric_prob,-2,-0.2,0.8064959405073402
2486,fdiv_fund,8,0.8,0.08641073297370003
2486,feve_fund,-10,-1,0.02748633611151034
2486,fdis_prob,2,0.2,0.8064959405073402
2486,fmpd_prob,-2,-0.2,0.8064959405073402
2486,raoq_fund,2,0.2,0.8064959405073402
2486,cwm_pc1,-10,-1,0.02748633611151034
2486,cwm_pc2,6,0.6,0.2206713619198468
2486,pd_prob_mctavish,10,1,0.02748633611151034
2486,mpd_prob_mctavish,10,1,0.02748633611151034
2487,corrected_richness,10,1,0.02748633611151034
2487,shannon,10,1,0.02748633611151034
2487,inv_simpson,10,1,0.02748633611151034
2487,trait_volume,-6,-0.6,0.2206713619198468
2487,trait_dispersion,-4,-0.4,0.4624327264504763
2487,rao_q,-2,-0.2,0.8064959405073402
2487,feve,10,1,0.02748633611151034
2487,fdiv,-2,-0.2,0.8064959405073402
2487,fric_prob,0,0,1
2487,fdiv_fund,8,0.8,0.08641073297370003
2487,feve_fund,-10,-1,0.02748633611151034
2487,fdis_prob,2,0.2,0.8064959405073402
2487,fmpd_prob,-4,-0.4,0.4624327264504763
2487,raoq_fund,0,0,1
2487,cwm_pc1,-10,-1,0.02748633611151034
2487,cwm_pc2,6,0.6,0.2206713619198468
2487,pd_prob_mctavish,10,1,0.02748633611151034
2487,mpd_prob_mctavish,10,1,0.02748633611151034
2488,corrected_richness,10,1,0.02748633611151034
2488,shannon,10,1,0.02748633611151034
2488,inv_simpson,10,1,0.02748633611151034
2488,trait_volume,-8,-0.8,0.08641073297370003
2488,trait_dispersion,-4,-0.4,0.4624327264504763
2488,rao_q,-6,-0.6,0.2206713619198468
2488,feve,10,1,0.02748633611151034
2488,fdiv,-2,-0.2,0.8064959405073402
2488,fric_prob,6,0.6,0.2206713619198468
2488,fdiv_fund,10,1,0.02748633611151034
2488,feve_fund,-10,-1,0.02748633611151034
2488,fdis_prob,-2,-0.2,0.8064959405073402
2488,fmpd_prob,-6,-0.6,0.2206713619198468
2488,raoq_fund,-2,-0.2,0.8064959405073402
2488,cwm_pc1,-10,-1,0.02748633611151034
2488,cwm_pc2,6,0.6,0.2206713619198468
2488,pd_prob_mctavish,10,1,0.02748633611151034
2488,mpd_prob_mctavish,10,1,0.02748633611151034
2489,corrected_richness,10,1,0.02748633611151034
2489,shannon,10,1,0.02748633611151034
2489,inv_simpson,10,1,0.02748633611151034
2489,trait_volume,-8,-0.8,0.08641073297370003
2489,trait_dispersion,-4,-0.4,0.4624327264504763
2489,rao_q,-8,-0.8,0.08641073297370003
2489,feve,10,1,0.02748633611151034
2489,fdiv,-2,-0.2,0.8064959405073402
2489,fric_prob,4,0.4,0.4624327264504763
2489,fdiv_fund,4,0.4,0.4624327264504763
2489,feve_fund,-10,-1,0.02748633611151034
2489,fdis_prob,-4,-0.4,0.4624327264504763
2489,fmpd_prob,-8,-0.8,0.08641073297370003
2489,raoq_fund,-4,-0.4,0.4624327264504763
2489,cwm_pc1,-10,-1,0.02748633611151034
2489,cwm_pc2,6,0.6,0.2206713619198468
2489,pd_prob_mctavish,10,1,0.02748633611151034
2489,mpd_prob_mctavish,10,1,0.02748633611151034
2490,corrected_richness,10,1,0.02748633611151034
2490,shannon,10,1,0.02748633611151034
2490,inv_simpson,10,1,0.02748633611151034
2490,trait_volume,-8,-0.8,0.08641073297370003
2490,trait_dispersion,-4,-0.4,0.4624327264504763
2490,rao_q,-8,-0.8,0.08641073297370003
2490,feve,10,1,0.02748633611151034
2490,fdiv,-2,-0.2,0.8064959405073402
2490,fric_prob,4,0.4,0.4624327264504763
2490,fdiv_fund,0,0,1
2490,feve_fund,-10,-1,0.02748633611151034
2490,fdis_prob,-8,-0.8,0.08641073297370003
2490,fmpd_prob,-8,-0.8,0.08641073297370003
2490,raoq_fund,-8,-0.8,0.08641073297370003
2490,cwm_pc1,-10,-1,0.02748633611151034
2490,cwm_pc2,6,0.6,0.2206713619198468
2490,pd_prob_mctavish,10,1,0.02748633611151034
2490,mpd_prob_mctavish,10,1,0.02748633611151034
2491,corrected_richness,10,1,0.02748633611151034
2491,shannon,10,1,0.02748633611151034
2491,inv_simpson,10,1,0.02748633611151034
2491,trait_volume,-8,-0.8,0.08641073297370003
2491,trait_dispersion,-4,-0.4,0.4624327264504763
2491,rao_q,-8,-0.8,0.08641073297370003
2491,feve,10,1,0.02748633611151034
2491,fdiv,0,0,1
2491,fric_prob,2,0.2,0.8064959405073402
2491,fdiv_fund,-2,-0.2,0.8064959405073402
2491,feve_fund,-10,-1,0.02748633611151034
2491,fdis_prob,-8,-0.8,0.08641073297370003
2491,fmpd_prob,-8,-0.8,0.08641073297370003
2491,raoq_fund,-8,-0.8,0.08641073297370003
2491,cwm_pc1,-10,-1,0.02748633611151034
2491,cwm_pc2,6,0.6,0.2206713619198468
2491,pd_prob_mctavish,10,1,0.02748633611151034
2491,mpd_prob_mctavish,10,1,0.02748633611151034
2492,corrected_richness,10,1,0.02748633611151034
2492,shannon,10,1,0.02748633611151034
2492,inv_simpson,10,1,0.02748633611151034
2492,trait_volume,-8,-0.8,0.08641073297370003
2492,trait_dispersion,-4,-0.4,0.4624327264504763
2492,rao_q,-8,-0.8,0.08641073297370003
2492,feve,10,1,0.02748633611151034
2492,fdiv,0,0,1
2492,fric_prob,0,0,1
2492,fdiv_fund,-4,-0.4,0.4624327264504763
2492,feve_fund,-10,-1,0.02748633611151034
2492,fdis_prob,-8,-0.8,0.08641073297370003
2492,fmpd_prob,-8,-0.8,0.08641073297370003
2492,raoq_fund,-8,-0.8,0.08641073297370003
2492,cwm_pc1,-10,-1,0.02748633611151034
2492,cwm_pc2,6,0.6,0.2206713619198468
2492,pd_prob_mctavish,10,1,0.02748633611151034
2492,mpd_prob_mctavish,10,1,0.02748633611151034
2493,corrected_richness,10,1,0.02748633611151034
2493,shannon,10,1,0.02748633611151034
2493,inv_simpson,10,1,0.02748633611151034
2493,trait_volume,-8,-0.8,0.08641073297370003
2493,trait_dispersion,-6,-0.6,0.2206713619198468
2493,rao_q,-8,-0.8,0.08641073297370003
2493,feve,10,1,0.02748633611151034
2493,fdiv,0,0,1
2493,fric_prob,-2,-0.2,0.8064959405073402
2493,fdiv_fund,-4,-0.4,0.4624327264504763
2493,feve_fund,-10,-1,0.02748633611151034
2493,fdis_prob,-8,-0.8,0.08641073297370003
2493,fmpd_prob,-8,-0.8,0.08641073297370003
2493,raoq_fund,-10,-1,0.02748633611151034
2493,cwm_pc1,-10,-1,0.02748633611151034
2493,cwm_pc2,6,0.6,0.2206713619198468
2493,pd_prob_mctavish,10,1,0.02748633611151034
2493,mpd_prob_mctavish,10,1,0.02748633611151034
2494,corrected_richness,10,1,0.02748633611151034
2494,shannon,10,1,0.02748633611151034
2494,inv_simpson,10,1,0.02748633611151034
2494,trait_volume,-10,-1,0.02748633611151034
2494,trait_dispersion,-6,-0.6,0.2206713619198468
2494,rao_q,-8,-0.8,0.08641073297370003
2494,feve,10,1,0.02748633611151034
2494,fdiv,0,0,1
2494,fric_prob,-2,-0.2,0.8064959405073402
2494,fdiv_fund,-10,-1,0.02748633611151034
2494,feve_fund,-10,-1,0.02748633611151034
2494,fdis_prob,-10,-1,0.02748633611151034
2494,fmpd_prob,-8,-0.8,0.08641073297370003
2494,raoq_fund,-10,-1,0.02748633611151034
2494,cwm_pc1,-10,-1,0.02748633611151034
2494,cwm_pc2,6,0.6,0.2206713619198468
2494,pd_prob_mctavish,10,1,0.02748633611151034
2494,mpd_prob_mctavish,10,1,0.02748633611151034
2495,corrected_richness,10,1,0.02748633611151034
2495,shannon,10,1,0.02748633611151034
2495,inv_simpson,10,1,0.02748633611151034
2495,trait_volume,-10,-1,0.02748633611151034
2495,trait_dispersion,-6,-0.6,0.2206713619198468
2495,rao_q,-10,-1,0.02748633611151034
2495,feve,10,1,0.02748633611151034
2495,fdiv,0,0,1
2495,fric_prob,-2,-0.2,0.8064959405073402
2495,fdiv_fund,-10,-1,0.02748633611151034
2495,feve_fund,-10,-1,0.02748633611151034
2495,fdis_prob,-10,-1,0.02748633611151034
2495,fmpd_prob,-10,-1,0.02748633611151034
2495,raoq_fund,-10,-1,0.02748633611151034
2495,cwm_pc1,-10,-1,0.02748633611151034
2495,cwm_pc2,6,0.6,0.2206713619198468
2495,pd_prob_mctavish,10,1,0.02748633611151034
2495,mpd_prob_mctavish,10,1,0.02748633611151034
2496,corrected_richness,10,1,0.02748633611151034
2496,shannon,10,1,0.02748633611151034
2496,inv_simpson,10,1,0.02748633611151034
2496,trait_volume,-10,-1,0.02748633611151034
2496,trait_dispersion,-6,-0.6,0.2206713619198468
2496,rao_q,-10,-1,0.02748633611151034
2496,feve,10,1,0.02748633611151034
2496,fdiv,0,0,1
2496,fric_prob,0,0,1
2496,fdiv_fund,-8,-0.8,0.08641073297370003
2496,feve_fund,-10,-1,0.02748633611151034
2496,fdis_prob,-10,-1,0.02748633611151034
2496,fmpd_prob,-10,-1,0.02748633611151034
2496,raoq_fund,-10,-1,0.02748633611151034
2496,cwm_pc1,-10,-1,0.02748633611151034
2496,cwm_pc2,6,0.6,0.2206713619198468
2496,pd_prob_mctavish,10,1,0.02748633611151034
2496,mpd_prob_mctavish,10,1,0.02748633611151034
2497,corrected_richness,10,1,0.02748633611151034
2497,shannon,10,1,0.02748633611151034
2497,inv_simpson,10,1,0.02748633611151034
2497,trait_volume,-10,-1,0.02748633611151034
2497,trait_dispersion,-6,-0.6,0.2206713619198468
2497,rao_q,-10,-1,0.02748633611151034
2497,feve,10,1,0.02748633611151034
2497,fdiv,0,0,1
2497,fric_prob,4,0.4,0.4624327264504763
2497,fdiv_fund,-4,-0.4,0.4624327264504763
2497,feve_fund,-10,-1,0.02748633611151034
2497,fdis_prob,-8,-0.8,0.08641073297370003
2497,fmpd_prob,-10,-1,0.02748633611151034
2497,raoq_fund,-10,-1,0.02748633611151034
2497,cwm_pc1,-10,-1,0.02748633611151034
2497,cwm_pc2,6,0.6,0.2206713619198468
2497,pd_prob_mctavish,10,1,0.02748633611151034
2497,mpd_prob_mctavish,10,1,0.02748633611151034
2498,corrected_richness,10,1,0.02748633611151034
2498,shannon,10,1,0.02748633611151034
2498,inv_simpson,10,1,0.02748633611151034
2498,trait_volume,-10,-1,0.02748633611151034
2498,trait_dispersion,-6,-0.6,0.2206713619198468
2498,rao_q,-10,-1,0.02748633611151034
2498,feve,10,1,0.02748633611151034
2498,fdiv,2,0.2,0.8064959405073402
2498,fric_prob,6,0.6,0.2206713619198468
2498,fdiv_fund,-2,-0.2,0.8064959405073402
2498,feve_fund,-10,-1,0.02748633611151034
2498,fdis_prob,-8,-0.8,0.08641073297370003
2498,fmpd_prob,-10,-1,0.02748633611151034
2498,raoq_fund,-8,-0.8,0.08641073297370003
2498,cwm_pc1,-10,-1,0.02748633611151034
2498,cwm_pc2,6,0.6,0.2206713619198468
2498,pd_prob_mctavish,10,1,0.02748633611151034
2498,mpd_prob_mctavish,10,1,0.02748633611151034
2499,corrected_richness,10,1,0.02748633611151034
2499,shannon,10,1,0.02748633611151034
2499,inv_simpson,10,1,0.02748633611151034
2499,trait_volume,-10,-1,0.02748633611151034
2499,trait_dispersion,-8,-0.8,0.08641073297370003
2499,rao_q,-10,-1,0.02748633611151034
2499,feve,10,1,0.02748633611151034
2499,fdiv,2,0.2,0.8064959405073402
2499,fric_prob,8,0.8,0.08641073297370003
2499,fdiv_fund,4,0.4,0.4624327264504763
2499,feve_fund,-10,-1,0.02748633611151034
2499,fdis_prob,-4,-0.4,0.4624327264504763
2499,fmpd_prob,-10,-1,0.02748633611151034
2499,raoq_fund,-6,-0.6,0.2206713619198468
2499,cwm_pc1,-10,-1,0.02748633611151034
2499,cwm_pc2,6,0.6,0.2206713619198468
2499,pd_prob_mctavish,10,1,0.02748633611151034
2499,mpd_prob_mctavish,10,1,0.02748633611151034
2500,corrected_richness,10,1,0.02748633611151034
2500,shannon,10,1,0.02748633611151034
2500,inv_simpson,10,1,0.02748633611151034
2500,trait_volume,-10,-1,0.02748633611151034
2500,trait_dispersion,-8,-0.8,0.08641073297370003
2500,rao_q,-10,-1,0.02748633611151034
2500,feve,10,1,0.02748633611151034
2500,fdiv,4,0.4,0.4624327264504763
2500,fric_prob,8,0.8,0.08641073297370003
2500,fdiv_fund,4,0.4,0.4624327264504763
2500,feve_fund,-10,-1,0.02748633611151034
2500,fdis_prob,-6,-0.6,0.2206713619198468
2500,fmpd_prob,-10,-1,0.02748633611151034
2500,raoq_fund,-6,-0.6,0.2206713619198468
2500,cwm_pc1,-10,-1,0.02748633611151034
2500,cwm_pc2,6,0.6,0.2206713619198468
2500,pd_prob_mctavish,10,1,0.02748633611151034
2500,mpd_prob_mctavish,10,1,0.02748633611151034
2501,corrected_richness,10,1,0.02748633611151034
2501,shannon,10,1,0.02748633611151034
2501,inv_simpson,10,1,0.02748633611151034
2501,trait_volume,-10,-1,0.02748633611151034
2501,trait_dispersion,-8,-0.8,0.08641073297370003
2501,rao_q,-10,-1,0.02748633611151034
2501,feve,10,1,0.02748633611151034
2501,fdiv,4,0.4,0.4624327264504763
2501,fric_prob,10,1,0.02748633611151034
2501,fdiv_fund,6,0.6,0.2206713619198468
2501,feve_fund,-10,-1,0.02748633611151034
2501,fdis_prob,-6,-0.6,0.2206713619198468
2501,fmpd_prob,-10,-1,0.02748633611151034
2501,raoq_fund,-6,-0.6,0.2206713619198468
2501,cwm_pc1,-10,-1,0.02748633611151034
2501,cwm_pc2,6,0.6,0.2206713619198468
2501,pd_prob_mctavish,10,1,0.02748633611151034
2501,mpd_prob_mctavish,10,1,0.02748633611151034
2502,corrected_richness,10,1,0.02748633611151034
2502,shannon,10,1,0.02748633611151034
2502,inv_simpson,10,1,0.02748633611151034
2502,trait_volume,-10,-1,0.02748633611151034
2502,trait_dispersion,-10,-1,0.02748633611151034
2502,rao_q,-10,-1,0.02748633611151034
2502,feve,10,1,0.02748633611151034
2502,fdiv,4,0.4,0.4624327264504763
2502,fric_prob,8,0.8,0.08641073297370003
2502,fdiv_fund,6,0.6,0.2206713619198468
2502,feve_fund,-10,-1,0.02748633611151034
2502,fdis_prob,-6,-0.6,0.2206713619198468
2502,fmpd_prob,-10,-1,0.02748633611151034
2502,raoq_fund,-6,-0.6,0.2206713619198468
2502,cwm_pc1,-10,-1,0.02748633611151034
2502,cwm_pc2,6,0.6,0.2206713619198468
2502,pd_prob_mctavish,10,1,0.02748633611151034
2502,mpd_prob_mctavish,10,1,0.02748633611151034
2503,corrected_richness,10,1,0.02748633611151034
2503,shannon,10,1,0.02748633611151034
2503,inv_simpson,10,1,0.02748633611151034
2503,trait_volume,-10,-1,0.02748633611151034
2503,trait_dispersion,-10,-1,0.02748633611151034
2503,rao_q,-10,-1,0.02748633611151034
2503,feve,10,1,0.02748633611151034
2503,fdiv,6,0.6,0.2206713619198468
2503,fric_prob,8,0.8,0.08641073297370003
2503,fdiv_fund,4,0.4,0.4624327264504763
2503,feve_fund,-10,-1,0.02748633611151034
2503,fdis_prob,-6,-0.6,0.2206713619198468
2503,fmpd_prob,-10,-1,0.02748633611151034
2503,raoq_fund,-10,-1,0.02748633611151034
2503,cwm_pc1,-10,-1,0.02748633611151034
2503,cwm_pc2,8,0.8,0.08641073297370003
2503,pd_prob_mctavish,10,1,0.02748633611151034
2503,mpd_prob_mctavish,10,1,0.02748633611151034
2530,corrected_richness,10,1,0.02748633611151034
2530,shannon,10,1,0.02748633611151034
2530,inv_simpson,10,1,0.02748633611151034
2530,trait_volume,6,0.6,0.2206713619198468
2530,trait_dispersion,6,0.6,0.2206713619198468
2530,rao_q,8,0.8,0.08641073297370003
2530,feve,10,1,0.02748633611151034
2530,fdiv,0,0,1
2530,fric_prob,0,0,1
2530,fdiv_fund,8,0.8,0.08641073297370003
2530,feve_fund,10,1,0.02748633611151034
2530,fdis_prob,8,0.8,0.08641073297370003
2530,fmpd_prob,8,0.8,0.08641073297370003
2530,raoq_fund,10,1,0.02748633611151034
2530,cwm_pc1,-10,-1,0.02748633611151034
2530,cwm_pc2,2,0.2,0.8064959405073402
2530,pd_prob_mctavish,10,1,0.02748633611151034
2530,mpd_prob_mctavish,10,1,0.02748633611151034
2531,corrected_richness,10,1,0.02748633611151034
2531,shannon,10,1,0.02748633611151034
2531,inv_simpson,10,1,0.02748633611151034
2531,trait_volume,6,0.6,0.2206713619198468
2531,trait_dispersion,6,0.6,0.2206713619198468
2531,rao_q,8,0.8,0.08641073297370003
2531,feve,10,1,0.02748633611151034
2531,fdiv,0,0,1
2531,fric_prob,0,0,1
2531,fdiv_fund,8,0.8,0.08641073297370003
2531,feve_fund,8,0.8,0.08641073297370003
2531,fdis_prob,8,0.8,0.08641073297370003
2531,fmpd_prob,8,0.8,0.08641073297370003
2531,raoq_fund,10,1,0.02748633611151034
2531,cwm_pc1,-10,-1,0.02748633611151034
2531,cwm_pc2,2,0.2,0.8064959405073402
2531,pd_prob_mctavish,10,1,0.02748633611151034
2531,mpd_prob_mctavish,10,1,0.02748633611151034
2532,corrected_richness,10,1,0.02748633611151034
2532,shannon,10,1,0.02748633611151034
2532,inv_simpson,10,1,0.02748633611151034
2532,trait_volume,6,0.6,0.2206713619198468
2532,trait_dispersion,6,0.6,0.2206713619198468
2532,rao_q,8,0.8,0.08641073297370003
2532,feve,10,1,0.02748633611151034
2532,fdiv,0,0,1
2532,fric_prob,0,0,1
2532,fdiv_fund,8,0.8,0.08641073297370003
2532,feve_fund,8,0.8,0.08641073297370003
2532,fdis_prob,8,0.8,0.08641073297370003
2532,fmpd_prob,8,0.8,0.08641073297370003
2532,raoq_fund,10,1,0.02748633611151034
2532,cwm_pc1,-10,-1,0.02748633611151034
2532,cwm_pc2,2,0.2,0.8064959405073402
2532,pd_prob_mctavish,10,1,0.02748633611151034
2532,mpd_prob_mctavish,10,1,0.02748633611151034
2535,corrected_richness,10,1,0.02748633611151034
2535,shannon,10,1,0.02748633611151034
2535,inv_simpson,10,1,0.02748633611151034
2535,trait_volume,8,0.8,0.08641073297370003
2535,trait_dispersion,6,0.6,0.2206713619198468
2535,rao_q,8,0.8,0.08641073297370003
2535,feve,10,1,0.02748633611151034
2535,fdiv,0,0,1
2535,fric_prob,0,0,1
2535,fdiv_fund,8,0.8,0.08641073297370003
2535,feve_fund,6,0.6,0.2206713619198468
2535,fdis_prob,8,0.8,0.08641073297370003
2535,fmpd_prob,8,0.8,0.08641073297370003
2535,raoq_fund,10,1,0.02748633611151034
2535,cwm_pc1,-10,-1,0.02748633611151034
2535,cwm_pc2,2,0.2,0.8064959405073402
2535,pd_prob_mctavish,10,1,0.02748633611151034
2535,mpd_prob_mctavish,10,1,0.02748633611151034
2539,corrected_richness,10,1,0.02748633611151034
2539,shannon,10,1,0.02748633611151034
2539,inv_simpson,10,1,0.02748633611151034
2539,trait_volume,8,0.8,0.08641073297370003
2539,trait_dispersion,8,0.8,0.08641073297370003
2539,rao_q,8,0.8,0.08641073297370003
2539,feve,10,1,0.02748633611151034
2539,fdiv,0,0,1
2539,fric_prob,0,0,1
2539,fdiv_fund,8,0.8,0.08641073297370003
2539,feve_fund,-2,-0.2,0.8064959405073402
2539,fdis_prob,8,0.8,0.08641073297370003
2539,fmpd_prob,8,0.8,0.08641073297370003
2539,raoq_fund,8,0.8,0.08641073297370003
2539,cwm_pc1,-10,-1,0.02748633611151034
2539,cwm_pc2,2,0.2,0.8064959405073402
2539,pd_prob_mctavish,10,1,0.02748633611151034
2539,mpd_prob_mctavish,10,1,0.02748633611151034
2540,corrected_richness,10,1,0.02748633611151034
2540,shannon,10,1,0.02748633611151034
2540,inv_simpson,10,1,0.02748633611151034
2540,trait_volume,8,0.8,0.08641073297370003
2540,trait_dispersion,8,0.8,0.08641073297370003
2540,rao_q,8,0.8,0.08641073297370003
2540,feve,10,1,0.02748633611151034
2540,fdiv,0,0,1
2540,fric_prob,0,0,1
2540,fdiv_fund,8,0.8,0.08641073297370003
2540,feve_fund,-4,-0.4,0.4624327264504763
2540,fdis_prob,8,0.8,0.08641073297370003
2540,fmpd_prob,8,0.8,0.08641073297370003
2540,raoq_fund,8,0.8,0.08641073297370003
2540,cwm_pc1,-10,-1,0.02748633611151034
2540,cwm_pc2,2,0.2,0.8064959405073402
2540,pd_prob_mctavish,10,1,0.02748633611151034
2540,mpd_prob_mctavish,10,1,0.02748633611151034
2541,corrected_richness,10,1,0.02748633611151034
2541,shannon,10,1,0.02748633611151034
2541,inv_simpson,10,1,0.02748633611151034
2541,trait_volume,8,0.8,0.08641073297370003
2541,trait_dispersion,8,0.8,0.08641073297370003
2541,rao_q,10,1,0.02748633611151034
2541,feve,10,1,0.02748633611151034
2541,fdiv,0,0,1
2541,fric_prob,0,0,1
2541,fdiv_fund,8,0.8,0.08641073297370003
2541,feve_fund,-4,-0.4,0.4624327264504763
2541,fdis_prob,8,0.8,0.08641073297370003
2541,fmpd_prob,10,1,0.02748633611151034
2541,raoq_fund,8,0.8,0.08641073297370003
2541,cwm_pc1,-10,-1,0.02748633611151034
2541,cwm_pc2,2,0.2,0.8064959405073402
2541,pd_prob_mctavish,10,1,0.02748633611151034
2541,mpd_prob_mctavish,10,1,0.02748633611151034
2542,corrected_richness,10,1,0.02748633611151034
2542,shannon,10,1,0.02748633611151034
2542,inv_simpson,10,1,0.02748633611151034
2542,trait_volume,8,0.8,0.08641073297370003
2542,trait_dispersion,8,0.8,0.08641073297370003
2542,rao_q,10,1,0.02748633611151034
2542,feve,10,1,0.02748633611151034
2542,fdiv,0,0,1
2542,fric_prob,0,0,1
2542,fdiv_fund,8,0.8,0.08641073297370003
2542,feve_fund,-4,-0.4,0.4624327264504763
2542,fdis_prob,8,0.8,0.08641073297370003
2542,fmpd_prob,10,1,0.02748633611151034
2542,raoq_fund,8,0.8,0.08641073297370003
2542,cwm_pc1,-10,-1,0.02748633611151034
2542,cwm_pc2,2,0.2,0.8064959405073402
2542,pd_prob_mctavish,10,1,0.02748633611151034
2542,mpd_prob_mctavish,10,1,0.02748633611151034
2544,corrected_richness,10,1,0.02748633611151034
2544,shannon,10,1,0.02748633611151034
2544,inv_simpson,10,1,0.02748633611151034
2544,trait_volume,8,0.8,0.08641073297370003
2544,trait_dispersion,8,0.8,0.08641073297370003
2544,rao_q,10,1,0.02748633611151034
2544,feve,10,1,0.02748633611151034
2544,fdiv,-4,-0.4,0.2888443663464849
2544,fric_prob,0,0,1
2544,fdiv_fund,6,0.6,0.2206713619198468
2544,feve_fund,-6,-0.6,0.2206713619198468
2544,fdis_prob,8,0.8,0.08641073297370003
2544,fmpd_prob,10,1,0.02748633611151034
2544,raoq_fund,8,0.8,0.08641073297370003
2544,cwm_pc1,-10,-1,0.02748633611151034
2544,cwm_pc2,2,0.2,0.8064959405073402
2544,pd_prob_mctavish,10,1,0.02748633611151034
2544,mpd_prob_mctavish,10,1,0.02748633611151034
2545,corrected_richness,10,1,0.02748633611151034
2545,shannon,10,1,0.02748633611151034
2545,inv_simpson,10,1,0.02748633611151034
2545,trait_volume,8,0.8,0.08641073297370003
2545,trait_dispersion,8,0.8,0.08641073297370003
2545,rao_q,10,1,0.02748633611151034
2545,feve,10,1,0.02748633611151034
2545,fdiv,-7,-0.7,0.09609232945567332
2545,fric_prob,0,0,1
2545,fdiv_fund,6,0.6,0.2206713619198468
2545,feve_fund,-6,-0.6,0.2206713619198468
2545,fdis_prob,8,0.8,0.08641073297370003
2545,fmpd_prob,10,1,0.02748633611151034
2545,raoq_fund,8,0.8,0.08641073297370003
2545,cwm_pc1,-10,-1,0.02748633611151034
2545,cwm_pc2,2,0.2,0.8064959405073402
2545,pd_prob_mctavish,10,1,0.02748633611151034
2545,mpd_prob_mctavish,10,1,0.02748633611151034
2546,corrected_richness,10,1,0.02748633611151034
2546,shannon,10,1,0.02748633611151034
2546,inv_simpson,10,1,0.02748633611151034
2546,trait_volume,8,0.8,0.08641073297370003
2546,trait_dispersion,8,0.8,0.08641073297370003
2546,rao_q,10,1,0.02748633611151034
2546,feve,10,1,0.02748633611151034
2546,fdiv,-5,-0.5,0.3122163883433193
2546,fric_prob,0,0,1
2546,fdiv_fund,8,0.8,0.08641073297370003
2546,feve_fund,-6,-0.6,0.2206713619198468
2546,fdis_prob,8,0.8,0.08641073297370003
2546,fmpd_prob,10,1,0.02748633611151034
2546,raoq_fund,8,0.8,0.08641073297370003
2546,cwm_pc1,-10,-1,0.02748633611151034
2546,cwm_pc2,2,0.2,0.8064959405073402
2546,pd_prob_mctavish,10,1,0.02748633611151034
2546,mpd_prob_mctavish,10,1,0.02748633611151034
2547,corrected_richness,10,1,0.02748633611151034
2547,shannon,10,1,0.02748633611151034
2547,inv_simpson,10,1,0.02748633611151034
2547,trait_volume,10,1,0.02748633611151034
2547,trait_dispersion,8,0.8,0.08641073297370003
2547,rao_q,10,1,0.02748633611151034
2547,feve,10,1,0.02748633611151034
2547,fdiv,-6,-0.6,0.2206713619198468
2547,fric_prob,0,0,1
2547,fdiv_fund,8,0.8,0.08641073297370003
2547,feve_fund,-6,-0.6,0.2206713619198468
2547,fdis_prob,6,0.6,0.2206713619198468
2547,fmpd_prob,10,1,0.02748633611151034
2547,raoq_fund,8,0.8,0.08641073297370003
2547,cwm_pc1,-10,-1,0.02748633611151034
2547,cwm_pc2,2,0.2,0.8064959405073402
2547,pd_prob_mctavish,10,1,0.02748633611151034
2547,mpd_prob_mctavish,10,1,0.02748633611151034
2548,corrected_richness,10,1,0.02748633611151034
2548,shannon,10,1,0.02748633611151034
2548,inv_simpson,10,1,0.02748633611151034
2548,trait_volume,10,1,0.02748633611151034
2548,trait_dispersion,8,0.8,0.08641073297370003
2548,rao_q,10,1,0.02748633611151034
2548,feve,10,1,0.02748633611151034
2548,fdiv,-6,-0.6,0.2206713619198468
2548,fric_prob,2,0.2,0.7236736098317631
2548,fdiv_fund,8,0.8,0.08641073297370003
2548,feve_fund,-2,-0.2,0.8064959405073402
2548,fdis_prob,8,0.8,0.08641073297370003
2548,fmpd_prob,10,1,0.02748633611151034
2548,raoq_fund,8,0.8,0.08641073297370003
2548,cwm_pc1,-10,-1,0.02748633611151034
2548,cwm_pc2,2,0.2,0.8064959405073402
2548,pd_prob_mctavish,10,1,0.02748633611151034
2548,mpd_prob_mctavish,10,1,0.02748633611151034
2549,corrected_richness,10,1,0.02748633611151034
2549,shannon,10,1,0.02748633611151034
2549,inv_simpson,10,1,0.02748633611151034
2549,trait_volume,10,1,0.02748633611151034
2549,trait_dispersion,8,0.8,0.08641073297370003
2549,rao_q,10,1,0.02748633611151034
2549,feve,10,1,0.02748633611151034
2549,fdiv,-6,-0.6,0.2206713619198468
2549,fric_prob,-1,-0.1,1
2549,fdiv_fund,8,0.8,0.08641073297370003
2549,feve_fund,-2,-0.2,0.8064959405073402
2549,fdis_prob,8,0.8,0.08641073297370003
2549,fmpd_prob,10,1,0.02748633611151034
2549,raoq_fund,8,0.8,0.08641073297370003
2549,cwm_pc1,-10,-1,0.02748633611151034
2549,cwm_pc2,2,0.2,0.8064959405073402
2549,pd_prob_mctavish,10,1,0.02748633611151034
2549,mpd_prob_mctavish,10,1,0.02748633611151034
2550,corrected_richness,10,1,0.02748633611151034
2550,shannon,10,1,0.02748633611151034
2550,inv_simpson,10,1,0.02748633611151034
2550,trait_volume,10,1,0.02748633611151034
2550,trait_dispersion,8,0.8,0.08641073297370003
2550,rao_q,10,1,0.02748633611151034
2550,feve,10,1,0.02748633611151034
2550,fdiv,-6,-0.6,0.2206713619198468
2550,fric_prob,-3,-0.3,0.6133543559547467
2550,fdiv_fund,8,0.8,0.08641073297370003
2550,feve_fund,-2,-0.2,0.8064959405073402
2550,fdis_prob,8,0.8,0.08641073297370003
2550,fmpd_prob,10,1,0.02748633611151034
2550,raoq_fund,8,0.8,0.08641073297370003
2550,cwm_pc1,-10,-1,0.02748633611151034
2550,cwm_pc2,0,0,1
2550,pd_prob_mctavish,10,1,0.02748633611151034
2550,mpd_prob_mctavish,10,1,0.02748633611151034
2551,corrected_richness,10,1,0.02748633611151034
2551,shannon,10,1,0.02748633611151034
2551,inv_simpson,10,1,0.02748633611151034
2551,trait_volume,10,1,0.02748633611151034
2551,trait_dispersion,8,0.8,0.08641073297370003
2551,rao_q,10,1,0.02748633611151034
2551,feve,10,1,0.02748633611151034
2551,fdiv,-6,-0.6,0.2206713619198468
2551,fric_prob,-3,-0.3,0.6133543559547467
2551,fdiv_fund,8,0.8,0.08641073297370003
2551,feve_fund,-2,-0.2,0.8064959405073402
2551,fdis_prob,4,0.4,0.4624327264504763
2551,fmpd_prob,10,1,0.02748633611151034
2551,raoq_fund,6,0.6,0.2206713619198468
2551,cwm_pc1,-10,-1,0.02748633611151034
2551,cwm_pc2,0,0,1
2551,pd_prob_mctavish,10,1,0.02748633611151034
2551,mpd_prob_mctavish,10,1,0.02748633611151034
2552,corrected_richness,10,1,0.02748633611151034
2552,shannon,10,1,0.02748633611151034
2552,inv_simpson,10,1,0.02748633611151034
2552,trait_volume,8,0.8,0.08641073297370003
2552,trait_dispersion,8,0.8,0.08641073297370003
2552,rao_q,10,1,0.02748633611151034
2552,feve,10,1,0.02748633611151034
2552,fdiv,-6,-0.6,0.2206713619198468
2552,fric_prob,-2,-0.2,0.8064959405073402
2552,fdiv_fund,8,0.8,0.08641073297370003
2552,feve_fund,-2,-0.2,0.8064959405073402
2552,fdis_prob,6,0.6,0.2206713619198468
2552,fmpd_prob,10,1,0.02748633611151034
2552,raoq_fund,8,0.8,0.08641073297370003
2552,cwm_pc1,-10,-1,0.02748633611151034
2552,cwm_pc2,2,0.2,0.8064959405073402
2552,pd_prob_mctavish,10,1,0.02748633611151034
2552,mpd_prob_mctavish,10,1,0.02748633611151034
2553,corrected_richness,10,1,0.02748633611151034
2553,shannon,10,1,0.02748633611151034
2553,inv_simpson,10,1,0.02748633611151034
2553,trait_volume,8,0.8,0.08641073297370003
2553,trait_dispersion,4,0.4,0.4624327264504763
2553,rao_q,8,0.8,0.08641073297370003
2553,feve,10,1,0.02748633611151034
2553,fdiv,-6,-0.6,0.2206713619198468
2553,fric_prob,-2,-0.2,0.8064959405073402
2553,fdiv_fund,10,1,0.02748633611151034
2553,feve_fund,-4,-0.4,0.4624327264504763
2553,fdis_prob,4,0.4,0.4624327264504763
2553,fmpd_prob,8,0.8,0.08641073297370003
2553,raoq_fund,6,0.6,0.2206713619198468
2553,cwm_pc1,-10,-1,0.02748633611151034
2553,cwm_pc2,2,0.2,0.8064959405073402
2553,pd_prob_mctavish,10,1,0.02748633611151034
2553,mpd_prob_mctavish,10,1,0.02748633611151034
2554,corrected_richness,10,1,0.02748633611151034
2554,shannon,10,1,0.02748633611151034
2554,inv_simpson,10,1,0.02748633611151034
2554,trait_volume,6,0.6,0.2206713619198468
2554,trait_dispersion,4,0.4,0.4624327264504763
2554,rao_q,8,0.8,0.08641073297370003
2554,feve,10,1,0.02748633611151034
2554,fdiv,-6,-0.6,0.2206713619198468
2554,fric_prob,2,0.2,0.8064959405073402
2554,fdiv_fund,8,0.8,0.08641073297370003
2554,feve_fund,-6,-0.6,0.2206713619198468
2554,fdis_prob,6,0.6,0.2206713619198468
2554,fmpd_prob,8,0.8,0.08641073297370003
2554,raoq_fund,8,0.8,0.08641073297370003
2554,cwm_pc1,-10,-1,0.02748633611151034
2554,cwm_pc2,4,0.4,0.4624327264504763
2554,pd_prob_mctavish,10,1,0.02748633611151034
2554,mpd_prob_mctavish,10,1,0.02748633611151034
2555,corrected_richness,10,1,0.02748633611151034
2555,shannon,10,1,0.02748633611151034
2555,inv_simpson,10,1,0.02748633611151034
2555,trait_volume,2,0.2,0.8064959405073402
2555,trait_dispersion,4,0.4,0.4624327264504763
2555,rao_q,4,0.4,0.4624327264504763
2555,feve,10,1,0.02748633611151034
2555,fdiv,-4,-0.4,0.4624327264504763
2555,fric_prob,2,0.2,0.8064959405073402
2555,fdiv_fund,10,1,0.02748633611151034
2555,feve_fund,-6,-0.6,0.2206713619198468
2555,fdis_prob,6,0.6,0.2206713619198468
2555,fmpd_prob,2,0.2,0.8064959405073402
2555,raoq_fund,8,0.8,0.08641073297370003
2555,cwm_pc1,-10,-1,0.02748633611151034
2555,cwm_pc2,4,0.4,0.4624327264504763
2555,pd_prob_mctavish,10,1,0.02748633611151034
2555,mpd_prob_mctavish,10,1,0.02748633611151034
2556,corrected_richness,10,1,0.02748633611151034
2556,shannon,10,1,0.02748633611151034
2556,inv_simpson,10,1,0.02748633611151034
2556,trait_volume,0,0,1
2556,trait_dispersion,4,0.4,0.4624327264504763
2556,rao_q,0,0,1
2556,feve,10,1,0.02748633611151034
2556,fdiv,-4,-0.4,0.4624327264504763
2556,fric_prob,2,0.2,0.8064959405073402
2556,fdiv_fund,8,0.8,0.08641073297370003
2556,feve_fund,-8,-0.8,0.08641073297370003
2556,fdis_prob,8,0.8,0.08641073297370003
2556,fmpd_prob,0,0,1
2556,raoq_fund,8,0.8,0.08641073297370003
2556,cwm_pc1,-10,-1,0.02748633611151034
2556,cwm_pc2,6,0.6,0.2206713619198468
2556,pd_prob_mctavish,10,1,0.02748633611151034
2556,mpd_prob_mctavish,10,1,0.02748633611151034
2557,corrected_richness,10,1,0.02748633611151034
2557,shannon,10,1,0.02748633611151034
2557,inv_simpson,10,1,0.02748633611151034
2557,trait_volume,-2,-0.2,0.8064959405073402
2557,trait_dispersion,2,0.2,0.8064959405073402
2557,rao_q,-2,-0.2,0.8064959405073402
2557,feve,10,1,0.02748633611151034
2557,fdiv,-4,-0.4,0.4624327264504763
2557,fric_prob,2,0.2,0.8064959405073402
2557,fdiv_fund,6,0.6,0.2206713619198468
2557,feve_fund,-10,-1,0.02748633611151034
2557,fdis_prob,6,0.6,0.2206713619198468
2557,fmpd_prob,-2,-0.2,0.8064959405073402
2557,raoq_fund,4,0.4,0.4624327264504763
2557,cwm_pc1,-10,-1,0.02748633611151034
2557,cwm_pc2,6,0.6,0.2206713619198468
2557,pd_prob_mctavish,10,1,0.02748633611151034
2557,mpd_prob_mctavish,10,1,0.02748633611151034
2558,corrected_richness,10,1,0.02748633611151034
2558,shannon,10,1,0.02748633611151034
2558,inv_simpson,10,1,0.02748633611151034
2558,trait_volume,-4,-0.4,0.4624327264504763
2558,trait_dispersion,0,0,1
2558,rao_q,-2,-0.2,0.8064959405073402
2558,feve,10,1,0.02748633611151034
2558,fdiv,-2,-0.2,0.8064959405073402
2558,fric_prob,0,0,1
2558,fdiv_fund,8,0.8,0.08641073297370003
2558,feve_fund,-10,-1,0.02748633611151034
2558,fdis_prob,2,0.2,0.8064959405073402
2558,fmpd_prob,-2,-0.2,0.8064959405073402
2558,raoq_fund,2,0.2,0.8064959405073402
2558,cwm_pc1,-10,-1,0.02748633611151034
2558,cwm_pc2,6,0.6,0.2206713619198468
2558,pd_prob_mctavish,10,1,0.02748633611151034
2558,mpd_prob_mctavish,10,1,0.02748633611151034
2559,corrected_richness,10,1,0.02748633611151034
2559,shannon,10,1,0.02748633611151034
2559,inv_simpson,10,1,0.02748633611151034
2559,trait_volume,-6,-0.6,0.2206713619198468
2559,trait_dispersion,-4,-0.4,0.4624327264504763
2559,rao_q,-4,-0.4,0.4624327264504763
2559,feve,10,1,0.02748633611151034
2559,fdiv,-2,-0.2,0.8064959405073402
2559,fric_prob,0,0,1
2559,fdiv_fund,8,0.8,0.08641073297370003
2559,feve_fund,-10,-1,0.02748633611151034
2559,fdis_prob,-2,-0.2,0.8064959405073402
2559,fmpd_prob,-4,-0.4,0.4624327264504763
2559,raoq_fund,0,0,1
2559,cwm_pc1,-10,-1,0.02748633611151034
2559,cwm_pc2,6,0.6,0.2206713619198468
2559,pd_prob_mctavish,10,1,0.02748633611151034
2559,mpd_prob_mctavish,10,1,0.02748633611151034
2560,corrected_richness,10,1,0.02748633611151034
2560,shannon,10,1,0.02748633611151034
2560,inv_simpson,10,1,0.02748633611151034
2560,trait_volume,-8,-0.8,0.08641073297370003
2560,trait_dispersion,-4,-0.4,0.4624327264504763
2560,rao_q,-6,-0.6,0.2206713619198468
2560,feve,10,1,0.02748633611151034
2560,fdiv,-2,-0.2,0.8064959405073402
2560,fric_prob,2,0.2,0.8064959405073402
2560,fdiv_fund,0,0,1
2560,feve_fund,-10,-1,0.02748633611151034
2560,fdis_prob,-2,-0.2,0.8064959405073402
2560,fmpd_prob,-6,-0.6,0.2206713619198468
2560,raoq_fund,-2,-0.2,0.8064959405073402
2560,cwm_pc1,-10,-1,0.02748633611151034
2560,cwm_pc2,6,0.6,0.2206713619198468
2560,pd_prob_mctavish,10,1,0.02748633611151034
2560,mpd_prob_mctavish,10,1,0.02748633611151034
2561,corrected_richness,10,1,0.02748633611151034
2561,shannon,10,1,0.02748633611151034
2561,inv_simpson,10,1,0.02748633611151034
2561,trait_volume,-8,-0.8,0.08641073297370003
2561,trait_dispersion,-4,-0.4,0.4624327264504763
2561,rao_q,-8,-0.8,0.08641073297370003
2561,feve,10,1,0.02748633611151034
2561,fdiv,-2,-0.2,0.8064959405073402
2561,fric_prob,2,0.2,0.8064959405073402
2561,fdiv_fund,-4,-0.4,0.4624327264504763
2561,feve_fund,-10,-1,0.02748633611151034
2561,fdis_prob,-8,-0.8,0.08641073297370003
2561,fmpd_prob,-8,-0.8,0.08641073297370003
2561,raoq_fund,-8,-0.8,0.08641073297370003
2561,cwm_pc1,-10,-1,0.02748633611151034
2561,cwm_pc2,6,0.6,0.2206713619198468
2561,pd_prob_mctavish,10,1,0.02748633611151034
2561,mpd_prob_mctavish,10,1,0.02748633611151034
2562,corrected_richness,10,1,0.02748633611151034
2562,shannon,10,1,0.02748633611151034
2562,inv_simpson,10,1,0.02748633611151034
2562,trait_volume,-8,-0.8,0.08641073297370003
2562,trait_dispersion,-4,-0.4,0.4624327264504763
2562,rao_q,-8,-0.8,0.08641073297370003
2562,feve,10,1,0.02748633611151034
2562,fdiv,-2,-0.2,0.8064959405073402
2562,fric_prob,0,0,1
2562,fdiv_fund,-8,-0.8,0.08641073297370003
2562,feve_fund,-10,-1,0.02748633611151034
2562,fdis_prob,-6,-0.6,0.2206713619198468
2562,fmpd_prob,-8,-0.8,0.08641073297370003
2562,raoq_fund,-8,-0.8,0.08641073297370003
2562,cwm_pc1,-10,-1,0.02748633611151034
2562,cwm_pc2,6,0.6,0.2206713619198468
2562,pd_prob_mctavish,10,1,0.02748633611151034
2562,mpd_prob_mctavish,10,1,0.02748633611151034
2563,corrected_richness,10,1,0.02748633611151034
2563,shannon,10,1,0.02748633611151034
2563,inv_simpson,10,1,0.02748633611151034
2563,trait_volume,-8,-0.8,0.08641073297370003
2563,trait_dispersion,-4,-0.4,0.4624327264504763
2563,rao_q,-8,-0.8,0.08641073297370003
2563,feve,10,1,0.02748633611151034
2563,fdiv,0,0,1
2563,fric_prob,-2,-0.2,0.8064959405073402
2563,fdiv_fund,-8,-0.8,0.08641073297370003
2563,feve_fund,-10,-1,0.02748633611151034
2563,fdis_prob,-8,-0.8,0.08641073297370003
2563,fmpd_prob,-8,-0.8,0.08641073297370003
2563,raoq_fund,-8,-0.8,0.08641073297370003
2563,cwm_pc1,-10,-1,0.02748633611151034
2563,cwm_pc2,6,0.6,0.2206713619198468
2563,pd_prob_mctavish,10,1,0.02748633611151034
2563,mpd_prob_mctavish,10,1,0.02748633611151034
2564,corrected_richness,10,1,0.02748633611151034
2564,shannon,10,1,0.02748633611151034
2564,inv_simpson,10,1,0.02748633611151034
2564,trait_volume,-8,-0.8,0.08641073297370003
2564,trait_dispersion,-4,-0.4,0.4624327264504763
2564,rao_q,-8,-0.8,0.08641073297370003
2564,feve,10,1,0.02748633611151034
2564,fdiv,0,0,1
2564,fric_prob,-2,-0.2,0.8064959405073402
2564,fdiv_fund,-10,-1,0.02748633611151034
2564,feve_fund,-10,-1,0.02748633611151034
2564,fdis_prob,-8,-0.8,0.08641073297370003
2564,fmpd_prob,-8,-0.8,0.08641073297370003
2564,raoq_fund,-10,-1,0.02748633611151034
2564,cwm_pc1,-10,-1,0.02748633611151034
2564,cwm_pc2,6,0.6,0.2206713619198468
2564,pd_prob_mctavish,10,1,0.02748633611151034
2564,mpd_prob_mctavish,10,1,0.02748633611151034
2565,corrected_richness,10,1,0.02748633611151034
2565,shannon,10,1,0.02748633611151034
2565,inv_simpson,10,1,0.02748633611151034
2565,trait_volume,-8,-0.8,0.08641073297370003
2565,trait_dispersion,-6,-0.6,0.2206713619198468
2565,rao_q,-8,-0.8,0.08641073297370003
2565,feve,10,1,0.02748633611151034
2565,fdiv,0,0,1
2565,fric_prob,-2,-0.2,0.8064959405073402
2565,fdiv_fund,-10,-1,0.02748633611151034
2565,feve_fund,-10,-1,0.02748633611151034
2565,fdis_prob,-8,-0.8,0.08641073297370003
2565,fmpd_prob,-8,-0.8,0.08641073297370003
2565,raoq_fund,-10,-1,0.02748633611151034
2565,cwm_pc1,-10,-1,0.02748633611151034
2565,cwm_pc2,6,0.6,0.2206713619198468
2565,pd_prob_mctavish,10,1,0.02748633611151034
2565,mpd_prob_mctavish,10,1,0.02748633611151034
2566,corrected_richness,10,1,0.02748633611151034
2566,shannon,10,1,0.02748633611151034
2566,inv_simpson,10,1,0.02748633611151034
2566,trait_volume,-8,-0.8,0.08641073297370003
2566,trait_dispersion,-6,-0.6,0.2206713619198468
2566,rao_q,-8,-0.8,0.08641073297370003
2566,feve,10,1,0.02748633611151034
2566,fdiv,0,0,1
2566,fric_prob,-2,-0.2,0.8064959405073402
2566,fdiv_fund,-10,-1,0.02748633611151034
2566,feve_fund,-10,-1,0.02748633611151034
2566,fdis_prob,-8,-0.8,0.08641073297370003
2566,fmpd_prob,-8,-0.8,0.08641073297370003
2566,raoq_fund,-10,-1,0.02748633611151034
2566,cwm_pc1,-10,-1,0.02748633611151034
2566,cwm_pc2,6,0.6,0.2206713619198468
2566,pd_prob_mctavish,10,1,0.02748633611151034
2566,mpd_prob_mctavish,10,1,0.02748633611151034
2567,corrected_richness,10,1,0.02748633611151034
2567,shannon,10,1,0.02748633611151034
2567,inv_simpson,10,1,0.02748633611151034
2567,trait_volume,-10,-1,0.02748633611151034
2567,trait_dispersion,-6,-0.6,0.2206713619198468
2567,rao_q,-10,-1,0.02748633611151034
2567,feve,10,1,0.02748633611151034
2567,fdiv,0,0,1
2567,fric_prob,4,0.4,0.4624327264504763
2567,fdiv_fund,-6,-0.6,0.2206713619198468
2567,feve_fund,-10,-1,0.02748633611151034
2567,fdis_prob,-8,-0.8,0.08641073297370003
2567,fmpd_prob,-10,-1,0.02748633611151034
2567,raoq_fund,-10,-1,0.02748633611151034
2567,cwm_pc1,-10,-1,0.02748633611151034
2567,cwm_pc2,6,0.6,0.2206713619198468
2567,pd_prob_mctavish,10,1,0.02748633611151034
2567,mpd_prob_mctavish,10,1,0.02748633611151034
2568,corrected_richness,10,1,0.02748633611151034
2568,shannon,10,1,0.02748633611151034
2568,inv_simpson,10,1,0.02748633611151034
2568,trait_volume,-10,-1,0.02748633611151034
2568,trait_dispersion,-6,-0.6,0.2206713619198468
2568,rao_q,-10,-1,0.02748633611151034
2568,feve,10,1,0.02748633611151034
2568,fdiv,0,0,1
2568,fric_prob,6,0.6,0.2206713619198468
2568,fdiv_fund,-4,-0.4,0.4624327264504763
2568,feve_fund,-10,-1,0.02748633611151034
2568,fdis_prob,-8,-0.8,0.08641073297370003
2568,fmpd_prob,-10,-1,0.02748633611151034
2568,raoq_fund,-10,-1,0.02748633611151034
2568,cwm_pc1,-10,-1,0.02748633611151034
2568,cwm_pc2,6,0.6,0.2206713619198468
2568,pd_prob_mctavish,10,1,0.02748633611151034
2568,mpd_prob_mctavish,10,1,0.02748633611151034
2569,corrected_richness,10,1,0.02748633611151034
2569,shannon,10,1,0.02748633611151034
2569,inv_simpson,10,1,0.02748633611151034
2569,trait_volume,-10,-1,0.02748633611151034
2569,trait_dispersion,-6,-0.6,0.2206713619198468
2569,rao_q,-10,-1,0.02748633611151034
2569,feve,10,1,0.02748633611151034
2569,fdiv,0,0,1
2569,fric_prob,8,0.8,0.08641073297370003
2569,fdiv_fund,0,0,1
2569,feve_fund,-10,-1,0.02748633611151034
2569,fdis_prob,-8,-0.8,0.08641073297370003
2569,fmpd_prob,-10,-1,0.02748633611151034
2569,raoq_fund,-10,-1,0.02748633611151034
2569,cwm_pc1,-10,-1,0.02748633611151034
2569,cwm_pc2,6,0.6,0.2206713619198468
2569,pd_prob_mctavish,10,1,0.02748633611151034
2569,mpd_prob_mctavish,10,1,0.02748633611151034
2570,corrected_richness,10,1,0.02748633611151034
2570,shannon,10,1,0.02748633611151034
2570,inv_simpson,10,1,0.02748633611151034
2570,trait_volume,-10,-1,0.02748633611151034
2570,trait_dispersion,-6,-0.6,0.2206713619198468
2570,rao_q,-10,-1,0.02748633611151034
2570,feve,10,1,0.02748633611151034
2570,fdiv,0,0,1
2570,fric_prob,8,0.8,0.08641073297370003
2570,fdiv_fund,0,0,1
2570,feve_fund,-10,-1,0.02748633611151034
2570,fdis_prob,-8,-0.8,0.08641073297370003
2570,fmpd_prob,-10,-1,0.02748633611151034
2570,raoq_fund,-8,-0.8,0.08641073297370003
2570,cwm_pc1,-10,-1,0.02748633611151034
2570,cwm_pc2,6,0.6,0.2206713619198468
2570,pd_prob_mctavish,10,1,0.02748633611151034
2570,mpd_prob_mctavish,10,1,0.02748633611151034
2571,corrected_richness,10,1,0.02748633611151034
2571,shannon,10,1,0.02748633611151034
2571,inv_simpson,10,1,0.02748633611151034
2571,trait_volume,-10,-1,0.02748633611151034
2571,trait_dispersion,-8,-0.8,0.08641073297370003
2571,rao_q,-10,-1,0.02748633611151034
2571,feve,10,1,0.02748633611151034
2571,fdiv,0,0,1
2571,fric_prob,8,0.8,0.08641073297370003
2571,fdiv_fund,2,0.2,0.8064959405073402
2571,feve_fund,-10,-1,0.02748633611151034
2571,fdis_prob,-6,-0.6,0.2206713619198468
2571,fmpd_prob,-10,-1,0.02748633611151034
2571,raoq_fund,-6,-0.6,0.2206713619198468
2571,cwm_pc1,-10,-1,0.02748633611151034
2571,cwm_pc2,6,0.6,0.2206713619198468
2571,pd_prob_mctavish,10,1,0.02748633611151034
2571,mpd_prob_mctavish,10,1,0.02748633611151034
2572,corrected_richness,10,1,0.02748633611151034
2572,shannon,10,1,0.02748633611151034
2572,inv_simpson,10,1,0.02748633611151034
2572,trait_volume,-10,-1,0.02748633611151034
2572,trait_dispersion,-8,-0.8,0.08641073297370003
2572,rao_q,-10,-1,0.02748633611151034
2572,feve,10,1,0.02748633611151034
2572,fdiv,0,0,1
2572,fric_prob,8,0.8,0.08641073297370003
2572,fdiv_fund,4,0.4,0.4624327264504763
2572,feve_fund,-10,-1,0.02748633611151034
2572,fdis_prob,-6,-0.6,0.2206713619198468
2572,fmpd_prob,-10,-1,0.02748633611151034
2572,raoq_fund,-8,-0.8,0.08641073297370003
2572,cwm_pc1,-10,-1,0.02748633611151034
2572,cwm_pc2,8,0.8,0.08641073297370003
2572,pd_prob_mctavish,10,1,0.02748633611151034
2572,mpd_prob_mctavish,10,1,0.02748633611151034
2573,corrected_richness,10,1,0.02748633611151034
2573,shannon,10,1,0.02748633611151034
2573,inv_simpson,10,1,0.02748633611151034
2573,trait_volume,-10,-1,0.02748633611151034
2573,trait_dispersion,-8,-0.8,0.08641073297370003
2573,rao_q,-10,-1,0.02748633611151034
2573,feve,10,1,0.02748633611151034
2573,fdiv,0,0,1
2573,fric_prob,8,0.8,0.08641073297370003
2573,fdiv_fund,4,0.4,0.4624327264504763
2573,feve_fund,-10,-1,0.02748633611151034
2573,fdis_prob,-6,-0.6,0.2206713619198468
2573,fmpd_prob,-10,-1,0.02748633611151034
2573,raoq_fund,-8,-0.8,0.08641073297370003
2573,cwm_pc1,-10,-1,0.02748633611151034
2573,cwm_pc2,8,0.8,0.08641073297370003
2573,pd_prob_mctavish,10,1,0.02748633611151034
2573,mpd_prob_mctavish,10,1,0.02748633611151034
2574,corrected_richness,10,1,0.02748633611151034
2574,shannon,10,1,0.02748633611151034
2574,inv_simpson,10,1,0.02748633611151034
2574,trait_volume,-10,-1,0.02748633611151034
2574,trait_dispersion,-10,-1,0.02748633611151034
2574,rao_q,-10,-1,0.02748633611151034
2574,feve,10,1,0.02748633611151034
2574,fdiv,2,0.2,0.8064959405073402
2574,fric_prob,0,0,1
2574,fdiv_fund,4,0.4,0.4624327264504763
2574,feve_fund,-10,-1,0.02748633611151034
2574,fdis_prob,-6,-0.6,0.2206713619198468
2574,fmpd_prob,-10,-1,0.02748633611151034
2574,raoq_fund,-8,-0.8,0.08641073297370003
2574,cwm_pc1,-10,-1,0.02748633611151034
2574,cwm_pc2,8,0.8,0.08641073297370003
2574,pd_prob_mctavish,10,1,0.02748633611151034
2574,mpd_prob_mctavish,10,1,0.02748633611151034
2575,corrected_richness,10,1,0.02748633611151034
2575,shannon,10,1,0.02748633611151034
2575,inv_simpson,10,1,0.02748633611151034
2575,trait_volume,-10,-1,0.02748633611151034
2575,trait_dispersion,-10,-1,0.02748633611151034
2575,rao_q,-10,-1,0.02748633611151034
2575,feve,10,1,0.02748633611151034
2575,fdiv,2,0.2,0.8064959405073402
2575,fric_prob,-4,-0.4,0.4624327264504763
2575,fdiv_fund,4,0.4,0.4624327264504763
2575,feve_fund,-10,-1,0.02748633611151034
2575,fdis_prob,-6,-0.6,0.2206713619198468
2575,fmpd_prob,-10,-1,0.02748633611151034
2575,raoq_fund,-8,-0.8,0.08641073297370003
2575,cwm_pc1,-10,-1,0.02748633611151034
2575,cwm_pc2,8,0.8,0.08641073297370003
2575,pd_prob_mctavish,10,1,0.02748633611151034
2575,mpd_prob_mctavish,10,1,0.02748633611151034
2576,corrected_richness,10,1,0.02748633611151034
2576,shannon,10,1,0.02748633611151034
2576,inv_simpson,10,1,0.02748633611151034
2576,trait_volume,-10,-1,0.02748633611151034
2576,trait_dispersion,-10,-1,0.02748633611151034
2576,rao_q,-10,-1,0.02748633611151034
2576,feve,10,1,0.02748633611151034
2576,fdiv,6,0.6,0.2206713619198468
2576,fric_prob,-4,-0.4,0.4624327264504763
2576,fdiv_fund,2,0.2,0.8064959405073402
2576,feve_fund,-10,-1,0.02748633611151034
2576,fdis_prob,-8,-0.8,0.08641073297370003
2576,fmpd_prob,-10,-1,0.02748633611151034
2576,raoq_fund,-10,-1,0.02748633611151034
2576,cwm_pc1,-10,-1,0.02748633611151034
2576,cwm_pc2,8,0.8,0.08641073297370003
2576,pd_prob_mctavish,10,1,0.02748633611151034
2576,mpd_prob_mctavish,10,1,0.02748633611151034
2605,corrected_richness,10,1,0.02748633611151034
2605,shannon,10,1,0.02748633611151034
2605,inv_simpson,10,1,0.02748633611151034
2605,trait_volume,8,0.8,0.08641073297370003
2605,trait_dispersion,6,0.6,0.2206713619198468
2605,rao_q,8,0.8,0.08641073297370003
2605,feve,10,1,0.02748633611151034
2605,fdiv,0,0,1
2605,fric_prob,0,0,1
2605,fdiv_fund,8,0.8,0.08641073297370003
2605,feve_fund,4,0.4,0.4624327264504763
2605,fdis_prob,8,0.8,0.08641073297370003
2605,fmpd_prob,8,0.8,0.08641073297370003
2605,raoq_fund,10,1,0.02748633611151034
2605,cwm_pc1,-8,-0.8,0.08641073297370003
2605,cwm_pc2,2,0.2,0.8064959405073402
2605,pd_prob_mctavish,10,1,0.02748633611151034
2605,mpd_prob_mctavish,10,1,0.02748633611151034
2606,corrected_richness,10,1,0.02748633611151034
2606,shannon,10,1,0.02748633611151034
2606,inv_simpson,10,1,0.02748633611151034
2606,trait_volume,8,0.8,0.08641073297370003
2606,trait_dispersion,6,0.6,0.2206713619198468
2606,rao_q,8,0.8,0.08641073297370003
2606,feve,10,1,0.02748633611151034
2606,fdiv,0,0,1
2606,fric_prob,0,0,1
2606,fdiv_fund,8,0.8,0.08641073297370003
2606,feve_fund,4,0.4,0.4624327264504763
2606,fdis_prob,8,0.8,0.08641073297370003
2606,fmpd_prob,8,0.8,0.08641073297370003
2606,raoq_fund,10,1,0.02748633611151034
2606,cwm_pc1,-8,-0.8,0.08641073297370003
2606,cwm_pc2,2,0.2,0.8064959405073402
2606,pd_prob_mctavish,10,1,0.02748633611151034
2606,mpd_prob_mctavish,10,1,0.02748633611151034
2607,corrected_richness,10,1,0.02748633611151034
2607,shannon,10,1,0.02748633611151034
2607,inv_simpson,10,1,0.02748633611151034
2607,trait_volume,8,0.8,0.08641073297370003
2607,trait_dispersion,6,0.6,0.2206713619198468
2607,rao_q,8,0.8,0.08641073297370003
2607,feve,10,1,0.02748633611151034
2607,fdiv,0,0,1
2607,fric_prob,0,0,1
2607,fdiv_fund,8,0.8,0.08641073297370003
2607,feve_fund,2,0.2,0.8064959405073402
2607,fdis_prob,8,0.8,0.08641073297370003
2607,fmpd_prob,8,0.8,0.08641073297370003
2607,raoq_fund,10,1,0.02748633611151034
2607,cwm_pc1,-8,-0.8,0.08641073297370003
2607,cwm_pc2,2,0.2,0.8064959405073402
2607,pd_prob_mctavish,10,1,0.02748633611151034
2607,mpd_prob_mctavish,10,1,0.02748633611151034
2608,corrected_richness,10,1,0.02748633611151034
2608,shannon,10,1,0.02748633611151034
2608,inv_simpson,10,1,0.02748633611151034
2608,trait_volume,8,0.8,0.08641073297370003
2608,trait_dispersion,6,0.6,0.2206713619198468
2608,rao_q,10,1,0.02748633611151034
2608,feve,10,1,0.02748633611151034
2608,fdiv,0,0,1
2608,fric_prob,0,0,1
2608,fdiv_fund,8,0.8,0.08641073297370003
2608,feve_fund,0,0,1
2608,fdis_prob,8,0.8,0.08641073297370003
2608,fmpd_prob,8,0.8,0.08641073297370003
2608,raoq_fund,10,1,0.02748633611151034
2608,cwm_pc1,-8,-0.8,0.08641073297370003
2608,cwm_pc2,2,0.2,0.8064959405073402
2608,pd_prob_mctavish,10,1,0.02748633611151034
2608,mpd_prob_mctavish,10,1,0.02748633611151034
2609,corrected_richness,10,1,0.02748633611151034
2609,shannon,10,1,0.02748633611151034
2609,inv_simpson,10,1,0.02748633611151034
2609,trait_volume,8,0.8,0.08641073297370003
2609,trait_dispersion,6,0.6,0.2206713619198468
2609,rao_q,10,1,0.02748633611151034
2609,feve,10,1,0.02748633611151034
2609,fdiv,0,0,1
2609,fric_prob,0,0,1
2609,fdiv_fund,8,0.8,0.08641073297370003
2609,feve_fund,0,0,1
2609,fdis_prob,6,0.6,0.2206713619198468
2609,fmpd_prob,10,1,0.02748633611151034
2609,raoq_fund,10,1,0.02748633611151034
2609,cwm_pc1,-10,-1,0.02748633611151034
2609,cwm_pc2,2,0.2,0.8064959405073402
2609,pd_prob_mctavish,10,1,0.02748633611151034
2609,mpd_prob_mctavish,10,1,0.02748633611151034
2610,corrected_richness,10,1,0.02748633611151034
2610,shannon,10,1,0.02748633611151034
2610,inv_simpson,10,1,0.02748633611151034
2610,trait_volume,8,0.8,0.08641073297370003
2610,trait_dispersion,8,0.8,0.08641073297370003
2610,rao_q,10,1,0.02748633611151034
2610,feve,10,1,0.02748633611151034
2610,fdiv,0,0,1
2610,fric_prob,0,0,1
2610,fdiv_fund,8,0.8,0.08641073297370003
2610,feve_fund,-2,-0.2,0.8064959405073402
2610,fdis_prob,8,0.8,0.08641073297370003
2610,fmpd_prob,10,1,0.02748633611151034
2610,raoq_fund,8,0.8,0.08641073297370003
2610,cwm_pc1,-10,-1,0.02748633611151034
2610,cwm_pc2,2,0.2,0.8064959405073402
2610,pd_prob_mctavish,10,1,0.02748633611151034
2610,mpd_prob_mctavish,10,1,0.02748633611151034
2611,corrected_richness,10,1,0.02748633611151034
2611,shannon,10,1,0.02748633611151034
2611,inv_simpson,10,1,0.02748633611151034
2611,trait_volume,8,0.8,0.08641073297370003
2611,trait_dispersion,8,0.8,0.08641073297370003
2611,rao_q,10,1,0.02748633611151034
2611,feve,10,1,0.02748633611151034
2611,fdiv,0,0,1
2611,fric_prob,0,0,1
2611,fdiv_fund,8,0.8,0.08641073297370003
2611,feve_fund,-4,-0.4,0.4624327264504763
2611,fdis_prob,8,0.8,0.08641073297370003
2611,fmpd_prob,10,1,0.02748633611151034
2611,raoq_fund,8,0.8,0.08641073297370003
2611,cwm_pc1,-10,-1,0.02748633611151034
2611,cwm_pc2,2,0.2,0.8064959405073402
2611,pd_prob_mctavish,10,1,0.02748633611151034
2611,mpd_prob_mctavish,10,1,0.02748633611151034
2612,corrected_richness,10,1,0.02748633611151034
2612,shannon,10,1,0.02748633611151034
2612,inv_simpson,10,1,0.02748633611151034
2612,trait_volume,8,0.8,0.08641073297370003
2612,trait_dispersion,8,0.8,0.08641073297370003
2612,rao_q,10,1,0.02748633611151034
2612,feve,10,1,0.02748633611151034
2612,fdiv,0,0,1
2612,fric_prob,0,0,1
2612,fdiv_fund,8,0.8,0.08641073297370003
2612,feve_fund,-6,-0.6,0.2206713619198468
2612,fdis_prob,6,0.6,0.2206713619198468
2612,fmpd_prob,10,1,0.02748633611151034
2612,raoq_fund,8,0.8,0.08641073297370003
2612,cwm_pc1,-10,-1,0.02748633611151034
2612,cwm_pc2,2,0.2,0.8064959405073402
2612,pd_prob_mctavish,10,1,0.02748633611151034
2612,mpd_prob_mctavish,10,1,0.02748633611151034
2613,corrected_richness,10,1,0.02748633611151034
2613,shannon,10,1,0.02748633611151034
2613,inv_simpson,10,1,0.02748633611151034
2613,trait_volume,8,0.8,0.08641073297370003
2613,trait_dispersion,8,0.8,0.08641073297370003
2613,rao_q,10,1,0.02748633611151034
2613,feve,10,1,0.02748633611151034
2613,fdiv,0,0,1
2613,fric_prob,0,0,1
2613,fdiv_fund,6,0.6,0.2206713619198468
2613,feve_fund,-4,-0.4,0.4624327264504763
2613,fdis_prob,6,0.6,0.2206713619198468
2613,fmpd_prob,10,1,0.02748633611151034
2613,raoq_fund,8,0.8,0.08641073297370003
2613,cwm_pc1,-10,-1,0.02748633611151034
2613,cwm_pc2,2,0.2,0.8064959405073402
2613,pd_prob_mctavish,10,1,0.02748633611151034
2613,mpd_prob_mctavish,10,1,0.02748633611151034
2614,corrected_richness,10,1,0.02748633611151034
2614,shannon,10,1,0.02748633611151034
2614,inv_simpson,10,1,0.02748633611151034
2614,trait_volume,8,0.8,0.08641073297370003
2614,trait_dispersion,8,0.8,0.08641073297370003
2614,rao_q,10,1,0.02748633611151034
2614,feve,10,1,0.02748633611151034
2614,fdiv,0,0,1
2614,fric_prob,0,0,1
2614,fdiv_fund,6,0.6,0.2206713619198468
2614,feve_fund,-4,-0.4,0.4624327264504763
2614,fdis_prob,8,0.8,0.08641073297370003
2614,fmpd_prob,10,1,0.02748633611151034
2614,raoq_fund,8,0.8,0.08641073297370003
2614,cwm_pc1,-10,-1,0.02748633611151034
2614,cwm_pc2,2,0.2,0.8064959405073402
2614,pd_prob_mctavish,10,1,0.02748633611151034
2614,mpd_prob_mctavish,10,1,0.02748633611151034
2615,corrected_richness,10,1,0.02748633611151034
2615,shannon,10,1,0.02748633611151034
2615,inv_simpson,10,1,0.02748633611151034
2615,trait_volume,8,0.8,0.08641073297370003
2615,trait_dispersion,8,0.8,0.08641073297370003
2615,rao_q,10,1,0.02748633611151034
2615,feve,10,1,0.02748633611151034
2615,fdiv,0,0,1
2615,fric_prob,0,0,1
2615,fdiv_fund,6,0.6,0.2206713619198468
2615,feve_fund,-4,-0.4,0.4624327264504763
2615,fdis_prob,8,0.8,0.08641073297370003
2615,fmpd_prob,10,1,0.02748633611151034
2615,raoq_fund,8,0.8,0.08641073297370003
2615,cwm_pc1,-10,-1,0.02748633611151034
2615,cwm_pc2,2,0.2,0.8064959405073402
2615,pd_prob_mctavish,10,1,0.02748633611151034
2615,mpd_prob_mctavish,10,1,0.02748633611151034
2616,corrected_richness,10,1,0.02748633611151034
2616,shannon,10,1,0.02748633611151034
2616,inv_simpson,10,1,0.02748633611151034
2616,trait_volume,8,0.8,0.08641073297370003
2616,trait_dispersion,8,0.8,0.08641073297370003
2616,rao_q,10,1,0.02748633611151034
2616,feve,10,1,0.02748633611151034
2616,fdiv,0,0,1
2616,fric_prob,0,0,1
2616,fdiv_fund,6,0.6,0.2206713619198468
2616,feve_fund,-4,-0.4,0.4624327264504763
2616,fdis_prob,8,0.8,0.08641073297370003
2616,fmpd_prob,10,1,0.02748633611151034
2616,raoq_fund,8,0.8,0.08641073297370003
2616,cwm_pc1,-10,-1,0.02748633611151034
2616,cwm_pc2,2,0.2,0.8064959405073402
2616,pd_prob_mctavish,10,1,0.02748633611151034
2616,mpd_prob_mctavish,10,1,0.02748633611151034
2617,corrected_richness,10,1,0.02748633611151034
2617,shannon,10,1,0.02748633611151034
2617,inv_simpson,10,1,0.02748633611151034
2617,trait_volume,10,1,0.02748633611151034
2617,trait_dispersion,8,0.8,0.08641073297370003
2617,rao_q,10,1,0.02748633611151034
2617,feve,10,1,0.02748633611151034
2617,fdiv,-4,-0.4,0.2888443663464849
2617,fric_prob,0,0,1
2617,fdiv_fund,10,1,0.02748633611151034
2617,feve_fund,-4,-0.4,0.4624327264504763
2617,fdis_prob,8,0.8,0.08641073297370003
2617,fmpd_prob,10,1,0.02748633611151034
2617,raoq_fund,8,0.8,0.08641073297370003
2617,cwm_pc1,-10,-1,0.02748633611151034
2617,cwm_pc2,2,0.2,0.8064959405073402
2617,pd_prob_mctavish,10,1,0.02748633611151034
2617,mpd_prob_mctavish,10,1,0.02748633611151034
2618,corrected_richness,10,1,0.02748633611151034
2618,shannon,10,1,0.02748633611151034
2618,inv_simpson,10,1,0.02748633611151034
2618,trait_volume,10,1,0.02748633611151034
2618,trait_dispersion,8,0.8,0.08641073297370003
2618,rao_q,10,1,0.02748633611151034
2618,feve,10,1,0.02748633611151034
2618,fdiv,-5,-0.5,0.3122163883433193
2618,fric_prob,0,0,1
2618,fdiv_fund,8,0.8,0.08641073297370003
2618,feve_fund,-2,-0.2,0.8064959405073402
2618,fdis_prob,8,0.8,0.08641073297370003
2618,fmpd_prob,10,1,0.02748633611151034
2618,raoq_fund,8,0.8,0.08641073297370003
2618,cwm_pc1,-10,-1,0.02748633611151034
2618,cwm_pc2,2,0.2,0.8064959405073402
2618,pd_prob_mctavish,10,1,0.02748633611151034
2618,mpd_prob_mctavish,10,1,0.02748633611151034
2619,corrected_richness,10,1,0.02748633611151034
2619,shannon,10,1,0.02748633611151034
2619,inv_simpson,10,1,0.02748633611151034
2619,trait_volume,10,1,0.02748633611151034
2619,trait_dispersion,8,0.8,0.08641073297370003
2619,rao_q,10,1,0.02748633611151034
2619,feve,10,1,0.02748633611151034
2619,fdiv,-5,-0.5,0.3122163883433193
2619,fric_prob,0,0,1
2619,fdiv_fund,8,0.8,0.08641073297370003
2619,feve_fund,-4,-0.4,0.4624327264504763
2619,fdis_prob,8,0.8,0.08641073297370003
2619,fmpd_prob,10,1,0.02748633611151034
2619,raoq_fund,8,0.8,0.08641073297370003
2619,cwm_pc1,-10,-1,0.02748633611151034
2619,cwm_pc2,2,0.2,0.8064959405073402
2619,pd_prob_mctavish,10,1,0.02748633611151034
2619,mpd_prob_mctavish,10,1,0.02748633611151034
2620,corrected_richness,10,1,0.02748633611151034
2620,shannon,10,1,0.02748633611151034
2620,inv_simpson,10,1,0.02748633611151034
2620,trait_volume,10,1,0.02748633611151034
2620,trait_dispersion,8,0.8,0.08641073297370003
2620,rao_q,10,1,0.02748633611151034
2620,feve,10,1,0.02748633611151034
2620,fdiv,-6,-0.6,0.2206713619198468
2620,fric_prob,0,0,1
2620,fdiv_fund,8,0.8,0.08641073297370003
2620,feve_fund,-2,-0.2,0.8064959405073402
2620,fdis_prob,8,0.8,0.08641073297370003
2620,fmpd_prob,10,1,0.02748633611151034
2620,raoq_fund,8,0.8,0.08641073297370003
2620,cwm_pc1,-10,-1,0.02748633611151034
2620,cwm_pc2,2,0.2,0.8064959405073402
2620,pd_prob_mctavish,10,1,0.02748633611151034
2620,mpd_prob_mctavish,10,1,0.02748633611151034
2621,corrected_richness,10,1,0.02748633611151034
2621,shannon,10,1,0.02748633611151034
2621,inv_simpson,10,1,0.02748633611151034
2621,trait_volume,10,1,0.02748633611151034
2621,trait_dispersion,8,0.8,0.08641073297370003
2621,rao_q,10,1,0.02748633611151034
2621,feve,10,1,0.02748633611151034
2621,fdiv,-6,-0.6,0.2206713619198468
2621,fric_prob,-3,-0.3,0.6133543559547467
2621,fdiv_fund,8,0.8,0.08641073297370003
2621,feve_fund,-2,-0.2,0.8064959405073402
2621,fdis_prob,8,0.8,0.08641073297370003
2621,fmpd_prob,10,1,0.02748633611151034
2621,raoq_fund,8,0.8,0.08641073297370003
2621,cwm_pc1,-10,-1,0.02748633611151034
2621,cwm_pc2,2,0.2,0.8064959405073402
2621,pd_prob_mctavish,10,1,0.02748633611151034
2621,mpd_prob_mctavish,10,1,0.02748633611151034
2622,corrected_richness,10,1,0.02748633611151034
2622,shannon,10,1,0.02748633611151034
2622,inv_simpson,10,1,0.02748633611151034
2622,trait_volume,10,1,0.02748633611151034
2622,trait_dispersion,8,0.8,0.08641073297370003
2622,rao_q,10,1,0.02748633611151034
2622,feve,10,1,0.02748633611151034
2622,fdiv,-6,-0.6,0.2206713619198468
2622,fric_prob,-1,-0.1,1
2622,fdiv_fund,10,1,0.02748633611151034
2622,feve_fund,-2,-0.2,0.8064959405073402
2622,fdis_prob,8,0.8,0.08641073297370003
2622,fmpd_prob,10,1,0.02748633611151034
2622,raoq_fund,10,1,0.02748633611151034
2622,cwm_pc1,-10,-1,0.02748633611151034
2622,cwm_pc2,2,0.2,0.8064959405073402
2622,pd_prob_mctavish,10,1,0.02748633611151034
2622,mpd_prob_mctavish,10,1,0.02748633611151034
2623,corrected_richness,10,1,0.02748633611151034
2623,shannon,10,1,0.02748633611151034
2623,inv_simpson,10,1,0.02748633611151034
2623,trait_volume,10,1,0.02748633611151034
2623,trait_dispersion,8,0.8,0.08641073297370003
2623,rao_q,10,1,0.02748633611151034
2623,feve,10,1,0.02748633611151034
2623,fdiv,-6,-0.6,0.2206713619198468
2623,fric_prob,-3,-0.3,0.6133543559547467
2623,fdiv_fund,10,1,0.02748633611151034
2623,feve_fund,-2,-0.2,0.8064959405073402
2623,fdis_prob,6,0.6,0.2206713619198468
2623,fmpd_prob,10,1,0.02748633611151034
2623,raoq_fund,8,0.8,0.08641073297370003
2623,cwm_pc1,-10,-1,0.02748633611151034
2623,cwm_pc2,2,0.2,0.8064959405073402
2623,pd_prob_mctavish,10,1,0.02748633611151034
2623,mpd_prob_mctavish,10,1,0.02748633611151034
2624,corrected_richness,10,1,0.02748633611151034
2624,shannon,10,1,0.02748633611151034
2624,inv_simpson,10,1,0.02748633611151034
2624,trait_volume,8,0.8,0.08641073297370003
2624,trait_dispersion,6,0.6,0.2206713619198468
2624,rao_q,8,0.8,0.08641073297370003
2624,feve,10,1,0.02748633611151034
2624,fdiv,-6,-0.6,0.2206713619198468
2624,fric_prob,-3,-0.3,0.6133543559547467
2624,fdiv_fund,8,0.8,0.08641073297370003
2624,feve_fund,-2,-0.2,0.8064959405073402
2624,fdis_prob,8,0.8,0.08641073297370003
2624,fmpd_prob,8,0.8,0.08641073297370003
2624,raoq_fund,8,0.8,0.08641073297370003
2624,cwm_pc1,-10,-1,0.02748633611151034
2624,cwm_pc2,4,0.4,0.4624327264504763
2624,pd_prob_mctavish,10,1,0.02748633611151034
2624,mpd_prob_mctavish,10,1,0.02748633611151034
2625,corrected_richness,10,1,0.02748633611151034
2625,shannon,10,1,0.02748633611151034
2625,inv_simpson,10,1,0.02748633611151034
2625,trait_volume,8,0.8,0.08641073297370003
2625,trait_dispersion,4,0.4,0.4624327264504763
2625,rao_q,8,0.8,0.08641073297370003
2625,feve,10,1,0.02748633611151034
2625,fdiv,-6,-0.6,0.2206713619198468
2625,fric_prob,-2,-0.2,0.8064959405073402
2625,fdiv_fund,8,0.8,0.08641073297370003
2625,feve_fund,-6,-0.6,0.2206713619198468
2625,fdis_prob,8,0.8,0.08641073297370003
2625,fmpd_prob,8,0.8,0.08641073297370003
2625,raoq_fund,8,0.8,0.08641073297370003
2625,cwm_pc1,-10,-1,0.02748633611151034
2625,cwm_pc2,4,0.4,0.4624327264504763
2625,pd_prob_mctavish,10,1,0.02748633611151034
2625,mpd_prob_mctavish,10,1,0.02748633611151034
2626,corrected_richness,10,1,0.02748633611151034
2626,shannon,10,1,0.02748633611151034
2626,inv_simpson,10,1,0.02748633611151034
2626,trait_volume,4,0.4,0.4624327264504763
2626,trait_dispersion,4,0.4,0.4624327264504763
2626,rao_q,8,0.8,0.08641073297370003
2626,feve,10,1,0.02748633611151034
2626,fdiv,-6,-0.6,0.2206713619198468
2626,fric_prob,2,0.2,0.8064959405073402
2626,fdiv_fund,8,0.8,0.08641073297370003
2626,feve_fund,-8,-0.8,0.08641073297370003
2626,fdis_prob,6,0.6,0.2206713619198468
2626,fmpd_prob,8,0.8,0.08641073297370003
2626,raoq_fund,8,0.8,0.08641073297370003
2626,cwm_pc1,-10,-1,0.02748633611151034
2626,cwm_pc2,4,0.4,0.4624327264504763
2626,pd_prob_mctavish,10,1,0.02748633611151034
2626,mpd_prob_mctavish,10,1,0.02748633611151034
2627,corrected_richness,10,1,0.02748633611151034
2627,shannon,10,1,0.02748633611151034
2627,inv_simpson,10,1,0.02748633611151034
2627,trait_volume,0,0,1
2627,trait_dispersion,4,0.4,0.4624327264504763
2627,rao_q,0,0,1
2627,feve,10,1,0.02748633611151034
2627,fdiv,-4,-0.4,0.4624327264504763
2627,fric_prob,2,0.2,0.8064959405073402
2627,fdiv_fund,8,0.8,0.08641073297370003
2627,feve_fund,-8,-0.8,0.08641073297370003
2627,fdis_prob,6,0.6,0.2206713619198468
2627,fmpd_prob,0,0,1
2627,raoq_fund,6,0.6,0.2206713619198468
2627,cwm_pc1,-10,-1,0.02748633611151034
2627,cwm_pc2,6,0.6,0.2206713619198468
2627,pd_prob_mctavish,10,1,0.02748633611151034
2627,mpd_prob_mctavish,10,1,0.02748633611151034
2628,corrected_richness,10,1,0.02748633611151034
2628,shannon,10,1,0.02748633611151034
2628,inv_simpson,10,1,0.02748633611151034
2628,trait_volume,-2,-0.2,0.8064959405073402
2628,trait_dispersion,2,0.2,0.8064959405073402
2628,rao_q,-2,-0.2,0.8064959405073402
2628,feve,10,1,0.02748633611151034
2628,fdiv,-4,-0.4,0.4624327264504763
2628,fric_prob,2,0.2,0.8064959405073402
2628,fdiv_fund,4,0.4,0.4624327264504763
2628,feve_fund,-8,-0.8,0.08641073297370003
2628,fdis_prob,4,0.4,0.4624327264504763
2628,fmpd_prob,-2,-0.2,0.8064959405073402
2628,raoq_fund,4,0.4,0.4624327264504763
2628,cwm_pc1,-10,-1,0.02748633611151034
2628,cwm_pc2,6,0.6,0.2206713619198468
2628,pd_prob_mctavish,10,1,0.02748633611151034
2628,mpd_prob_mctavish,10,1,0.02748633611151034
2629,corrected_richness,10,1,0.02748633611151034
2629,shannon,10,1,0.02748633611151034
2629,inv_simpson,10,1,0.02748633611151034
2629,trait_volume,-2,-0.2,0.8064959405073402
2629,trait_dispersion,0,0,1
2629,rao_q,-2,-0.2,0.8064959405073402
2629,feve,10,1,0.02748633611151034
2629,fdiv,-4,-0.4,0.4624327264504763
2629,fric_prob,-2,-0.2,0.8064959405073402
2629,fdiv_fund,4,0.4,0.4624327264504763
2629,feve_fund,-10,-1,0.02748633611151034
2629,fdis_prob,2,0.2,0.8064959405073402
2629,fmpd_prob,-2,-0.2,0.8064959405073402
2629,raoq_fund,2,0.2,0.8064959405073402
2629,cwm_pc1,-10,-1,0.02748633611151034
2629,cwm_pc2,6,0.6,0.2206713619198468
2629,pd_prob_mctavish,10,1,0.02748633611151034
2629,mpd_prob_mctavish,10,1,0.02748633611151034
2630,corrected_richness,10,1,0.02748633611151034
2630,shannon,10,1,0.02748633611151034
2630,inv_simpson,10,1,0.02748633611151034
2630,trait_volume,-4,-0.4,0.4624327264504763
2630,trait_dispersion,0,0,1
2630,rao_q,-4,-0.4,0.4624327264504763
2630,feve,10,1,0.02748633611151034
2630,fdiv,-2,-0.2,0.8064959405073402
2630,fric_prob,-4,-0.4,0.4624327264504763
2630,fdiv_fund,4,0.4,0.4624327264504763
2630,feve_fund,-10,-1,0.02748633611151034
2630,fdis_prob,-4,-0.4,0.4624327264504763
2630,fmpd_prob,-4,-0.4,0.4624327264504763
2630,raoq_fund,0,0,1
2630,cwm_pc1,-10,-1,0.02748633611151034
2630,cwm_pc2,6,0.6,0.2206713619198468
2630,pd_prob_mctavish,10,1,0.02748633611151034
2630,mpd_prob_mctavish,10,1,0.02748633611151034
2631,corrected_richness,10,1,0.02748633611151034
2631,shannon,10,1,0.02748633611151034
2631,inv_simpson,10,1,0.02748633611151034
2631,trait_volume,-6,-0.6,0.2206713619198468
2631,trait_dispersion,-2,-0.2,0.8064959405073402
2631,rao_q,-4,-0.4,0.4624327264504763
2631,feve,10,1,0.02748633611151034
2631,fdiv,-2,-0.2,0.8064959405073402
2631,fric_prob,-4,-0.4,0.4624327264504763
2631,fdiv_fund,0,0,1
2631,feve_fund,-10,-1,0.02748633611151034
2631,fdis_prob,-4,-0.4,0.4624327264504763
2631,fmpd_prob,-4,-0.4,0.4624327264504763
2631,raoq_fund,-2,-0.2,0.8064959405073402
2631,cwm_pc1,-10,-1,0.02748633611151034
2631,cwm_pc2,6,0.6,0.2206713619198468
2631,pd_prob_mctavish,10,1,0.02748633611151034
2631,mpd_prob_mctavish,10,1,0.02748633611151034
2632,corrected_richness,10,1,0.02748633611151034
2632,shannon,10,1,0.02748633611151034
2632,inv_simpson,10,1,0.02748633611151034
2632,trait_volume,-8,-0.8,0.08641073297370003
2632,trait_dispersion,-4,-0.4,0.4624327264504763
2632,rao_q,-6,-0.6,0.2206713619198468
2632,feve,10,1,0.02748633611151034
2632,fdiv,-2,-0.2,0.8064959405073402
2632,fric_prob,-2,-0.2,0.8064959405073402
2632,fdiv_fund,-6,-0.6,0.2206713619198468
2632,feve_fund,-10,-1,0.02748633611151034
2632,fdis_prob,-6,-0.6,0.2206713619198468
2632,fmpd_prob,-8,-0.8,0.08641073297370003
2632,raoq_fund,-4,-0.4,0.4624327264504763
2632,cwm_pc1,-10,-1,0.02748633611151034
2632,cwm_pc2,6,0.6,0.2206713619198468
2632,pd_prob_mctavish,10,1,0.02748633611151034
2632,mpd_prob_mctavish,10,1,0.02748633611151034
2633,corrected_richness,10,1,0.02748633611151034
2633,shannon,10,1,0.02748633611151034
2633,inv_simpson,10,1,0.02748633611151034
2633,trait_volume,-8,-0.8,0.08641073297370003
2633,trait_dispersion,-4,-0.4,0.4624327264504763
2633,rao_q,-8,-0.8,0.08641073297370003
2633,feve,10,1,0.02748633611151034
2633,fdiv,-2,-0.2,0.8064959405073402
2633,fric_prob,-2,-0.2,0.8064959405073402
2633,fdiv_fund,-6,-0.6,0.2206713619198468
2633,feve_fund,-10,-1,0.02748633611151034
2633,fdis_prob,-6,-0.6,0.2206713619198468
2633,fmpd_prob,-8,-0.8,0.08641073297370003
2633,raoq_fund,-6,-0.6,0.2206713619198468
2633,cwm_pc1,-10,-1,0.02748633611151034
2633,cwm_pc2,6,0.6,0.2206713619198468
2633,pd_prob_mctavish,10,1,0.02748633611151034
2633,mpd_prob_mctavish,10,1,0.02748633611151034
2634,corrected_richness,10,1,0.02748633611151034
2634,shannon,10,1,0.02748633611151034
2634,inv_simpson,10,1,0.02748633611151034
2634,trait_volume,-8,-0.8,0.08641073297370003
2634,trait_dispersion,-4,-0.4,0.4624327264504763
2634,rao_q,-8,-0.8,0.08641073297370003
2634,feve,10,1,0.02748633611151034
2634,fdiv,-2,-0.2,0.8064959405073402
2634,fric_prob,-2,-0.2,0.8064959405073402
2634,fdiv_fund,-6,-0.6,0.2206713619198468
2634,feve_fund,-10,-1,0.02748633611151034
2634,fdis_prob,-6,-0.6,0.2206713619198468
2634,fmpd_prob,-8,-0.8,0.08641073297370003
2634,raoq_fund,-4,-0.4,0.4624327264504763
2634,cwm_pc1,-10,-1,0.02748633611151034
2634,cwm_pc2,6,0.6,0.2206713619198468
2634,pd_prob_mctavish,10,1,0.02748633611151034
2634,mpd_prob_mctavish,10,1,0.02748633611151034
2635,corrected_richness,10,1,0.02748633611151034
2635,shannon,10,1,0.02748633611151034
2635,inv_simpson,10,1,0.02748633611151034
2635,trait_volume,-8,-0.8,0.08641073297370003
2635,trait_dispersion,-4,-0.4,0.4624327264504763
2635,rao_q,-8,-0.8,0.08641073297370003
2635,feve,10,1,0.02748633611151034
2635,fdiv,-2,-0.2,0.8064959405073402
2635,fric_prob,-2,-0.2,0.8064959405073402
2635,fdiv_fund,-8,-0.8,0.08641073297370003
2635,feve_fund,-10,-1,0.02748633611151034
2635,fdis_prob,-6,-0.6,0.2206713619198468
2635,fmpd_prob,-8,-0.8,0.08641073297370003
2635,raoq_fund,-6,-0.6,0.2206713619198468
2635,cwm_pc1,-10,-1,0.02748633611151034
2635,cwm_pc2,6,0.6,0.2206713619198468
2635,pd_prob_mctavish,10,1,0.02748633611151034
2635,mpd_prob_mctavish,10,1,0.02748633611151034
2636,corrected_richness,10,1,0.02748633611151034
2636,shannon,10,1,0.02748633611151034
2636,inv_simpson,10,1,0.02748633611151034
2636,trait_volume,-8,-0.8,0.08641073297370003
2636,trait_dispersion,-4,-0.4,0.4624327264504763
2636,rao_q,-8,-0.8,0.08641073297370003
2636,feve,10,1,0.02748633611151034
2636,fdiv,-2,-0.2,0.8064959405073402
2636,fric_prob,-2,-0.2,0.8064959405073402
2636,fdiv_fund,-10,-1,0.02748633611151034
2636,feve_fund,-10,-1,0.02748633611151034
2636,fdis_prob,-8,-0.8,0.08641073297370003
2636,fmpd_prob,-8,-0.8,0.08641073297370003
2636,raoq_fund,-8,-0.8,0.08641073297370003
2636,cwm_pc1,-10,-1,0.02748633611151034
2636,cwm_pc2,6,0.6,0.2206713619198468
2636,pd_prob_mctavish,10,1,0.02748633611151034
2636,mpd_prob_mctavish,10,1,0.02748633611151034
2637,corrected_richness,10,1,0.02748633611151034
2637,shannon,10,1,0.02748633611151034
2637,inv_simpson,10,1,0.02748633611151034
2637,trait_volume,-8,-0.8,0.08641073297370003
2637,trait_dispersion,-6,-0.6,0.2206713619198468
2637,rao_q,-8,-0.8,0.08641073297370003
2637,feve,10,1,0.02748633611151034
2637,fdiv,-2,-0.2,0.8064959405073402
2637,fric_prob,2,0.2,0.8064959405073402
2637,fdiv_fund,-8,-0.8,0.08641073297370003
2637,feve_fund,-10,-1,0.02748633611151034
2637,fdis_prob,-8,-0.8,0.08641073297370003
2637,fmpd_prob,-8,-0.8,0.08641073297370003
2637,raoq_fund,-8,-0.8,0.08641073297370003
2637,cwm_pc1,-10,-1,0.02748633611151034
2637,cwm_pc2,6,0.6,0.2206713619198468
2637,pd_prob_mctavish,10,1,0.02748633611151034
2637,mpd_prob_mctavish,10,1,0.02748633611151034
2638,corrected_richness,10,1,0.02748633611151034
2638,shannon,10,1,0.02748633611151034
2638,inv_simpson,10,1,0.02748633611151034
2638,trait_volume,-8,-0.8,0.08641073297370003
2638,trait_dispersion,-6,-0.6,0.2206713619198468
2638,rao_q,-8,-0.8,0.08641073297370003
2638,feve,10,1,0.02748633611151034
2638,fdiv,-2,-0.2,0.8064959405073402
2638,fric_prob,6,0.6,0.2206713619198468
2638,fdiv_fund,-4,-0.4,0.4624327264504763
2638,feve_fund,-10,-1,0.02748633611151034
2638,fdis_prob,-8,-0.8,0.08641073297370003
2638,fmpd_prob,-8,-0.8,0.08641073297370003
2638,raoq_fund,-6,-0.6,0.2206713619198468
2638,cwm_pc1,-10,-1,0.02748633611151034
2638,cwm_pc2,6,0.6,0.2206713619198468
2638,pd_prob_mctavish,10,1,0.02748633611151034
2638,mpd_prob_mctavish,10,1,0.02748633611151034
2639,corrected_richness,10,1,0.02748633611151034
2639,shannon,10,1,0.02748633611151034
2639,inv_simpson,10,1,0.02748633611151034
2639,trait_volume,-10,-1,0.02748633611151034
2639,trait_dispersion,-6,-0.6,0.2206713619198468
2639,rao_q,-10,-1,0.02748633611151034
2639,feve,10,1,0.02748633611151034
2639,fdiv,-2,-0.2,0.8064959405073402
2639,fric_prob,8,0.8,0.08641073297370003
2639,fdiv_fund,-2,-0.2,0.8064959405073402
2639,feve_fund,-10,-1,0.02748633611151034
2639,fdis_prob,-8,-0.8,0.08641073297370003
2639,fmpd_prob,-10,-1,0.02748633611151034
2639,raoq_fund,-10,-1,0.02748633611151034
2639,cwm_pc1,-10,-1,0.02748633611151034
2639,cwm_pc2,6,0.6,0.2206713619198468
2639,pd_prob_mctavish,10,1,0.02748633611151034
2639,mpd_prob_mctavish,10,1,0.02748633611151034
2640,corrected_richness,10,1,0.02748633611151034
2640,shannon,10,1,0.02748633611151034
2640,inv_simpson,10,1,0.02748633611151034
2640,trait_volume,-10,-1,0.02748633611151034
2640,trait_dispersion,-6,-0.6,0.2206713619198468
2640,rao_q,-10,-1,0.02748633611151034
2640,feve,10,1,0.02748633611151034
2640,fdiv,-2,-0.2,0.8064959405073402
2640,fric_prob,8,0.8,0.08641073297370003
2640,fdiv_fund,0,0,1
2640,feve_fund,-10,-1,0.02748633611151034
2640,fdis_prob,-10,-1,0.02748633611151034
2640,fmpd_prob,-10,-1,0.02748633611151034
2640,raoq_fund,-10,-1,0.02748633611151034
2640,cwm_pc1,-10,-1,0.02748633611151034
2640,cwm_pc2,6,0.6,0.2206713619198468
2640,pd_prob_mctavish,10,1,0.02748633611151034
2640,mpd_prob_mctavish,10,1,0.02748633611151034
2641,corrected_richness,10,1,0.02748633611151034
2641,shannon,10,1,0.02748633611151034
2641,inv_simpson,10,1,0.02748633611151034
2641,trait_volume,-10,-1,0.02748633611151034
2641,trait_dispersion,-6,-0.6,0.2206713619198468
2641,rao_q,-10,-1,0.02748633611151034
2641,feve,10,1,0.02748633611151034
2641,fdiv,-2,-0.2,0.8064959405073402
2641,fric_prob,8,0.8,0.08641073297370003
2641,fdiv_fund,0,0,1
2641,feve_fund,-10,-1,0.02748633611151034
2641,fdis_prob,-10,-1,0.02748633611151034
2641,fmpd_prob,-10,-1,0.02748633611151034
2641,raoq_fund,-10,-1,0.02748633611151034
2641,cwm_pc1,-10,-1,0.02748633611151034
2641,cwm_pc2,6,0.6,0.2206713619198468
2641,pd_prob_mctavish,10,1,0.02748633611151034
2641,mpd_prob_mctavish,10,1,0.02748633611151034
2642,corrected_richness,10,1,0.02748633611151034
2642,shannon,10,1,0.02748633611151034
2642,inv_simpson,10,1,0.02748633611151034
2642,trait_volume,-10,-1,0.02748633611151034
2642,trait_dispersion,-6,-0.6,0.2206713619198468
2642,rao_q,-10,-1,0.02748633611151034
2642,feve,10,1,0.02748633611151034
2642,fdiv,-2,-0.2,0.8064959405073402
2642,fric_prob,8,0.8,0.08641073297370003
2642,fdiv_fund,2,0.2,0.8064959405073402
2642,feve_fund,-10,-1,0.02748633611151034
2642,fdis_prob,-10,-1,0.02748633611151034
2642,fmpd_prob,-10,-1,0.02748633611151034
2642,raoq_fund,-10,-1,0.02748633611151034
2642,cwm_pc1,-10,-1,0.02748633611151034
2642,cwm_pc2,8,0.8,0.08641073297370003
2642,pd_prob_mctavish,10,1,0.02748633611151034
2642,mpd_prob_mctavish,10,1,0.02748633611151034
2643,corrected_richness,10,1,0.02748633611151034
2643,shannon,10,1,0.02748633611151034
2643,inv_simpson,10,1,0.02748633611151034
2643,trait_volume,-10,-1,0.02748633611151034
2643,trait_dispersion,-8,-0.8,0.08641073297370003
2643,rao_q,-10,-1,0.02748633611151034
2643,feve,10,1,0.02748633611151034
2643,fdiv,-2,-0.2,0.8064959405073402
2643,fric_prob,4,0.4,0.4624327264504763
2643,fdiv_fund,2,0.2,0.8064959405073402
2643,feve_fund,-10,-1,0.02748633611151034
2643,fdis_prob,-8,-0.8,0.08641073297370003
2643,fmpd_prob,-10,-1,0.02748633611151034
2643,raoq_fund,-10,-1,0.02748633611151034
2643,cwm_pc1,-10,-1,0.02748633611151034
2643,cwm_pc2,8,0.8,0.08641073297370003
2643,pd_prob_mctavish,10,1,0.02748633611151034
2643,mpd_prob_mctavish,10,1,0.02748633611151034
2644,corrected_richness,10,1,0.02748633611151034
2644,shannon,10,1,0.02748633611151034
2644,inv_simpson,10,1,0.02748633611151034
2644,trait_volume,-10,-1,0.02748633611151034
2644,trait_dispersion,-8,-0.8,0.08641073297370003
2644,rao_q,-10,-1,0.02748633611151034
2644,feve,10,1,0.02748633611151034
2644,fdiv,0,0,1
2644,fric_prob,0,0,1
2644,fdiv_fund,4,0.4,0.4624327264504763
2644,feve_fund,-10,-1,0.02748633611151034
2644,fdis_prob,-8,-0.8,0.08641073297370003
2644,fmpd_prob,-10,-1,0.02748633611151034
2644,raoq_fund,-10,-1,0.02748633611151034
2644,cwm_pc1,-10,-1,0.02748633611151034
2644,cwm_pc2,8,0.8,0.08641073297370003
2644,pd_prob_mctavish,10,1,0.02748633611151034
2644,mpd_prob_mctavish,10,1,0.02748633611151034
2645,corrected_richness,10,1,0.02748633611151034
2645,shannon,10,1,0.02748633611151034
2645,inv_simpson,10,1,0.02748633611151034
2645,trait_volume,-10,-1,0.02748633611151034
2645,trait_dispersion,-8,-0.8,0.08641073297370003
2645,rao_q,-10,-1,0.02748633611151034
2645,feve,10,1,0.02748633611151034
2645,fdiv,0,0,1
2645,fric_prob,-4,-0.4,0.4624327264504763
2645,fdiv_fund,4,0.4,0.4624327264504763
2645,feve_fund,-10,-1,0.02748633611151034
2645,fdis_prob,-8,-0.8,0.08641073297370003
2645,fmpd_prob,-10,-1,0.02748633611151034
2645,raoq_fund,-8,-0.8,0.08641073297370003
2645,cwm_pc1,-10,-1,0.02748633611151034
2645,cwm_pc2,8,0.8,0.08641073297370003
2645,pd_prob_mctavish,10,1,0.02748633611151034
2645,mpd_prob_mctavish,10,1,0.02748633611151034
2646,corrected_richness,10,1,0.02748633611151034
2646,shannon,10,1,0.02748633611151034
2646,inv_simpson,10,1,0.02748633611151034
2646,trait_volume,-10,-1,0.02748633611151034
2646,trait_dispersion,-10,-1,0.02748633611151034
2646,rao_q,-10,-1,0.02748633611151034
2646,feve,10,1,0.02748633611151034
2646,fdiv,0,0,1
2646,fric_prob,-4,-0.4,0.4624327264504763
2646,fdiv_fund,4,0.4,0.4624327264504763
2646,feve_fund,-10,-1,0.02748633611151034
2646,fdis_prob,-8,-0.8,0.08641073297370003
2646,fmpd_prob,-10,-1,0.02748633611151034
2646,raoq_fund,-8,-0.8,0.08641073297370003
2646,cwm_pc1,-10,-1,0.02748633611151034
2646,cwm_pc2,8,0.8,0.08641073297370003
2646,pd_prob_mctavish,10,1,0.02748633611151034
2646,mpd_prob_mctavish,10,1,0.02748633611151034
2647,corrected_richness,10,1,0.02748633611151034
2647,shannon,10,1,0.02748633611151034
2647,inv_simpson,10,1,0.02748633611151034
2647,trait_volume,-10,-1,0.02748633611151034
2647,trait_dispersion,-10,-1,0.02748633611151034
2647,rao_q,-10,-1,0.02748633611151034
2647,feve,10,1,0.02748633611151034
2647,fdiv,0,0,1
2647,fric_prob,-4,-0.4,0.4624327264504763
2647,fdiv_fund,4,0.4,0.4624327264504763
2647,feve_fund,-10,-1,0.02748633611151034
2647,fdis_prob,-6,-0.6,0.2206713619198468
2647,fmpd_prob,-10,-1,0.02748633611151034
2647,raoq_fund,-8,-0.8,0.08641073297370003
2647,cwm_pc1,-10,-1,0.02748633611151034
2647,cwm_pc2,8,0.8,0.08641073297370003
2647,pd_prob_mctavish,10,1,0.02748633611151034
2647,mpd_prob_mctavish,10,1,0.02748633611151034
2648,corrected_richness,10,1,0.02748633611151034
2648,shannon,10,1,0.02748633611151034
2648,inv_simpson,10,1,0.02748633611151034
2648,trait_volume,-10,-1,0.02748633611151034
2648,trait_dispersion,-10,-1,0.02748633611151034
2648,rao_q,-10,-1,0.02748633611151034
2648,feve,10,1,0.02748633611151034
2648,fdiv,2,0.2,0.8064959405073402
2648,fric_prob,-4,-0.4,0.4624327264504763
2648,fdiv_fund,4,0.4,0.4624327264504763
2648,feve_fund,-10,-1,0.02748633611151034
2648,fdis_prob,-6,-0.6,0.2206713619198468
2648,fmpd_prob,-10,-1,0.02748633611151034
2648,raoq_fund,-8,-0.8,0.08641073297370003
2648,cwm_pc1,-10,-1,0.02748633611151034
2648,cwm_pc2,8,0.8,0.08641073297370003
2648,pd_prob_mctavish,10,1,0.02748633611151034
2648,mpd_prob_mctavish,10,1,0.02748633611151034
2678,corrected_richness,10,1,0.02748633611151034
2678,shannon,10,1,0.02748633611151034
2678,inv_simpson,10,1,0.02748633611151034
2678,trait_volume,8,0.8,0.08641073297370003
2678,trait_dispersion,6,0.6,0.2206713619198468
2678,rao_q,10,1,0.02748633611151034
2678,feve,10,1,0.02748633611151034
2678,fdiv,0,0,1
2678,fric_prob,0,0,1
2678,fdiv_fund,8,0.8,0.08641073297370003
2678,feve_fund,2,0.2,0.8064959405073402
2678,fdis_prob,4,0.4,0.4624327264504763
2678,fmpd_prob,10,1,0.02748633611151034
2678,raoq_fund,10,1,0.02748633611151034
2678,cwm_pc1,-6,-0.6,0.2206713619198468
2678,cwm_pc2,2,0.2,0.8064959405073402
2678,pd_prob_mctavish,10,1,0.02748633611151034
2678,mpd_prob_mctavish,10,1,0.02748633611151034
2679,corrected_richness,10,1,0.02748633611151034
2679,shannon,10,1,0.02748633611151034
2679,inv_simpson,10,1,0.02748633611151034
2679,trait_volume,8,0.8,0.08641073297370003
2679,trait_dispersion,6,0.6,0.2206713619198468
2679,rao_q,10,1,0.02748633611151034
2679,feve,10,1,0.02748633611151034
2679,fdiv,0,0,1
2679,fric_prob,0,0,1
2679,fdiv_fund,8,0.8,0.08641073297370003
2679,feve_fund,2,0.2,0.8064959405073402
2679,fdis_prob,4,0.4,0.4624327264504763
2679,fmpd_prob,10,1,0.02748633611151034
2679,raoq_fund,8,0.8,0.08641073297370003
2679,cwm_pc1,-6,-0.6,0.2206713619198468
2679,cwm_pc2,2,0.2,0.8064959405073402
2679,pd_prob_mctavish,10,1,0.02748633611151034
2679,mpd_prob_mctavish,10,1,0.02748633611151034
2680,corrected_richness,10,1,0.02748633611151034
2680,shannon,10,1,0.02748633611151034
2680,inv_simpson,10,1,0.02748633611151034
2680,trait_volume,8,0.8,0.08641073297370003
2680,trait_dispersion,6,0.6,0.2206713619198468
2680,rao_q,10,1,0.02748633611151034
2680,feve,10,1,0.02748633611151034
2680,fdiv,0,0,1
2680,fric_prob,0,0,1
2680,fdiv_fund,8,0.8,0.08641073297370003
2680,feve_fund,2,0.2,0.8064959405073402
2680,fdis_prob,4,0.4,0.4624327264504763
2680,fmpd_prob,10,1,0.02748633611151034
2680,raoq_fund,8,0.8,0.08641073297370003
2680,cwm_pc1,-6,-0.6,0.2206713619198468
2680,cwm_pc2,2,0.2,0.8064959405073402
2680,pd_prob_mctavish,10,1,0.02748633611151034
2680,mpd_prob_mctavish,10,1,0.02748633611151034
2681,corrected_richness,10,1,0.02748633611151034
2681,shannon,10,1,0.02748633611151034
2681,inv_simpson,10,1,0.02748633611151034
2681,trait_volume,8,0.8,0.08641073297370003
2681,trait_dispersion,8,0.8,0.08641073297370003
2681,rao_q,10,1,0.02748633611151034
2681,feve,10,1,0.02748633611151034
2681,fdiv,0,0,1
2681,fric_prob,0,0,1
2681,fdiv_fund,8,0.8,0.08641073297370003
2681,feve_fund,2,0.2,0.8064959405073402
2681,fdis_prob,4,0.4,0.4624327264504763
2681,fmpd_prob,10,1,0.02748633611151034
2681,raoq_fund,8,0.8,0.08641073297370003
2681,cwm_pc1,-6,-0.6,0.2206713619198468
2681,cwm_pc2,2,0.2,0.8064959405073402
2681,pd_prob_mctavish,10,1,0.02748633611151034
2681,mpd_prob_mctavish,10,1,0.02748633611151034
2682,corrected_richness,10,1,0.02748633611151034
2682,shannon,10,1,0.02748633611151034
2682,inv_simpson,10,1,0.02748633611151034
2682,trait_volume,8,0.8,0.08641073297370003
2682,trait_dispersion,8,0.8,0.08641073297370003
2682,rao_q,10,1,0.02748633611151034
2682,feve,10,1,0.02748633611151034
2682,fdiv,0,0,1
2682,fric_prob,0,0,1
2682,fdiv_fund,8,0.8,0.08641073297370003
2682,feve_fund,2,0.2,0.8064959405073402
2682,fdis_prob,4,0.4,0.4624327264504763
2682,fmpd_prob,10,1,0.02748633611151034
2682,raoq_fund,10,1,0.02748633611151034
2682,cwm_pc1,-6,-0.6,0.2206713619198468
2682,cwm_pc2,2,0.2,0.8064959405073402
2682,pd_prob_mctavish,10,1,0.02748633611151034
2682,mpd_prob_mctavish,10,1,0.02748633611151034
2683,corrected_richness,10,1,0.02748633611151034
2683,shannon,10,1,0.02748633611151034
2683,inv_simpson,10,1,0.02748633611151034
2683,trait_volume,8,0.8,0.08641073297370003
2683,trait_dispersion,8,0.8,0.08641073297370003
2683,rao_q,10,1,0.02748633611151034
2683,feve,10,1,0.02748633611151034
2683,fdiv,0,0,1
2683,fric_prob,0,0,1
2683,fdiv_fund,8,0.8,0.08641073297370003
2683,feve_fund,0,0,1
2683,fdis_prob,6,0.6,0.2206713619198468
2683,fmpd_prob,10,1,0.02748633611151034
2683,raoq_fund,10,1,0.02748633611151034
2683,cwm_pc1,-8,-0.8,0.08641073297370003
2683,cwm_pc2,2,0.2,0.8064959405073402
2683,pd_prob_mctavish,10,1,0.02748633611151034
2683,mpd_prob_mctavish,10,1,0.02748633611151034
2684,corrected_richness,10,1,0.02748633611151034
2684,shannon,10,1,0.02748633611151034
2684,inv_simpson,10,1,0.02748633611151034
2684,trait_volume,8,0.8,0.08641073297370003
2684,trait_dispersion,8,0.8,0.08641073297370003
2684,rao_q,10,1,0.02748633611151034
2684,feve,10,1,0.02748633611151034
2684,fdiv,0,0,1
2684,fric_prob,0,0,1
2684,fdiv_fund,8,0.8,0.08641073297370003
2684,feve_fund,2,0.2,0.8064959405073402
2684,fdis_prob,6,0.6,0.2206713619198468
2684,fmpd_prob,10,1,0.02748633611151034
2684,raoq_fund,10,1,0.02748633611151034
2684,cwm_pc1,-10,-1,0.02748633611151034
2684,cwm_pc2,2,0.2,0.8064959405073402
2684,pd_prob_mctavish,10,1,0.02748633611151034
2684,mpd_prob_mctavish,10,1,0.02748633611151034
2685,corrected_richness,10,1,0.02748633611151034
2685,shannon,10,1,0.02748633611151034
2685,inv_simpson,10,1,0.02748633611151034
2685,trait_volume,8,0.8,0.08641073297370003
2685,trait_dispersion,8,0.8,0.08641073297370003
2685,rao_q,10,1,0.02748633611151034
2685,feve,10,1,0.02748633611151034
2685,fdiv,0,0,1
2685,fric_prob,0,0,1
2685,fdiv_fund,8,0.8,0.08641073297370003
2685,feve_fund,0,0,1
2685,fdis_prob,6,0.6,0.2206713619198468
2685,fmpd_prob,10,1,0.02748633611151034
2685,raoq_fund,10,1,0.02748633611151034
2685,cwm_pc1,-10,-1,0.02748633611151034
2685,cwm_pc2,2,0.2,0.8064959405073402
2685,pd_prob_mctavish,10,1,0.02748633611151034
2685,mpd_prob_mctavish,10,1,0.02748633611151034
2686,corrected_richness,10,1,0.02748633611151034
2686,shannon,10,1,0.02748633611151034
2686,inv_simpson,10,1,0.02748633611151034
2686,trait_volume,8,0.8,0.08641073297370003
2686,trait_dispersion,8,0.8,0.08641073297370003
2686,rao_q,10,1,0.02748633611151034
2686,feve,10,1,0.02748633611151034
2686,fdiv,0,0,1
2686,fric_prob,0,0,1
2686,fdiv_fund,6,0.6,0.2206713619198468
2686,feve_fund,-4,-0.4,0.4624327264504763
2686,fdis_prob,8,0.8,0.08641073297370003
2686,fmpd_prob,10,1,0.02748633611151034
2686,raoq_fund,10,1,0.02748633611151034
2686,cwm_pc1,-10,-1,0.02748633611151034
2686,cwm_pc2,2,0.2,0.8064959405073402
2686,pd_prob_mctavish,10,1,0.02748633611151034
2686,mpd_prob_mctavish,10,1,0.02748633611151034
2687,corrected_richness,10,1,0.02748633611151034
2687,shannon,10,1,0.02748633611151034
2687,inv_simpson,10,1,0.02748633611151034
2687,trait_volume,10,1,0.02748633611151034
2687,trait_dispersion,8,0.8,0.08641073297370003
2687,rao_q,10,1,0.02748633611151034
2687,feve,10,1,0.02748633611151034
2687,fdiv,0,0,1
2687,fric_prob,0,0,1
2687,fdiv_fund,8,0.8,0.08641073297370003
2687,feve_fund,-4,-0.4,0.4624327264504763
2687,fdis_prob,8,0.8,0.08641073297370003
2687,fmpd_prob,10,1,0.02748633611151034
2687,raoq_fund,10,1,0.02748633611151034
2687,cwm_pc1,-10,-1,0.02748633611151034
2687,cwm_pc2,2,0.2,0.8064959405073402
2687,pd_prob_mctavish,10,1,0.02748633611151034
2687,mpd_prob_mctavish,10,1,0.02748633611151034
2688,corrected_richness,10,1,0.02748633611151034
2688,shannon,10,1,0.02748633611151034
2688,inv_simpson,10,1,0.02748633611151034
2688,trait_volume,10,1,0.02748633611151034
2688,trait_dispersion,8,0.8,0.08641073297370003
2688,rao_q,10,1,0.02748633611151034
2688,feve,10,1,0.02748633611151034
2688,fdiv,0,0,1
2688,fric_prob,0,0,1
2688,fdiv_fund,8,0.8,0.08641073297370003
2688,feve_fund,-6,-0.6,0.2206713619198468
2688,fdis_prob,8,0.8,0.08641073297370003
2688,fmpd_prob,10,1,0.02748633611151034
2688,raoq_fund,10,1,0.02748633611151034
2688,cwm_pc1,-10,-1,0.02748633611151034
2688,cwm_pc2,2,0.2,0.8064959405073402
2688,pd_prob_mctavish,10,1,0.02748633611151034
2688,mpd_prob_mctavish,10,1,0.02748633611151034
2689,corrected_richness,10,1,0.02748633611151034
2689,shannon,10,1,0.02748633611151034
2689,inv_simpson,10,1,0.02748633611151034
2689,trait_volume,10,1,0.02748633611151034
2689,trait_dispersion,8,0.8,0.08641073297370003
2689,rao_q,10,1,0.02748633611151034
2689,feve,10,1,0.02748633611151034
2689,fdiv,0,0,1
2689,fric_prob,0,0,1
2689,fdiv_fund,10,1,0.02748633611151034
2689,feve_fund,-2,-0.2,0.8064959405073402
2689,fdis_prob,6,0.6,0.2206713619198468
2689,fmpd_prob,10,1,0.02748633611151034
2689,raoq_fund,10,1,0.02748633611151034
2689,cwm_pc1,-10,-1,0.02748633611151034
2689,cwm_pc2,2,0.2,0.8064959405073402
2689,pd_prob_mctavish,10,1,0.02748633611151034
2689,mpd_prob_mctavish,10,1,0.02748633611151034
2691,corrected_richness,10,1,0.02748633611151034
2691,shannon,10,1,0.02748633611151034
2691,inv_simpson,10,1,0.02748633611151034
2691,trait_volume,10,1,0.02748633611151034
2691,trait_dispersion,8,0.8,0.08641073297370003
2691,rao_q,10,1,0.02748633611151034
2691,feve,10,1,0.02748633611151034
2691,fdiv,-5,-0.5,0.3122163883433193
2691,fric_prob,0,0,1
2691,fdiv_fund,10,1,0.02748633611151034
2691,feve_fund,-2,-0.2,0.8064959405073402
2691,fdis_prob,6,0.6,0.2206713619198468
2691,fmpd_prob,10,1,0.02748633611151034
2691,raoq_fund,10,1,0.02748633611151034
2691,cwm_pc1,-10,-1,0.02748633611151034
2691,cwm_pc2,2,0.2,0.8064959405073402
2691,pd_prob_mctavish,10,1,0.02748633611151034
2691,mpd_prob_mctavish,10,1,0.02748633611151034
2692,corrected_richness,10,1,0.02748633611151034
2692,shannon,10,1,0.02748633611151034
2692,inv_simpson,10,1,0.02748633611151034
2692,trait_volume,10,1,0.02748633611151034
2692,trait_dispersion,8,0.8,0.08641073297370003
2692,rao_q,10,1,0.02748633611151034
2692,feve,10,1,0.02748633611151034
2692,fdiv,-6,-0.6,0.2206713619198468
2692,fric_prob,0,0,1
2692,fdiv_fund,10,1,0.02748633611151034
2692,feve_fund,-2,-0.2,0.8064959405073402
2692,fdis_prob,8,0.8,0.08641073297370003
2692,fmpd_prob,10,1,0.02748633611151034
2692,raoq_fund,10,1,0.02748633611151034
2692,cwm_pc1,-10,-1,0.02748633611151034
2692,cwm_pc2,2,0.2,0.8064959405073402
2692,pd_prob_mctavish,10,1,0.02748633611151034
2692,mpd_prob_mctavish,10,1,0.02748633611151034
2693,corrected_richness,10,1,0.02748633611151034
2693,shannon,10,1,0.02748633611151034
2693,inv_simpson,10,1,0.02748633611151034
2693,trait_volume,10,1,0.02748633611151034
2693,trait_dispersion,8,0.8,0.08641073297370003
2693,rao_q,10,1,0.02748633611151034
2693,feve,10,1,0.02748633611151034
2693,fdiv,-6,-0.6,0.2206713619198468
2693,fric_prob,-1,-0.1,1
2693,fdiv_fund,10,1,0.02748633611151034
2693,feve_fund,-4,-0.4,0.4624327264504763
2693,fdis_prob,8,0.8,0.08641073297370003
2693,fmpd_prob,10,1,0.02748633611151034
2693,raoq_fund,10,1,0.02748633611151034
2693,cwm_pc1,-10,-1,0.02748633611151034
2693,cwm_pc2,2,0.2,0.8064959405073402
2693,pd_prob_mctavish,10,1,0.02748633611151034
2693,mpd_prob_mctavish,10,1,0.02748633611151034
2694,corrected_richness,10,1,0.02748633611151034
2694,shannon,10,1,0.02748633611151034
2694,inv_simpson,10,1,0.02748633611151034
2694,trait_volume,10,1,0.02748633611151034
2694,trait_dispersion,8,0.8,0.08641073297370003
2694,rao_q,10,1,0.02748633611151034
2694,feve,10,1,0.02748633611151034
2694,fdiv,-6,-0.6,0.2206713619198468
2694,fric_prob,-1,-0.1,1
2694,fdiv_fund,10,1,0.02748633611151034
2694,feve_fund,-4,-0.4,0.4624327264504763
2694,fdis_prob,8,0.8,0.08641073297370003
2694,fmpd_prob,10,1,0.02748633611151034
2694,raoq_fund,8,0.8,0.08641073297370003
2694,cwm_pc1,-10,-1,0.02748633611151034
2694,cwm_pc2,4,0.4,0.4624327264504763
2694,pd_prob_mctavish,10,1,0.02748633611151034
2694,mpd_prob_mctavish,10,1,0.02748633611151034
2695,corrected_richness,10,1,0.02748633611151034
2695,shannon,10,1,0.02748633611151034
2695,inv_simpson,10,1,0.02748633611151034
2695,trait_volume,10,1,0.02748633611151034
2695,trait_dispersion,6,0.6,0.2206713619198468
2695,rao_q,10,1,0.02748633611151034
2695,feve,10,1,0.02748633611151034
2695,fdiv,-6,-0.6,0.2206713619198468
2695,fric_prob,-1,-0.1,1
2695,fdiv_fund,10,1,0.02748633611151034
2695,feve_fund,-2,-0.2,0.8064959405073402
2695,fdis_prob,8,0.8,0.08641073297370003
2695,fmpd_prob,10,1,0.02748633611151034
2695,raoq_fund,8,0.8,0.08641073297370003
2695,cwm_pc1,-10,-1,0.02748633611151034
2695,cwm_pc2,4,0.4,0.4624327264504763
2695,pd_prob_mctavish,10,1,0.02748633611151034
2695,mpd_prob_mctavish,10,1,0.02748633611151034
2696,corrected_richness,10,1,0.02748633611151034
2696,shannon,10,1,0.02748633611151034
2696,inv_simpson,10,1,0.02748633611151034
2696,trait_volume,8,0.8,0.08641073297370003
2696,trait_dispersion,6,0.6,0.2206713619198468
2696,rao_q,8,0.8,0.08641073297370003
2696,feve,10,1,0.02748633611151034
2696,fdiv,-6,-0.6,0.2206713619198468
2696,fric_prob,-2,-0.2,0.8064959405073402
2696,fdiv_fund,8,0.8,0.08641073297370003
2696,feve_fund,-8,-0.8,0.08641073297370003
2696,fdis_prob,8,0.8,0.08641073297370003
2696,fmpd_prob,8,0.8,0.08641073297370003
2696,raoq_fund,8,0.8,0.08641073297370003
2696,cwm_pc1,-10,-1,0.02748633611151034
2696,cwm_pc2,4,0.4,0.4624327264504763
2696,pd_prob_mctavish,10,1,0.02748633611151034
2696,mpd_prob_mctavish,10,1,0.02748633611151034
2697,corrected_richness,10,1,0.02748633611151034
2697,shannon,10,1,0.02748633611151034
2697,inv_simpson,10,1,0.02748633611151034
2697,trait_volume,8,0.8,0.08641073297370003
2697,trait_dispersion,4,0.4,0.4624327264504763
2697,rao_q,8,0.8,0.08641073297370003
2697,feve,10,1,0.02748633611151034
2697,fdiv,-6,-0.6,0.2206713619198468
2697,fric_prob,0,0,1
2697,fdiv_fund,8,0.8,0.08641073297370003
2697,feve_fund,-8,-0.8,0.08641073297370003
2697,fdis_prob,0,0,1
2697,fmpd_prob,8,0.8,0.08641073297370003
2697,raoq_fund,6,0.6,0.2206713619198468
2697,cwm_pc1,-10,-1,0.02748633611151034
2697,cwm_pc2,4,0.4,0.4624327264504763
2697,pd_prob_mctavish,10,1,0.02748633611151034
2697,mpd_prob_mctavish,10,1,0.02748633611151034
2698,corrected_richness,10,1,0.02748633611151034
2698,shannon,10,1,0.02748633611151034
2698,inv_simpson,10,1,0.02748633611151034
2698,trait_volume,0,0,1
2698,trait_dispersion,4,0.4,0.4624327264504763
2698,rao_q,4,0.4,0.4624327264504763
2698,feve,10,1,0.02748633611151034
2698,fdiv,-6,-0.6,0.2206713619198468
2698,fric_prob,2,0.2,0.8064959405073402
2698,fdiv_fund,6,0.6,0.2206713619198468
2698,feve_fund,-8,-0.8,0.08641073297370003
2698,fdis_prob,0,0,1
2698,fmpd_prob,2,0.2,0.8064959405073402
2698,raoq_fund,2,0.2,0.8064959405073402
2698,cwm_pc1,-10,-1,0.02748633611151034
2698,cwm_pc2,6,0.6,0.2206713619198468
2698,pd_prob_mctavish,10,1,0.02748633611151034
2698,mpd_prob_mctavish,10,1,0.02748633611151034
2699,corrected_richness,10,1,0.02748633611151034
2699,shannon,10,1,0.02748633611151034
2699,inv_simpson,10,1,0.02748633611151034
2699,trait_volume,-2,-0.2,0.8064959405073402
2699,trait_dispersion,2,0.2,0.8064959405073402
2699,rao_q,0,0,1
2699,feve,10,1,0.02748633611151034
2699,fdiv,-4,-0.4,0.4624327264504763
2699,fric_prob,2,0.2,0.8064959405073402
2699,fdiv_fund,2,0.2,0.8064959405073402
2699,feve_fund,-8,-0.8,0.08641073297370003
2699,fdis_prob,2,0.2,0.8064959405073402
2699,fmpd_prob,0,0,1
2699,raoq_fund,2,0.2,0.8064959405073402
2699,cwm_pc1,-10,-1,0.02748633611151034
2699,cwm_pc2,6,0.6,0.2206713619198468
2699,pd_prob_mctavish,10,1,0.02748633611151034
2699,mpd_prob_mctavish,10,1,0.02748633611151034
2700,corrected_richness,10,1,0.02748633611151034
2700,shannon,10,1,0.02748633611151034
2700,inv_simpson,10,1,0.02748633611151034
2700,trait_volume,-2,-0.2,0.8064959405073402
2700,trait_dispersion,0,0,1
2700,rao_q,-2,-0.2,0.8064959405073402
2700,feve,10,1,0.02748633611151034
2700,fdiv,-4,-0.4,0.4624327264504763
2700,fric_prob,2,0.2,0.8064959405073402
2700,fdiv_fund,0,0,1
2700,feve_fund,-8,-0.8,0.08641073297370003
2700,fdis_prob,2,0.2,0.8064959405073402
2700,fmpd_prob,-2,-0.2,0.8064959405073402
2700,raoq_fund,2,0.2,0.8064959405073402
2700,cwm_pc1,-10,-1,0.02748633611151034
2700,cwm_pc2,6,0.6,0.2206713619198468
2700,pd_prob_mctavish,10,1,0.02748633611151034
2700,mpd_prob_mctavish,10,1,0.02748633611151034
2701,corrected_richness,10,1,0.02748633611151034
2701,shannon,10,1,0.02748633611151034
2701,inv_simpson,10,1,0.02748633611151034
2701,trait_volume,-4,-0.4,0.4624327264504763
2701,trait_dispersion,0,0,1
2701,rao_q,-2,-0.2,0.8064959405073402
2701,feve,10,1,0.02748633611151034
2701,fdiv,-2,-0.2,0.8064959405073402
2701,fric_prob,-6,-0.6,0.2206713619198468
2701,fdiv_fund,4,0.4,0.4624327264504763
2701,feve_fund,-8,-0.8,0.08641073297370003
2701,fdis_prob,-2,-0.2,0.8064959405073402
2701,fmpd_prob,-4,-0.4,0.4624327264504763
2701,raoq_fund,0,0,1
2701,cwm_pc1,-10,-1,0.02748633611151034
2701,cwm_pc2,6,0.6,0.2206713619198468
2701,pd_prob_mctavish,10,1,0.02748633611151034
2701,mpd_prob_mctavish,10,1,0.02748633611151034
2702,corrected_richness,10,1,0.02748633611151034
2702,shannon,10,1,0.02748633611151034
2702,inv_simpson,10,1,0.02748633611151034
2702,trait_volume,-4,-0.4,0.4624327264504763
2702,trait_dispersion,0,0,1
2702,rao_q,-4,-0.4,0.4624327264504763
2702,feve,10,1,0.02748633611151034
2702,fdiv,-2,-0.2,0.8064959405073402
2702,fric_prob,-6,-0.6,0.2206713619198468
2702,fdiv_fund,2,0.2,0.8064959405073402
2702,feve_fund,-10,-1,0.02748633611151034
2702,fdis_prob,-4,-0.4,0.4624327264504763
2702,fmpd_prob,-4,-0.4,0.4624327264504763
2702,raoq_fund,-2,-0.2,0.8064959405073402
2702,cwm_pc1,-10,-1,0.02748633611151034
2702,cwm_pc2,6,0.6,0.2206713619198468
2702,pd_prob_mctavish,10,1,0.02748633611151034
2702,mpd_prob_mctavish,10,1,0.02748633611151034
2703,corrected_richness,10,1,0.02748633611151034
2703,shannon,10,1,0.02748633611151034
2703,inv_simpson,10,1,0.02748633611151034
2703,trait_volume,-6,-0.6,0.2206713619198468
2703,trait_dispersion,-2,-0.2,0.8064959405073402
2703,rao_q,-6,-0.6,0.2206713619198468
2703,feve,10,1,0.02748633611151034
2703,fdiv,-2,-0.2,0.8064959405073402
2703,fric_prob,-4,-0.4,0.4624327264504763
2703,fdiv_fund,-4,-0.4,0.4624327264504763
2703,feve_fund,-10,-1,0.02748633611151034
2703,fdis_prob,-6,-0.6,0.2206713619198468
2703,fmpd_prob,-6,-0.6,0.2206713619198468
2703,raoq_fund,-4,-0.4,0.4624327264504763
2703,cwm_pc1,-10,-1,0.02748633611151034
2703,cwm_pc2,6,0.6,0.2206713619198468
2703,pd_prob_mctavish,10,1,0.02748633611151034
2703,mpd_prob_mctavish,10,1,0.02748633611151034
2704,corrected_richness,10,1,0.02748633611151034
2704,shannon,10,1,0.02748633611151034
2704,inv_simpson,10,1,0.02748633611151034
2704,trait_volume,-6,-0.6,0.2206713619198468
2704,trait_dispersion,-2,-0.2,0.8064959405073402
2704,rao_q,-6,-0.6,0.2206713619198468
2704,feve,10,1,0.02748633611151034
2704,fdiv,-2,-0.2,0.8064959405073402
2704,fric_prob,-2,-0.2,0.8064959405073402
2704,fdiv_fund,-6,-0.6,0.2206713619198468
2704,feve_fund,-10,-1,0.02748633611151034
2704,fdis_prob,-8,-0.8,0.08641073297370003
2704,fmpd_prob,-8,-0.8,0.08641073297370003
2704,raoq_fund,-8,-0.8,0.08641073297370003
2704,cwm_pc1,-10,-1,0.02748633611151034
2704,cwm_pc2,6,0.6,0.2206713619198468
2704,pd_prob_mctavish,10,1,0.02748633611151034
2704,mpd_prob_mctavish,10,1,0.02748633611151034
2705,corrected_richness,10,1,0.02748633611151034
2705,shannon,10,1,0.02748633611151034
2705,inv_simpson,10,1,0.02748633611151034
2705,trait_volume,-8,-0.8,0.08641073297370003
2705,trait_dispersion,-4,-0.4,0.4624327264504763
2705,rao_q,-8,-0.8,0.08641073297370003
2705,feve,10,1,0.02748633611151034
2705,fdiv,-2,-0.2,0.8064959405073402
2705,fric_prob,-2,-0.2,0.8064959405073402
2705,fdiv_fund,-6,-0.6,0.2206713619198468
2705,feve_fund,-10,-1,0.02748633611151034
2705,fdis_prob,-8,-0.8,0.08641073297370003
2705,fmpd_prob,-8,-0.8,0.08641073297370003
2705,raoq_fund,-8,-0.8,0.08641073297370003
2705,cwm_pc1,-10,-1,0.02748633611151034
2705,cwm_pc2,6,0.6,0.2206713619198468
2705,pd_prob_mctavish,10,1,0.02748633611151034
2705,mpd_prob_mctavish,10,1,0.02748633611151034
2706,corrected_richness,10,1,0.02748633611151034
2706,shannon,10,1,0.02748633611151034
2706,inv_simpson,10,1,0.02748633611151034
2706,trait_volume,-8,-0.8,0.08641073297370003
2706,trait_dispersion,-4,-0.4,0.4624327264504763
2706,rao_q,-8,-0.8,0.08641073297370003
2706,feve,10,1,0.02748633611151034
2706,fdiv,-2,-0.2,0.8064959405073402
2706,fric_prob,-2,-0.2,0.8064959405073402
2706,fdiv_fund,-6,-0.6,0.2206713619198468
2706,feve_fund,-10,-1,0.02748633611151034
2706,fdis_prob,-8,-0.8,0.08641073297370003
2706,fmpd_prob,-8,-0.8,0.08641073297370003
2706,raoq_fund,-8,-0.8,0.08641073297370003
2706,cwm_pc1,-10,-1,0.02748633611151034
2706,cwm_pc2,6,0.6,0.2206713619198468
2706,pd_prob_mctavish,10,1,0.02748633611151034
2706,mpd_prob_mctavish,10,1,0.02748633611151034
2707,corrected_richness,10,1,0.02748633611151034
2707,shannon,10,1,0.02748633611151034
2707,inv_simpson,10,1,0.02748633611151034
2707,trait_volume,-8,-0.8,0.08641073297370003
2707,trait_dispersion,-4,-0.4,0.4624327264504763
2707,rao_q,-8,-0.8,0.08641073297370003
2707,feve,10,1,0.02748633611151034
2707,fdiv,-2,-0.2,0.8064959405073402
2707,fric_prob,2,0.2,0.8064959405073402
2707,fdiv_fund,-6,-0.6,0.2206713619198468
2707,feve_fund,-10,-1,0.02748633611151034
2707,fdis_prob,-8,-0.8,0.08641073297370003
2707,fmpd_prob,-8,-0.8,0.08641073297370003
2707,raoq_fund,-8,-0.8,0.08641073297370003
2707,cwm_pc1,-10,-1,0.02748633611151034
2707,cwm_pc2,6,0.6,0.2206713619198468
2707,pd_prob_mctavish,10,1,0.02748633611151034
2707,mpd_prob_mctavish,10,1,0.02748633611151034
2708,corrected_richness,10,1,0.02748633611151034
2708,shannon,10,1,0.02748633611151034
2708,inv_simpson,10,1,0.02748633611151034
2708,trait_volume,-8,-0.8,0.08641073297370003
2708,trait_dispersion,-4,-0.4,0.4624327264504763
2708,rao_q,-8,-0.8,0.08641073297370003
2708,feve,10,1,0.02748633611151034
2708,fdiv,-2,-0.2,0.8064959405073402
2708,fric_prob,6,0.6,0.2206713619198468
2708,fdiv_fund,-4,-0.4,0.4624327264504763
2708,feve_fund,-10,-1,0.02748633611151034
2708,fdis_prob,-8,-0.8,0.08641073297370003
2708,fmpd_prob,-8,-0.8,0.08641073297370003
2708,raoq_fund,-8,-0.8,0.08641073297370003
2708,cwm_pc1,-10,-1,0.02748633611151034
2708,cwm_pc2,6,0.6,0.2206713619198468
2708,pd_prob_mctavish,10,1,0.02748633611151034
2708,mpd_prob_mctavish,10,1,0.02748633611151034
2709,corrected_richness,10,1,0.02748633611151034
2709,shannon,10,1,0.02748633611151034
2709,inv_simpson,10,1,0.02748633611151034
2709,trait_volume,-8,-0.8,0.08641073297370003
2709,trait_dispersion,-4,-0.4,0.4624327264504763
2709,rao_q,-8,-0.8,0.08641073297370003
2709,feve,10,1,0.02748633611151034
2709,fdiv,-2,-0.2,0.8064959405073402
2709,fric_prob,8,0.8,0.08641073297370003
2709,fdiv_fund,-4,-0.4,0.4624327264504763
2709,feve_fund,-10,-1,0.02748633611151034
2709,fdis_prob,-8,-0.8,0.08641073297370003
2709,fmpd_prob,-8,-0.8,0.08641073297370003
2709,raoq_fund,-8,-0.8,0.08641073297370003
2709,cwm_pc1,-10,-1,0.02748633611151034
2709,cwm_pc2,6,0.6,0.2206713619198468
2709,pd_prob_mctavish,10,1,0.02748633611151034
2709,mpd_prob_mctavish,10,1,0.02748633611151034
2710,corrected_richness,10,1,0.02748633611151034
2710,shannon,10,1,0.02748633611151034
2710,inv_simpson,10,1,0.02748633611151034
2710,trait_volume,-8,-0.8,0.08641073297370003
2710,trait_dispersion,-4,-0.4,0.4624327264504763
2710,rao_q,-8,-0.8,0.08641073297370003
2710,feve,10,1,0.02748633611151034
2710,fdiv,-2,-0.2,0.8064959405073402
2710,fric_prob,8,0.8,0.08641073297370003
2710,fdiv_fund,-4,-0.4,0.4624327264504763
2710,feve_fund,-10,-1,0.02748633611151034
2710,fdis_prob,-8,-0.8,0.08641073297370003
2710,fmpd_prob,-8,-0.8,0.08641073297370003
2710,raoq_fund,-8,-0.8,0.08641073297370003
2710,cwm_pc1,-10,-1,0.02748633611151034
2710,cwm_pc2,6,0.6,0.2206713619198468
2710,pd_prob_mctavish,10,1,0.02748633611151034
2710,mpd_prob_mctavish,10,1,0.02748633611151034
2711,corrected_richness,10,1,0.02748633611151034
2711,shannon,10,1,0.02748633611151034
2711,inv_simpson,10,1,0.02748633611151034
2711,trait_volume,-10,-1,0.02748633611151034
2711,trait_dispersion,-6,-0.6,0.2206713619198468
2711,rao_q,-10,-1,0.02748633611151034
2711,feve,10,1,0.02748633611151034
2711,fdiv,-2,-0.2,0.8064959405073402
2711,fric_prob,8,0.8,0.08641073297370003
2711,fdiv_fund,0,0,1
2711,feve_fund,-10,-1,0.02748633611151034
2711,fdis_prob,-8,-0.8,0.08641073297370003
2711,fmpd_prob,-10,-1,0.02748633611151034
2711,raoq_fund,-8,-0.8,0.08641073297370003
2711,cwm_pc1,-10,-1,0.02748633611151034
2711,cwm_pc2,6,0.6,0.2206713619198468
2711,pd_prob_mctavish,10,1,0.02748633611151034
2711,mpd_prob_mctavish,10,1,0.02748633611151034
2712,corrected_richness,10,1,0.02748633611151034
2712,shannon,10,1,0.02748633611151034
2712,inv_simpson,10,1,0.02748633611151034
2712,trait_volume,-10,-1,0.02748633611151034
2712,trait_dispersion,-6,-0.6,0.2206713619198468
2712,rao_q,-10,-1,0.02748633611151034
2712,feve,10,1,0.02748633611151034
2712,fdiv,-2,-0.2,0.8064959405073402
2712,fric_prob,8,0.8,0.08641073297370003
2712,fdiv_fund,2,0.2,0.8064959405073402
2712,feve_fund,-10,-1,0.02748633611151034
2712,fdis_prob,-10,-1,0.02748633611151034
2712,fmpd_prob,-10,-1,0.02748633611151034
2712,raoq_fund,-8,-0.8,0.08641073297370003
2712,cwm_pc1,-10,-1,0.02748633611151034
2712,cwm_pc2,8,0.8,0.08641073297370003
2712,pd_prob_mctavish,10,1,0.02748633611151034
2712,mpd_prob_mctavish,10,1,0.02748633611151034
2713,corrected_richness,10,1,0.02748633611151034
2713,shannon,10,1,0.02748633611151034
2713,inv_simpson,10,1,0.02748633611151034
2713,trait_volume,-10,-1,0.02748633611151034
2713,trait_dispersion,-6,-0.6,0.2206713619198468
2713,rao_q,-10,-1,0.02748633611151034
2713,feve,10,1,0.02748633611151034
2713,fdiv,-2,-0.2,0.8064959405073402
2713,fric_prob,4,0.4,0.4624327264504763
2713,fdiv_fund,2,0.2,0.8064959405073402
2713,feve_fund,-10,-1,0.02748633611151034
2713,fdis_prob,-10,-1,0.02748633611151034
2713,fmpd_prob,-10,-1,0.02748633611151034
2713,raoq_fund,-10,-1,0.02748633611151034
2713,cwm_pc1,-10,-1,0.02748633611151034
2713,cwm_pc2,8,0.8,0.08641073297370003
2713,pd_prob_mctavish,10,1,0.02748633611151034
2713,mpd_prob_mctavish,10,1,0.02748633611151034
2714,corrected_richness,10,1,0.02748633611151034
2714,shannon,10,1,0.02748633611151034
2714,inv_simpson,10,1,0.02748633611151034
2714,trait_volume,-10,-1,0.02748633611151034
2714,trait_dispersion,-6,-0.6,0.2206713619198468
2714,rao_q,-10,-1,0.02748633611151034
2714,feve,10,1,0.02748633611151034
2714,fdiv,-2,-0.2,0.8064959405073402
2714,fric_prob,0,0,1
2714,fdiv_fund,2,0.2,0.8064959405073402
2714,feve_fund,-10,-1,0.02748633611151034
2714,fdis_prob,-8,-0.8,0.08641073297370003
2714,fmpd_prob,-10,-1,0.02748633611151034
2714,raoq_fund,-10,-1,0.02748633611151034
2714,cwm_pc1,-10,-1,0.02748633611151034
2714,cwm_pc2,8,0.8,0.08641073297370003
2714,pd_prob_mctavish,10,1,0.02748633611151034
2714,mpd_prob_mctavish,10,1,0.02748633611151034
2715,corrected_richness,10,1,0.02748633611151034
2715,shannon,10,1,0.02748633611151034
2715,inv_simpson,10,1,0.02748633611151034
2715,trait_volume,-10,-1,0.02748633611151034
2715,trait_dispersion,-8,-0.8,0.08641073297370003
2715,rao_q,-10,-1,0.02748633611151034
2715,feve,10,1,0.02748633611151034
2715,fdiv,-2,-0.2,0.8064959405073402
2715,fric_prob,-2,-0.2,0.8064959405073402
2715,fdiv_fund,2,0.2,0.8064959405073402
2715,feve_fund,-10,-1,0.02748633611151034
2715,fdis_prob,-8,-0.8,0.08641073297370003
2715,fmpd_prob,-10,-1,0.02748633611151034
2715,raoq_fund,-10,-1,0.02748633611151034
2715,cwm_pc1,-10,-1,0.02748633611151034
2715,cwm_pc2,8,0.8,0.08641073297370003
2715,pd_prob_mctavish,10,1,0.02748633611151034
2715,mpd_prob_mctavish,10,1,0.02748633611151034
2716,corrected_richness,10,1,0.02748633611151034
2716,shannon,10,1,0.02748633611151034
2716,inv_simpson,10,1,0.02748633611151034
2716,trait_volume,-10,-1,0.02748633611151034
2716,trait_dispersion,-8,-0.8,0.08641073297370003
2716,rao_q,-10,-1,0.02748633611151034
2716,feve,10,1,0.02748633611151034
2716,fdiv,-2,-0.2,0.8064959405073402
2716,fric_prob,-4,-0.4,0.4624327264504763
2716,fdiv_fund,4,0.4,0.4624327264504763
2716,feve_fund,-10,-1,0.02748633611151034
2716,fdis_prob,-10,-1,0.02748633611151034
2716,fmpd_prob,-10,-1,0.02748633611151034
2716,raoq_fund,-10,-1,0.02748633611151034
2716,cwm_pc1,-10,-1,0.02748633611151034
2716,cwm_pc2,8,0.8,0.08641073297370003
2716,pd_prob_mctavish,10,1,0.02748633611151034
2716,mpd_prob_mctavish,10,1,0.02748633611151034
2717,corrected_richness,10,1,0.02748633611151034
2717,shannon,10,1,0.02748633611151034
2717,inv_simpson,10,1,0.02748633611151034
2717,trait_volume,-10,-1,0.02748633611151034
2717,trait_dispersion,-8,-0.8,0.08641073297370003
2717,rao_q,-10,-1,0.02748633611151034
2717,feve,10,1,0.02748633611151034
2717,fdiv,-2,-0.2,0.8064959405073402
2717,fric_prob,-4,-0.4,0.4624327264504763
2717,fdiv_fund,4,0.4,0.4624327264504763
2717,feve_fund,-10,-1,0.02748633611151034
2717,fdis_prob,-6,-0.6,0.2206713619198468
2717,fmpd_prob,-10,-1,0.02748633611151034
2717,raoq_fund,-10,-1,0.02748633611151034
2717,cwm_pc1,-10,-1,0.02748633611151034
2717,cwm_pc2,8,0.8,0.08641073297370003
2717,pd_prob_mctavish,10,1,0.02748633611151034
2717,mpd_prob_mctavish,10,1,0.02748633611151034
2718,corrected_richness,10,1,0.02748633611151034
2718,shannon,10,1,0.02748633611151034
2718,inv_simpson,10,1,0.02748633611151034
2718,trait_volume,-10,-1,0.02748633611151034
2718,trait_dispersion,-8,-0.8,0.08641073297370003
2718,rao_q,-10,-1,0.02748633611151034
2718,feve,10,1,0.02748633611151034
2718,fdiv,-2,-0.2,0.8064959405073402
2718,fric_prob,-4,-0.4,0.4624327264504763
2718,fdiv_fund,4,0.4,0.4624327264504763
2718,feve_fund,-10,-1,0.02748633611151034
2718,fdis_prob,-8,-0.8,0.08641073297370003
2718,fmpd_prob,-10,-1,0.02748633611151034
2718,raoq_fund,-10,-1,0.02748633611151034
2718,cwm_pc1,-10,-1,0.02748633611151034
2718,cwm_pc2,8,0.8,0.08641073297370003
2718,pd_prob_mctavish,10,1,0.02748633611151034
2718,mpd_prob_mctavish,10,1,0.02748633611151034
2719,corrected_richness,10,1,0.02748633611151034
2719,shannon,10,1,0.02748633611151034
2719,inv_simpson,10,1,0.02748633611151034
2719,trait_volume,-10,-1,0.02748633611151034
2719,trait_dispersion,-10,-1,0.02748633611151034
2719,rao_q,-10,-1,0.02748633611151034
2719,feve,10,1,0.02748633611151034
2719,fdiv,0,0,1
2719,fric_prob,-4,-0.4,0.4624327264504763
2719,fdiv_fund,4,0.4,0.4624327264504763
2719,feve_fund,-10,-1,0.02748633611151034
2719,fdis_prob,-8,-0.8,0.08641073297370003
2719,fmpd_prob,-10,-1,0.02748633611151034
2719,raoq_fund,-10,-1,0.02748633611151034
2719,cwm_pc1,-10,-1,0.02748633611151034
2719,cwm_pc2,8,0.8,0.08641073297370003
2719,pd_prob_mctavish,10,1,0.02748633611151034
2719,mpd_prob_mctavish,10,1,0.02748633611151034
2750,corrected_richness,10,1,0.02748633611151034
2750,shannon,10,1,0.02748633611151034
2750,inv_simpson,10,1,0.02748633611151034
2750,trait_volume,8,0.8,0.08641073297370003
2750,trait_dispersion,6,0.6,0.2206713619198468
2750,rao_q,10,1,0.02748633611151034
2750,feve,10,1,0.02748633611151034
2750,fdiv,0,0,1
2750,fric_prob,0,0,1
2750,fdiv_fund,8,0.8,0.08641073297370003
2750,feve_fund,2,0.2,0.8064959405073402
2750,fdis_prob,4,0.4,0.4624327264504763
2750,fmpd_prob,10,1,0.02748633611151034
2750,raoq_fund,8,0.8,0.08641073297370003
2750,cwm_pc1,-4,-0.4,0.4624327264504763
2750,cwm_pc2,2,0.2,0.8064959405073402
2750,pd_prob_mctavish,10,1,0.02748633611151034
2750,mpd_prob_mctavish,10,1,0.02748633611151034
2751,corrected_richness,10,1,0.02748633611151034
2751,shannon,10,1,0.02748633611151034
2751,inv_simpson,10,1,0.02748633611151034
2751,trait_volume,8,0.8,0.08641073297370003
2751,trait_dispersion,6,0.6,0.2206713619198468
2751,rao_q,10,1,0.02748633611151034
2751,feve,10,1,0.02748633611151034
2751,fdiv,0,0,1
2751,fric_prob,0,0,1
2751,fdiv_fund,8,0.8,0.08641073297370003
2751,feve_fund,2,0.2,0.8064959405073402
2751,fdis_prob,4,0.4,0.4624327264504763
2751,fmpd_prob,10,1,0.02748633611151034
2751,raoq_fund,8,0.8,0.08641073297370003
2751,cwm_pc1,-4,-0.4,0.4624327264504763
2751,cwm_pc2,2,0.2,0.8064959405073402
2751,pd_prob_mctavish,10,1,0.02748633611151034
2751,mpd_prob_mctavish,10,1,0.02748633611151034
2752,corrected_richness,10,1,0.02748633611151034
2752,shannon,10,1,0.02748633611151034
2752,inv_simpson,10,1,0.02748633611151034
2752,trait_volume,8,0.8,0.08641073297370003
2752,trait_dispersion,8,0.8,0.08641073297370003
2752,rao_q,10,1,0.02748633611151034
2752,feve,10,1,0.02748633611151034
2752,fdiv,0,0,1
2752,fric_prob,0,0,1
2752,fdiv_fund,8,0.8,0.08641073297370003
2752,feve_fund,2,0.2,0.8064959405073402
2752,fdis_prob,4,0.4,0.4624327264504763
2752,fmpd_prob,10,1,0.02748633611151034
2752,raoq_fund,8,0.8,0.08641073297370003
2752,cwm_pc1,-4,-0.4,0.4624327264504763
2752,cwm_pc2,2,0.2,0.8064959405073402
2752,pd_prob_mctavish,10,1,0.02748633611151034
2752,mpd_prob_mctavish,10,1,0.02748633611151034
2753,corrected_richness,10,1,0.02748633611151034
2753,shannon,10,1,0.02748633611151034
2753,inv_simpson,10,1,0.02748633611151034
2753,trait_volume,8,0.8,0.08641073297370003
2753,trait_dispersion,8,0.8,0.08641073297370003
2753,rao_q,10,1,0.02748633611151034
2753,feve,10,1,0.02748633611151034
2753,fdiv,0,0,1
2753,fric_prob,0,0,1
2753,fdiv_fund,8,0.8,0.08641073297370003
2753,feve_fund,2,0.2,0.8064959405073402
2753,fdis_prob,2,0.2,0.8064959405073402
2753,fmpd_prob,10,1,0.02748633611151034
2753,raoq_fund,10,1,0.02748633611151034
2753,cwm_pc1,-4,-0.4,0.4624327264504763
2753,cwm_pc2,2,0.2,0.8064959405073402
2753,pd_prob_mctavish,10,1,0.02748633611151034
2753,mpd_prob_mctavish,10,1,0.02748633611151034
2755,corrected_richness,10,1,0.02748633611151034
2755,shannon,10,1,0.02748633611151034
2755,inv_simpson,10,1,0.02748633611151034
2755,trait_volume,8,0.8,0.08641073297370003
2755,trait_dispersion,8,0.8,0.08641073297370003
2755,rao_q,10,1,0.02748633611151034
2755,feve,10,1,0.02748633611151034
2755,fdiv,0,0,1
2755,fric_prob,0,0,1
2755,fdiv_fund,8,0.8,0.08641073297370003
2755,feve_fund,2,0.2,0.8064959405073402
2755,fdis_prob,2,0.2,0.8064959405073402
2755,fmpd_prob,10,1,0.02748633611151034
2755,raoq_fund,8,0.8,0.08641073297370003
2755,cwm_pc1,-6,-0.6,0.2206713619198468
2755,cwm_pc2,2,0.2,0.8064959405073402
2755,pd_prob_mctavish,10,1,0.02748633611151034
2755,mpd_prob_mctavish,10,1,0.02748633611151034
2756,corrected_richness,10,1,0.02748633611151034
2756,shannon,10,1,0.02748633611151034
2756,inv_simpson,10,1,0.02748633611151034
2756,trait_volume,8,0.8,0.08641073297370003
2756,trait_dispersion,8,0.8,0.08641073297370003
2756,rao_q,10,1,0.02748633611151034
2756,feve,10,1,0.02748633611151034
2756,fdiv,0,0,1
2756,fric_prob,0,0,1
2756,fdiv_fund,8,0.8,0.08641073297370003
2756,feve_fund,2,0.2,0.8064959405073402
2756,fdis_prob,4,0.4,0.4624327264504763
2756,fmpd_prob,10,1,0.02748633611151034
2756,raoq_fund,8,0.8,0.08641073297370003
2756,cwm_pc1,-10,-1,0.02748633611151034
2756,cwm_pc2,2,0.2,0.8064959405073402
2756,pd_prob_mctavish,10,1,0.02748633611151034
2756,mpd_prob_mctavish,10,1,0.02748633611151034
2757,corrected_richness,10,1,0.02748633611151034
2757,shannon,10,1,0.02748633611151034
2757,inv_simpson,10,1,0.02748633611151034
2757,trait_volume,10,1,0.02748633611151034
2757,trait_dispersion,8,0.8,0.08641073297370003
2757,rao_q,10,1,0.02748633611151034
2757,feve,10,1,0.02748633611151034
2757,fdiv,0,0,1
2757,fric_prob,0,0,1
2757,fdiv_fund,8,0.8,0.08641073297370003
2757,feve_fund,-2,-0.2,0.8064959405073402
2757,fdis_prob,8,0.8,0.08641073297370003
2757,fmpd_prob,10,1,0.02748633611151034
2757,raoq_fund,8,0.8,0.08641073297370003
2757,cwm_pc1,-10,-1,0.02748633611151034
2757,cwm_pc2,2,0.2,0.8064959405073402
2757,pd_prob_mctavish,10,1,0.02748633611151034
2757,mpd_prob_mctavish,10,1,0.02748633611151034
2758,corrected_richness,10,1,0.02748633611151034
2758,shannon,10,1,0.02748633611151034
2758,inv_simpson,10,1,0.02748633611151034
2758,trait_volume,10,1,0.02748633611151034
2758,trait_dispersion,8,0.8,0.08641073297370003
2758,rao_q,10,1,0.02748633611151034
2758,feve,10,1,0.02748633611151034
2758,fdiv,0,0,1
2758,fric_prob,0,0,1
2758,fdiv_fund,8,0.8,0.08641073297370003
2758,feve_fund,-6,-0.6,0.2206713619198468
2758,fdis_prob,4,0.4,0.4624327264504763
2758,fmpd_prob,10,1,0.02748633611151034
2758,raoq_fund,8,0.8,0.08641073297370003
2758,cwm_pc1,-10,-1,0.02748633611151034
2758,cwm_pc2,2,0.2,0.8064959405073402
2758,pd_prob_mctavish,10,1,0.02748633611151034
2758,mpd_prob_mctavish,10,1,0.02748633611151034
2759,corrected_richness,10,1,0.02748633611151034
2759,shannon,10,1,0.02748633611151034
2759,inv_simpson,10,1,0.02748633611151034
2759,trait_volume,10,1,0.02748633611151034
2759,trait_dispersion,8,0.8,0.08641073297370003
2759,rao_q,10,1,0.02748633611151034
2759,feve,10,1,0.02748633611151034
2759,fdiv,0,0,1
2759,fric_prob,0,0,1
2759,fdiv_fund,8,0.8,0.08641073297370003
2759,feve_fund,-6,-0.6,0.2206713619198468
2759,fdis_prob,6,0.6,0.2206713619198468
2759,fmpd_prob,10,1,0.02748633611151034
2759,raoq_fund,10,1,0.02748633611151034
2759,cwm_pc1,-10,-1,0.02748633611151034
2759,cwm_pc2,2,0.2,0.8064959405073402
2759,pd_prob_mctavish,10,1,0.02748633611151034
2759,mpd_prob_mctavish,10,1,0.02748633611151034
2765,corrected_richness,10,1,0.02748633611151034
2765,shannon,10,1,0.02748633611151034
2765,inv_simpson,10,1,0.02748633611151034
2765,trait_volume,10,1,0.02748633611151034
2765,trait_dispersion,8,0.8,0.08641073297370003
2765,rao_q,10,1,0.02748633611151034
2765,feve,10,1,0.02748633611151034
2765,fdiv,-6,-0.6,0.2206713619198468
2765,fric_prob,-1,-0.1,1
2765,fdiv_fund,10,1,0.02748633611151034
2765,feve_fund,-6,-0.6,0.2206713619198468
2765,fdis_prob,8,0.8,0.08641073297370003
2765,fmpd_prob,10,1,0.02748633611151034
2765,raoq_fund,10,1,0.02748633611151034
2765,cwm_pc1,-10,-1,0.02748633611151034
2765,cwm_pc2,4,0.4,0.4624327264504763
2765,pd_prob_mctavish,10,1,0.02748633611151034
2765,mpd_prob_mctavish,10,1,0.02748633611151034
2766,corrected_richness,10,1,0.02748633611151034
2766,shannon,10,1,0.02748633611151034
2766,inv_simpson,10,1,0.02748633611151034
2766,trait_volume,10,1,0.02748633611151034
2766,trait_dispersion,6,0.6,0.2206713619198468
2766,rao_q,10,1,0.02748633611151034
2766,feve,10,1,0.02748633611151034
2766,fdiv,-6,-0.6,0.2206713619198468
2766,fric_prob,-1,-0.1,1
2766,fdiv_fund,10,1,0.02748633611151034
2766,feve_fund,-8,-0.8,0.08641073297370003
2766,fdis_prob,8,0.8,0.08641073297370003
2766,fmpd_prob,10,1,0.02748633611151034
2766,raoq_fund,8,0.8,0.08641073297370003
2766,cwm_pc1,-10,-1,0.02748633611151034
2766,cwm_pc2,4,0.4,0.4624327264504763
2766,pd_prob_mctavish,10,1,0.02748633611151034
2766,mpd_prob_mctavish,10,1,0.02748633611151034
2767,corrected_richness,10,1,0.02748633611151034
2767,shannon,10,1,0.02748633611151034
2767,inv_simpson,10,1,0.02748633611151034
2767,trait_volume,8,0.8,0.08641073297370003
2767,trait_dispersion,6,0.6,0.2206713619198468
2767,rao_q,8,0.8,0.08641073297370003
2767,feve,10,1,0.02748633611151034
2767,fdiv,-6,-0.6,0.2206713619198468
2767,fric_prob,-1,-0.1,1
2767,fdiv_fund,8,0.8,0.08641073297370003
2767,feve_fund,-8,-0.8,0.08641073297370003
2767,fdis_prob,6,0.6,0.2206713619198468
2767,fmpd_prob,8,0.8,0.08641073297370003
2767,raoq_fund,8,0.8,0.08641073297370003
2767,cwm_pc1,-10,-1,0.02748633611151034
2767,cwm_pc2,4,0.4,0.4624327264504763
2767,pd_prob_mctavish,10,1,0.02748633611151034
2767,mpd_prob_mctavish,10,1,0.02748633611151034
2768,corrected_richness,10,1,0.02748633611151034
2768,shannon,10,1,0.02748633611151034
2768,inv_simpson,10,1,0.02748633611151034
2768,trait_volume,8,0.8,0.08641073297370003
2768,trait_dispersion,4,0.4,0.4624327264504763
2768,rao_q,8,0.8,0.08641073297370003
2768,feve,10,1,0.02748633611151034
2768,fdiv,-6,-0.6,0.2206713619198468
2768,fric_prob,2,0.2,0.8064959405073402
2768,fdiv_fund,8,0.8,0.08641073297370003
2768,feve_fund,-8,-0.8,0.08641073297370003
2768,fdis_prob,2,0.2,0.8064959405073402
2768,fmpd_prob,8,0.8,0.08641073297370003
2768,raoq_fund,8,0.8,0.08641073297370003
2768,cwm_pc1,-10,-1,0.02748633611151034
2768,cwm_pc2,4,0.4,0.4624327264504763
2768,pd_prob_mctavish,10,1,0.02748633611151034
2768,mpd_prob_mctavish,10,1,0.02748633611151034
2769,corrected_richness,10,1,0.02748633611151034
2769,shannon,10,1,0.02748633611151034
2769,inv_simpson,10,1,0.02748633611151034
2769,trait_volume,6,0.6,0.2206713619198468
2769,trait_dispersion,4,0.4,0.4624327264504763
2769,rao_q,8,0.8,0.08641073297370003
2769,feve,10,1,0.02748633611151034
2769,fdiv,-6,-0.6,0.2206713619198468
2769,fric_prob,2,0.2,0.8064959405073402
2769,fdiv_fund,8,0.8,0.08641073297370003
2769,feve_fund,-8,-0.8,0.08641073297370003
2769,fdis_prob,0,0,1
2769,fmpd_prob,6,0.6,0.2206713619198468
2769,raoq_fund,2,0.2,0.8064959405073402
2769,cwm_pc1,-10,-1,0.02748633611151034
2769,cwm_pc2,6,0.6,0.2206713619198468
2769,pd_prob_mctavish,10,1,0.02748633611151034
2769,mpd_prob_mctavish,10,1,0.02748633611151034
2770,corrected_richness,10,1,0.02748633611151034
2770,shannon,10,1,0.02748633611151034
2770,inv_simpson,10,1,0.02748633611151034
2770,trait_volume,-2,-0.2,0.8064959405073402
2770,trait_dispersion,2,0.2,0.8064959405073402
2770,rao_q,0,0,1
2770,feve,10,1,0.02748633611151034
2770,fdiv,-4,-0.4,0.4624327264504763
2770,fric_prob,2,0.2,0.8064959405073402
2770,fdiv_fund,0,0,1
2770,feve_fund,-8,-0.8,0.08641073297370003
2770,fdis_prob,0,0,1
2770,fmpd_prob,0,0,1
2770,raoq_fund,2,0.2,0.8064959405073402
2770,cwm_pc1,-10,-1,0.02748633611151034
2770,cwm_pc2,6,0.6,0.2206713619198468
2770,pd_prob_mctavish,10,1,0.02748633611151034
2770,mpd_prob_mctavish,10,1,0.02748633611151034
2771,corrected_richness,10,1,0.02748633611151034
2771,shannon,10,1,0.02748633611151034
2771,inv_simpson,10,1,0.02748633611151034
2771,trait_volume,-2,-0.2,0.8064959405073402
2771,trait_dispersion,0,0,1
2771,rao_q,-2,-0.2,0.8064959405073402
2771,feve,10,1,0.02748633611151034
2771,fdiv,-4,-0.4,0.4624327264504763
2771,fric_prob,4,0.4,0.4624327264504763
2771,fdiv_fund,0,0,1
2771,feve_fund,-8,-0.8,0.08641073297370003
2771,fdis_prob,0,0,1
2771,fmpd_prob,-2,-0.2,0.8064959405073402
2771,raoq_fund,2,0.2,0.8064959405073402
2771,cwm_pc1,-10,-1,0.02748633611151034
2771,cwm_pc2,6,0.6,0.2206713619198468
2771,pd_prob_mctavish,10,1,0.02748633611151034
2771,mpd_prob_mctavish,10,1,0.02748633611151034
2773,corrected_richness,10,1,0.02748633611151034
2773,shannon,10,1,0.02748633611151034
2773,inv_simpson,10,1,0.02748633611151034
2773,trait_volume,-4,-0.4,0.4624327264504763
2773,trait_dispersion,0,0,1
2773,rao_q,-4,-0.4,0.4624327264504763
2773,feve,10,1,0.02748633611151034
2773,fdiv,-2,-0.2,0.8064959405073402
2773,fric_prob,-2,-0.2,0.8064959405073402
2773,fdiv_fund,-2,-0.2,0.8064959405073402
2773,feve_fund,-8,-0.8,0.08641073297370003
2773,fdis_prob,-6,-0.6,0.2206713619198468
2773,fmpd_prob,-4,-0.4,0.4624327264504763
2773,raoq_fund,-6,-0.6,0.2206713619198468
2773,cwm_pc1,-10,-1,0.02748633611151034
2773,cwm_pc2,6,0.6,0.2206713619198468
2773,pd_prob_mctavish,10,1,0.02748633611151034
2773,mpd_prob_mctavish,10,1,0.02748633611151034
2774,corrected_richness,10,1,0.02748633611151034
2774,shannon,10,1,0.02748633611151034
2774,inv_simpson,10,1,0.02748633611151034
2774,trait_volume,-4,-0.4,0.4624327264504763
2774,trait_dispersion,0,0,1
2774,rao_q,-4,-0.4,0.4624327264504763
2774,feve,10,1,0.02748633611151034
2774,fdiv,-2,-0.2,0.8064959405073402
2774,fric_prob,-2,-0.2,0.8064959405073402
2774,fdiv_fund,-4,-0.4,0.4624327264504763
2774,feve_fund,-8,-0.8,0.08641073297370003
2774,fdis_prob,-6,-0.6,0.2206713619198468
2774,fmpd_prob,-4,-0.4,0.4624327264504763
2774,raoq_fund,-6,-0.6,0.2206713619198468
2774,cwm_pc1,-10,-1,0.02748633611151034
2774,cwm_pc2,6,0.6,0.2206713619198468
2774,pd_prob_mctavish,10,1,0.02748633611151034
2774,mpd_prob_mctavish,10,1,0.02748633611151034
2775,corrected_richness,10,1,0.02748633611151034
2775,shannon,10,1,0.02748633611151034
2775,inv_simpson,10,1,0.02748633611151034
2775,trait_volume,-6,-0.6,0.2206713619198468
2775,trait_dispersion,0,0,1
2775,rao_q,-6,-0.6,0.2206713619198468
2775,feve,10,1,0.02748633611151034
2775,fdiv,-2,-0.2,0.8064959405073402
2775,fric_prob,-2,-0.2,0.8064959405073402
2775,fdiv_fund,-4,-0.4,0.4624327264504763
2775,feve_fund,-10,-1,0.02748633611151034
2775,fdis_prob,-8,-0.8,0.08641073297370003
2775,fmpd_prob,-6,-0.6,0.2206713619198468
2775,raoq_fund,-8,-0.8,0.08641073297370003
2775,cwm_pc1,-10,-1,0.02748633611151034
2775,cwm_pc2,6,0.6,0.2206713619198468
2775,pd_prob_mctavish,10,1,0.02748633611151034
2775,mpd_prob_mctavish,10,1,0.02748633611151034
2776,corrected_richness,10,1,0.02748633611151034
2776,shannon,10,1,0.02748633611151034
2776,inv_simpson,10,1,0.02748633611151034
2776,trait_volume,-6,-0.6,0.2206713619198468
2776,trait_dispersion,-2,-0.2,0.8064959405073402
2776,rao_q,-6,-0.6,0.2206713619198468
2776,feve,10,1,0.02748633611151034
2776,fdiv,-2,-0.2,0.8064959405073402
2776,fric_prob,-2,-0.2,0.8064959405073402
2776,fdiv_fund,-6,-0.6,0.2206713619198468
2776,feve_fund,-10,-1,0.02748633611151034
2776,fdis_prob,-8,-0.8,0.08641073297370003
2776,fmpd_prob,-8,-0.8,0.08641073297370003
2776,raoq_fund,-8,-0.8,0.08641073297370003
2776,cwm_pc1,-10,-1,0.02748633611151034
2776,cwm_pc2,6,0.6,0.2206713619198468
2776,pd_prob_mctavish,10,1,0.02748633611151034
2776,mpd_prob_mctavish,10,1,0.02748633611151034
2777,corrected_richness,10,1,0.02748633611151034
2777,shannon,10,1,0.02748633611151034
2777,inv_simpson,10,1,0.02748633611151034
2777,trait_volume,-6,-0.6,0.2206713619198468
2777,trait_dispersion,-2,-0.2,0.8064959405073402
2777,rao_q,-8,-0.8,0.08641073297370003
2777,feve,10,1,0.02748633611151034
2777,fdiv,-2,-0.2,0.8064959405073402
2777,fric_prob,2,0.2,0.8064959405073402
2777,fdiv_fund,-8,-0.8,0.08641073297370003
2777,feve_fund,-10,-1,0.02748633611151034
2777,fdis_prob,-8,-0.8,0.08641073297370003
2777,fmpd_prob,-8,-0.8,0.08641073297370003
2777,raoq_fund,-8,-0.8,0.08641073297370003
2777,cwm_pc1,-10,-1,0.02748633611151034
2777,cwm_pc2,6,0.6,0.2206713619198468
2777,pd_prob_mctavish,10,1,0.02748633611151034
2777,mpd_prob_mctavish,10,1,0.02748633611151034
2778,corrected_richness,10,1,0.02748633611151034
2778,shannon,10,1,0.02748633611151034
2778,inv_simpson,10,1,0.02748633611151034
2778,trait_volume,-6,-0.6,0.2206713619198468
2778,trait_dispersion,-2,-0.2,0.8064959405073402
2778,rao_q,-8,-0.8,0.08641073297370003
2778,feve,10,1,0.02748633611151034
2778,fdiv,-2,-0.2,0.8064959405073402
2778,fric_prob,6,0.6,0.2206713619198468
2778,fdiv_fund,-8,-0.8,0.08641073297370003
2778,feve_fund,-8,-0.8,0.08641073297370003
2778,fdis_prob,-8,-0.8,0.08641073297370003
2778,fmpd_prob,-8,-0.8,0.08641073297370003
2778,raoq_fund,-8,-0.8,0.08641073297370003
2778,cwm_pc1,-10,-1,0.02748633611151034
2778,cwm_pc2,6,0.6,0.2206713619198468
2778,pd_prob_mctavish,10,1,0.02748633611151034
2778,mpd_prob_mctavish,10,1,0.02748633611151034
2779,corrected_richness,10,1,0.02748633611151034
2779,shannon,10,1,0.02748633611151034
2779,inv_simpson,10,1,0.02748633611151034
2779,trait_volume,-8,-0.8,0.08641073297370003
2779,trait_dispersion,-2,-0.2,0.8064959405073402
2779,rao_q,-8,-0.8,0.08641073297370003
2779,feve,10,1,0.02748633611151034
2779,fdiv,-2,-0.2,0.8064959405073402
2779,fric_prob,8,0.8,0.08641073297370003
2779,fdiv_fund,-6,-0.6,0.2206713619198468
2779,feve_fund,-8,-0.8,0.08641073297370003
2779,fdis_prob,-10,-1,0.02748633611151034
2779,fmpd_prob,-8,-0.8,0.08641073297370003
2779,raoq_fund,-8,-0.8,0.08641073297370003
2779,cwm_pc1,-10,-1,0.02748633611151034
2779,cwm_pc2,6,0.6,0.2206713619198468
2779,pd_prob_mctavish,10,1,0.02748633611151034
2779,mpd_prob_mctavish,10,1,0.02748633611151034
2780,corrected_richness,10,1,0.02748633611151034
2780,shannon,10,1,0.02748633611151034
2780,inv_simpson,10,1,0.02748633611151034
2780,trait_volume,-8,-0.8,0.08641073297370003
2780,trait_dispersion,-4,-0.4,0.4624327264504763
2780,rao_q,-8,-0.8,0.08641073297370003
2780,feve,10,1,0.02748633611151034
2780,fdiv,-2,-0.2,0.8064959405073402
2780,fric_prob,8,0.8,0.08641073297370003
2780,fdiv_fund,-4,-0.4,0.4624327264504763
2780,feve_fund,-10,-1,0.02748633611151034
2780,fdis_prob,-10,-1,0.02748633611151034
2780,fmpd_prob,-8,-0.8,0.08641073297370003
2780,raoq_fund,-8,-0.8,0.08641073297370003
2780,cwm_pc1,-10,-1,0.02748633611151034
2780,cwm_pc2,6,0.6,0.2206713619198468
2780,pd_prob_mctavish,10,1,0.02748633611151034
2780,mpd_prob_mctavish,10,1,0.02748633611151034
2781,corrected_richness,10,1,0.02748633611151034
2781,shannon,10,1,0.02748633611151034
2781,inv_simpson,10,1,0.02748633611151034
2781,trait_volume,-8,-0.8,0.08641073297370003
2781,trait_dispersion,-4,-0.4,0.4624327264504763
2781,rao_q,-8,-0.8,0.08641073297370003
2781,feve,10,1,0.02748633611151034
2781,fdiv,-2,-0.2,0.8064959405073402
2781,fric_prob,8,0.8,0.08641073297370003
2781,fdiv_fund,-4,-0.4,0.4624327264504763
2781,feve_fund,-10,-1,0.02748633611151034
2781,fdis_prob,-10,-1,0.02748633611151034
2781,fmpd_prob,-8,-0.8,0.08641073297370003
2781,raoq_fund,-8,-0.8,0.08641073297370003
2781,cwm_pc1,-10,-1,0.02748633611151034
2781,cwm_pc2,6,0.6,0.2206713619198468
2781,pd_prob_mctavish,10,1,0.02748633611151034
2781,mpd_prob_mctavish,10,1,0.02748633611151034
2782,corrected_richness,10,1,0.02748633611151034
2782,shannon,10,1,0.02748633611151034
2782,inv_simpson,10,1,0.02748633611151034
2782,trait_volume,-8,-0.8,0.08641073297370003
2782,trait_dispersion,-4,-0.4,0.4624327264504763
2782,rao_q,-8,-0.8,0.08641073297370003
2782,feve,10,1,0.02748633611151034
2782,fdiv,-2,-0.2,0.8064959405073402
2782,fric_prob,8,0.8,0.08641073297370003
2782,fdiv_fund,-2,-0.2,0.8064959405073402
2782,feve_fund,-10,-1,0.02748633611151034
2782,fdis_prob,-8,-0.8,0.08641073297370003
2782,fmpd_prob,-8,-0.8,0.08641073297370003
2782,raoq_fund,-8,-0.8,0.08641073297370003
2782,cwm_pc1,-10,-1,0.02748633611151034
2782,cwm_pc2,6,0.6,0.2206713619198468
2782,pd_prob_mctavish,10,1,0.02748633611151034
2782,mpd_prob_mctavish,10,1,0.02748633611151034
2783,corrected_richness,10,1,0.02748633611151034
2783,shannon,10,1,0.02748633611151034
2783,inv_simpson,10,1,0.02748633611151034
2783,trait_volume,-10,-1,0.02748633611151034
2783,trait_dispersion,-4,-0.4,0.4624327264504763
2783,rao_q,-10,-1,0.02748633611151034
2783,feve,10,1,0.02748633611151034
2783,fdiv,-2,-0.2,0.8064959405073402
2783,fric_prob,6,0.6,0.2206713619198468
2783,fdiv_fund,2,0.2,0.8064959405073402
2783,feve_fund,-10,-1,0.02748633611151034
2783,fdis_prob,-8,-0.8,0.08641073297370003
2783,fmpd_prob,-10,-1,0.02748633611151034
2783,raoq_fund,-8,-0.8,0.08641073297370003
2783,cwm_pc1,-10,-1,0.02748633611151034
2783,cwm_pc2,8,0.8,0.08641073297370003
2783,pd_prob_mctavish,10,1,0.02748633611151034
2783,mpd_prob_mctavish,10,1,0.02748633611151034
2784,corrected_richness,10,1,0.02748633611151034
2784,shannon,10,1,0.02748633611151034
2784,inv_simpson,10,1,0.02748633611151034
2784,trait_volume,-10,-1,0.02748633611151034
2784,trait_dispersion,-4,-0.4,0.4624327264504763
2784,rao_q,-10,-1,0.02748633611151034
2784,feve,10,1,0.02748633611151034
2784,fdiv,-2,-0.2,0.8064959405073402
2784,fric_prob,0,0,1
2784,fdiv_fund,2,0.2,0.8064959405073402
2784,feve_fund,-10,-1,0.02748633611151034
2784,fdis_prob,-8,-0.8,0.08641073297370003
2784,fmpd_prob,-10,-1,0.02748633611151034
2784,raoq_fund,-10,-1,0.02748633611151034
2784,cwm_pc1,-10,-1,0.02748633611151034
2784,cwm_pc2,8,0.8,0.08641073297370003
2784,pd_prob_mctavish,10,1,0.02748633611151034
2784,mpd_prob_mctavish,10,1,0.02748633611151034
2785,corrected_richness,10,1,0.02748633611151034
2785,shannon,10,1,0.02748633611151034
2785,inv_simpson,10,1,0.02748633611151034
2785,trait_volume,-10,-1,0.02748633611151034
2785,trait_dispersion,-6,-0.6,0.2206713619198468
2785,rao_q,-10,-1,0.02748633611151034
2785,feve,10,1,0.02748633611151034
2785,fdiv,-2,-0.2,0.8064959405073402
2785,fric_prob,-2,-0.2,0.8064959405073402
2785,fdiv_fund,2,0.2,0.8064959405073402
2785,feve_fund,-10,-1,0.02748633611151034
2785,fdis_prob,-8,-0.8,0.08641073297370003
2785,fmpd_prob,-10,-1,0.02748633611151034
2785,raoq_fund,-10,-1,0.02748633611151034
2785,cwm_pc1,-10,-1,0.02748633611151034
2785,cwm_pc2,8,0.8,0.08641073297370003
2785,pd_prob_mctavish,10,1,0.02748633611151034
2785,mpd_prob_mctavish,10,1,0.02748633611151034
2786,corrected_richness,10,1,0.02748633611151034
2786,shannon,10,1,0.02748633611151034
2786,inv_simpson,10,1,0.02748633611151034
2786,trait_volume,-10,-1,0.02748633611151034
2786,trait_dispersion,-6,-0.6,0.2206713619198468
2786,rao_q,-10,-1,0.02748633611151034
2786,feve,10,1,0.02748633611151034
2786,fdiv,-2,-0.2,0.8064959405073402
2786,fric_prob,-2,-0.2,0.8064959405073402
2786,fdiv_fund,2,0.2,0.8064959405073402
2786,feve_fund,-10,-1,0.02748633611151034
2786,fdis_prob,-8,-0.8,0.08641073297370003
2786,fmpd_prob,-10,-1,0.02748633611151034
2786,raoq_fund,-8,-0.8,0.08641073297370003
2786,cwm_pc1,-10,-1,0.02748633611151034
2786,cwm_pc2,8,0.8,0.08641073297370003
2786,pd_prob_mctavish,10,1,0.02748633611151034
2786,mpd_prob_mctavish,10,1,0.02748633611151034
2787,corrected_richness,10,1,0.02748633611151034
2787,shannon,10,1,0.02748633611151034
2787,inv_simpson,10,1,0.02748633611151034
2787,trait_volume,-10,-1,0.02748633611151034
2787,trait_dispersion,-8,-0.8,0.08641073297370003
2787,rao_q,-10,-1,0.02748633611151034
2787,feve,10,1,0.02748633611151034
2787,fdiv,-2,-0.2,0.8064959405073402
2787,fric_prob,-2,-0.2,0.8064959405073402
2787,fdiv_fund,2,0.2,0.8064959405073402
2787,feve_fund,-10,-1,0.02748633611151034
2787,fdis_prob,-8,-0.8,0.08641073297370003
2787,fmpd_prob,-10,-1,0.02748633611151034
2787,raoq_fund,-8,-0.8,0.08641073297370003
2787,cwm_pc1,-10,-1,0.02748633611151034
2787,cwm_pc2,8,0.8,0.08641073297370003
2787,pd_prob_mctavish,10,1,0.02748633611151034
2787,mpd_prob_mctavish,10,1,0.02748633611151034
2788,corrected_richness,10,1,0.02748633611151034
2788,shannon,10,1,0.02748633611151034
2788,inv_simpson,10,1,0.02748633611151034
2788,trait_volume,-10,-1,0.02748633611151034
2788,trait_dispersion,-8,-0.8,0.08641073297370003
2788,rao_q,-10,-1,0.02748633611151034
2788,feve,10,1,0.02748633611151034
2788,fdiv,-2,-0.2,0.8064959405073402
2788,fric_prob,-4,-0.4,0.4624327264504763
2788,fdiv_fund,2,0.2,0.8064959405073402
2788,feve_fund,-10,-1,0.02748633611151034
2788,fdis_prob,-8,-0.8,0.08641073297370003
2788,fmpd_prob,-10,-1,0.02748633611151034
2788,raoq_fund,-8,-0.8,0.08641073297370003
2788,cwm_pc1,-10,-1,0.02748633611151034
2788,cwm_pc2,8,0.8,0.08641073297370003
2788,pd_prob_mctavish,10,1,0.02748633611151034
2788,mpd_prob_mctavish,10,1,0.02748633611151034
2789,corrected_richness,10,1,0.02748633611151034
2789,shannon,10,1,0.02748633611151034
2789,inv_simpson,10,1,0.02748633611151034
2789,trait_volume,-10,-1,0.02748633611151034
2789,trait_dispersion,-8,-0.8,0.08641073297370003
2789,rao_q,-10,-1,0.02748633611151034
2789,feve,10,1,0.02748633611151034
2789,fdiv,-2,-0.2,0.8064959405073402
2789,fric_prob,-4,-0.4,0.4624327264504763
2789,fdiv_fund,4,0.4,0.4624327264504763
2789,feve_fund,-10,-1,0.02748633611151034
2789,fdis_prob,-8,-0.8,0.08641073297370003
2789,fmpd_prob,-10,-1,0.02748633611151034
2789,raoq_fund,-10,-1,0.02748633611151034
2789,cwm_pc1,-10,-1,0.02748633611151034
2789,cwm_pc2,8,0.8,0.08641073297370003
2789,pd_prob_mctavish,10,1,0.02748633611151034
2789,mpd_prob_mctavish,10,1,0.02748633611151034
2790,corrected_richness,10,1,0.02748633611151034
2790,shannon,10,1,0.02748633611151034
2790,inv_simpson,10,1,0.02748633611151034
2790,trait_volume,-10,-1,0.02748633611151034
2790,trait_dispersion,-8,-0.8,0.08641073297370003
2790,rao_q,-10,-1,0.02748633611151034
2790,feve,10,1,0.02748633611151034
2790,fdiv,-2,-0.2,0.8064959405073402
2790,fric_prob,-4,-0.4,0.4624327264504763
2790,fdiv_fund,4,0.4,0.4624327264504763
2790,feve_fund,-10,-1,0.02748633611151034
2790,fdis_prob,-10,-1,0.02748633611151034
2790,fmpd_prob,-10,-1,0.02748633611151034
2790,raoq_fund,-10,-1,0.02748633611151034
2790,cwm_pc1,-10,-1,0.02748633611151034
2790,cwm_pc2,8,0.8,0.08641073297370003
2790,pd_prob_mctavish,10,1,0.02748633611151034
2790,mpd_prob_mctavish,10,1,0.02748633611151034
2791,corrected_richness,10,1,0.02748633611151034
2791,shannon,10,1,0.02748633611151034
2791,inv_simpson,10,1,0.02748633611151034
2791,trait_volume,-10,-1,0.02748633611151034
2791,trait_dispersion,-8,-0.8,0.08641073297370003
2791,rao_q,-10,-1,0.02748633611151034
2791,feve,10,1,0.02748633611151034
2791,fdiv,-2,-0.2,0.8064959405073402
2791,fric_prob,-4,-0.4,0.4624327264504763
2791,fdiv_fund,4,0.4,0.4624327264504763
2791,feve_fund,-10,-1,0.02748633611151034
2791,fdis_prob,-8,-0.8,0.08641073297370003
2791,fmpd_prob,-10,-1,0.02748633611151034
2791,raoq_fund,-10,-1,0.02748633611151034
2791,cwm_pc1,-10,-1,0.02748633611151034
2791,cwm_pc2,8,0.8,0.08641073297370003
2791,pd_prob_mctavish,10,1,0.02748633611151034
2791,mpd_prob_mctavish,10,1,0.02748633611151034
2826,corrected_richness,10,1,0.02748633611151034
2826,shannon,10,1,0.02748633611151034
2826,inv_simpson,10,1,0.02748633611151034
2826,trait_volume,10,1,0.02748633611151034
2826,trait_dispersion,8,0.8,0.08641073297370003
2826,rao_q,10,1,0.02748633611151034
2826,feve,10,1,0.02748633611151034
2826,fdiv,0,0,1
2826,fric_prob,0,0,1
2826,fdiv_fund,8,0.8,0.08641073297370003
2826,feve_fund,0,0,1
2826,fdis_prob,2,0.2,0.8064959405073402
2826,fmpd_prob,10,1,0.02748633611151034
2826,raoq_fund,8,0.8,0.08641073297370003
2826,cwm_pc1,-4,-0.4,0.4624327264504763
2826,cwm_pc2,2,0.2,0.8064959405073402
2826,pd_prob_mctavish,10,1,0.02748633611151034
2826,mpd_prob_mctavish,10,1,0.02748633611151034
2827,corrected_richness,10,1,0.02748633611151034
2827,shannon,10,1,0.02748633611151034
2827,inv_simpson,10,1,0.02748633611151034
2827,trait_volume,10,1,0.02748633611151034
2827,trait_dispersion,8,0.8,0.08641073297370003
2827,rao_q,10,1,0.02748633611151034
2827,feve,10,1,0.02748633611151034
2827,fdiv,0,0,1
2827,fric_prob,0,0,1
2827,fdiv_fund,8,0.8,0.08641073297370003
2827,feve_fund,-2,-0.2,0.8064959405073402
2827,fdis_prob,4,0.4,0.4624327264504763
2827,fmpd_prob,10,1,0.02748633611151034
2827,raoq_fund,8,0.8,0.08641073297370003
2827,cwm_pc1,-8,-0.8,0.08641073297370003
2827,cwm_pc2,2,0.2,0.8064959405073402
2827,pd_prob_mctavish,10,1,0.02748633611151034
2827,mpd_prob_mctavish,10,1,0.02748633611151034
2838,corrected_richness,10,1,0.02748633611151034
2838,shannon,10,1,0.02748633611151034
2838,inv_simpson,10,1,0.02748633611151034
2838,trait_volume,10,1,0.02748633611151034
2838,trait_dispersion,6,0.6,0.2206713619198468
2838,rao_q,10,1,0.02748633611151034
2838,feve,10,1,0.02748633611151034
2838,fdiv,-4,-0.4,0.4624327264504763
2838,fric_prob,-3,-0.3,0.5790997419539188
2838,fdiv_fund,8,0.8,0.08641073297370003
2838,feve_fund,-6,-0.6,0.2206713619198468
2838,fdis_prob,2,0.2,0.8064959405073402
2838,fmpd_prob,10,1,0.02748633611151034
2838,raoq_fund,8,0.8,0.08641073297370003
2838,cwm_pc1,-10,-1,0.02748633611151034
2838,cwm_pc2,4,0.4,0.4624327264504763
2838,pd_prob_mctavish,10,1,0.02748633611151034
2838,mpd_prob_mctavish,10,1,0.02748633611151034
2839,corrected_richness,10,1,0.02748633611151034
2839,shannon,10,1,0.02748633611151034
2839,inv_simpson,10,1,0.02748633611151034
2839,trait_volume,8,0.8,0.08641073297370003
2839,trait_dispersion,6,0.6,0.2206713619198468
2839,rao_q,8,0.8,0.08641073297370003
2839,feve,10,1,0.02748633611151034
2839,fdiv,-4,-0.4,0.4624327264504763
2839,fric_prob,-1,-0.1,1
2839,fdiv_fund,8,0.8,0.08641073297370003
2839,feve_fund,-8,-0.8,0.08641073297370003
2839,fdis_prob,2,0.2,0.8064959405073402
2839,fmpd_prob,8,0.8,0.08641073297370003
2839,raoq_fund,8,0.8,0.08641073297370003
2839,cwm_pc1,-10,-1,0.02748633611151034
2839,cwm_pc2,4,0.4,0.4624327264504763
2839,pd_prob_mctavish,10,1,0.02748633611151034
2839,mpd_prob_mctavish,10,1,0.02748633611151034
2840,corrected_richness,10,1,0.02748633611151034
2840,shannon,10,1,0.02748633611151034
2840,inv_simpson,10,1,0.02748633611151034
2840,trait_volume,8,0.8,0.08641073297370003
2840,trait_dispersion,2,0.2,0.8064959405073402
2840,rao_q,8,0.8,0.08641073297370003
2840,feve,10,1,0.02748633611151034
2840,fdiv,0,0,1
2840,fric_prob,6,0.6,0.2206713619198468
2840,fdiv_fund,8,0.8,0.08641073297370003
2840,feve_fund,-8,-0.8,0.08641073297370003
2840,fdis_prob,-2,-0.2,0.8064959405073402
2840,fmpd_prob,8,0.8,0.08641073297370003
2840,raoq_fund,2,0.2,0.8064959405073402
2840,cwm_pc1,-10,-1,0.02748633611151034
2840,cwm_pc2,6,0.6,0.2206713619198468
2840,pd_prob_mctavish,10,1,0.02748633611151034
2840,mpd_prob_mctavish,10,1,0.02748633611151034
2841,corrected_richness,10,1,0.02748633611151034
2841,shannon,10,1,0.02748633611151034
2841,inv_simpson,10,1,0.02748633611151034
2841,trait_volume,6,0.6,0.2206713619198468
2841,trait_dispersion,0,0,1
2841,rao_q,6,0.6,0.2206713619198468
2841,feve,10,1,0.02748633611151034
2841,fdiv,0,0,1
2841,fric_prob,2,0.2,0.8064959405073402
2841,fdiv_fund,0,0,1
2841,feve_fund,-6,-0.6,0.2206713619198468
2841,fdis_prob,-4,-0.4,0.4624327264504763
2841,fmpd_prob,6,0.6,0.2206713619198468
2841,raoq_fund,2,0.2,0.8064959405073402
2841,cwm_pc1,-10,-1,0.02748633611151034
2841,cwm_pc2,6,0.6,0.2206713619198468
2841,pd_prob_mctavish,10,1,0.02748633611151034
2841,mpd_prob_mctavish,10,1,0.02748633611151034
2842,corrected_richness,10,1,0.02748633611151034
2842,shannon,10,1,0.02748633611151034
2842,inv_simpson,10,1,0.02748633611151034
2842,trait_volume,-2,-0.2,0.8064959405073402
2842,trait_dispersion,0,0,1
2842,rao_q,-2,-0.2,0.8064959405073402
2842,feve,10,1,0.02748633611151034
2842,fdiv,0,0,1
2842,fric_prob,4,0.4,0.4624327264504763
2842,fdiv_fund,0,0,1
2842,feve_fund,-6,-0.6,0.2206713619198468
2842,fdis_prob,-4,-0.4,0.4624327264504763
2842,fmpd_prob,-2,-0.2,0.8064959405073402
2842,raoq_fund,0,0,1
2842,cwm_pc1,-10,-1,0.02748633611151034
2842,cwm_pc2,6,0.6,0.2206713619198468
2842,pd_prob_mctavish,10,1,0.02748633611151034
2842,mpd_prob_mctavish,10,1,0.02748633611151034
2843,corrected_richness,10,1,0.02748633611151034
2843,shannon,10,1,0.02748633611151034
2843,inv_simpson,10,1,0.02748633611151034
2843,trait_volume,-4,-0.4,0.4624327264504763
2843,trait_dispersion,0,0,1
2843,rao_q,-2,-0.2,0.8064959405073402
2843,feve,10,1,0.02748633611151034
2843,fdiv,0,0,1
2843,fric_prob,4,0.4,0.4624327264504763
2843,fdiv_fund,-2,-0.2,0.8064959405073402
2843,feve_fund,-8,-0.8,0.08641073297370003
2843,fdis_prob,-4,-0.4,0.4624327264504763
2843,fmpd_prob,-2,-0.2,0.8064959405073402
2843,raoq_fund,-4,-0.4,0.4624327264504763
2843,cwm_pc1,-10,-1,0.02748633611151034
2843,cwm_pc2,6,0.6,0.2206713619198468
2843,pd_prob_mctavish,10,1,0.02748633611151034
2843,mpd_prob_mctavish,10,1,0.02748633611151034
2844,corrected_richness,10,1,0.02748633611151034
2844,shannon,10,1,0.02748633611151034
2844,inv_simpson,10,1,0.02748633611151034
2844,trait_volume,-4,-0.4,0.4624327264504763
2844,trait_dispersion,0,0,1
2844,rao_q,-4,-0.4,0.4624327264504763
2844,feve,10,1,0.02748633611151034
2844,fdiv,-2,-0.2,0.8064959405073402
2844,fric_prob,4,0.4,0.4624327264504763
2844,fdiv_fund,-2,-0.2,0.8064959405073402
2844,feve_fund,-8,-0.8,0.08641073297370003
2844,fdis_prob,-8,-0.8,0.08641073297370003
2844,fmpd_prob,-4,-0.4,0.4624327264504763
2844,raoq_fund,-8,-0.8,0.08641073297370003
2844,cwm_pc1,-10,-1,0.02748633611151034
2844,cwm_pc2,6,0.6,0.2206713619198468
2844,pd_prob_mctavish,10,1,0.02748633611151034
2844,mpd_prob_mctavish,10,1,0.02748633611151034
2845,corrected_richness,10,1,0.02748633611151034
2845,shannon,10,1,0.02748633611151034
2845,inv_simpson,10,1,0.02748633611151034
2845,trait_volume,-4,-0.4,0.4624327264504763
2845,trait_dispersion,0,0,1
2845,rao_q,-4,-0.4,0.4624327264504763
2845,feve,10,1,0.02748633611151034
2845,fdiv,-4,-0.4,0.4624327264504763
2845,fric_prob,2,0.2,0.8064959405073402
2845,fdiv_fund,-2,-0.2,0.8064959405073402
2845,feve_fund,-8,-0.8,0.08641073297370003
2845,fdis_prob,-6,-0.6,0.2206713619198468
2845,fmpd_prob,-4,-0.4,0.4624327264504763
2845,raoq_fund,-6,-0.6,0.2206713619198468
2845,cwm_pc1,-10,-1,0.02748633611151034
2845,cwm_pc2,6,0.6,0.2206713619198468
2845,pd_prob_mctavish,10,1,0.02748633611151034
2845,mpd_prob_mctavish,10,1,0.02748633611151034
2846,corrected_richness,10,1,0.02748633611151034
2846,shannon,10,1,0.02748633611151034
2846,inv_simpson,10,1,0.02748633611151034
2846,trait_volume,-4,-0.4,0.4624327264504763
2846,trait_dispersion,0,0,1
2846,rao_q,-4,-0.4,0.4624327264504763
2846,feve,10,1,0.02748633611151034
2846,fdiv,-4,-0.4,0.4624327264504763
2846,fric_prob,2,0.2,0.8064959405073402
2846,fdiv_fund,-4,-0.4,0.4624327264504763
2846,feve_fund,-8,-0.8,0.08641073297370003
2846,fdis_prob,-8,-0.8,0.08641073297370003
2846,fmpd_prob,-4,-0.4,0.4624327264504763
2846,raoq_fund,-8,-0.8,0.08641073297370003
2846,cwm_pc1,-10,-1,0.02748633611151034
2846,cwm_pc2,6,0.6,0.2206713619198468
2846,pd_prob_mctavish,10,1,0.02748633611151034
2846,mpd_prob_mctavish,10,1,0.02748633611151034
2847,corrected_richness,10,1,0.02748633611151034
2847,shannon,10,1,0.02748633611151034
2847,inv_simpson,10,1,0.02748633611151034
2847,trait_volume,-4,-0.4,0.4624327264504763
2847,trait_dispersion,0,0,1
2847,rao_q,-6,-0.6,0.2206713619198468
2847,feve,10,1,0.02748633611151034
2847,fdiv,-4,-0.4,0.4624327264504763
2847,fric_prob,6,0.6,0.2206713619198468
2847,fdiv_fund,-6,-0.6,0.2206713619198468
2847,feve_fund,-8,-0.8,0.08641073297370003
2847,fdis_prob,-8,-0.8,0.08641073297370003
2847,fmpd_prob,-6,-0.6,0.2206713619198468
2847,raoq_fund,-8,-0.8,0.08641073297370003
2847,cwm_pc1,-10,-1,0.02748633611151034
2847,cwm_pc2,6,0.6,0.2206713619198468
2847,pd_prob_mctavish,10,1,0.02748633611151034
2847,mpd_prob_mctavish,10,1,0.02748633611151034
2848,corrected_richness,10,1,0.02748633611151034
2848,shannon,10,1,0.02748633611151034
2848,inv_simpson,10,1,0.02748633611151034
2848,trait_volume,-6,-0.6,0.2206713619198468
2848,trait_dispersion,0,0,1
2848,rao_q,-6,-0.6,0.2206713619198468
2848,feve,10,1,0.02748633611151034
2848,fdiv,-4,-0.4,0.4624327264504763
2848,fric_prob,8,0.8,0.08641073297370003
2848,fdiv_fund,-8,-0.8,0.08641073297370003
2848,feve_fund,-8,-0.8,0.08641073297370003
2848,fdis_prob,-8,-0.8,0.08641073297370003
2848,fmpd_prob,-6,-0.6,0.2206713619198468
2848,raoq_fund,-8,-0.8,0.08641073297370003
2848,cwm_pc1,-10,-1,0.02748633611151034
2848,cwm_pc2,6,0.6,0.2206713619198468
2848,pd_prob_mctavish,10,1,0.02748633611151034
2848,mpd_prob_mctavish,10,1,0.02748633611151034
2849,corrected_richness,10,1,0.02748633611151034
2849,shannon,10,1,0.02748633611151034
2849,inv_simpson,10,1,0.02748633611151034
2849,trait_volume,-6,-0.6,0.2206713619198468
2849,trait_dispersion,0,0,1
2849,rao_q,-8,-0.8,0.08641073297370003
2849,feve,10,1,0.02748633611151034
2849,fdiv,-4,-0.4,0.4624327264504763
2849,fric_prob,8,0.8,0.08641073297370003
2849,fdiv_fund,-8,-0.8,0.08641073297370003
2849,feve_fund,-8,-0.8,0.08641073297370003
2849,fdis_prob,-8,-0.8,0.08641073297370003
2849,fmpd_prob,-8,-0.8,0.08641073297370003
2849,raoq_fund,-6,-0.6,0.2206713619198468
2849,cwm_pc1,-10,-1,0.02748633611151034
2849,cwm_pc2,6,0.6,0.2206713619198468
2849,pd_prob_mctavish,10,1,0.02748633611151034
2849,mpd_prob_mctavish,10,1,0.02748633611151034
2850,corrected_richness,10,1,0.02748633611151034
2850,shannon,10,1,0.02748633611151034
2850,inv_simpson,10,1,0.02748633611151034
2850,trait_volume,-6,-0.6,0.2206713619198468
2850,trait_dispersion,0,0,1
2850,rao_q,-8,-0.8,0.08641073297370003
2850,feve,10,1,0.02748633611151034
2850,fdiv,-4,-0.4,0.4624327264504763
2850,fric_prob,8,0.8,0.08641073297370003
2850,fdiv_fund,-8,-0.8,0.08641073297370003
2850,feve_fund,-8,-0.8,0.08641073297370003
2850,fdis_prob,-8,-0.8,0.08641073297370003
2850,fmpd_prob,-8,-0.8,0.08641073297370003
2850,raoq_fund,-6,-0.6,0.2206713619198468
2850,cwm_pc1,-10,-1,0.02748633611151034
2850,cwm_pc2,6,0.6,0.2206713619198468
2850,pd_prob_mctavish,10,1,0.02748633611151034
2850,mpd_prob_mctavish,10,1,0.02748633611151034
2851,corrected_richness,10,1,0.02748633611151034
2851,shannon,10,1,0.02748633611151034
2851,inv_simpson,10,1,0.02748633611151034
2851,trait_volume,-6,-0.6,0.2206713619198468
2851,trait_dispersion,0,0,1
2851,rao_q,-8,-0.8,0.08641073297370003
2851,feve,10,1,0.02748633611151034
2851,fdiv,-4,-0.4,0.4624327264504763
2851,fric_prob,8,0.8,0.08641073297370003
2851,fdiv_fund,-8,-0.8,0.08641073297370003
2851,feve_fund,-10,-1,0.02748633611151034
2851,fdis_prob,-8,-0.8,0.08641073297370003
2851,fmpd_prob,-8,-0.8,0.08641073297370003
2851,raoq_fund,-10,-1,0.02748633611151034
2851,cwm_pc1,-10,-1,0.02748633611151034
2851,cwm_pc2,6,0.6,0.2206713619198468
2851,pd_prob_mctavish,10,1,0.02748633611151034
2851,mpd_prob_mctavish,10,1,0.02748633611151034
2852,corrected_richness,10,1,0.02748633611151034
2852,shannon,10,1,0.02748633611151034
2852,inv_simpson,10,1,0.02748633611151034
2852,trait_volume,-8,-0.8,0.08641073297370003
2852,trait_dispersion,-2,-0.2,0.8064959405073402
2852,rao_q,-8,-0.8,0.08641073297370003
2852,feve,10,1,0.02748633611151034
2852,fdiv,-4,-0.4,0.4624327264504763
2852,fric_prob,8,0.8,0.08641073297370003
2852,fdiv_fund,-4,-0.4,0.4624327264504763
2852,feve_fund,-10,-1,0.02748633611151034
2852,fdis_prob,-6,-0.6,0.2206713619198468
2852,fmpd_prob,-8,-0.8,0.08641073297370003
2852,raoq_fund,-8,-0.8,0.08641073297370003
2852,cwm_pc1,-10,-1,0.02748633611151034
2852,cwm_pc2,6,0.6,0.2206713619198468
2852,pd_prob_mctavish,10,1,0.02748633611151034
2852,mpd_prob_mctavish,10,1,0.02748633611151034
2853,corrected_richness,10,1,0.02748633611151034
2853,shannon,10,1,0.02748633611151034
2853,inv_simpson,10,1,0.02748633611151034
2853,trait_volume,-8,-0.8,0.08641073297370003
2853,trait_dispersion,-2,-0.2,0.8064959405073402
2853,rao_q,-8,-0.8,0.08641073297370003
2853,feve,10,1,0.02748633611151034
2853,fdiv,-4,-0.4,0.4624327264504763
2853,fric_prob,6,0.6,0.2206713619198468
2853,fdiv_fund,-2,-0.2,0.8064959405073402
2853,feve_fund,-10,-1,0.02748633611151034
2853,fdis_prob,-6,-0.6,0.2206713619198468
2853,fmpd_prob,-8,-0.8,0.08641073297370003
2853,raoq_fund,-10,-1,0.02748633611151034
2853,cwm_pc1,-10,-1,0.02748633611151034
2853,cwm_pc2,6,0.6,0.2206713619198468
2853,pd_prob_mctavish,10,1,0.02748633611151034
2853,mpd_prob_mctavish,10,1,0.02748633611151034
2854,corrected_richness,10,1,0.02748633611151034
2854,shannon,10,1,0.02748633611151034
2854,inv_simpson,10,1,0.02748633611151034
2854,trait_volume,-8,-0.8,0.08641073297370003
2854,trait_dispersion,-4,-0.4,0.4624327264504763
2854,rao_q,-8,-0.8,0.08641073297370003
2854,feve,10,1,0.02748633611151034
2854,fdiv,-6,-0.6,0.2206713619198468
2854,fric_prob,2,0.2,0.8064959405073402
2854,fdiv_fund,2,0.2,0.8064959405073402
2854,feve_fund,-10,-1,0.02748633611151034
2854,fdis_prob,-6,-0.6,0.2206713619198468
2854,fmpd_prob,-8,-0.8,0.08641073297370003
2854,raoq_fund,-8,-0.8,0.08641073297370003
2854,cwm_pc1,-10,-1,0.02748633611151034
2854,cwm_pc2,8,0.8,0.08641073297370003
2854,pd_prob_mctavish,10,1,0.02748633611151034
2854,mpd_prob_mctavish,10,1,0.02748633611151034
2855,corrected_richness,10,1,0.02748633611151034
2855,shannon,10,1,0.02748633611151034
2855,inv_simpson,10,1,0.02748633611151034
2855,trait_volume,-10,-1,0.02748633611151034
2855,trait_dispersion,-4,-0.4,0.4624327264504763
2855,rao_q,-10,-1,0.02748633611151034
2855,feve,10,1,0.02748633611151034
2855,fdiv,-6,-0.6,0.2206713619198468
2855,fric_prob,-1,-0.1,1
2855,fdiv_fund,2,0.2,0.8064959405073402
2855,feve_fund,-10,-1,0.02748633611151034
2855,fdis_prob,-6,-0.6,0.2206713619198468
2855,fmpd_prob,-10,-1,0.02748633611151034
2855,raoq_fund,-8,-0.8,0.08641073297370003
2855,cwm_pc1,-10,-1,0.02748633611151034
2855,cwm_pc2,8,0.8,0.08641073297370003
2855,pd_prob_mctavish,10,1,0.02748633611151034
2855,mpd_prob_mctavish,10,1,0.02748633611151034
2856,corrected_richness,10,1,0.02748633611151034
2856,shannon,10,1,0.02748633611151034
2856,inv_simpson,10,1,0.02748633611151034
2856,trait_volume,-10,-1,0.02748633611151034
2856,trait_dispersion,-4,-0.4,0.4624327264504763
2856,rao_q,-10,-1,0.02748633611151034
2856,feve,10,1,0.02748633611151034
2856,fdiv,-6,-0.6,0.2206713619198468
2856,fric_prob,-2,-0.2,0.8064959405073402
2856,fdiv_fund,2,0.2,0.8064959405073402
2856,feve_fund,-10,-1,0.02748633611151034
2856,fdis_prob,-8,-0.8,0.08641073297370003
2856,fmpd_prob,-10,-1,0.02748633611151034
2856,raoq_fund,-8,-0.8,0.08641073297370003
2856,cwm_pc1,-10,-1,0.02748633611151034
2856,cwm_pc2,8,0.8,0.08641073297370003
2856,pd_prob_mctavish,10,1,0.02748633611151034
2856,mpd_prob_mctavish,10,1,0.02748633611151034
2857,corrected_richness,10,1,0.02748633611151034
2857,shannon,10,1,0.02748633611151034
2857,inv_simpson,10,1,0.02748633611151034
2857,trait_volume,-10,-1,0.02748633611151034
2857,trait_dispersion,-6,-0.6,0.2206713619198468
2857,rao_q,-10,-1,0.02748633611151034
2857,feve,10,1,0.02748633611151034
2857,fdiv,-6,-0.6,0.2206713619198468
2857,fric_prob,-2,-0.2,0.8064959405073402
2857,fdiv_fund,2,0.2,0.8064959405073402
2857,feve_fund,-10,-1,0.02748633611151034
2857,fdis_prob,-8,-0.8,0.08641073297370003
2857,fmpd_prob,-10,-1,0.02748633611151034
2857,raoq_fund,-8,-0.8,0.08641073297370003
2857,cwm_pc1,-10,-1,0.02748633611151034
2857,cwm_pc2,8,0.8,0.08641073297370003
2857,pd_prob_mctavish,10,1,0.02748633611151034
2857,mpd_prob_mctavish,10,1,0.02748633611151034
2858,corrected_richness,10,1,0.02748633611151034
2858,shannon,10,1,0.02748633611151034
2858,inv_simpson,10,1,0.02748633611151034
2858,trait_volume,-10,-1,0.02748633611151034
2858,trait_dispersion,-6,-0.6,0.2206713619198468
2858,rao_q,-10,-1,0.02748633611151034
2858,feve,10,1,0.02748633611151034
2858,fdiv,-6,-0.6,0.2206713619198468
2858,fric_prob,-2,-0.2,0.8064959405073402
2858,fdiv_fund,2,0.2,0.8064959405073402
2858,feve_fund,-10,-1,0.02748633611151034
2858,fdis_prob,-8,-0.8,0.08641073297370003
2858,fmpd_prob,-10,-1,0.02748633611151034
2858,raoq_fund,-8,-0.8,0.08641073297370003
2858,cwm_pc1,-10,-1,0.02748633611151034
2858,cwm_pc2,8,0.8,0.08641073297370003
2858,pd_prob_mctavish,10,1,0.02748633611151034
2858,mpd_prob_mctavish,10,1,0.02748633611151034
2859,corrected_richness,10,1,0.02748633611151034
2859,shannon,10,1,0.02748633611151034
2859,inv_simpson,10,1,0.02748633611151034
2859,trait_volume,-10,-1,0.02748633611151034
2859,trait_dispersion,-6,-0.6,0.2206713619198468
2859,rao_q,-10,-1,0.02748633611151034
2859,feve,10,1,0.02748633611151034
2859,fdiv,-6,-0.6,0.2206713619198468
2859,fric_prob,-2,-0.2,0.8064959405073402
2859,fdiv_fund,2,0.2,0.8064959405073402
2859,feve_fund,-10,-1,0.02748633611151034
2859,fdis_prob,-6,-0.6,0.2206713619198468
2859,fmpd_prob,-10,-1,0.02748633611151034
2859,raoq_fund,-8,-0.8,0.08641073297370003
2859,cwm_pc1,-10,-1,0.02748633611151034
2859,cwm_pc2,8,0.8,0.08641073297370003
2859,pd_prob_mctavish,10,1,0.02748633611151034
2859,mpd_prob_mctavish,10,1,0.02748633611151034
2860,corrected_richness,10,1,0.02748633611151034
2860,shannon,10,1,0.02748633611151034
2860,inv_simpson,10,1,0.02748633611151034
2860,trait_volume,-10,-1,0.02748633611151034
2860,trait_dispersion,-8,-0.8,0.08641073297370003
2860,rao_q,-10,-1,0.02748633611151034
2860,feve,10,1,0.02748633611151034
2860,fdiv,-6,-0.6,0.2206713619198468
2860,fric_prob,-2,-0.2,0.8064959405073402
2860,fdiv_fund,2,0.2,0.8064959405073402
2860,feve_fund,-10,-1,0.02748633611151034
2860,fdis_prob,-6,-0.6,0.2206713619198468
2860,fmpd_prob,-10,-1,0.02748633611151034
2860,raoq_fund,-8,-0.8,0.08641073297370003
2860,cwm_pc1,-10,-1,0.02748633611151034
2860,cwm_pc2,8,0.8,0.08641073297370003
2860,pd_prob_mctavish,10,1,0.02748633611151034
2860,mpd_prob_mctavish,10,1,0.02748633611151034
2861,corrected_richness,10,1,0.02748633611151034
2861,shannon,10,1,0.02748633611151034
2861,inv_simpson,10,1,0.02748633611151034
2861,trait_volume,-10,-1,0.02748633611151034
2861,trait_dispersion,-8,-0.8,0.08641073297370003
2861,rao_q,-10,-1,0.02748633611151034
2861,feve,10,1,0.02748633611151034
2861,fdiv,-4,-0.4,0.4624327264504763
2861,fric_prob,-4,-0.4,0.4624327264504763
2861,fdiv_fund,2,0.2,0.8064959405073402
2861,feve_fund,-10,-1,0.02748633611151034
2861,fdis_prob,-6,-0.6,0.2206713619198468
2861,fmpd_prob,-10,-1,0.02748633611151034
2861,raoq_fund,-8,-0.8,0.08641073297370003
2861,cwm_pc1,-10,-1,0.02748633611151034
2861,cwm_pc2,8,0.8,0.08641073297370003
2861,pd_prob_mctavish,10,1,0.02748633611151034
2861,mpd_prob_mctavish,10,1,0.02748633611151034
2862,corrected_richness,10,1,0.02748633611151034
2862,shannon,10,1,0.02748633611151034
2862,inv_simpson,10,1,0.02748633611151034
2862,trait_volume,-10,-1,0.02748633611151034
2862,trait_dispersion,-8,-0.8,0.08641073297370003
2862,rao_q,-10,-1,0.02748633611151034
2862,feve,10,1,0.02748633611151034
2862,fdiv,-4,-0.4,0.4624327264504763
2862,fric_prob,-4,-0.4,0.4624327264504763
2862,fdiv_fund,4,0.4,0.4624327264504763
2862,feve_fund,-10,-1,0.02748633611151034
2862,fdis_prob,-6,-0.6,0.2206713619198468
2862,fmpd_prob,-10,-1,0.02748633611151034
2862,raoq_fund,-10,-1,0.02748633611151034
2862,cwm_pc1,-10,-1,0.02748633611151034
2862,cwm_pc2,8,0.8,0.08641073297370003
2862,pd_prob_mctavish,10,1,0.02748633611151034
2862,mpd_prob_mctavish,10,1,0.02748633611151034
2909,corrected_richness,10,1,0.02748633611151034
2909,shannon,10,1,0.02748633611151034
2909,inv_simpson,10,1,0.02748633611151034
2909,trait_volume,10,1,0.02748633611151034
2909,trait_dispersion,4,0.4,0.4624327264504763
2909,rao_q,10,1,0.02748633611151034
2909,feve,10,1,0.02748633611151034
2909,fdiv,6,0.6,0.2206713619198468
2909,fric_prob,0,0,1
2909,fdiv_fund,8,0.8,0.08641073297370003
2909,feve_fund,-2,-0.2,0.8064959405073402
2909,fdis_prob,0,0,1
2909,fmpd_prob,10,1,0.02748633611151034
2909,raoq_fund,8,0.8,0.08641073297370003
2909,cwm_pc1,-10,-1,0.02748633611151034
2909,cwm_pc2,4,0.4,0.4624327264504763
2909,pd_prob_mctavish,10,1,0.02748633611151034
2909,mpd_prob_mctavish,10,1,0.02748633611151034
2910,corrected_richness,10,1,0.02748633611151034
2910,shannon,10,1,0.02748633611151034
2910,inv_simpson,10,1,0.02748633611151034
2910,trait_volume,10,1,0.02748633611151034
2910,trait_dispersion,4,0.4,0.4624327264504763
2910,rao_q,10,1,0.02748633611151034
2910,feve,10,1,0.02748633611151034
2910,fdiv,2,0.2,0.8064959405073402
2910,fric_prob,-2,-0.2,0.7236736098317631
2910,fdiv_fund,8,0.8,0.08641073297370003
2910,feve_fund,-6,-0.6,0.2206713619198468
2910,fdis_prob,0,0,1
2910,fmpd_prob,10,1,0.02748633611151034
2910,raoq_fund,8,0.8,0.08641073297370003
2910,cwm_pc1,-10,-1,0.02748633611151034
2910,cwm_pc2,4,0.4,0.4624327264504763
2910,pd_prob_mctavish,10,1,0.02748633611151034
2910,mpd_prob_mctavish,10,1,0.02748633611151034
2911,corrected_richness,10,1,0.02748633611151034
2911,shannon,10,1,0.02748633611151034
2911,inv_simpson,10,1,0.02748633611151034
2911,trait_volume,8,0.8,0.08641073297370003
2911,trait_dispersion,-2,-0.2,0.8064959405073402
2911,rao_q,8,0.8,0.08641073297370003
2911,feve,10,1,0.02748633611151034
2911,fdiv,4,0.4,0.4624327264504763
2911,fric_prob,-3,-0.3,0.5790997419539188
2911,fdiv_fund,8,0.8,0.08641073297370003
2911,feve_fund,-4,-0.4,0.4624327264504763
2911,fdis_prob,-4,-0.4,0.4624327264504763
2911,fmpd_prob,8,0.8,0.08641073297370003
2911,raoq_fund,4,0.4,0.4624327264504763
2911,cwm_pc1,-10,-1,0.02748633611151034
2911,cwm_pc2,6,0.6,0.2206713619198468
2911,pd_prob_mctavish,10,1,0.02748633611151034
2911,mpd_prob_mctavish,10,1,0.02748633611151034
2912,corrected_richness,10,1,0.02748633611151034
2912,shannon,10,1,0.02748633611151034
2912,inv_simpson,10,1,0.02748633611151034
2912,trait_volume,6,0.6,0.2206713619198468
2912,trait_dispersion,-2,-0.2,0.8064959405073402
2912,rao_q,6,0.6,0.2206713619198468
2912,feve,10,1,0.02748633611151034
2912,fdiv,4,0.4,0.4624327264504763
2912,fric_prob,-1,-0.1,1
2912,fdiv_fund,4,0.4,0.4624327264504763
2912,feve_fund,-4,-0.4,0.4624327264504763
2912,fdis_prob,-8,-0.8,0.08641073297370003
2912,fmpd_prob,6,0.6,0.2206713619198468
2912,raoq_fund,0,0,1
2912,cwm_pc1,-10,-1,0.02748633611151034
2912,cwm_pc2,6,0.6,0.2206713619198468
2912,pd_prob_mctavish,10,1,0.02748633611151034
2912,mpd_prob_mctavish,10,1,0.02748633611151034
2913,corrected_richness,10,1,0.02748633611151034
2913,shannon,10,1,0.02748633611151034
2913,inv_simpson,10,1,0.02748633611151034
2913,trait_volume,4,0.4,0.4624327264504763
2913,trait_dispersion,-4,-0.4,0.4624327264504763
2913,rao_q,4,0.4,0.4624327264504763
2913,feve,10,1,0.02748633611151034
2913,fdiv,4,0.4,0.4624327264504763
2913,fric_prob,6,0.6,0.2206713619198468
2913,fdiv_fund,0,0,1
2913,feve_fund,-6,-0.6,0.2206713619198468
2913,fdis_prob,-8,-0.8,0.08641073297370003
2913,fmpd_prob,4,0.4,0.4624327264504763
2913,raoq_fund,0,0,1
2913,cwm_pc1,-10,-1,0.02748633611151034
2913,cwm_pc2,6,0.6,0.2206713619198468
2913,pd_prob_mctavish,10,1,0.02748633611151034
2913,mpd_prob_mctavish,10,1,0.02748633611151034
2914,corrected_richness,10,1,0.02748633611151034
2914,shannon,10,1,0.02748633611151034
2914,inv_simpson,10,1,0.02748633611151034
2914,trait_volume,0,0,1
2914,trait_dispersion,-4,-0.4,0.4624327264504763
2914,rao_q,0,0,1
2914,feve,10,1,0.02748633611151034
2914,fdiv,4,0.4,0.4624327264504763
2914,fric_prob,6,0.6,0.2206713619198468
2914,fdiv_fund,-2,-0.2,0.8064959405073402
2914,feve_fund,-6,-0.6,0.2206713619198468
2914,fdis_prob,-8,-0.8,0.08641073297370003
2914,fmpd_prob,0,0,1
2914,raoq_fund,-2,-0.2,0.8064959405073402
2914,cwm_pc1,-10,-1,0.02748633611151034
2914,cwm_pc2,6,0.6,0.2206713619198468
2914,pd_prob_mctavish,10,1,0.02748633611151034
2914,mpd_prob_mctavish,10,1,0.02748633611151034
2915,corrected_richness,10,1,0.02748633611151034
2915,shannon,10,1,0.02748633611151034
2915,inv_simpson,10,1,0.02748633611151034
2915,trait_volume,-4,-0.4,0.4624327264504763
2915,trait_dispersion,-4,-0.4,0.4624327264504763
2915,rao_q,-4,-0.4,0.4624327264504763
2915,feve,10,1,0.02748633611151034
2915,fdiv,2,0.2,0.8064959405073402
2915,fric_prob,6,0.6,0.2206713619198468
2915,fdiv_fund,-2,-0.2,0.8064959405073402
2915,feve_fund,-6,-0.6,0.2206713619198468
2915,fdis_prob,-8,-0.8,0.08641073297370003
2915,fmpd_prob,-4,-0.4,0.4624327264504763
2915,raoq_fund,-6,-0.6,0.2206713619198468
2915,cwm_pc1,-10,-1,0.02748633611151034
2915,cwm_pc2,6,0.6,0.2206713619198468
2915,pd_prob_mctavish,10,1,0.02748633611151034
2915,mpd_prob_mctavish,10,1,0.02748633611151034
2916,corrected_richness,10,1,0.02748633611151034
2916,shannon,10,1,0.02748633611151034
2916,inv_simpson,10,1,0.02748633611151034
2916,trait_volume,-4,-0.4,0.4624327264504763
2916,trait_dispersion,-2,-0.2,0.8064959405073402
2916,rao_q,-4,-0.4,0.4624327264504763
2916,feve,10,1,0.02748633611151034
2916,fdiv,0,0,1
2916,fric_prob,6,0.6,0.2206713619198468
2916,fdiv_fund,-4,-0.4,0.4624327264504763
2916,feve_fund,-8,-0.8,0.08641073297370003
2916,fdis_prob,-6,-0.6,0.2206713619198468
2916,fmpd_prob,-4,-0.4,0.4624327264504763
2916,raoq_fund,-6,-0.6,0.2206713619198468
2916,cwm_pc1,-10,-1,0.02748633611151034
2916,cwm_pc2,6,0.6,0.2206713619198468
2916,pd_prob_mctavish,10,1,0.02748633611151034
2916,mpd_prob_mctavish,10,1,0.02748633611151034
2917,corrected_richness,10,1,0.02748633611151034
2917,shannon,10,1,0.02748633611151034
2917,inv_simpson,10,1,0.02748633611151034
2917,trait_volume,-4,-0.4,0.4624327264504763
2917,trait_dispersion,-2,-0.2,0.8064959405073402
2917,rao_q,-4,-0.4,0.4624327264504763
2917,feve,10,1,0.02748633611151034
2917,fdiv,0,0,1
2917,fric_prob,6,0.6,0.2206713619198468
2917,fdiv_fund,-8,-0.8,0.08641073297370003
2917,feve_fund,-8,-0.8,0.08641073297370003
2917,fdis_prob,-6,-0.6,0.2206713619198468
2917,fmpd_prob,-4,-0.4,0.4624327264504763
2917,raoq_fund,-6,-0.6,0.2206713619198468
2917,cwm_pc1,-10,-1,0.02748633611151034
2917,cwm_pc2,6,0.6,0.2206713619198468
2917,pd_prob_mctavish,10,1,0.02748633611151034
2917,mpd_prob_mctavish,10,1,0.02748633611151034
2918,corrected_richness,10,1,0.02748633611151034
2918,shannon,10,1,0.02748633611151034
2918,inv_simpson,10,1,0.02748633611151034
2918,trait_volume,-4,-0.4,0.4624327264504763
2918,trait_dispersion,-2,-0.2,0.8064959405073402
2918,rao_q,-4,-0.4,0.4624327264504763
2918,feve,10,1,0.02748633611151034
2918,fdiv,-2,-0.2,0.8064959405073402
2918,fric_prob,10,1,0.02748633611151034
2918,fdiv_fund,-8,-0.8,0.08641073297370003
2918,feve_fund,-8,-0.8,0.08641073297370003
2918,fdis_prob,-6,-0.6,0.2206713619198468
2918,fmpd_prob,-4,-0.4,0.4624327264504763
2918,raoq_fund,-4,-0.4,0.4624327264504763
2918,cwm_pc1,-10,-1,0.02748633611151034
2918,cwm_pc2,6,0.6,0.2206713619198468
2918,pd_prob_mctavish,10,1,0.02748633611151034
2918,mpd_prob_mctavish,10,1,0.02748633611151034
2919,corrected_richness,10,1,0.02748633611151034
2919,shannon,10,1,0.02748633611151034
2919,inv_simpson,10,1,0.02748633611151034
2919,trait_volume,-4,-0.4,0.4624327264504763
2919,trait_dispersion,0,0,1
2919,rao_q,-6,-0.6,0.2206713619198468
2919,feve,10,1,0.02748633611151034
2919,fdiv,-4,-0.4,0.4624327264504763
2919,fric_prob,10,1,0.02748633611151034
2919,fdiv_fund,-10,-1,0.02748633611151034
2919,feve_fund,-8,-0.8,0.08641073297370003
2919,fdis_prob,-8,-0.8,0.08641073297370003
2919,fmpd_prob,-6,-0.6,0.2206713619198468
2919,raoq_fund,-4,-0.4,0.4624327264504763
2919,cwm_pc1,-10,-1,0.02748633611151034
2919,cwm_pc2,6,0.6,0.2206713619198468
2919,pd_prob_mctavish,10,1,0.02748633611151034
2919,mpd_prob_mctavish,10,1,0.02748633611151034
2920,corrected_richness,10,1,0.02748633611151034
2920,shannon,10,1,0.02748633611151034
2920,inv_simpson,10,1,0.02748633611151034
2920,trait_volume,-4,-0.4,0.4624327264504763
2920,trait_dispersion,0,0,1
2920,rao_q,-6,-0.6,0.2206713619198468
2920,feve,10,1,0.02748633611151034
2920,fdiv,-4,-0.4,0.4624327264504763
2920,fric_prob,10,1,0.02748633611151034
2920,fdiv_fund,-8,-0.8,0.08641073297370003
2920,feve_fund,-8,-0.8,0.08641073297370003
2920,fdis_prob,-8,-0.8,0.08641073297370003
2920,fmpd_prob,-6,-0.6,0.2206713619198468
2920,raoq_fund,-4,-0.4,0.4624327264504763
2920,cwm_pc1,-10,-1,0.02748633611151034
2920,cwm_pc2,6,0.6,0.2206713619198468
2920,pd_prob_mctavish,10,1,0.02748633611151034
2920,mpd_prob_mctavish,10,1,0.02748633611151034
2921,corrected_richness,10,1,0.02748633611151034
2921,shannon,10,1,0.02748633611151034
2921,inv_simpson,10,1,0.02748633611151034
2921,trait_volume,-6,-0.6,0.2206713619198468
2921,trait_dispersion,0,0,1
2921,rao_q,-6,-0.6,0.2206713619198468
2921,feve,10,1,0.02748633611151034
2921,fdiv,-4,-0.4,0.4624327264504763
2921,fric_prob,8,0.8,0.08641073297370003
2921,fdiv_fund,-8,-0.8,0.08641073297370003
2921,feve_fund,-8,-0.8,0.08641073297370003
2921,fdis_prob,-8,-0.8,0.08641073297370003
2921,fmpd_prob,-8,-0.8,0.08641073297370003
2921,raoq_fund,-4,-0.4,0.4624327264504763
2921,cwm_pc1,-10,-1,0.02748633611151034
2921,cwm_pc2,6,0.6,0.2206713619198468
2921,pd_prob_mctavish,10,1,0.02748633611151034
2921,mpd_prob_mctavish,10,1,0.02748633611151034
2922,corrected_richness,10,1,0.02748633611151034
2922,shannon,10,1,0.02748633611151034
2922,inv_simpson,10,1,0.02748633611151034
2922,trait_volume,-6,-0.6,0.2206713619198468
2922,trait_dispersion,0,0,1
2922,rao_q,-8,-0.8,0.08641073297370003
2922,feve,10,1,0.02748633611151034
2922,fdiv,-4,-0.4,0.4624327264504763
2922,fric_prob,8,0.8,0.08641073297370003
2922,fdiv_fund,-8,-0.8,0.08641073297370003
2922,feve_fund,-8,-0.8,0.08641073297370003
2922,fdis_prob,-8,-0.8,0.08641073297370003
2922,fmpd_prob,-8,-0.8,0.08641073297370003
2922,raoq_fund,-4,-0.4,0.4624327264504763
2922,cwm_pc1,-10,-1,0.02748633611151034
2922,cwm_pc2,6,0.6,0.2206713619198468
2922,pd_prob_mctavish,10,1,0.02748633611151034
2922,mpd_prob_mctavish,10,1,0.02748633611151034
2923,corrected_richness,10,1,0.02748633611151034
2923,shannon,10,1,0.02748633611151034
2923,inv_simpson,10,1,0.02748633611151034
2923,trait_volume,-8,-0.8,0.08641073297370003
2923,trait_dispersion,0,0,1
2923,rao_q,-8,-0.8,0.08641073297370003
2923,feve,10,1,0.02748633611151034
2923,fdiv,-4,-0.4,0.4624327264504763
2923,fric_prob,8,0.8,0.08641073297370003
2923,fdiv_fund,-4,-0.4,0.4624327264504763
2923,feve_fund,-8,-0.8,0.08641073297370003
2923,fdis_prob,-6,-0.6,0.2206713619198468
2923,fmpd_prob,-8,-0.8,0.08641073297370003
2923,raoq_fund,-4,-0.4,0.4624327264504763
2923,cwm_pc1,-10,-1,0.02748633611151034
2923,cwm_pc2,6,0.6,0.2206713619198468
2923,pd_prob_mctavish,10,1,0.02748633611151034
2923,mpd_prob_mctavish,10,1,0.02748633611151034
2924,corrected_richness,10,1,0.02748633611151034
2924,shannon,10,1,0.02748633611151034
2924,inv_simpson,10,1,0.02748633611151034
2924,trait_volume,-8,-0.8,0.08641073297370003
2924,trait_dispersion,0,0,1
2924,rao_q,-8,-0.8,0.08641073297370003
2924,feve,10,1,0.02748633611151034
2924,fdiv,-6,-0.6,0.2206713619198468
2924,fric_prob,6,0.6,0.2206713619198468
2924,fdiv_fund,-2,-0.2,0.8064959405073402
2924,feve_fund,-10,-1,0.02748633611151034
2924,fdis_prob,-4,-0.4,0.4624327264504763
2924,fmpd_prob,-8,-0.8,0.08641073297370003
2924,raoq_fund,-8,-0.8,0.08641073297370003
2924,cwm_pc1,-10,-1,0.02748633611151034
2924,cwm_pc2,8,0.8,0.08641073297370003
2924,pd_prob_mctavish,10,1,0.02748633611151034
2924,mpd_prob_mctavish,10,1,0.02748633611151034
2925,corrected_richness,10,1,0.02748633611151034
2925,shannon,10,1,0.02748633611151034
2925,inv_simpson,10,1,0.02748633611151034
2925,trait_volume,-8,-0.8,0.08641073297370003
2925,trait_dispersion,0,0,1
2925,rao_q,-8,-0.8,0.08641073297370003
2925,feve,10,1,0.02748633611151034
2925,fdiv,-6,-0.6,0.2206713619198468
2925,fric_prob,2,0.2,0.8064959405073402
2925,fdiv_fund,2,0.2,0.8064959405073402
2925,feve_fund,-10,-1,0.02748633611151034
2925,fdis_prob,-4,-0.4,0.4624327264504763
2925,fmpd_prob,-8,-0.8,0.08641073297370003
2925,raoq_fund,-8,-0.8,0.08641073297370003
2925,cwm_pc1,-10,-1,0.02748633611151034
2925,cwm_pc2,8,0.8,0.08641073297370003
2925,pd_prob_mctavish,10,1,0.02748633611151034
2925,mpd_prob_mctavish,10,1,0.02748633611151034
2926,corrected_richness,10,1,0.02748633611151034
2926,shannon,10,1,0.02748633611151034
2926,inv_simpson,10,1,0.02748633611151034
2926,trait_volume,-8,-0.8,0.08641073297370003
2926,trait_dispersion,-2,-0.2,0.8064959405073402
2926,rao_q,-8,-0.8,0.08641073297370003
2926,feve,10,1,0.02748633611151034
2926,fdiv,-6,-0.6,0.2206713619198468
2926,fric_prob,-2,-0.2,0.8064959405073402
2926,fdiv_fund,2,0.2,0.8064959405073402
2926,feve_fund,-10,-1,0.02748633611151034
2926,fdis_prob,-4,-0.4,0.4624327264504763
2926,fmpd_prob,-8,-0.8,0.08641073297370003
2926,raoq_fund,-8,-0.8,0.08641073297370003
2926,cwm_pc1,-10,-1,0.02748633611151034
2926,cwm_pc2,8,0.8,0.08641073297370003
2926,pd_prob_mctavish,10,1,0.02748633611151034
2926,mpd_prob_mctavish,10,1,0.02748633611151034
2927,corrected_richness,10,1,0.02748633611151034
2927,shannon,10,1,0.02748633611151034
2927,inv_simpson,10,1,0.02748633611151034
2927,trait_volume,-10,-1,0.02748633611151034
2927,trait_dispersion,-2,-0.2,0.8064959405073402
2927,rao_q,-10,-1,0.02748633611151034
2927,feve,10,1,0.02748633611151034
2927,fdiv,-6,-0.6,0.2206713619198468
2927,fric_prob,-2,-0.2,0.8064959405073402
2927,fdiv_fund,2,0.2,0.8064959405073402
2927,feve_fund,-10,-1,0.02748633611151034
2927,fdis_prob,-6,-0.6,0.2206713619198468
2927,fmpd_prob,-10,-1,0.02748633611151034
2927,raoq_fund,-8,-0.8,0.08641073297370003
2927,cwm_pc1,-10,-1,0.02748633611151034
2927,cwm_pc2,8,0.8,0.08641073297370003
2927,pd_prob_mctavish,10,1,0.02748633611151034
2927,mpd_prob_mctavish,10,1,0.02748633611151034
2928,corrected_richness,10,1,0.02748633611151034
2928,shannon,10,1,0.02748633611151034
2928,inv_simpson,10,1,0.02748633611151034
2928,trait_volume,-10,-1,0.02748633611151034
2928,trait_dispersion,-4,-0.4,0.4624327264504763
2928,rao_q,-10,-1,0.02748633611151034
2928,feve,10,1,0.02748633611151034
2928,fdiv,-6,-0.6,0.2206713619198468
2928,fric_prob,-2,-0.2,0.8064959405073402
2928,fdiv_fund,2,0.2,0.8064959405073402
2928,feve_fund,-10,-1,0.02748633611151034
2928,fdis_prob,-6,-0.6,0.2206713619198468
2928,fmpd_prob,-10,-1,0.02748633611151034
2928,raoq_fund,-8,-0.8,0.08641073297370003
2928,cwm_pc1,-10,-1,0.02748633611151034
2928,cwm_pc2,8,0.8,0.08641073297370003
2928,pd_prob_mctavish,10,1,0.02748633611151034
2928,mpd_prob_mctavish,10,1,0.02748633611151034
2929,corrected_richness,10,1,0.02748633611151034
2929,shannon,10,1,0.02748633611151034
2929,inv_simpson,10,1,0.02748633611151034
2929,trait_volume,-10,-1,0.02748633611151034
2929,trait_dispersion,-4,-0.4,0.4624327264504763
2929,rao_q,-10,-1,0.02748633611151034
2929,feve,10,1,0.02748633611151034
2929,fdiv,-6,-0.6,0.2206713619198468
2929,fric_prob,-2,-0.2,0.8064959405073402
2929,fdiv_fund,2,0.2,0.8064959405073402
2929,feve_fund,-10,-1,0.02748633611151034
2929,fdis_prob,-6,-0.6,0.2206713619198468
2929,fmpd_prob,-10,-1,0.02748633611151034
2929,raoq_fund,-8,-0.8,0.08641073297370003
2929,cwm_pc1,-10,-1,0.02748633611151034
2929,cwm_pc2,8,0.8,0.08641073297370003
2929,pd_prob_mctavish,10,1,0.02748633611151034
2929,mpd_prob_mctavish,10,1,0.02748633611151034
2930,corrected_richness,10,1,0.02748633611151034
2930,shannon,10,1,0.02748633611151034
2930,inv_simpson,10,1,0.02748633611151034
2930,trait_volume,-10,-1,0.02748633611151034
2930,trait_dispersion,-6,-0.6,0.2206713619198468
2930,rao_q,-10,-1,0.02748633611151034
2930,feve,10,1,0.02748633611151034
2930,fdiv,-6,-0.6,0.2206713619198468
2930,fric_prob,-2,-0.2,0.8064959405073402
2930,fdiv_fund,2,0.2,0.8064959405073402
2930,feve_fund,-10,-1,0.02748633611151034
2930,fdis_prob,-6,-0.6,0.2206713619198468
2930,fmpd_prob,-10,-1,0.02748633611151034
2930,raoq_fund,-8,-0.8,0.08641073297370003
2930,cwm_pc1,-10,-1,0.02748633611151034
2930,cwm_pc2,8,0.8,0.08641073297370003
2930,pd_prob_mctavish,10,1,0.02748633611151034
2930,mpd_prob_mctavish,10,1,0.02748633611151034
2931,corrected_richness,10,1,0.02748633611151034
2931,shannon,10,1,0.02748633611151034
2931,inv_simpson,10,1,0.02748633611151034
2931,trait_volume,-10,-1,0.02748633611151034
2931,trait_dispersion,-6,-0.6,0.2206713619198468
2931,rao_q,-10,-1,0.02748633611151034
2931,feve,10,1,0.02748633611151034
2931,fdiv,-6,-0.6,0.2206713619198468
2931,fric_prob,-2,-0.2,0.8064959405073402
2931,fdiv_fund,2,0.2,0.8064959405073402
2931,feve_fund,-8,-0.8,0.08641073297370003
2931,fdis_prob,-6,-0.6,0.2206713619198468
2931,fmpd_prob,-10,-1,0.02748633611151034
2931,raoq_fund,-8,-0.8,0.08641073297370003
2931,cwm_pc1,-10,-1,0.02748633611151034
2931,cwm_pc2,8,0.8,0.08641073297370003
2931,pd_prob_mctavish,10,1,0.02748633611151034
2931,mpd_prob_mctavish,10,1,0.02748633611151034
2932,corrected_richness,10,1,0.02748633611151034
2932,shannon,10,1,0.02748633611151034
2932,inv_simpson,10,1,0.02748633611151034
2932,trait_volume,-10,-1,0.02748633611151034
2932,trait_dispersion,-6,-0.6,0.2206713619198468
2932,rao_q,-10,-1,0.02748633611151034
2932,feve,10,1,0.02748633611151034
2932,fdiv,-6,-0.6,0.2206713619198468
2932,fric_prob,-2,-0.2,0.8064959405073402
2932,fdiv_fund,2,0.2,0.8064959405073402
2932,feve_fund,-8,-0.8,0.08641073297370003
2932,fdis_prob,-6,-0.6,0.2206713619198468
2932,fmpd_prob,-10,-1,0.02748633611151034
2932,raoq_fund,-8,-0.8,0.08641073297370003
2932,cwm_pc1,-10,-1,0.02748633611151034
2932,cwm_pc2,8,0.8,0.08641073297370003
2932,pd_prob_mctavish,10,1,0.02748633611151034
2932,mpd_prob_mctavish,10,1,0.02748633611151034
2933,corrected_richness,10,1,0.02748633611151034
2933,shannon,10,1,0.02748633611151034
2933,inv_simpson,10,1,0.02748633611151034
2933,trait_volume,-10,-1,0.02748633611151034
2933,trait_dispersion,-8,-0.8,0.08641073297370003
2933,rao_q,-10,-1,0.02748633611151034
2933,feve,10,1,0.02748633611151034
2933,fdiv,-6,-0.6,0.2206713619198468
2933,fric_prob,-2,-0.2,0.8064959405073402
2933,fdiv_fund,2,0.2,0.8064959405073402
2933,feve_fund,-10,-1,0.02748633611151034
2933,fdis_prob,-6,-0.6,0.2206713619198468
2933,fmpd_prob,-10,-1,0.02748633611151034
2933,raoq_fund,-8,-0.8,0.08641073297370003
2933,cwm_pc1,-10,-1,0.02748633611151034
2933,cwm_pc2,8,0.8,0.08641073297370003
2933,pd_prob_mctavish,10,1,0.02748633611151034
2933,mpd_prob_mctavish,10,1,0.02748633611151034
2981,corrected_richness,10,1,0.02748633611151034
2981,shannon,10,1,0.02748633611151034
2981,inv_simpson,10,1,0.02748633611151034
2981,trait_volume,10,1,0.02748633611151034
2981,trait_dispersion,0,0,1
2981,rao_q,10,1,0.02748633611151034
2981,feve,10,1,0.02748633611151034
2981,fdiv,10,1,0.02748633611151034
2981,fric_prob,0,0,1
2981,fdiv_fund,8,0.8,0.08641073297370003
2981,feve_fund,0,0,1
2981,fdis_prob,-6,-0.6,0.2206713619198468
2981,fmpd_prob,10,1,0.02748633611151034
2981,raoq_fund,6,0.6,0.2206713619198468
2981,cwm_pc1,-10,-1,0.02748633611151034
2981,cwm_pc2,6,0.6,0.2206713619198468
2981,pd_prob_mctavish,10,1,0.02748633611151034
2981,mpd_prob_mctavish,10,1,0.02748633611151034
2982,corrected_richness,10,1,0.02748633611151034
2982,shannon,10,1,0.02748633611151034
2982,inv_simpson,10,1,0.02748633611151034
2982,trait_volume,10,1,0.02748633611151034
2982,trait_dispersion,-4,-0.4,0.4624327264504763
2982,rao_q,10,1,0.02748633611151034
2982,feve,10,1,0.02748633611151034
2982,fdiv,10,1,0.02748633611151034
2982,fric_prob,0,0,1
2982,fdiv_fund,8,0.8,0.08641073297370003
2982,feve_fund,2,0.2,0.8064959405073402
2982,fdis_prob,-6,-0.6,0.2206713619198468
2982,fmpd_prob,10,1,0.02748633611151034
2982,raoq_fund,6,0.6,0.2206713619198468
2982,cwm_pc1,-10,-1,0.02748633611151034
2982,cwm_pc2,6,0.6,0.2206713619198468
2982,pd_prob_mctavish,10,1,0.02748633611151034
2982,mpd_prob_mctavish,10,1,0.02748633611151034
2983,corrected_richness,10,1,0.02748633611151034
2983,shannon,10,1,0.02748633611151034
2983,inv_simpson,10,1,0.02748633611151034
2983,trait_volume,6,0.6,0.2206713619198468
2983,trait_dispersion,-6,-0.6,0.2206713619198468
2983,rao_q,6,0.6,0.2206713619198468
2983,feve,10,1,0.02748633611151034
2983,fdiv,10,1,0.02748633611151034
2983,fric_prob,-2,-0.2,0.7236736098317631
2983,fdiv_fund,6,0.6,0.2206713619198468
2983,feve_fund,-2,-0.2,0.8064959405073402
2983,fdis_prob,-6,-0.6,0.2206713619198468
2983,fmpd_prob,6,0.6,0.2206713619198468
2983,raoq_fund,2,0.2,0.8064959405073402
2983,cwm_pc1,-10,-1,0.02748633611151034
2983,cwm_pc2,6,0.6,0.2206713619198468
2983,pd_prob_mctavish,10,1,0.02748633611151034
2983,mpd_prob_mctavish,10,1,0.02748633611151034
2984,corrected_richness,10,1,0.02748633611151034
2984,shannon,10,1,0.02748633611151034
2984,inv_simpson,10,1,0.02748633611151034
2984,trait_volume,4,0.4,0.4624327264504763
2984,trait_dispersion,-6,-0.6,0.2206713619198468
2984,rao_q,4,0.4,0.4624327264504763
2984,feve,10,1,0.02748633611151034
2984,fdiv,10,1,0.02748633611151034
2984,fric_prob,5,0.5,0.3122163883433193
2984,fdiv_fund,4,0.4,0.4624327264504763
2984,feve_fund,-4,-0.4,0.4624327264504763
2984,fdis_prob,-6,-0.6,0.2206713619198468
2984,fmpd_prob,4,0.4,0.4624327264504763
2984,raoq_fund,0,0,1
2984,cwm_pc1,-10,-1,0.02748633611151034
2984,cwm_pc2,6,0.6,0.2206713619198468
2984,pd_prob_mctavish,10,1,0.02748633611151034
2984,mpd_prob_mctavish,10,1,0.02748633611151034
2985,corrected_richness,10,1,0.02748633611151034
2985,shannon,10,1,0.02748633611151034
2985,inv_simpson,10,1,0.02748633611151034
2985,trait_volume,4,0.4,0.4624327264504763
2985,trait_dispersion,-6,-0.6,0.2206713619198468
2985,rao_q,4,0.4,0.4624327264504763
2985,feve,10,1,0.02748633611151034
2985,fdiv,8,0.8,0.08641073297370003
2985,fric_prob,8,0.8,0.08641073297370003
2985,fdiv_fund,2,0.2,0.8064959405073402
2985,feve_fund,-8,-0.8,0.08641073297370003
2985,fdis_prob,-6,-0.6,0.2206713619198468
2985,fmpd_prob,4,0.4,0.4624327264504763
2985,raoq_fund,0,0,1
2985,cwm_pc1,-10,-1,0.02748633611151034
2985,cwm_pc2,6,0.6,0.2206713619198468
2985,pd_prob_mctavish,10,1,0.02748633611151034
2985,mpd_prob_mctavish,10,1,0.02748633611151034
2986,corrected_richness,10,1,0.02748633611151034
2986,shannon,10,1,0.02748633611151034
2986,inv_simpson,10,1,0.02748633611151034
2986,trait_volume,2,0.2,0.8064959405073402
2986,trait_dispersion,-6,-0.6,0.2206713619198468
2986,rao_q,-2,-0.2,0.8064959405073402
2986,feve,10,1,0.02748633611151034
2986,fdiv,6,0.6,0.2206713619198468
2986,fric_prob,8,0.8,0.08641073297370003
2986,fdiv_fund,-4,-0.4,0.4624327264504763
2986,feve_fund,-8,-0.8,0.08641073297370003
2986,fdis_prob,-6,-0.6,0.2206713619198468
2986,fmpd_prob,-2,-0.2,0.8064959405073402
2986,raoq_fund,-2,-0.2,0.8064959405073402
2986,cwm_pc1,-10,-1,0.02748633611151034
2986,cwm_pc2,6,0.6,0.2206713619198468
2986,pd_prob_mctavish,10,1,0.02748633611151034
2986,mpd_prob_mctavish,10,1,0.02748633611151034
2987,corrected_richness,10,1,0.02748633611151034
2987,shannon,10,1,0.02748633611151034
2987,inv_simpson,10,1,0.02748633611151034
2987,trait_volume,-2,-0.2,0.8064959405073402
2987,trait_dispersion,-6,-0.6,0.2206713619198468
2987,rao_q,-2,-0.2,0.8064959405073402
2987,feve,10,1,0.02748633611151034
2987,fdiv,4,0.4,0.4624327264504763
2987,fric_prob,6,0.6,0.2206713619198468
2987,fdiv_fund,-6,-0.6,0.2206713619198468
2987,feve_fund,-8,-0.8,0.08641073297370003
2987,fdis_prob,-6,-0.6,0.2206713619198468
2987,fmpd_prob,-4,-0.4,0.4624327264504763
2987,raoq_fund,-4,-0.4,0.4624327264504763
2987,cwm_pc1,-10,-1,0.02748633611151034
2987,cwm_pc2,6,0.6,0.2206713619198468
2987,pd_prob_mctavish,10,1,0.02748633611151034
2987,mpd_prob_mctavish,10,1,0.02748633611151034
2988,corrected_richness,10,1,0.02748633611151034
2988,shannon,10,1,0.02748633611151034
2988,inv_simpson,10,1,0.02748633611151034
2988,trait_volume,-4,-0.4,0.4624327264504763
2988,trait_dispersion,-6,-0.6,0.2206713619198468
2988,rao_q,-4,-0.4,0.4624327264504763
2988,feve,10,1,0.02748633611151034
2988,fdiv,2,0.2,0.8064959405073402
2988,fric_prob,8,0.8,0.08641073297370003
2988,fdiv_fund,-8,-0.8,0.08641073297370003
2988,feve_fund,-8,-0.8,0.08641073297370003
2988,fdis_prob,-8,-0.8,0.08641073297370003
2988,fmpd_prob,-4,-0.4,0.4624327264504763
2988,raoq_fund,-2,-0.2,0.8064959405073402
2988,cwm_pc1,-10,-1,0.02748633611151034
2988,cwm_pc2,6,0.6,0.2206713619198468
2988,pd_prob_mctavish,10,1,0.02748633611151034
2988,mpd_prob_mctavish,10,1,0.02748633611151034
2989,corrected_richness,10,1,0.02748633611151034
2989,shannon,10,1,0.02748633611151034
2989,inv_simpson,10,1,0.02748633611151034
2989,trait_volume,-4,-0.4,0.4624327264504763
2989,trait_dispersion,-2,-0.2,0.8064959405073402
2989,rao_q,-4,-0.4,0.4624327264504763
2989,feve,10,1,0.02748633611151034
2989,fdiv,2,0.2,0.8064959405073402
2989,fric_prob,10,1,0.02748633611151034
2989,fdiv_fund,-8,-0.8,0.08641073297370003
2989,feve_fund,-8,-0.8,0.08641073297370003
2989,fdis_prob,-6,-0.6,0.2206713619198468
2989,fmpd_prob,-4,-0.4,0.4624327264504763
2989,raoq_fund,-2,-0.2,0.8064959405073402
2989,cwm_pc1,-10,-1,0.02748633611151034
2989,cwm_pc2,6,0.6,0.2206713619198468
2989,pd_prob_mctavish,10,1,0.02748633611151034
2989,mpd_prob_mctavish,10,1,0.02748633611151034
2990,corrected_richness,10,1,0.02748633611151034
2990,shannon,10,1,0.02748633611151034
2990,inv_simpson,10,1,0.02748633611151034
2990,trait_volume,-4,-0.4,0.4624327264504763
2990,trait_dispersion,-2,-0.2,0.8064959405073402
2990,rao_q,-4,-0.4,0.4624327264504763
2990,feve,10,1,0.02748633611151034
2990,fdiv,-2,-0.2,0.8064959405073402
2990,fric_prob,10,1,0.02748633611151034
2990,fdiv_fund,-8,-0.8,0.08641073297370003
2990,feve_fund,-10,-1,0.02748633611151034
2990,fdis_prob,-8,-0.8,0.08641073297370003
2990,fmpd_prob,-4,-0.4,0.4624327264504763
2990,raoq_fund,-4,-0.4,0.4624327264504763
2990,cwm_pc1,-10,-1,0.02748633611151034
2990,cwm_pc2,6,0.6,0.2206713619198468
2990,pd_prob_mctavish,10,1,0.02748633611151034
2990,mpd_prob_mctavish,10,1,0.02748633611151034
2991,corrected_richness,10,1,0.02748633611151034
2991,shannon,10,1,0.02748633611151034
2991,inv_simpson,10,1,0.02748633611151034
2991,trait_volume,-4,-0.4,0.4624327264504763
2991,trait_dispersion,-2,-0.2,0.8064959405073402
2991,rao_q,-6,-0.6,0.2206713619198468
2991,feve,10,1,0.02748633611151034
2991,fdiv,-2,-0.2,0.8064959405073402
2991,fric_prob,9,0.9,0.04326272780691068
2991,fdiv_fund,-8,-0.8,0.08641073297370003
2991,feve_fund,-10,-1,0.02748633611151034
2991,fdis_prob,-8,-0.8,0.08641073297370003
2991,fmpd_prob,-6,-0.6,0.2206713619198468
2991,raoq_fund,-2,-0.2,0.8064959405073402
2991,cwm_pc1,-10,-1,0.02748633611151034
2991,cwm_pc2,6,0.6,0.2206713619198468
2991,pd_prob_mctavish,10,1,0.02748633611151034
2991,mpd_prob_mctavish,10,1,0.02748633611151034
2992,corrected_richness,10,1,0.02748633611151034
2992,shannon,10,1,0.02748633611151034
2992,inv_simpson,10,1,0.02748633611151034
2992,trait_volume,-6,-0.6,0.2206713619198468
2992,trait_dispersion,0,0,1
2992,rao_q,-6,-0.6,0.2206713619198468
2992,feve,10,1,0.02748633611151034
2992,fdiv,-4,-0.4,0.4624327264504763
2992,fric_prob,8,0.8,0.08641073297370003
2992,fdiv_fund,-8,-0.8,0.08641073297370003
2992,feve_fund,-10,-1,0.02748633611151034
2992,fdis_prob,-8,-0.8,0.08641073297370003
2992,fmpd_prob,-6,-0.6,0.2206713619198468
2992,raoq_fund,-2,-0.2,0.8064959405073402
2992,cwm_pc1,-10,-1,0.02748633611151034
2992,cwm_pc2,6,0.6,0.2206713619198468
2992,pd_prob_mctavish,10,1,0.02748633611151034
2992,mpd_prob_mctavish,10,1,0.02748633611151034
2993,corrected_richness,10,1,0.02748633611151034
2993,shannon,10,1,0.02748633611151034
2993,inv_simpson,10,1,0.02748633611151034
2993,trait_volume,-6,-0.6,0.2206713619198468
2993,trait_dispersion,0,0,1
2993,rao_q,-8,-0.8,0.08641073297370003
2993,feve,10,1,0.02748633611151034
2993,fdiv,-4,-0.4,0.4624327264504763
2993,fric_prob,8,0.8,0.08641073297370003
2993,fdiv_fund,-6,-0.6,0.2206713619198468
2993,feve_fund,-8,-0.8,0.08641073297370003
2993,fdis_prob,-8,-0.8,0.08641073297370003
2993,fmpd_prob,-8,-0.8,0.08641073297370003
2993,raoq_fund,-6,-0.6,0.2206713619198468
2993,cwm_pc1,-10,-1,0.02748633611151034
2993,cwm_pc2,6,0.6,0.2206713619198468
2993,pd_prob_mctavish,10,1,0.02748633611151034
2993,mpd_prob_mctavish,10,1,0.02748633611151034
2994,corrected_richness,10,1,0.02748633611151034
2994,shannon,10,1,0.02748633611151034
2994,inv_simpson,10,1,0.02748633611151034
2994,trait_volume,-8,-0.8,0.08641073297370003
2994,trait_dispersion,2,0.2,0.8064959405073402
2994,rao_q,-8,-0.8,0.08641073297370003
2994,feve,10,1,0.02748633611151034
2994,fdiv,-4,-0.4,0.4624327264504763
2994,fric_prob,6,0.6,0.2206713619198468
2994,fdiv_fund,-4,-0.4,0.4624327264504763
2994,feve_fund,-8,-0.8,0.08641073297370003
2994,fdis_prob,-8,-0.8,0.08641073297370003
2994,fmpd_prob,-8,-0.8,0.08641073297370003
2994,raoq_fund,-6,-0.6,0.2206713619198468
2994,cwm_pc1,-10,-1,0.02748633611151034
2994,cwm_pc2,6,0.6,0.2206713619198468
2994,pd_prob_mctavish,10,1,0.02748633611151034
2994,mpd_prob_mctavish,10,1,0.02748633611151034
2995,corrected_richness,10,1,0.02748633611151034
2995,shannon,10,1,0.02748633611151034
2995,inv_simpson,10,1,0.02748633611151034
2995,trait_volume,-8,-0.8,0.08641073297370003
2995,trait_dispersion,2,0.2,0.8064959405073402
2995,rao_q,-8,-0.8,0.08641073297370003
2995,feve,10,1,0.02748633611151034
2995,fdiv,-6,-0.6,0.2206713619198468
2995,fric_prob,2,0.2,0.8064959405073402
2995,fdiv_fund,-4,-0.4,0.4624327264504763
2995,feve_fund,-8,-0.8,0.08641073297370003
2995,fdis_prob,-8,-0.8,0.08641073297370003
2995,fmpd_prob,-8,-0.8,0.08641073297370003
2995,raoq_fund,-8,-0.8,0.08641073297370003
2995,cwm_pc1,-10,-1,0.02748633611151034
2995,cwm_pc2,8,0.8,0.08641073297370003
2995,pd_prob_mctavish,10,1,0.02748633611151034
2995,mpd_prob_mctavish,10,1,0.02748633611151034
2996,corrected_richness,10,1,0.02748633611151034
2996,shannon,10,1,0.02748633611151034
2996,inv_simpson,10,1,0.02748633611151034
2996,trait_volume,-8,-0.8,0.08641073297370003
2996,trait_dispersion,0,0,1
2996,rao_q,-8,-0.8,0.08641073297370003
2996,feve,10,1,0.02748633611151034
2996,fdiv,-6,-0.6,0.2206713619198468
2996,fric_prob,-2,-0.2,0.8064959405073402
2996,fdiv_fund,2,0.2,0.8064959405073402
2996,feve_fund,-8,-0.8,0.08641073297370003
2996,fdis_prob,-6,-0.6,0.2206713619198468
2996,fmpd_prob,-8,-0.8,0.08641073297370003
2996,raoq_fund,-8,-0.8,0.08641073297370003
2996,cwm_pc1,-10,-1,0.02748633611151034
2996,cwm_pc2,8,0.8,0.08641073297370003
2996,pd_prob_mctavish,10,1,0.02748633611151034
2996,mpd_prob_mctavish,10,1,0.02748633611151034
2997,corrected_richness,10,1,0.02748633611151034
2997,shannon,10,1,0.02748633611151034
2997,inv_simpson,10,1,0.02748633611151034
2997,trait_volume,-8,-0.8,0.08641073297370003
2997,trait_dispersion,0,0,1
2997,rao_q,-8,-0.8,0.08641073297370003
2997,feve,10,1,0.02748633611151034
2997,fdiv,-6,-0.6,0.2206713619198468
2997,fric_prob,-2,-0.2,0.8064959405073402
2997,fdiv_fund,2,0.2,0.8064959405073402
2997,feve_fund,-8,-0.8,0.08641073297370003
2997,fdis_prob,-4,-0.4,0.4624327264504763
2997,fmpd_prob,-8,-0.8,0.08641073297370003
2997,raoq_fund,-8,-0.8,0.08641073297370003
2997,cwm_pc1,-10,-1,0.02748633611151034
2997,cwm_pc2,8,0.8,0.08641073297370003
2997,pd_prob_mctavish,10,1,0.02748633611151034
2997,mpd_prob_mctavish,10,1,0.02748633611151034
2998,corrected_richness,10,1,0.02748633611151034
2998,shannon,10,1,0.02748633611151034
2998,inv_simpson,10,1,0.02748633611151034
2998,trait_volume,-8,-0.8,0.08641073297370003
2998,trait_dispersion,0,0,1
2998,rao_q,-8,-0.8,0.08641073297370003
2998,feve,10,1,0.02748633611151034
2998,fdiv,-6,-0.6,0.2206713619198468
2998,fric_prob,-2,-0.2,0.8064959405073402
2998,fdiv_fund,2,0.2,0.8064959405073402
2998,feve_fund,-10,-1,0.02748633611151034
2998,fdis_prob,-2,-0.2,0.8064959405073402
2998,fmpd_prob,-8,-0.8,0.08641073297370003
2998,raoq_fund,-8,-0.8,0.08641073297370003
2998,cwm_pc1,-10,-1,0.02748633611151034
2998,cwm_pc2,8,0.8,0.08641073297370003
2998,pd_prob_mctavish,10,1,0.02748633611151034
2998,mpd_prob_mctavish,10,1,0.02748633611151034
2999,corrected_richness,10,1,0.02748633611151034
2999,shannon,10,1,0.02748633611151034
2999,inv_simpson,10,1,0.02748633611151034
2999,trait_volume,-10,-1,0.02748633611151034
2999,trait_dispersion,0,0,1
2999,rao_q,-10,-1,0.02748633611151034
2999,feve,10,1,0.02748633611151034
2999,fdiv,-8,-0.8,0.08641073297370003
2999,fric_prob,-2,-0.2,0.8064959405073402
2999,fdiv_fund,2,0.2,0.8064959405073402
2999,feve_fund,-10,-1,0.02748633611151034
2999,fdis_prob,-2,-0.2,0.8064959405073402
2999,fmpd_prob,-10,-1,0.02748633611151034
2999,raoq_fund,-8,-0.8,0.08641073297370003
2999,cwm_pc1,-10,-1,0.02748633611151034
2999,cwm_pc2,8,0.8,0.08641073297370003
2999,pd_prob_mctavish,10,1,0.02748633611151034
2999,mpd_prob_mctavish,10,1,0.02748633611151034
3000,corrected_richness,10,1,0.02748633611151034
3000,shannon,10,1,0.02748633611151034
3000,inv_simpson,10,1,0.02748633611151034
3000,trait_volume,-10,-1,0.02748633611151034
3000,trait_dispersion,-2,-0.2,0.8064959405073402
3000,rao_q,-10,-1,0.02748633611151034
3000,feve,10,1,0.02748633611151034
3000,fdiv,-8,-0.8,0.08641073297370003
3000,fric_prob,-2,-0.2,0.8064959405073402
3000,fdiv_fund,2,0.2,0.8064959405073402
3000,feve_fund,-10,-1,0.02748633611151034
3000,fdis_prob,-2,-0.2,0.8064959405073402
3000,fmpd_prob,-10,-1,0.02748633611151034
3000,raoq_fund,-8,-0.8,0.08641073297370003
3000,cwm_pc1,-10,-1,0.02748633611151034
3000,cwm_pc2,8,0.8,0.08641073297370003
3000,pd_prob_mctavish,10,1,0.02748633611151034
3000,mpd_prob_mctavish,10,1,0.02748633611151034
3001,corrected_richness,10,1,0.02748633611151034
3001,shannon,10,1,0.02748633611151034
3001,inv_simpson,10,1,0.02748633611151034
3001,trait_volume,-10,-1,0.02748633611151034
3001,trait_dispersion,-2,-0.2,0.8064959405073402
3001,rao_q,-10,-1,0.02748633611151034
3001,feve,10,1,0.02748633611151034
3001,fdiv,-8,-0.8,0.08641073297370003
3001,fric_prob,-2,-0.2,0.8064959405073402
3001,fdiv_fund,2,0.2,0.8064959405073402
3001,feve_fund,-10,-1,0.02748633611151034
3001,fdis_prob,0,0,1
3001,fmpd_prob,-10,-1,0.02748633611151034
3001,raoq_fund,-8,-0.8,0.08641073297370003
3001,cwm_pc1,-10,-1,0.02748633611151034
3001,cwm_pc2,8,0.8,0.08641073297370003
3001,pd_prob_mctavish,10,1,0.02748633611151034
3001,mpd_prob_mctavish,10,1,0.02748633611151034
3002,corrected_richness,10,1,0.02748633611151034
3002,shannon,10,1,0.02748633611151034
3002,inv_simpson,10,1,0.02748633611151034
3002,trait_volume,-10,-1,0.02748633611151034
3002,trait_dispersion,-2,-0.2,0.8064959405073402
3002,rao_q,-10,-1,0.02748633611151034
3002,feve,10,1,0.02748633611151034
3002,fdiv,-8,-0.8,0.08641073297370003
3002,fric_prob,-2,-0.2,0.8064959405073402
3002,fdiv_fund,2,0.2,0.8064959405073402
3002,feve_fund,-10,-1,0.02748633611151034
3002,fdis_prob,0,0,1
3002,fmpd_prob,-10,-1,0.02748633611151034
3002,raoq_fund,-8,-0.8,0.08641073297370003
3002,cwm_pc1,-10,-1,0.02748633611151034
3002,cwm_pc2,8,0.8,0.08641073297370003
3002,pd_prob_mctavish,10,1,0.02748633611151034
3002,mpd_prob_mctavish,10,1,0.02748633611151034
3003,corrected_richness,10,1,0.02748633611151034
3003,shannon,10,1,0.02748633611151034
3003,inv_simpson,10,1,0.02748633611151034
3003,trait_volume,-10,-1,0.02748633611151034
3003,trait_dispersion,-6,-0.6,0.2206713619198468
3003,rao_q,-10,-1,0.02748633611151034
3003,feve,10,1,0.02748633611151034
3003,fdiv,-8,-0.8,0.08641073297370003
3003,fric_prob,-2,-0.2,0.8064959405073402
3003,fdiv_fund,2,0.2,0.8064959405073402
3003,feve_fund,-10,-1,0.02748633611151034
3003,fdis_prob,-2,-0.2,0.8064959405073402
3003,fmpd_prob,-10,-1,0.02748633611151034
3003,raoq_fund,-8,-0.8,0.08641073297370003
3003,cwm_pc1,-10,-1,0.02748633611151034
3003,cwm_pc2,8,0.8,0.08641073297370003
3003,pd_prob_mctavish,10,1,0.02748633611151034
3003,mpd_prob_mctavish,10,1,0.02748633611151034
3004,corrected_richness,10,1,0.02748633611151034
3004,shannon,10,1,0.02748633611151034
3004,inv_simpson,10,1,0.02748633611151034
3004,trait_volume,-10,-1,0.02748633611151034
3004,trait_dispersion,-6,-0.6,0.2206713619198468
3004,rao_q,-10,-1,0.02748633611151034
3004,feve,10,1,0.02748633611151034
3004,fdiv,-8,-0.8,0.08641073297370003
3004,fric_prob,-2,-0.2,0.8064959405073402
3004,fdiv_fund,2,0.2,0.8064959405073402
3004,feve_fund,-10,-1,0.02748633611151034
3004,fdis_prob,-4,-0.4,0.4624327264504763
3004,fmpd_prob,-10,-1,0.02748633611151034
3004,raoq_fund,-8,-0.8,0.08641073297370003
3004,cwm_pc1,-10,-1,0.02748633611151034
3004,cwm_pc2,8,0.8,0.08641073297370003
3004,pd_prob_mctavish,10,1,0.02748633611151034
3004,mpd_prob_mctavish,10,1,0.02748633611151034
3005,corrected_richness,10,1,0.02748633611151034
3005,shannon,10,1,0.02748633611151034
3005,inv_simpson,10,1,0.02748633611151034
3005,trait_volume,-10,-1,0.02748633611151034
3005,trait_dispersion,-6,-0.6,0.2206713619198468
3005,rao_q,-10,-1,0.02748633611151034
3005,feve,10,1,0.02748633611151034
3005,fdiv,-6,-0.6,0.2206713619198468
3005,fric_prob,-2,-0.2,0.8064959405073402
3005,fdiv_fund,2,0.2,0.8064959405073402
3005,feve_fund,-10,-1,0.02748633611151034
3005,fdis_prob,-4,-0.4,0.4624327264504763
3005,fmpd_prob,-10,-1,0.02748633611151034
3005,raoq_fund,-8,-0.8,0.08641073297370003
3005,cwm_pc1,-10,-1,0.02748633611151034
3005,cwm_pc2,8,0.8,0.08641073297370003
3005,pd_prob_mctavish,10,1,0.02748633611151034
3005,mpd_prob_mctavish,10,1,0.02748633611151034
3052,corrected_richness,10,1,0.02748633611151034
3052,shannon,10,1,0.02748633611151034
3052,inv_simpson,10,1,0.02748633611151034
3052,trait_volume,10,1,0.02748633611151034
3052,trait_dispersion,-4,-0.4,0.4624327264504763
3052,rao_q,10,1,0.02748633611151034
3052,feve,10,1,0.02748633611151034
3052,fdiv,10,1,0.02748633611151034
3052,fric_prob,0,0,1
3052,fdiv_fund,6,0.6,0.2206713619198468
3052,feve_fund,-2,-0.2,0.8064959405073402
3052,fdis_prob,-6,-0.6,0.2206713619198468
3052,fmpd_prob,10,1,0.02748633611151034
3052,raoq_fund,2,0.2,0.8064959405073402
3052,cwm_pc1,-10,-1,0.02748633611151034
3052,cwm_pc2,6,0.6,0.2206713619198468
3052,pd_prob_mctavish,10,1,0.02748633611151034
3052,mpd_prob_mctavish,10,1,0.02748633611151034
3053,corrected_richness,10,1,0.02748633611151034
3053,shannon,10,1,0.02748633611151034
3053,inv_simpson,10,1,0.02748633611151034
3053,trait_volume,10,1,0.02748633611151034
3053,trait_dispersion,-4,-0.4,0.4624327264504763
3053,rao_q,10,1,0.02748633611151034
3053,feve,10,1,0.02748633611151034
3053,fdiv,10,1,0.02748633611151034
3053,fric_prob,0,0,1
3053,fdiv_fund,8,0.8,0.08641073297370003
3053,feve_fund,-2,-0.2,0.8064959405073402
3053,fdis_prob,-6,-0.6,0.2206713619198468
3053,fmpd_prob,10,1,0.02748633611151034
3053,raoq_fund,2,0.2,0.8064959405073402
3053,cwm_pc1,-10,-1,0.02748633611151034
3053,cwm_pc2,6,0.6,0.2206713619198468
3053,pd_prob_mctavish,10,1,0.02748633611151034
3053,mpd_prob_mctavish,10,1,0.02748633611151034
3054,corrected_richness,10,1,0.02748633611151034
3054,shannon,10,1,0.02748633611151034
3054,inv_simpson,10,1,0.02748633611151034
3054,trait_volume,10,1,0.02748633611151034
3054,trait_dispersion,-8,-0.8,0.08641073297370003
3054,rao_q,8,0.8,0.08641073297370003
3054,feve,10,1,0.02748633611151034
3054,fdiv,10,1,0.02748633611151034
3054,fric_prob,0,0,1
3054,fdiv_fund,8,0.8,0.08641073297370003
3054,feve_fund,-2,-0.2,0.8064959405073402
3054,fdis_prob,-8,-0.8,0.08641073297370003
3054,fmpd_prob,8,0.8,0.08641073297370003
3054,raoq_fund,4,0.4,0.4624327264504763
3054,cwm_pc1,-10,-1,0.02748633611151034
3054,cwm_pc2,6,0.6,0.2206713619198468
3054,pd_prob_mctavish,10,1,0.02748633611151034
3054,mpd_prob_mctavish,10,1,0.02748633611151034
3055,corrected_richness,10,1,0.02748633611151034
3055,shannon,10,1,0.02748633611151034
3055,inv_simpson,10,1,0.02748633611151034
3055,trait_volume,8,0.8,0.08641073297370003
3055,trait_dispersion,-8,-0.8,0.08641073297370003
3055,rao_q,4,0.4,0.4624327264504763
3055,feve,10,1,0.02748633611151034
3055,fdiv,10,1,0.02748633611151034
3055,fric_prob,0,0,1
3055,fdiv_fund,6,0.6,0.2206713619198468
3055,feve_fund,-4,-0.4,0.4624327264504763
3055,fdis_prob,-8,-0.8,0.08641073297370003
3055,fmpd_prob,4,0.4,0.4624327264504763
3055,raoq_fund,4,0.4,0.4624327264504763
3055,cwm_pc1,-10,-1,0.02748633611151034
3055,cwm_pc2,6,0.6,0.2206713619198468
3055,pd_prob_mctavish,10,1,0.02748633611151034
3055,mpd_prob_mctavish,10,1,0.02748633611151034
3056,corrected_richness,10,1,0.02748633611151034
3056,shannon,10,1,0.02748633611151034
3056,inv_simpson,10,1,0.02748633611151034
3056,trait_volume,4,0.4,0.4624327264504763
3056,trait_dispersion,-8,-0.8,0.08641073297370003
3056,rao_q,4,0.4,0.4624327264504763
3056,feve,10,1,0.02748633611151034
3056,fdiv,10,1,0.02748633611151034
3056,fric_prob,3,0.3,0.5790997419539188
3056,fdiv_fund,6,0.6,0.2206713619198468
3056,feve_fund,-6,-0.6,0.2206713619198468
3056,fdis_prob,-8,-0.8,0.08641073297370003
3056,fmpd_prob,2,0.2,0.8064959405073402
3056,raoq_fund,6,0.6,0.2206713619198468
3056,cwm_pc1,-10,-1,0.02748633611151034
3056,cwm_pc2,6,0.6,0.2206713619198468
3056,pd_prob_mctavish,10,1,0.02748633611151034
3056,mpd_prob_mctavish,10,1,0.02748633611151034
3057,corrected_richness,10,1,0.02748633611151034
3057,shannon,10,1,0.02748633611151034
3057,inv_simpson,10,1,0.02748633611151034
3057,trait_volume,2,0.2,0.8064959405073402
3057,trait_dispersion,-6,-0.6,0.2206713619198468
3057,rao_q,2,0.2,0.8064959405073402
3057,feve,10,1,0.02748633611151034
3057,fdiv,8,0.8,0.08641073297370003
3057,fric_prob,9,0.9,0.04326272780691068
3057,fdiv_fund,4,0.4,0.4624327264504763
3057,feve_fund,-8,-0.8,0.08641073297370003
3057,fdis_prob,-8,-0.8,0.08641073297370003
3057,fmpd_prob,2,0.2,0.8064959405073402
3057,raoq_fund,6,0.6,0.2206713619198468
3057,cwm_pc1,-10,-1,0.02748633611151034
3057,cwm_pc2,6,0.6,0.2206713619198468
3057,pd_prob_mctavish,10,1,0.02748633611151034
3057,mpd_prob_mctavish,10,1,0.02748633611151034
3058,corrected_richness,10,1,0.02748633611151034
3058,shannon,10,1,0.02748633611151034
3058,inv_simpson,10,1,0.02748633611151034
3058,trait_volume,2,0.2,0.8064959405073402
3058,trait_dispersion,-6,-0.6,0.2206713619198468
3058,rao_q,0,0,1
3058,feve,10,1,0.02748633611151034
3058,fdiv,8,0.8,0.08641073297370003
3058,fric_prob,9,0.9,0.04326272780691068
3058,fdiv_fund,-4,-0.4,0.4624327264504763
3058,feve_fund,-8,-0.8,0.08641073297370003
3058,fdis_prob,-8,-0.8,0.08641073297370003
3058,fmpd_prob,-2,-0.2,0.8064959405073402
3058,raoq_fund,2,0.2,0.8064959405073402
3058,cwm_pc1,-10,-1,0.02748633611151034
3058,cwm_pc2,6,0.6,0.2206713619198468
3058,pd_prob_mctavish,10,1,0.02748633611151034
3058,mpd_prob_mctavish,10,1,0.02748633611151034
3059,corrected_richness,10,1,0.02748633611151034
3059,shannon,10,1,0.02748633611151034
3059,inv_simpson,10,1,0.02748633611151034
3059,trait_volume,0,0,1
3059,trait_dispersion,-4,-0.4,0.4624327264504763
3059,rao_q,-2,-0.2,0.8064959405073402
3059,feve,10,1,0.02748633611151034
3059,fdiv,6,0.6,0.2206713619198468
3059,fric_prob,8,0.8,0.08641073297370003
3059,fdiv_fund,-6,-0.6,0.2206713619198468
3059,feve_fund,-8,-0.8,0.08641073297370003
3059,fdis_prob,-6,-0.6,0.2206713619198468
3059,fmpd_prob,-2,-0.2,0.8064959405073402
3059,raoq_fund,-2,-0.2,0.8064959405073402
3059,cwm_pc1,-10,-1,0.02748633611151034
3059,cwm_pc2,6,0.6,0.2206713619198468
3059,pd_prob_mctavish,10,1,0.02748633611151034
3059,mpd_prob_mctavish,10,1,0.02748633611151034
3060,corrected_richness,10,1,0.02748633611151034
3060,shannon,10,1,0.02748633611151034
3060,inv_simpson,10,1,0.02748633611151034
3060,trait_volume,-2,-0.2,0.8064959405073402
3060,trait_dispersion,-4,-0.4,0.4624327264504763
3060,rao_q,-4,-0.4,0.4624327264504763
3060,feve,10,1,0.02748633611151034
3060,fdiv,4,0.4,0.4624327264504763
3060,fric_prob,10,1,0.02748633611151034
3060,fdiv_fund,-8,-0.8,0.08641073297370003
3060,feve_fund,-8,-0.8,0.08641073297370003
3060,fdis_prob,-6,-0.6,0.2206713619198468
3060,fmpd_prob,-4,-0.4,0.4624327264504763
3060,raoq_fund,-4,-0.4,0.4624327264504763
3060,cwm_pc1,-10,-1,0.02748633611151034
3060,cwm_pc2,6,0.6,0.2206713619198468
3060,pd_prob_mctavish,10,1,0.02748633611151034
3060,mpd_prob_mctavish,10,1,0.02748633611151034
3061,corrected_richness,10,1,0.02748633611151034
3061,shannon,10,1,0.02748633611151034
3061,inv_simpson,10,1,0.02748633611151034
3061,trait_volume,-4,-0.4,0.4624327264504763
3061,trait_dispersion,-4,-0.4,0.4624327264504763
3061,rao_q,-4,-0.4,0.4624327264504763
3061,feve,10,1,0.02748633611151034
3061,fdiv,2,0.2,0.8064959405073402
3061,fric_prob,8,0.8,0.08641073297370003
3061,fdiv_fund,-8,-0.8,0.08641073297370003
3061,feve_fund,-8,-0.8,0.08641073297370003
3061,fdis_prob,-6,-0.6,0.2206713619198468
3061,fmpd_prob,-4,-0.4,0.4624327264504763
3061,raoq_fund,-4,-0.4,0.4624327264504763
3061,cwm_pc1,-10,-1,0.02748633611151034
3061,cwm_pc2,6,0.6,0.2206713619198468
3061,pd_prob_mctavish,10,1,0.02748633611151034
3061,mpd_prob_mctavish,10,1,0.02748633611151034
3062,corrected_richness,10,1,0.02748633611151034
3062,shannon,10,1,0.02748633611151034
3062,inv_simpson,10,1,0.02748633611151034
3062,trait_volume,-4,-0.4,0.4624327264504763
3062,trait_dispersion,0,0,1
3062,rao_q,-6,-0.6,0.2206713619198468
3062,feve,10,1,0.02748633611151034
3062,fdiv,0,0,1
3062,fric_prob,8,0.8,0.08641073297370003
3062,fdiv_fund,-8,-0.8,0.08641073297370003
3062,feve_fund,-8,-0.8,0.08641073297370003
3062,fdis_prob,-8,-0.8,0.08641073297370003
3062,fmpd_prob,-6,-0.6,0.2206713619198468
3062,raoq_fund,-4,-0.4,0.4624327264504763
3062,cwm_pc1,-10,-1,0.02748633611151034
3062,cwm_pc2,6,0.6,0.2206713619198468
3062,pd_prob_mctavish,10,1,0.02748633611151034
3062,mpd_prob_mctavish,10,1,0.02748633611151034
3063,corrected_richness,10,1,0.02748633611151034
3063,shannon,10,1,0.02748633611151034
3063,inv_simpson,10,1,0.02748633611151034
3063,trait_volume,-4,-0.4,0.4624327264504763
3063,trait_dispersion,-2,-0.2,0.8064959405073402
3063,rao_q,-6,-0.6,0.2206713619198468
3063,feve,10,1,0.02748633611151034
3063,fdiv,-2,-0.2,0.8064959405073402
3063,fric_prob,8,0.8,0.08641073297370003
3063,fdiv_fund,-8,-0.8,0.08641073297370003
3063,feve_fund,-10,-1,0.02748633611151034
3063,fdis_prob,-8,-0.8,0.08641073297370003
3063,fmpd_prob,-6,-0.6,0.2206713619198468
3063,raoq_fund,-6,-0.6,0.2206713619198468
3063,cwm_pc1,-10,-1,0.02748633611151034
3063,cwm_pc2,6,0.6,0.2206713619198468
3063,pd_prob_mctavish,10,1,0.02748633611151034
3063,mpd_prob_mctavish,10,1,0.02748633611151034
3064,corrected_richness,10,1,0.02748633611151034
3064,shannon,10,1,0.02748633611151034
3064,inv_simpson,10,1,0.02748633611151034
3064,trait_volume,-6,-0.6,0.2206713619198468
3064,trait_dispersion,-2,-0.2,0.8064959405073402
3064,rao_q,-6,-0.6,0.2206713619198468
3064,feve,10,1,0.02748633611151034
3064,fdiv,-4,-0.4,0.4624327264504763
3064,fric_prob,8,0.8,0.08641073297370003
3064,fdiv_fund,-6,-0.6,0.2206713619198468
3064,feve_fund,-10,-1,0.02748633611151034
3064,fdis_prob,-8,-0.8,0.08641073297370003
3064,fmpd_prob,-6,-0.6,0.2206713619198468
3064,raoq_fund,-8,-0.8,0.08641073297370003
3064,cwm_pc1,-10,-1,0.02748633611151034
3064,cwm_pc2,6,0.6,0.2206713619198468
3064,pd_prob_mctavish,10,1,0.02748633611151034
3064,mpd_prob_mctavish,10,1,0.02748633611151034
3065,corrected_richness,10,1,0.02748633611151034
3065,shannon,10,1,0.02748633611151034
3065,inv_simpson,10,1,0.02748633611151034
3065,trait_volume,-6,-0.6,0.2206713619198468
3065,trait_dispersion,0,0,1
3065,rao_q,-8,-0.8,0.08641073297370003
3065,feve,10,1,0.02748633611151034
3065,fdiv,-4,-0.4,0.4624327264504763
3065,fric_prob,4,0.4,0.4624327264504763
3065,fdiv_fund,-4,-0.4,0.4624327264504763
3065,feve_fund,-10,-1,0.02748633611151034
3065,fdis_prob,-8,-0.8,0.08641073297370003
3065,fmpd_prob,-8,-0.8,0.08641073297370003
3065,raoq_fund,-8,-0.8,0.08641073297370003
3065,cwm_pc1,-10,-1,0.02748633611151034
3065,cwm_pc2,8,0.8,0.08641073297370003
3065,pd_prob_mctavish,10,1,0.02748633611151034
3065,mpd_prob_mctavish,10,1,0.02748633611151034
3066,corrected_richness,10,1,0.02748633611151034
3066,shannon,10,1,0.02748633611151034
3066,inv_simpson,10,1,0.02748633611151034
3066,trait_volume,-8,-0.8,0.08641073297370003
3066,trait_dispersion,2,0.2,0.8064959405073402
3066,rao_q,-8,-0.8,0.08641073297370003
3066,feve,10,1,0.02748633611151034
3066,fdiv,-6,-0.6,0.2206713619198468
3066,fric_prob,2,0.2,0.8064959405073402
3066,fdiv_fund,-2,-0.2,0.8064959405073402
3066,feve_fund,-10,-1,0.02748633611151034
3066,fdis_prob,-8,-0.8,0.08641073297370003
3066,fmpd_prob,-8,-0.8,0.08641073297370003
3066,raoq_fund,-10,-1,0.02748633611151034
3066,cwm_pc1,-10,-1,0.02748633611151034
3066,cwm_pc2,8,0.8,0.08641073297370003
3066,pd_prob_mctavish,10,1,0.02748633611151034
3066,mpd_prob_mctavish,10,1,0.02748633611151034
3067,corrected_richness,10,1,0.02748633611151034
3067,shannon,10,1,0.02748633611151034
3067,inv_simpson,10,1,0.02748633611151034
3067,trait_volume,-8,-0.8,0.08641073297370003
3067,trait_dispersion,2,0.2,0.8064959405073402
3067,rao_q,-8,-0.8,0.08641073297370003
3067,feve,10,1,0.02748633611151034
3067,fdiv,-6,-0.6,0.2206713619198468
3067,fric_prob,-2,-0.2,0.8064959405073402
3067,fdiv_fund,0,0,1
3067,feve_fund,-10,-1,0.02748633611151034
3067,fdis_prob,-4,-0.4,0.4624327264504763
3067,fmpd_prob,-8,-0.8,0.08641073297370003
3067,raoq_fund,-10,-1,0.02748633611151034
3067,cwm_pc1,-10,-1,0.02748633611151034
3067,cwm_pc2,8,0.8,0.08641073297370003
3067,pd_prob_mctavish,10,1,0.02748633611151034
3067,mpd_prob_mctavish,10,1,0.02748633611151034
3068,corrected_richness,10,1,0.02748633611151034
3068,shannon,10,1,0.02748633611151034
3068,inv_simpson,10,1,0.02748633611151034
3068,trait_volume,-8,-0.8,0.08641073297370003
3068,trait_dispersion,2,0.2,0.8064959405073402
3068,rao_q,-8,-0.8,0.08641073297370003
3068,feve,10,1,0.02748633611151034
3068,fdiv,-6,-0.6,0.2206713619198468
3068,fric_prob,-2,-0.2,0.8064959405073402
3068,fdiv_fund,0,0,1
3068,feve_fund,-10,-1,0.02748633611151034
3068,fdis_prob,-6,-0.6,0.2206713619198468
3068,fmpd_prob,-8,-0.8,0.08641073297370003
3068,raoq_fund,-8,-0.8,0.08641073297370003
3068,cwm_pc1,-10,-1,0.02748633611151034
3068,cwm_pc2,8,0.8,0.08641073297370003
3068,pd_prob_mctavish,10,1,0.02748633611151034
3068,mpd_prob_mctavish,10,1,0.02748633611151034
3069,corrected_richness,10,1,0.02748633611151034
3069,shannon,10,1,0.02748633611151034
3069,inv_simpson,10,1,0.02748633611151034
3069,trait_volume,-8,-0.8,0.08641073297370003
3069,trait_dispersion,2,0.2,0.8064959405073402
3069,rao_q,-8,-0.8,0.08641073297370003
3069,feve,10,1,0.02748633611151034
3069,fdiv,-8,-0.8,0.08641073297370003
3069,fric_prob,-2,-0.2,0.8064959405073402
3069,fdiv_fund,2,0.2,0.8064959405073402
3069,feve_fund,-10,-1,0.02748633611151034
3069,fdis_prob,-2,-0.2,0.8064959405073402
3069,fmpd_prob,-8,-0.8,0.08641073297370003
3069,raoq_fund,-8,-0.8,0.08641073297370003
3069,cwm_pc1,-10,-1,0.02748633611151034
3069,cwm_pc2,8,0.8,0.08641073297370003
3069,pd_prob_mctavish,10,1,0.02748633611151034
3069,mpd_prob_mctavish,10,1,0.02748633611151034
3070,corrected_richness,10,1,0.02748633611151034
3070,shannon,10,1,0.02748633611151034
3070,inv_simpson,10,1,0.02748633611151034
3070,trait_volume,-8,-0.8,0.08641073297370003
3070,trait_dispersion,2,0.2,0.8064959405073402
3070,rao_q,-8,-0.8,0.08641073297370003
3070,feve,10,1,0.02748633611151034
3070,fdiv,-8,-0.8,0.08641073297370003
3070,fric_prob,-2,-0.2,0.8064959405073402
3070,fdiv_fund,2,0.2,0.8064959405073402
3070,feve_fund,-10,-1,0.02748633611151034
3070,fdis_prob,-2,-0.2,0.8064959405073402
3070,fmpd_prob,-8,-0.8,0.08641073297370003
3070,raoq_fund,-8,-0.8,0.08641073297370003
3070,cwm_pc1,-10,-1,0.02748633611151034
3070,cwm_pc2,8,0.8,0.08641073297370003
3070,pd_prob_mctavish,10,1,0.02748633611151034
3070,mpd_prob_mctavish,10,1,0.02748633611151034
3071,corrected_richness,10,1,0.02748633611151034
3071,shannon,10,1,0.02748633611151034
3071,inv_simpson,10,1,0.02748633611151034
3071,trait_volume,-10,-1,0.02748633611151034
3071,trait_dispersion,2,0.2,0.8064959405073402
3071,rao_q,-8,-0.8,0.08641073297370003
3071,feve,10,1,0.02748633611151034
3071,fdiv,-8,-0.8,0.08641073297370003
3071,fric_prob,-2,-0.2,0.8064959405073402
3071,fdiv_fund,2,0.2,0.8064959405073402
3071,feve_fund,-10,-1,0.02748633611151034
3071,fdis_prob,0,0,1
3071,fmpd_prob,-10,-1,0.02748633611151034
3071,raoq_fund,-8,-0.8,0.08641073297370003
3071,cwm_pc1,-10,-1,0.02748633611151034
3071,cwm_pc2,8,0.8,0.08641073297370003
3071,pd_prob_mctavish,10,1,0.02748633611151034
3071,mpd_prob_mctavish,10,1,0.02748633611151034
3072,corrected_richness,10,1,0.02748633611151034
3072,shannon,10,1,0.02748633611151034
3072,inv_simpson,10,1,0.02748633611151034
3072,trait_volume,-10,-1,0.02748633611151034
3072,trait_dispersion,0,0,1
3072,rao_q,-10,-1,0.02748633611151034
3072,feve,10,1,0.02748633611151034
3072,fdiv,-8,-0.8,0.08641073297370003
3072,fric_prob,-2,-0.2,0.8064959405073402
3072,fdiv_fund,2,0.2,0.8064959405073402
3072,feve_fund,-10,-1,0.02748633611151034
3072,fdis_prob,4,0.4,0.4624327264504763
3072,fmpd_prob,-10,-1,0.02748633611151034
3072,raoq_fund,-10,-1,0.02748633611151034
3072,cwm_pc1,-10,-1,0.02748633611151034
3072,cwm_pc2,8,0.8,0.08641073297370003
3072,pd_prob_mctavish,10,1,0.02748633611151034
3072,mpd_prob_mctavish,10,1,0.02748633611151034
3073,corrected_richness,10,1,0.02748633611151034
3073,shannon,10,1,0.02748633611151034
3073,inv_simpson,10,1,0.02748633611151034
3073,trait_volume,-10,-1,0.02748633611151034
3073,trait_dispersion,0,0,1
3073,rao_q,-10,-1,0.02748633611151034
3073,feve,10,1,0.02748633611151034
3073,fdiv,-8,-0.8,0.08641073297370003
3073,fric_prob,-2,-0.2,0.8064959405073402
3073,fdiv_fund,2,0.2,0.8064959405073402
3073,feve_fund,-10,-1,0.02748633611151034
3073,fdis_prob,4,0.4,0.4624327264504763
3073,fmpd_prob,-10,-1,0.02748633611151034
3073,raoq_fund,-10,-1,0.02748633611151034
3073,cwm_pc1,-10,-1,0.02748633611151034
3073,cwm_pc2,8,0.8,0.08641073297370003
3073,pd_prob_mctavish,10,1,0.02748633611151034
3073,mpd_prob_mctavish,10,1,0.02748633611151034
3074,corrected_richness,10,1,0.02748633611151034
3074,shannon,10,1,0.02748633611151034
3074,inv_simpson,10,1,0.02748633611151034
3074,trait_volume,-10,-1,0.02748633611151034
3074,trait_dispersion,0,0,1
3074,rao_q,-10,-1,0.02748633611151034
3074,feve,10,1,0.02748633611151034
3074,fdiv,-8,-0.8,0.08641073297370003
3074,fric_prob,-2,-0.2,0.8064959405073402
3074,fdiv_fund,2,0.2,0.8064959405073402
3074,feve_fund,-10,-1,0.02748633611151034
3074,fdis_prob,4,0.4,0.4624327264504763
3074,fmpd_prob,-10,-1,0.02748633611151034
3074,raoq_fund,-8,-0.8,0.08641073297370003
3074,cwm_pc1,-10,-1,0.02748633611151034
3074,cwm_pc2,8,0.8,0.08641073297370003
3074,pd_prob_mctavish,10,1,0.02748633611151034
3074,mpd_prob_mctavish,10,1,0.02748633611151034
3075,corrected_richness,10,1,0.02748633611151034
3075,shannon,10,1,0.02748633611151034
3075,inv_simpson,10,1,0.02748633611151034
3075,trait_volume,-10,-1,0.02748633611151034
3075,trait_dispersion,-2,-0.2,0.8064959405073402
3075,rao_q,-10,-1,0.02748633611151034
3075,feve,10,1,0.02748633611151034
3075,fdiv,-8,-0.8,0.08641073297370003
3075,fric_prob,-2,-0.2,0.8064959405073402
3075,fdiv_fund,2,0.2,0.8064959405073402
3075,feve_fund,-10,-1,0.02748633611151034
3075,fdis_prob,0,0,1
3075,fmpd_prob,-10,-1,0.02748633611151034
3075,raoq_fund,-8,-0.8,0.08641073297370003
3075,cwm_pc1,-10,-1,0.02748633611151034
3075,cwm_pc2,8,0.8,0.08641073297370003
3075,pd_prob_mctavish,10,1,0.02748633611151034
3075,mpd_prob_mctavish,10,1,0.02748633611151034
3076,corrected_richness,10,1,0.02748633611151034
3076,shannon,10,1,0.02748633611151034
3076,inv_simpson,10,1,0.02748633611151034
3076,trait_volume,-10,-1,0.02748633611151034
3076,trait_dispersion,-2,-0.2,0.8064959405073402
3076,rao_q,-10,-1,0.02748633611151034
3076,feve,10,1,0.02748633611151034
3076,fdiv,-8,-0.8,0.08641073297370003
3076,fric_prob,-2,-0.2,0.8064959405073402
3076,fdiv_fund,2,0.2,0.8064959405073402
3076,feve_fund,-10,-1,0.02748633611151034
3076,fdis_prob,-2,-0.2,0.8064959405073402
3076,fmpd_prob,-10,-1,0.02748633611151034
3076,raoq_fund,-8,-0.8,0.08641073297370003
3076,cwm_pc1,-10,-1,0.02748633611151034
3076,cwm_pc2,8,0.8,0.08641073297370003
3076,pd_prob_mctavish,10,1,0.02748633611151034
3076,mpd_prob_mctavish,10,1,0.02748633611151034
3078,corrected_richness,10,1,0.02748633611151034
3078,shannon,10,1,0.02748633611151034
3078,inv_simpson,10,1,0.02748633611151034
3078,trait_volume,-10,-1,0.02748633611151034
3078,trait_dispersion,-4,-0.4,0.4624327264504763
3078,rao_q,-10,-1,0.02748633611151034
3078,feve,10,1,0.02748633611151034
3078,fdiv,-8,-0.8,0.08641073297370003
3078,fric_prob,-2,-0.2,0.8064959405073402
3078,fdiv_fund,2,0.2,0.8064959405073402
3078,feve_fund,-10,-1,0.02748633611151034
3078,fdis_prob,-6,-0.6,0.2206713619198468
3078,fmpd_prob,-10,-1,0.02748633611151034
3078,raoq_fund,-10,-1,0.02748633611151034
3078,cwm_pc1,-10,-1,0.02748633611151034
3078,cwm_pc2,8,0.8,0.08641073297370003
3078,pd_prob_mctavish,10,1,0.02748633611151034
3078,mpd_prob_mctavish,10,1,0.02748633611151034
3079,corrected_richness,10,1,0.02748633611151034
3079,shannon,10,1,0.02748633611151034
3079,inv_simpson,10,1,0.02748633611151034
3079,trait_volume,-10,-1,0.02748633611151034
3079,trait_dispersion,-6,-0.6,0.2206713619198468
3079,rao_q,-10,-1,0.02748633611151034
3079,feve,10,1,0.02748633611151034
3079,fdiv,-6,-0.6,0.2206713619198468
3079,fric_prob,-2,-0.2,0.8064959405073402
3079,fdiv_fund,2,0.2,0.8064959405073402
3079,feve_fund,-10,-1,0.02748633611151034
3079,fdis_prob,-6,-0.6,0.2206713619198468
3079,fmpd_prob,-10,-1,0.02748633611151034
3079,raoq_fund,-10,-1,0.02748633611151034
3079,cwm_pc1,-10,-1,0.02748633611151034
3079,cwm_pc2,8,0.8,0.08641073297370003
3079,pd_prob_mctavish,10,1,0.02748633611151034
3079,mpd_prob_mctavish,10,1,0.02748633611151034
3124,corrected_richness,10,1,0.02748633611151034
3124,shannon,10,1,0.02748633611151034
3124,inv_simpson,10,1,0.02748633611151034
3124,trait_volume,10,1,0.02748633611151034
3124,trait_dispersion,-10,-1,0.02748633611151034
3124,rao_q,10,1,0.02748633611151034
3124,feve,10,1,0.02748633611151034
3124,fdiv,10,1,0.02748633611151034
3124,fric_prob,0,0,1
3124,fdiv_fund,6,0.6,0.2206713619198468
3124,feve_fund,-2,-0.2,0.8064959405073402
3124,fdis_prob,-8,-0.8,0.08641073297370003
3124,fmpd_prob,10,1,0.02748633611151034
3124,raoq_fund,2,0.2,0.8064959405073402
3124,cwm_pc1,-10,-1,0.02748633611151034
3124,cwm_pc2,6,0.6,0.2206713619198468
3124,pd_prob_mctavish,10,1,0.02748633611151034
3124,mpd_prob_mctavish,10,1,0.02748633611151034
3125,corrected_richness,10,1,0.02748633611151034
3125,shannon,10,1,0.02748633611151034
3125,inv_simpson,10,1,0.02748633611151034
3125,trait_volume,10,1,0.02748633611151034
3125,trait_dispersion,-8,-0.8,0.08641073297370003
3125,rao_q,10,1,0.02748633611151034
3125,feve,10,1,0.02748633611151034
3125,fdiv,10,1,0.02748633611151034
3125,fric_prob,0,0,1
3125,fdiv_fund,6,0.6,0.2206713619198468
3125,feve_fund,-2,-0.2,0.8064959405073402
3125,fdis_prob,-8,-0.8,0.08641073297370003
3125,fmpd_prob,10,1,0.02748633611151034
3125,raoq_fund,4,0.4,0.4624327264504763
3125,cwm_pc1,-10,-1,0.02748633611151034
3125,cwm_pc2,6,0.6,0.2206713619198468
3125,pd_prob_mctavish,10,1,0.02748633611151034
3125,mpd_prob_mctavish,10,1,0.02748633611151034
3126,corrected_richness,10,1,0.02748633611151034
3126,shannon,10,1,0.02748633611151034
3126,inv_simpson,10,1,0.02748633611151034
3126,trait_volume,10,1,0.02748633611151034
3126,trait_dispersion,-8,-0.8,0.08641073297370003
3126,rao_q,6,0.6,0.2206713619198468
3126,feve,10,1,0.02748633611151034
3126,fdiv,10,1,0.02748633611151034
3126,fric_prob,0,0,1
3126,fdiv_fund,6,0.6,0.2206713619198468
3126,feve_fund,-4,-0.4,0.4624327264504763
3126,fdis_prob,-8,-0.8,0.08641073297370003
3126,fmpd_prob,6,0.6,0.2206713619198468
3126,raoq_fund,6,0.6,0.2206713619198468
3126,cwm_pc1,-10,-1,0.02748633611151034
3126,cwm_pc2,6,0.6,0.2206713619198468
3126,pd_prob_mctavish,10,1,0.02748633611151034
3126,mpd_prob_mctavish,10,1,0.02748633611151034
3127,corrected_richness,10,1,0.02748633611151034
3127,shannon,10,1,0.02748633611151034
3127,inv_simpson,10,1,0.02748633611151034
3127,trait_volume,8,0.8,0.08641073297370003
3127,trait_dispersion,-8,-0.8,0.08641073297370003
3127,rao_q,2,0.2,0.8064959405073402
3127,feve,10,1,0.02748633611151034
3127,fdiv,10,1,0.02748633611151034
3127,fric_prob,0,0,1
3127,fdiv_fund,8,0.8,0.08641073297370003
3127,feve_fund,-6,-0.6,0.2206713619198468
3127,fdis_prob,-8,-0.8,0.08641073297370003
3127,fmpd_prob,2,0.2,0.8064959405073402
3127,raoq_fund,4,0.4,0.4624327264504763
3127,cwm_pc1,-10,-1,0.02748633611151034
3127,cwm_pc2,6,0.6,0.2206713619198468
3127,pd_prob_mctavish,10,1,0.02748633611151034
3127,mpd_prob_mctavish,10,1,0.02748633611151034
3128,corrected_richness,10,1,0.02748633611151034
3128,shannon,10,1,0.02748633611151034
3128,inv_simpson,10,1,0.02748633611151034
3128,trait_volume,2,0.2,0.8064959405073402
3128,trait_dispersion,-8,-0.8,0.08641073297370003
3128,rao_q,2,0.2,0.8064959405073402
3128,feve,10,1,0.02748633611151034
3128,fdiv,10,1,0.02748633611151034
3128,fric_prob,0,0,1
3128,fdiv_fund,6,0.6,0.2206713619198468
3128,feve_fund,-8,-0.8,0.08641073297370003
3128,fdis_prob,-8,-0.8,0.08641073297370003
3128,fmpd_prob,2,0.2,0.8064959405073402
3128,raoq_fund,2,0.2,0.8064959405073402
3128,cwm_pc1,-10,-1,0.02748633611151034
3128,cwm_pc2,6,0.6,0.2206713619198468
3128,pd_prob_mctavish,10,1,0.02748633611151034
3128,mpd_prob_mctavish,10,1,0.02748633611151034
3129,corrected_richness,10,1,0.02748633611151034
3129,shannon,10,1,0.02748633611151034
3129,inv_simpson,10,1,0.02748633611151034
3129,trait_volume,2,0.2,0.8064959405073402
3129,trait_dispersion,-8,-0.8,0.08641073297370003
3129,rao_q,2,0.2,0.8064959405073402
3129,feve,10,1,0.02748633611151034
3129,fdiv,10,1,0.02748633611151034
3129,fric_prob,4,0.4,0.43342193095607373
3129,fdiv_fund,4,0.4,0.4624327264504763
3129,feve_fund,-8,-0.8,0.08641073297370003
3129,fdis_prob,-8,-0.8,0.08641073297370003
3129,fmpd_prob,2,0.2,0.8064959405073402
3129,raoq_fund,2,0.2,0.8064959405073402
3129,cwm_pc1,-10,-1,0.02748633611151034
3129,cwm_pc2,6,0.6,0.2206713619198468
3129,pd_prob_mctavish,10,1,0.02748633611151034
3129,mpd_prob_mctavish,10,1,0.02748633611151034
3130,corrected_richness,10,1,0.02748633611151034
3130,shannon,10,1,0.02748633611151034
3130,inv_simpson,10,1,0.02748633611151034
3130,trait_volume,2,0.2,0.8064959405073402
3130,trait_dispersion,-8,-0.8,0.08641073297370003
3130,rao_q,0,0,1
3130,feve,10,1,0.02748633611151034
3130,fdiv,8,0.8,0.08641073297370003
3130,fric_prob,5,0.5,0.3122163883433193
3130,fdiv_fund,-2,-0.2,0.8064959405073402
3130,feve_fund,-8,-0.8,0.08641073297370003
3130,fdis_prob,-6,-0.6,0.2206713619198468
3130,fmpd_prob,-2,-0.2,0.8064959405073402
3130,raoq_fund,2,0.2,0.8064959405073402
3130,cwm_pc1,-10,-1,0.02748633611151034
3130,cwm_pc2,6,0.6,0.2206713619198468
3130,pd_prob_mctavish,10,1,0.02748633611151034
3130,mpd_prob_mctavish,10,1,0.02748633611151034
3131,corrected_richness,10,1,0.02748633611151034
3131,shannon,10,1,0.02748633611151034
3131,inv_simpson,10,1,0.02748633611151034
3131,trait_volume,0,0,1
3131,trait_dispersion,-4,-0.4,0.4624327264504763
3131,rao_q,-2,-0.2,0.8064959405073402
3131,feve,10,1,0.02748633611151034
3131,fdiv,6,0.6,0.2206713619198468
3131,fric_prob,9,0.9,0.04326272780691068
3131,fdiv_fund,-4,-0.4,0.4624327264504763
3131,feve_fund,-8,-0.8,0.08641073297370003
3131,fdis_prob,-6,-0.6,0.2206713619198468
3131,fmpd_prob,-2,-0.2,0.8064959405073402
3131,raoq_fund,-2,-0.2,0.8064959405073402
3131,cwm_pc1,-10,-1,0.02748633611151034
3131,cwm_pc2,6,0.6,0.2206713619198468
3131,pd_prob_mctavish,10,1,0.02748633611151034
3131,mpd_prob_mctavish,10,1,0.02748633611151034
3133,corrected_richness,10,1,0.02748633611151034
3133,shannon,10,1,0.02748633611151034
3133,inv_simpson,10,1,0.02748633611151034
3133,trait_volume,-4,-0.4,0.4624327264504763
3133,trait_dispersion,-4,-0.4,0.4624327264504763
3133,rao_q,-6,-0.6,0.2206713619198468
3133,feve,10,1,0.02748633611151034
3133,fdiv,2,0.2,0.8064959405073402
3133,fric_prob,6,0.6,0.2206713619198468
3133,fdiv_fund,-6,-0.6,0.2206713619198468
3133,feve_fund,-8,-0.8,0.08641073297370003
3133,fdis_prob,-8,-0.8,0.08641073297370003
3133,fmpd_prob,-6,-0.6,0.2206713619198468
3133,raoq_fund,-4,-0.4,0.4624327264504763
3133,cwm_pc1,-10,-1,0.02748633611151034
3133,cwm_pc2,6,0.6,0.2206713619198468
3133,pd_prob_mctavish,10,1,0.02748633611151034
3133,mpd_prob_mctavish,10,1,0.02748633611151034
3134,corrected_richness,10,1,0.02748633611151034
3134,shannon,10,1,0.02748633611151034
3134,inv_simpson,10,1,0.02748633611151034
3134,trait_volume,-6,-0.6,0.2206713619198468
3134,trait_dispersion,-4,-0.4,0.4624327264504763
3134,rao_q,-6,-0.6,0.2206713619198468
3134,feve,10,1,0.02748633611151034
3134,fdiv,2,0.2,0.8064959405073402
3134,fric_prob,4,0.4,0.4624327264504763
3134,fdiv_fund,-6,-0.6,0.2206713619198468
3134,feve_fund,-8,-0.8,0.08641073297370003
3134,fdis_prob,-8,-0.8,0.08641073297370003
3134,fmpd_prob,-6,-0.6,0.2206713619198468
3134,raoq_fund,-4,-0.4,0.4624327264504763
3134,cwm_pc1,-10,-1,0.02748633611151034
3134,cwm_pc2,6,0.6,0.2206713619198468
3134,pd_prob_mctavish,10,1,0.02748633611151034
3134,mpd_prob_mctavish,10,1,0.02748633611151034
3135,corrected_richness,10,1,0.02748633611151034
3135,shannon,10,1,0.02748633611151034
3135,inv_simpson,10,1,0.02748633611151034
3135,trait_volume,-6,-0.6,0.2206713619198468
3135,trait_dispersion,0,0,1
3135,rao_q,-6,-0.6,0.2206713619198468
3135,feve,10,1,0.02748633611151034
3135,fdiv,0,0,1
3135,fric_prob,4,0.4,0.4624327264504763
3135,fdiv_fund,-6,-0.6,0.2206713619198468
3135,feve_fund,-8,-0.8,0.08641073297370003
3135,fdis_prob,-8,-0.8,0.08641073297370003
3135,fmpd_prob,-6,-0.6,0.2206713619198468
3135,raoq_fund,-6,-0.6,0.2206713619198468
3135,cwm_pc1,-10,-1,0.02748633611151034
3135,cwm_pc2,8,0.8,0.08641073297370003
3135,pd_prob_mctavish,10,1,0.02748633611151034
3135,mpd_prob_mctavish,10,1,0.02748633611151034
3136,corrected_richness,10,1,0.02748633611151034
3136,shannon,10,1,0.02748633611151034
3136,inv_simpson,10,1,0.02748633611151034
3136,trait_volume,-6,-0.6,0.2206713619198468
3136,trait_dispersion,0,0,1
3136,rao_q,-8,-0.8,0.08641073297370003
3136,feve,10,1,0.02748633611151034
3136,fdiv,-2,-0.2,0.8064959405073402
3136,fric_prob,2,0.2,0.8064959405073402
3136,fdiv_fund,-4,-0.4,0.4624327264504763
3136,feve_fund,-10,-1,0.02748633611151034
3136,fdis_prob,-8,-0.8,0.08641073297370003
3136,fmpd_prob,-8,-0.8,0.08641073297370003
3136,raoq_fund,-8,-0.8,0.08641073297370003
3136,cwm_pc1,-10,-1,0.02748633611151034
3136,cwm_pc2,8,0.8,0.08641073297370003
3136,pd_prob_mctavish,10,1,0.02748633611151034
3136,mpd_prob_mctavish,10,1,0.02748633611151034
3137,corrected_richness,10,1,0.02748633611151034
3137,shannon,10,1,0.02748633611151034
3137,inv_simpson,10,1,0.02748633611151034
3137,trait_volume,-8,-0.8,0.08641073297370003
3137,trait_dispersion,-2,-0.2,0.8064959405073402
3137,rao_q,-8,-0.8,0.08641073297370003
3137,feve,10,1,0.02748633611151034
3137,fdiv,-4,-0.4,0.4624327264504763
3137,fric_prob,-2,-0.2,0.8064959405073402
3137,fdiv_fund,-4,-0.4,0.4624327264504763
3137,feve_fund,-10,-1,0.02748633611151034
3137,fdis_prob,-10,-1,0.02748633611151034
3137,fmpd_prob,-8,-0.8,0.08641073297370003
3137,raoq_fund,-10,-1,0.02748633611151034
3137,cwm_pc1,-10,-1,0.02748633611151034
3137,cwm_pc2,8,0.8,0.08641073297370003
3137,pd_prob_mctavish,10,1,0.02748633611151034
3137,mpd_prob_mctavish,10,1,0.02748633611151034
3138,corrected_richness,10,1,0.02748633611151034
3138,shannon,10,1,0.02748633611151034
3138,inv_simpson,10,1,0.02748633611151034
3138,trait_volume,-8,-0.8,0.08641073297370003
3138,trait_dispersion,2,0.2,0.8064959405073402
3138,rao_q,-8,-0.8,0.08641073297370003
3138,feve,10,1,0.02748633611151034
3138,fdiv,-4,-0.4,0.4624327264504763
3138,fric_prob,-2,-0.2,0.8064959405073402
3138,fdiv_fund,0,0,1
3138,feve_fund,-10,-1,0.02748633611151034
3138,fdis_prob,-8,-0.8,0.08641073297370003
3138,fmpd_prob,-8,-0.8,0.08641073297370003
3138,raoq_fund,-10,-1,0.02748633611151034
3138,cwm_pc1,-10,-1,0.02748633611151034
3138,cwm_pc2,8,0.8,0.08641073297370003
3138,pd_prob_mctavish,10,1,0.02748633611151034
3138,mpd_prob_mctavish,10,1,0.02748633611151034
3139,corrected_richness,10,1,0.02748633611151034
3139,shannon,10,1,0.02748633611151034
3139,inv_simpson,10,1,0.02748633611151034
3139,trait_volume,-8,-0.8,0.08641073297370003
3139,trait_dispersion,2,0.2,0.8064959405073402
3139,rao_q,-8,-0.8,0.08641073297370003
3139,feve,10,1,0.02748633611151034
3139,fdiv,-6,-0.6,0.2206713619198468
3139,fric_prob,-2,-0.2,0.8064959405073402
3139,fdiv_fund,2,0.2,0.8064959405073402
3139,feve_fund,-10,-1,0.02748633611151034
3139,fdis_prob,-6,-0.6,0.2206713619198468
3139,fmpd_prob,-8,-0.8,0.08641073297370003
3139,raoq_fund,-10,-1,0.02748633611151034
3139,cwm_pc1,-10,-1,0.02748633611151034
3139,cwm_pc2,8,0.8,0.08641073297370003
3139,pd_prob_mctavish,10,1,0.02748633611151034
3139,mpd_prob_mctavish,10,1,0.02748633611151034
3140,corrected_richness,10,1,0.02748633611151034
3140,shannon,10,1,0.02748633611151034
3140,inv_simpson,10,1,0.02748633611151034
3140,trait_volume,-8,-0.8,0.08641073297370003
3140,trait_dispersion,2,0.2,0.8064959405073402
3140,rao_q,-8,-0.8,0.08641073297370003
3140,feve,10,1,0.02748633611151034
3140,fdiv,-6,-0.6,0.2206713619198468
3140,fric_prob,-2,-0.2,0.8064959405073402
3140,fdiv_fund,0,0,1
3140,feve_fund,-10,-1,0.02748633611151034
3140,fdis_prob,-2,-0.2,0.8064959405073402
3140,fmpd_prob,-8,-0.8,0.08641073297370003
3140,raoq_fund,-8,-0.8,0.08641073297370003
3140,cwm_pc1,-10,-1,0.02748633611151034
3140,cwm_pc2,8,0.8,0.08641073297370003
3140,pd_prob_mctavish,10,1,0.02748633611151034
3140,mpd_prob_mctavish,10,1,0.02748633611151034
3141,corrected_richness,10,1,0.02748633611151034
3141,shannon,10,1,0.02748633611151034
3141,inv_simpson,10,1,0.02748633611151034
3141,trait_volume,-8,-0.8,0.08641073297370003
3141,trait_dispersion,2,0.2,0.8064959405073402
3141,rao_q,-8,-0.8,0.08641073297370003
3141,feve,10,1,0.02748633611151034
3141,fdiv,-8,-0.8,0.08641073297370003
3141,fric_prob,-2,-0.2,0.8064959405073402
3141,fdiv_fund,0,0,1
3141,feve_fund,-10,-1,0.02748633611151034
3141,fdis_prob,0,0,1
3141,fmpd_prob,-8,-0.8,0.08641073297370003
3141,raoq_fund,-6,-0.6,0.2206713619198468
3141,cwm_pc1,-10,-1,0.02748633611151034
3141,cwm_pc2,8,0.8,0.08641073297370003
3141,pd_prob_mctavish,10,1,0.02748633611151034
3141,mpd_prob_mctavish,10,1,0.02748633611151034
3142,corrected_richness,10,1,0.02748633611151034
3142,shannon,10,1,0.02748633611151034
3142,inv_simpson,10,1,0.02748633611151034
3142,trait_volume,-8,-0.8,0.08641073297370003
3142,trait_dispersion,2,0.2,0.8064959405073402
3142,rao_q,-8,-0.8,0.08641073297370003
3142,feve,10,1,0.02748633611151034
3142,fdiv,-8,-0.8,0.08641073297370003
3142,fric_prob,-2,-0.2,0.8064959405073402
3142,fdiv_fund,2,0.2,0.8064959405073402
3142,feve_fund,-10,-1,0.02748633611151034
3142,fdis_prob,2,0.2,0.8064959405073402
3142,fmpd_prob,-8,-0.8,0.08641073297370003
3142,raoq_fund,-6,-0.6,0.2206713619198468
3142,cwm_pc1,-10,-1,0.02748633611151034
3142,cwm_pc2,8,0.8,0.08641073297370003
3142,pd_prob_mctavish,10,1,0.02748633611151034
3142,mpd_prob_mctavish,10,1,0.02748633611151034
3143,corrected_richness,10,1,0.02748633611151034
3143,shannon,10,1,0.02748633611151034
3143,inv_simpson,10,1,0.02748633611151034
3143,trait_volume,-10,-1,0.02748633611151034
3143,trait_dispersion,2,0.2,0.8064959405073402
3143,rao_q,-8,-0.8,0.08641073297370003
3143,feve,10,1,0.02748633611151034
3143,fdiv,-8,-0.8,0.08641073297370003
3143,fric_prob,-2,-0.2,0.8064959405073402
3143,fdiv_fund,2,0.2,0.8064959405073402
3143,feve_fund,-10,-1,0.02748633611151034
3143,fdis_prob,4,0.4,0.4624327264504763
3143,fmpd_prob,-8,-0.8,0.08641073297370003
3143,raoq_fund,-8,-0.8,0.08641073297370003
3143,cwm_pc1,-10,-1,0.02748633611151034
3143,cwm_pc2,8,0.8,0.08641073297370003
3143,pd_prob_mctavish,10,1,0.02748633611151034
3143,mpd_prob_mctavish,10,1,0.02748633611151034
3144,corrected_richness,10,1,0.02748633611151034
3144,shannon,10,1,0.02748633611151034
3144,inv_simpson,10,1,0.02748633611151034
3144,trait_volume,-10,-1,0.02748633611151034
3144,trait_dispersion,2,0.2,0.8064959405073402
3144,rao_q,-10,-1,0.02748633611151034
3144,feve,10,1,0.02748633611151034
3144,fdiv,-8,-0.8,0.08641073297370003
3144,fric_prob,-2,-0.2,0.8064959405073402
3144,fdiv_fund,2,0.2,0.8064959405073402
3144,feve_fund,-10,-1,0.02748633611151034
3144,fdis_prob,4,0.4,0.4624327264504763
3144,fmpd_prob,-10,-1,0.02748633611151034
3144,raoq_fund,-8,-0.8,0.08641073297370003
3144,cwm_pc1,-10,-1,0.02748633611151034
3144,cwm_pc2,8,0.8,0.08641073297370003
3144,pd_prob_mctavish,10,1,0.02748633611151034
3144,mpd_prob_mctavish,10,1,0.02748633611151034
3145,corrected_richness,10,1,0.02748633611151034
3145,shannon,10,1,0.02748633611151034
3145,inv_simpson,10,1,0.02748633611151034
3145,trait_volume,-10,-1,0.02748633611151034
3145,trait_dispersion,2,0.2,0.8064959405073402
3145,rao_q,-10,-1,0.02748633611151034
3145,feve,10,1,0.02748633611151034
3145,fdiv,-10,-1,0.02748633611151034
3145,fric_prob,-2,-0.2,0.8064959405073402
3145,fdiv_fund,2,0.2,0.8064959405073402
3145,feve_fund,-10,-1,0.02748633611151034
3145,fdis_prob,6,0.6,0.2206713619198468
3145,fmpd_prob,-10,-1,0.02748633611151034
3145,raoq_fund,-8,-0.8,0.08641073297370003
3145,cwm_pc1,-10,-1,0.02748633611151034
3145,cwm_pc2,8,0.8,0.08641073297370003
3145,pd_prob_mctavish,10,1,0.02748633611151034
3145,mpd_prob_mctavish,10,1,0.02748633611151034
3146,corrected_richness,10,1,0.02748633611151034
3146,shannon,10,1,0.02748633611151034
3146,inv_simpson,10,1,0.02748633611151034
3146,trait_volume,-10,-1,0.02748633611151034
3146,trait_dispersion,2,0.2,0.8064959405073402
3146,rao_q,-10,-1,0.02748633611151034
3146,feve,10,1,0.02748633611151034
3146,fdiv,-10,-1,0.02748633611151034
3146,fric_prob,-2,-0.2,0.8064959405073402
3146,fdiv_fund,2,0.2,0.8064959405073402
3146,feve_fund,-10,-1,0.02748633611151034
3146,fdis_prob,4,0.4,0.4624327264504763
3146,fmpd_prob,-10,-1,0.02748633611151034
3146,raoq_fund,-8,-0.8,0.08641073297370003
3146,cwm_pc1,-10,-1,0.02748633611151034
3146,cwm_pc2,8,0.8,0.08641073297370003
3146,pd_prob_mctavish,10,1,0.02748633611151034
3146,mpd_prob_mctavish,10,1,0.02748633611151034
3147,corrected_richness,10,1,0.02748633611151034
3147,shannon,10,1,0.02748633611151034
3147,inv_simpson,10,1,0.02748633611151034
3147,trait_volume,-10,-1,0.02748633611151034
3147,trait_dispersion,0,0,1
3147,rao_q,-10,-1,0.02748633611151034
3147,feve,10,1,0.02748633611151034
3147,fdiv,-8,-0.8,0.08641073297370003
3147,fric_prob,-2,-0.2,0.8064959405073402
3147,fdiv_fund,2,0.2,0.8064959405073402
3147,feve_fund,-10,-1,0.02748633611151034
3147,fdis_prob,4,0.4,0.4624327264504763
3147,fmpd_prob,-10,-1,0.02748633611151034
3147,raoq_fund,-8,-0.8,0.08641073297370003
3147,cwm_pc1,-10,-1,0.02748633611151034
3147,cwm_pc2,8,0.8,0.08641073297370003
3147,pd_prob_mctavish,10,1,0.02748633611151034
3147,mpd_prob_mctavish,10,1,0.02748633611151034
3150,corrected_richness,10,1,0.02748633611151034
3150,shannon,10,1,0.02748633611151034
3150,inv_simpson,10,1,0.02748633611151034
3150,trait_volume,-10,-1,0.02748633611151034
3150,trait_dispersion,-4,-0.4,0.4624327264504763
3150,rao_q,-10,-1,0.02748633611151034
3150,feve,10,1,0.02748633611151034
3150,fdiv,-8,-0.8,0.08641073297370003
3150,fric_prob,-2,-0.2,0.8064959405073402
3150,fdiv_fund,2,0.2,0.8064959405073402
3150,feve_fund,-10,-1,0.02748633611151034
3150,fdis_prob,-2,-0.2,0.8064959405073402
3150,fmpd_prob,-10,-1,0.02748633611151034
3150,raoq_fund,-10,-1,0.02748633611151034
3150,cwm_pc1,-10,-1,0.02748633611151034
3150,cwm_pc2,8,0.8,0.08641073297370003
3150,pd_prob_mctavish,10,1,0.02748633611151034
3150,mpd_prob_mctavish,10,1,0.02748633611151034
3151,corrected_richness,10,1,0.02748633611151034
3151,shannon,10,1,0.02748633611151034
3151,inv_simpson,10,1,0.02748633611151034
3151,trait_volume,-10,-1,0.02748633611151034
3151,trait_dispersion,-4,-0.4,0.4624327264504763
3151,rao_q,-10,-1,0.02748633611151034
3151,feve,10,1,0.02748633611151034
3151,fdiv,-8,-0.8,0.08641073297370003
3151,fric_prob,-2,-0.2,0.8064959405073402
3151,fdiv_fund,2,0.2,0.8064959405073402
3151,feve_fund,-10,-1,0.02748633611151034
3151,fdis_prob,-4,-0.4,0.4624327264504763
3151,fmpd_prob,-10,-1,0.02748633611151034
3151,raoq_fund,-10,-1,0.02748633611151034
3151,cwm_pc1,-10,-1,0.02748633611151034
3151,cwm_pc2,8,0.8,0.08641073297370003
3151,pd_prob_mctavish,10,1,0.02748633611151034
3151,mpd_prob_mctavish,10,1,0.02748633611151034
3199,corrected_richness,10,1,0.02748633611151034
3199,shannon,10,1,0.02748633611151034
3199,inv_simpson,10,1,0.02748633611151034
3199,trait_volume,6,0.6,0.2206713619198468
3199,trait_dispersion,-10,-1,0.02748633611151034
3199,rao_q,2,0.2,0.8064959405073402
3199,feve,10,1,0.02748633611151034
3199,fdiv,10,1,0.02748633611151034
3199,fric_prob,0,0,1
3199,fdiv_fund,4,0.4,0.4624327264504763
3199,feve_fund,-8,-0.8,0.08641073297370003
3199,fdis_prob,-8,-0.8,0.08641073297370003
3199,fmpd_prob,2,0.2,0.8064959405073402
3199,raoq_fund,4,0.4,0.4624327264504763
3199,cwm_pc1,-10,-1,0.02748633611151034
3199,cwm_pc2,6,0.6,0.2206713619198468
3199,pd_prob_mctavish,10,1,0.02748633611151034
3199,mpd_prob_mctavish,10,1,0.02748633611151034
3200,corrected_richness,10,1,0.02748633611151034
3200,shannon,10,1,0.02748633611151034
3200,inv_simpson,10,1,0.02748633611151034
3200,trait_volume,2,0.2,0.8064959405073402
3200,trait_dispersion,-10,-1,0.02748633611151034
3200,rao_q,2,0.2,0.8064959405073402
3200,feve,10,1,0.02748633611151034
3200,fdiv,10,1,0.02748633611151034
3200,fric_prob,0,0,1
3200,fdiv_fund,4,0.4,0.4624327264504763
3200,feve_fund,-8,-0.8,0.08641073297370003
3200,fdis_prob,-8,-0.8,0.08641073297370003
3200,fmpd_prob,2,0.2,0.8064959405073402
3200,raoq_fund,2,0.2,0.8064959405073402
3200,cwm_pc1,-10,-1,0.02748633611151034
3200,cwm_pc2,6,0.6,0.2206713619198468
3200,pd_prob_mctavish,10,1,0.02748633611151034
3200,mpd_prob_mctavish,10,1,0.02748633611151034
3202,corrected_richness,10,1,0.02748633611151034
3202,shannon,10,1,0.02748633611151034
3202,inv_simpson,10,1,0.02748633611151034
3202,trait_volume,2,0.2,0.8064959405073402
3202,trait_dispersion,-10,-1,0.02748633611151034
3202,rao_q,-2,-0.2,0.8064959405073402
3202,feve,10,1,0.02748633611151034
3202,fdiv,10,1,0.02748633611151034
3202,fric_prob,5,0.5,0.26725749315438785
3202,fdiv_fund,-2,-0.2,0.8064959405073402
3202,feve_fund,-8,-0.8,0.08641073297370003
3202,fdis_prob,-6,-0.6,0.2206713619198468
3202,fmpd_prob,-2,-0.2,0.8064959405073402
3202,raoq_fund,-2,-0.2,0.8064959405073402
3202,cwm_pc1,-10,-1,0.02748633611151034
3202,cwm_pc2,6,0.6,0.2206713619198468
3202,pd_prob_mctavish,10,1,0.02748633611151034
3202,mpd_prob_mctavish,10,1,0.02748633611151034
3203,corrected_richness,10,1,0.02748633611151034
3203,shannon,10,1,0.02748633611151034
3203,inv_simpson,10,1,0.02748633611151034
3203,trait_volume,-2,-0.2,0.8064959405073402
3203,trait_dispersion,-8,-0.8,0.08641073297370003
3203,rao_q,-2,-0.2,0.8064959405073402
3203,feve,10,1,0.02748633611151034
3203,fdiv,8,0.8,0.08641073297370003
3203,fric_prob,4,0.4,0.43342193095607373
3203,fdiv_fund,-2,-0.2,0.8064959405073402
3203,feve_fund,-8,-0.8,0.08641073297370003
3203,fdis_prob,-6,-0.6,0.2206713619198468
3203,fmpd_prob,-2,-0.2,0.8064959405073402
3203,raoq_fund,-2,-0.2,0.8064959405073402
3203,cwm_pc1,-10,-1,0.02748633611151034
3203,cwm_pc2,6,0.6,0.2206713619198468
3203,pd_prob_mctavish,10,1,0.02748633611151034
3203,mpd_prob_mctavish,10,1,0.02748633611151034
3204,corrected_richness,10,1,0.02748633611151034
3204,shannon,10,1,0.02748633611151034
3204,inv_simpson,10,1,0.02748633611151034
3204,trait_volume,-4,-0.4,0.4624327264504763
3204,trait_dispersion,-6,-0.6,0.2206713619198468
3204,rao_q,-6,-0.6,0.2206713619198468
3204,feve,10,1,0.02748633611151034
3204,fdiv,6,0.6,0.2206713619198468
3204,fric_prob,4,0.4,0.43342193095607373
3204,fdiv_fund,-4,-0.4,0.4624327264504763
3204,feve_fund,-8,-0.8,0.08641073297370003
3204,fdis_prob,-6,-0.6,0.2206713619198468
3204,fmpd_prob,-6,-0.6,0.2206713619198468
3204,raoq_fund,-2,-0.2,0.8064959405073402
3204,cwm_pc1,-10,-1,0.02748633611151034
3204,cwm_pc2,6,0.6,0.2206713619198468
3204,pd_prob_mctavish,10,1,0.02748633611151034
3204,mpd_prob_mctavish,10,1,0.02748633611151034
3205,corrected_richness,10,1,0.02748633611151034
3205,shannon,10,1,0.02748633611151034
3205,inv_simpson,10,1,0.02748633611151034
3205,trait_volume,-6,-0.6,0.2206713619198468
3205,trait_dispersion,-4,-0.4,0.4624327264504763
3205,rao_q,-6,-0.6,0.2206713619198468
3205,feve,10,1,0.02748633611151034
3205,fdiv,6,0.6,0.2206713619198468
3205,fric_prob,4,0.4,0.4624327264504763
3205,fdiv_fund,-6,-0.6,0.2206713619198468
3205,feve_fund,-8,-0.8,0.08641073297370003
3205,fdis_prob,-8,-0.8,0.08641073297370003
3205,fmpd_prob,-6,-0.6,0.2206713619198468
3205,raoq_fund,-6,-0.6,0.2206713619198468
3205,cwm_pc1,-10,-1,0.02748633611151034
3205,cwm_pc2,8,0.8,0.08641073297370003
3205,pd_prob_mctavish,10,1,0.02748633611151034
3205,mpd_prob_mctavish,10,1,0.02748633611151034
3206,corrected_richness,10,1,0.02748633611151034
3206,shannon,10,1,0.02748633611151034
3206,inv_simpson,10,1,0.02748633611151034
3206,trait_volume,-6,-0.6,0.2206713619198468
3206,trait_dispersion,-4,-0.4,0.4624327264504763
3206,rao_q,-6,-0.6,0.2206713619198468
3206,feve,10,1,0.02748633611151034
3206,fdiv,2,0.2,0.8064959405073402
3206,fric_prob,0,0,1
3206,fdiv_fund,-4,-0.4,0.4624327264504763
3206,feve_fund,-8,-0.8,0.08641073297370003
3206,fdis_prob,-8,-0.8,0.08641073297370003
3206,fmpd_prob,-6,-0.6,0.2206713619198468
3206,raoq_fund,-6,-0.6,0.2206713619198468
3206,cwm_pc1,-10,-1,0.02748633611151034
3206,cwm_pc2,8,0.8,0.08641073297370003
3206,pd_prob_mctavish,10,1,0.02748633611151034
3206,mpd_prob_mctavish,10,1,0.02748633611151034
3207,corrected_richness,10,1,0.02748633611151034
3207,shannon,10,1,0.02748633611151034
3207,inv_simpson,10,1,0.02748633611151034
3207,trait_volume,-6,-0.6,0.2206713619198468
3207,trait_dispersion,-4,-0.4,0.4624327264504763
3207,rao_q,-6,-0.6,0.2206713619198468
3207,feve,10,1,0.02748633611151034
3207,fdiv,0,0,1
3207,fric_prob,-1,-0.1,1
3207,fdiv_fund,-4,-0.4,0.4624327264504763
3207,feve_fund,-8,-0.8,0.08641073297370003
3207,fdis_prob,-8,-0.8,0.08641073297370003
3207,fmpd_prob,-8,-0.8,0.08641073297370003
3207,raoq_fund,-6,-0.6,0.2206713619198468
3207,cwm_pc1,-10,-1,0.02748633611151034
3207,cwm_pc2,8,0.8,0.08641073297370003
3207,pd_prob_mctavish,10,1,0.02748633611151034
3207,mpd_prob_mctavish,10,1,0.02748633611151034
3208,corrected_richness,10,1,0.02748633611151034
3208,shannon,10,1,0.02748633611151034
3208,inv_simpson,10,1,0.02748633611151034
3208,trait_volume,-8,-0.8,0.08641073297370003
3208,trait_dispersion,0,0,1
3208,rao_q,-8,-0.8,0.08641073297370003
3208,feve,10,1,0.02748633611151034
3208,fdiv,0,0,1
3208,fric_prob,-2,-0.2,0.8064959405073402
3208,fdiv_fund,-4,-0.4,0.4624327264504763
3208,feve_fund,-8,-0.8,0.08641073297370003
3208,fdis_prob,-10,-1,0.02748633611151034
3208,fmpd_prob,-8,-0.8,0.08641073297370003
3208,raoq_fund,-8,-0.8,0.08641073297370003
3208,cwm_pc1,-10,-1,0.02748633611151034
3208,cwm_pc2,8,0.8,0.08641073297370003
3208,pd_prob_mctavish,10,1,0.02748633611151034
3208,mpd_prob_mctavish,10,1,0.02748633611151034
3209,corrected_richness,10,1,0.02748633611151034
3209,shannon,10,1,0.02748633611151034
3209,inv_simpson,10,1,0.02748633611151034
3209,trait_volume,-8,-0.8,0.08641073297370003
3209,trait_dispersion,0,0,1
3209,rao_q,-8,-0.8,0.08641073297370003
3209,feve,10,1,0.02748633611151034
3209,fdiv,-2,-0.2,0.8064959405073402
3209,fric_prob,-2,-0.2,0.8064959405073402
3209,fdiv_fund,-2,-0.2,0.8064959405073402
3209,feve_fund,-10,-1,0.02748633611151034
3209,fdis_prob,-10,-1,0.02748633611151034
3209,fmpd_prob,-8,-0.8,0.08641073297370003
3209,raoq_fund,-10,-1,0.02748633611151034
3209,cwm_pc1,-10,-1,0.02748633611151034
3209,cwm_pc2,8,0.8,0.08641073297370003
3209,pd_prob_mctavish,10,1,0.02748633611151034
3209,mpd_prob_mctavish,10,1,0.02748633611151034
3210,corrected_richness,10,1,0.02748633611151034
3210,shannon,10,1,0.02748633611151034
3210,inv_simpson,10,1,0.02748633611151034
3210,trait_volume,-8,-0.8,0.08641073297370003
3210,trait_dispersion,2,0.2,0.8064959405073402
3210,rao_q,-8,-0.8,0.08641073297370003
3210,feve,10,1,0.02748633611151034
3210,fdiv,-4,-0.4,0.4624327264504763
3210,fric_prob,-2,-0.2,0.8064959405073402
3210,fdiv_fund,2,0.2,0.8064959405073402
3210,feve_fund,-10,-1,0.02748633611151034
3210,fdis_prob,-10,-1,0.02748633611151034
3210,fmpd_prob,-8,-0.8,0.08641073297370003
3210,raoq_fund,-10,-1,0.02748633611151034
3210,cwm_pc1,-10,-1,0.02748633611151034
3210,cwm_pc2,8,0.8,0.08641073297370003
3210,pd_prob_mctavish,10,1,0.02748633611151034
3210,mpd_prob_mctavish,10,1,0.02748633611151034
3211,corrected_richness,10,1,0.02748633611151034
3211,shannon,10,1,0.02748633611151034
3211,inv_simpson,10,1,0.02748633611151034
3211,trait_volume,-8,-0.8,0.08641073297370003
3211,trait_dispersion,4,0.4,0.4624327264504763
3211,rao_q,-8,-0.8,0.08641073297370003
3211,feve,10,1,0.02748633611151034
3211,fdiv,-4,-0.4,0.4624327264504763
3211,fric_prob,-2,-0.2,0.8064959405073402
3211,fdiv_fund,2,0.2,0.8064959405073402
3211,feve_fund,-10,-1,0.02748633611151034
3211,fdis_prob,-6,-0.6,0.2206713619198468
3211,fmpd_prob,-8,-0.8,0.08641073297370003
3211,raoq_fund,-10,-1,0.02748633611151034
3211,cwm_pc1,-10,-1,0.02748633611151034
3211,cwm_pc2,8,0.8,0.08641073297370003
3211,pd_prob_mctavish,10,1,0.02748633611151034
3211,mpd_prob_mctavish,10,1,0.02748633611151034
3212,corrected_richness,10,1,0.02748633611151034
3212,shannon,10,1,0.02748633611151034
3212,inv_simpson,10,1,0.02748633611151034
3212,trait_volume,-8,-0.8,0.08641073297370003
3212,trait_dispersion,2,0.2,0.8064959405073402
3212,rao_q,-8,-0.8,0.08641073297370003
3212,feve,10,1,0.02748633611151034
3212,fdiv,-4,-0.4,0.4624327264504763
3212,fric_prob,-2,-0.2,0.8064959405073402
3212,fdiv_fund,2,0.2,0.8064959405073402
3212,feve_fund,-10,-1,0.02748633611151034
3212,fdis_prob,-2,-0.2,0.8064959405073402
3212,fmpd_prob,-8,-0.8,0.08641073297370003
3212,raoq_fund,-6,-0.6,0.2206713619198468
3212,cwm_pc1,-10,-1,0.02748633611151034
3212,cwm_pc2,8,0.8,0.08641073297370003
3212,pd_prob_mctavish,10,1,0.02748633611151034
3212,mpd_prob_mctavish,10,1,0.02748633611151034
3213,corrected_richness,10,1,0.02748633611151034
3213,shannon,10,1,0.02748633611151034
3213,inv_simpson,10,1,0.02748633611151034
3213,trait_volume,-8,-0.8,0.08641073297370003
3213,trait_dispersion,2,0.2,0.8064959405073402
3213,rao_q,-8,-0.8,0.08641073297370003
3213,feve,10,1,0.02748633611151034
3213,fdiv,-6,-0.6,0.2206713619198468
3213,fric_prob,-2,-0.2,0.8064959405073402
3213,fdiv_fund,0,0,1
3213,feve_fund,-10,-1,0.02748633611151034
3213,fdis_prob,2,0.2,0.8064959405073402
3213,fmpd_prob,-8,-0.8,0.08641073297370003
3213,raoq_fund,-4,-0.4,0.4624327264504763
3213,cwm_pc1,-10,-1,0.02748633611151034
3213,cwm_pc2,8,0.8,0.08641073297370003
3213,pd_prob_mctavish,10,1,0.02748633611151034
3213,mpd_prob_mctavish,10,1,0.02748633611151034
3214,corrected_richness,10,1,0.02748633611151034
3214,shannon,10,1,0.02748633611151034
3214,inv_simpson,10,1,0.02748633611151034
3214,trait_volume,-8,-0.8,0.08641073297370003
3214,trait_dispersion,2,0.2,0.8064959405073402
3214,rao_q,-8,-0.8,0.08641073297370003
3214,feve,10,1,0.02748633611151034
3214,fdiv,-8,-0.8,0.08641073297370003
3214,fric_prob,-2,-0.2,0.8064959405073402
3214,fdiv_fund,0,0,1
3214,feve_fund,-10,-1,0.02748633611151034
3214,fdis_prob,2,0.2,0.8064959405073402
3214,fmpd_prob,-8,-0.8,0.08641073297370003
3214,raoq_fund,-6,-0.6,0.2206713619198468
3214,cwm_pc1,-10,-1,0.02748633611151034
3214,cwm_pc2,8,0.8,0.08641073297370003
3214,pd_prob_mctavish,10,1,0.02748633611151034
3214,mpd_prob_mctavish,10,1,0.02748633611151034
3215,corrected_richness,10,1,0.02748633611151034
3215,shannon,10,1,0.02748633611151034
3215,inv_simpson,10,1,0.02748633611151034
3215,trait_volume,-10,-1,0.02748633611151034
3215,trait_dispersion,2,0.2,0.8064959405073402
3215,rao_q,-8,-0.8,0.08641073297370003
3215,feve,10,1,0.02748633611151034
3215,fdiv,-8,-0.8,0.08641073297370003
3215,fric_prob,-2,-0.2,0.8064959405073402
3215,fdiv_fund,2,0.2,0.8064959405073402
3215,feve_fund,-10,-1,0.02748633611151034
3215,fdis_prob,4,0.4,0.4624327264504763
3215,fmpd_prob,-8,-0.8,0.08641073297370003
3215,raoq_fund,-6,-0.6,0.2206713619198468
3215,cwm_pc1,-10,-1,0.02748633611151034
3215,cwm_pc2,8,0.8,0.08641073297370003
3215,pd_prob_mctavish,10,1,0.02748633611151034
3215,mpd_prob_mctavish,10,1,0.02748633611151034
3216,corrected_richness,10,1,0.02748633611151034
3216,shannon,10,1,0.02748633611151034
3216,inv_simpson,10,1,0.02748633611151034
3216,trait_volume,-10,-1,0.02748633611151034
3216,trait_dispersion,2,0.2,0.8064959405073402
3216,rao_q,-10,-1,0.02748633611151034
3216,feve,10,1,0.02748633611151034
3216,fdiv,-10,-1,0.02748633611151034
3216,fric_prob,-2,-0.2,0.8064959405073402
3216,fdiv_fund,2,0.2,0.8064959405073402
3216,feve_fund,-10,-1,0.02748633611151034
3216,fdis_prob,6,0.6,0.2206713619198468
3216,fmpd_prob,-10,-1,0.02748633611151034
3216,raoq_fund,-4,-0.4,0.4624327264504763
3216,cwm_pc1,-10,-1,0.02748633611151034
3216,cwm_pc2,8,0.8,0.08641073297370003
3216,pd_prob_mctavish,10,1,0.02748633611151034
3216,mpd_prob_mctavish,10,1,0.02748633611151034
3217,corrected_richness,10,1,0.02748633611151034
3217,shannon,10,1,0.02748633611151034
3217,inv_simpson,10,1,0.02748633611151034
3217,trait_volume,-10,-1,0.02748633611151034
3217,trait_dispersion,2,0.2,0.8064959405073402
3217,rao_q,-10,-1,0.02748633611151034
3217,feve,10,1,0.02748633611151034
3217,fdiv,-10,-1,0.02748633611151034
3217,fric_prob,-2,-0.2,0.8064959405073402
3217,fdiv_fund,2,0.2,0.8064959405073402
3217,feve_fund,-10,-1,0.02748633611151034
3217,fdis_prob,6,0.6,0.2206713619198468
3217,fmpd_prob,-10,-1,0.02748633611151034
3217,raoq_fund,-8,-0.8,0.08641073297370003
3217,cwm_pc1,-10,-1,0.02748633611151034
3217,cwm_pc2,8,0.8,0.08641073297370003
3217,pd_prob_mctavish,10,1,0.02748633611151034
3217,mpd_prob_mctavish,10,1,0.02748633611151034
3218,corrected_richness,10,1,0.02748633611151034
3218,shannon,10,1,0.02748633611151034
3218,inv_simpson,10,1,0.02748633611151034
3218,trait_volume,-10,-1,0.02748633611151034
3218,trait_dispersion,2,0.2,0.8064959405073402
3218,rao_q,-10,-1,0.02748633611151034
3218,feve,10,1,0.02748633611151034
3218,fdiv,-10,-1,0.02748633611151034
3218,fric_prob,-2,-0.2,0.8064959405073402
3218,fdiv_fund,2,0.2,0.8064959405073402
3218,feve_fund,-10,-1,0.02748633611151034
3218,fdis_prob,6,0.6,0.2206713619198468
3218,fmpd_prob,-10,-1,0.02748633611151034
3218,raoq_fund,-8,-0.8,0.08641073297370003
3218,cwm_pc1,-10,-1,0.02748633611151034
3218,cwm_pc2,8,0.8,0.08641073297370003
3218,pd_prob_mctavish,10,1,0.02748633611151034
3218,mpd_prob_mctavish,10,1,0.02748633611151034
3221,corrected_richness,10,1,0.02748633611151034
3221,shannon,10,1,0.02748633611151034
3221,inv_simpson,10,1,0.02748633611151034
3221,trait_volume,-10,-1,0.02748633611151034
3221,trait_dispersion,2,0.2,0.8064959405073402
3221,rao_q,-10,-1,0.02748633611151034
3221,feve,10,1,0.02748633611151034
3221,fdiv,-10,-1,0.02748633611151034
3221,fric_prob,-2,-0.2,0.8064959405073402
3221,fdiv_fund,2,0.2,0.8064959405073402
3221,feve_fund,-10,-1,0.02748633611151034
3221,fdis_prob,6,0.6,0.2206713619198468
3221,fmpd_prob,-10,-1,0.02748633611151034
3221,raoq_fund,-8,-0.8,0.08641073297370003
3221,cwm_pc1,-10,-1,0.02748633611151034
3221,cwm_pc2,8,0.8,0.08641073297370003
3221,pd_prob_mctavish,10,1,0.02748633611151034
3221,mpd_prob_mctavish,10,1,0.02748633611151034
3222,corrected_richness,10,1,0.02748633611151034
3222,shannon,10,1,0.02748633611151034
3222,inv_simpson,10,1,0.02748633611151034
3222,trait_volume,-10,-1,0.02748633611151034
3222,trait_dispersion,0,0,1
3222,rao_q,-10,-1,0.02748633611151034
3222,feve,10,1,0.02748633611151034
3222,fdiv,-10,-1,0.02748633611151034
3222,fric_prob,-2,-0.2,0.8064959405073402
3222,fdiv_fund,2,0.2,0.8064959405073402
3222,feve_fund,-10,-1,0.02748633611151034
3222,fdis_prob,4,0.4,0.4624327264504763
3222,fmpd_prob,-10,-1,0.02748633611151034
3222,raoq_fund,-8,-0.8,0.08641073297370003
3222,cwm_pc1,-10,-1,0.02748633611151034
3222,cwm_pc2,8,0.8,0.08641073297370003
3222,pd_prob_mctavish,10,1,0.02748633611151034
3222,mpd_prob_mctavish,10,1,0.02748633611151034
3270,corrected_richness,10,1,0.02748633611151034
3270,shannon,10,1,0.02748633611151034
3270,inv_simpson,10,1,0.02748633611151034
3270,trait_volume,4,0.4,0.4624327264504763
3270,trait_dispersion,-10,-1,0.02748633611151034
3270,rao_q,4,0.4,0.4624327264504763
3270,feve,10,1,0.02748633611151034
3270,fdiv,10,1,0.02748633611151034
3270,fric_prob,0,0,1
3270,fdiv_fund,4,0.4,0.4624327264504763
3270,feve_fund,-8,-0.8,0.08641073297370003
3270,fdis_prob,-8,-0.8,0.08641073297370003
3270,fmpd_prob,4,0.4,0.4624327264504763
3270,raoq_fund,2,0.2,0.8064959405073402
3270,cwm_pc1,-10,-1,0.02748633611151034
3270,cwm_pc2,6,0.6,0.2206713619198468
3270,pd_prob_mctavish,10,1,0.02748633611151034
3270,mpd_prob_mctavish,10,1,0.02748633611151034
3271,corrected_richness,10,1,0.02748633611151034
3271,shannon,10,1,0.02748633611151034
3271,inv_simpson,10,1,0.02748633611151034
3271,trait_volume,4,0.4,0.4624327264504763
3271,trait_dispersion,-10,-1,0.02748633611151034
3271,rao_q,2,0.2,0.8064959405073402
3271,feve,10,1,0.02748633611151034
3271,fdiv,10,1,0.02748633611151034
3271,fric_prob,0,0,1
3271,fdiv_fund,2,0.2,0.8064959405073402
3271,feve_fund,-8,-0.8,0.08641073297370003
3271,fdis_prob,-8,-0.8,0.08641073297370003
3271,fmpd_prob,2,0.2,0.8064959405073402
3271,raoq_fund,0,0,1
3271,cwm_pc1,-10,-1,0.02748633611151034
3271,cwm_pc2,6,0.6,0.2206713619198468
3271,pd_prob_mctavish,10,1,0.02748633611151034
3271,mpd_prob_mctavish,10,1,0.02748633611151034
3272,corrected_richness,10,1,0.02748633611151034
3272,shannon,10,1,0.02748633611151034
3272,inv_simpson,10,1,0.02748633611151034
3272,trait_volume,2,0.2,0.8064959405073402
3272,trait_dispersion,-10,-1,0.02748633611151034
3272,rao_q,2,0.2,0.8064959405073402
3272,feve,10,1,0.02748633611151034
3272,fdiv,10,1,0.02748633611151034
3272,fric_prob,0,0,1
3272,fdiv_fund,2,0.2,0.8064959405073402
3272,feve_fund,-8,-0.8,0.08641073297370003
3272,fdis_prob,-8,-0.8,0.08641073297370003
3272,fmpd_prob,2,0.2,0.8064959405073402
3272,raoq_fund,-2,-0.2,0.8064959405073402
3272,cwm_pc1,-10,-1,0.02748633611151034
3272,cwm_pc2,6,0.6,0.2206713619198468
3272,pd_prob_mctavish,10,1,0.02748633611151034
3272,mpd_prob_mctavish,10,1,0.02748633611151034
3273,corrected_richness,10,1,0.02748633611151034
3273,shannon,10,1,0.02748633611151034
3273,inv_simpson,10,1,0.02748633611151034
3273,trait_volume,2,0.2,0.8064959405073402
3273,trait_dispersion,-10,-1,0.02748633611151034
3273,rao_q,0,0,1
3273,feve,10,1,0.02748633611151034
3273,fdiv,10,1,0.02748633611151034
3273,fric_prob,4,0.4,0.2888443663464849
3273,fdiv_fund,-2,-0.2,0.8064959405073402
3273,feve_fund,-8,-0.8,0.08641073297370003
3273,fdis_prob,-8,-0.8,0.08641073297370003
3273,fmpd_prob,0,0,1
3273,raoq_fund,-4,-0.4,0.4624327264504763
3273,cwm_pc1,-10,-1,0.02748633611151034
3273,cwm_pc2,6,0.6,0.2206713619198468
3273,pd_prob_mctavish,10,1,0.02748633611151034
3273,mpd_prob_mctavish,10,1,0.02748633611151034
3275,corrected_richness,10,1,0.02748633611151034
3275,shannon,10,1,0.02748633611151034
3275,inv_simpson,10,1,0.02748633611151034
3275,trait_volume,-2,-0.2,0.8064959405073402
3275,trait_dispersion,-8,-0.8,0.08641073297370003
3275,rao_q,-4,-0.4,0.4624327264504763
3275,feve,10,1,0.02748633611151034
3275,fdiv,8,0.8,0.08641073297370003
3275,fric_prob,3,0.3,0.6133543559547467
3275,fdiv_fund,-2,-0.2,0.8064959405073402
3275,feve_fund,-8,-0.8,0.08641073297370003
3275,fdis_prob,-6,-0.6,0.2206713619198468
3275,fmpd_prob,-4,-0.4,0.4624327264504763
3275,raoq_fund,-2,-0.2,0.8064959405073402
3275,cwm_pc1,-10,-1,0.02748633611151034
3275,cwm_pc2,6,0.6,0.2206713619198468
3275,pd_prob_mctavish,10,1,0.02748633611151034
3275,mpd_prob_mctavish,10,1,0.02748633611151034
3278,corrected_richness,10,1,0.02748633611151034
3278,shannon,10,1,0.02748633611151034
3278,inv_simpson,10,1,0.02748633611151034
3278,trait_volume,-6,-0.6,0.2206713619198468
3278,trait_dispersion,-4,-0.4,0.4624327264504763
3278,rao_q,-8,-0.8,0.08641073297370003
3278,feve,10,1,0.02748633611151034
3278,fdiv,4,0.4,0.4624327264504763
3278,fric_prob,-3,-0.3,0.6133543559547467
3278,fdiv_fund,-4,-0.4,0.4624327264504763
3278,feve_fund,-8,-0.8,0.08641073297370003
3278,fdis_prob,-8,-0.8,0.08641073297370003
3278,fmpd_prob,-8,-0.8,0.08641073297370003
3278,raoq_fund,-6,-0.6,0.2206713619198468
3278,cwm_pc1,-10,-1,0.02748633611151034
3278,cwm_pc2,8,0.8,0.08641073297370003
3278,pd_prob_mctavish,10,1,0.02748633611151034
3278,mpd_prob_mctavish,10,1,0.02748633611151034
3279,corrected_richness,10,1,0.02748633611151034
3279,shannon,10,1,0.02748633611151034
3279,inv_simpson,10,1,0.02748633611151034
3279,trait_volume,-8,-0.8,0.08641073297370003
3279,trait_dispersion,-4,-0.4,0.4624327264504763
3279,rao_q,-8,-0.8,0.08641073297370003
3279,feve,10,1,0.02748633611151034
3279,fdiv,2,0.2,0.8064959405073402
3279,fric_prob,-3,-0.3,0.6133543559547467
3279,fdiv_fund,-4,-0.4,0.4624327264504763
3279,feve_fund,-8,-0.8,0.08641073297370003
3279,fdis_prob,-8,-0.8,0.08641073297370003
3279,fmpd_prob,-8,-0.8,0.08641073297370003
3279,raoq_fund,-8,-0.8,0.08641073297370003
3279,cwm_pc1,-10,-1,0.02748633611151034
3279,cwm_pc2,8,0.8,0.08641073297370003
3279,pd_prob_mctavish,10,1,0.02748633611151034
3279,mpd_prob_mctavish,10,1,0.02748633611151034
3280,corrected_richness,10,1,0.02748633611151034
3280,shannon,10,1,0.02748633611151034
3280,inv_simpson,10,1,0.02748633611151034
3280,trait_volume,-8,-0.8,0.08641073297370003
3280,trait_dispersion,-2,-0.2,0.8064959405073402
3280,rao_q,-8,-0.8,0.08641073297370003
3280,feve,10,1,0.02748633611151034
3280,fdiv,0,0,1
3280,fric_prob,-3,-0.3,0.6133543559547467
3280,fdiv_fund,-4,-0.4,0.4624327264504763
3280,feve_fund,-8,-0.8,0.08641073297370003
3280,fdis_prob,-8,-0.8,0.08641073297370003
3280,fmpd_prob,-8,-0.8,0.08641073297370003
3280,raoq_fund,-8,-0.8,0.08641073297370003
3280,cwm_pc1,-10,-1,0.02748633611151034
3280,cwm_pc2,8,0.8,0.08641073297370003
3280,pd_prob_mctavish,10,1,0.02748633611151034
3280,mpd_prob_mctavish,10,1,0.02748633611151034
3281,corrected_richness,10,1,0.02748633611151034
3281,shannon,10,1,0.02748633611151034
3281,inv_simpson,10,1,0.02748633611151034
3281,trait_volume,-8,-0.8,0.08641073297370003
3281,trait_dispersion,0,0,1
3281,rao_q,-8,-0.8,0.08641073297370003
3281,feve,10,1,0.02748633611151034
3281,fdiv,0,0,1
3281,fric_prob,-2,-0.2,0.8064959405073402
3281,fdiv_fund,-4,-0.4,0.4624327264504763
3281,feve_fund,-8,-0.8,0.08641073297370003
3281,fdis_prob,-10,-1,0.02748633611151034
3281,fmpd_prob,-8,-0.8,0.08641073297370003
3281,raoq_fund,-8,-0.8,0.08641073297370003
3281,cwm_pc1,-10,-1,0.02748633611151034
3281,cwm_pc2,8,0.8,0.08641073297370003
3281,pd_prob_mctavish,10,1,0.02748633611151034
3281,mpd_prob_mctavish,10,1,0.02748633611151034
3282,corrected_richness,10,1,0.02748633611151034
3282,shannon,10,1,0.02748633611151034
3282,inv_simpson,10,1,0.02748633611151034
3282,trait_volume,-8,-0.8,0.08641073297370003
3282,trait_dispersion,0,0,1
3282,rao_q,-8,-0.8,0.08641073297370003
3282,feve,10,1,0.02748633611151034
3282,fdiv,-2,-0.2,0.8064959405073402
3282,fric_prob,-2,-0.2,0.8064959405073402
3282,fdiv_fund,2,0.2,0.8064959405073402
3282,feve_fund,-10,-1,0.02748633611151034
3282,fdis_prob,-10,-1,0.02748633611151034
3282,fmpd_prob,-8,-0.8,0.08641073297370003
3282,raoq_fund,-10,-1,0.02748633611151034
3282,cwm_pc1,-10,-1,0.02748633611151034
3282,cwm_pc2,8,0.8,0.08641073297370003
3282,pd_prob_mctavish,10,1,0.02748633611151034
3282,mpd_prob_mctavish,10,1,0.02748633611151034
3283,corrected_richness,10,1,0.02748633611151034
3283,shannon,10,1,0.02748633611151034
3283,inv_simpson,10,1,0.02748633611151034
3283,trait_volume,-8,-0.8,0.08641073297370003
3283,trait_dispersion,4,0.4,0.4624327264504763
3283,rao_q,-8,-0.8,0.08641073297370003
3283,feve,10,1,0.02748633611151034
3283,fdiv,-4,-0.4,0.4624327264504763
3283,fric_prob,-2,-0.2,0.8064959405073402
3283,fdiv_fund,2,0.2,0.8064959405073402
3283,feve_fund,-10,-1,0.02748633611151034
3283,fdis_prob,-6,-0.6,0.2206713619198468
3283,fmpd_prob,-8,-0.8,0.08641073297370003
3283,raoq_fund,-10,-1,0.02748633611151034
3283,cwm_pc1,-10,-1,0.02748633611151034
3283,cwm_pc2,8,0.8,0.08641073297370003
3283,pd_prob_mctavish,10,1,0.02748633611151034
3283,mpd_prob_mctavish,10,1,0.02748633611151034
3284,corrected_richness,10,1,0.02748633611151034
3284,shannon,10,1,0.02748633611151034
3284,inv_simpson,10,1,0.02748633611151034
3284,trait_volume,-8,-0.8,0.08641073297370003
3284,trait_dispersion,4,0.4,0.4624327264504763
3284,rao_q,-8,-0.8,0.08641073297370003
3284,feve,10,1,0.02748633611151034
3284,fdiv,-4,-0.4,0.4624327264504763
3284,fric_prob,-2,-0.2,0.8064959405073402
3284,fdiv_fund,2,0.2,0.8064959405073402
3284,feve_fund,-10,-1,0.02748633611151034
3284,fdis_prob,-4,-0.4,0.4624327264504763
3284,fmpd_prob,-8,-0.8,0.08641073297370003
3284,raoq_fund,-10,-1,0.02748633611151034
3284,cwm_pc1,-10,-1,0.02748633611151034
3284,cwm_pc2,8,0.8,0.08641073297370003
3284,pd_prob_mctavish,10,1,0.02748633611151034
3284,mpd_prob_mctavish,10,1,0.02748633611151034
3285,corrected_richness,10,1,0.02748633611151034
3285,shannon,10,1,0.02748633611151034
3285,inv_simpson,10,1,0.02748633611151034
3285,trait_volume,-8,-0.8,0.08641073297370003
3285,trait_dispersion,4,0.4,0.4624327264504763
3285,rao_q,-8,-0.8,0.08641073297370003
3285,feve,10,1,0.02748633611151034
3285,fdiv,-4,-0.4,0.4624327264504763
3285,fric_prob,-2,-0.2,0.8064959405073402
3285,fdiv_fund,2,0.2,0.8064959405073402
3285,feve_fund,-10,-1,0.02748633611151034
3285,fdis_prob,0,0,1
3285,fmpd_prob,-8,-0.8,0.08641073297370003
3285,raoq_fund,-4,-0.4,0.4624327264504763
3285,cwm_pc1,-10,-1,0.02748633611151034
3285,cwm_pc2,8,0.8,0.08641073297370003
3285,pd_prob_mctavish,10,1,0.02748633611151034
3285,mpd_prob_mctavish,10,1,0.02748633611151034
3286,corrected_richness,10,1,0.02748633611151034
3286,shannon,10,1,0.02748633611151034
3286,inv_simpson,10,1,0.02748633611151034
3286,trait_volume,-8,-0.8,0.08641073297370003
3286,trait_dispersion,4,0.4,0.4624327264504763
3286,rao_q,-8,-0.8,0.08641073297370003
3286,feve,10,1,0.02748633611151034
3286,fdiv,-6,-0.6,0.2206713619198468
3286,fric_prob,-2,-0.2,0.8064959405073402
3286,fdiv_fund,0,0,1
3286,feve_fund,-10,-1,0.02748633611151034
3286,fdis_prob,2,0.2,0.8064959405073402
3286,fmpd_prob,-8,-0.8,0.08641073297370003
3286,raoq_fund,-4,-0.4,0.4624327264504763
3286,cwm_pc1,-10,-1,0.02748633611151034
3286,cwm_pc2,8,0.8,0.08641073297370003
3286,pd_prob_mctavish,10,1,0.02748633611151034
3286,mpd_prob_mctavish,10,1,0.02748633611151034
3287,corrected_richness,10,1,0.02748633611151034
3287,shannon,10,1,0.02748633611151034
3287,inv_simpson,10,1,0.02748633611151034
3287,trait_volume,-8,-0.8,0.08641073297370003
3287,trait_dispersion,4,0.4,0.4624327264504763
3287,rao_q,-8,-0.8,0.08641073297370003
3287,feve,10,1,0.02748633611151034
3287,fdiv,-8,-0.8,0.08641073297370003
3287,fric_prob,-2,-0.2,0.8064959405073402
3287,fdiv_fund,0,0,1
3287,feve_fund,-10,-1,0.02748633611151034
3287,fdis_prob,4,0.4,0.4624327264504763
3287,fmpd_prob,-8,-0.8,0.08641073297370003
3287,raoq_fund,-4,-0.4,0.4624327264504763
3287,cwm_pc1,-10,-1,0.02748633611151034
3287,cwm_pc2,8,0.8,0.08641073297370003
3287,pd_prob_mctavish,10,1,0.02748633611151034
3287,mpd_prob_mctavish,10,1,0.02748633611151034
3293,corrected_richness,10,1,0.02748633611151034
3293,shannon,10,1,0.02748633611151034
3293,inv_simpson,10,1,0.02748633611151034
3293,trait_volume,-10,-1,0.02748633611151034
3293,trait_dispersion,2,0.2,0.8064959405073402
3293,rao_q,-10,-1,0.02748633611151034
3293,feve,10,1,0.02748633611151034
3293,fdiv,-10,-1,0.02748633611151034
3293,fric_prob,-2,-0.2,0.8064959405073402
3293,fdiv_fund,2,0.2,0.8064959405073402
3293,feve_fund,-10,-1,0.02748633611151034
3293,fdis_prob,6,0.6,0.2206713619198468
3293,fmpd_prob,-10,-1,0.02748633611151034
3293,raoq_fund,-8,-0.8,0.08641073297370003
3293,cwm_pc1,-10,-1,0.02748633611151034
3293,cwm_pc2,8,0.8,0.08641073297370003
3293,pd_prob_mctavish,10,1,0.02748633611151034
3293,mpd_prob_mctavish,10,1,0.02748633611151034
3294,corrected_richness,10,1,0.02748633611151034
3294,shannon,10,1,0.02748633611151034
3294,inv_simpson,10,1,0.02748633611151034
3294,trait_volume,-10,-1,0.02748633611151034
3294,trait_dispersion,2,0.2,0.8064959405073402
3294,rao_q,-10,-1,0.02748633611151034
3294,feve,10,1,0.02748633611151034
3294,fdiv,-10,-1,0.02748633611151034
3294,fric_prob,-2,-0.2,0.8064959405073402
3294,fdiv_fund,2,0.2,0.8064959405073402
3294,feve_fund,-10,-1,0.02748633611151034
3294,fdis_prob,4,0.4,0.4624327264504763
3294,fmpd_prob,-10,-1,0.02748633611151034
3294,raoq_fund,-8,-0.8,0.08641073297370003
3294,cwm_pc1,-10,-1,0.02748633611151034
3294,cwm_pc2,8,0.8,0.08641073297370003
3294,pd_prob_mctavish,10,1,0.02748633611151034
3294,mpd_prob_mctavish,10,1,0.02748633611151034
3295,corrected_richness,10,1,0.02748633611151034
3295,shannon,10,1,0.02748633611151034
3295,inv_simpson,10,1,0.02748633611151034
3295,trait_volume,-10,-1,0.02748633611151034
3295,trait_dispersion,4,0.4,0.4624327264504763
3295,rao_q,-10,-1,0.02748633611151034
3295,feve,10,1,0.02748633611151034
3295,fdiv,-10,-1,0.02748633611151034
3295,fric_prob,-2,-0.2,0.8064959405073402
3295,fdiv_fund,2,0.2,0.8064959405073402
3295,feve_fund,-10,-1,0.02748633611151034
3295,fdis_prob,0,0,1
3295,fmpd_prob,-10,-1,0.02748633611151034
3295,raoq_fund,-8,-0.8,0.08641073297370003
3295,cwm_pc1,-10,-1,0.02748633611151034
3295,cwm_pc2,8,0.8,0.08641073297370003
3295,pd_prob_mctavish,10,1,0.02748633611151034
3295,mpd_prob_mctavish,10,1,0.02748633611151034
3343,corrected_richness,10,1,0.02748633611151034
3343,shannon,10,1,0.02748633611151034
3343,inv_simpson,10,1,0.02748633611151034
3343,trait_volume,2,0.2,0.8064959405073402
3343,trait_dispersion,-10,-1,0.02748633611151034
3343,rao_q,2,0.2,0.8064959405073402
3343,feve,10,1,0.02748633611151034
3343,fdiv,9,0.9,0.04326272780691068
3343,fric_prob,0,0,1
3343,fdiv_fund,2,0.2,0.8064959405073402
3343,feve_fund,-8,-0.8,0.08641073297370003
3343,fdis_prob,-10,-1,0.02748633611151034
3343,fmpd_prob,2,0.2,0.8064959405073402
3343,raoq_fund,0,0,1
3343,cwm_pc1,-10,-1,0.02748633611151034
3343,cwm_pc2,6,0.6,0.2206713619198468
3343,pd_prob_mctavish,10,1,0.02748633611151034
3343,mpd_prob_mctavish,10,1,0.02748633611151034
3344,corrected_richness,10,1,0.02748633611151034
3344,shannon,10,1,0.02748633611151034
3344,inv_simpson,10,1,0.02748633611151034
3344,trait_volume,2,0.2,0.8064959405073402
3344,trait_dispersion,-10,-1,0.02748633611151034
3344,rao_q,2,0.2,0.8064959405073402
3344,feve,10,1,0.02748633611151034
3344,fdiv,9,0.9,0.04326272780691068
3344,fric_prob,0,0,1
3344,fdiv_fund,2,0.2,0.8064959405073402
3344,feve_fund,-8,-0.8,0.08641073297370003
3344,fdis_prob,-8,-0.8,0.08641073297370003
3344,fmpd_prob,0,0,1
3344,raoq_fund,-2,-0.2,0.8064959405073402
3344,cwm_pc1,-10,-1,0.02748633611151034
3344,cwm_pc2,6,0.6,0.2206713619198468
3344,pd_prob_mctavish,10,1,0.02748633611151034
3344,mpd_prob_mctavish,10,1,0.02748633611151034
3345,corrected_richness,10,1,0.02748633611151034
3345,shannon,10,1,0.02748633611151034
3345,inv_simpson,10,1,0.02748633611151034
3345,trait_volume,0,0,1
3345,trait_dispersion,-10,-1,0.02748633611151034
3345,rao_q,0,0,1
3345,feve,10,1,0.02748633611151034
3345,fdiv,9,0.9,0.04326272780691068
3345,fric_prob,0,0,1
3345,fdiv_fund,2,0.2,0.8064959405073402
3345,feve_fund,-8,-0.8,0.08641073297370003
3345,fdis_prob,-8,-0.8,0.08641073297370003
3345,fmpd_prob,0,0,1
3345,raoq_fund,-4,-0.4,0.4624327264504763
3345,cwm_pc1,-10,-1,0.02748633611151034
3345,cwm_pc2,8,0.8,0.08641073297370003
3345,pd_prob_mctavish,10,1,0.02748633611151034
3345,mpd_prob_mctavish,10,1,0.02748633611151034
3351,corrected_richness,10,1,0.02748633611151034
3351,shannon,10,1,0.02748633611151034
3351,inv_simpson,10,1,0.02748633611151034
3351,trait_volume,-8,-0.8,0.08641073297370003
3351,trait_dispersion,-4,-0.4,0.4624327264504763
3351,rao_q,-8,-0.8,0.08641073297370003
3351,feve,10,1,0.02748633611151034
3351,fdiv,5,0.5,0.3122163883433193
3351,fric_prob,-3,-0.3,0.6133543559547467
3351,fdiv_fund,-4,-0.4,0.4624327264504763
3351,feve_fund,-8,-0.8,0.08641073297370003
3351,fdis_prob,-8,-0.8,0.08641073297370003
3351,fmpd_prob,-8,-0.8,0.08641073297370003
3351,raoq_fund,-8,-0.8,0.08641073297370003
3351,cwm_pc1,-10,-1,0.02748633611151034
3351,cwm_pc2,8,0.8,0.08641073297370003
3351,pd_prob_mctavish,10,1,0.02748633611151034
3351,mpd_prob_mctavish,10,1,0.02748633611151034
3352,corrected_richness,10,1,0.02748633611151034
3352,shannon,10,1,0.02748633611151034
3352,inv_simpson,10,1,0.02748633611151034
3352,trait_volume,-8,-0.8,0.08641073297370003
3352,trait_dispersion,-4,-0.4,0.4624327264504763
3352,rao_q,-8,-0.8,0.08641073297370003
3352,feve,10,1,0.02748633611151034
3352,fdiv,2,0.2,0.8064959405073402
3352,fric_prob,-3,-0.3,0.6133543559547467
3352,fdiv_fund,-4,-0.4,0.4624327264504763
3352,feve_fund,-8,-0.8,0.08641073297370003
3352,fdis_prob,-8,-0.8,0.08641073297370003
3352,fmpd_prob,-8,-0.8,0.08641073297370003
3352,raoq_fund,-8,-0.8,0.08641073297370003
3352,cwm_pc1,-10,-1,0.02748633611151034
3352,cwm_pc2,8,0.8,0.08641073297370003
3352,pd_prob_mctavish,10,1,0.02748633611151034
3352,mpd_prob_mctavish,10,1,0.02748633611151034
3353,corrected_richness,10,1,0.02748633611151034
3353,shannon,10,1,0.02748633611151034
3353,inv_simpson,10,1,0.02748633611151034
3353,trait_volume,-8,-0.8,0.08641073297370003
3353,trait_dispersion,-2,-0.2,0.8064959405073402
3353,rao_q,-8,-0.8,0.08641073297370003
3353,feve,10,1,0.02748633611151034
3353,fdiv,0,0,1
3353,fric_prob,-3,-0.3,0.6133543559547467
3353,fdiv_fund,2,0.2,0.8064959405073402
3353,feve_fund,-8,-0.8,0.08641073297370003
3353,fdis_prob,-10,-1,0.02748633611151034
3353,fmpd_prob,-8,-0.8,0.08641073297370003
3353,raoq_fund,-8,-0.8,0.08641073297370003
3353,cwm_pc1,-10,-1,0.02748633611151034
3353,cwm_pc2,8,0.8,0.08641073297370003
3353,pd_prob_mctavish,10,1,0.02748633611151034
3353,mpd_prob_mctavish,10,1,0.02748633611151034
3354,corrected_richness,10,1,0.02748633611151034
3354,shannon,10,1,0.02748633611151034
3354,inv_simpson,10,1,0.02748633611151034
3354,trait_volume,-8,-0.8,0.08641073297370003
3354,trait_dispersion,0,0,1
3354,rao_q,-8,-0.8,0.08641073297370003
3354,feve,10,1,0.02748633611151034
3354,fdiv,0,0,1
3354,fric_prob,-2,-0.2,0.8064959405073402
3354,fdiv_fund,2,0.2,0.8064959405073402
3354,feve_fund,-10,-1,0.02748633611151034
3354,fdis_prob,-10,-1,0.02748633611151034
3354,fmpd_prob,-8,-0.8,0.08641073297370003
3354,raoq_fund,-10,-1,0.02748633611151034
3354,cwm_pc1,-10,-1,0.02748633611151034
3354,cwm_pc2,8,0.8,0.08641073297370003
3354,pd_prob_mctavish,10,1,0.02748633611151034
3354,mpd_prob_mctavish,10,1,0.02748633611151034
3355,corrected_richness,10,1,0.02748633611151034
3355,shannon,10,1,0.02748633611151034
3355,inv_simpson,10,1,0.02748633611151034
3355,trait_volume,-8,-0.8,0.08641073297370003
3355,trait_dispersion,2,0.2,0.8064959405073402
3355,rao_q,-8,-0.8,0.08641073297370003
3355,feve,10,1,0.02748633611151034
3355,fdiv,-2,-0.2,0.8064959405073402
3355,fric_prob,-2,-0.2,0.8064959405073402
3355,fdiv_fund,2,0.2,0.8064959405073402
3355,feve_fund,-10,-1,0.02748633611151034
3355,fdis_prob,-10,-1,0.02748633611151034
3355,fmpd_prob,-8,-0.8,0.08641073297370003
3355,raoq_fund,-10,-1,0.02748633611151034
3355,cwm_pc1,-10,-1,0.02748633611151034
3355,cwm_pc2,8,0.8,0.08641073297370003
3355,pd_prob_mctavish,10,1,0.02748633611151034
3355,mpd_prob_mctavish,10,1,0.02748633611151034
3356,corrected_richness,10,1,0.02748633611151034
3356,shannon,10,1,0.02748633611151034
3356,inv_simpson,10,1,0.02748633611151034
3356,trait_volume,-8,-0.8,0.08641073297370003
3356,trait_dispersion,4,0.4,0.4624327264504763
3356,rao_q,-8,-0.8,0.08641073297370003
3356,feve,10,1,0.02748633611151034
3356,fdiv,-5,-0.5,0.3122163883433193
3356,fric_prob,-2,-0.2,0.8064959405073402
3356,fdiv_fund,2,0.2,0.8064959405073402
3356,feve_fund,-10,-1,0.02748633611151034
3356,fdis_prob,-4,-0.4,0.4624327264504763
3356,fmpd_prob,-8,-0.8,0.08641073297370003
3356,raoq_fund,-10,-1,0.02748633611151034
3356,cwm_pc1,-10,-1,0.02748633611151034
3356,cwm_pc2,8,0.8,0.08641073297370003
3356,pd_prob_mctavish,10,1,0.02748633611151034
3356,mpd_prob_mctavish,10,1,0.02748633611151034
3357,corrected_richness,10,1,0.02748633611151034
3357,shannon,10,1,0.02748633611151034
3357,inv_simpson,10,1,0.02748633611151034
3357,trait_volume,-8,-0.8,0.08641073297370003
3357,trait_dispersion,4,0.4,0.4624327264504763
3357,rao_q,-8,-0.8,0.08641073297370003
3357,feve,10,1,0.02748633611151034
3357,fdiv,-5,-0.5,0.3122163883433193
3357,fric_prob,-2,-0.2,0.8064959405073402
3357,fdiv_fund,2,0.2,0.8064959405073402
3357,feve_fund,-10,-1,0.02748633611151034
3357,fdis_prob,-2,-0.2,0.8064959405073402
3357,fmpd_prob,-8,-0.8,0.08641073297370003
3357,raoq_fund,-8,-0.8,0.08641073297370003
3357,cwm_pc1,-10,-1,0.02748633611151034
3357,cwm_pc2,8,0.8,0.08641073297370003
3357,pd_prob_mctavish,10,1,0.02748633611151034
3357,mpd_prob_mctavish,10,1,0.02748633611151034
3426,corrected_richness,10,1,0.02748633611151034
3426,shannon,10,1,0.02748633611151034
3426,inv_simpson,10,1,0.02748633611151034
3426,trait_volume,-8,-0.8,0.08641073297370003
3426,trait_dispersion,-2,-0.2,0.8064959405073402
3426,rao_q,-8,-0.8,0.08641073297370003
3426,feve,10,1,0.02748633611151034
3426,fdiv,-1,-0.1,1
3426,fric_prob,-2,-0.2,0.8064959405073402
3426,fdiv_fund,2,0.2,0.8064959405073402
3426,feve_fund,-10,-1,0.02748633611151034
3426,fdis_prob,-10,-1,0.02748633611151034
3426,fmpd_prob,-8,-0.8,0.08641073297370003
3426,raoq_fund,-10,-1,0.02748633611151034
3426,cwm_pc1,-10,-1,0.02748633611151034
3426,cwm_pc2,8,0.8,0.08641073297370003
3426,pd_prob_mctavish,10,1,0.02748633611151034
3426,mpd_prob_mctavish,10,1,0.02748633611151034
3427,corrected_richness,10,1,0.02748633611151034
3427,shannon,10,1,0.02748633611151034
3427,inv_simpson,10,1,0.02748633611151034
3427,trait_volume,-8,-0.8,0.08641073297370003
3427,trait_dispersion,0,0,1
3427,rao_q,-8,-0.8,0.08641073297370003
3427,feve,10,1,0.02748633611151034
3427,fdiv,-1,-0.1,1
3427,fric_prob,-2,-0.2,0.8064959405073402
3427,fdiv_fund,2,0.2,0.8064959405073402
3427,feve_fund,-10,-1,0.02748633611151034
3427,fdis_prob,-10,-1,0.02748633611151034
3427,fmpd_prob,-8,-0.8,0.08641073297370003
3427,raoq_fund,-10,-1,0.02748633611151034
3427,cwm_pc1,-10,-1,0.02748633611151034
3427,cwm_pc2,8,0.8,0.08641073297370003
3427,pd_prob_mctavish,10,1,0.02748633611151034
3427,mpd_prob_mctavish,10,1,0.02748633611151034
3497,corrected_richness,10,1,0.02748633611151034
3497,shannon,10,1,0.02748633611151034
3497,inv_simpson,10,1,0.02748633611151034
3497,trait_volume,-8,-0.8,0.08641073297370003
3497,trait_dispersion,-4,-0.4,0.4624327264504763
3497,rao_q,-8,-0.8,0.08641073297370003
3497,feve,10,1,0.02748633611151034
3497,fdiv,4,0.4,0.2888443663464849
3497,fric_prob,-3,-0.3,0.6133543559547467
3497,fdiv_fund,0,0,1
3497,feve_fund,-8,-0.8,0.08641073297370003
3497,fdis_prob,-10,-1,0.02748633611151034
3497,fmpd_prob,-8,-0.8,0.08641073297370003
3497,raoq_fund,-8,-0.8,0.08641073297370003
3497,cwm_pc1,-10,-1,0.02748633611151034
3497,cwm_pc2,8,0.8,0.08641073297370003
3497,pd_prob_mctavish,10,1,0.02748633611151034
3497,mpd_prob_mctavish,10,1,0.02748633611151034
3498,corrected_richness,10,1,0.02748633611151034
3498,shannon,10,1,0.02748633611151034
3498,inv_simpson,10,1,0.02748633611151034
3498,trait_volume,-8,-0.8,0.08641073297370003
3498,trait_dispersion,-2,-0.2,0.8064959405073402
3498,rao_q,-8,-0.8,0.08641073297370003
3498,feve,10,1,0.02748633611151034
3498,fdiv,4,0.4,0.2888443663464849
3498,fric_prob,-3,-0.3,0.6133543559547467
3498,fdiv_fund,2,0.2,0.8064959405073402
3498,feve_fund,-8,-0.8,0.08641073297370003
3498,fdis_prob,-10,-1,0.02748633611151034
3498,fmpd_prob,-8,-0.8,0.08641073297370003
3498,raoq_fund,-8,-0.8,0.08641073297370003
3498,cwm_pc1,-10,-1,0.02748633611151034
3498,cwm_pc2,8,0.8,0.08641073297370003
3498,pd_prob_mctavish,10,1,0.02748633611151034
3498,mpd_prob_mctavish,10,1,0.02748633611151034
3499,corrected_richness,10,1,0.02748633611151034
3499,shannon,10,1,0.02748633611151034
3499,inv_simpson,10,1,0.02748633611151034
3499,trait_volume,-8,-0.8,0.08641073297370003
3499,trait_dispersion,-2,-0.2,0.8064959405073402
3499,rao_q,-8,-0.8,0.08641073297370003
3499,feve,10,1,0.02748633611151034
3499,fdiv,4,0.4,0.2888443663464849
3499,fric_prob,-2,-0.2,0.8064959405073402
3499,fdiv_fund,2,0.2,0.8064959405073402
3499,feve_fund,-10,-1,0.02748633611151034
3499,fdis_prob,-10,-1,0.02748633611151034
3499,fmpd_prob,-8,-0.8,0.08641073297370003
3499,raoq_fund,-10,-1,0.02748633611151034
3499,cwm_pc1,-10,-1,0.02748633611151034
3499,cwm_pc2,8,0.8,0.08641073297370003
3499,pd_prob_mctavish,10,1,0.02748633611151034
3499,mpd_prob_mctavish,10,1,0.02748633611151034
3568,corrected_richness,10,1,0.02748633611151034
3568,shannon,10,1,0.02748633611151034
3568,inv_simpson,10,1,0.02748633611151034
3568,trait_volume,-8,-0.8,0.08641073297370003
3568,trait_dispersion,-4,-0.4,0.4624327264504763
3568,rao_q,-6,-0.6,0.2206713619198468
3568,feve,10,1,0.02748633611151034
3568,fdiv,4,0.4,0.2888443663464849
3568,fric_prob,-3,-0.3,0.5790997419539188
3568,fdiv_fund,0,0,1
3568,feve_fund,-8,-0.8,0.08641073297370003
3568,fdis_prob,-10,-1,0.02748633611151034
3568,fmpd_prob,-6,-0.6,0.2206713619198468
3568,raoq_fund,-8,-0.8,0.08641073297370003
3568,cwm_pc1,-10,-1,0.02748633611151034
3568,cwm_pc2,8,0.8,0.08641073297370003
3568,pd_prob_mctavish,10,1,0.02748633611151034
3568,mpd_prob_mctavish,10,1,0.02748633611151034
3569,corrected_richness,10,1,0.02748633611151034
3569,shannon,10,1,0.02748633611151034
3569,inv_simpson,10,1,0.02748633611151034
3569,trait_volume,-8,-0.8,0.08641073297370003
3569,trait_dispersion,-4,-0.4,0.4624327264504763
3569,rao_q,-6,-0.6,0.2206713619198468
3569,feve,10,1,0.02748633611151034
3569,fdiv,4,0.4,0.2888443663464849
3569,fric_prob,-3,-0.3,0.5790997419539188
3569,fdiv_fund,0,0,1
3569,feve_fund,-8,-0.8,0.08641073297370003
3569,fdis_prob,-10,-1,0.02748633611151034
3569,fmpd_prob,-6,-0.6,0.2206713619198468
3569,raoq_fund,-8,-0.8,0.08641073297370003
3569,cwm_pc1,-10,-1,0.02748633611151034
3569,cwm_pc2,8,0.8,0.08641073297370003
3569,pd_prob_mctavish,10,1,0.02748633611151034
3569,mpd_prob_mctavish,10,1,0.02748633611151034
3570,corrected_richness,10,1,0.02748633611151034
3570,shannon,10,1,0.02748633611151034
3570,inv_simpson,10,1,0.02748633611151034
3570,trait_volume,-8,-0.8,0.08641073297370003
3570,trait_dispersion,-2,-0.2,0.8064959405073402
3570,rao_q,-6,-0.6,0.2206713619198468
3570,feve,10,1,0.02748633611151034
3570,fdiv,0,0,1
3570,fric_prob,-3,-0.3,0.6133543559547467
3570,fdiv_fund,2,0.2,0.8064959405073402
3570,feve_fund,-8,-0.8,0.08641073297370003
3570,fdis_prob,-10,-1,0.02748633611151034
3570,fmpd_prob,-8,-0.8,0.08641073297370003
3570,raoq_fund,-10,-1,0.02748633611151034
3570,cwm_pc1,-10,-1,0.02748633611151034
3570,cwm_pc2,8,0.8,0.08641073297370003
3570,pd_prob_mctavish,10,1,0.02748633611151034
3570,mpd_prob_mctavish,10,1,0.02748633611151034
3571,corrected_richness,10,1,0.02748633611151034
3571,shannon,10,1,0.02748633611151034
3571,inv_simpson,10,1,0.02748633611151034
3571,trait_volume,-8,-0.8,0.08641073297370003
3571,trait_dispersion,-2,-0.2,0.8064959405073402
3571,rao_q,-8,-0.8,0.08641073297370003
3571,feve,10,1,0.02748633611151034
3571,fdiv,0,0,1
3571,fric_prob,-3,-0.3,0.6133543559547467
3571,fdiv_fund,2,0.2,0.8064959405073402
3571,feve_fund,-10,-1,0.02748633611151034
3571,fdis_prob,-10,-1,0.02748633611151034
3571,fmpd_prob,-8,-0.8,0.08641073297370003
3571,raoq_fund,-10,-1,0.02748633611151034
3571,cwm_pc1,-10,-1,0.02748633611151034
3571,cwm_pc2,8,0.8,0.08641073297370003
3571,pd_prob_mctavish,10,1,0.02748633611151034
3571,mpd_prob_mctavish,10,1,0.02748633611151034
3641,corrected_richness,10,1,0.02748633611151034
3641,shannon,10,1,0.02748633611151034
3641,inv_simpson,10,1,0.02748633611151034
3641,trait_volume,-6,-0.6,0.2206713619198468
3641,trait_dispersion,-4,-0.4,0.4624327264504763
3641,rao_q,-6,-0.6,0.2206713619198468
3641,feve,10,1,0.02748633611151034
3641,fdiv,0,0,1
3641,fric_prob,-3,-0.3,0.5790997419539188
3641,fdiv_fund,0,0,1
3641,feve_fund,-8,-0.8,0.08641073297370003
3641,fdis_prob,-10,-1,0.02748633611151034
3641,fmpd_prob,-6,-0.6,0.2206713619198468
3641,raoq_fund,-8,-0.8,0.08641073297370003
3641,cwm_pc1,-10,-1,0.02748633611151034
3641,cwm_pc2,8,0.8,0.08641073297370003
3641,pd_prob_mctavish,10,1,0.02748633611151034
3641,mpd_prob_mctavish,10,1,0.02748633611151034
3642,corrected_richness,10,1,0.02748633611151034
3642,shannon,10,1,0.02748633611151034
3642,inv_simpson,10,1,0.02748633611151034
3642,trait_volume,-6,-0.6,0.2206713619198468
3642,trait_dispersion,-4,-0.4,0.4624327264504763
3642,rao_q,-6,-0.6,0.2206713619198468
3642,feve,10,1,0.02748633611151034
3642,fdiv,0,0,1
3642,fric_prob,-3,-0.3,0.6133543559547467
3642,fdiv_fund,2,0.2,0.8064959405073402
3642,feve_fund,-8,-0.8,0.08641073297370003
3642,fdis_prob,-10,-1,0.02748633611151034
3642,fmpd_prob,-6,-0.6,0.2206713619198468
3642,raoq_fund,-8,-0.8,0.08641073297370003
3642,cwm_pc1,-10,-1,0.02748633611151034
3642,cwm_pc2,8,0.8,0.08641073297370003
3642,pd_prob_mctavish,10,1,0.02748633611151034
3642,mpd_prob_mctavish,10,1,0.02748633611151034
