name,province,code,level,type,dept,city,adminarea,protect,area,years
上海崇明东滩鸟类,上海市,31411001,国家级,野生动物,林业部门,上海市,崇明县,迁徙水鸟及河口湿地生态系统,24155.0,19981116
上海九段沙湿地国家级自然保护区,上海市,31412002,国家级,湿地生态,环保部门,上海市,上海市浦东新区,湿地生态系统、濒危水生生物及鸟类,42020.0,20000306
上海长江口中华鲟,上海市,31423005,省级,湿地生态,农业部门,上海市,崇明县,中华鲟等珍稀鱼类,27600.0,20020427
上海金山三岛,上海市,31524004,省级,海洋海岸,海洋部门,上海市,金山区,海岛、中亚热带常绿阔叶林,46.0,19911005
龙血树保护区,云南省,53000199,---,---,---,云南省,,,0.0,0
小勐养保护区,云南省,53000200,---,---,---,云南省,,,0.0,0
泸西自然保护区,云南省,53000201,---,---,---,云南省,,,0.0,0
云南药山,云南省,53111002,国家级,森林生态,林业部门,云南省,巧家县,高山水源林及多种药用植物,20141.0,19840405
云南分水岭,云南省,53111006,国家级,森林生态,林业部门,云南省,金平,山地苔藓常绿阔叶林,42027.0,1986
云南永德大雪山,云南省,53111007,国家级,森林生态,林业部门,云南省,永德县,亚热带常绿阔叶林及野生动物,17541.0,19860320
云南黄连山,云南省,53111010,国家级,森林生态,林业部门,云南省,绿春县,亚热带常绿阔叶林、野生动植物,65058.0,19830427
云南文山,云南省,53111011,国家级,森林生态,林业部门,云南省,文山县、西畴县,岩溶中山南亚热带季风常绿阔叶林、亚热带山地苔藓常绿阔叶林以及野生动植物,26867.0,19800605
云南哀牢山,云南省,53111012,国家级,森林生态,林业部门,云南省,新平彝族傣族自治县、楚雄市、南华县、双柏县、景东彝族自治县、镇沅彝族哈尼族拉祜族自治县,中山湿性常绿阔叶林及黑冠长臂猿等野生动植物,67700.0,19880509
云南西双版纳,云南省,53111013,国家级,森林生态,林业部门,云南省,景洪市、勐海县、勐腊县,热带森林生态系统及珍稀野生动植物,241776.0,19581009
云南高黎贡山,云南省,53111015,国家级,森林生态,林业部门,云南省,保山、腾冲、泸水、福贡、景东、镇西、楚雄、双柏、南华等市县,森林植被垂直带谱、珍稀动植物,405200.0,19830101
云南大围山,云南省,53111016,国家级,森林生态,林业部门,云南省,屏边苗族自治县、河口瑶族自治县、个旧市、蒙自县,南亚热带常绿阔叶林及珍稀动物,43992.6,19860320
金平分水岭自然保护区,云南省,53111196,国家级,森林生态,林业部门,云南省,金平苗族瑶族傣族自治县,"南亚热带山地苔藓常绿阔叶林及珍稀动植物
珍稀濒危物种黑长臂猿、蜂猴等及森林生态系统",42027.0,19860601
云南纳板河国家级自然保护区,云南省,53112005,国家级,森林生态,环保部门,云南省,景洪,热带雨林、季雨林、季风常绿阔叶林,26067.0,2000
云南马关古林箐,云南省,53121017,省级,森林生态,林业部门,云南省,马关县,热带季雨林、雨林、石灰山季雨林及热带野生动物,6832.6,19821001
云南元阳观音山,云南省,53121018,省级,森林生态,林业部门,云南省,元阳县,亚热带中山苔藓常绿阔叶林,16187.0,19940527
云南麻栗坡马关老君山,云南省,53121021,省级,森林生态,林业部门,云南省,马关、麻栗坡,季风常绿阔叶林,4509.0,1986
云南龙陵小黑山,云南省,53121024,省级,森林生态,林业部门,云南省,龙陵县、保山市隆阳区,热带、亚热带低中山湿性常绿阔叶林,6293.4,19951012
云南菜阳河,云南省,53121025,省级,森林生态,林业部门,云南省,普洱市,热带雨林、季风常绿阔叶林,14892.0,19811101
云南永平金光寺,云南省,53121028,省级,森林生态,林业部门,云南省,永平县,半湿润常绿阔叶林生态系统,9584.0,19820331
云南轿子山国家级自然保护区,云南省,53121030,国家级,森林生态,林业部门,云南省,昆明市东川区、禄劝县,针叶林、中山湿性常绿阔叶林及珍稀动植,16456.0,19940331
云南糯扎渡,云南省,53121032,省级,森林生态,林业部门,云南省,普洱市,森林及野生动植物,18997.0,19971001
云南朝天马,云南省,53121034,省级,森林生态,林业部门,云南省,盐津、彝良,湿性常绿阔叶林生态系统,6294.0,1998
云南临沧澜沧江,云南省,53121035,省级,森林生态,林业部门,云南省,凤庆、临沧市临翔区、云县、双江、耿马等县区,森林植被、珍稀动植物,89504.0,19990612
云南南捧河,云南省,53121036,省级,森林生态,林业部门,云南省,镇康县,季风常绿阔叶林生态系统,36970.0,19960501
云南珠江源,云南省,53121037,省级,森林生态,林业部门,云南省,沾益县、宣威市,河流及森林生态系统,133149.6,19880602
云南兰坪云岭,云南省,53121038,省级,森林生态,林业部门,云南省,兰坪白族普米族自治县,寒温性原始森林生态及滇金丝猴、红豆衫等,75894.0,19980101
云南富宁驮娘江,云南省,53121039,省级,森林生态,林业部门,云南省,富宁县,水域湿地及岩溶山地热区森林生态系统,15725.0,20000901
云南哈巴雪山,云南省,53121041,省级,森林生态,林业部门,云南省,香格里拉县,高山森林生及珍稀动物滇金丝猴,21908.0,19850101
云南红河阿姆山,云南省,53121044,省级,森林生态,林业部门,云南省,红河县,"森林及野生动物
山地苔藓常绿阔叶林",14756.0,19951201
云南元江,云南省,53121045,省级,森林生态,林业部门,云南省,元江哈尼族彝族傣族自治县,干热河谷稀树灌木草丛、亚热带森林及野生动物,22378.9,19891001
云南楚雄紫溪山,云南省,53121047,省级,森林生态,林业部门,云南省,楚雄市,"森林生态系统及珍稀动植物
亚热带半湿润常绿阔叶林",16000.0,19940331
云南玉龙雪山,云南省,53121051,省级,森林生态,林业部门,云南省,玉龙纳西族自治县,冰川遗迹、高山森林、珍稀动植物,26000.0,19840501
云南雕翎山,云南省,53121052,省级,森林生态,林业部门,云南省,禄丰县,"森林生态系统及珍稀动植物
半湿润常绿阔叶林生态系统",613.0,19811201
云南永善三江口,云南省,53121059,省级,森林生态,林业部门,云南省,永善,湿性常绿阔叶林生态系统,680.0,1984
云南铜壁关,云南省,53121064,省级,森林生态,林业部门,云南省,盈江县、陇川县、瑞丽市,"印缅季雨林及亚洲象、长臂猿
为我国纬度最北的热带雨林、季雨林、季风常绿阔叶林生态系统及白眉长臂猿等野生动物",51650.5,19860320
云南西山国家森林公园,云南省,53121197,省级,森林生态,林业部门,云南省,,,0.0,0
云南武定狮子山森林公园,云南省,53121198,省级,森林生态,林业部门,云南省,,,0.0,0
建水燕子洞,云南省,53122050,省级,森林生态,其他部门,云南省,建水县,白腰雨燕繁殖种群及其生境、溶洞景观,1601.0,20020501
广南八宝,云南省,53122053,省级,地质遗迹,环保部门,云南省,广南县,河谷峰丛峰林及岩溶地貌,5232.0,19880101
普者黑,云南省,53122065,省级,森林生态,环保部门,云南省,丘北县,野生动植物、原生地貌、高原湖泊等,10746.0,20000901
鸡足山,云南省,53128023,省级,森林生态,其他部门,云南省,宾川县,森林生态、云南松、佛教古迹,10760.0,1981
云南轿子山,云南省,53128029,省级,森林生态,其他部门,云南省,东川市,森林生态系统,16704.0,1994
大龙洞,云南省,53128046,省级,森林生态,其他部门,云南省,昭通市, 水源林,134.0,1981
云南姚安花椒园,云南省,53131088,县市级,森林生态,林业部门,云南省,姚安县,"水源林、珍稀动物
半湿性常绿阔叶林",33193.0,20030401
云南盐津老黎山,云南省,53131108,县市级,森林生态,林业部门,云南省,盐津县,天然常绿山地湿性阔叶林,297.4,20030501
云南永德德党后山,云南省,53131109,县市级,森林生态,林业部门,云南省,永德,季风常绿阔叶林,7333.0,1990
云南新平磨盘山,云南省,53131110,县市级,森林生态,林业部门,云南省,新平彝族傣族自治县,中山湿润常绿阔叶林、云南松林,7454.0,19901101
云南弥勒西山,云南省,53131111,县市级,森林生态,林业部门,云南省,弥勒,半湿润常绿阔叶林,16110.0,1988
云南禄丰五台山,云南省,53131112,县市级,森林生态,林业部门,云南省,禄丰,半湿润常绿阔叶林,3526.0,1987
云南江城牛倮河,云南省,53131113,县市级,森林生态,林业部门,云南省,江城哈尼族彝族自治县,森林生态系统及野生动物,4693.0,19831001
云南新平哀牢山,云南省,53131114,县市级,森林生态,林业部门,云南省,新平彝族傣族自治县,中山湿润常绿阔叶林,9978.0,19920801
云南昌宁天坛山,云南省,53131115,县市级,森林生态,林业部门,云南省,昌宁,森林和野生动物,6350.0,1997
云南双柏恐龙河,云南省,53131116,县市级,森林生态,林业部门,云南省,双柏县,"水源涵养林
热带季雨林",10235.0,20030401
云南玉白顶,云南省,53131118,县市级,森林生态,林业部门,云南省,新平,水源林,6933.0,2003
云南峨山肥高鲁山,云南省,53131119,县市级,森林生态,林业部门,云南省,峨山,半湿润常绿阔叶林,5260.0,1991
云南镇雄以拉,云南省,53131120,县市级,森林生态,林业部门,云南省,镇雄县,南方红豆杉及其生境,685.0,20030501
云南镇雄袁家湾,云南省,53131121,县市级,森林生态,林业部门,云南省,镇雄县,森林及珍稀野生动植物,1634.0,19800601
云南威信大雪山,云南省,53131122,县市级,森林生态,林业部门,云南省,威信县,森林及珙桐、岩羊、黑熊等珍稀动植物,2153.3,20011001
云南盐津白老林,云南省,53131123,县市级,森林生态,林业部门,云南省,盐津县,云豹、红豆杉及森林植被,2200.0,20030501
云南大关罗汉坝,云南省,53131124,县市级,森林生态,林业部门,云南省,大关,天然常绿山地湿性阔叶林,6913.0,2003
云南双柏白竹山,云南省,53131125,县市级,森林生态,林业部门,云南省,双柏县,"森林生态系统及珍稀动物
半湿性常绿阔叶林",8394.0,19840101
云南姚安大尖山,云南省,53131126,县市级,森林生态,林业部门,云南省,姚安县,"水源林、珍稀动物
中山湿性常绿阔叶林",9085.1,20030401
云南永善五莲峰,云南省,53131127,县市级,森林生态,林业部门,云南省,永善县,森林及云南红豆杉及云豹、黑熊等野生动物,35420.0,20030501
云南易门龙泉,云南省,53131129,县市级,森林生态,林业部门,云南省,易门,水源林,111367.0,20031201
云南绥江二十四岗,云南省,53131131,县市级,森林生态,林业部门,云南省,绥江,天然常绿山地湿性阔叶林,24349.0,2003
云南江川大龙潭,云南省,53131132,县市级,森林生态,林业部门,云南省,江川县,水源涵养林,6659.0,20040801
竹山总山神,云南省,53131134,县市级,森林生态,林业部门,云南省,宜良县,半湿润常绿阔叶林,933.0,20021201
九乡麦田河,云南省,53131135,县市级,森林生态,林业部门,云南省,宜良县,半湿润常绿阔叶林,1867.0,20021201
汤池老爷山,云南省,53131136,县市级,森林生态,林业部门,云南省,宜良县,半湿润常绿阔叶林,1333.0,20021201
云南通海秀山,云南省,53131137,县市级,森林生态,林业部门,云南省,通海,半湿性常绿阔叶林,9269.0,20010801
云南师宗丁累大箐,云南省,53131138,县市级,森林生态,林业部门,云南省,师宗,动植物资源,293.0,20000402
云南麒麟青峰山,云南省,53131139,县市级,森林生态,林业部门,云南省,曲靖市麒麟区,古建筑、阔叶林,1110.0,20000302
云南峨山山后茶厂,云南省,53131140,县市级,森林生态,林业部门,云南省,峨山,半湿润常绿阔叶林,1839.0,1990
云南峨山红石岩,云南省,53131142,县市级,森林生态,林业部门,云南省,峨山,半湿润常绿阔叶林,656.0,1990
云南景洪热带雨林,云南省,53131143,县市级,森林生态,林业部门,云南省,景洪市,热带森林,48543.0,19990601
云南峨山近山面山,云南省,53131144,县市级,森林生态,林业部门,云南省,峨山,森林生态系统,8841.0,1998
云南澄江梁王山,云南省,53131145,县市级,森林生态,林业部门,云南省,澄江县,野生花卉云南松林,2285.0,19990601
云南个旧董棕林,云南省,53131147,县市级,野生植物,林业部门,云南省,个旧市,董棕林,160.0,19990101
云南墨江黑山,云南省,53131148,县市级,森林生态,林业部门,云南省,墨江,季风常绿阔叶林、思茅松,14667.0,1995
云南普洱松山,云南省,53131149,县市级,森林生态,林业部门,云南省,宁洱哈尼族彝族自治县,水源林及动植物,2700.0,19941101
云南峨山棚租雨来救,云南省,53131150,县市级,森林生态,林业部门,云南省,峨山,半湿润常绿阔叶林,5004.0,1992
云南牟定白马山,云南省,53131151,县市级,森林生态,林业部门,云南省,牟定县,"森林生态系统及珍稀动物
中山湿性常绿阔叶林",15508.0,20030401
云南西畴鸡冠梁子,云南省,53131153,县市级,森林生态,林业部门,云南省,西畴,常绿阔叶林,100.0,1982
云南富宁干南大箐,云南省,53131154,县市级,森林生态,林业部门,云南省,富宁,常绿阔叶林,667.0,1982
云南富宁里拱大箐,云南省,53131155,县市级,森林生态,林业部门,云南省,富宁,常绿阔叶林,1333.3,1982
云南马关马洒箐,云南省,53131156,县市级,森林生态,林业部门,云南省,马关,常绿阔叶林,154.0,1982
云南獐子岩大箐,云南省,53131157,县市级,森林生态,林业部门,云南省,马关,常绿阔叶林,100.0,1982
云南马关马西箐,云南省,53131159,县市级,森林生态,林业部门,云南省,马关,常绿阔叶林,1000.0,1982
云南永善小岩方,云南省,53131160,县市级,森林生态,林业部门,云南省,永善,天然常绿山地湿性阔叶林,9698.0,2003
云南高楼大箐,云南省,53131162,县市级,森林生态,林业部门,云南省,富宁,常绿阔叶林,400.0,1982
云南西畴保崔大箐,云南省,53131163,县市级,森林生态,林业部门,云南省,西畴,常绿阔叶林,53.0,1982
云南马关倮洒大箐,云南省,53131164,县市级,森林生态,林业部门,云南省,马关,常绿阔叶林,27.0,1982
云南麻栗坡普弄大箐,云南省,53131165,县市级,森林生态,林业部门,云南省,麻栗坡,季风常绿阔叶林,87.0,1982
云南麻栗坡次竹坝,云南省,53131166,县市级,森林生态,林业部门,云南省,麻栗坡,季风常绿阔叶林,88.0,1982
云南麻栗坡下兴箐,云南省,53131167,县市级,森林生态,林业部门,云南省,麻栗坡,季风常绿阔叶林,192.0,1982
云南牟定化佛山,云南省,53131168,县市级,森林生态,林业部门,云南省,牟定县,"森林生态系统及珍稀动物
半湿润常绿阔叶林",667.0,19820501
云南永仁方山,云南省,53131169,县市级,森林生态,林业部门,云南省,永仁县,"森林及自然风景
半湿润常绿阔叶林",667.0,19820501
云南麻栗坡火烧梁子,云南省,53131170,县市级,森林生态,林业部门,云南省,麻栗坡,季风常绿阔叶林,767.0,1982
云南大姚昙华山,云南省,53131171,县市级,森林生态,林业部门,云南省,大姚县,"森林及自然风景
半湿润常绿阔叶林",1231.4,19820501
云南楚雄樟木箐,云南省,53131172,县市级,森林生态,林业部门,云南省,禄丰、楚雄,半湿润常绿阔叶林,3631.0,1982
云南西畴齐湾箐,云南省,53131173,县市级,森林生态,林业部门,云南省,西畴,常绿阔叶林,67.0,1982
云南红塔山,云南省,53131175,县市级,森林生态,林业部门,云南省,玉溪市,森林植被及水源涵养林,5696.0,20011201
云南通海秀山,云南省,53131176,县市级,森林生态,林业部门,云南省,通海,半湿润常绿阔叶林生态系统,9269.0,20010801
云南弥渡天生营,云南省,53131177,县市级,森林生态,林业部门,云南省,弥渡县,森林、野生动植物及历史文化遗址,13000.0,20011001
云南马关达豹箐,云南省,53131178,县市级,森林生态,林业部门,云南省,马关,常绿阔叶林,666.7,1982
云南水富铜锣坝,云南省,53131179,县市级,森林生态,林业部门,云南省,水富县,森林及野生动植物,2484.0,19880101
云南永平博南山,云南省,53131180,县市级,森林生态,林业部门,云南省,永平县,"森林及古树名木、文物遗迹
半湿润常绿阔叶林",18000.0,20011001
云南晋宁双河磨南德,云南省,53131181,县市级,森林生态,林业部门,云南省,晋宁,半湿润常绿阔叶林,31667.0,1990
云南弥渡大黑山,云南省,53131182,县市级,森林生态,林业部门,云南省,弥渡县,森林植被、水源涵养林及野生动物,14000.0,20011001
云南南涧土林,云南省,53131183,县市级,地质遗迹,林业部门,云南省,南涧彝族自治县,"土林景观
地质地貌景观",500.0,19880901
云南祥云水目山,云南省,53131184,县市级,森林生态,林业部门,云南省,祥云县,"古山茶、森林植被
名胜古迹、半湿润常绿林",1500.0,19880701
云南剑川石宝山,云南省,53131185,县市级,森林生态,林业部门,云南省,剑川县,"名胜古迹、半湿润常绿林
原始阔叶林、风景资源",2800.0,19880701
云南弥渡太极顶,云南省,53131186,县市级,森林生态,林业部门,云南省,弥渡县,水源涵养林、半湿润常绿阔叶林,2673.0,19880901
云南楚雄三峰山,云南省,53131187,县市级,森林生态,林业部门,云南省,楚雄市,"水源林、珍稀动物
半湿润常绿阔叶林",41415.0,20010101
云南南涧凤凰山,云南省,53131188,县市级,野生动物,林业部门,云南省,南涧彝族自治县,"半湿润常绿阔叶林
迁徙候鸟及其生境",2500.0,19880901
云南漾濞雪山河,云南省,53131189,县市级,森林生态,林业部门,云南省,漾濞彝族自治县,常绿阔叶林及野生核桃林,1000.0,19880901
云南鹤庆朝霞,云南省,53131192,县市级,地质遗迹,林业部门,云南省,鹤庆县,地貌景观、地下水资源,800.0,19880901
云南永平永国寺,云南省,53131193,县市级,森林生态,林业部门,云南省,永平,"华山松、野茶树、小熊猫
半湿润常绿阔叶林",672.0,19830701
西罗坪,云南省,53132066,县市级,森林生态,环保部门,云南省,洱源县,森林植被及野生动物,10000.0,20011001
翠坪山,云南省,53132067,县市级,森林生态,环保部门,云南省,兰坪白族普米族自治县,森林生态、自然景观及历史遗迹,8600.0,20000601
牛过河,云南省,53132078,县市级,森林生态,环保部门,云南省,曲靖市, 水源涵养林及水生生态系统,6600.0,2002
大龙口,云南省,53132084,县市级,森林生态,环保部门,云南省,易门县, 水源涵养林,11186.0,2002
木乃河水源,云南省,53132089,县市级,森林生态,环保部门,云南省,盈江县, 水源、森林生态,4200.0,1998
瑞丽江流域,云南省,53132092,县市级,森林生态,环保部门,云南省,瑞丽市, 侯鸟及其生境、季节性雨林,73500.0,1992
鹤庆龙华山,云南省,53132095,县市级,森林生态,环保部门,云南省,鹤庆县,十八寺遗址及原始森林植被,2500.0,20011001
富和山,云南省,53132098,县市级,森林生态,环保部门,云南省,福贡县, 森林及野生动物,37000.0,1998
黑虎山,云南省,53132101,县市级,森林生态,环保部门,云南省,洱源县,森林植被及野生动物,9000.0,20011001
跃进水库,云南省,53136077,县市级,森林生态,水利部门,云南省,建水县, 水源林,17520.0,1997
沪西县板桥,云南省,53136079,县市级,森林生态,水利部门,云南省,红河哈尼族彝族自治州, 森林及野生动物,2000.0,2002
新村水库,云南省,53136083,县市级,森林生态,水利部门,云南省,峨山县, 水源林,1786.0,1998
芒究水库水源,云南省,53136091,县市级,森林生态,水利部门,云南省,潞西市, 水源涵养林,3170.0,1991
双河、磨南德水源,云南省,53136106,县市级,森林生态,水利部门,云南省,晋宁县, 水源涵养林及水源,31667.0,1990
南洞,云南省,53138068,县市级,森林生态,环保部门,云南省,开远市,水源涵养林,267.0,20000101
石宝山,云南省,53138069,县市级,森林生态,其他部门,云南省,剑川县, 原始阔叶林、风景资源,2800.0,1988
狮子山,云南省,53138080,县市级,森林生态,其他部门,云南省,武定县,自然风景、森林,1360.0,19820501
楚雄西山,云南省,53138082,县市级,森林生态,其他部门,云南省,楚雄市,森林资源及自然景观,3550.4,19820501
红塔山,云南省,53138086,县市级,森林生态,其他部门,云南省,玉溪市, 森林及水源,5696.0,2001
梁河后山,云南省,53138090,县市级,森林生态,其他部门,云南省,梁河县, 水源涵养林,1000.0,1998
巍宝山,云南省,53138102,县市级,森林生态,其他部门,云南省,巍山彝族回族自治县,森林及风景资源,2000.0,19880901
隆庆鸟道雄关,云南省,53138103,县市级,森林生态,其他部门,云南省,巍山彝族回族自治县,森林植被、迁徙候鸟,1080.0,20011001
云南雪山河水源涵养林,云南省,53138104,县市级,森林生态,环保部门,云南省,漾濞彝族自治县,常绿阔叶林及野生核桃林,1000.0,19880901
云南大山包,云南省,53411008,国家级,湿地生态,林业部门,云南省,昭通,黑颈鹤及其越冬湿地生态系统,19200.0,1990
云南苍山洱海国家级自然保护区,云南省,53412003,国家级,湿地生态,环保部门,云南省,大理、漾濞,"冰川遗迹、名胜古迹、森林及高原湖泊生态系统
断层湖泊、苍山冷杉、杜鹃林",79700.0,19811106
云南泸沽湖,云南省,53421022,省级,湿地生态,林业部门,云南省,宁蒗,高原深水湖泊,8133.0,1986
云南纳帕海,云南省,53421031,省级,野生动物,林业部门,云南省,香格里拉县,高原季节性湖泊、沼泽草甸。黑颈鹤等珍稀越冬水禽及栖息环境,2400.0,19850101
云南拉市海,云南省,53421033,省级,湿地生态,林业部门,云南省,丽江,高原湖泊、高原人工湖,6523.0,1997
云南碧塔海,云南省,53421055,省级,森林生态,林业部门,云南省,香格里拉县,高山针叶林、高原湖泊及野生动物,14133.0,19820101
云南沾溢海峰,云南省,53421060,省级,湿地生态,林业部门,云南省,沾益县,喀斯特地貌、森林及野生动植物,26610.0,20010401
云南剑湖自然保护区,云南省,53421194,省级,湿地生态,林业部门,云南省,剑州县,湿地,4630.0,2001
滇池,云南省,53428026,省级,湿地生态,其他部门,云南省,东川市,高原湖泊、名胜古迹,143100.0,1981
松花坝,云南省,53428062,省级,湿地生态,其他部门,云南省,嵩明县, 饮水水源,62980.0,1981
云南南涧大龙潭,云南省,53431128,县市级,湿地生态,林业部门,云南省,南涧彝族自治县,"高原人工湖及湖周森林生态系统
水源涵养林",1073.0,20011001
云南师宗大堵水库,云南省,53431130,县市级,湿地生态,林业部门,云南省,师宗县,"饮用水源
人工湿地生态系统",160.0,19990601
云南师宗东风水库,云南省,53431141,县市级,湿地生态,林业部门,云南省,师宗,湿地生态系统及饮用水源,4960.0,19990601
云南潞西弄坎,云南省,53431146,县市级,湿地生态,林业部门,云南省,潞西,珍稀水禽,851.0,1997
云南洱源茨碧湖,云南省,53431191,县市级,湿地生态,林业部门,云南省,洱源,高原湖泊及湖周森林景观,800.0,1988
勐梭龙潭,云南省,53432071,县市级,湿地生态,其他部门,云南省,西盟佤族自治县,饮用水源,4200.0,19820501
坝卡河,云南省,53432075,县市级,湿地生态,环保部门,云南省,墨江哈尼族自治县,饮用水源,3500.0,19950901
北海湿地,云南省,53432093,县市级,湿地生态,环保部门,云南省,腾冲县,湿地生态系统,1629.0,20000601
洱源西湖,云南省,53432097,县市级,湿地生态,环保部门,云南省,洱源县, 湿地及生态系统,700.0,2001
茨碧湖,云南省,53432099,县市级,湿地生态,环保部门,云南省,洱源县, 湖泊及水生生物,800.0,1988
母屯海湿地,云南省,53432107,县市级,湿地生态,环保部门,云南省,鹤庆县,湿地生态系统及越冬水禽,400.0,20011001
镇沅湾河,云南省,53436072,县市级,湿地生态,水利部门,云南省,镇沅彝族哈尼族拉祜族自治县,饮用水源,5000.0,19950501
菊河饮用水源,云南省,53436073,县市级,湿地生态,水利部门,云南省,景东县, 饮用水源,2000.0,1999
思茅饮用水源,云南省,53436087,县市级,湿地生态,水利部门,云南省,思茅市, 饮用水源,18000.0,1994
云南黄草坪,云南省,53438076,县市级,湿地生态,环保部门,云南省,马龙县,饮用水源,2950.0,20000102
云南无量山,云南省,53611001,国家级,森林生态,林业部门,云南省,景东彝族自治县、南涧彝族自治县、大理市,亚热带常绿阔叶林、黑冠长臂猿等珍稀动物及栖息地,30938.1,19860320
云南白马雪山,云南省,53611004,国家级,森林生态,林业部门,云南省,德钦县、维西傈僳族自治县,"高山针叶林、滇金丝猴
及栖息的多种动植物",276400.0,19840101
云南南滚河,云南省,53611014,国家级,野生动物,林业部门,云南省,沧源佤族自治县、耿马县,亚洲象、孟加拉虎及森林生态系统,50887.0,19800316
云南会泽黑颈鹤国家级自然保护区,云南省,53612009,国家级,野生动物,环保部门,云南省,会泽县,黑颈鹤及湿地生态系统,12910.64,19940301
云南巍山青华,云南省,53621040,省级,野生动物,林业部门,云南省,巍山,绿孔雀及其栖息环境,1000.0,1988
会泽黑颈鹤,云南省,53622042,省级,野生动物,环保部门,云南省,会泽县, 黑颈鹤及其他水禽,8800.0,1986
青华,云南省,53628027,省级,野生动物,其他部门,云南省,巍山自治县, 绿孔雀等珍稀动物,1000.0,1988
云南巍山隆庆鸟道雄关,云南省,53631117,县市级,野生动物,林业部门,云南省,巍山彝族回族自治县,"森林植被、迁徙候鸟
候鸟迁徙地",1080.0,20011001
云南罗平万峰山,云南省,53631133,县市级,野生动物,林业部门,云南省,罗平,猕猴,58327.0,19990201
云南大理凤阳,云南省,53631174,县市级,野生动物,林业部门,云南省,大理,古榕树、鸳鸯,67.0,1988
云南洱源罗平鸟吊山,云南省,53631190,县市级,野生动物,林业部门,云南省,洱源,迁徒候鸟及自然景观,900.0,1988
罗平鸟吊山,云南省,53632100,县市级,野生动物,环保部门,云南省,洱源县,迁徙候鸟及自然景观,900.0,19880701
风阳鹭鸶,云南省,53638070,县市级,野生动物,其他部门,云南省,大理市, 鹭鸶、古榕树,67.0,1988
蝴蝶泉,云南省,53638105,县市级,野生动物,其他部门,云南省,大理市,蝴蝶及其生境,500.0,19880901
云南孟连竜山,云南省,53721019,省级,野生植物,林业部门,云南省,孟连傣族拉祜族佤族自治县,小花龙血树及其生境,54.0,19860301
云南富源十八连山,云南省,53721020,省级,野生植物,林业部门,云南省,富源县,云南山茶种质基地及野山茶群落,1212.0,19850701
云南景谷威远江,云南省,53721048,省级,野生植物,林业部门,云南省,景谷傣族彝族自治县,思茅松原始林及懒猴等野生动物,7653.0,19811001
云南云龙天池,云南省,53721049,国家级,森林生态,林业部门,云南省,云龙县,云南松林、高原湖泊及珍稀动物,14475.0,19830401
云南会泽驾车,云南省,53721056,省级,野生植物,林业部门,云南省,会泽县,华山松种质资源,8282.0,19840101
云南彝良海子坪,云南省,53721058,省级,野生植物,林业部门,云南省,彝良,野生楠竹（毛竹）林、筇竹林、小熊猫,2782.0,1984
云南禄劝菩渡河,云南省,53721061,省级,野生植物,林业部门,云南省,禄劝,攀枝花苏铁群落及干热河谷生境,11.0,1984
孟连音山,云南省,53722057,省级,野生植物,环保部门,云南省,孟连县, 小花龙血树及其生境,54.0,1986
云南会泽鲁纳黄杉,云南省,53731152,县市级,野生植物,林业部门,云南省,会泽县,黄杉及其生境,1146.0,20001202
云南师宗菌子山,云南省,53731158,县市级,野生植物,林业部门,云南省,师宗,杜鹃,3067.0,20010501
云南西畴董棕箐,云南省,53731161,县市级,野生植物,林业部门,云南省,西畴,珍稀植物,333.0,1982
泗南江桫椤,云南省,53732074,县市级,野生植物,环保部门,云南省,墨江县,桫椤及其生境,5603.0,2001
梅树村,云南省,53822054,省级,地质遗迹,环保部门,云南省,晋宁县,中国震旦系寒武系界线层剖面,58.0,19811101
石林,云南省,53828063,省级,地质遗迹,其他部门,云南省,石林县, 岩溶地貌,35000.0,1981
腾冲地热火山,云南省,53832094,县市级,地质遗迹,环保部门,云南省,腾冲县,地热火山等自然景观,12990.0,20000301
元谋土林,云南省,53838081,县市级,地质遗迹,其他部门,云南省,元谋县,土林地质遗迹,1992.0,20000501
脚家店恐龙化石,云南省,53838085,县市级,地质遗迹,其他部门,云南省,易门县,恐龙化石,1000.0,19870901
陆良彩色沙林,云南省,53838096,县市级,地质遗迹,其他部门,云南省,陆良县,自然生态景观,5280.0,20000102
帽天山,云南省,53927043,省级,古生物遗迹,国土部门,云南省,澄江县,寒武纪古生物化石,450.0,19971201
凤阳鹭鸶,云南省,滇122,县市级,野生动物,其他部门,云南省,大理市,鹭鸶鸟、古榕树,67.0,19880901
青华绿孔雀,云南省,滇133,省级,野生动物,环保部门,云南省,巍山彝族回族自治县,绿孔雀等珍稀动物,1000.0,19880905
麒麟五台山,云南省,滇14,县市级,森林生态,林业部门,云南省,曲靖市麒麟区,森林景观,1190.0,20000302
翠峰山,云南省,滇13,县市级,森林生态,林业部门,云南省,曲靖市麒麟区,半湿润常绿阔叶林,1129.0,20020301
朗目山,云南省,滇11,县市级,森林生态,林业部门,云南省,曲靖市麒麟区,半湿润常绿阔叶林及古建筑群,900.0,20000302
廖郭山,云南省,滇15,县市级,森林生态,林业部门,云南省,曲靖市麒麟区,半湿润常绿阔叶林,1453.0,20020301
翠云山,云南省,滇23,县市级,森林生态,林业部门,云南省,师宗县,半湿润常绿阔叶林,10.6,20000401
大山包黑颈鹤,云南省,滇50,国家级,野生动物,林业部门,云南省,昭通市昭阳区,黑颈鹤等珍禽及其生境,19200.0,19900101
宁蒗泸沽湖,云南省,滇66,省级,湿地生态,林业部门,云南省,宁蒗彝族自治县,高原湖泊、高山森林及水禽,8133.0,19860301
拉市海高原湿地,云南省,滇64,省级,湿地生态,林业部门,云南省,玉龙纳西族自治县,高原湿地生态系统、特有珍稀濒危动植物,6523.0,19971008
双河磨南德水源,云南省,滇08,县市级,森林生态,林业部门,云南省,晋宁县,半湿润常绿阔叶林及云南松林,23503.0,19900101
德党后山水源林,云南省,滇81,县市级,森林生态,林业部门,云南省,永德县,亚热带常绿阔叶林,7331.0,19840101
云南纳板河流域,云南省,滇119,国家级,森林生态,环保部门,云南省,景洪市、勐海县,热带季雨林及野生动植物,26600.0,19910705
乌蒙山,云南省,滇57,国家级,森林生态,林业部门,云南省,大关县、永善县、彝良县、盐津县,森林生态系统，天然毛竹林群落、天麻原生,26186.65,19840101
麻栗坡老山,云南省,滇111,省级,森林生态,林业部门,云南省,麻栗坡县,滇东南热带山地季风常绿阔叶林、珍稀动植,20500.0,20050101
麻栗坡老君山,云南省,滇110,省级,森林生态,林业部门,云南省,麻栗坡县、马关县,季风常绿阔叶林、山地苔藓常绿阔叶林,4509.0,19811101
横河梁子,云南省,滇03,县市级,野生动物,林业部门,云南省,晋宁县,黑颈鹤及其栖息地,20917.0,20000101
寻甸黑颈鹤,云南省,滇07,县市级,野生动物,林业部门,云南省,寻甸县,黑颈鹤及其栖息地,7217.3,20000115
勐科河流域,云南省,滇151,县市级,森林生态,环保部门,云南省,梁河县,水源涵养林,3070.0,19980401
剑湖湿地,云南省,滇147,省级,湿地生态,环保部门,云南省,剑川县,湿地生态系统及候鸟,4630.28,20010201
海西海,云南省,滇145,县市级,森林生态,环保部门,云南省,洱源县,水源涵养林及野生动植物,14000.0,20040401
珠江水系,云南省,滇09,县市级,野生动物,农业部门,云南省,曲靖市,金线鲃、暗色唇鲮等特有土著鱼类,870.0,20061001
金沙江水系,云南省,滇10,县市级,野生动物,农业部门,云南省,曲靖市,长薄鳅、金线鲃等特有土著鱼类,2500.0,20061001
潇湘谷,云南省,滇16,县市级,森林生态,林业部门,云南省,曲靖市麒麟区,植物资源,2579.0,20080801
鲁布革,云南省,滇24,县市级,森林生态,林业部门,云南省,罗平县,野生动植物,7000.0,19990101
布龙,云南省,滇120,县市级,森林生态,林业部门,云南省,景洪市,热带野生动植物资源,35333.0,20081001
登楼山,云南省,滇37,县市级,森林生态,林业部门,云南省,华宁县,野生动植物,6144.0,20040625
易门翠柏,云南省,滇39,县市级,森林生态,林业部门,云南省,易门县,古翠柏林、黄杉林及半湿润常绿阔叶林,7800.0,20001201
玉白顶林场,云南省,滇41,县市级,森林生态,林业部门,云南省,峨山彝族自治县,水源林,6933.0,20031201
昌宁澜沧江,云南省,滇49,县市级,森林生态,林业部门,云南省,昌宁县,森林生态系统及野生动植物,6350.0,19970801
澜沧江－湄公河,云南省,滇116,县市级,野生动物,农业部门,云南省,西双版纳傣族自治州,鼋、双孔鱼及其生境,67.0,20051201
罗梭江鱼类,云南省,滇117,县市级,野生动物,农业部门,云南省,西双版纳傣族自治州,水生野生动物及其生境,720.0,20070418
鲁甸黄杉铁杉,云南省,滇51,县市级,野生植物,林业部门,云南省,鲁甸县,黄杉、铁杉,8.0,20061201
巧家马树,云南省,滇52,县市级,湿地生态,林业部门,云南省,巧家县,黑颈鹤及其越冬湿地生态系统,403.0,20070201
金沙江绥江段特有鱼类,云南省,滇58,县市级,野生动物,农业部门,云南省,绥江县,胭脂鱼、岩原鲤等水生野生动物,1024.0,20080101
二十四冈,云南省,滇59,县市级,森林生态,林业部门,云南省,绥江县,天然林,13003.0,20030501
墨江桫椤,云南省,滇71,省级,野生植物,环保部门,云南省,墨江哈尼族自治县,桫椤及其生境,6222.0,20010101
南垒河,云南省,滇77,县市级,野生动物,农业部门,云南省,孟连傣族拉祜族佤族自治县,水生野生动物,200.0,20041001
佛殿山,云南省,滇78,县市级,森林生态,林业部门,云南省,西盟佤族自治县,水源林,1370.0,19950927
樟水箐,云南省,滇99,县市级,森林生态,林业部门,云南省,禄丰县,森林及珍稀动物,3550.0,19820501
南溪河,云南省,滇108,县市级,野生动物,农业部门,云南省,河口瑶族自治县,鼋、水獭、斑鳖、山瑞鳖等水生野生动物,175.0,20070111
云南昆明,云南省,53000202,---,---,---,云南省,,,0.0,0
内蒙古大兴安岭汗马,内蒙古省,15111003,国家级,森林生态,林业部门,内蒙古省,根河市,寒温带苔原山地明亮针叶林原始生态系统,107348.0,19790501
内蒙古白音敖包,内蒙古省,15111004,国家级,森林生态,林业部门,内蒙古省,克什克滕旗,沙地云衫林,13862.0,19791004
内蒙古大青沟,内蒙古省,15111005,国家级,森林生态,林业部门,内蒙古省,科尔沁左翼后旗,"沙地原生森林生态系统和天然阔叶林
水曲柳及沟壑阔叶林",8183.0,19880509
内蒙古黑里河,内蒙古省,15111006,国家级,森林生态,林业部门,内蒙古省,宁城县,天然油松林生态系统、金钱豹、黑熊、金雕、勺鸡等重点野生动物和生物多样性,27638.0,19961229
内蒙古赛罕乌拉,内蒙古省,15111015,国家级,森林生态,林业部门,内蒙古省,巴林右旗,"森林生态系统及马鹿等野生动物
青羊、猞猁、马鹿金雕、黑鹳、大鸨等野生动物和森林、草原生态系统",100400.0,19970401
内蒙古贺兰山,内蒙古省,15111017,国家级,森林生态,林业部门,内蒙古省,阿拉善左旗,水源涵养林、野生动植物,67710.6,19920513
内蒙古额尔古纳,内蒙古省,15111019,国家级,森林生态,林业部门,内蒙古省,额尔古纳市,寒温带针叶林生态系统,106000.0,2003
内蒙古红花尔基樟子松林,内蒙古省,15111021,国家级,森林生态,林业部门,内蒙古省,鄂温克族自治旗,樟子松林及森林生态系统,20085.0,19980501
内蒙古大黑山国家级自然保护区,内蒙古省,15112011,国家级,森林生态,环保部门,内蒙古省,敖汉旗,天然阔叶林,86799.0,19960901
内蒙古大青山,内蒙古省,15121026,国家级,森林生态,林业部门,内蒙古省,呼和浩特市,森林生态系统,388577.0,19961216
内蒙古青山,内蒙古省,15121029,国家级,森林生态,林业部门,内蒙古省,科尔沁右翼前旗,"森林生态系统
森林向草原过度带上的蒙古栎黑桦为主的温带落叶林极其赖以生存的珍惜物种",26989.0,20030301
内蒙古黄岗梁,内蒙古省,15121031,省级,森林生态,林业部门,内蒙古省,克什克腾旗,森林生态系统,38307.0,20041201
内蒙古桦木沟,内蒙古省,15121032,省级,森林生态,林业部门,内蒙古省,克什克腾旗,森林生态系统,41858.0,20041201
内蒙古杜拉尔,内蒙古省,15121033,省级,森林生态,林业部门,内蒙古省,阿尔山市,"天然次生林
森林生态系统为主、湿地生态系统",38567.0,19970101
内蒙古大兴安岭阿鲁,内蒙古省,15121040,省级,森林生态,林业部门,内蒙古省,根河市,"森林及野生动物
原生性寒温带明亮针叶林森林生态系统和国家重点保护野生动物物种",64386.0,20010101
内蒙古乌拉山,内蒙古省,15121041,省级,森林生态,林业部门,内蒙古省,乌拉特前旗,侧柏林及天然次生林生态系统,83159.6,20030301
内蒙古蒙格罕山,内蒙古省,15121043,省级,森林生态,林业部门,内蒙古省,科尔沁右翼中旗,"森林生态系统
森林、草原人文古迹及珍稀动植物",20855.0,20030301
内蒙古高格斯台罕乌拉,内蒙古省,15121044,国家级,森林生态,林业部门,内蒙古省,阿鲁科尔沁旗,"森林、草原、湿地生态系统及珍稀动物
过渡带森林草原生态系统",106284.0,19971127
内蒙古乌兰坝-石棚沟,内蒙古省,15121046,省级,森林生态,林业部门,内蒙古省,巴林左旗,过渡带森林草原生态系统,118517.0,1997
内蒙古老头山,内蒙古省,15121049,省级,野生动物,林业部门,内蒙古省,突泉县,"野生动物及其生境
大兴安岭中段森林生态系统",31442.0,19970801
内蒙古苏木山,内蒙古省,15121053,省级,森林生态,林业部门,内蒙古省,兴和县,次生林及野生动植物,16700.0,19991101
内蒙古阿尔山石塘林,内蒙古省,15121059,省级,森林生态,林业部门,内蒙古省,阿尔山市,森林生态系统和珍贵兴安落叶松、泥炭藓沼泽湿地,28914.0,2002
内蒙古罕山,内蒙古省,15121067,国家级,森林生态,林业部门,内蒙古省,通辽市、扎鲁特旗,山杨、黑桦、白桦、落叶松、大鸨、金雕、棕熊、雪兔、黄羊、马鹿,91333.0,1996
内蒙古代钦塔垃五角枫,内蒙古省,15121068,省级,草原草甸,林业部门,内蒙古省,科尔沁右翼中旗,"草原生态系统及珍禽
五角枫榆树草原珍禽栖息地",61641.3,20010101
内蒙古维纳河,内蒙古省,15121073,省级,森林生态,林业部门,内蒙古省,鄂温克族自治旗,"草原生态系统及矿泉
樟子松次生林及草甸",125564.0,19981101
内蒙古梅力更,内蒙古省,15121074,省级,森林生态,林业部门,内蒙古省,包头市九原区,斑羚及天然侧柏林,15268.0,20001201
内蒙古九峰山,内蒙古省,15121075,省级,森林生态,林业部门,内蒙古省,土右旗,油松次生林,67920.0,2001
内蒙古海拉尔西山,内蒙古省,15121076,省级,森林生态,林业部门,内蒙古省,呼伦贝尔市,原生古樟子松林及沙地,14677.0,20011201
内蒙古室韦,内蒙古省,15121078,省级,森林生态,林业部门,内蒙古省,额尔古纳市,"森林及野生动植物
山地森林生态系统、额尔古纳河及哈乌尔河水源涵养地",102559.0,20030301
内蒙古科左后旗莲花吐,内蒙古省,15131141,县市级,森林生态,林业部门,内蒙古省,科尔沁左翼后旗,"针阔混交林
针阔叶林及湿地水域生态系统",3357.0,20021201
内蒙古公爷仓,内蒙古省,15131143,县市级,森林生态,林业部门,内蒙古省,扎鲁特旗,"森林生态系统
榆树、桑树、清泉",5600.0,20011201
内蒙古赤峰市沙日温都,内蒙古省,15131146,县市级,森林生态,林业部门,内蒙古省,阿鲁科尔沁旗,森林生态系统、珍稀濒危野生动物,71333.0,19991001
内蒙古赤峰市根丕,内蒙古省,15131147,县市级,森林生态,林业部门,内蒙古省,阿鲁科尔沁旗,森林生态系统、珍稀濒危野生动物,50667.0,19991001
内蒙古左中包罕天然榆树、山杏,内蒙古省,15131148,县市级,森林生态,林业部门,内蒙古省,科左中旗,天然榆树,13400.0,2002
内蒙古赤峰市大乌梁苏,内蒙古省,15131149,县市级,森林生态,林业部门,内蒙古省,赤峰市松山区,森林生态系统及珍稀野生动植物,2533.0,19981101
内蒙古吴刚山,内蒙古省,15131150,县市级,森林生态,林业部门,内蒙古省,扎鲁特旗,"天然次生林
蒙古栎、桦树、大果榆、桑等",7500.0,20021201
内蒙古科尔沁区国有二林场,内蒙古省,15131151,县市级,森林生态,林业部门,内蒙古省,通辽市科尔沁区,针叶阔叶林 森林生态系统,4000.0,20021101
内蒙古束力古台天然山杏,内蒙古省,15131154,县市级,森林生态,其他部门,内蒙古省,科尔沁左翼后旗,"天然山杏林
灌丛",1333.0,20011201
内蒙古库伦敖伦天然林,内蒙古省,15131158,县市级,森林生态,林业部门,内蒙古省,库伦旗,森林生态系统,7000.0,20021101
内蒙古平顶山,内蒙古省,15131159,县市级,森林生态,林业部门,内蒙古省,扎鲁特旗,"森林生态系统
蒙古栎、桑、山梨、山榆、胡枝子等",8460.0,20011201
内蒙古王爷井,内蒙古省,15131160,县市级,森林生态,林业部门,内蒙古省,扎鲁特旗,灌丛,15000.0,2000
内蒙古左中花胡硕天然榆树疏林草场,内蒙古省,15131161,县市级,草原草甸,林业部门,内蒙古省,科尔沁左翼中旗,"草原草甸及榆树林
天然榆树疏林草场",34000.0,20020101
内蒙古扎鲁特旗山杏第一林,内蒙古省,15131162,县市级,森林生态,林业部门,内蒙古省,扎鲁特旗,灌丛,10600.0,2000
内蒙古巴彦查干,内蒙古省,15131163,县市级,森林生态,林业部门,内蒙古省,扎鲁特旗,"天然次生林
典型草原植被和森林生态系统",12600.0,20011201
内蒙古王爷山,内蒙古省,15131164,县市级,草原草甸,林业部门,内蒙古省,扎鲁特旗,"草甸草原生态系统
灌丛及草甸草原",15000.0,20000901
内蒙古炮台山,内蒙古省,15131165,县市级,森林生态,林业部门,内蒙古省,扎鲁特旗,五角枫、油松、榆、柳,4760.0,2000
内蒙古神山,内蒙古省,15131166,县市级,森林生态,林业部门,内蒙古省,扎鲁特旗,灌丛,3100.0,2000
内蒙古查布嘎图嫦娥山,内蒙古省,15131167,县市级,森林生态,林业部门,内蒙古省,扎鲁特旗,天然次生林、奇特的山水景观,17500.0,2000
内蒙古扎尔吐沟,内蒙古省,15131168,县市级,森林生态,林业部门,内蒙古省,扎鲁特旗,次生阔叶林,17814.0,20011201
内蒙古金门山,内蒙古省,15131170,县市级,森林生态,林业部门,内蒙古省,扎鲁特旗,"天然次生林
山榆、蒙古栎、枫树等",12620.0,20011201
内蒙古扎鲁特旗塔拉宝力皋蒙古栎,内蒙古省,15131171,县市级,森林生态,林业部门,内蒙古省,扎鲁特旗,蒙古栎林,4000.0,20000901
内蒙古扎鲁特旗阿拉坦大坝,内蒙古省,15131172,县市级,森林生态,林业部门,内蒙古省,扎鲁特旗,灌丛,1167.0,2000
内蒙古乌斯吐,内蒙古省,15131175,省级,森林生态,林业部门,内蒙古省,科尔沁左翼中旗,"森林生态系统
天然次生林、奇特的山水景观",33823.0,20011226
内蒙古四楞山,内蒙古省,15131176,县市级,森林生态,林业部门,内蒙古省,扎鲁特旗,灌丛及草甸草原,7533.0,2002
内蒙古水泉沟,内蒙古省,15131180,县市级,森林生态,林业部门,内蒙古省,扎鲁特旗,灌丛,333.0,2001
内蒙古乌西,内蒙古省,15131182,县市级,森林生态,林业部门,内蒙古省,克一河镇,森林生态系统,300.0,1996
内蒙古西日特其,内蒙古省,15131183,县市级,森林生态,林业部门,内蒙古省,鄂伦春自治旗,森林生态系统,1000.0,1986
内蒙古布日敦天然林,内蒙古省,15131186,县市级,森林生态,林业部门,内蒙古省,科尔沁左翼后旗,"天然阔叶林
天然次生林生态系统",670.0,20010101
内蒙古赤峰市旺业甸,内蒙古省,15131187,县市级,森林生态,林业部门,内蒙古省,喀喇沁旗,生物多样性和水源涵养林,12500.0,19971101
内蒙古左中佳木斯天然榆树小杏林,内蒙古省,15131188,县市级,森林生态,林业部门,内蒙古省,科尔沁左翼中旗,"森林生态系统
天然榆树、山杏",3300.0,20020101
内蒙古赤峰市大冷山,内蒙古省,15131189,县市级,森林生态,林业部门,内蒙古省,林西县,天然次生林和野生动植物资源,10980.0,19960601
内蒙古诺敏,内蒙古省,15131190,县市级,森林生态,林业部门,内蒙古省,鄂伦春自治旗,森林生态系统,22181.0,19980708
内蒙古大兴安岭毕拉河,内蒙古省,15131191,省级,森林生态,林业部门,内蒙古省,鄂伦春自治旗,"森林生态系统
寒温带针叶林、温带阔叶林、湿地和野生动植物资源",56604.0,20040701
内蒙古赤峰市沙布台,内蒙古省,15131196,县市级,森林生态,林业部门,内蒙古省,阿鲁科尔沁旗,"森林生态系统
蒙古栎林生态系统和珍稀濒危野生动物",12000.0,20001001
内蒙古赤峰市黄岗梁,内蒙古省,15131197,县市级,森林生态,林业部门,内蒙古省,克什克腾旗,森林生态系统和野生动植物资源,76000.0,1999
内蒙古赤峰市小西天,内蒙古省,15131198,县市级,森林生态,林业部门,内蒙古省,克什克腾旗,森林生态系统和野生动植物资源,16663.0,1999
内蒙古赤峰市源水头,内蒙古省,15131199,县市级,森林生态,林业部门,内蒙古省,克什克腾旗,森林、湿地生态系统和珍稀濒危野生动物,12000.0,1999
内蒙古赤峰市塞罕坝,内蒙古省,15131200,县市级,森林生态,林业部门,内蒙古省,克什克腾旗,森林、湿地生态系统和珍稀濒危野生动物,71636.0,1999
内蒙古赤峰市山窝铺,内蒙古省,15131201,县市级,森林生态,林业部门,内蒙古省,赤峰市松山区,森林生态系统及天然森林植物资源,1800.0,1997
内蒙古贺洪尔沙地,内蒙古省,15131204,县市级,森林生态,林业部门,内蒙古省,新巴尔虎旗,樟子松林生态系统,48296.0,2000
内蒙古协力台原始天然林,内蒙古省,15131206,县市级,森林生态,林业部门,内蒙古省,科左后旗,天然次生林生态系统,660.0,2002
内蒙古乌玛,内蒙古省,15131207,县市级,森林生态,林业部门,内蒙古省,北部林区管护局,原始林区森林生态系统,659372.0,2003
内蒙古吉勒布,内蒙古省,15131209,县市级,森林生态,林业部门,内蒙古省,得耳布尔林业局,原始落叶松林森林生态系统,46947.0,2003
内蒙古左中保安屯大柠条林,内蒙古省,15131211,县市级,森林生态,林业部门,内蒙古省,科尔沁左翼中旗,森林生态系统及柠条林,650.0,20020101
内蒙古潢源,内蒙古省,15132088,省级,森林生态,环保部门,内蒙古省,克什克腾旗,水源涵养林,45438.0,20000102
内蒙古李齐沟,内蒙古省,15132091,县市级,森林生态,环保部门,内蒙古省,武川县,森林生态系统,15000.0,1997
张起明沟,内蒙古省,15132095,县市级,森林生态,环保部门,内蒙古省,土默特左旗, 水源涵养林、野生动植物,10000.0,1999
复兴,内蒙古省,15132120,县市级,森林生态,环保部门,内蒙古省,阿荣旗,森林及野生动植物,18425.0,19981001
四方山达尔宾湖,内蒙古省,15132121,县市级,森林生态,环保部门,内蒙古省,鄂伦春自治旗,森林及野生动植物,3279.0,19980708
白音嵯岗,内蒙古省,15132122,县市级,森林生态,环保部门,内蒙古省,鄂温克族自治旗,森林生态系统及珍贵树种,2100.0,19981101
乌日根山,内蒙古省,15132123,县市级,森林生态,环保部门,内蒙古省,新巴尔虎左旗,原始森林及野生动物,12037.0,19990601
甘珠尔敖包,内蒙古省,15138100,县市级,森林生态,其他部门,内蒙古省,扎鲁特旗, 自然景观,40.0,2000
响山,内蒙古省,15138103,县市级,森林生态,其他部门,内蒙古省,扎鲁特旗, 天然次生林,1940.0,2000
阿贵洞,内蒙古省,15138104,县市级,草原草甸,其他部门,内蒙古省,扎鲁特旗,草原草甸生态系统,2500.0,20000901
康熙十三敖包,内蒙古省,15138109,县市级,森林生态,其他部门,内蒙古省,扎鲁特旗, 森林生态系统,40.0,2000
佳木斯,内蒙古省,15138119,县市级,森林生态,其他部门,内蒙古省,科尔沁左翼中旗,森林生态系统,3300.0,20020101
包罕,内蒙古省,15138131,县市级,森林生态,林业部门,内蒙古省,科尔沁左翼中旗,森林生态系统,13400.0,20021201
内蒙古锡林郭勒草原国家级自然保护区,内蒙古省,15212007,国家级,草原草甸,环保部门,内蒙古省,锡林浩特市,草甸草原、沙地疏林,580000.0,19850808
内蒙古阿鲁科尔沁国家级自然保护区,内蒙古省,15212018,国家级,草原草甸,环保部门,内蒙古省,阿鲁科尔沁,沙地草原、湿地生态系统及珍稀鸟类,136793.6,19980201
蔡木山,内蒙古省,15222023,省级,草原草甸,环保部门,内蒙古省,多伦县,草甸草原及次生林,42477.0,19981201
阿鲁科尔沁草原,内蒙古省,15222036,省级,草原草甸,环保部门,内蒙古省,阿鲁科尔沁旗, 草原、湿地、珍稀鸟类,136794.0,2000
灯笼河,内蒙古省,15232087,县市级,草原草甸,环保部门,内蒙古省,翁牛特旗,草原生态系统及珍禽,8000.0,20001101
春坤山,内蒙古省,15232090,县市级,草原草甸,环保部门,内蒙古省,固阳县,山地草甸草原,9500.0,19990101
乌兰布统草原,内蒙古省,15232097,县市级,草原草甸,环保部门,内蒙古省,克什克腾旗,草原生态系统,30089.0,19980701
乌和尔沁敖包,内蒙古省,15232098,县市级,荒漠生态,环保部门,内蒙古省,正蓝旗,沙地疏林,139300.0,20000101
辉腾锡勒,内蒙古省,15232113,县市级,草原草甸,环保部门,内蒙古省,察哈尔右翼中旗,草原、冰川遗迹,16750.0,19980801
陈巴尔虎草甸草原,内蒙古省,15232139,县市级,草原草甸,环保部门,内蒙古省,陈巴尔虎旗,草甸草原生态系统,145667.0,19960801
内蒙古霍林郭勒,内蒙古省,15238101,县市级,草原草甸,其他部门,内蒙古省,扎鲁特旗, 草甸草原,700.0,2000
内蒙古格日朝鲁,内蒙古省,15238102,县市级,草原草甸,其他部门,内蒙古省,扎鲁特旗,草甸草原生态系统,10000.0,20000901
夏营地,内蒙古省,15238128,县市级,草原草甸,其他部门,内蒙古省,扎鲁特旗, 草甸草原,9000.0,2000
青龙山山地,内蒙古省,15238137,县市级,草原草甸,其他部门,内蒙古省,奈曼旗,草原及山地原生植被,7200.0,20020101
哈日吉敖包,内蒙古省,15238138,县市级,草原草甸,其他部门,内蒙古省,扎鲁特旗, 草甸草原,1107.0,2000
内蒙古额济纳胡杨林,内蒙古省,15311008,国家级,荒漠生态,林业部门,内蒙古省,额济纳旗,胡杨林及荒漠生态系统,26253.0,19860601
内蒙古哈腾套海,内蒙古省,15311012,国家级,荒漠生态,林业部门,内蒙古省,磴口县,绵刺及荒漠草原、湿地生态系统,123600.0,19950101
内蒙古西鄂尔多斯,内蒙古省,15311014,国家级,野生植物,林业部门,内蒙古省,鄂托克旗,"四合木等濒危植物及荒漠生态系统
四合木、半日花、蒙古扁桃及荒漠生态系统",474688.0,19861201
内蒙古乌拉特梭梭林-蒙古野驴,内蒙古省,15311020,国家级,荒漠生态,林业部门,内蒙古省,乌拉特后旗,梭梭林、蒙古野驴及荒漠生态系统,68000.0,19851001
内蒙古西鄂尔多斯毛盖图,内蒙古省,15321025,省级,荒漠生态,林业部门,内蒙古省,鄂托克前旗,"荒漠植被及野生动植物
藏锦鸡儿及荒漠生态系统",83246.0,20030101
内蒙古巴音杭盖,内蒙古省,15321048,省级,荒漠生态,林业部门,内蒙古省,达尔罕茂明安联合旗,荒漠草原生态系统,49650.0,20011201
内蒙古东阿拉善,内蒙古省,15321050,省级,荒漠生态,林业部门,内蒙古省,阿拉善左旗,荒漠生态系统,1071549.0,19961001
内蒙古阿尔其山叉子圆柏,内蒙古省,15321051,省级,野生植物,林业部门,内蒙古省,乌拉特中旗,叉子圆柏及其生境,14787.0,20000901
内蒙古鄂尔多斯甘草,内蒙古省,15321056,省级,荒漠生态,林业部门,内蒙古省,鄂托克旗,甘草及荒漠生态系统,144762.0,2000
内蒙古库布齐沙漠柠条锦鸡儿,内蒙古省,15321060,省级,荒漠生态,林业部门,内蒙古省,杭锦旗,柠条锦鸡儿种源基地,15000.0,2000
内蒙古雅布赖盘羊,内蒙古省,15321064,省级,荒漠生态,林业部门,内蒙古省,阿拉善右旗,盘羊及山地荒漠生态系统,152700.0,1997
内蒙古塔木素梭梭林,内蒙古省,15321065,省级,荒漠生态,林业部门,内蒙古省,阿拉善右旗,梭梭及荒漠生态系统,25000.0,1997
内蒙古阿拉善腾格里沙漠,内蒙古省,15321070,省级,荒漠生态,林业部门,内蒙古省,阿拉善左旗,"沙漠生态系统
沙东青及荒漠植被",1006450.0,20030301
内蒙古白彦恩格尔荒漠濒危植物,内蒙古省,15321071,省级,荒漠生态,林业部门,内蒙古省,杭锦旗,四合木、绵刺、沙冬青,36000.0,2000
内蒙古毛乌素沙地柏,内蒙古省,15321079,省级,荒漠生态,林业部门,内蒙古省,乌审旗,"荒漠生态系统及臭柏林
沙地柏及荒漠草原",31250.0,20000928
内蒙古绵刺,内蒙古省,15331144,县市级,荒漠生态,林业部门,内蒙古省,阿拉善右旗,棉刺及荒漠生态系统,80000.0,2000
内蒙古阿贵庙,内蒙古省,15331179,县市级,荒漠生态,林业部门,内蒙古省,准格尔旗,荒漠植被及生态系统,107.0,19870101
额济纳旗梭梭林,内蒙古省,15332117,县市级,荒漠生态,环保部门,内蒙古省,额济纳旗,荒漠生态系统及梭梭林、肉苁蓉等野生动植物,66666.7,19981202
四子王旗胡杨林,内蒙古省,15332125,县市级,荒漠生态,环保部门,内蒙古省,四子王旗, 胡杨林,32.0,1999
内蒙古达赉湖,内蒙古省,15411016,国家级,湿地生态,林业部门,内蒙古省,新巴尔虎右旗、满洲里市、新巴尔虎左旗,湖泊草原及湿地生态系统、珍稀濒危野生动植物,740000.0,19860710
内蒙古辉河国家级自然保护区,内蒙古省,15412009,国家级,湿地生态,环保部门,内蒙古省,鄂温克自治旗,湿地生态系统及珍禽、草原,346848.0,19971101
内蒙古白音库伦遗鸥,内蒙古省,15421024,省级,野生动物,林业部门,内蒙古省,锡林浩特市,遗鸥及其生境,10415.0,20020101
内蒙古乌拉盖湿地,内蒙古省,15421030,省级,湿地生态,林业部门,内蒙古省,东乌朱穆沁旗,天然沼泽、河流、湖泊等湿地生态系统,612650.0,20041201
内蒙古大兴安岭奎勒河,内蒙古省,15421042,县市级,森林生态,林业部门,内蒙古省,鄂伦春自治旗,"森林生态系统
北方山地林区湿地",69634.0,20040701
内蒙古南海子,内蒙古省,15421045,省级,湿地生态,林业部门,内蒙古省,包头市、东河区,内陆湖泊及湿地鸟类,1585.0,2000
内蒙古贺斯格淖尔,内蒙古省,15421052,省级,湿地生态,林业部门,内蒙古省,东乌珠穆沁旗,湿地生态系统,29769.0,19950601
内蒙古黄旗海湿地,内蒙古省,15421054,省级,湿地生态,林业部门,内蒙古省,察哈尔右翼前旗,"湿地生态系统及珍稀鱼类
黑鹳大鸨遗鸥等及草原",36823.0,19960801
内蒙古杭锦淖尔,内蒙古省,15421055,省级,湿地生态,林业部门,内蒙古省,杭锦旗,黄河滩涂湿地及大鸨、大天鹅等珍禽,85750.0,20030101
内蒙古额尔古纳湿地,内蒙古省,15421057,省级,湿地生态,林业部门,内蒙古省,额尔古纳市,"湿地生态系统
草甸、草原湿地生态系统及野生动植物",126000.0,19971101
内蒙古大兴安岭兴安里,内蒙古省,15421058,省级,湿地生态,林业部门,内蒙古省,乌尔旗汉林业局,北方山地林区湿地,66381.0,2002
内蒙古乌梁素海湿地鸟类,内蒙古省,15421061,省级,湿地生态,林业部门,内蒙古省,乌拉特前旗,天然内陆湖泊及尤鼻天鹅繁殖地,60000.0,1998
内蒙古荷叶花湿地珍禽,内蒙古省,15421066,省级,湿地生态,林业部门,内蒙古省,扎鲁特旗,"湿地生态系统及水禽
丹顶鹤、白鹳、大鸨",52823.0,20000201
内蒙古岱海湖泊湿地,内蒙古省,15422022,省级,湿地生态,环保部门,内蒙古省,凉城县,湖泊湿地生态系统,12970.0,19990701
巴丹吉林沙漠湖泊,内蒙古省,15422047,省级,湿地生态,环保部门,内蒙古省,阿拉善右旗,湖泊湿地及荒漠生态系统,717060.0,1999
内蒙古南海子湿地,内蒙古省,15428037,省级,湿地生态,其他部门,内蒙古省,包头市东河区,湿地生态系统及鸟类,1664.0,20011201
内蒙古黄河北岸双河湿地,内蒙古省,15431081,县市级,湿地生态,林业部门,内蒙古省,临河市,湿地水禽,13300.0,1998
内蒙古通辽市科尔沁区小塔子水库,内蒙古省,15431140,县市级,湿地生态,林业部门,内蒙古省,通辽市科尔沁区,湿地生态系统,2000.0,20010301
内蒙古科左后旗双合尔山,内蒙古省,15431142,县市级,湿地生态,林业部门,内蒙古省,科左后旗,湿地水域生态系统,10000.0,2001
内蒙古八大连池,内蒙古省,15431152,县市级,湿地生态,林业部门,内蒙古省,科左后旗,水生生态系统,667.0,2001
内蒙古奈曼旗孟家段水库,内蒙古省,15431155,县市级,湿地生态,林业部门,内蒙古省,奈曼旗,湿地生态系统,8670.0,19990101
内蒙古奈曼旗舍力虎水库,内蒙古省,15431156,县市级,湿地生态,水利部门,内蒙古省,奈曼旗,湿地生态系统,6800.0,19991001
内蒙古库伦天然荷花湖,内蒙古省,15431157,县市级,湿地生态,林业部门,内蒙古省,库伦旗,湿地生态系统,3000.0,20021101
内蒙古通辽市科尔沁区莫力庙水库,内蒙古省,15431169,县市级,湿地生态,林业部门,内蒙古省,科尔沁区,湿地水域生态系统,12000.0,1997
内蒙古黄河北岸五原湿地水禽,内蒙古省,15431181,县市级,湿地生态,林业部门,内蒙古省,五原县,湿地水禽,21100.0,2000
内蒙古牛耳河,内蒙古省,15431202,县市级,湿地生态,林业部门,内蒙古省,金河林业局,北方山地林区湿地,68041.0,2003
内蒙古它拉干水库,内蒙古省,15431203,县市级,湿地生态,林业部门,内蒙古省,开鲁县,水库湿地生态系统,4000.0,1999
内蒙古胡列也吐湿地,内蒙古省,15431205,县市级,湿地生态,林业部门,内蒙古省,陈巴尔虎旗,湿地生态系统,68927.0,20000101
内蒙古左中海力锦湿地,内蒙古省,15431208,县市级,湿地生态,林业部门,内蒙古省,科左中旗,内陆湿地和水域生态系统,13400.0,2002
内蒙古马布拉,内蒙古省,15431210,县市级,湿地生态,林业部门,内蒙古省,库都尔林业局,北方山地林区湿地,117970.0,2003
内蒙古海日罕草甸草原,内蒙古省,15431213,县市级,湿地生态,林业部门,内蒙古省,扎鲁特旗,草甸草原、湿地生态系统,1833.0,2000
内蒙古磴口沿黄,内蒙古省,15431214,县市级,湿地生态,林业部门,内蒙古省,磴口县,鸟类、天然灌木、胡杨,5209.0,2001
内蒙古乌拉特前旗沿黄湿地,内蒙古省,15431216,县市级,湿地生态,林业部门,内蒙古省,乌拉特前旗,湿地水禽,4000.0,2001
欧肯河,内蒙古省,15432080,县市级,湿地生态,环保部门,内蒙古省,莫力达瓦达翰尔族自治旗,湿地生态系统,20715.0,19990101
五牌子,内蒙古省,15432086,县市级,湿地生态,环保部门,内蒙古省,翁牛特旗,湿地生态系统及珍禽,800.0,19970801
哈素海,内蒙古省,15432094,省级,湿地生态,环保部门,内蒙古省,土默特左旗,湿地生态系统及鸟类,18140.0,19961201
恩格尔河,内蒙古省,15432108,县市级,湿地生态,环保部门,内蒙古省,苏尼特左旗,湿地及野生动植物,667.0,20020101
莫达莫吉,内蒙古省,15432126,县市级,湿地生态,环保部门,内蒙古省,新巴尔虎左旗,湿地生态系统及珍禽、草原,6670.0,19990801
诺门罕,内蒙古省,15432127,县市级,湿地生态,环保部门,内蒙古省,新巴尔虎左旗,湿地及珍禽,160900.0,19980101
二卡,内蒙古省,15432130,县市级,湿地生态,环保部门,内蒙古省,满洲里市,"湿地生态系统及珍稀濒危鸟类
典型湿地生态系统、珍稀濒危鸟类",6501.0,19991101
莫力庙水库,内蒙古省,15436082,县市级,湿地生态,水利部门,内蒙古省,通辽市科尔沁区,湖泊湿地,12000.0,19971201
小塔子水库,内蒙古省,15436083,县市级,湿地生态,水利部门,内蒙古省,通辽市科尔沁区,内陆湿地生态系统,2000.0,20010301
哈日干图响水泉,内蒙古省,15436136,县市级,湿地生态,其他部门,内蒙古省,奈曼旗,湿地及野生植物,600.0,20020928
霸王河,内蒙古省,15438110,县市级,湿地生态,其他部门,内蒙古省,乌兰察布市集宁区,水域生态系统及水源,1550.0,19851001
内蒙古海力锦湿地,内蒙古省,15438132,县市级,湿地生态,其他部门,内蒙古省,科尔沁左翼中旗,内陆湿地生态系统,13400.0,20020101
八大连池,内蒙古省,15438134,县市级,湿地生态,其他部门,内蒙古省,科尔沁左翼后旗,内陆湿地生态系统,667.0,20011201
内蒙古图牧吉,内蒙古省,15611002,国家级,野生动物,林业部门,内蒙古省,扎赉特旗,大鸨等珍禽草原、湿地生态系统,94830.0,19960801
内蒙古科尔沁,内蒙古省,15611010,国家级,野生动物,林业部门,内蒙古省,科尔沁右翼中旗,"湿地珍禽、灌丛及疏林草原
鹤鹳类珍禽、科尔沁草原、湿地",126987.0,19850209
内蒙古鄂尔多斯遗鸥,内蒙古省,15611013,国家级,野生动物,林业部门,内蒙古省,鄂尔多斯市东胜区、伊金霍洛旗,遗鸥及繁殖地湿地生态系统,14770.0,19910101
内蒙古达里诺尔国家级自然保护区,内蒙古省,15612001,国家级,野生动物,环保部门,内蒙古省,克什克滕旗,珍稀鸟类及其生境,119413.0,19870908
巴尔虎草原黄羊,内蒙古省,15622028,省级,野生动物,环保部门,内蒙古省,新巴尔虎右旗,黄羊等野生动物及其生境,528388.0,19981201
小河沿,内蒙古省,15622039,省级,野生动物,环保部门,内蒙古省,敖汉旗,珍稀鸟类及湿地,18000.0,19980901
内蒙古苏尼特盘羊,内蒙古省,15631145,省级,草原草甸,林业部门,内蒙古省,苏尼特右旗,柄扁桃群落、灌丛草原及野生动物,30594.53,20010101
内蒙古大漠沙湖,内蒙古省,15631185,县市级,野生动物,林业部门,内蒙古省,杭锦旗,白天鹅等珍禽及其生境,300.0,20000101
内蒙古柴河,内蒙古省,15631192,县市级,野生动物,林业部门,内蒙古省,扎兰屯市,森林及野生动物,19036.0,20001201
内蒙古乌拉特后旗北山羊,内蒙古省,15631194,县市级,野生动物,林业部门,内蒙古省,乌拉特后旗,北山羊及其栖息地,72000.0,2001
内蒙古赤峰市贡格尔,内蒙古省,15631195,县市级,草原草甸,环保部门,内蒙古省,克什克腾旗,草原生态系统及湿地、珍禽,101900.0,20001201
内蒙古吉西原麝,内蒙古省,15631215,县市级,野生动物,林业部门,内蒙古省,吉文林业局,以原麝为主国家重点保护野生动物,60656.0,2003
黑虎山-鹰嘴山,内蒙古省,15632092,县市级,野生动物,环保部门,内蒙古省,清水河县,野生动物及其生境,3000.0,20000701
石人湾,内蒙古省,15632096,县市级,野生动物,环保部门,内蒙古省,呼和浩特市赛汗区,天鹅、黑鹳等珍禽及其栖息地,3000.0,19991001
根河冷水鱼,内蒙古省,15632099,县市级,野生动物,农业部门,内蒙古省,根河市,冷水性鱼类及其生境,780000.0,20000101
阿巴嘎黄羊－旱獭,内蒙古省,15632106,县市级,野生动物,环保部门,内蒙古省,阿巴嘎旗,黄羊、蒙古旱獭等珍稀动物及其生境,26000.0,19951201
苏尼特盘羊,内蒙古省,15632118,县市级,野生动物,环保部门,内蒙古省,苏尼特左旗,盘羊及其生境,50400.0,19990601
阿尔山,内蒙古省,15632129,县市级,野生动物,环保部门,内蒙古省,阿尔山市, 蒙古栎与马鹿,439400.0,1997
唐·十将军山,内蒙古省,15638107,县市级,野生动物,林业部门,内蒙古省,扎鲁特旗,野生动物及其生境,3450.0,20011201
双合尔山,内蒙古省,15638133,县市级,野生动物,其他部门,内蒙古省,科尔沁左翼后旗,天鹅、丹顶鹤、大雁等野生动物及其生境,10000.0,20011201
内蒙古古日格斯台,内蒙古省,15721077,省级,森林生态,林业部门,内蒙古省,西乌珠穆沁旗,"森林、草原生态系统和野生动植物
华北落叶松、兴安落叶松",98931.0,19981101
内蒙古科尔沁沙地红刺榆柳,内蒙古省,15731153,县市级,野生植物,林业部门,内蒙古省,科尔沁左翼后旗,红刺榆及其它野生动植物,1500.0,20011201
内蒙古梨树沟,内蒙古省,15731173,县市级,野生植物,林业部门,内蒙古省,扎鲁特旗,"天然次生林
山梨、山榆、蒙古栎等",1983.0,20000901
内蒙古雅敏沼,内蒙古省,15731174,县市级,野生植物,林业部门,内蒙古省,扎鲁特旗,天然榆树,900.0,2000
内蒙古嘎达苏大兰山,内蒙古省,15731177,县市级,森林生态,林业部门,内蒙古省,扎鲁特旗,天然次生林,2700.0,20000901
内蒙古敖仁乃山,内蒙古省,15731178,县市级,森林生态,林业部门,内蒙古省,扎鲁特旗,天然次生林,1000.0,20000901
内蒙古乌兰敖道天然山杏,内蒙古省,15731184,县市级,森林生态,林业部门,内蒙古省,科尔沁左翼后旗,天然山杏林,750.0,20011101
内蒙古科左后旗科尔沁沙地原生植被,内蒙古省,15731212,县市级,野生植物,林业部门,内蒙古省,科左后旗,科尔沁沙地原生植被的森林草原植物群落,7020.0,2001
五泉山,内蒙古省,15732089,县市级,野生植物,环保部门,内蒙古省,鄂温克族自治旗,珍贵树种及其生境,800.0,19981101
东西摩天岭,内蒙古省,15732093,县市级,野生植物,环保部门,内蒙古省,和林格尔县,野生药用植物及野生动物,3000.0,20010101
中国山杏第一林,内蒙古省,15738084,县市级,野生植物,其他部门,内蒙古省,通辽市, 天然山杏林,10600.0,2000
赤峰大青山,内蒙古省,15822034,省级,地质遗迹,环保部门,内蒙古省,克什克腾旗, 冰臼群,4200.0,1998
平顶山—七锅山,内蒙古省,15822035,省级,地质遗迹,环保部门,内蒙古省,巴林左旗, 地质遗迹,10000.0,19991201
马鬃山古生物化石,内蒙古省,15827038,省级,地质遗迹,国土部门,内蒙古省,额济纳旗,恐龙骨骼、蛋化石、龟鳖类化石,52698.0,19981201
热水镇地热资源,内蒙古省,15832085,县市级,地质遗迹,环保部门,内蒙古省,宁城县, 自然遗迹,80.0,1996
红格尔敖德其沟,内蒙古省,15837105,县市级,地质遗迹,国土部门,内蒙古省,四子王旗,花岗岩地貌,1000.0,20020101
黄土窑太古界地层剖面,内蒙古省,15837111,县市级,地质遗迹,国土部门,内蒙古省,兴和县, 太古界地层剖面,1200.0,2000
中水塘温泉地质,内蒙古省,15837112,县市级,地质遗迹,国土部门,内蒙古省,凉城县,自然遗迹,53.0,19990101
乌兰哈达5号火山锥,内蒙古省,15837114,县市级,地质遗迹,国土部门,内蒙古省,察哈尔右翼后旗,火山地质地貌,200.0,19990702
乌兰哈达3号火山锥,内蒙古省,15837115,县市级,地质遗迹,环保部门,内蒙古省,察哈尔右翼后旗,火山地质地貌,155.0,20000601
额旗风蚀地貌,内蒙古省,15837116,县市级,地质遗迹,国土部门,内蒙古省,额济纳旗, 风蚀地貌,19800.0,1999
乌兰哈达花岗岩地质遗迹,内蒙古省,15837135,县市级,地质遗迹,国土部门,内蒙古省,四子王旗,花岗岩地质遗迹,2500.0,20020101
脑木更第三系剖面遗迹,内蒙古省,15837193,省级,地质遗迹,国土部门,内蒙古省,四子王旗,第三系地层剖面,10410.0,19970501
阿左旗恐龙化石,内蒙古省,15927062,省级,古生物遗迹,国土部门,内蒙古省,阿拉善左旗,恐龙化石,90570.0,19990601
乌拉特恐龙化石,内蒙古省,15927063,省级,古生物遗迹,国土部门,内蒙古省,巴盟乌拉特后旗, 恐龙化石,3249.0,2000
查布恐龙足迹,内蒙古省,15927069,省级,古生物遗迹,国土部门,内蒙古省,鄂托克旗, 恐龙足迹,45600.0,2000
准格尔旗恐龙化石,内蒙古省,15927072,省级,古生物遗迹,国土部门,内蒙古省,准格尔旗,恐龙化石,1739.0,1999
二连盆地恐龙化石,内蒙古省,15928027,省级,古生物遗迹,其他部门,内蒙古省,二连浩特市, 恐龙化石,41200.0,19960401
四王子旗动物化石,内蒙古省,15937124,县市级,古生物遗迹,国土部门,内蒙古省,四子王旗, 哺乳动物化石,11.0,1997
热水地热资源,内蒙古省,蒙38,县市级,地质遗迹,环保部门,内蒙古省,宁城县,地热资源,200.0,19960801
上窝铺,内蒙古省,蒙13,县市级,森林生态,林业部门,内蒙古省,赤峰市红山区,森林生态系统及珍稀野生动植物,1467.0,19971107
赤峰红山,内蒙古省,蒙15,县市级,地质遗迹,林业部门,内蒙古省,赤峰市红山区,红山岩体及古文化遗址,1271.23,19971101
四子王旗哺乳动物化石,内蒙古省,蒙148,省级,古生物遗迹,国土部门,内蒙古省,四子王旗,哺乳动物化石,48.0,19970502
脑木更胡杨林,内蒙古省,蒙147,县市级,野生植物,环保部门,内蒙古省,四子王旗,胡杨林及其生境,32.0,19990701
准格尔地质遗迹,内蒙古省,蒙87,省级,古生物遗迹,国土部门,内蒙古省,准格尔旗,恐龙化石,1740.0,19990101
鄂托克恐龙遗迹化石,内蒙古省,蒙90,国家级,古生物遗迹,国土部门,内蒙古省,鄂托克旗,恐龙足迹化石,46410.0,19980101
阿尔山石塘林－天池,内蒙古省,蒙153,县市级,地质遗迹,环保部门,内蒙古省,阿尔山市,温泉等地质遗迹,34493.0,19971101
乌梁素海湿地水禽,内蒙古省,蒙129,省级,野生动物,林业部门,内蒙古省,乌拉特前旗,水禽及其生境,29333.0,19930301
赤峰青山地质遗迹,内蒙古省,蒙26,省级,地质遗迹,环保部门,内蒙古省,克什克腾旗,冰臼群,9200.0,19980401
特金罕山,内蒙古省,蒙84,省级,森林生态,林业部门,内蒙古省,扎鲁特旗,针阔混交林,91333.0,19961001
乌兰坝—石棚沟,内蒙古省,蒙23,省级,森林生态,林业部门,内蒙古省,巴林左旗,水源林,120000.0,19971101
白二爷沙坝,内蒙古省,蒙05,县市级,荒漠生态,林业部门,内蒙古省,和林格尔县,荒漠生态系统及野生动植物,8000.0,19960301
摇林沟,内蒙古省,蒙07,县市级,野生动物,林业部门,内蒙古省,清水河县,黄羊、梅花鹿及其生境,5170.0,19971001
红花敖包,内蒙古省,蒙10,县市级,草原草甸,环保部门,内蒙古省,固阳县,荒漠草原生态系统,6000.0,20050301
巴彦汉—达尔罕乌拉,内蒙古省,蒙24,县市级,草原草甸,林业部门,内蒙古省,巴林右旗,草原生态系统,257000.0,20021201
松树山,内蒙古省,蒙36,省级,湿地生态,林业部门,内蒙古省,翁牛特旗,湿地生态系统及野生动植物,42377.0,19990401
麦里,内蒙古省,蒙51,县市级,森林生态,其他部门,内蒙古省,科尔沁左翼后旗,天然阔叶林,660.0,20011101
乌旦塔拉,内蒙古省,蒙60,省级,荒漠生态,林业部门,内蒙古省,科尔沁左翼后旗,沙地原生植被,23471.0,20011227
他拉干水库,内蒙古省,蒙61,县市级,湿地生态,水利部门,内蒙古省,开鲁县,湿地生态系统,4000.0,19990102
查布嘎吐嫦娥山,内蒙古省,蒙81,县市级,森林生态,林业部门,内蒙古省,扎鲁特旗,森林生态系统,17500.0,20011201
都斯图河,内蒙古省,蒙89,省级,湿地生态,林业部门,内蒙古省,鄂托克旗,荒漠草原、河流湿地及野生动植物,38004.0,20031101
鄂托克甘草,内蒙古省,蒙91,省级,野生植物,林业部门,内蒙古省,鄂托克旗,甘草及荒漠生态系统,144800.0,20030101
库布其沙漠,内蒙古省,蒙94,省级,野生植物,林业部门,内蒙古省,杭锦旗,柠条及其生境,15000.0,20000928
白音恩格尔荒漠,内蒙古省,蒙96,省级,野生植物,林业部门,内蒙古省,杭锦旗,四合木、半日花等珍稀植物及其生境,26209.64,20000901
赫尔洪得沙地樟子松,内蒙古省,蒙110,县市级,野生植物,林业部门,内蒙古省,陈巴尔虎旗,樟子松等珍稀植物及其生境,48296.0,20000101
伊和乌拉,内蒙古省,蒙114,县市级,地质遗迹,环保部门,内蒙古省,新巴尔虎左旗,地质遗迹,10000.0,20070701
内蒙古潮查原始森林,内蒙古省,蒙124,县市级,森林生态,林业部门,内蒙古省,根河市,森林生态系统,11791.0,19980101
巴彦满都呼恐龙化石,内蒙古省,蒙132,省级,古生物遗迹,国土部门,内蒙古省,乌拉特后旗,恐龙化石,3249.0,20000101
红召,内蒙古省,蒙135,县市级,森林生态,环保部门,内蒙古省,卓资县,森林生态系统,10500.0,20040217
兴和地层剖面,内蒙古省,蒙136,县市级,地质遗迹,国土部门,内蒙古省,兴和县,太古界地层剖面,1200.0,20001101
马头山麓,内蒙古省,蒙140,县市级,野生动物,林业部门,内蒙古省,凉城县,野生动物及其生境,18000.0,19980101
蛮汉山,内蒙古省,蒙141,县市级,森林生态,林业部门,内蒙古省,凉城县,森林及野生动植物,30000.0,19980101
察右后旗天鹅湖,内蒙古省,蒙146,县市级,野生动物,环保部门,内蒙古省,察哈尔右翼后旗,鸟类及其生境,2600.0,20040101
丰镇红山,内蒙古省,蒙152,县市级,森林生态,林业部门,内蒙古省,丰镇市,森林及野生动物,45000.0,20001030
乌兰河,内蒙古省,蒙156,省级,森林生态,环保部门,内蒙古省,科尔沁右翼前旗,水源涵养林,58515.0,20010101
乌力胡舒,内蒙古省,蒙159,省级,湿地生态,林业部门,内蒙古省,科尔沁右翼中旗,湿地生态系统及珍禽,38882.01,19990101
浑善达克沙地柏,内蒙古省,蒙167,省级,荒漠生态,林业部门,内蒙古省,阿巴嘎旗,天然沙地柏群落、典型草原、河湖湿地,191164.0,20070901
巴丹吉林,内蒙古省,蒙181,省级,荒漠生态,林业部门,内蒙古省,阿拉善右旗,荒漠生态系统及盘羊、梭梭等野生动植物,489011.2,19970401
北京松山,北京市,11111001,国家级,森林生态,林业部门,北京市,延庆县,次生油松林及野生动植物、温带森林,4660.0,19860709
北京百花山,北京市,11121002,国家级,森林生态,林业部门,北京市,门头沟区,温带次生林、天然植被和野生动物,21743.1,19850401
北京喇叭沟门,北京市,11121003,省级,森林生态,林业部门,北京市,怀柔区,"森林生态系统
天然植被",18483.0,19991201
北京密云雾灵山,北京市,11121004,省级,森林生态,林业部门,北京市,密云区,森林生态系统及金钱豹等珍稀动植物,4152.0,20001201
北京云蒙山,北京市,11121005,省级,森林生态,林业部门,北京市,密云县,森林生态系统,3900.0,20001201
北京云峰山,北京市,11121006,省级,森林生态,林业部门,北京市,密云县,天然油松林,2233.0,20001201
北京延庆莲花山,北京市,11131015,县市级,森林生态,林业部门,北京市,延庆县,森林植被与人文景观,1470.0,19991201
北京大滩,北京市,11131017,县市级,森林生态,林业部门,北京市,延庆县,天然次生林及野生动植物,12130.0,19991201
北京太安山,北京市,11131018,县市级,森林生态,林业部门,北京市,延庆县,森林与野生动植物,3470.0,19991201
北京玉渡山,北京市,11131019,县市级,森林生态,林业部门,北京市,延庆县,森林与野生动植物,9820.0,19991201
北京白河堡,北京市,11131020,县市级,森林生态,林业部门,北京市,延庆县,水源涵养林,8260.0,1999
北京野鸭湖,北京市,11421007,省级,湿地生态,林业部门,北京市,延庆县,湿地生态系统及鸟类,8700.0,20001201
北京市汉石桥湿地,北京市,11421012,省级,湿地生态,林业部门,北京市,顺义区,"湿地生态系统及野生动植物
天然苇塘湿地及候鸟",1615.0,20050404
北京金牛湖,北京市,11431016,县市级,野生动物,林业部门,北京市,延庆县,鸟类及其生境,1000.0,19991201
北京四座楼,北京市,11621008,省级,森林生态,林业部门,北京市,平谷区,森林生态系统,19997.0,20021229
北京市蒲洼,北京市,11621014,省级,森林生态,林业部门,北京市,房山区,"森林生态系统
褐马鸡、中华蜜蜂等珍稀动物",5397.0,20050314
北京怀沙河、怀九河,北京市,11623009,省级,野生动物,农业部门,北京市,怀柔县,大鲵、中华九刺鱼、鸳鸯等野生动物,111.0,19961101
北京拒马河,北京市,11623011,省级,野生动物,农业部门,北京市,房山区,大鲵等水生野生动物,1125.0,19961101
北京石花洞,北京市,11827013,省级,地质遗迹,国土部门,北京市,房山区,岩溶洞穴地质遗迹,3650.0,20001201
北京朝阳寺木化石,北京市,11927010,省级,古生物遗迹,国土部门,北京市,延庆县,木化石,2050.0,20001201
延庆小海坨山,北京市,11111003,国家级,森林生态,林业部门,北京市,延庆延庆县,人工油松林、次生油松林、栎林桦杨林、山地草甸,4660.0,1986
汉石桥湿地,北京市,11111011,国家级,湿地生态,林业部门,北京市,顺义区,陆生哺乳动物， 两栖爬行，鱼类，昆虫。,1615.0,2005
龙庆峡自然保护区,北京市,11111012,国家级,森林生态,林业部门,北京市,延庆县,古城村。明、清时叫花园屯。,4660.0,1980
北京延庆县三里河湿地公园,北京市,11000021,县市级,湿地生态,林业部门,北京市,延庆县,湿地生态,80.0,2002
吉林净月潭国家森林公园,吉林省,22000043,---,---,---,吉林省,,,0.0,0
红松母树林自然保护区,吉林省,22000044,---,---,---,吉林省,,,0.0,0
吉林五女峰国家森林公园,吉林省,22000045,---,---,---,吉林省,集安县,,0.0,0
吉林天佛指山,吉林省,22111007,国家级,森林生态,林业部门,吉林省,龙井市,赤松林生态、松茸及生态系统,77317.0,19960513
吉林长白山,吉林省,22111008,国家级,森林生态,林业部门,吉林省,安图县、抚松县、长白朝鲜族自治县,火山地貌景观和森林生态系统,196465.0,19600401
吉林明月,吉林省,22121010,省级,森林生态,林业部门,吉林省,安图县,赤松林生态、松茸,100000.0,1999
吉林通化石湖,吉林省,22121012,省级,森林生态,林业部门,吉林省,通化县,野生动植物,1505.7,19930312
吉林珲春松茸,吉林省,22121016,省级,森林生态,林业部门,吉林省,珲春市,赤松林生态、松茸,100000.0,1999
吉林白河,吉林省,22121017,省级,森林生态,林业部门,吉林省,安图县,长白松,112.0,1985
吉林黄泥河,吉林省,22121018,国家级,森林生态,林业部门,吉林省,敦化市,北温带森林生态系统及多种珍稀濒危野生动植物,41583.0,20000401
吉林左家,吉林省,22121019,省级,森林生态,农业部门,吉林省,吉林市昌邑区,天然次生林,5544.0,19820528
吉林松花江三湖,吉林省,22121026,国家级,森林生态,林业部门,吉林省,吉林市、白山市,森林生态与水资源,115253.2,19900213
吉林文字岭,吉林省,22131027,县市级,森林生态,林业部门,吉林省,集安市,森林生态系统和马鹿,6867.0,1992
吉林北大顶子,吉林省,22131030,县市级,森林生态,其他部门,吉林省,通化市,森林生态系统及野生植物,147.0,19911201
吉林新开河,吉林省,22131031,县市级,森林生态,林业部门,吉林省,桦甸市,森林生态系统,1480.0,1986
吉林倒木沟,吉林省,22131032,县市级,森林生态,林业部门,吉林省,桦甸市,森林生态系统,1759.0,1986
吉林大石棚沟,吉林省,22131033,县市级,森林生态,林业部门,吉林省,吉林市,森林生态系统,398.0,1989
吉林天岗朝阳,吉林省,22131034,县市级,森林生态,林业部门,吉林省,朝阳县,野生动植物,10330.0,1987
吉林老鹰沟,吉林省,22131035,县市级,森林生态,林业部门,吉林省,磐石市,野生动植物,2000.0,1987
吉林三道沟刺楸林,吉林省,22131036,县市级,森林生态,林业部门,吉林省,白山市,森林生态系统,1220.0,19920113
大西岔参场,吉林省,22133040,县市级,森林生态,农业部门,吉林省,柳河县,森林及野生植物,470.0,19840910
鹿场,吉林省,22133042,县市级,森林生态,农业部门,吉林省,柳河县,森林及野生动物,394.0,19840910
凤梧,吉林省,22138038,县市级,森林生态,水利部门,吉林省,图们市,野生动植物及水域生态系统,4150.0,19930101
腰井子羊草草原,吉林省,22223025,省级,草原草甸,农业部门,吉林省,长岭县,草原草甸生态系统、野生动植物,23800.0,19861118
吉林向海,吉林省,22411005,国家级,湿地生态,林业部门,吉林省,通榆县,丹顶鹤等珍稀水禽、蒙古黄榆等稀有动植物及湿地水域生态系统,105467.0,19810309
吉林莫莫格,吉林省,22411006,国家级,湿地生态,林业部门,吉林省,镇赉县,湿地、珍稀水禽,144000.0,19810308
吉林龙湾,吉林省,22411009,国家级,湿地生态,林业部门,吉林省,辉南县,湿地、森林生态系统及火山湖泊,15061.0,19910801
吉林雁鸣湖,吉林省,22411046,国家级,湿地生态,林业部门,吉林省,敦化市,牡丹江上游湿地及黑鹳、东方白鹳、丹顶鹤、中华秋沙鸭等濒危水禽及东北虎迁移的重要生态廊道,53940.0,19911120
吉林大布苏国家级自然保护区,吉林省,22412001,国家级,湿地生态,环保部门,吉林省,乾安县,泥林、古生物化石及湿地生态系统,11000.0,19930101
吉林大山,吉林省,22421011,省级,湿地生态,林业部门,吉林省,敦化市,湿地,53940.0,2002
吉林哈尼,吉林省,22421013,省级,湿地生态,林业部门,吉林省,柳河县,湿地,28630.0,2002
吉林包拉温都,吉林省,22421015,省级,湿地生态,林业部门,吉林省,通榆县,芦苇沼泽为主的天然湿地生态系统及珍稀野生动物栖息地和蒙古山杏林,62190.0,20021220
查干湖,吉林省,22422024,国家级,湿地生态,环保部门,吉林省,前郭尔罗斯蒙古族自治县,珍稀鸟类、沼泽草地、芦苇群落,50684.0,19860802
哈泥,吉林省,22428021,国家级,湿地生态,林业部门,吉林省,柳河县,内陆湿地与水域生态系统,22230.0,19911206
关门砬子,吉林省,22436029,县市级,湿地生态,水利部门,吉林省,桦甸市,湿地生态系统,10800.0,19930501
湾湾川,吉林省,22436039,县市级,湿地生态,水利部门,吉林省,通化县,湿地生态系统及地质遗迹,19200.0,19911206
吉林珲春东北虎,吉林省,22611004,国家级,野生动物,林业部门,吉林省,珲春市,东北虎、远东豹及其生境,108700.0,20011022
吉林鸭绿江上游国家级自然保护区,吉林省,22613003,国家级,野生动物,农业部门,吉林省,长白朝鲜族自治县,珍稀冷水性鱼类及其生境,20306.0,19961001
吉林汪清,吉林省,22621014,国家级,野生动物,林业部门,吉林省,汪清县,东北红豆杉及针阔混交林生态系统,42756.0,20021220
吉林官马吊水壶,吉林省,22631028,县市级,野生动物,林业部门,吉林省,磐石市,野生动植物,630.0,1987
吉林六顶山,吉林省,22631037,县市级,森林生态,林业部门,吉林省,敦化市,森林及野生动植物,300.0,19911120
吉林青松,吉林省,22731041,县市级,野生植物,林业部门,吉林省,舒兰市,野生动植物,9406.0,1980
吉林伊通火山群国家级自然保护区,吉林省,22812002,国家级,地质遗迹,环保部门,吉林省,伊通满族自治县,基性玄武岩“侵出式”火山地质遗迹和火山景观,764.8,19831022
四平山门中生代火山,吉林省,22827020,国家级,地质遗迹,国土部门,吉林省,四平市铁东区,中生代白垩流纹岩火山构造及典型火山地貌,1062.0,20000901
靖宇地质遗迹,吉林省,22827022,国家级,地质遗迹,国土部门,吉林省,白山市,火山群地质遗迹,1508.0,20021101
大阳岔寒武奥陶系,吉林省,22827023,省级,地质遗迹,国土部门,吉林省,江源县,寒武纪奥陶系地层剖面,150.0,19850901
波罗湖,吉林省,22111046,国家级,湿地生态,林业部门,吉林省,农安县,湿地生态系统及鹤、鹳类珍稀濒危鸟类,24915.0,20041025
珲春东北虎,吉林省,吉34,国家级,野生动物,林业部门,吉林省,珲春市,东北虎、远东豹及其生境,108700.0,20011022
白山原麝,吉林省,吉18,省级,野生动物,林业部门,吉林省,白山市,原麝等野生动物及其生境,21995.0,20061229
集安,吉林省,吉17,省级,野生植物,林业部门,吉林省,集安市,珍稀濒危野生植物和自然遗迹,6658.0,19920601
伊通河源,吉林省,吉07,省级,森林生态,林业部门,吉林省,伊通满族自治县,森林生态系统,24257.0,20121221
长白松,吉林省,吉38,省级,野生植物,林业部门,吉林省,安图县,长白松,112.0,19850130
松花江三湖省级,吉林省,吉04,省级,森林生态,林业部门,吉林省,吉林市、白山市,森林及水域生态系统,1029456.8,19900213
扶余洪泛,吉林省,吉27,省级,湿地生态,林业部门,吉林省,扶余县,湿地生态系统及珍稀鸟类,61010.0,20090722
抚松野山参,吉林省,吉20,省级,森林生态,林业部门,吉林省,抚松县,森林及野山参等濒危物种,8315.63,20081031
柳河罗通山,吉林省,吉15,省级,野生植物,林业部门,吉林省,柳河县,森林及野生动植物,1033.0,20100514
四川峨眉山,四川省,51000157,---,---,---,四川省,,,0.0,0
四川龙溪-虹口,四川省,51111007,国家级,森林生态,林业部门,四川省,都江堰市,"亚热带山地森林生态系统、大熊猫、珙桐等珍稀动植物
金丝猴、牛羚、莲香树、水青树及其森林生态系统",31000.0,19930424
四川米仓山,四川省,51111008,国家级,森林生态,林业部门,四川省,旺苍县,"森林及野生动物
台湾水青冈、南方红豆杉、中国红豆杉、银杏、扭角羚、林麝、豹、云豹、金雕、独叶草",23400.0,19990101
四川贡嘎山,四川省,51111010,国家级,森林生态,林业部门,四川省,泸定县、康定县、九龙县,"高山森林生态系统及珍稀动物
大熊猫、金丝猴、羚牛、白唇鹿、藏野驴等珍稀野生动植物",400000.0,19960301
四川雪宝顶,四川省,51111013,国家级,野生动物,林业部门,四川省,平武县,"大熊猫、川金丝猴、扭角羚及其生境
红豆杉、珙桐、银杏等",63615.0,19930801
四川白水河,四川省,51111019,国家级,森林生态,林业部门,四川省,彭州市,"森林生态系统、大熊猫、金丝猴等珍稀野生动植物
牛羚、云豹、豹、林麝、马麝、金雕、绿尾虹雉、珙桐、银杏、红豆杉等",30150.0,19960101
四川亚丁国家级自然保护区,四川省,51112014,国家级,森林生态,环保部门,四川省,稻城县,森林生态系统、野生动植物、冰川,135750.0,19960320
四川长宁竹海国家级自然保护区,四川省,51112016,国家级,森林生态,环保部门,四川省,长宁县,竹类生态系统,28719.0,19961001
四川下拥,四川省,51121022,省级,森林生态,林业部门,四川省,得荣县,林麝、马麝、岩羊等野生动植物,23693.0,20000101
四川洪坝,四川省,51121030,省级,野生动物,林业部门,四川省,九龙县,"扭角羚、豹、绿尾虹雉等野生动物
牛羚、藏酋猴等珍稀动物",6029.0,19990101
四川二滩鸟类,四川省,51121039,省级,野生动物,林业部门,四川省,盐边县,"鸟类及湿地生态系统
主要保护对象为独特的鸟类群落及栖息地环境",10321.0,20020101
四川瓦灰山,四川省,51121041,省级,野生动物,林业部门,四川省,九龙县,"珍稀动物及冰川
针叶林、白唇鹿等",84300.0,19950601
四川米亚罗,四川省,51121044,省级,森林生态,林业部门,四川省,理县,"高山森林资源、藏羌古建筑
森林生态、红豆杉、岷江柏、大熊猫、川金丝猴、麝等",160731.7,19950101
四川天全喇叭河,四川省,51121049,省级,野生动物,林业部门,四川省,天全县,"大熊猫、扭角羚等珍稀动物
以牛羚为代表的偶蹄类和大熊猫、金丝猴等等珍稀野生动植物",23437.3,19630402
四川白河,四川省,51121050,省级,森林生态,林业部门,四川省,九寨沟县,川金丝猴、大熊猫、森林生态系统,16204.0,1963
四川白羊,四川省,51121053,省级,森林生态,林业部门,四川省,松潘县,大熊猫、川金丝猴、扭角羚及其生境,76710.0,19930801
四川小河沟,四川省,51121060,省级,森林生态,林业部门,四川省,平武县,红豆杉、珙桐、银杏、大熊猫、川金丝猴、扭角羚等,28227.0,1993
四川广元市朝天区水磨沟,四川省,51121070,省级,野生动物,林业部门,四川省,广元市朝天区,"森林及珍稀动植物
林麝、兰科植物及森林生态系统",7337.0,20011001
四川格西沟,四川省,51121073,国家级,野生动物,林业部门,四川省,雅江县,四川雉鹑、绿尾虹雉以及大紫胸鹦鹉等珍稀鸟类,22896.8,19950101
四川老君山,四川省,51121076,国家级,野生动物,林业部门,四川省,屏山县,"四川山鹧鸪及森林生态系统
白腹锦鸡、白鹇、红腹角雉等珍稀野生动植物以及亚热带阔叶林生态环境",3500.0,20000229
四川三打古,四川省,51121077,省级,野生动物,林业部门,四川省,黑水县,"野生动物、珍稀植物
金丝猴、林麝、马麝等",62300.0,20010608
花萼山,四川省,51122024,国家级,森林生态,环保部门,四川省,万源市,森林生态系统及野生动物,48203.39,19960101
黑竹沟,四川省,51122026,国家级,森林生态,林业部门,四川省,峨边彝族自治县,水源涵养林,29643.0,19970101
四川火龙沟,四川省,51122066,省级,森林生态,环保部门,四川省,白玉县,森林及珍稀野生动植物,140600.0,19950301
四川湾坝,四川省,51122072,省级,森林生态,环保部门,四川省,九龙县,森林生态系统,120100.0,19970401
四川墨尔多山,四川省,51122158,省级,森林生态,环保部门,四川省,丹巴县,亚高山针叶林,62163.0,19980504
四川九龙山,四川省,51131104,县市级,森林生态,林业部门,四川省,广元市苍溪县,豹、金雕、林麝等,8048.0,2003
四川朗村,四川省,51131105,县市级,野生动物,林业部门,四川省,新龙县,白唇鹿、黑熊、藏马鸡、豹等野生动物,91489.0,20000101
四川阿仁沟,四川省,51131106,县市级,森林生态,林业部门,四川省,白玉县,野生动、植物,3125.0,20000101
四川炉霍县易日沟,四川省,51131107,县市级,野生动物,林业部门,四川省,炉霍县,"野生动植物及其生境
白唇鹿",1203.0,20000101
四川嘎金雪山,四川省,51131114,县市级,野生动物,林业部门,四川省,得荣县,雪豹等野生动物及高山生态系统,30000.0,20000102
四川三溪口,四川省,51131117,县市级,野生植物,林业部门,四川省,苍溪县,银杏、水杉、柳杉,4240.0,20030301
四川竹厂沟,四川省,51131120,县市级,森林生态,林业部门,四川省,金川县,"森林及野生动植物
雪豹、白唇鹿等野生动物",51089.0,20010608
四川严波也则山,四川省,51131121,县市级,野生动物,林业部门,四川省,阿坝县,"珍稀野生动植物
白唇鹿、绿尾虹雉等",442519.0,20010108
四川小金猕猴,四川省,51131126,县市级,森林生态,林业部门,四川省,阿坝州小金县,猕猴,25070.9,2000
四川观雾山,四川省,51131127,省级,森林生态,林业部门,四川省,江油市,森林生态及野生动植物,21033.7,19920201
四川德格县阿木拉,四川省,51131132,县市级,野生动物,林业部门,四川省,德格县,珍稀野生动物及其生态系统,12003.0,19990101
四川羊子岭,四川省,51131137,县市级,野生植物,林业部门,四川省,雅安市雨城区,珙桐、红豆杉等野生植物,6336.0,20030101
四川凉山攀枝花市白坡山,四川省,51131138,县市级,森林生态,林业部门,四川省,米易县,"森林及野生动植物
云南红豆杉、黄杉等",16300.0,20030301
四川百草坡,四川省,51131141,省级,森林生态,林业部门,四川省,金阳县,森林及野生动植物,44128.0,20010101
四川尼丁大峡谷,四川省,51131142,县市级,森林生态,林业部门,四川省,乡城县,虫草、贝目等药用植物,4600.0,2001
四川五台山猕猴,四川省,51131146,县市级,森林生态,林业部门,四川省,通江县,猕猴、林麝、毛冠鹿为主的珍稀濒危野生动物，野生兰科植物和北亚热带常绿与落叶阔叶混交林生态系统,27900.0,20010201
四川凉山螺髻山,四川省,51131147,省级,野生动物,林业部门,四川省,西昌市,白唇鹿、高山草原及其生态系统,20912.0,19860101
四川布拖乐安,四川省,51131149,县市级,森林生态,林业部门,四川省,布拖县,森林及野生动植物,22751.0,20030101
四川炉霍县卡娘,四川省,51131150,县市级,野生动物,林业部门,四川省,炉霍县,雪豹、白唇鹿等珍稀野生动植物及其生境,380000.0,20020101
四川驷马河流域湿地,四川省,51131152,县市级,森林生态,林业部门,四川省,平昌县,"湿地及珍稀动物
白鹭、猕猴、大鲵等",12162.0,20031001
四川德格县卡松渡,四川省,51131153,县市级,野生动物,林业部门,四川省,德格县,白唇鹿、藏马鸡、林麝等野生动物,29764.0,20010101
四川德格县柯洛洞,四川省,51131154,县市级,野生动物,林业部门,四川省,德格县,金雕、白唇鹿、猞猁等野生动物,9780.0,20010101
四川德格县多普沟,四川省,51131156,县市级,森林生态,林业部门,四川省,德格县,"高山生态系统
岩羊、盘羊、藏马鸡等",22102.0,19980102
白云寨,四川省,51132080,县市级,森林生态,林业部门,四川省,蓬安县,森林生态系统,860.0,19980101
越溪河,四川省,51132081,县市级,森林生态,环保部门,四川省,宜宾县,竹类生态系统、油樟,16000.0,19981201
四川措普沟,四川省,51132083,县市级,森林生态,环保部门,四川省,巴塘县,森林生态系统,57874.0,20011001
田菜斑竹林,四川省,51132090,县市级,野生动物,环保部门,四川省,苍溪县,白鹭及其生境,1040.0,20000902
二郎,四川省,51132092,县市级,森林生态,其他部门,四川省,古蔺县,森林生态系统、文物,1500.0,20000301
古蔺黄荆,四川省,51132093,县市级,森林生态,环保部门,四川省,古蔺县,森林生态系统,36522.0,20020301
四川党岭,四川省,51132095,县市级,森林生态,环保部门,四川省,丹巴县,高山生态系统,47219.0,20000702
四川贾阁山,四川省,51132097,县市级,森林生态,环保部门,四川省,平昌县,森林生态系统,1630.0,20030501
三岔湖,四川省,51132099,县市级,森林生态,环保部门,四川省,简阳市, 自然生态系统,3438.0,2001
四川龙门报国寺,四川省,51132101,县市级,森林生态,其他部门,四川省,乐至县,森林生态系统,2311.0,20000901
四川彝海,四川省,51232091,县市级,草原草甸,林业部门,四川省,冕宁县,高山草地,2000.0,20000101
四川若尔盖湿地,四川省,51411009,国家级,湿地生态,林业部门,四川省,若尔盖县,高寒沼泽湿地及黑颈鹤等野生动物,166570.6,19941118
四川卡莎湖,四川省,51421028,省级,湿地生态,林业部门,四川省,炉霍县,"湿地及珍稀鸟类
黑颈鹤、中华秋沙鸭、豹雪、等野生动物",22300.0,19870101
四川海子山高原湖泊群,四川省,51421034,国家级,湿地生态,林业部门,四川省,理塘县、稻城县,"高寒湿地生态系统及白唇鹿、马麝、藏马鸡等珍稀动物
白唇鹿、马麝、金雕、藏马鸡、鹅掌楸、雪连花、虫草等",459161.0,19951108
四川长沙贡玛,四川省,51421037,国家级,野生动物,林业部门,四川省,石渠县,高寒湿地生态系统和藏野驴、雪豹、野牦牛、藏原羚等珍稀动物,669800.0,19971208
四川德格县新路海,四川省,51421047,省级,野生动物,林业部门,四川省,德格县,白唇鹿、雪豹、黑颈鹤等珍稀野生动物,16875.0,19960101
四川曼则塘湿地,四川省,51421074,省级,湿地生态,林业部门,四川省,阿坝县,"湿地及珍稀野生动植物
金雕、黑颈鹤",365874.5,20010608
四川龙泉湖,四川省,51422078,省级,湿地生态,环保部门,四川省,简阳市,水域生态系统,552.0,19980901
四川日巴雪山,四川省,51431109,县市级,野生动物,林业部门,四川省,新龙县,"野生动植物
豹、马鹿",21064.0,20000101
四川友谊,四川省,51431110,县市级,湿地生态,林业部门,四川省,新龙县,豹、白唇鹿等珍稀野生动植物,71452.0,2000
四川雄龙西,四川省,51431111,县市级,野生动物,林业部门,四川省,新龙县,白唇鹿、金雕等珍稀野生动植物,171065.0,20000102
四川格木,四川省,51431115,县市级,湿地生态,林业部门,四川省,理塘县,"高原湖泊及珍稀野生动物
白唇鹿、金钱豹、雪豹",82963.0,20000801
四川盐源泸沽湖湿地,四川省,51431118,县市级,湿地生态,环保部门,四川省,盐源县,草海(湿地生态系统)、白鹳,60000.0,20000102
四川红原日干乔湿地,四川省,51431119,县市级,湿地生态,林业部门,四川省,红原县,以黑颈鹤、黑鹳等为主,122400.0,1999
四川五通桥湿地,四川省,51431124,县市级,湿地生态,林业部门,四川省,乐山市五通桥区,黑鹳、黑颈鹤、苍鹭,2466.67,2000
四川阆中构溪河-嘉陵江湿地,四川省,51431125,县市级,湿地生态,林业部门,四川省,阆中市,"湿地生态系统
鸳鸯、鸢、雀鹰等",65830.0,19991101
四川三台白鹳及湿地,四川省,51431128,县市级,湿地生态,林业部门,四川省,三台县,白鹳及湿地,63940.0,1998
四川游仙水禽湿地,四川省,51431129,县市级,湿地生态,林业部门,四川省,绵阳市游仙区,湿地、中华秋沙鸭等,11073.0,1983
四川盐亭白鹭,四川省,51431130,县市级,湿地生态,林业部门,四川省,盐亭县,白鹭及湿地,16300.0,1998
四川涪城古楼山鹭鸟类湿地,四川省,51431131,县市级,湿地生态,林业部门,四川省,涪城区,白鹭及湿地,11660.0,1999
四川墨拉姜措黑颈鹤,四川省,51431135,县市级,湿地生态,林业部门,四川省,白玉县,黑颈鹤等湿地鸟类,5834.0,2000
四川喀哈尔乔湿地,四川省,51431139,县市级,湿地生态,林业部门,四川省,若尔盖县,"高原湿地生态系统
黑颈鹤等珍稀野生动物",222000.0,20030101
四川所冲,四川省,51431144,县市级,野生动物,林业部门,四川省,稻城县,白唇鹿、藏马鸡、马麝、林麝等野生动物,16600.0,20020101
四川滚巴,四川省,51431145,县市级,湿地生态,林业部门,四川省,稻城县,湿地及鸟类,20500.0,2002
四川南莫且湿地,四川省,51431148,省级,湿地生态,林业部门,四川省,阿坝州壤塘县,"湿地生态系统
黑颈鹤、斑尾榛鸡等",82834.0,20020901
四川马乌,四川省,51431155,县市级,野生动物,林业部门,四川省,稻城县,岩羊、盘羊、藏马鸡等野生动物,27700.0,20020101
诺水河大鲵,四川省,51432094,省级,湿地生态,环保部门,四川省,通江县,"河流生态系统
水生动物",63000.0,19860101
黑水寺,四川省,51432100,县市级,湿地生态,环保部门,四川省,简阳市,水域生态系统,300.0,20031001
四川曲河,四川省,51433084,县市级,野生动物,农业部门,四川省,色达县,大鲵、花鱼等水生动物,43000.0,20020901
宝兴河,四川省,51433086,县市级,湿地生态,农业部门,四川省,宝兴县,湿地生态系统,528.0,19990426
泸沽湖,四川省,51438082,县市级,湿地生态,其他部门,四川省,盐源县, 湿地生态系统,60000.0,2000
四川九寨沟,四川省,51611001,国家级,野生动物,林业部门,四川省,九寨沟县,大熊猫等珍稀野生动物及森林生态系统,64297.0,19781215
四川卧龙,四川省,51611003,国家级,野生动物,林业部门,四川省,汶川县,大熊猫、金丝猴、扭角羚、珙桐等及高山森林生态系统,200000.0,19630402
四川唐家河,四川省,51611004,国家级,野生动物,林业部门,四川省,青川县,"大熊猫等珍稀野生动物及森林生态系统
大熊猫、金丝猴、扭角羚、豹、云豹、林麝、金雕、绿尾虹雉、雉鹑、珙桐、银杏、红豆杉等",40000.0,19860709
四川马边大风顶,四川省,51611005,国家级,野生动物,林业部门,四川省,马边彝族自治县,"大熊猫等珍稀野生动物及森林生态系统
大熊猫、金丝猴、牛羚、四川山鹧鸪、珙桐、水青树等",30164.0,19781215
四川蜂桶寨,四川省,51611006,国家级,野生动物,林业部门,四川省,宝兴县,大熊猫等珍稀野生动物及森林生态系统,39039.0,19750320
四川王朗,四川省,51611011,国家级,野生动物,林业部门,四川省,平武县,大熊猫、金丝猴、扭角羚、豹、云豹等珍稀动物及森林生态系统,32297.0,19630402
四川察青松多白唇鹿,四川省,51611012,国家级,野生动物,林业部门,四川省,白玉县,白唇鹿、雪豹等野生动物,143682.6,19950101
四川美姑大风顶,四川省,51611020,国家级,野生动物,林业部门,四川省,美姑县,"大熊猫等珍稀野生动物及森林生态系统
牛羚,豹,云豹,麝,黑熊,四川山鹧鸪,小熊猫,血雉,珙桐,水青树,连香树,红豆杉等",50655.0,19781215
四川小金四姑娘山国家级自然保护区,四川省,51612015,国家级,野生动物,环保部门,四川省,小金县,野生动物及高山生态系统,56000.0,19950301
四川长江合江-雷波段国家级自然保护区,四川省,51616018,国家级,野生动物,水利部门,四川省,泸州市,珍稀鱼类,16670.0,2000
四川木里鸭嘴,四川省,51621029,省级,野生动物,林业部门,四川省,木里藏族自治县,马鹿等野生动物,10000.0,19630402
四川金汤孔玉,四川省,51621031,省级,野生动物,林业部门,四川省,康定县,"珍稀动物及其生境
四川金丝猴、羚牛",23574.0,19950101
四川马鞍山大熊猫,四川省,51621032,省级,野生动物,林业部门,四川省,甘洛县,大熊猫、豹、四川山鹧鸪、绿尾虹雉等,27981.0,2001
四川栗子坪,四川省,51621033,国家级,森林生态,林业部门,四川省,石棉县,"森林生态系统
大熊猫等珍稀野生动植物及其生境",40903.0,20010101
四川洛须白唇鹿,四川省,51621035,省级,野生动物,林业部门,四川省,石渠县,白唇鹿、藏野驴、野牦牛、雪豹、黑颈鹤等野生动物,155350.0,19950101
四川竹巴笼,四川省,51621036,省级,野生动物,林业部门,四川省,巴塘县,矮岩羊等野生动物及其生境,28198.0,19950101
四川草坡,四川省,51621040,省级,野生动物,林业部门,四川省,汶川县,大熊猫及其生境,55678.4,20001202
四川铁布梅花鹿,四川省,51621043,省级,野生动物,林业部门,四川省,若尔盖县,梅花鹿等珍稀动物,20000.0,19650101
四川莫斯卡,四川省,51621046,省级,野生动物,林业部门,四川省,丹巴县,白唇鹿、雪豹、玉带海雕等珍稀动物及生境,13700.0,19951101
四川宝顶沟,四川省,51621048,省级,野生动物,林业部门,四川省,茂县,"森林及野生动物
大熊猫",19560.0,19850101
四川小寨子沟,四川省,51621051,国家级,野生动物,林业部门,四川省,北川羌族自治县,"大熊猫、扭角羚及森林生态系统
金丝猴",44391.0,19940501
四川黄龙寺,四川省,51621052,省级,野生动物,林业部门,四川省,松潘县,大熊猫及森林生态系统,55050.5,19830101
四川片口,四川省,51621054,省级,野生动物,林业部门,四川省,北川羌族自治县,大熊猫、金丝猴、森林生态系统,82930.0,19940501
四川麻咪泽,四川省,51621055,省级,野生动物,林业部门,四川省,雷波县,大熊猫、四川山鹧鸪、绿尾虹雉、白腹锦鸡、红腹角雉、珙桐、连香树、红豆杉、、伯乐树等,38800.0,2001
四川千佛山,四川省,51621056,省级,野生动物,林业部门,四川省,安县、北川县,大熊猫、川金丝猴、扭角羚及其生境,17710.0,19930401
四川申果庄大熊猫,四川省,51621057,省级,野生动物,林业部门,四川省,越西县,大熊猫等野生动物及其生境,33700.0,20020101
四川鞍子河,四川省,51621058,省级,野生动物,林业部门,四川省,崇州市,"大熊猫、川金丝猴及森林生态系统
牛羚、雉鹑、绿尾红雉、水青树、连香树、珙桐、光叶珙桐、水杉等",10141.0,19930801
四川勿角,四川省,51621059,省级,野生动物,林业部门,四川省,九寨沟县,大熊猫、川金丝猴、扭角羚及其生境,36280.21,19930101
四川瓦屋山,四川省,51621061,省级,野生动物,林业部门,四川省,洪雅县,"大熊猫、川金丝猴、扭角羚等珍稀动物
大熊猫、牛羚、云豹、绿尾虹雉、珙桐、红豆杉、连香树、水青树、香果树等",36490.1,19931201
四川黑水河,四川省,51621062,省级,野生动物,林业部门,四川省,大邑县,"大熊猫及森林生态系统
金丝猴、扭角羚、绿尾虹雉、珙桐、红豆杉等",31790.0,19930601
四川九顶山,四川省,51621063,省级,野生动物,林业部门,四川省,绵竹市,"大熊猫等珍稀动物
珙桐、光叶珙桐、银杏、大熊猫、金丝猴、扭角羚、云豹、绿尾虹雉、斑尾榛鸡、金雕、雉鹑",61640.0,19990101
四川冶勒,四川省,51621065,省级,野生动物,林业部门,四川省,冕宁县,大熊猫、豹、雪豹、牛羚、绿尾虹雉、小熊猫,24293.0,1993
四川毛寨,四川省,51621069,省级,野生动物,林业部门,四川省,青川县,"金丝猴及森林生态系统
金丝猴、大熊猫等",14150.0,20011001
四川东阳沟,四川省,51621071,省级,野生动物,林业部门,四川省,青川县,大熊猫、金丝猴、猴等及森林生态系统,30760.0,20011001
四川周公河,四川省,51623021,省级,野生动物,农业部门,四川省,雅安市雨城区,水生野生动物,419.37,19990501
百里峡,四川省,51623023,省级,野生动物,环保部门,四川省,宣汉县,水生野生动物,26259.5,19990101
天全河珍稀鱼类,四川省,51626025,省级,野生动物,农业部门,四川省,天全县,水生野生动物,3168.61,20000101
四川扎嘎神山,四川省,51631098,县市级,湿地生态,林业部门,四川省,理塘县,"高原湖泊及白唇鹿、金雕等动植物
金钱豹、雪豹",84581.0,20000801
四川南充鹭鸟,四川省,51631103,县市级,野生动物,林业部门,四川省,南充市,慈竹、柏杨、桤木,9362.0,2000
四川年龙,四川省,51631108,县市级,野生动物,林业部门,四川省,色达县,雪豹、白唇鹿等野生动物,75174.0,2000
四川台站沟,四川省,51631112,县市级,野生动物,林业部门,四川省,道孚县,"岩羊、雪豹等珍稀动物及其生境
西藏野驴、豹等",18136.0,20000101
四川玉科,四川省,51631113,县市级,野生动物,林业部门,四川省,道孚县,云豹、雪豹、白唇鹿等,56611.0,2000
四川格聂神山,四川省,51631116,县市级,野生动物,林业部门,四川省,理塘县,白唇鹿、金钱豹、雪豹,175576.0,2000
四川杜苟拉,四川省,51631122,县市级,森林生态,林业部门,四川省,阿坝州壤塘县,"森林及野生动植物
斑尾榛鸡、金雕等",127841.0,20010608
四川龙滴水大熊猫,四川省,51631134,县市级,野生动物,林业部门,四川省,松潘县,大熊猫及其生境,27000.0,20040301
四川冷达沟,四川省,51631136,县市级,野生动物,林业部门,四川省,甘孜县,白唇鹿等珍稀野生动物及其生境,73490.0,20030101
四川包座,四川省,51631140,县市级,湿地生态,林业部门,四川省,若尔盖县,"湿地及野生动植物
大熊猫、梅花鹿等",143848.0,20030101
四川佛珠峡,四川省,51631143,县市级,野生动物,林业部门,四川省,乡城县,白唇鹿、藏马鸡、马麝、林麝、盘羊等珍稀动物,9620.0,20000101
四川措普沟,四川省,51631151,县市级,野生动物,林业部门,四川省,巴塘县,岩羊、雪豹等珍稀动物,45000.0,2001
牛滩白鹭,四川省,51632087,县市级,野生动物,环保部门,四川省,泸县,白鹭及其生境,1000.0,20001102
雀儿山,四川省,51632088,县市级,野生动物,环保部门,四川省,德格县, 野生动物及高山生态系统,24500.0,1999
通川白鹭,四川省,51632089,县市级,野生动物,环保部门,四川省,达州市通川区,白鹭及其生境,1400.0,19920101
赤水河,四川省,51633102,县市级,野生动物,农业部门,四川省,泸州市, 水生野生动物,3330.0,1987
四川攀枝花苏铁,四川省,51711002,国家级,野生植物,林业部门,四川省,攀枝花市西区,攀枝花苏铁等珍稀濒危动植物及其生境,1400.0,19830101
四川画稿溪国家级自然保护区,四川省,51712017,国家级,野生植物,环保部门,四川省,叙永县,桫椤等珍稀植物及地质遗迹,23827.0,19980101
四川翠云廊古柏（元坝）,四川省,51721038,省级,野生植物,林业部门,四川省,广元市元坝区,古柏、古驿道,4000.0,2000
四川大小兰沟,四川省,51721042,省级,野生植物,林业部门,四川省,南江县,巴山水青冈及其生境,40155.0,19910102
四川荣县桫椤,四川省,51721045,省级,野生植物,林业部门,四川省,自贡市,"赤桫椤,黑桫椤,水杉等",300.0,1986
四川翠云廊古柏（梓潼）,四川省,51721064,省级,野生植物,林业部门,四川省,梓潼县,古柏、古驿道,10000.0,2000
四川翠云廊古柏（剑阁）,四川省,51721067,省级,野生植物,林业部门,四川省,剑阁县,古柏、古驿道,17030.0,2000
四川马尔康岷江柏,四川省,51731123,县市级,野生植物,林业部门,四川省,阿坝州马尔康县,岷江柏、红豆杉等珍稀植物,50600.0,20010608
四川邻水倒须沟树厥,四川省,51731133,县市级,野生植物,林业部门,四川省,邻水县,树厥及森林生态系统,800.0,1983
四川会理软籽石榴,四川省,51732079,县市级,野生植物,环保部门,四川省,会理县,软籽石榴及其生境,12000.0,20000102
四川光雾山,四川省,51828068,省级,地质遗迹,其他部门,四川省,南江县,自然地质地貌,34984.0,19960101
青眉岩溶,四川省,51832085,县市级,地质遗迹,环保部门,四川省,资中县, 岩溶地质地貌,5600.0,1999
四川龙门山,四川省,51832096,县市级,地质遗迹,环保部门,四川省,彭州市,冰川漂砾,10000.0,19990101
睢水海绵生物礁,四川省,51922027,省级,古生物遗迹,环保部门,四川省,安县,海绵生物礁遗迹,5230.0,1999
安岳恐龙化石群,四川省,51922075,省级,古生物遗迹,环保部门,四川省,安岳县,恐龙化石,5000.0,19971201
长江上游珍稀、特有鱼类,四川省,川01,国家级,野生动物,农业部门,四川省,四川省、贵州省、云南省、重庆市,珍稀鱼类及河流生态系统,33174.2,19971208
四川中山鹭类,四川省,渝16,县市级,野生动物,林业部门,四川省,重庆市江津区,鹭类及其生境,667.0,20010401
白市驿,四川省,渝04,县市级,野生动物,林业部门,四川省,重庆市九龙坡区,鹭类及其生境,150.0,19980601
四川诺水河珍稀水生动物,四川省,川65,国家级,野生动物,农业部门,四川省,通江县,大鲵及其生境,9220.0,20020101
平武小河沟,四川省,川25,省级,野生动物,林业部门,四川省,平武县,大熊猫、川金丝猴、扭角羚及其生境,28227.0,19930801
四川日干桥,四川省,川100,县市级,草原草甸,林业部门,四川省,红原县,高山草地,107536.0,20000101
四川泰宁玉科,四川省,川114,省级,森林生态,环保部门,四川省,道孚县,森林植被、地形地貌,141474.0,19980301
白河金丝猴,四川省,川83,省级,野生动物,林业部门,四川省,九寨沟县,金丝猴等野生动物,16204.0,19630402
四川色达年龙,四川省,川137,县市级,野生动物,林业部门,四川省,色达县,雪豹等珍稀野生动植物及其生境,75175.0,20000101
四川三台水禽及湿地,四川省,111112312,---,---,林业部门,四川省,三台县,野生水禽及湿地生态系统,63940.0,19980926
四川苍溪九龙山,四川省,川40,省级,森林生态,林业部门,四川省,苍溪县,森林及野生动植物,8048.0,20030501
四川亿比措湿地,四川省,川115,省级,湿地生态,林业部门,四川省,道孚县、康定县、雅江县,高寒湿地生态系统,27275.7,20050101
四川余家山,四川省,11123231,---,野生动物,林业部门,四川省,平武县,大能猫、金丝猴等野生动植物资源,894.0,20060327
四川金口河八月林,四川省,121121232,---,野生动物,林业部门,四川省,乐山金口河区,珍稀野生动植物资源和自然生态系统,10234.5,20060815
嘉陵江水源湿地,四川省,川30,县市级,湿地生态,林业部门,四川省,广元市朝天区,嘉陵江水源湿地,6846.7,20051201
大相岭,四川省,川59,县市级,野生动物,林业部门,四川省,荥经县,大熊猫及其生境,233.0,20030401
四川热打尼丁,四川省,川145,县市级,野生动物,林业部门,四川省,乡城县,白唇鹿、藏马鸡、马麝、林麝等,1960.0,20000101
巴丁拉姆,四川省,川154,县市级,森林生态,林业部门,四川省,木里藏族自治县,森林及熊、金雕、麝等野生动物,21086.0,20060401
四川恰郎多吉,四川省,川155,县市级,野生动物,林业部门,四川省,木里藏族自治县,麝、雪豹、金雕、盘羊、熊及森林生态系统,39076.0,20060401
四川神仙山,四川省,川110,县市级,湿地生态,林业部门,四川省,雅江县,湿地生态系统,39114.0,20020101
四川孜龙河坝,四川省,川112,县市级,湿地生态,林业部门,四川省,道孚县,湿地生态系统及鸟类,300.0,20020101
金花桫椤,四川省,川08,省级,野生植物,林业部门,四川省,荣县,桫椤及其生境,53.0,19861001
贡杠岭,四川省,川85,省级,野生动物,林业部门,四川省,九寨沟县,大熊猫及其栖息地,147844.0,20090918
四川格聂渔业,四川省,川139,县市级,野生动物,农业部门,四川省,理塘县,野生鱼类及其生境,420.0,20020101
黔江小南海湿地,四川省,渝14,县市级,湿地生态,林业部门,四川省,重庆市黔江区,湿地生态系统,8902.0,20110101
蒲江白鹭,四川省,川03,县市级,野生动物,林业部门,四川省,蒲江县,白鹭及其栖息地环境,500.0,20020128
天仙洞,四川省,川12,县市级,森林生态,其他部门,四川省,泸州市纳溪区,森林植被、人文景观、石刻,5230.0,19980301
南滩白鹭,四川省,川14,县市级,野生动物,其他部门,四川省,合江县,白鹭及其生境,512.0,20040101
福宝,四川省,川15,县市级,森林生态,环保部门,四川省,合江县,森林生态系统,38000.0,19890101
蓥华山,四川省,川19,县市级,森林生态,林业部门,四川省,什邡市,森林及珍稀动植物,10600.0,19971101
天台山,四川省,川21,省级,古生物遗迹,环保部门,四川省,安县,海绵生物礁遗迹,5230.0,19990701
大小沟,四川省,川32,县市级,野生动物,环保部门,四川省,青川县,野生动物及其生境,4067.0,20000101
翠云廊古柏,四川省,川36,省级,野生植物,林业部门,四川省,剑阁县、元坝县、梓潼县,古柏及森林生态系统,27155.0,20000301
长坝山,四川省,川41,县市级,森林生态,林业部门,四川省,内江市东兴区,松树林,600.0,20000601
白云峡,四川省,川42,县市级,森林生态,环保部门,四川省,资中县,自然景观、森林,5600.0,19990319
四川筠连大雪山,四川省,川51,县市级,森林生态,环保部门,四川省,筠连县,森林生态系统及雪山景观,60000.0,20010101
倒须沟,四川省,川53,县市级,野生植物,林业部门,四川省,邻水县,桫椤及其生境,300.0,19830101
宅龙,四川省,川88,县市级,森林生态,林业部门,四川省,小金县,森林及野生动植物,25071.0,20030101
雍忠岭,四川省,川104,县市级,森林生态,林业部门,四川省,丹巴县,森林及野生动植物,31300.0,20020101
志巴沟,四川省,川129,县市级,野生动物,林业部门,四川省,德格县,白唇鹿等野生动植物,9320.3,20030101
四川麦拉降措,四川省,川131,县市级,野生动物,林业部门,四川省,白玉县,黑颈鹤等湿地鸟类及其生境,5834.0,20010701
四川错然津,四川省,川138,县市级,野生动物,农业部门,四川省,理塘县,野生鱼类及其生境,225.0,20020101
龙肘山,四川省,川157,县市级,野生植物,林业部门,四川省,会理县,杜鹃花、石栎等野生植物及其生境,2500.0,19920101
四川交际河,四川省,川160,县市级,湿地生态,林业部门,四川省,布拖县,湿地生态系统及野生动植物,65221.0,20010801
四川治勒,四川省,川163,省级,野生动物,林业部门,四川省,冕宁县,大熊猫、川金丝猴、扭角羚等珍稀动物,24293.0,19930101
天津八仙山,天津市,12111003,国家级,森林生态,林业部门,天津市,蓟县,黄檗、次生森林生态系统,5360.0,1984
天津盘山风景名胜古迹自然保护区,天津市,12128004,省级,森林生态,其他部门,天津市,蓟县, 森林生态系统、风景名胜古迹,710.0,1984
天津港北防风固沙林,天津市,12131009,县市级,森林生态,林业部门,天津市,武清区,防风固沙林,760.0,1994
天津团泊鸟类,天津市,12421005,省级,湿地生态,林业部门,天津市,静海县,湿地珍禽候鸟,6000.0,1995
天津北大港湿地,天津市,12421006,省级,湿地生态,林业部门,天津市,大港区,东方白鹳、黑鹤、丹顶鹤等,43500.0,2001
天津大黄堡,天津市,12431007,县市级,湿地生态,林业部门,天津市,武清区,芦苇沼泽湿地及珍稀鸟,11200.0,2005
天津古海岸与湿地国家级自然保护区,天津市,12514001,国家级,海洋海岸,海洋部门,天津市,宁河县、大港区、津南区、塘沽区、汉沽区,古海岸遗迹及湿地,99000.0,1992
天津东丽湖,天津市,12638008,县市级,野生动物,其他部门,天津市,东丽区,水生生态及水生生物,2200.0,1997
天津蓟县中上元古界国家级自然保护区,天津市,12812002,国家级,地质遗迹,环保部门,天津市,蓟县,中上元古地层剖面,900.0,1984
天津青龙湾,天津市,津03,省级,森林生态,林业部门,天津市,天津市宝坻区,防风固沙林,416.0,20030627
六盘山,宁夏省,64111001,国家级,森林生态,林业部门,宁夏省,原州区、隆德县、泾源县,"水源涵养林及野生动物
森林、植被、金钱豹等",26784.0,19820501
宁夏罗山,宁夏省,64111002,国家级,森林生态,林业部门,宁夏省,同心县,"珍稀野生动植物及森林生态系统
青海云杉、油松等金雕",33710.0,19820701
宁夏贺兰山,宁夏省,64111005,国家级,森林生态,林业部门,宁夏省,银川市、永宁县、贺兰县、石嘴山市,"森林生态系统、野生动植物资源
四合木、斑籽、麻黄等",193535.69,19820701
宁夏彭阳挂马沟,宁夏省,64131013,县市级,森林生态,林业部门,宁夏省,彭阳,森林生态系统,16600.0,2003
宁夏云雾山,宁夏省,64223011,省级,森林生态,农业部门,宁夏省,固原市,干旱草原生态系统,4000.0,19820401
宁夏灵武白芨滩,宁夏省,64311003,国家级,荒漠生态,林业部门,宁夏省,灵武市,"天然柠条母树林及沙生植被
毛头刺、沙冬青、拧条",74843.0,19850101
宁夏沙坡头国家级自然保护区,宁夏省,64312006,国家级,荒漠生态,环保部门,宁夏省,中卫市,"自然沙生植被及人工治沙植被
沙漠区域荒漠生态系统",14043.09,19840901
宁夏盐池哈巴湖,宁夏省,64411004,国家级,湿地生态,林业部门,宁夏省,盐池,湿地生态系统,84000.0,19980701
青铜峡库区,宁夏省,64422007,省级,湿地生态,环保部门,宁夏省,青铜峡市,湿地生态系统,19500.0,20020701
党家岔（震湖）,宁夏省,64422008,省级,湿地生态,其他部门,宁夏省,西吉县,湿地生态系统及野生动植物,4100.0,20021201
沙湖,宁夏省,64423010,省级,湿地生态,农业部门,宁夏省,平罗县,湿地生态系统及珍禽,5580.0,19970101
西吉火石寨丹霞地貌,宁夏省,64822009,国家级,地质遗迹,环保部门,宁夏省,西吉县,地质遗迹、野生动植物,9795.0,2002
石峡沟泥盆系剖面,宁夏省,64827012,省级,地质遗迹,国土部门,宁夏省,中宁县,泥盆系、第三系地质剖面及古生物群,4500.0,19900201
六盘山省级,宁夏省,宁11,省级,森林生态,林业部门,宁夏省,泾源县、隆德县、固原市原州区,水源涵养林及野生动物,41079.0,19820501
海原南华山,宁夏省,宁14,省级,森林生态,林业部门,宁夏省,海原县,水源涵养林、野生动植物,20100.5,20041201
老山头荷花,安徽省,23732177,县市级,野生植物,环保部门,安徽省,五常市, 野生荷花,40.0,1988
安徽天马,安徽省,34111001,国家级,森林生态,林业部门,安徽省,金寨,森林生态系统及原麝等,28914.0,1982
安徽牯牛降,安徽省,34111005,国家级,森林生态,林业部门,安徽省,石台、祁门,森林生态系统及珍稀动植物,6713.0,1982
安徽鹞落坪国家级自然保护区,安徽省,34112006,国家级,森林生态,环保部门,安徽省,岳西县,北亚热带常绿阔叶林、珍稀动植物，原麝、白冠长尾雉、石斛等兰科植物,12300.0,19911229
安徽宁国板桥,安徽省,34121007,省级,森林生态,林业部门,安徽省,宁国市,北中亚热带常绿阔叶林及珍稀动植物,5000.0,19951221
安徽黄山区十里山,安徽省,34121008,省级,森林生态,林业部门,安徽省,黄山市黄山区,中亚热带常绿阔叶林及其珍稀动植物,1936.0,19951221
安徽休宁岭南,安徽省,34121009,省级,森林生态,林业部门,安徽省,休宁县,"森林及野生动植物
中亚热带长绿阔叶林",2771.0,19951221
安徽歙县清凉峰,安徽省,34121010,国家级,森林生态,林业部门,安徽省,歙县,中亚热带长绿阔叶林,1000.0,1982
安徽祁门查湾,安徽省,34121011,省级,森林生态,林业部门,安徽省,祁门县,"森林及珍稀动植物
森林生态系统及黑麂等",1600.0,20010406
安徽绩溪清凉峰,安徽省,34121012,省级,森林生态,林业部门,安徽省,绩溪,中亚热带长绿阔叶林,3000.0,1986
安徽萧县皇藏峪,安徽省,34121013,省级,森林生态,林业部门,安徽省,萧县,暖温带落叶阔叶林,2067.0,19820601
安徽滁州皇甫山,安徽省,34121014,省级,森林生态,林业部门,安徽省,滁州市南谯区,"北亚热带落叶阔叶林和鸟类资源
森林生态系统及獐、鹰",3600.0,19820601
安徽贵池区老山,安徽省,34121015,省级,森林生态,林业部门,安徽省,池州市贵池区,亚热带常绿阔叶林森林生态系统及金钱松、云豹、珍稀鸟类,16909.0,1998
安徽黄山区九龙峰,安徽省,34121019,省级,森林生态,林业部门,安徽省,黄山市黄山区,森林生态系统及黑麂等,2720.0,20010406
安徽徽州天湖,安徽省,34121025,省级,森林生态,林业部门,安徽省,黄山市徽州区,阔叶林及野生动植物,4500.0,20000318
安徽黟县五溪山,安徽省,34121026,省级,森林生态,林业部门,安徽省,黟县,中亚热带长绿阔叶林,4050.0,2000
安徽潜山板仓,安徽省,34121027,省级,森林生态,林业部门,安徽省,潜山县,森林生态、珍稀动植物、水源涵养林,1523.2,19951221
安徽霍山佛子岭,安徽省,34121028,省级,森林生态,林业部门,安徽省,霍山县,水源涵养林、珍稀野生动植物,6667.0,20001222
安徽舒城万佛山,安徽省,34121029,省级,森林生态,林业部门,安徽省,舒城县,北亚热带常绿阔叶林及珍稀动植物,2000.0,19870801
安徽岳西枯井园,安徽省,34121030,省级,森林生态,林业部门,安徽省,岳西县,北亚热带常绿阔叶林、原麝、白冠长尾雉、兰科植物,4000.0,20000318
安徽东至紫石塔,安徽省,34131031,县市级,森林生态,林业部门,安徽省,东至县,"森林生态系统及野生动物
黑麂等",6670.0,19980801
安徽升金湖,安徽省,34411002,国家级,湿地生态,林业部门,安徽省,东至县、池州市贵池区,白鹳等珍稀鸟类及湿地生态系统,33400.0,19860204
安徽霍邱东西湖,安徽省,34421016,省级,湿地生态,林业部门,安徽省,霍邱县,"水鸟及其生境
湿地生态系统及鹤类等",14200.0,20010406
安徽安庆沿江水禽,安徽省,34421017,省级,湿地生态,林业部门,安徽省,宿松、太湖、望江、枞阳、桐城、郊区,湿地生态系统及白鹤等,120000.0,1995
安徽颖上八里河,安徽省,34421018,省级,野生动物,林业部门,安徽省,颍上县,白鹳、白头鹤、大鸨、琵琶、鸳鸯等珍稀鸟类,14600.0,20010406
安徽当涂石臼湖,安徽省,34421021,省级,湿地生态,林业部门,安徽省,当涂县,珍稀水禽及其生境,10667.0,20010406
安徽贵池区十八索,安徽省,34421022,省级,野生动物,林业部门,安徽省,池州市贵池区,白鹳、小天鹅等珍稀鸟类及湿地生态系统,7500.0,20010406
沱湖,安徽省,34422023,省级,湿地生态,环保部门,安徽省,五河县,特种水产品及鸟类、湿地生态系统,4200.0,19940701
安徽扬子鳄,安徽省,34611003,国家级,野生动物,林业部门,安徽省,宣城市宣州区、郎溪县、广德县、泾县、南陵县,扬子鳄及其生境,18565.0,19820101
安徽铜陵淡水豚国家级自然保护区,安徽省,34612004,国家级,野生动物,环保部门,安徽省,铜陵、贵池、枞阳、无为等县市,淡水豚类、珍稀鱼类,31518.0,19850915
铜陵淡水豚类,安徽省,34622024,省级,野生动物,环保部门,安徽省,铜陵县, 白暨豚、江豚等珍稀水生生物和河流生态,19800.0,2000
龙山猫头鹰,安徽省,34632032,县市级,野生动物,环保部门,安徽省,涡阳县, 猫头鹰及其生境,38.0,1984
砀山酥梨,安徽省,34722020,省级,野生植物,环保部门,安徽省,砀山县,砀山酥梨种质资源,8892.0,20001222
古牛绛,安徽省,皖80,国家级,森林生态,林业部门,安徽省,祁门县、石台县,森林生态系统及珍稀动植物,6713.3,19821028
金寨天马,安徽省,皖94,国家级,森林生态,林业部门,安徽省,金寨县,北亚热带常绿落叶阔叶混交林,28913.7,19820601
安徽清凉峰,安徽省,皖103,国家级,森林生态,林业部门,安徽省,绩溪、歙县,中亚热带常绿阔叶林及珍稀濒危动植物,7811.2,19790101
盘台,安徽省,皖100,县市级,森林生态,林业部门,安徽省,青阳县,森林生态系统及动植物,540.0,20060417
安徽和平鹭鸟,安徽省,皖01,县市级,野生动物,环保部门,安徽省,芜湖县,野生鹭鸟,6870.0,20030319
陶辛水韵,安徽省,皖02,县市级,野生动物,环保部门,安徽省,芜湖县,水生生物及湿地,3270.0,20030319
四方湖湿地,安徽省,皖03,县市级,湿地生态,林业部门,安徽省,怀远县,珍稀水禽及其湿地生态系统,10054.0,20040202
固镇县两河湿地,安徽省,皖05,县市级,湿地生态,林业部门,安徽省,固镇县,湿地生态系统,6000.0,20040202
汀溪,安徽省,皖101,县市级,森林生态,林业部门,安徽省,宣城市,森林生态系统,7000.0,20050418
安庆沿江湿地,安徽省,皖08,省级,湿地生态,林业部门,安徽省,安庆市宜秀区、桐城市、望江县、枞阳县、宿松县、太湖县,珍稀水禽及湿地生态系统,120000.0,19951221
黄山天湖山,安徽省,皖13,县市级,森林生态,林业部门,安徽省,黄山市黄山区,中亚热带常绿落叶阔叶混交林、珍稀濒危动植物,2174.0,20071011
西溪湿地,安徽省,皖15,县市级,湿地生态,林业部门,安徽省,黄山市黄山区,湿地生态系统,4710.0,20071011
安徽龙门台,安徽省,皖16,县市级,森林生态,林业部门,安徽省,黄山市徽州区,森林及珍稀动植物,196.0,20070626
小容,安徽省,皖17,县市级,森林生态,林业部门,安徽省,黄山市徽州区,森林及珍稀动植物,393.0,20070626
蜀源,安徽省,皖18,县市级,森林生态,林业部门,安徽省,黄山市徽州区,森林生态系统,410.0,20070626
黄山鸳鸯湖,安徽省,皖19,县市级,森林生态,林业部门,安徽省,黄山市徽州区,森林及野生动植物,505.0,20070626
六股尖,安徽省,皖21,省级,森林生态,林业部门,安徽省,休宁县,森林与野生动植物,2747.0,20060417
马金岭,安徽省,皖23,县市级,森林生态,林业部门,安徽省,休宁县,森林及珍稀动植物,4005.0,20070810
白石岩,安徽省,皖24,县市级,森林生态,林业部门,安徽省,黟县,森林生态系统,1723.0,20070902
黟县清溪,安徽省,皖25,县市级,野生动物,林业部门,安徽省,黟县,金头闭壳龟、黑麂、南方红豆杉,3000.0,20070822
天龙,安徽省,皖27,县市级,森林生态,林业部门,安徽省,黟县,森林生态系统,2485.3,20070902
祁山,安徽省,皖28,县市级,森林生态,林业部门,安徽省,祁门县,常绿阔叶林,102.0,20070910
响潭,安徽省,皖29,县市级,森林生态,林业部门,安徽省,祁门县,常绿落叶阔叶林,127.0,20070910
螺丝坑,安徽省,皖30,县市级,森林生态,林业部门,安徽省,祁门县,常绿阔叶林,128.0,20070910
林村,安徽省,皖31,县市级,森林生态,林业部门,安徽省,祁门县,常绿阔叶林,131.0,20070910
西坑,安徽省,皖32,县市级,森林生态,林业部门,安徽省,祁门县,常绿阔叶林,138.0,20070910
新岭,安徽省,皖33,县市级,森林生态,林业部门,安徽省,祁门县,常绿阔叶林,165.0,20070910
祁门佛子岭,安徽省,皖34,县市级,森林生态,林业部门,安徽省,祁门县,常绿阔叶林及野生动物,166.0,20070910
大字号,安徽省,皖35,县市级,森林生态,林业部门,安徽省,祁门县,常绿阔叶林及野生动物,175.0,20070910
桃里源,安徽省,皖36,县市级,森林生态,林业部门,安徽省,祁门县,常绿阔叶林及野生动物,175.0,20070910
宋家山,安徽省,皖37,县市级,森林生态,林业部门,安徽省,祁门县,常绿阔叶林及野生动物,265.0,20070910
新源,安徽省,皖38,县市级,森林生态,林业部门,安徽省,祁门县,常绿阔叶林,304.0,20070910
大洪岭,安徽省,皖40,县市级,森林生态,林业部门,安徽省,祁门县,常绿阔叶林,2265.0,20070910
柏溪,安徽省,皖41,县市级,森林生态,林业部门,安徽省,祁门县,常绿阔叶林,79.8,20070910
倒湖,安徽省,皖42,县市级,森林生态,林业部门,安徽省,祁门县,常绿阔叶林,110.6,20070910
大中,安徽省,皖43,县市级,森林生态,林业部门,安徽省,祁门县,樟树、古柏树、黑麂、红嘴蓝鹊、黄麂、野猪、尖吻蝮、乌梢蛇、画眉等,111.5,20070910
大北,安徽省,皖44,县市级,森林生态,林业部门,安徽省,祁门县,常绿阔叶林,117.8,20070910
大洪,安徽省,皖45,县市级,森林生态,林业部门,安徽省,祁门县,红豆杉、樟树、黑麂、猕猴、红嘴蓝鹊、黄麂、野猪、乌梢蛇、画眉等,122.3,20070910
文堂,安徽省,皖46,县市级,森林生态,林业部门,安徽省,祁门县,常绿阔叶林,127.8,20070910
朝山,安徽省,皖47,县市级,森林生态,林业部门,安徽省,祁门县,常绿阔叶林,130.2,20070910
高峰,安徽省,皖48,县市级,森林生态,林业部门,安徽省,祁门县,常绿落叶阔叶林,137.6,20070910
新溪,安徽省,皖49,县市级,森林生态,林业部门,安徽省,祁门县,常绿阔叶林,141.6,20070910
箬坑,安徽省,皖50,县市级,森林生态,林业部门,安徽省,祁门县,常绿阔叶林,147.1,20070910
渚口,安徽省,皖51,县市级,森林生态,林业部门,安徽省,祁门县,常绿阔叶林,171.6,20070910
凫坑,安徽省,皖52,县市级,森林生态,林业部门,安徽省,祁门县,常绿阔叶林,173.8,20070910
红旗,安徽省,皖53,县市级,森林生态,林业部门,安徽省,祁门县,常绿阔叶林,175.7,20070910
砀山黄河故道,安徽省,皖88,省级,湿地生态,林业部门,安徽省,砀山县,湿地生态系统和越冬水禽,2180.0,20101015
九龙洪,安徽省,皖54,县市级,森林生态,林业部门,安徽省,祁门县,常绿阔叶林,181.5,20070910
罗村,安徽省,皖55,县市级,森林生态,林业部门,安徽省,祁门县,常绿阔叶林,191.2,20070910
方坑,安徽省,皖56,县市级,森林生态,林业部门,安徽省,祁门县,常绿阔叶林,198.4,20070910
李源,安徽省,皖57,县市级,森林生态,林业部门,安徽省,祁门县,毛竹林,197.8,20070910
凫源,安徽省,皖58,县市级,森林生态,林业部门,安徽省,祁门县,常绿阔叶林,230.8,20070910
恒峰,安徽省,皖59,县市级,森林生态,林业部门,安徽省,祁门县,常绿阔叶林,231.4,20070910
高源,安徽省,皖60,县市级,森林生态,林业部门,安徽省,祁门县,常绿落叶阔叶林,239.8,20070910
余源,安徽省,皖61,县市级,森林生态,林业部门,安徽省,祁门县,常绿阔叶林,242.3,20070910
十谷,安徽省,皖62,县市级,森林生态,林业部门,安徽省,祁门县,中亚热带常绿落叶阔叶林,248.3,20070910
祁门清溪,安徽省,皖63,县市级,森林生态,林业部门,安徽省,祁门县,常绿阔叶林,271.8,20070910
黄荆,安徽省,皖64,县市级,森林生态,林业部门,安徽省,祁门县,常绿阔叶林,273.2,20070910
广大,安徽省,皖65,县市级,森林生态,林业部门,安徽省,祁门县,常绿阔叶林,361.5,20070910
赤岭,安徽省,皖66,县市级,森林生态,林业部门,安徽省,祁门县,常绿阔叶林,399.8,20070910
三丰,安徽省,皖67,县市级,森林生态,林业部门,安徽省,祁门县,常绿阔叶林,428.4,20070910
光辉,安徽省,皖68,县市级,森林生态,林业部门,安徽省,祁门县,常绿落叶阔叶林,441.7,20070910
查茗,安徽省,皖69,县市级,森林生态,林业部门,安徽省,祁门县,常绿阔叶林,450.2,20070910
东源,安徽省,皖70,县市级,森林生态,林业部门,安徽省,祁门县,常绿阔叶林及落叶阔叶林,548.8,20070910
历溪,安徽省,皖71,县市级,森林生态,林业部门,安徽省,祁门县,常绿落叶阔叶林,588.3,20070910
祁门七一,安徽省,皖72,县市级,森林生态,林业部门,安徽省,祁门县,常绿阔叶林,591.2,20070910
溶口,安徽省,皖73,县市级,森林生态,林业部门,安徽省,祁门县,常绿阔叶林,615.8,20070910
龙安,安徽省,皖74,县市级,森林生态,林业部门,安徽省,祁门县,常绿阔叶林,648.8,20070910
金山,安徽省,皖75,县市级,森林生态,林业部门,安徽省,祁门县,常绿阔叶林,693.9,20070910
广联,安徽省,皖76,县市级,森林生态,林业部门,安徽省,祁门县,常绿阔叶林,820.8,20070910
湘东,安徽省,皖77,县市级,森林生态,林业部门,安徽省,祁门县,常绿落叶阔叶林,922.7,20070910
祁门胜利,安徽省,皖78,县市级,森林生态,林业部门,安徽省,祁门县,中亚热带常绿落叶阔叶林,988.9,20070910
永胜,安徽省,皖79,县市级,森林生态,林业部门,安徽省,祁门县,常绿落叶阔叶林,1181.4,20070910
女山湖,安徽省,皖82,省级,湿地生态,林业部门,安徽省,明光市,湿地生态系统及水生动植物,21000.0,20060417
颍州西湖,安徽省,皖83,省级,湿地生态,林业部门,安徽省,阜阳市颍州区,湿地及水生生物,11000.0,20020422
楸树竹园鸟类,安徽省,皖84,县市级,森林生态,环保部门,安徽省,临泉县,鸟类及其生境,20000.0,20000329
大方寺,安徽省,皖86,省级,森林生态,林业部门,安徽省,宿州市埇桥区,落叶阔叶次生林,2080.0,20060401
萧县黄河故道,安徽省,皖90,省级,湿地生态,林业部门,安徽省,萧县,湿地生态系统,6316.0,20040202
沱河,安徽省,皖91,省级,湿地生态,林业部门,安徽省,泗县,珍稀水禽及其生境,2463.0,20090101
山东临沂大青山,山东省,37121017,省级,森林生态,林业部门,山东省,费县,中华结缕草、鹅掌楸、喜树,4000.0,20000501
山东枣庄抱犊崮,山东省,37121018,省级,森林生态,林业部门,山东省,枣庄市山亭区,"森林生态系统
刺楸、银杏、苍鹰",3500.0,19860301
山东青州仰天山,山东省,37121020,省级,森林生态,林业部门,山东省,青州市,次生林及黄栌、野大豆、槲寄生、金雕、秃鹫、苍鹰等,2000.0,19920101
山东蓬莱艾山,山东省,37121022,省级,森林生态,林业部门,山东省,蓬莱市,森林生态系统,10046.2,19890301
山东昆嵛山,山东省,37121023,国家级,森林生态,林业部门,山东省,烟台市牟平区,"赤松天然林
梅花鹿、狠、豹猫等",15416.5,19990101
山东栖霞牙山,山东省,37121024,省级,森林生态,林业部门,山东省,栖霞市,"森林生态系统
赤松、银杏、中华结缕草",17900.0,19920920
山东青岛崂山,山东省,37128015,省级,森林生态,其他部门,山东省,青岛市崂山区,温带森林、植被、花岗岩,44855.0,20001101
山东峨庄,山东省,37131031,县市级,森林生态,林业部门,山东省,淄川区,猛禽类和森林生态系统,8700.0,1986
山东大寨山,山东省,37131033,县市级,森林生态,林业部门,山东省,平阴县,"侧柏、落叶阔叶林
金雕、灰鹤、鸢",1200.0,20011031
山东鲁山,山东省,37131035,省级,森林生态,林业部门,山东省,淄博市博山区,猛禽类和森林生态系统,4000.0,19860826
山东四宝山,山东省,37131037,县市级,森林生态,林业部门,山东省,高新区,森林生态系统,6700.0,1986
山东牟平山昔山,山东省,37131039,县市级,森林生态,林业部门,山东省,牟平区,暖温带濒海区域森林生态系统,11814.0,2002
山东柳埠,山东省,37131040,县市级,森林生态,林业部门,山东省,济南市历城区,"防护林
银杏、水杉、中华结缕草",3420.0,20011031
山东腊山,山东省,37131042,县市级,森林生态,林业部门,山东省,东平县,森林生态系统,2867.0,20000501
山东荣成槎山,山东省,37131043,县市级,森林生态,林业部门,山东省,荣成市,野生动植物及栖息地,2700.0,1985
山东栖霞崮山,山东省,37131044,省级,森林生态,林业部门,山东省,杨霞市,"森林生态系统
赤松、银杏、中华结缕草",1800.0,19990729
山东大基山,山东省,37131045,省级,森林生态,林业部门,山东省,莱州市,"赤松天然次生林及针阔混交林、石刻
银杏、水杉、白鹳等",8753.0,19980501
山东烟台市沿海防护林,山东省,37131046,县市级,森林生态,林业部门,山东省,烟台,海防林,18600.0,1998
山东海阳市招虎山,山东省,37131047,省级,野生动物,林业部门,山东省,海阳市,"赤松天然次生林和刺楸
黄檗、水杉、银杏",7061.0,19960610
山东原山,山东省,37131050,县市级,森林生态,林业部门,山东省,淄博市博山区,"侧柏、栎类、油松森林植被
猛禽类和森林生态系统",13914.0,19860826
山东莘县马西林场,山东省,37131051,县市级,森林生态,林业部门,山东省,莘县,防风固沙林,380.0,19940501
山东清平林场,山东省,37131052,县市级,森林生态,林业部门,山东省,高唐县,"防风固沙林
鹰类、啄木鸟类",4200.0,20011120
山东冠县西沙河林场,山东省,37131053,县市级,森林生态,林业部门,山东省,冠县,"防风固沙林
水杉、梅花鹿",11200.0,19941101
山东华山林场,山东省,37131055,县市级,森林生态,林业部门,山东省,莱城区,典型森林生态系统,68865.0,1994
山东莱阳市龙门寺,山东省,37131056,县市级,森林生态,林业部门,山东省,莱阳市,森林植被野生动植物,1173.0,2002
山东徂徕山,山东省,37131057,县市级,森林生态,林业部门,山东省,泰安市,森林生态系统及珍稀动植物,10915.0,19991101
山东招远市罗山,山东省,37131059,省级,森林生态,林业部门,山东省,招远市,赤松林、大沽河发源地,10094.0,20010301
苍山抱犊崮,山东省,37133062,县市级,森林生态,农业部门,山东省,苍山县, 森林、古迹,680.0,19960302
大宗山,山东省,37133063,县市级,森林生态,其他部门,山东省,苍山县,森林植被及古迹,1000.0,19960302
苍山文峰山,山东省,37133064,县市级,森林生态,其他部门,山东省,苍山县,森林生态系统,600.0,19960301
青山,山东省,37138027,县市级,森林生态,其他部门,山东省,嘉祥县, 森林及人文自然景观,2500.0,19990101
峄山,山东省,37138036,县市级,森林生态,其他部门,山东省,邹城市,古树名木、摩崖石刻、邾国故城遗址,5000.0,19991001
平邑蒙山,山东省,37138058,县市级,森林生态,其他部门,山东省,平邑县,森林植被,16400.0,20001101
山东黄河三角洲,山东省,37411001,国家级,海洋海岸,林业部门,山东省,东营市、垦利县、利津县,"黄河口湿地和珍稀濒危鸟类
丹顶鹤、白鹳、白鲟等",153000.0,19901227
山东长岛,山东省,37411005,国家级,野生动物,林业部门,山东省,长岛县,鹰、隼等猛禽及候鸟栖息地,5300.0,19880509
山东荣成大天鹅,山东省,37421014,国家级,野生动物,林业部门,山东省,荣成市,大天鹅等珍禽和湿地生态系统,1675.0,19920530
山东南四湖,山东省,37421019,省级,野生动物,林业部门,山东省,微山县,大型草型湖泊湿地生态系统及雁、鸭等珍稀鸟类,127547.0,19940401
山东齐国故都,山东省,37431028,县市级,湿地生态,林业部门,山东省,临淄区,湿地生态系统,12000.0,1986
山东太河水库,山东省,37431030,县市级,湿地生态,林业部门,山东省,淄川区,水禽类和湿地生态系统,5400.0,1986
山东石马水库,山东省,37431034,县市级,湿地生态,林业部门,山东省,博山区,水禽类和湿地生态系统,4300.0,1986
山东源泉,山东省,37431041,县市级,湿地生态,林业部门,山东省,博山区,森林生态系统,4800.0,1986
山东马踏湖,山东省,37431048,县市级,湿地生态,林业部门,山东省,桓台县,水禽类,12500.0,1986
山东东平湖湿地,山东省,37431049,县市级,湿地生态,林业部门,山东省,东平县,湿地生态系统及水禽,16000.0,20000506
山东滨州海岸湿地,山东省,37431054,县市级,湿地生态,林业部门,山东省,无棣县、沾化县,大鸨、丹顶鹤、金雕等,168200.0,2001
山东白云湖,山东省,37431060,县市级,湿地生态,林业部门,山东省,章丘市,大天鹅及湿地生态系统,1750.0,2002
沂河,山东省,37432032,县市级,湿地生态,水利部门,山东省,沂水县,饮用水源地,40000.0,19961205
会宝岭水库,山东省,37436061,县市级,湿地生态,水利部门,山东省,苍山县,饮用水源地,1800.0,20000206
山东滨州贝壳堤岛与湿地国家级自然保护区,山东省,37514002,国家级,海洋海岸,海洋部门,山东省,无棣县,贝壳堤岛、湿地、珍稀鸟类、海洋生物,43541.54,19990101
山东青岛大公岛,山东省,37522006,省级,海洋海岸,环保部门,山东省,青岛市,海洋生态系统及鸟类,1603.0,20011224
山东海阳千里岩岛,山东省,37523012,省级,海洋海岸,农业部门,山东省,海阳市,岛屿与海洋生态系统,1823.0,19991201
山东无棣县贝壳堤岛屿湿地,山东省,37524009,省级,海洋海岸,海洋部门,山东省,滨州市, 贝壳堤岛、湿地、珍稀鸟类、海洋生物,80480.0,1998
山东荣成成山头,山东省,37524011,省级,海洋海岸,海洋部门,山东省,荣成市,海洋生态系统,6015.39,19921130
山东烟台崆峒列岛,山东省,37524021,省级,海洋海岸,海洋部门,山东省,烟台市芝罘区,"蝮蛇、刺参、紫石房蛤、皱纹盘鲍等海洋水产资源、岛礁地貌
水产原种产地",7690.0,20030304
山东胶南灵山岛,山东省,37534029,省级,海洋海岸,海洋部门,山东省,青岛市,海洋生态系统及海珍品,766.0,20010301
山东烟台庙岛群岛海豹,山东省,37622013,省级,野生动物,环保部门,山东省,长岛县,斑海豹及其生境,173100.0,19960401
山东荣成伟德山,山东省,37631038,县市级,野生动物,林业部门,山东省,荣成市,梅花鹿,7200.0,1985
桑沟湾,山东省,37632065,县市级,野生动物,环保部门,山东省,荣成市,海洋珍稀动物及其生境,13333.0,19870501
前三岛,山东省,37634066,县市级,野生动物,海洋部门,山东省,日照市,青岛文昌鱼、海参、鲍鱼、海胆等海洋生物,10000.0,19921228
山东龙口之莱山,山东省,37721016,省级,野生植物,林业部门,山东省,龙口市,"天然赤松林、鸟类
典型森林生态系统",10227.0,19971003
山东峄城区石榴园,山东省,37728007,省级,野生植物,其他部门,山东省,枣庄市峄城区,青檀树、石榴树林,4642.0,20020117
山东马山国家级自然保护区,山东省,37812004,国家级,地质遗迹,环保部门,山东省,即墨市,柱状节理石柱、硅化木等地质遗迹,774.0,19930113
山东马谷山,山东省,37827008,省级,地质遗迹,国土部门,山东省,无棣县,地质遗迹,20.0,19991001
山东长清地质遗迹,山东省,37827026,省级,地质遗迹,国土部门,山东省,长清县, 寒武纪地层结构,262.0,2001
山东胶州艾山,山东省,37828025,省级,地质遗迹,其他部门,山东省,胶州市,地质遗迹,860.0,20011024
山东山旺化石国家级自然保护区,山东省,37917003,国家级,古生物遗迹,国土部门,山东省,临朐县,古生物化石,120.0,19800117
山东莒县浮来山,山东省,37927010,省级,古生物遗迹,国土部门,山东省,日照市,震旦纪浮来山层型剖面、三叶虫化石带,490.0,20011101
山东长清寒武纪地质遗迹,山东省,鲁02,省级,地质遗迹,国土部门,山东省,济南市长清区,寒武纪地层结构,262.0,20010429
竹林寺,山东省,鲁22,县市级,森林生态,林业部门,山东省,烟台市莱山区,森林及竹林寺古迹,997.0,19980701
引黄济清渠首鸟类,山东省,鲁84,县市级,野生动物,林业部门,山东省,博兴县,鸟类及其生境,300.0,19921201
山东泰山,山东省,鲁49,省级,森林生态,林业部门,山东省,泰安市,森林生态系统,11892.0,20060201
宋江湖湿地,山东省,鲁86,县市级,湿地生态,其他部门,山东省,郓城县,湿地生态系统及鸟类,350.0,20051201
马庄流域,山东省,鲁85,县市级,森林生态,林业部门,山东省,邹平县,森林植被、水源,1247.0,19911001
青岛文昌鱼,山东省,鲁04,县市级,野生动物,海洋部门,山东省,青岛市,文昌鱼及其生境,6181.0,20040801
山东大泽山,山东省,鲁07,省级,森林生态,林业部门,山东省,青岛市,森林生态系统,9645.0,20000401
大沽夹河,山东省,鲁16,县市级,湿地生态,林业部门,山东省,烟台市,湿地生态系统,10585.0,20050308
山东烟台沿海防护林,山东省,鲁17,省级,森林生态,林业部门,山东省,烟台市,黑松、刺槐、赤松、栎类森林植被及河口湿地生态系统,23407.3,19980625
山东银湖,山东省,鲁19,省级,湿地生态,林业部门,山东省,烟台市福山区,湿地、森林生态系统和鸟类,6043.4,20030601
山东鹊山,山东省,鲁20,省级,森林生态,林业部门,山东省,烟台市牟平区,森林生态系统,1485.2,20010901
山东围子山,山东省,鲁23,省级,森林生态,林业部门,山东省,烟台市莱山区,赤松天然次生林和楸树,2509.0,20051201
山东大飘山,山东省,鲁26,省级,森林生态,林业部门,山东省,龙口市,天然赤松林,2326.0,20060101
山东依岛,山东省,鲁28,省级,地质遗迹,其他部门,山东省,龙口市,火山岩砾石潮间带地质景观,85.49,20080901
山东黄水河河口湿地,山东省,鲁29,省级,湿地生态,林业部门,山东省,龙口市,河口湿地生态系统及珍禽,1027.9,20060203
莱阳五龙河,山东省,鲁30,县市级,湿地生态,林业部门,山东省,莱阳市,湿地、森林生态系统,1824.5,20080421
山东莱阳老寨山,山东省,鲁31,省级,森林生态,林业部门,山东省,莱阳市,天然赤松林及水源地,2908.5,20021205
莱州湾,山东省,鲁33,县市级,湿地生态,林业部门,山东省,莱州市,湿地生态系统,13975.0,20050203
嘉祥青山,山东省,鲁43,县市级,森林生态,其他部门,山东省,嘉祥县,森林及人文自然景观,2500.0,19990101
泗水泉林水体,山东省,鲁44,县市级,地质遗迹,其他部门,山东省,泗水县,矿泉水资源,12400.0,19870401
九仙山,山东省,鲁45,县市级,森林生态,林业部门,山东省,曲阜市,森林生态系统,2130.0,20020901
十八盘,山东省,鲁46,县市级,森林生态,林业部门,山东省,邹城市,森林植物景观,3000.0,19991001
山东新泰太平山,山东省,鲁52,省级,森林生态,林业部门,山东省,新泰市,森林生态系统,3733.3,20020226
莱芜马鞍山,山东省,鲁58,县市级,森林生态,林业部门,山东省,莱芜市莱城区,森林生态系统,3101.0,19980301
寄母山,山东省,鲁59,县市级,森林生态,林业部门,山东省,莱芜市莱城区,森林生态系统,3390.0,19980401
花山林场,山东省,鲁60,县市级,森林生态,林业部门,山东省,莱芜市莱城区,森林生态系统,8600.0,19940801
五彩山,山东省,鲁61,县市级,森林生态,林业部门,山东省,沂南县,森林生态系统,2000.0,19980626
鼻子山,山东省,鲁62,县市级,森林生态,林业部门,山东省,沂南县,森林生态系统,4500.0,20001218
北大山,山东省,鲁63,县市级,森林生态,林业部门,山东省,沂南县,森林生态系统,4750.0,20001218
郯城银杏,山东省,鲁64,县市级,野生植物,林业部门,山东省,郯城市,银杏,5880.0,19951012
马鬐山,山东省,鲁72,县市级,森林生态,林业部门,山东省,莒南县,森林生态系统,4210.0,20051215
苍马山,山东省,鲁73,县市级,森林生态,其他部门,山东省,临沭县,森林生态系统,3000.0,20051215
景阳冈,山东省,鲁74,县市级,森林生态,其他部门,山东省,阳谷县,森林及梅花鹿、猕猴、合欢树、古柏,46.7,19941001
鱼山,山东省,鲁76,县市级,森林生态,其他部门,山东省,东阿县,森林生态系统、曹植墓,5333.0,20040901
马颊河,山东省,鲁77,县市级,森林生态,林业部门,山东省,冠县,森林生态系统,248.0,19720801
谭阳,山东省,鲁81,县市级,森林生态,林业部门,山东省,无棣县,森林生态系统,1994.0,19981001
沾化海岸带湿地,山东省,鲁83,县市级,海洋海岸,林业部门,山东省,沾化县,海滨湿地、鸟类,89134.0,19911001
山西历山,山西省,14111001,国家级,森林生态,林业部门,山西省,垣曲县、沁水县、翼城县、阳城县,森林植被及金钱豹、金雕等野生动物,24800.0,19831226
山西庞泉沟,山西省,14111003,国家级,野生动物,林业部门,山西省,交城县 、方山县,褐马鸡及华北落叶松、云杉等森林生态系统,10466.0,19801201
山西芦芽山,山西省,14111004,国家级,野生动物,林业部门,山西省,宁武县、岢岚县、五寨县,褐马鸡及华北落叶松、云杉次生林,21453.0,19801218
山西五鹿山,山西省,14111005,国家级,野生动物,林业部门,山西省,蒲县、隰县,褐马鸡及其生境,20617.0,19930120
山西阳城蟒河猕猴国家级自然保护区,山西省,14111046,国家级,野生动物,林业部门,山西省,阳城县,猕猴等珍稀野生动植物,5600.0,19831226
山西红泥寺,山西省,14121010,省级,森林生态,林业部门,山西省,安泽县,落叶阔叶林和针阔混交林,20700.0,20051206
山西管头山,山西省,14121011,省级,森林生态,林业部门,山西省,吉县,天然白皮松林,10140.1,20051206
山西恒山,山西省,14121013,省级,森林生态,林业部门,山西省,浑源县,森林生态系统,11497.0,20051206
山西六棱山,山西省,14121014,省级,森林生态,林业部门,山西省,大同市、阳高县、浑源县、广灵县,落叶阔叶林、针阔混交林,12000.0,20051206
山西涑水河源头,山西省,14121017,省级,森林生态,林业部门,山西省,绛县,森林生态系统,23144.0,20020620
山西韩信岭,山西省,14121020,省级,森林生态,林业部门,山西省,灵石县,森林生态系统及珍稀动植物,16054.0,20020620
山西朔州紫金山,山西省,14121026,省级,森林生态,林业部门,山西省,朔州市朔城区,天然次生林,11400.0,20020620
山西超山,山西省,14121030,省级,森林生态,林业部门,山西省,平遥县,森林生态系统,18560.0,20020620
山西绵山,山西省,14121033,省级,森林生态,林业部门,山西省,介休市,天然油松林及金钱豹等珍稀动植物,17827.0,19930120
山西天龙山,山西省,14121034,省级,森林生态,林业部门,山西省,太原市晋源区,森林生态系统及金雕、褐马鸡,2867.0,19930120
山西浊漳河源头,山西省,14121038,省级,森林生态,林业部门,山西省,沁县,森林生态系统及泉源,14200.0,20020620
山西应县南山,山西省,14121040,省级,森林生态,林业部门,山西省,应县,华北落叶松林,27426.0,20020620
山西忻州五台山草甸,山西省,14223007,省级,草原草甸,农业部门,山西省,五台县,亚高山草甸生态系统,3333.0,19861201
山西运城黄河湿地,山西省,14421036,省级,野生动物,林业部门,山西省,运城市,天鹅等珍禽及其越冬栖息地,86861.0,19930120
山西阳城蟒河猕猴,山西省,14611002,国家级,野生动物,林业部门,山西省,阳城县,猕猴为主、及匙叶栋等,5600.0,1983
山西凌井沟,山西省,14621006,省级,森林生态,林业部门,山西省,阳曲县,森林生态系统及褐马鸡、金钱豹,24920.0,20020620
山西贺家山,山西省,14621012,省级,森林生态,林业部门,山西省,保德县,森林生态系统及褐马鸡,18642.0,20051206
山西霍山,山西省,14621015,省级,森林生态,林业部门,山西省,霍州市、古县、洪洞县,森林生态系统及金钱豹、金雕,17852.0,20020620
山西黑茶山,山西省,14621016,省级,野生动物,林业部门,山西省,兴县,森林生态系统及褐马鸡、金钱豹、原麝等,25741.0,20020620
山西团圆山,山西省,14621018,省级,森林生态,林业部门,山西省,石楼县,森林及褐马鸡、金钱豹等野生动植物,16477.0,20020620
山西灵丘黑鹳,山西省,14621019,省级,野生动物,林业部门,山西省,灵丘县,"黑鹳及森林生态系统
黑鹳、青羊、青檀等",134667.0,20020620
山西铁桥山,山西省,14621021,省级,野生动物,林业部门,山西省,和顺县,油松次生林及金钱豹,35352.0,20020620
山西孟信垴,山西省,14621022,省级,森林生态,林业部门,山西省,左权县,森林生态系统及金钱豹,39047.0,20020620
山西忻州云中山,山西省,14621023,省级,森林生态,林业部门,山西省,忻州市忻府区,褐马鸡、森林生态系统,39800.0,20020620
山西桑干河,山西省,14621024,省级,野生动物,林业部门,山西省,朔州市朔城区、怀仁县、大同县、阳高县及天镇县,迁徙水禽及其生境,69583.0,20020620
山西太宽河,山西省,14621025,省级,森林生态,林业部门,山西省,夏县,森林生态系统及金钱豹、金雕,23947.0,20020620
山西汾河上游,山西省,14621028,省级,野生动物,林业部门,山西省,娄烦县,森林生态系统及褐马鸡、金钱豹,27000.0,20020620
山西八缚岭,山西省,14621029,省级,森林生态,林业部门,山西省,晋中市榆次区,森林生态系统及金钱豹,15267.0,20020620
山西四县垴,山西省,14621031,省级,野生动物,林业部门,山西省,祁县,森林生态系统及金钱豹、黄羊,16000.0,20020620
山西人祖山,山西省,14621032,省级,野生动物,林业部门,山西省,吉县,褐马鸡、原麝、森林生态系统,15940.0,20020620
山西灵空山,山西省,14621035,国家级,森林生态,林业部门,山西省,沁源县,森林及野生动植物,1334.0,19930120
山西中央山,山西省,14621037,省级,野生动物,林业部门,山西省,黎城县,金钱豹、森林生态系统,32671.0,20020620
山西薛公岭,山西省,14621039,省级,森林生态,林业部门,山西省,吕梁市离石区,森林生态系统及褐马鸡,19977.0,20020620
山西尉汾河,山西省,14621041,省级,森林生态,林业部门,山西省,兴县,森林生态系统及褐马鸡、原麝,16890.0,20020620
山西药林寺冠山,山西省,14621042,省级,野生动物,林业部门,山西省,平定县,金钱豹、青杨及森林生态系统,11017.0,20020620
山西云顶山,山西省,14621043,省级,森林生态,林业部门,山西省,娄烦县,森林生态系统及褐马鸡、金钱豹,23029.0,20020620
山西崦山,山西省,14621044,省级,野生动物,林业部门,山西省,阳城县,森林生态系统,10009.0,20020620
山西泽州猕猴,山西省,14621045,省级,野生动物,林业部门,山西省,泽州县,猕猴、森林生态系统,93775.0,20020620
山西陵川南方红豆杉,山西省,14721008,省级,野生植物,林业部门,山西省,陵川县,南方红豆杉及其生境,21400.0,20020620
山西翼城翅果油树,山西省,14721009,省级,野生植物,林业部门,山西省,翼城县,翅果油树及其生境,10116.0,20051206
山西繁峙臭冷杉,山西省,14721027,省级,森林生态,林业部门,山西省,繁峙县,臭冷杉林,25049.0,20020620
山西壶流河湿地,山西省,晋06,省级,湿地生态,林业部门,山西省,广灵县,黑鹳繁殖地及湿地生态系统,12918.0,20071228
广东流溪河,广东省,44000232,---,---,---,广东省,,,0.0,0
广东博罗象头山,广东省,44111001,国家级,森林生态,林业部门,广东省,博罗县,"森林生态及野生动植物
南亚热带季风常绿阔叶林",10696.6,19981201
广东南岭,广东省,44111004,国家级,森林生态,林业部门,广东省,韶关市、清远市,"中亚热带常绿阔叶林
南岭山地森林生态系统",50000.0,19840401
广东车八岭,广东省,44111005,国家级,森林生态,林业部门,广东省,始兴县,中亚热带常绿阔叶林及珍稀动植物,7545.0,19880509
广东鼎湖山国家级自然保护区,广东省,44118008,国家级,森林生态,其他部门,广东省,肇庆市鼎湖区,"南亚热带常绿阔叶林、珍稀动植物
特别是台湾苏铁等",1133.0,19560101
广东古兜山,广东省,44121011,省级,森林生态,林业部门,广东省,台山市,"天然次生林
南亚热带季风常绿阔叶林",11567.0,19990701
广东惠东古田,广东省,44121012,省级,森林生态,林业部门,广东省,惠东县,"亚热带常绿阔叶林及珍稀动植物
南亚热带常绿阔叶林、珍稀野生动植物",2189.2,19840404
广东大埔丰溪,广东省,44121013,省级,森林生态,林业部门,广东省,大埔县,亚热带常绿阔叶林及珍稀濒危动植物,10590.0,19840404
广东仁化高坪,广东省,44121014,省级,森林生态,林业部门,广东省,仁化县,中亚热带常绿阔叶林,3585.0,19990301
广东梅县阴那山,广东省,44121015,省级,森林生态,林业部门,广东省,梅县,森林及桫椤等濒危野生动植物,2566.0,19851101
广东乳源大峡谷,广东省,44121017,省级,森林生态,林业部门,广东省,乳源瑶族自治县,"森林及野生动植物、峡谷地貌
中亚热带常绿阔叶林、珍稀野生动植物",3468.0,19981101
广东五华七目嶂,广东省,44121018,省级,森林生态,农业部门,广东省,五华县,亚热带常绿阔叶林及桫椤等珍稀动植物,5850.0,19990701
广东乐昌杨东山十二度水,广东省,44121019,省级,森林生态,林业部门,广东省,乐昌市,中亚热带常绿阔叶林、珍稀野生动植物,2670.0,19980301
广东陆河南万红椎林,广东省,44121020,省级,海洋海岸,林业部门,广东省,陆河县,红树林、天然红椎林群落,2486.0,19991101
广东连山笔架山,广东省,44121021,省级,森林生态,林业部门,广东省,连山壮族瑶族自治县,天然阔叶林及野生动植物,10728.0,20000601
广东乐昌大瑶山,广东省,44121022,省级,森林生态,林业部门,广东省,乐昌市,中亚热带常绿阔叶林及珍稀野生动植物,7913.9,20000301
广东和平县黄石坳,广东省,44121023,省级,森林生态,林业部门,广东省,和平县,亚热带常绿阔叶林及珍稀野生动植物,8097.0,20000301
广东连南板洞,广东省,44121024,省级,森林生态,林业部门,广东省,连南瑶族自治县,森林、珍稀动植物,10195.8,20000901
广东蕉岭长潭,广东省,44121025,省级,森林生态,林业部门,广东省,蕉岭县,亚热带常绿阔叶林、珍稀野生动植物,5586.0,20020101
广东潮安凤凰山,广东省,44121026,省级,森林生态,林业部门,广东省,潮州市潮安县,季风常绿阔叶林、森林及珍稀野生动植物,2812.0,20000401
广东肇庆大稠顶,广东省,44121027,省级,森林生态,林业部门,广东省,肇庆市新岗林场,亚热带常绿阔叶林、珍稀野生动植物,2728.5,2000
广东封开黑石顶,广东省,44121028,省级,森林生态,林业部门,广东省,封开县,南亚热带常绿阔叶林及珍稀野生动植物,4186.0,19790801
广东肇庆怀集三岳,广东省,44121029,省级,森林生态,林业部门,广东省,怀集县,南亚热带常绿阔叶林及珍稀动植物,6762.0,20040101
广东阳春鹅凰嶂,广东省,44121030,省级,森林生态,林业部门,广东省,阳春市,森林及猪血木、虎颜花等珍稀植物,14621.1,20001002
广东兴宁铁山渡田河,广东省,44121031,省级,森林生态,林业部门,广东省,兴宁市,常绿阔叶林及珍稀动植物,17826.7,19991101
广东始兴南山,广东省,44121032,省级,野生动物,林业部门,广东省,始兴县,中亚热带常绿阔叶林及珍稀野生动植物,7113.0,20010601
广东惠东莲花山白盆珠,广东省,44121033,省级,湿地生态,林业部门,广东省,惠东县,"湿地生态系统及珍稀动植物
亚热带常绿阔叶林、珍稀野生动植物",4127.0,19991201
广东大雾岭,广东省,44121034,省级,森林生态,林业部门,广东省,信宜市,桫椤、海南粗榧、金猫等,3534.0,1994
广东龙川枫树坝,广东省,44121035,省级,森林生态,林业部门,广东省,龙川县,常绿阔叶林、珍稀动植物,15671.0,19981201
广东郁南同乐大山,广东省,44121036,省级,森林生态,林业部门,广东省,郁南县,亚热带常绿阔叶林珍稀动物,6353.0,19851101
广东佛冈观音山,广东省,44121041,省级,森林生态,林业部门,广东省,佛冈县,"亚热带森林及珍稀动物
/格木、红椿、观光木",2792.13,19851101
广东博罗罗浮山,广东省,44121046,省级,森林生态,林业部门,广东省,博罗县,"森林生态系统和野生动物
桫椤、观音座莲等",9828.0,19851101
广东曲江罗坑鳄蜥,广东省,44121048,国家级,森林生态,林业部门,广东省,韶关市曲江区罗坑镇,中亚热带常绿阔叶林及珍稀野生动植物,20424.0,1998
广东英德石门台,广东省,44121049,国家级,森林生态,林业部门,广东省,英德市,天然阔叶林及珍稀濒危动植物,33555.0,19980528
广东阳春百涌,广东省,44121050,省级,森林生态,林业部门,广东省,阳春市,森林生态系统及珍稀动植物,4060.0,19900101
广东新丰云髻山,广东省,44121051,省级,森林生态,林业部门,广东省,新丰县,亚热带常绿阔叶林及珍稀野生动植物,2700.0,19900101
广东龙门南昆山,广东省,44121052,省级,森林生态,林业部门,广东省,龙门县,南亚热带季风常绿阔叶林、珍稀动植物,6666.0,19840404
广东连平黄牛石,广东省,44121054,省级,森林生态,林业部门,广东省,连平县,森林及野生动植物,4334.0,19990901
广东紫金白溪,广东省,44121055,省级,森林生态,林业部门,广东省,紫金县,"森林及动物、珍稀树种
珍稀动植物物种、竹柏",5755.5,19950301
广东东源康禾,广东省,44121056,省级,森林生态,林业部门,广东省,东源县,次生阔叶林,6484.8,19990801
广东龙川新村,广东省,44131057,县市级,森林生态,林业部门,广东省,龙川县,水源涵养林及珍稀动植物,2020.0,20001101
广东龙川黄江,广东省,44131058,县市级,森林生态,林业部门,广东省,龙川县,水源涵养林及珍稀动植物,2130.0,20001101
广东龙川高陂,广东省,44131059,县市级,森林生态,林业部门,广东省,龙川县,水源涵养林及珍稀动植物,2360.0,20001101
广东龙川七目嶂,广东省,44131060,县市级,森林生态,林业部门,广东省,龙川县,水源涵养林及珍稀动植物,1673.0,20001101
广东龙川富洲,广东省,44131061,县市级,森林生态,林业部门,广东省,龙川县,珍稀动植物,3400.0,2000
广东东源峣嶂,广东省,44131062,县市级,森林生态,林业部门,广东省,东源县,常绿阔叶林,3000.0,1999
广东龙川东水嶂,广东省,44131063,县市级,森林生态,林业部门,广东省,龙川县,水源涵养林及珍稀动植物,1713.0,20001101
广东东源缺牙山,广东省,44131064,县市级,森林生态,林业部门,广东省,东源县,亚热带常绿阔叶林、水源涵养林,2500.0,19990801
广东东源雪嶂,广东省,44131065,县市级,森林生态,林业部门,广东省,东源县,亚热带常绿阔叶林、水源涵养林,2500.0,19990801
广东东源坑口,广东省,44131066,县市级,森林生态,林业部门,广东省,东源县,亚热带常绿阔叶林、水源涵养林,4000.0,19990801
广东东源白寨,广东省,44131067,县市级,森林生态,林业部门,广东省,东源县,次生阔叶林,1500.0,1999
广东龙川上板桥,广东省,44131068,县市级,森林生态,林业部门,广东省,龙川县,水源涵养林及珍稀动植物,2300.0,20001101
广东紫金乌禽嶂,广东省,44131069,县市级,森林生态,林业部门,广东省,紫金县,"水源林及野生动植物
白桂木等野生动植物",361.0,19970101
广东东源竹坑,广东省,44131071,县市级,森林生态,林业部门,广东省,东源县,针阔混交林、水源涵养林,2000.0,19990801
广东龙川野猪嶂,广东省,44131072,县市级,森林生态,林业部门,广东省,龙川县,常绿阔叶林及珍稀动植物,4335.0,20001101
广东曲江沙溪,广东省,44131073,省级,森林生态,林业部门,广东省,韶关市曲江区,中亚热带常绿阔叶林及珍稀野生动植物,9040.0,19960201
广东南雄小流坑,广东省,44131074,县市级,森林生态,林业部门,广东省,南雄县,中亚热带常绿阔叶林及珍稀野生动植物,2000.0,1995
广东新丰鲁枯河,广东省,44131075,县市级,森林生态,林业部门,广东省,新丰县,中亚热带常绿阔叶林及珍稀野生动植物,10600.0,2000
广东翁源半溪,广东省,44131076,县市级,森林生态,林业部门,广东省,翁源县,中亚热带常绿阔叶林及珍稀野生动植物,6000.0,2002
广东紫金鸡公嶂,广东省,44131084,县市级,森林生态,林业部门,广东省,紫金县,"水源林及野生动植物
半枫荷等野生动植物",679.0,19950301
广东龙门屏风石,广东省,44131085,县市级,森林生态,林业部门,广东省,龙门县,"水源涵养林
南亚热带常绿阔叶林、珍稀野生动植物",667.0,20000701
广东清新县回澜明霞洞,广东省,44131087,县市级,森林生态,林业部门,广东省,清新县太和镇,中亚热带常绿阔叶林、森林生态系统,1766.0,20001201
广东肇庆深坑,广东省,44131088,县市级,森林生态,林业部门,广东省,广宁县,"森林生态系统
中亚热带常绿阔叶林",3025.0,20040101
广东高要鲤鱼尾水库水源林,广东省,44131089,县市级,森林生态,林业部门,广东省,高要市,"南亚热带常绿阔叶林及珍稀动植物
水源涵养林",980.0,19980101
广东乳源大潭河,广东省,44131090,县市级,森林生态,林业部门,广东省,乳源瑶族自治县,中亚热带常绿阔叶林,3853.0,20020601
广东乳源泉水,广东省,44131091,县市级,森林生态,林业部门,广东省,乳源瑶族自治县,"原始森林、自然景观、水源地
中亚热带常绿阔叶林",22098.5,20020601
广东连州市田心,广东省,44131092,省级,森林生态,林业部门,广东省,连州市,森林生态系统、中亚热带常绿阔叶林,11968.6,20020101
广东清新县白湾,广东省,44131093,省级,森林生态,林业部门,广东省,清新县白湾镇,中亚热带常绿阔叶林、森林生态系统,7219.0,20000201
广东清新县桃源燕子岩,广东省,44131095,县市级,森林生态,林业部门,广东省,清新县桃源镇,中亚热带常绿阔叶林、森林生态系统,5338.0,20001201
广东海丰黄羌学堂坑,广东省,44131096,县市级,森林生态,林业部门,广东省,海丰县,亚热带常绿阔叶林、珍稀动植物,667.0,19991201
广东清新县太和洞,广东省,44131097,县市级,森林生态,林业部门,广东省,清新县太和镇,中亚热带常绿阔叶林、森林生态系统,1583.0,20001201
广东清新县三坑温矿泉,广东省,44131098,县市级,森林生态,林业部门,广东省,清新县三坑镇,中亚热带常绿阔叶林、森林生态系统,2500.0,20001201
广东清新县笔架山,广东省,44131099,县市级,森林生态,林业部门,广东省,清新县笔架山林场,中亚热带常绿阔叶林、森林生态系统,9634.0,20001201
广东紫金仙女滩,广东省,44131101,县市级,森林生态,林业部门,广东省,紫金县,"水源林及野生动植物
吊皮锥、粘木等野生动植物",1975.0,19950301
广东肇庆四会十二带,广东省,44131102,县市级,森林生态,林业部门,广东省,四会市,南亚热带常绿阔叶林及珍稀动植物,2253.0,20040101
广东龙门寨头水库水源林,广东省,44131103,县市级,森林生态,林业部门,广东省,龙门县,"水源涵养林
南亚热带常绿阔叶林、珍稀野生动植物",1708.0,20000701
广东清新县石潭神圣岩,广东省,44131104,县市级,森林生态,林业部门,广东省,清新县石潭镇,中亚热带常绿阔叶林、森林生态系统,2060.0,20001201
广东连山大旭山,广东省,44131105,县市级,森林生态,林业部门,广东省,连山壮族瑶族自治县,森林、野生动植物,1333.0,20000101
广东龙门合仔,广东省,44131106,县市级,森林生态,林业部门,广东省,龙门县,南亚热带常绿阔叶林、珍稀野生动植物,1500.0,2000
广东惠州洋郎水源林,广东省,44131107,县市级,森林生态,林业部门,广东省,惠城区,南亚热带常绿阔叶林、珍稀野生动植物,1200.0,2000
广东惠州连塘,广东省,44131108,县市级,森林生态,林业部门,广东省,惠州市惠城区,"森林及野生动植物
南亚热带常绿阔叶林、珍稀野生动植物",845.0,20000801
广东惠州大石坑,广东省,44131109,县市级,森林生态,林业部门,广东省,惠州市惠城区,"森林及野生动植物
南亚热带常绿阔叶林、珍稀野生动植物",848.0,20000801
广东肇庆罗壳山,广东省,44131110,县市级,森林生态,林业部门,广东省,广宁县,"森林生态系统
亚热带常绿阔叶林、珍稀野生动植物",2072.0,20000601
广东高要西江河水源林,广东省,44131111,县市级,森林生态,林业部门,广东省,高要市,"南亚热带常绿阔叶林及珍稀动植物
水源涵养林、珍稀野生动植物",10200.0,19980101
广东高要杨梅水库水源林,广东省,44131112,县市级,森林生态,林业部门,广东省,高要市,"南亚热带常绿阔叶林及珍稀动植物
水源涵养林、珍稀野生动植物",1830.0,19980101
广东高要金龙水库水源林,广东省,44131113,县市级,森林生态,林业部门,广东省,高要市,"南亚热带常绿阔叶林及珍稀动植物
水源涵养林",1830.0,19980101
广东肇庆鸡笼顶,广东省,44131114,县市级,森林生态,林业部门,广东省,肇庆市,南亚热带常绿阔叶林及珍稀动植物,2312.0,20040101
广东连山芙蓉山,广东省,44131115,县市级,森林生态,林业部门,广东省,连山壮族瑶族自治县,森林、野生动植物,1333.0,20000601
广东连山大风坑,广东省,44131116,县市级,森林生态,林业部门,广东省,连山壮族瑶族自治县,亚热带常绿阔叶林、野生动植物,1333.0,20000601
广东连山黎头山,广东省,44131117,县市级,森林生态,林业部门,广东省,连山县,亚热带常绿阔叶林水源,667.0,2000
广东连山天堂岭,广东省,44131118,县市级,森林生态,林业部门,广东省,连山壮族瑶族自治县,"森林、野生动植物
亚热带常绿阔叶林水源",333.0,20000601
广东连南大龙山,广东省,44131119,县市级,森林生态,其他部门,广东省,连南瑶族自治县,森林、野生动植物,4210.0,20000102
广东连南涡水,广东省,44131120,县市级,森林生态,其他部门,广东省,连南瑶族自治县,森林、野生动植物,667.0,20000101
广东海丰莲花山,广东省,44131121,县市级,森林生态,林业部门,广东省,海丰县,"阔叶林等自然景观
亚热带常绿阔叶林、珍稀动植物",2556.0,20001101
广东高要新兴江水源林,广东省,44131122,县市级,森林生态,林业部门,广东省,高要市,"南亚热带常绿阔叶林及珍稀动植物
水源涵养林、珍稀野生动植物",3650.0,19980101
广东龙门杨坑洞,广东省,44131124,县市级,森林生态,林业部门,广东省,龙门县,"水源涵养林
南亚热带常绿阔叶林、珍稀野生动植物",2709.0,20000201
广东从化陈和洞,广东省,44131141,县市级,森林生态,林业部门,广东省,从化市,中亚热带常绿阔叶林,6533.33,2004
广东梅县大连,广东省,44131142,县市级,森林生态,林业部门,广东省,梅县,"森林生态系统
中亚热带常绿阔叶林",667.0,20020101
广东梅县蕉坑,广东省,44131143,县市级,森林生态,林业部门,广东省,梅县,森林生态系统、中亚热带常绿阔叶林,600.0,20050101
广东梅县九龙,广东省,44131144,县市级,森林生态,林业部门,广东省,梅县,中亚热带常绿阔叶林,2000.0,2002
广东梅县鹿湖山,广东省,44131145,县市级,森林生态,林业部门,广东省,梅县,森林生态系统,667.0,20050101
广东梅县乌泥坑,广东省,44131146,县市级,森林生态,林业部门,广东省,梅县,"森林生态系统
中亚热带常绿阔叶林",667.0,20050101
广东梅县清凉山,广东省,44131147,县市级,野生动物,林业部门,广东省,梅县,野生动物及其生境,9400.0,20020501
广东翁源老隆山,广东省,44131149,县市级,森林生态,林业部门,广东省,翁源县,中亚热带常绿阔叶林,6288.0,2002
广东肇庆三叉顶,广东省,44131150,县市级,森林生态,林业部门,广东省,德庆县,南亚热带常绿阔叶林及濒危动植物,2044.0,20040101
广东恩平君子山,广东省,44131152,县市级,森林生态,林业部门,广东省,恩平市,"次生林
森林生态环境及野生动植物",6667.0,20050101
广东汕头市翠湖,广东省,44131153,县市级,森林生态,林业部门,广东省,汕头市潮南区,"南亚热带阔叶林及野生动物
天然次生林",1070.0,20040901
广东南雄小流坑-青嶂山,广东省,44131158,省级,森林生态,林业部门,广东省,南雄市,中亚热带常绿阔叶林,7874.0,19950101
广东兴宁和山岩,广东省,44131159,县市级,森林生态,林业部门,广东省,兴宁市,水源涵养林、亚热带常绿阔叶林、珍稀野生动植物,667.0,20000301
广东五华蒲石顶,广东省,44131160,县市级,森林生态,林业部门,广东省,五华县,亚热带常绿阔叶林、珍稀野生动植物,4200.0,20001001
广东山门山苏铁蕨,广东省,44131162,县市级,野生植物,林业部门,广东省,饶平县,苏铁蕨群落及其生境,4317.0,19990801
广东和平县河明亮,广东省,44131163,县市级,森林生态,林业部门,广东省,和平县,亚热带常绿阔叶林及珍稀野生动植物,4200.0,2000
广东源城大桂山,广东省,44131164,县市级,森林生态,林业部门,广东省,河源市源城区,亚热带常绿阔叶林及珍稀野生动植物,6070.0,19980101
广东平远龙文,广东省,44131165,县市级,森林生态,林业部门,广东省,平远县,亚热带常绿阔叶林、珍稀野生动植物,2567.0,2000
广东高明三洲区水源林,广东省,44131166,县市级,森林生态,林业部门,广东省,高明市,水源涵养林,653.0,2000
广东兴宁合水,广东省,44131167,县市级,森林生态,林业部门,广东省,兴宁市,水源涵养林、亚热带常绿阔叶林、珍稀野生动植物,2000.0,20000301
广东惠州惠阳白面石,广东省,44131168,县市级,森林生态,林业部门,广东省,惠州市惠阳区,"森林生态系统
南亚热带常绿阔叶林、珍稀野生动植物",800.0,20030801
广东兴宁神光山,广东省,44131169,县市级,森林生态,林业部门,广东省,兴宁市,亚热带常绿阔叶林、珍稀野生动植物,1333.0,20010201
广东兴宁白鹤仙师,广东省,44131170,县市级,森林生态,林业部门,广东省,兴宁市,亚热带常绿阔叶林、珍稀野生动植物,2000.0,20010201
广东五华天堂山,广东省,44131171,县市级,森林生态,林业部门,广东省,五华县,亚热带常绿阔叶林、珍稀野生动植物,4000.0,20000301
广东五华龙狮殿,广东省,44131172,县市级,森林生态,林业部门,广东省,五华县,亚热带常绿阔叶林、珍稀野生动植物,4667.0,20000301
广东五华益塘,广东省,44131173,县市级,森林生态,水利部门,广东省,五华县,亚热带常绿阔叶林、珍稀野生动植物,2133.0,20000301
广东五华李望嶂,广东省,44131174,县市级,森林生态,林业部门,广东省,五华县,亚热带常绿阔叶林、珍稀野生动植物,2000.0,19991101
广东五华插天嶂,广东省,44131175,县市级,森林生态,林业部门,广东省,五华县,亚热带常绿阔叶林、珍稀野生动植物,4800.0,20001001
广东丰顺八乡山,广东省,44131176,县市级,森林生态,林业部门,广东省,丰顺县,亚热带常绿阔叶林、珍稀野生动植物,3333.0,19990301
广东东莞莲花山,广东省,44131177,县市级,森林生态,林业部门,广东省,东莞市,南亚热带季风常绿阔叶林及野生动植物,757.9,20001201
广东平远黄田,广东省,44131178,县市级,森林生态,林业部门,广东省,平远县,亚热带常绿阔叶林、珍稀野生动植物,700.0,2000
广东平远五指石,广东省,44131179,县市级,森林生态,林业部门,广东省,平远县,亚热带常绿阔叶林、珍稀野生动植物,2000.0,19850801
广东梅县王寿山,广东省,44131180,县市级,森林生态,林业部门,广东省,梅县,亚热带常绿阔叶林及珍稀野生动植物,708.0,20000301
广东梅县尖石笔,广东省,44131181,县市级,森林生态,林业部门,广东省,梅县,"森林及野生动植物
亚热带常绿阔叶林、珍稀野生动植物",633.0,20000301
广东梅县佛子高,广东省,44131182,县市级,森林生态,林业部门,广东省,梅县,亚热带常绿阔叶林、珍稀野生动植物,1744.0,20000301
广东恩平七星坑,广东省,44131183,省级,森林生态,林业部门,广东省,恩平市,"亚热带原始次生林
森林生态环境及野生动植物",8060.0,20030101
广东东莞灯心塘,广东省,44131185,县市级,森林生态,林业部门,广东省,东莞市,水源林、森林生态环境及野生动植物,489.0,20001201
广东兴宁石壁,广东省,44131186,县市级,森林生态,林业部门,广东省,兴宁市,水源涵养林、亚热带常绿阔叶林、珍稀野生动植物,1000.0,20000301
广东东莞银瓶山,广东省,44131187,县市级,森林生态,林业部门,广东省,东莞市,南亚热带季风常绿阔叶林和珍稀动植物、候鸟及其栖息地,2805.0,20001201
广东东莞马山,广东省,44131188,县市级,森林生态,林业部门,广东省,东莞市,南亚热带季风常绿阔叶林和珍稀动植物,2276.0,20001201
广东普宁盘龙阁,广东省,44131190,县市级,森林生态,林业部门,广东省,普宁市,森林及野生动植物,2120.0,19941001
广东普宁三坑水源林,广东省,44131191,县市级,森林生态,林业部门,广东省,普宁市,水源涵养林,3800.0,20010201
广东肇庆七星顶,广东省,44131192,县市级,森林生态,林业部门,广东省,封开县,南亚热带常绿阔叶林及珍稀动植物,4102.0,20040101
广东广州从化温泉,广东省,44131194,县市级,森林生态,林业部门,广东省,广州市,森林生态环境及野生动植物,186.0,1996
广东惠东十二崆,广东省,44131195,县市级,森林生态,林业部门,广东省,惠东县,南亚热带常绿阔叶林、珍稀野生动植物,2006.0,19990101
广东五华天吊嶂,广东省,44131196,县市级,森林生态,林业部门,广东省,五华县,亚热带常绿阔叶林、珍稀野生动植物,3800.0,20001001
广东蕉岭皇佑笔,广东省,44131197,县市级,森林生态,林业部门,广东省,蕉岭县,森林生态系统及珍稀野生动植物,7404.3,19870101
广东兴宁四望嶂,广东省,44131198,县市级,森林生态,林业部门,广东省,兴宁市,亚热带常绿阔叶林、珍稀野生动植物,2000.0,20000301
广东丰顺铜鼓嶂,广东省,44131199,县市级,森林生态,林业部门,广东省,丰顺县,亚热带常绿阔叶林、珍稀野生动植物,4000.0,19990201
广东丰顺大坝,广东省,44131200,县市级,森林生态,林业部门,广东省,丰顺县,亚热带常绿阔叶林、珍稀野生动植物,2667.0,19991201
广东丰顺韩山,广东省,44131201,县市级,森林生态,林业部门,广东省,丰顺县,亚热带常绿阔叶林、珍稀野生动植物,1333.0,20000202
广东丰顺兵营,广东省,44131202,县市级,森林生态,林业部门,广东省,丰顺县,亚热带常绿阔叶林、珍稀野生动植物,2133.0,20000101
广东梅州坢坑,广东省,44131203,县市级,森林生态,林业部门,广东省,梅江区,亚热带常绿阔叶林、珍稀野生动植物,1520.0,2000
广东乳源青溪洞,广东省,44131204,县市级,森林生态,林业部门,广东省,乳源瑶族自治县,亚热带常绿阔叶林、珍稀野生动植物,3133.0,19760501
广东大埔帽山,广东省,44131205,县市级,森林生态,林业部门,广东省,大埔县,亚热带常绿阔叶林、珍稀野生动植物,3453.0,20010901
广东惠东坪天嶂,广东省,44131206,县市级,森林生态,林业部门,广东省,惠东县,南亚热带常绿阔叶林、珍稀野生动植物,1793.0,20001201
广东梅县九龙嶂,广东省,44131207,县市级,森林生态,林业部门,广东省,梅县,"森林和野生动植物
亚热带常绿阔叶林、珍稀野生动植物",1000.0,20020101
广东惠东南木桥,广东省,44131208,县市级,森林生态,林业部门,广东省,惠东县,南亚热带常绿阔叶林、珍稀野生动植物,1557.0,19991201
广东惠东虎竹嶂,广东省,44131209,县市级,森林生态,林业部门,广东省,惠东县,南亚热带常绿阔叶林、珍稀野生动植物,1800.0,19990101
广东惠东白马山,广东省,44131210,县市级,森林生态,林业部门,广东省,惠东县,"森林生态系统
南亚热带常绿阔叶林、珍稀野生动植物",9333.3,20030101
广东博罗黄山洞,广东省,44131211,县市级,森林生态,林业部门,广东省,博罗县,南亚热带常绿阔叶林、珍稀野生动植物,1400.0,19981201
广东博罗太平山,广东省,44131212,县市级,森林生态,林业部门,广东省,博罗县,南亚热带常绿阔叶林、珍稀野生动植物,525.0,19990101
广东惠阳墩子,广东省,44131213,县市级,森林生态,林业部门,广东省,惠州市惠城区,"森林及野生动植物
南亚热带常绿阔叶林、珍稀野生动植物",1923.0,20000401
广东惠阳金桔,广东省,44131214,县市级,野生植物,林业部门,广东省,惠州市惠阳区,"金桔及其生境
南亚热带常绿阔叶林、珍稀野生动植物",2222.0,20000421
广东惠州惠阳白云嶂,广东省,44131215,县市级,森林生态,林业部门,广东省,惠州市惠阳区,"森林生态系统
南亚热带常绿阔叶林、珍稀野生动植物",4214.0,20030801
广东惠州惠阳黄巢嶂,广东省,44131216,县市级,森林生态,林业部门,广东省,惠州市惠阳区,"森林生态系统
南亚热带常绿阔叶林、珍稀野生动植物",4788.0,20030801
广东惠州惠阳大坑,广东省,44131217,县市级,森林生态,林业部门,广东省,惠州市惠阳区,"森林生态系统
南亚热带常绿阔叶林、珍稀野生动植物",1866.0,20030801
广东大埔青溪,广东省,44131219,县市级,森林生态,林业部门,广东省,大埔县,亚热带常绿阔叶林、珍稀野生动植物,5000.0,20010201
广东五华鸿图嶂,广东省,44131220,县市级,森林生态,林业部门,广东省,五华县,亚热带常绿阔叶林、珍稀野生动植物,6800.0,20001001
广东五华天柱山,广东省,44131221,县市级,森林生态,林业部门,广东省,五华县,亚热带常绿阔叶林、珍稀野生动植物,2800.0,20001001
广东五华清水河,广东省,44131222,县市级,森林生态,林业部门,广东省,五华县,亚热带常绿阔叶林、珍稀野生动植物,4500.0,20001001
广东五华桂竹园,广东省,44131223,县市级,森林生态,林业部门,广东省,五华县,亚热带常绿阔叶林、珍稀野生动植物,4300.0,20001001
广东平远南台山,广东省,44131224,县市级,森林生态,林业部门,广东省,平远县,亚热带常绿阔叶林、珍稀野生动植物,1800.0,20010201
广东平远河岭嶂,广东省,44131225,县市级,森林生态,林业部门,广东省,平远县,亚热带常绿阔叶林、珍稀野生动植物,1333.0,20010201
广东梅州人子石,广东省,44131226,县市级,森林生态,林业部门,广东省,梅州市梅江区,"森林及野生动植物
亚热带常绿阔叶林、珍稀野生动植物",1066.0,20010201
广东蕉岭龙潭,广东省,44131227,县市级,森林生态,林业部门,广东省,蕉岭县,亚热带常绿阔叶林、珍稀野生动植物,2333.0,2000
广东大埔龙坪咀,广东省,44131228,县市级,森林生态,林业部门,广东省,大埔县,亚热带常绿阔叶林、珍稀野生动植物,3900.0,20010901
广东大埔大仁岽,广东省,44131229,县市级,森林生态,林业部门,广东省,大埔县,亚热带常绿阔叶林、珍稀野生动植物,2320.0,20010201
广东大埔英雅山,广东省,44131230,县市级,森林生态,林业部门,广东省,大埔县,"森林及珍稀动植物
亚热带常绿阔叶林、珍稀野生动植物",2308.0,20030301
万山群岛,广东省,44138132,县市级,森林生态,农业部门,广东省,珠海市,海岛生态系统,2207.0,19991201
汕头大学周围环境,广东省,44138148,县市级,森林生态,其他部门,广东省,汕头市金平区,汕头大学周围森林植被,176.0,19851201
广东湛江红树林,广东省,44411002,国家级,海洋海岸,林业部门,广东省,湛江市,"红树林生态系统
国际重要湿地",19300.0,19900108
广东内伶仃福田,广东省,44411003,国家级,湿地生态,林业部门,广东省,深圳,红树林湿地生态系统,921.6,1984
广东海丰公平大湖,广东省,44421044,省级,湿地生态,林业部门,广东省,海丰县,湿地生态系统及鸟类,7088.6,1998
广东阳西豪光红树林,广东省,44431070,县市级,湿地生态,林业部门,广东省,阳西县,红树林湿地生态系统及珍稀野生动植物,1000.0,2000
广东电白红树林,广东省,44431083,县市级,海洋海岸,林业部门,广东省,电白县,"红树林、候鸟
红树林湿地生态系统及珍稀野生动植物",1950.0,19991201
广东台山镇海湾红树林,广东省,44431094,县市级,海洋海岸,林业部门,广东省,台山市,"红树林生态系统
沿海滩涂红树林及鸟类",1500.0,20001101
广东汕头湿地,广东省,44431189,县市级,湿地生态,林业部门,广东省,汕头市金平区,湿地生态系统、红树林及鸟类,10333.0,20010801
广东惠东红树林,广东省,44431218,县市级,海洋海岸,林业部门,广东省,惠东县,"红树林、候鸟
红树林湿地生态系统及珍稀野生动植物",533.0,19991201
南澎列岛,广东省,44524042,国家级,海洋海岸,海洋部门,广东省,南澳县,海洋生态系统及海洋生物,61357.0,19910101
广东乌石灯图角珊瑚,广东省,44534133,县市级,海洋海岸,海洋部门,广东省,雷州市,珊瑚礁生态系统,667.0,19990101
广东神泉渔业,广东省,44534138,县市级,海洋海岸,海洋部门,广东省,惠来县,海洋渔业资源,6000.0,20021101
石马角珊瑚,广东省,44534140,县市级,海洋海岸,海洋部门,广东省,徐闻县, 珊瑚礁及其生态系统,14379.0,1999
淇澳红树林,广东省,44538157,县市级,海洋海岸,其他部门,广东省,珠海市, 红树林湿地,1000.0,2000
广东惠东港口海龟国家级自然保护区,广东省,44613007,国家级,野生动物,农业部门,广东省,惠东县,海龟及其产卵繁殖地,800.0,19921027
广东珠江口中华白海豚国家级自然保护区,广东省,44613009,国家级,野生动物,农业部门,广东省,珠海市,中华白海豚及其生境,46000.0,19910101
广东南澳岛候鸟,广东省,44621010,省级,野生动物,林业部门,广东省,南澳县,候鸟及其栖息地,256.0,19900101
广东粤北华南虎,广东省,44621016,省级,野生动物,林业部门,广东省,韶关市曲江区,华南虎生境,16360.8,19900101
广东珠海淇澳--担杆岛,广东省,44621043,省级,野生动物,林业部门,广东省,珠海市,猕猴等动植物,2588.0,1989
广东河源新港,广东省,44621045,省级,野生动物,林业部门,广东省,东源县,水鹿及其生境,7513.0,1976
广东台山上川岛猕猴,广东省,44621047,省级,野生动物,林业部门,广东省,台山市,猕猴等动植物,2232.0,19900101
广东大亚湾水产资源,广东省,44624038,省级,野生动物,海洋部门,广东省,惠州市,海洋水产资源,98500.0,19830401
北部湾白蝶贝,广东省,44624039,省级,野生动物,海洋部门,广东省,湛江市, 白蝶贝及其生境,47333.0,1983
江门台山中华白海豚省级自然保护区,广东省,44624231,省级,野生动物,海洋部门,广东省,台山市,中华白海豚及其生境,10748.0,20031201
广东番禺滴水岩,广东省,44631100,县市级,野生动物,林业部门,广东省,番禺区,鸟类及其栖息环境,484.0,1997
广东汕头市河溪鸟类,广东省,44631154,县市级,野生动物,林业部门,广东省,汕头市潮阳区,候鸟及其生境,1055.0,20040901
广东西澳岛黄嘴白鹭,广东省,44631161,县市级,野生动物,林业部门,广东省,饶平县,鹭鸟及其生境,545.0,20011001
广东南海九江璜玑,广东省,44631193,县市级,野生动物,林业部门,广东省,南海市,鹭类及其栖息环境,2883.0,1985
璜矶鹤巢,广东省,44632126,县市级,野生动物,环保部门,广东省,佛山市南海区, 鹭鸟及其栖息环境,2883.0,1985
广东广宁鼋,广东省,44633135,县市级,野生动物,农业部门,广东省,广宁县,鼋及其生境,400.0,19901101
绥江鼋,广东省,44633136,县市级,野生动物,农业部门,广东省,四会市, 鼋及其生境,273.0,1990
广东外罗海湾鲎,广东省,44634123,县市级,野生动物,海洋部门,广东省,徐闻县,鲎及其生境,1726.0,20010801
乌猪岛,广东省,44634127,县市级,野生动物,海洋部门,广东省,台山市,珍稀海洋动物,8000.0,19971201
硇洲岛沿海资源,广东省,44634129,县市级,野生动物,海洋部门,广东省,湛江市, 鲍鱼、龙虾、江瑶贝等海洋水产资源,1300.0,1984
大黄鱼幼鱼,广东省,44634131,县市级,野生动物,海洋部门,广东省,徐闻县, 大黄鱼幼鱼,1965128.0,2000
大埕湾,广东省,44634137,县市级,野生动物,海洋部门,广东省,饶平县, 西施舌、文蛤等珍稀海洋生物,2750.0,1999
大芒岛野生动物,广东省,44638130,县市级,野生动物,其他部门,广东省,珠海市, 梅花鹿、植物,420.0,2000
广东斗门锅盖栋,广东省,44731077,县市级,森林生态,林业部门,广东省,珠海市斗门区,森林及野生动植物,1425.0,19991201
广东斗门竹篙岭,广东省,44731078,县市级,森林生态,林业部门,广东省,珠海市斗门区,森林及野生动植物,460.0,19991201
广东珠海黄杨山,广东省,44731079,县市级,野生植物,林业部门,广东省,斗门区,珍稀动植物物种,1635.0,2000
广东珠海大杧岛,广东省,44731080,县市级,野生植物,林业部门,广东省,三灶区,珍稀动植物物种,480.0,2000
广东珠海万山群岛,广东省,44731081,县市级,野生植物,林业部门,广东省,万山区,珍稀动植物物种,2207.0,2000
广东珠海凤凰山,广东省,44731082,县市级,森林生态,林业部门,广东省,珠海市香洲区,"森林生态系统
珍稀动植物物种",807.0,20000101
广东珠海荷包岛,广东省,44731086,县市级,野生植物,林业部门,广东省,三灶区,珍稀动植物物种,1171.0,2000
广东乳源红豆杉,广东省,44731151,县市级,野生植物,林业部门,广东省,乳源瑶族自治县,红豆杉及其生境,10190.0,20040101
广东高明合水桫椤,广东省,44731184,县市级,野生植物,林业部门,广东省,高明市,桫椤及其生境,1038.0,19980801
增城野生稻,广东省,44733155,县市级,野生植物,农业部门,广东省,增城市,野生稻及其生境,4.0,20000901
广东丹霞山国家级自然保护区,广东省,44817006,国家级,地质遗迹,国土部门,广东省,仁化县,丹霞地貌、珍稀动植物，特别是黄腹角雉和白颈长尾雉等,28000.0,19951106
梅林湖古海蚀地貌,广东省,44827040,省级,地质遗迹,国土部门,广东省,潮安县, 古海蚀群和海蚀地貌,193.0,1987
广东饶平海山海滩岩,广东省,44827053,省级,地质遗迹,国土部门,广东省,饶平县,海滩岩,2875.0,19990702
广东湖光岩,广东省,44837128,县市级,地质遗迹,国土部门,广东省,湛江市经济技术开发区麻章区,火山口遗迹,470.0,20000901
茂名恐龙化石,广东省,44837134,县市级,古生物遗迹,其他部门,广东省,茂名市茂南区,恐龙化石,1800.0,19950101
南雄恐龙化石群,广东省,44837139,省级,地质遗迹,国土部门,广东省,南雄市,恐龙化石地质遗迹,4221.0,19950501
西樵山,广东省,44838125,县市级,地质遗迹,其他部门,广东省,佛山市南海区,火山地貌,800.0,20021201
从化温泉,广东省,44838156,县市级,地质遗迹,其他部门,广东省,从化市,温泉自然景观、森林生态,2886.0,19880301
广东河源恐龙蛋化石,广东省,44927037,省级,古生物遗迹,国土部门,广东省,河源市,恐龙蛋化石地质遗迹,1002.0,2001
广东硇洲海洋资源,广东省,粤79,县市级,野生动物,海洋部门,广东省,湛江市,鲍鱼、龙虾、江瑶贝等海洋水产资源,1300.0,19900101
南澳平屿,广东省,粤59,县市级,野生动物,海洋部门,广东省,南澳县,南方鲎及其生境,157.3,20040201
广东四会绥江鼋,广东省,粤152,县市级,野生动物,农业部门,广东省,四会市,鼋及其生境,273.0,19900801
黄扬山,广东省,粤46,县市级,森林生态,林业部门,广东省,珠海市斗门区,森林及野生动植物,1635.0,20000401
广东白礤,广东省,粤273,县市级,森林生态,林业部门,广东省,东源县,次生阔叶林,1500.0,19990801
广东三洲水源林,广东省,粤62,县市级,森林生态,林业部门,广东省,佛山市高明区,水源涵养林,653.0,20000101
广东龙门合子,广东省,粤178,县市级,森林生态,林业部门,广东省,龙门县,水源涵养林,1500.0,20000701
广东洋朗,广东省,粤157,县市级,森林生态,林业部门,广东省,惠州市惠城区,森林及野生动植物,1200.0,20000801
大东坑,广东省,粤05,县市级,森林生态,林业部门,广东省,增城市,次生阔叶林,250.0,19991001
丹霞闭壳龟,广东省,粤08,县市级,野生动物,农业部门,广东省,韶关市,闭壳龟及其生境,500.0,20060601
内伶仃岛－福田,广东省,粤38,国家级,海洋海岸,林业部门,广东省,深圳市宝安区、福田区,猕猴、鸟类、红树林湿地生态系统,815.0,19840409
广东云开山,广东省,粤130,国家级,森林生态,林业部门,广东省,信宜市,南亚热带常绿阔叶林及野生动植物,12511.3,20100618
广东徐闻珊瑚礁,广东省,粤90,国家级,海洋海岸,海洋部门,广东省,徐闻县,珊瑚礁生态系统,14378.5,19990801
广东雷州珍稀海洋生物,广东省,粤98,国家级,野生动物,海洋部门,广东省,雷州市,白蝶贝等珍稀海洋生物及其生境,46864.7,19830101
广东平远龙文-黄田,广东省,粤224,省级,森林生态,林业部门,广东省,平远县,中亚热带常绿阔叶林及珍稀动植物,7960.5,19850301
从化唐鱼,广东省,粤01,县市级,野生动物,海洋部门,广东省,广州市,唐鱼及其生境,118.0,20070401
花都芙蓉嶂桃花水母,广东省,粤02,县市级,野生动物,海洋部门,广东省,广州市,水母及其生境,280.0,20070301
新垦鸟类,广东省,粤03,县市级,野生动物,林业部门,广东省,,鸟类及其生境,3300.0,19991201
陈禾洞,广东省,粤06,省级,森林生态,林业部门,广东省,从化市,常绿阔叶林及野生动植物,2219.0,19991201
万时山大鲵,广东省,粤09,县市级,野生动物,农业部门,广东省,韶关市,大鲵及其生境,850.0,20060601
仁化锦江鱼类,广东省,粤10,县市级,野生动物,农业部门,广东省,韶关市,鱼类,1500.0,20060601
龙斗斜,广东省,粤11,县市级,野生动物,林业部门,广东省,韶关市,苏门羚等野生动物及其生境,2000.0,19960501
广东北江特有珍稀鱼类,广东省,粤12,省级,野生动物,海洋部门,广东省,韶关市,斑鱯等珍稀鱼类,2820.0,20060801
半溪张光营,广东省,粤21,县市级,森林生态,林业部门,广东省,翁源县,中亚热带常绿阔叶林,6000.0,20000101
翁源青云山,广东省,粤22,省级,森林生态,林业部门,广东省,翁源县,森林生态系统,7359.0,20021201
乳源山瑞鳖,广东省,粤23,县市级,野生动物,海洋部门,广东省,乳源瑶族自治县,山瑞鳖等野生动物,400.0,20061101
滃江水生野生动物,广东省,粤24,县市级,野生动物,农业部门,广东省,乳源瑶族自治县,珍稀鱼类、贝类及水草,804.0,20060901
鲁古河,广东省,粤31,县市级,森林生态,林业部门,广东省,新丰县,中亚热带常绿阔叶林,10600.0,20000101
乐昌唇鱼,广东省,粤32,县市级,野生动物,海洋部门,广东省,乐昌市,唇鱼及其生境,400.0,20040601
大鹏半岛,广东省,粤37,县市级,森林生态,林业部门,广东省,深圳市葵涌、大鹏、南澳,南亚热带常绿阔叶林、红树林及珍稀濒危物种,14622.0,20100101
庙湾珊瑚,广东省,粤39,县市级,海洋海岸,林业部门,广东省,珠海市,珊瑚礁生态系统,2435.0,20060601
淇澳－担杆岛,广东省,粤44,省级,海洋海岸,农业部门,广东省,珠海市,红树林,7363.0,19891101
濠江企望湾南方鲎,广东省,粤49,县市级,野生动物,海洋部门,广东省,汕头市濠江区,南方鲎及其生境,272.8,20040201
龙头湾,广东省,粤50,县市级,野生动物,海洋部门,广东省,汕头市潮阳区,中华白海豚等珍稀水生野生动物,976.0,20030901
田心湾南方鲎,广东省,粤52,县市级,野生动物,海洋部门,广东省,汕头市潮南区,南方鲎及其生境,333.0,20040201
练江口,广东省,粤53,县市级,湿地生态,农业部门,广东省,汕头市潮南区,湿地生态系统、候鸟、水生动物和渔业资源,233.0,20050601
莱芜中国龙虾,广东省,粤55,县市级,野生动物,海洋部门,广东省,汕头市澄海区,中国龙虾及其生境,2060.0,20030801
莱芜中华白海豚,广东省,粤56,县市级,野生动物,海洋部门,广东省,汕头市澄海区,中华白海豚及其生境,1053.0,20030801
南澳赤屿,广东省,粤60,县市级,野生动物,海洋部门,广东省,南澳县,中国龙虾及其生境,212.4,20040201
赤溪曹峰山,广东省,粤68,县市级,森林生态,林业部门,广东省,台山市,天然次生林,9459.0,20050201
广东石榴塘,广东省,粤70,县市级,森林生态,其他部门,广东省,开平市,森林及野生动植物,1442.0,20050101
广东狮山,广东省,粤71,县市级,森林生态,其他部门,广东省,开平市,森林及野生动物,1694.0,20050101
广东梁金山,广东省,粤72,县市级,森林生态,林业部门,广东省,开平市,森林及野生动植物,3546.0,20050101
广东赤坎百足山,广东省,粤73,县市级,森林生态,林业部门,广东省,开平市,森林及野生动植物,1131.5,20050101
广东恩平红树林,广东省,粤74,县市级,海洋海岸,林业部门,广东省,恩平市,红树林生态系统,700.0,20050101
广东恩平锦江源,广东省,粤76,县市级,森林生态,林业部门,广东省,恩平市,季风常绿阔叶林及野生动物,7535.0,20060201
广东雷州湾中华白海豚,广东省,粤78,县市级,野生动物,海洋部门,广东省,湛江市,中华白海豚及其生境,2058.0,20070401
广东特呈岛,广东省,粤81,县市级,海洋海岸,海洋部门,广东省,湛江市霞山区,海洋生态系统,715.4,20030801
广东南三岛鲎类,广东省,粤82,县市级,野生动物,海洋部门,广东省,湛江市坡头区,鲎及其生境,2186.0,20031101
广东雷州湾海洋生态,广东省,粤83,县市级,海洋海岸,海洋部门,广东省,湛江市经济技术开发区麻章区,雷州湾海洋生态系统,1000.0,20031201
广东遂溪真鲷和二长棘鲷幼鱼,广东省,粤85,县市级,野生动物,海洋部门,广东省,遂溪县,真鲷和二长棘鲷幼鱼及其生境,2000.0,20040601
广东遂溪中国鲎,广东省,粤86,县市级,野生动物,海洋部门,广东省,遂溪县,中国鲎及其生境,1000.0,20000901
广东徐闻大黄鱼幼鱼,广东省,粤87,县市级,野生动物,海洋部门,广东省,徐闻县,大黄鱼幼鱼及其生境,1965128.0,19990803
广东苍头、南山红树林,广东省,粤89,县市级,海洋海岸,海洋部门,广东省,徐闻县,红树林生态系统,300.0,19970501
广东英罗湾儒艮,广东省,粤91,县市级,野生动物,海洋部门,广东省,廉江市,儒艮及其生境,10380.0,20030901
广东廉江谢鞋山,广东省,粤92,县市级,野生植物,林业部门,广东省,廉江市,野生荔枝林,180.0,20050101
广东廉江根竹嶂,广东省,粤93,县市级,野生植物,林业部门,广东省,廉江市,天然米椎林,360.0,20050101
广东东里栉江瑶,广东省,粤94,县市级,野生动物,海洋部门,广东省,雷州市,江瑶及其生境,200.0,20030101
广东雷州海草,广东省,粤95,县市级,野生植物,海洋部门,广东省,雷州市,海草及其生境,3633.0,19830101
广东南渡河口,广东省,粤97,县市级,海洋海岸,海洋部门,广东省,雷州市,海洋生态系统,200.0,20030101
广东吴川文昌鱼,广东省,粤99,县市级,野生动物,海洋部门,广东省,吴川市,文昌鱼及其生境,1384.0,20000801
广东放鸡岛文昌鱼,广东省,粤100,县市级,野生动物,海洋部门,广东省,茂名市,文昌鱼及其生境,14960.0,20040101
广东化州飞蛾岭,广东省,粤101,县市级,森林生态,林业部门,广东省,茂名市,森林及野生动植物,800.0,20070201
广东高州南山河,广东省,粤102,县市级,森林生态,林业部门,广东省,茂名市,森林及野生动植物,2103.0,20070201
广东高州百花顶,广东省,粤103,县市级,森林生态,林业部门,广东省,茂名市,森林及野生动植物,2216.0,20070201
广东电白河尾山,广东省,粤104,县市级,森林生态,林业部门,广东省,茂名市,森林及野生动植物,2309.0,20070201
广东高州三官山,广东省,粤105,县市级,森林生态,林业部门,广东省,茂名市,森林及野生动植物,5237.0,20070201
广东茂港区人工鱼礁,广东省,粤107,县市级,海洋海岸,海洋部门,广东省,茂名市茂港区,海洋生态系统,3000.0,20031201
广东茂港红树林,广东省,粤108,县市级,海洋海岸,林业部门,广东省,茂名市茂港区,红树林湿地生态系统,800.0,20011101
广东仙人洞蝾螈,广东省,粤110,县市级,野生动物,海洋部门,广东省,高州市,蝾螈及其生境,3000.0,20040101
广东过天坡,广东省,粤111,县市级,森林生态,林业部门,广东省,信宜市,森林及野生动植物,393.0,20050201
广东鸭兜山,广东省,粤112,县市级,森林生态,林业部门,广东省,信宜市,森林及野生动植物,408.0,20050201
广东石牛肚,广东省,粤113,县市级,森林生态,林业部门,广东省,信宜市,森林及野生动植物,425.0,20050201
广东猫耳石,广东省,粤114,县市级,森林生态,林业部门,广东省,信宜市,森林及野生动植物,430.0,20050201
广东南瓮顶,广东省,粤115,县市级,森林生态,林业部门,广东省,信宜市,森林及野生动植物,443.0,20050201
广东亚公髻,广东省,粤116,县市级,森林生态,林业部门,广东省,信宜市,森林及野生动植物,490.0,20050201
广东公婆石,广东省,粤117,县市级,森林生态,林业部门,广东省,信宜市,森林及野生动植物,569.0,20050201
广东花楼顶,广东省,粤118,县市级,森林生态,林业部门,广东省,信宜市,森林及野生动植物,695.0,20050201
广东三甲顶,广东省,粤119,县市级,森林生态,林业部门,广东省,信宜市,森林及野生动植物,745.0,20050201
广东信宜鸡笼顶,广东省,粤120,县市级,森林生态,林业部门,广东省,信宜市,森林及野生动植物,813.0,20050201
广东鹞婆石,广东省,粤121,县市级,森林生态,林业部门,广东省,信宜市,森林及野生动植物,955.0,20050201
广东黄华江,广东省,粤122,县市级,野生动物,海洋部门,广东省,信宜市,大鲵等水产资源,1000.0,19960201
广东亚婆髻,广东省,粤123,县市级,森林生态,林业部门,广东省,信宜市,森林及野生动植物,1214.0,20050201
广东龙须顶,广东省,粤124,县市级,森林生态,林业部门,广东省,信宜市,森林及野生动植物,1330.0,20050201
广东托盘洞,广东省,粤125,县市级,森林生态,林业部门,广东省,信宜市,森林及野生动植物,1806.0,20050201
广东元珠,广东省,粤126,县市级,森林生态,林业部门,广东省,信宜市,森林及野生动植物,2167.0,20050201
五指肚,广东省,粤127,县市级,森林生态,林业部门,广东省,信宜市,森林及野生动植物,2550.0,20050201
广东银岩,广东省,粤128,县市级,森林生态,林业部门,广东省,信宜市,森林及野生动植物,4323.0,20050201
广东林洲顶,广东省,粤129,省级,森林生态,林业部门,广东省,信宜市,森林及野生动植物,6064.8,20050201
广东黄沙蚬,广东省,粤133,县市级,野生动物,农业部门,广东省,肇庆市鼎湖区,河蚬及其生境,6000.0,20040901
广东三江口斑鱯产卵场,广东省,粤137,县市级,野生动物,农业部门,广东省,怀集县,斑鱯及其生境,110.0,20040901
广东怀集桥头燕岩,广东省,粤138,省级,地质遗迹,国土部门,广东省,怀集县,燕岩地质地貌,923.0,20050706
广东大稠顶,广东省,粤139,省级,森林生态,林业部门,广东省,怀集县,南亚热带常绿阔叶林及珍稀动植物,3761.0,20000101
广东贺江,广东省,粤141,县市级,湿地生态,农业部门,广东省,封开县,湿地生态系统,280.0,20041101
广东西江珍稀鱼类,广东省,粤142,省级,野生动物,农业部门,广东省,封开县,水生野生动物,1914.0,20040101
广东西江烂柯山,广东省,粤150,省级,森林生态,林业部门,广东省,高要市,南亚热带常绿阔叶林及珍稀动植物,7962.0,20040101
广东龙门黄草坪,广东省,粤181,县市级,森林生态,林业部门,广东省,龙门县,南亚热带常绿阔叶林及珍稀动植物,3716.0,20000801
广东梅州泮坑,广东省,粤184,县市级,森林生态,林业部门,广东省,梅州市梅江区,水源涵养林,1520.0,19921201
广东梅县上官塘,广东省,粤193,县市级,森林生态,林业部门,广东省,梅县,森林生态系统,2000.0,20050101
广东大埔三河坝湿地,广东省,粤201,县市级,湿地生态,林业部门,广东省,大埔县,森林及珍稀动植物,7198.0,20060601
广东丰顺塘湖,广东省,粤206,县市级,森林生态,林业部门,广东省,丰顺县,森林及野生动植物,3150.0,19990301
广东碣石湾海马资源,广东省,粤234,县市级,野生动物,海洋部门,广东省,汕尾市,三斑海马、日本海马等及其栖息地,500.0,20060801
广东汕尾遮浪角,广东省,粤235,县市级,海洋海岸,海洋部门,广东省,汕尾市,人工鱼礁,810.0,20060801
广东陆丰陂洋土沉香,广东省,粤236,县市级,野生植物,林业部门,广东省,汕尾市,土沉香,67.0,20070201
广东陆河南万大鲵,广东省,粤237,县市级,野生动物,海洋部门,广东省,汕尾市,大鲵及其生境,500.0,20060901
广东陆丰碣石湿地,广东省,粤238,县市级,湿地生态,林业部门,广东省,汕尾市,湿地、候鸟,800.0,20070201
广东陆丰三溪水,广东省,粤239,县市级,野生动物,林业部门,广东省,汕尾市,候鸟,3340.0,20070201
广东九龙湾海洋,广东省,粤240,县市级,野生动物,海洋部门,广东省,海丰县,真鲷等动物及其产卵场和孵化场,2050.0,20060801
广东海丰鸟类,广东省,粤243,省级,野生动物,林业部门,广东省,海丰县,鸟类及其生境,11591.0,19980811
广东陆河花鳗鲡,广东省,粤245,省级,野生动物,农业部门,广东省,陆河县,广东省最大的花鳗鲡自然分布区，唐鱼、金钱龟、山瑞鳖等野生动物及其生境,1865.6,20041201
广东石坪金钱龟,广东省,粤246,县市级,野生动物,林业部门,广东省,河源市,金钱龟及其生境,27.0,20011201
广东桂山大鲵,广东省,粤247,县市级,野生动物,农业部门,广东省,河源市,大鲵及其生境,133.0,20011101
广东河源鼋,广东省,粤248,县市级,野生动物,农业部门,广东省,河源市,鼋、黄沙鲂及其生境,160.0,20011101
广东新丰江鼋,广东省,粤249,县市级,野生动物,林业部门,广东省,河源市,大鲵及其生境,3000.0,20011201
广东和平下车,广东省,粤250,县市级,森林生态,林业部门,广东省,河源市,阔叶林珍稀动植物,7404.0,20030201
广东新港,广东省,粤251,省级,森林生态,林业部门,广东省,河源市,森林及珍稀动物,7513.0,19760501
广东和平阳明,广东省,粤252,县市级,森林生态,林业部门,广东省,河源市,阔叶林珍稀动植物,7825.0,20030201
广东龙川鼋,广东省,粤259,县市级,野生动物,海洋部门,广东省,龙川县,鼋及其生境,1000.0,20020601
广东龙川富州,广东省,粤266,县市级,森林生态,林业部门,广东省,龙川县,水源涵养林,3400.0,20001101
广东连平河头,广东省,粤269,县市级,森林生态,林业部门,广东省,连平县,森林生态系统,1614.0,19980101
广东和平明亮,广东省,粤271,县市级,森林生态,林业部门,广东省,和平县,森林生态系统,7008.0,20000101
广东东源饶嶂,广东省,粤277,县市级,森林生态,林业部门,广东省,东源县,亚热带常绿阔叶林、水源涵养林,3000.0,19990801
广东南鹏列岛,广东省,粤280,省级,野生动物,海洋部门,广东省,阳江市,海洋水产资源,20000.0,20040316
广东阳江浅海海洋生态,广东省,粤281,县市级,海洋海岸,海洋部门,广东省,阳江市,海洋生态系统,1000.0,20081201
广东埠场沿海防风林,广东省,粤282,县市级,森林生态,林业部门,广东省,阳江市,森林生态系统,300.0,20050101
广东阳江北山公园,广东省,粤283,县市级,森林生态,林业部门,广东省,阳江市江城区,森林生态系统,13.0,20050101
广东岗列对岸三角洲,广东省,粤284,县市级,海洋海岸,林业部门,广东省,阳江市江城区,红树林,40.0,20050101
广东阳江望瞭岭,广东省,粤285,县市级,森林生态,林业部门,广东省,阳江市江城区,森林生态系统,20.0,20050101
广东阳江岗列发王山,广东省,粤286,县市级,森林生态,林业部门,广东省,阳江市江城区,森林生态系统,23.0,20050101
广东大凹山及鸳鸯湖,广东省,粤287,县市级,森林生态,林业部门,广东省,阳江市江城区,森林生态系统,233.0,20050101
广东阳江双捷青冲,广东省,粤288,县市级,森林生态,林业部门,广东省,阳江市江城区,水源涵养林,300.0,20050101
广东平冈凤山,广东省,粤289,县市级,森林生态,林业部门,广东省,阳江市江城区,森林生态系统,400.0,20050101
广东平冈红树林湿地,广东省,粤290,县市级,海洋海岸,林业部门,广东省,阳江市江城区,红树林及湿地生态系统,800.0,20050101
广东阳江白沙河,广东省,粤291,县市级,湿地生态,林业部门,广东省,阳江市江城区,湿地生态系统,433.0,20050101
广东岗列长其岭,广东省,粤292,县市级,森林生态,林业部门,广东省,阳江市江城区,森林生态系统,767.0,20050101
广东江城浅海,广东省,粤293,县市级,海洋海岸,海洋部门,广东省,阳江市江城区,海洋生态系统,39.5,20040701
广东海陵大堤东泥蚶,广东省,粤294,县市级,野生动物,海洋部门,广东省,阳江市江城区,水产资源,213.3,20040701
广东程村湾,广东省,粤295,县市级,海洋海岸,海洋部门,广东省,阳西县,海洋生态系统,1195.0,20040401
广东青洲岛龙虾,广东省,粤296,县市级,野生动物,海洋部门,广东省,阳西县,龙虾及其生境,1190.0,20040201
广东程村豪光红树林,广东省,粤297,县市级,海洋海岸,林业部门,广东省,阳西县,红树林生态系统,1000.0,20000601
广东大树岛龙虾,广东省,粤298,县市级,野生动物,海洋部门,广东省,阳西县,龙虾及其生境,262.45,20040201
广东青洲岛,广东省,粤299,县市级,海洋海岸,海洋部门,广东省,阳西县,海洋景观,42.5,20040201
广东头芦排海洋,广东省,粤300,县市级,海洋海岸,海洋部门,广东省,阳东县,海洋生态系统,1600.0,20041201
广东连山石公山,广东省,粤303,县市级,森林生态,林业部门,广东省,清远市,常绿阔叶林和野生动物,320.0,20070201
广东清远笔架山,广东省,粤304,县市级,森林生态,林业部门,广东省,清远市,常绿阔叶林和野生动物,2529.0,20010101
广东龙牙峡,广东省,粤305,省级,野生动物,农业部门,广东省,清远市,水产种质资源,8500.0,20080901
广东阳山东山,广东省,粤306,县市级,森林生态,林业部门,广东省,清远市,石灰岩和常绿阔叶林,19928.0,20050201
广东北江水产种质资源,广东省,粤307,县市级,野生动物,农业部门,广东省,清远市清城区,鼋、黄沙蚬等种质资源,5000.0,20041201
广东犁头山,广东省,粤310,县市级,森林生态,林业部门,广东省,连山壮族瑶族自治县,森林、野生动植物,667.0,20000601
广东连南大鲵,广东省,粤317,省级,野生动物,农业部门,广东省,连南瑶族自治县,大鲵及其生境,1046.6,20041201
广东滨江水生生物,广东省,粤319,县市级,野生动物,农业部门,广东省,清新县,大鲵、斑鱯、黄桑鱼等水生生物,1400.0,20041201
广东滑水山,广东省,粤328,县市级,森林生态,林业部门,广东省,英德市,天然阔叶林及珍稀濒危动植物,50655.0,19980528
广东三水水生野生动物,广东省,粤329,县市级,野生动物,农业部门,广东省,连州市,鼋、大鲵、金钱龟等水生野生动物,210.0,20041201
广东东莞自然生态,广东省,粤332,县市级,森林生态,其他部门,广东省,东莞市,南亚热带季风常绿阔叶林和野生动植物,2034.0,19980101
广东中山长江库区,广东省,粤336,县市级,森林生态,林业部门,广东省,中山市,森林生态系统,4240.0,20030301
广东潮安凤凰溪,广东省,粤337,县市级,野生动物,其他部门,广东省,潮州市,闭壳龟及其生境,300.0,20061201
广东韩江,广东省,粤338,县市级,野生动物,农业部门,广东省,潮州市,鼋、花鳗鲡及其生境,800.0,20040101
广东潮安海蚀地貌,广东省,粤339,省级,地质遗迹,国土部门,广东省,潮安县,古海蚀群和海蚀地貌,405.0,19991101
广东饶平大埕湾海洋生态,广东省,粤341,县市级,野生动物,海洋部门,广东省,饶平县,西施舌、文蛤等珍稀海洋生物,2750.0,19990801
广东饶平中华白海豚,广东省,粤342,县市级,野生动物,海洋部门,广东省,饶平县,中华白海豚及其生境,1482.0,20031101
广东揭阳海龟、鲎,广东省,粤346,县市级,野生动物,海洋部门,广东省,揭阳市,海龟、鲎及其生境,3000.0,20040201
广东揭阳龙虾,广东省,粤347,县市级,野生动物,海洋部门,广东省,揭阳市,龙虾及其生境,4000.0,20040201
广东三洲,广东省,粤348,县市级,野生动物,农业部门,广东省,揭阳市,花鳗鲡等水产资源,466.0,20040201
广东揭东新西河,广东省,粤349,县市级,湿地生态,林业部门,广东省,揭阳市,水源及水源涵养林,2500.0,20070201
广东良田蝾螈,广东省,粤350,县市级,野生动物,海洋部门,广东省,揭阳市,蝾螈及其生境,3000.0,20040201
广东榕江潮道,广东省,粤351,县市级,海洋海岸,海洋部门,广东省,揭阳市揭城区,海洋生态系统及野生动植物,1829.0,20040201
广东桑浦山-双坑,广东省,粤352,省级,森林生态,林业部门,广东省,揭东县,珍稀动植物,6809.1,20050101
广东揭西李望嶂,广东省,粤353,县市级,森林生态,林业部门,广东省,揭西县,亚热带常绿阔叶林,7021.0,20030101
广东惠来黄光山,广东省,粤355,县市级,森林生态,林业部门,广东省,惠来县,亚热带常绿阔叶林及珍稀动植物,6875.0,20060101
广东三宝山兰科植物,广东省,粤358,县市级,野生植物,林业部门,广东省,新兴县,兰科植物及其生境,7030.0,20060101
广东郁南大河水库,广东省,粤359,县市级,森林生态,林业部门,广东省,郁南县,常绿阔叶林和珍稀动植物,800.0,20060101
广东郁南望君山,广东省,粤360,县市级,森林生态,林业部门,广东省,郁南县,常绿阔叶林和珍稀动植物,1300.0,20060101
广东郁南五马归槽,广东省,粤361,县市级,森林生态,林业部门,广东省,郁南县,常绿阔叶林和珍稀动植物,1500.0,20060101
广东郁南金菊顶,广东省,粤362,县市级,森林生态,林业部门,广东省,郁南县,常绿阔叶林和珍稀动植物,2000.0,20060101
广东郁南小流,广东省,粤364,县市级,森林生态,林业部门,广东省,郁南县,森林生态系统与野生动植物,6667.0,19930301
广东云浮大云雾山,广东省,粤365,县市级,森林生态,林业部门,广东省,云安县,常绿阔叶林和珍稀动植物,1105.0,20060101
广东大金山,广东省,粤366,县市级,森林生态,林业部门,广东省,云安县,次生阔叶林,2592.0,19991101
广东罗定龙湾,广东省,粤368,县市级,森林生态,林业部门,广东省,罗定市,常绿阔叶林和珍稀动植物,7129.0,20060101
广东云浮崖楼山,广东省,粤367,县市级,野生植物,林业部门,广东省,云安县,桫椤、格木及其生境,3766.0,20060101
广东信宜八一林场,广东省,44000233,---,---,---,广东省,,,0.0,0
广东封开,广东省,44000234,---,---,---,广东省,,,0.0,0
广东乳源县乳阳,广东省,44000235,---,---,---,广东省,,,0.0,0
广东广州市,广东省,44000236,---,---,---,广东省,,,0.0,0
元宝山,广西省,23438183,省级,湿地生态,其他部门,广西省,融水苗族自治县,元宝山冷杉、珍稀动物及水源涵养林,4159.0,19820608
广西大青山,广西省,45000066,---,---,---,广西省,,,0.0,0
广西花山,广西省,45000067,---,---,---,广西省,宁明、龙两县境,,0.0,0
广西千家洞,广西省,45111001,国家级,森林生态,林业部门,广西省,灌阳县,"亚热带原生性常绿阔叶林森林生态系统及野生动植物
银杏、资源冷杉、红豆杉、南方红豆杉、黄腹角雉、大鲵、虎纹蛙、穿山甲、猕猴、林麝等",12231.0,19820601
广西弄岗,广西省,45111002,国家级,森林生态,林业部门,广西省,龙州县、宁明县,"北热带石灰岩季雨林和白头叶猴、黑叶猴等珍稀野生动植物
蚬木、金丝李、金花茶、蚬木、猕猴、蟒蛇、猕猴等",10080.0,19780101
广西木论,广西省,45111003,国家级,森林生态,林业部门,广西省,环江毛南族自治县、罗城仫佬族自治县,"中亚热带石灰岩常绿阔叶混交林生态系统及单行木兰
南方红豆杉、单座苣苔、金钱豹、蟒蛇、猕猴、藏猴、黑熊等",8969.0,19960101
广西大瑶山,广西省,45111004,国家级,森林生态,林业部门,广西省,金秀瑶族自治县、荔浦县、蒙山县,"中亚热带向南亚热带过渡的常绿阔叶林生态系统及瑶山鳄蜥、银杉等珍稀动植物
银杉、南方红豆杉、伯乐树、云豹、蟒蛇、瑶山鳄蜥、金斑喙凤蝶、等",24907.3,19820601
广西大明山,广西省,45111005,国家级,森林生态,林业部门,广西省,武鸣县、马山县、上林县、宾阳县,"常绿阔叶林、水源涵养林及珍稀野生动植物
格木、福建柏、白豆杉、蟒蛇、黑叶猴、金钱豹、穿山甲大、小灵猫、苏门羚等",16994.0,19810801
广西猫儿山,广西省,45111006,国家级,森林生态,林业部门,广西省,兴安县、资源县、龙胜县,"典型常绿阔叶林生态系统及珍稀野生动植物
南方红豆杉、银杏、红豆杉、金钱豹、云豹、猕猴、藏酋猴等",17008.5,19760501
广西十万大山,广西省,45111007,国家级,森林生态,林业部门,广西省,防城港市防城区、钦州市、上思县,"水源涵养林和季雨林
金花茶、狭叶坡垒、海南风吹楠、海南石梓、云豹、金钱豹、蟒蛇、黑熊、白鹇等",58277.1,19820601
广西花坪,广西省,45111008,国家级,森林生态,林业部门,广西省,龙胜各族自治县、临桂县,"银杉、典型常绿阔叶林生态系统及珍稀野生动植物
伯乐树、银杏、南方红豆杉、金钱豹、黄腹角雉、猕猴、短尾猴、黑熊等",17400.0,19611018
广西老虎跳,广西省,45121013,省级,森林生态,林业部门,广西省,那坡县,北热带岩溶森林及印支虎、望天树、兰科植物等野生动植物,27008.0,19820608
广西青狮潭,广西省,45121017,省级,森林生态,林业部门,广西省,灵川县,水源涵养林,44282.6,19820608
广西黄连山,广西省,45121020,省级,森林生态,林业部门,广西省,德保,水源涵养林,14628.0,1982
广西海洋山,广西省,45121022,省级,森林生态,林业部门,广西省,全州、灌阳、恭城、灵川、阳朔、兴安等县,水源涵养林及野生动植物,90400.0,19820608
广西龙山,广西省,45121023,省级,森林生态,林业部门,广西省,上林,水源涵养林、珍稀动植物,10800.0,2003
广西下雷,广西省,45121024,省级,森林生态,林业部门,广西省,大新县,水源涵养林及猕猴,27185.0,19820608
广西那林,广西省,45121025,省级,森林生态,林业部门,广西省,博白县,"森林生态系统
格木、紫荆、观光木",19890.1,19820608
广西龙虎山,广西省,45121026,省级,野生动物,林业部门,广西省,隆安县,"猕猴、石山苏铁、毛瓣金花茶等珍稀动植物
蒜头果、格木等",2255.7,19801119
广西西大明山,广西省,45121027,省级,森林生态,林业部门,广西省,扶绥县、隆安县、大新县、崇左市江洲区,水源涵养林、冠斑犀鸟,60100.0,19820608
广西元宝山,广西省,45121028,国家级,森林生态,林业部门,广西省,融水,红豆杉、鹅掌楸等,4158.7,1982
广西滑水冲,广西省,45121029,省级,森林生态,林业部门,广西省,贺州市八步区,水源涵养林,9929.0,19820608
广西姑婆山,广西省,45121030,省级,森林生态,林业部门,广西省,贺州市,中亚热带常绿阔叶林，黄腹角雉、鳄蜥、花榈木、福建柏等野生动植物,6550.0,19820608
广西三匹虎,广西省,45121031,省级,森林生态,林业部门,广西省,南丹县、天峨县,水源涵养林及珍稀野生动植物,3105.0,19820608
广西龙滩,广西省,45121032,省级,森林生态,林业部门,广西省,天峨县,"季风常绿阔叶林；南方红豆杉、黑颈长尾雉、林麝等濒危野生动植物和水源涵养林
柄翅果、任豆、蟒蛇、猕猴、红腹锦鸡、草鸮等",42848.4,19820608
广西寿城,广西省,45121034,省级,森林生态,林业部门,广西省,永福县、临桂县,水源涵养林其及野生动植物,75900.0,19820608
广西架桥岭,广西省,45121035,省级,森林生态,林业部门,广西省,永福县、荔浦县、阳朔县,水源涵养林,67000.0,19820608
广西五福宝顶,广西省,45121036,省级,森林生态,林业部门,广西省,全州县,水源涵养林及野生动植物,8567.0,19820608
广西银殿山,广西省,45121037,省级,森林生态,林业部门,广西省,恭城瑶族自治县,水源涵养林及野生动植物,48000.0,19820608
广西大平山,广西省,45121038,省级,森林生态,林业部门,广西省,桂平市,圆籽荷、桫椤、瑶山鳄蜥、大鲵和亚热带季风常绿阔叶林生态系统,1867.0,19820608
广西底定,广西省,45121039,省级,森林生态,林业部门,广西省,靖西县,水源林涵养林及野生动物,4824.0,19860101
广西泗水河,广西省,45121040,省级,森林生态,林业部门,广西省,凌云县,天然阔叶林,20950.0,19870101
广西大王岭,广西省,45121041,省级,森林生态,林业部门,广西省,百色市右江区,德保苏铁、森林生态系统,55010.0,19820608
广西岑王老山,广西省,45121042,国家级,森林生态,林业部门,广西省,田林县、凌云县,"季风常绿阔叶林及珍稀野生动植物
掌叶树、伯乐树、马尾树、红椿、黑颈长尾雉、蟒蛇、云豹、猕猴、红腹锦鸡等",18994.0,19820601
广西九万山,广西省,45121043,国家级,森林生态,林业部门,广西省,融水苗族自治县、罗城仫佬族自治县、环江毛南族自治县,中亚热带常绿阔叶林森林生态系统，伯乐树、合柱金莲木、南方红豆杉、蟒蛇、金钱豹、短尾猴、猕猴、穿山甲、黑熊、大灵猫等珍稀濒危动植物,25212.8,19820601
广西七冲,广西省,45121050,省级,森林生态,林业部门,广西省,昭平县,常绿阔叶林、典型山地森林生态系统,13023.7,20021018
广西地州,广西省,45131052,县市级,森林生态,林业部门,广西省,靖西县,水源涵养林和森林生态系统,12100.0,19820608
广西达洪江,广西省,45131053,县市级,森林生态,林业部门,广西省,平果县,"水源涵养林和岩溶森林生态系统
水源林、动植物等",28400.0,19820608
广西古龙山,广西省,45131054,县市级,森林生态,林业部门,广西省,靖西县,北热带喀斯特森林生态系统,29675.0,19820608
广西德孚,广西省,45131055,县市级,森林生态,林业部门,广西省,那坡县,木兰科、马尾树、桫椤、观音座莲、无患子科等珍稀植物及北热带山地常绿阔叶林生态系统,12200.0,19820608
广西花贡,广西省,45131056,县市级,森林生态,林业部门,广西省,西林,水源涵养林,20414.2,1982
广西那佐,广西省,45131057,县市级,森林生态,林业部门,广西省,西林,水源林涵养林及野生动植物,38329.8,1982
广西春秀,广西省,45131058,县市级,森林生态,林业部门,广西省,龙州县,北热带石灰岩山地季雨林及金丝李、石山苏铁、樟树、林麝、虎纹蛙、红隼、大灵猫、小灵猫等,7870.0,19820608
广西青龙山,广西省,45131059,县市级,森林生态,林业部门,广西省,龙州,水源涵养林,18663.9,1982
广西澄碧河,广西省,45131062,县市级,森林生态,林业部门,广西省,百色市右江区,澄碧河水库湿地及其水源林,77000.0,19820608
广西百东河,广西省,45131063,县市级,森林生态,林业部门,广西省,田阳县,水源涵养林,41600.0,19820608
广西西岭山,广西省,45131064,省级,森林生态,林业部门,广西省,富川瑶族自治县,水源涵养林及黄腹角雉等野生动植物,17560.0,19820608
广西北仑河口海洋国家级自然保护区,广西省,45514009,国家级,海洋海岸,海洋部门,广西省,防城港市防城区、东兴市,红树林生态系统、滨海过渡带生态系统、海草床生态系统,3000.0,19900304
广西山口红树林国家级自然保护区,广西省,45514011,国家级,海洋海岸,海洋部门,广西省,合浦县,红树林生态系统,8000.0,19900930
广西合浦儒艮国家级自然保护区,广西省,45612012,国家级,野生动物,环保部门,广西省,合浦县,儒艮,35000.0,1992
广西三十六弄－陇均,广西省,45621014,省级,野生动物,林业部门,广西省,那坡,森林及苏铁、林麝等珍稀动植物,12822.0,20041108
广西岜盆,广西省,45621033,省级,野生动物,林业部门,广西省,扶绥,白头叶猴、黑叶猴等,12054.0,1982
广西恩城,广西省,45621044,国家级,野生动物,林业部门,广西省,大新县,黑叶猴、猕猴等珍稀动物,25819.6,19820608
广西金钟山,广西省,45621045,省级,野生动物,林业部门,广西省,隆林,各种鸟类,31777.7,1982
广西崇左白头叶猴,广西省,45621046,国家级,野生动物,林业部门,广西省,崇左市江州区、扶绥县,白头叶猴、黑叶猴、猕猴等野生动物及喀斯特石山森林生态系统,25578.0,19800101
广西涠洲岛,广西省,45621047,省级,野生动物,林业部门,广西省,北海市,各种候鸟、旅鸟等,2630.0,1982
广西建新,广西省,45621048,省级,野生动物,林业部门,广西省,龙胜,候鸟,6113.0,1982
广西古修,广西省,45631051,省级,野生动物,林业部门,广西省,蒙山县,鳄蜥和野生雉类等野生动植物,8546.0,19820608
广西拉沟,广西省,45631060,县市级,野生动物,林业部门,广西省,鹿寨,黄腹角雉、红腹角雉,9592.0,1982
广西三锁,广西省,45631061,县市级,野生动物,林业部门,广西省,融安,红腹角雉、白鹇等,5000.0,1982
广西猫街,广西省,45631065,县市级,野生动物,林业部门,广西省,西林,水源林涵养林及野生动物,26100.0,1982
广西防城金花茶国家级自然保护区,广西省,45712010,国家级,野生植物,环保部门,广西省,防城港市防城区,金花茶及森林生态系统,9195.1,19860405
广西银竹老山,广西省,45721049,省级,森林生态,林业部门,广西省,资源县,资源冷杉和水源涵养林、珍稀动物,28670.0,19820608
罗福泥盆系剖面,广西省,45827015,省级,地质遗迹,国土部门,广西省,南丹县, 泥盆系地质剖面,12.0,1983
北流风门泥盆系,广西省,45827016,省级,地质遗迹,国土部门,广西省,北流市, 泥盆系地质剖面,8.0,1983
大落泥盆系剖面,广西省,45827018,省级,地质遗迹,国土部门,广西省,象州县, 泥盆系地质剖面,12.0,1983
南边村地质剖面,广西省,45827019,省级,地质遗迹,国土部门,广西省,桂林市,泥盘－石碳系地质剖面,25.0,19890101
六景泥盆系地质,广西省,45827021,省级,地质遗迹,国土部门,广西省,横县,泥盆系地质剖面,5.0,19830101
大乐泥盘纪,广西省,桂68,省级,地质遗迹,国土部门,广西省,象州县,泥盆系地质剖面,12.0,19830101
广西北流大风门泥盆系,广西省,桂37,省级,地质遗迹,国土部门,广西省,北流市,泥盆系地质剖面,8.0,19830101
罗富泥盆系剖面,广西省,桂63,省级,地质遗迹,国土部门,广西省,南丹县,泥盆系地质剖面,12.0,19830101
广西大桂山鳄蜥,广西省,桂59,省级,野生动物,林业部门,广西省,贺州市八步区,鳄蜥等珍稀野生动物及其生境,3780.0,20050422
广西金钟山黑颈长尾雉,广西省,桂57,国家级,森林生态,林业部门,广西省,隆林各族自治县,黑颈长尾雉、隆林苏铁、贵州苏铁、野生动,20924.4,19820601
广西雅长兰科植物,广西省,桂52,国家级,野生植物,林业部门,广西省,乐业县,兰科植物及生态系统,22062.0,20050422
涠州岛鸟类,广西省,桂26,省级,野生动物,林业部门,广西省,北海市,候鸟和旅鸟,2382.1,19820608
建新鸟类,广西省,桂21,省级,野生动物,林业部门,广西省,龙胜各族自治县,迁徙候鸟及其生境,4860.0,19820608
三锁鸟类,广西省,桂09,县市级,野生动物,林业部门,广西省,融安县,红腹角雉、黄腹角雉等鸟类及水源涵养林,5000.0,19820608
拉沟鸟类,广西省,桂08,县市级,野生动物,林业部门,广西省,鹿寨县,红腹角雉、白颈长尾雉等鸟类及水源林,11500.0,19820608
那佐苏铁,广西省,桂54,省级,森林生态,林业部门,广西省,西林县,水源涵养林及叉孢苏铁、贵州苏铁和多裂苏铁,12458.0,19820608
黄连山-兴旺,广西省,桂43,省级,森林生态,林业部门,广西省,德保县,黑叶猴、德保苏铁等珍稀濒危野生动植物及其栖息地,21035.5,19820608
龙州青龙山,广西省,桂76,县市级,森林生态,林业部门,广西省,龙州县,北热带石灰岩山地季雨林及蚬木、叉叶苏铁、金丝李、黑叶猴、熊猴、云豹等珍稀动植物,15100.0,19820608
合浦营盘港－英罗港儒艮,广西省,桂27,国家级,野生动物,环保部门,广西省,合浦县,儒艮、中华白海豚等珍稀水生动物、海草床,35000.0,19860427
邦亮长臂猿,广西省,桂45,省级,野生动物,林业部门,广西省,靖西县,东部黑冠长臂猿及北热带岩溶山地季雨林,6530.0,20090716
那兰鹭鸟,广西省,桂01,县市级,野生动物,其他部门,广西省,南宁市,鹭鸟及其生境,347.0,20040820
弄拉,广西省,桂05,省级,森林生态,林业部门,广西省,马山县,南亚热带岩溶森林生态系统,8481.0,20080619
上林龙山,广西省,桂06,省级,森林生态,林业部门,广西省,上林县,常绿阔叶林、典型山地森林生态系统,10749.0,20031101
泗涧山大鲵,广西省,桂11,省级,野生动物,农业部门,广西省,融水苗族自治县,大鲵及其生境,10384.0,20041001
防城万鹤山鹭鸟,广西省,桂29,县市级,野生动物,其他部门,广西省,防城港市防城区,鹭鸟及其生境,100.0,19930413
茅尾海红树林,广西省,桂33,省级,海洋海岸,林业部门,广西省,钦州市,红树林生态系统,2784.0,20050117
玉林天堂山,广西省,桂35,省级,森林生态,林业部门,广西省,容县,森林生态系统及水源涵养林,2817.0,20080620
大容山,广西省,桂38,省级,森林生态,林业部门,广西省,北流市、玉林市玉州区、兴业县,森林生态系统及水源涵养林,20817.6,20090120
凌云洞穴,广西省,桂50,省级,野生动物,其他部门,广西省,凌云县,凌云金线鲃、鸭嘴金线鲃、凌云南鳅、凌云平鳅、小眼金线鲃及凌云盲米虾等珍稀洞穴水生生物及其生境,684.0,20080314
王子山雉类,广西省,桂55,省级,森林生态,林业部门,广西省,西林县,黑颈长尾雉等雉类及栖息地、南亚热带森林生态系统,32209.0,19820608
大哄豹,广西省,桂00,省级,森林生态,林业部门,广西省,隆林各族自治县,岩溶森林生态系统及黑叶猴、隆林苏铁等珍稀野生动植物资源,2035.0,20040101
红水河来宾段,广西省,桂67,省级,野生动物,农业部门,广西省,来宾市兴宾区,珍稀鱼类及其栖息地、产卵场,582.0,20050908
金秀老山,广西省,桂69,省级,森林生态,林业部门,广西省,金秀瑶族自治县,南亚热带常绿阔叶林及珍稀动植物,8875.0,20070121
左江佛耳丽蚌,广西省,桂72,省级,野生动物,其他部门,广西省,崇左市江州区、龙州县,佛耳丽蚌等淡水贝类及其栖息地,417.4,20050908
新疆托木尔峰,新疆省,65111001,国家级,森林生态,林业部门,新疆省,温宿县,森林及野生动植物,237600.0,19800601
新疆塔里木胡杨林,新疆省,65111002,国家级,森林生态,林业部门,新疆省,尉犁县、轮台县,胡杨、灰杨林,395420.0,19830101
新疆哈纳斯,新疆省,65111003,国家级,森林生态,林业部门,新疆省,布尔津县、哈巴河县,森林生态系统及自然景观,220162.0,19800501
新疆西天山,新疆省,65111006,国家级,森林生态,林业部门,新疆省,巩留县,雪岭云杉林,31217.0,19831001
新疆伊梨小叶白蜡,新疆省,65121018,省级,森林生态,林业部门,新疆省,伊宁县,小叶白蜡,404.67,1983
新疆夏尔希里,新疆省,65121020,省级,森林生态,林业部门,新疆省,博乐市,森林及野生动物资源,31400.0,20000616
新疆天池,新疆省,65121025,省级,森林生态,林业部门,新疆省,阜康市,森林生态系统,38069.0,1980
新源山地草甸类草地,新疆省,65223011,省级,草原草甸,农业部门,新疆省,新源县,草原草甸、野生牧草近缘种,65300.0,19860705
金塔斯山地草原,新疆省,65223013,省级,草原草甸,农业部门,新疆省,福海县,山地草原及其生态系统,56700.0,19860503
新疆甘家湖梭梭林,新疆省,65311004,国家级,荒漠生态,林业部门,新疆省,乌苏市、精河县,梭梭林及其生境,54667.0,19830901
新疆罗布泊野骆驼国家级自然保护区,新疆省,65312008,国家级,荒漠生态,环保部门,新疆省,巴音郭楞蒙古自治州、吐鲁番地区和哈密地区,"野骆驼及其生境
高原荒漠生态系统",7800000.0,19860901
奇台荒漠类草地,新疆省,65323009,省级,荒漠生态,农业部门,新疆省,奇台县,荒漠及荒漠草原生态系统,38600.0,19860705
新疆巴音布鲁克,新疆省,65411005,国家级,野生动物,林业部门,新疆省,和静县,天鹅等珍稀水禽、沼泽湿地,100000.0,19800509
新疆艾比湖湿地,新疆省,65421021,国家级,湿地生态,林业部门,新疆省,精河县,湿地及珍稀野生动植物,267085.0,20000616
新疆阿尔泰两河源头,新疆省,65421022,省级,森林生态,林业部门,新疆省,富蕴、青河县,森林和湿地生态系统,1130000.0,20010901
新疆阿勒泰科克苏湿地,新疆省,65421024,省级,湿地生态,林业部门,新疆省,阿勒泰市,湿地,30666.67,2001
新疆阿尔金山国家级自然保护区,新疆省,65612007,国家级,野生动物,环保部门,新疆省,若羌县,有蹄类野生动物及高原生态系统,4500000.0,19830101
新疆卡拉麦里山,新疆省,65621012,省级,野生动物,林业部门,新疆省,富蕴、青河县、奇台县、吉木萨尔县,野驴、鹅喉羚等有蹄类野生动物及其生境,1423558.0,19820408
新疆布尔根河狸,新疆省,65621014,国家级,野生动物,林业部门,新疆省,青河县,河狸及其生境,5000.0,19800601
新疆塔什库尔干,新疆省,65621015,省级,野生动物,林业部门,新疆省,塔什库尔干县,雪豹、盘羊,1500000.0,1984
新疆霍城四爪陆龟,新疆省,65621019,省级,野生动物,林业部门,新疆省,霍城县,四爪陆龟及其生境,27000.0,19830101
新疆中昆仑,新疆省,65621023,省级,野生动物,林业部门,新疆省,且末县,藏羚羊等野生动物,3200000.0,20010101
温泉北鲵,新疆省,65622010,省级,野生动物,环保部门,新疆省,温泉县,新疆北鲵及其生境,694.5,19971229
新疆阿瓦提县胡杨林,新疆省,65631026,县市级,野生动物,林业部门,新疆省,阿瓦提县,胡杨林、野生动物,345000.0,1994
新疆和田西昆仑藏羚羊繁殖地,新疆省,65631027,县市级,野生动物,林业部门,新疆省,民丰县,藏羚羊及生境,132000.0,2004
新疆塔城野巴旦杏,新疆省,65721016,省级,野生植物,林业部门,新疆省,裕民县,野巴旦杏,1650.0,1980
新疆巩留野核桃,新疆省,65721017,省级,野生植物,林业部门,新疆省,巩留县,野核桃及其生境,1180.0,19830101
塔什库尔干野生动物,新疆省,新14,省级,野生动物,林业部门,新疆省,塔什库尔干塔吉克自治,雪豹、盘羊等高山野生动物,1500000.0,19840508
伊犁小叶白蜡,新疆省,新15,省级,野生植物,林业部门,新疆省,伊宁县,小叶白蜡树及其生境,405.0,19830101
塔城巴尔鲁克山,新疆省,新21,省级,野生植物,林业部门,新疆省,裕民县,野巴旦杏及其生境,115037.3,19800101
天池,新疆省,新01,省级,森林生态,林业部门,新疆省,阜康市,森林生态系统、高山湖泊,38069.0,19800601
帕米尔高原湿地,新疆省,新13,省级,湿地生态,林业部门,新疆省,阿克陶县,典型高原湿地生态系统,125600.0,20050101
克科苏湿地,新疆省,新22,省级,湿地生态,林业部门,新疆省,阿勒泰地区,湿地及动植物资源,30667.0,20010901
新疆额尔齐斯河科克托海湿地省级自然保护区,新疆省,65421028,省级,湿地生态,林业部门,新疆省,阿勒泰地区,河流湿地、湖泊湿地、沼泽湿地动植物资源,99040.0,20050201
江苏连云港云台山,江苏省,32121004,省级,森林生态,林业部门,江苏省,连云港云台区,暖温带落叶阔叶林,67.0,1989
江苏吴县光福,江苏省,32121008,省级,森林生态,林业部门,江苏省,苏州市吴中区,"北亚热带常绿阔叶林
以木荷为主的常绿阔叶",61.0,19810812
江苏宜兴龙池,江苏省,32121009,省级,森林生态,林业部门,江苏省,宜兴市,中亚热带常绿阔叶林,123.0,1982
江苏徐州泉山,江苏省,32121011,省级,森林生态,林业部门,江苏省,徐州泉山区,暖温带植被及侧柏林,323.0,19841204
江苏句容宝华山,江苏省,32121012,省级,森林生态,林业部门,江苏省,句容市,"森林及野生动植物
北亚热带森林",133.0,19810812
马陵山,江苏省,32138022,县市级,森林生态,其他部门,江苏省,新沂市,森林生态系统及名胜古迹,689.0,1990
洪泽湖,江苏省,32428010,省级,湿地生态,其他部门,江苏省,泗洪县, 湿地生态系统及大鸨等珍稀濒危鸟类,23453.0,1985
运西,江苏省,32432016,县市级,湿地生态,环保部门,江苏省,宝应县,湿地生态系统,17500.0,19961215
江苏九龙口,江苏省,32432018,县市级,湿地生态,环保部门,江苏省,建湖县,古泻湖湿地,2335.0,1985
江苏金湖湿地,江苏省,32432023,县市级,湿地生态,环保部门,江苏省,金湖县,湿地生态系统,5800.0,20031014
江苏洪泽湖大堤湿地,江苏省,32438021,县市级,湿地生态,其他部门,江苏省,洪泽县,濒危珍禽及其栖息地,10000.0,2003
江苏大丰麋鹿,江苏省,32611003,国家级,野生动物,林业部门,江苏省,大丰市,麋鹿、丹顶鹤及沿海滩涂湿地生态系统,2666.7,19860208
江苏盐城湿地珍禽,江苏省,32612001,国家级,野生动物,环保部门,江苏省,盐城市,丹顶鹤等珍禽及沿海滩涂湿地生态系统,284179.0,19830225
泗洪洪泽湖湿地,江苏省,32612002,国家级,野生动物,环保部门,江苏省,泗洪县,湿地生态系统、大鸨等鸟类、鱼类产卵场及地质剖面,49365.0,19850701
启东长江北支口,江苏省,32622006,省级,野生动物,环保部门,江苏省,启东市,"典型河口湿地生态系统、濒危鸟类、珍稀水生动物及其他经济鱼类
 丹顶鹤、白头鹤等珍稀鸟类",21491.0,20021105
涟漪湖黄嘴白鹭,江苏省,32622007,省级,野生动物,环保部门,江苏省,涟水县,黄嘴白鹭等鸟类,3433.0,19930101
向阳水库,江苏省,32632014,县市级,野生动物,环保部门,江苏省,泗洪县, 灰鹤等珍禽水鸟,10000.0,1985
渌洋,江苏省,32632015,县市级,野生动物,环保部门,江苏省,江都市, 鸟类等野生动物、森林及湿地,5190.0,1985
东台中华鲟,江苏省,32632017,县市级,野生动物,环保部门,江苏省,东台市, 中华鲟等,500.0,2000
向东,江苏省,32632019,县市级,野生动物,环保部门,江苏省,金湖县, 白鹭等鸟类,4.0,1992
固城湖,江苏省,32633020,县市级,野生动物,农业部门,江苏省,高淳县,水产资源及湖泊生态系统,2420.0,19870727
雨花台,江苏省,32837013,县市级,地质遗迹,国土部门,江苏省,南京市雨花台区,地质剖面,0.33,19841206
上黄水母山,江苏省,32927005,省级,古生物遗迹,国土部门,江苏省,溧阳市,中华曙猿及其伴生哺乳动物化石,40.0,19981113
龙池山,江苏省,苏03,省级,森林生态,其他部门,江苏省,宜兴市,常绿落叶阔叶混交林及金钱松、天目玉兰等,123.0,19810812
大洞山,江苏省,苏06,县市级,森林生态,其他部门,江苏省,徐州市贾汪区,森林生态系统,3805.0,20011226
镇江长江豚类,江苏省,苏27,省级,野生动物,农业部门,江苏省,镇江市丹徒区,淡水豚类及其生境,5730.0,20020830
江苏云台山森林,江苏省,苏15,省级,森林生态,林业部门,江苏省,连云港市,暖温带针叶落叶阔叶混交林、红楠,67.0,19810812
铁山寺,江苏省,苏18,县市级,森林生态,林业部门,江苏省,盱眙县,天然次生林、河麂,3270.0,19900723
洪泽湖东部湿地,江苏省,苏17,省级,湿地生态,其他部门,江苏省,洪泽县、淮安市淮阴区、盱眙县,湖泊湿地生态系统及珍禽,54000.0,20041124
圣人窝,江苏省,苏05,县市级,森林生态,其他部门,江苏省,铜山县,森林生态系统,15330.0,20050323
新沂骆马湖湿地,江苏省,苏07,县市级,湿地生态,林业部门,江苏省,新沂市,湿地生态系统,22591.0,20051224
艾山九龙沟,江苏省,苏08,县市级,森林生态,其他部门,江苏省,邳州市,森林生态系统,1390.0,20000629
黄墩湖,江苏省,苏09,县市级,湿地生态,农业部门,江苏省,邳州市,湿地生态系统,5333.0,20050601
天目湖湿地,江苏省,苏11,县市级,湿地生态,其他部门,江苏省,溧阳市,湿地生态系统,643.3,20050315
海安沿海防护林和滩涂,江苏省,苏13,县市级,海洋海岸,农业部门,江苏省,海安县,条斑紫菜、文蛤等浅海水产品及沿海防护林,9113.0,20011023
高邮绿洋湖,江苏省,苏24,县市级,湿地生态,其他部门,江苏省,高邮市,湿地及野生动植物,518.0,20030905
高邮湖湿地,江苏省,苏25,县市级,湿地生态,林业部门,江苏省,高邮市,湿地生态系统,46667.0,20050615
扬州绿洋湖,江苏省,苏26,县市级,野生动物,环保部门,江苏省,江都市,鸟类等野生动物、森林及湿地,333.0,19850824
宿迁骆马湖湿地,江苏省,苏29,县市级,湿地生态,林业部门,江苏省,宿迁市,湿地生态系统、鸟类及鱼类产卵场,6700.0,20050823
陡湖湿地,江苏省,苏19,县市级,湿地生态,林业部门,江苏省,盱眙县,湿地生态系统及鱼类繁殖地,4100.0,20030909
江西武夷山,江西省,36111003,国家级,森林生态,林业部门,江西省,铅山县,"中亚热带常绿阔叶林及珍稀动植物
黄腹角雉、白颈长尾雉",16007.0,19810306
江西井冈山,江西省,36111004,国家级,森林生态,林业部门,江西省,井冈山市,"亚热带常绿阔叶林及珍稀动物
南方红豆杉,伯乐树等",21499.0,19810301
江西九连山,江西省,36111005,国家级,森林生态,林业部门,江西省,龙南县,"亚热带常绿阔叶林
南岭山地低纬度低海拔典型的原生性亚热带常阔叶林生态系统",13411.6,19810306
江西华南虎,江西省,36121006,省级,森林生态,林业部门,江西省,宜黄县,华南虎及其栖息地,58300.0,2001
江西瑶里,江西省,36121007,省级,森林生态,林业部门,江西省,浮梁县,森林生态系统,3627.0,20010330
江西三十把,江西省,36121008,省级,森林生态,林业部门,江西省,万载县,天然阔叶混交林及野生动物,2100.0,19960709
江西九岭山,江西省,36121009,国家级,森林生态,林业部门,江西省,靖安县,中亚热带常绿阔叶林及野生动植物,11541.0,19970106
江西阳际峰,江西省,36121010,国家级,野生动物,林业部门,江西省,贵溪市,华南湍蛙组和棘胸蛙组等两栖纲动物及亚热带常绿阔叶林,10946.0,19961101
江西齐云山,江西省,36121011,省级,森林生态,林业部门,江西省,崇义县,亚热带常绿阔叶林森林生态系统,17105.0,1997
江西岩泉,江西省,36121012,省级,森林生态,林业部门,江西省,黎川县,中亚热带常绿阔叶林,2460.0,19850101
江西马头山,江西省,36121013,国家级,森林生态,林业部门,江西省,资溪县,亚热带常绿阔叶林及珍稀植物,13866.53,19940101
江西云居山,江西省,36121017,省级,森林生态,林业部门,江西省,永修县,中亚热带常绿阔叶林生态系统,2480.0,19970106
江西都昌候鸟,江西省,36121018,省级,湿地生态,林业部门,江西省,都昌县,湿地生态系统及越冬候鸟,41100.0,20031001
江西老虎脑,江西省,36121019,省级,森林生态,林业部门,江西省,乐安县,华南虎栖息地,22000.0,20000830
江西羊狮幕,江西省,36121020,省级,森林生态,林业部门,江西省,芦溪县,亚热带常绿阔叶林生态系统,7006.0,19950301
江西阳岭,江西省,36121021,省级,森林生态,林业部门,江西省,崇义县,亚热带常绿阔叶林,1880.0,19850101
江西峤岭,江西省,36121022,省级,森林生态,林业部门,江西省,安义县,虎纹蛙、白鹇、伯乐树,4490.0,19991230
江西水浆,江西省,36121023,省级,森林生态,林业部门,江西省,永丰县,森林生态系统及野生动植物,2000.0,19820101
江西官山,江西省,36121024,国家级,森林生态,林业部门,江西省,宜丰县、铜鼓县,"中亚热带常绿阔叶林及白颈长尾雉等珍稀野生动植物
南方红豆杉、伯乐树、银杏、长柄双花木、黄腹角雉、云豹、猕猴",11500.5,19810306
江西庐山,江西省,36121025,国家级,森林生态,林业部门,江西省,九江市庐山区,森林生态系统及野生动植物和冰川迹地,30452.0,19810306
江西赣江源,江西省,36121029,国家级,森林生态,林业部门,江西省,石城县、瑞金市,中亚热带常绿阔叶林,16100.85,20011001
江西阳岭扩大区,江西省,36131030,县市级,森林生态,林业部门,江西省,崇义县,亚热带常绿阔叶林,7800.0,19990705
江西蔡坊,江西省,36131031,县市级,森林生态,林业部门,江西省,安远县,中亚热带常绿阔叶林,8500.0,19960711
江西安远九龙嶂,江西省,36131032,县市级,森林生态,林业部门,江西省,安远县,亚热带常绿阔叶林森林生态系统,10000.0,19960711
江西萝卜潭,江西省,36131033,县市级,森林生态,林业部门,江西省,奉新县,常绿阔叶林,773.0,20000506
江西鸡冠石,江西省,36131035,县市级,森林生态,林业部门,江西省,万载县,亚热带常绿阔叶林、水源林,1459.6,19990420
江西深远山,江西省,36131036,县市级,森林生态,林业部门,江西省,永新县,森林生态系统,10500.0,1999
江西油田、新源,江西省,36131037,县市级,森林生态,林业部门,江西省,吉安县,野生动植物及其栖息地,660.0,2000
江西君山湖鸟类,江西省,36131038,县市级,湿地生态,林业部门,江西省,吉安县,湿地生态系统及候鸟,1330.0,20000817
江西天河三分岭,江西省,36131039,县市级,森林生态,林业部门,江西省,吉安市,中亚热带常绿阔叶林,3300.0,20000817
江西前岭河坑,江西省,36131040,县市级,森林生态,林业部门,江西省,吉安市,中亚热带常绿阔叶林,4367.0,20000817
江西武功山小南坪,江西省,36131041,县市级,森林生态,林业部门,江西省,安福县,水源涵养林,2200.0,19890101
江西三天门,江西省,36131044,县市级,森林生态,林业部门,江西省,安福县,森林生态类型,1100.0,19971231
江西明月山,江西省,36131046,县市级,森林生态,林业部门,江西省,安福县,野生动植物及其栖息地,2000.0,19971231
江西都昌县官祠,江西省,36131048,县市级,森林生态,林业部门,江西省,都昌县,野生动植物,1243.0,1992
江西都昌县幸福,江西省,36131049,县市级,森林生态,林业部门,江西省,都昌县,森林生态系统,1354.0,19920101
江西共青南湖湿地,江西省,36131050,县市级,湿地生态,林业部门,江西省,德安县,湿地生态系统及候鸟,3333.0,20000912
江西湖口县付垅天然林,江西省,36131051,县市级,森林生态,林业部门,江西省,湖口县,森林生态系统,320.0,20000925
江西湖口天然阔叶林,江西省,36131052,县市级,森林生态,林业部门,江西省,湖口县,森林生态系统,240.0,20000925
江西湖口县屏峰,江西省,36131053,县市级,湿地生态,林业部门,江西省,湖口县,湿地生态系统及候鸟,491.0,20000925
江西湖口苍鹭,江西省,36131054,县市级,野生动物,林业部门,江西省,湖口县,苍鹭、候鸟及湿地生态系统,3.0,20000925
江西湖口县青檀,江西省,36131055,县市级,森林生态,林业部门,江西省,湖口县,森林生态系统,2.0,2000
江西福华山,江西省,36131057,县市级,森林生态,林业部门,江西省,吉安市,中亚热带常绿阔叶林,827.0,20000817
江西陶仙岭,江西省,36131060,县市级,森林生态,林业部门,江西省,奉新县,常绿阔叶林生态系统,178.2,2000
江西百丈山,江西省,36131061,县市级,森林生态,林业部门,江西省,奉新县,中亚热带常绿阔叶林,186.3,20000506
江西泥洋山,江西省,36131062,县市级,森林生态,林业部门,江西省,奉新县,中亚热带常绿阔叶林,1989.5,20000506
江西越山,江西省,36131063,县市级,森林生态,林业部门,江西省,奉新县,中亚热带常绿阔叶林,2084.9,20000506
江西奉新九岭山,江西省,36131064,县市级,森林生态,林业部门,江西省,奉新县,中亚热带常绿阔叶林,14942.0,20000506
江西高天岩,江西省,36131065,省级,森林生态,林业部门,江西省,莲花县,中亚热带常绿阔叶林,4780.0,19990510
江西黄草河,江西省,36131066,县市级,森林生态,林业部门,江西省,遂川县,野生动植物,1111.0,2002
江西大东山,江西省,36131067,县市级,森林生态,林业部门,江西省,吉水县,野生动植物及其栖息地,4000.0,1997
江西南风面,江西省,36131068,县市级,森林生态,林业部门,江西省,遂川县,资源泠杉等原生种群和遂川鸟道,4205.0,20020125
江西浪溪,江西省,36131069,县市级,森林生态,林业部门,江西省,彭泽县,中亚热带森林生态系统,600.0,20010406
江西大桥,江西省,36131070,县市级,森林生态,林业部门,江西省,吉安市,中亚热带常绿阔叶林,1380.0,20000817
江西江口,江西省,36131071,县市级,森林生态,林业部门,江西省,吉安市,中亚热带常绿阔叶林,105200.0,20000817
江西樟坑,江西省,36131072,县市级,森林生态,林业部门,江西省,吉安市,中亚热带常绿阔叶林,2345.0,20000817
江西罗口,江西省,36131073,县市级,森林生态,林业部门,江西省,吉安市,中亚热带常绿阔叶林,2420.0,20000817
江西铁丝岭,江西省,36131074,县市级,野生动物,林业部门,江西省,安福县,野生动植物及其生境,1694.7,19971231
江西太源坑,江西省,36131075,县市级,森林生态,林业部门,江西省,安福县,中亚热带常绿阔叶林,435.6,19971231
江西桃花洞,江西省,36131076,县市级,森林生态,林业部门,江西省,安福县,野生动植物及其栖息地,243.0,19971231
江西社上珍珠山,江西省,36131077,县市级,野生动物,林业部门,江西省,安福县,野生动植物及其生境,286.7,19971231
江西猫牛岩,江西省,36131078,县市级,森林生态,林业部门,江西省,安福县,中亚热带常绿阔叶林,349.0,19971231
江西五指峰,江西省,36131079,县市级,森林生态,林业部门,江西省,遂川县,森林生态系统,570.8,2002
江西婺源常绿阔叶林,江西省,36131080,县市级,森林生态,林业部门,江西省,婺源县,亚热带常绿阔叶林,3807.0,19931206
江西竹山洞,江西省,36131081,县市级,森林生态,林业部门,江西省,丰城市,亚热带常绿阔叶林、喀斯特溶洞,342.0,19990420
江西九龙,江西省,36131082,县市级,森林生态,林业部门,江西省,万载县,亚热带常绿阔叶林、水源林,2061.3,19990420
江西天柱峰,江西省,36131083,县市级,森林生态,林业部门,江西省,铜鼓县,亚热带常绿阔叶林、水源林,17000.0,19970101
江西大茅山,江西省,36131088,县市级,森林生态,林业部门,江西省,德兴市,"森林生态系统
常绿阔叶林森林生态系统",16666.7,20000620
江西姑塘湿地,江西省,36131090,县市级,湿地生态,林业部门,江西省,九江县,候鸟及湿地生态系统,5300.0,20001228
江西珍珠山,江西省,36131091,县市级,森林生态,林业部门,江西省,婺源县,亚热带常绿阔叶林,2667.0,19931206
江西银湾桥,江西省,36131092,县市级,森林生态,林业部门,江西省,吉安市,中亚热带常绿阔叶林,973.0,20000817
江西文公山,江西省,36131093,县市级,野生植物,林业部门,江西省,婺源县,古杉树群落及中华秋沙鸭、白颈长尾雉、云豹等野生动物,6368.0,20001230
江西东乡野生稻,江西省,36131094,县市级,森林生态,林业部门,江西省,东乡县,野生稻及生境,506.0,2001
江西洒源,江西省,36131095,县市级,森林生态,林业部门,江西省,龙南县,亚热带常绿阔叶林森林生态系统,1700.0,2000
江西棋棠山,江西省,36131096,县市级,森林生态,林业部门,江西省,龙南县,亚热带常绿阔叶林森林生态系统,2133.0,2000
江西西梅山,江西省,36131097,县市级,森林生态,林业部门,江西省,龙南县,亚热带常绿阔叶林,1793.0,20000101
江西夹湖,江西省,36131098,县市级,森林生态,林业部门,江西省,龙南县,亚热带常绿阔叶林,4498.0,20000101
江西三县岽,江西省,36131099,县市级,森林生态,林业部门,江西省,龙南县,亚热带常绿阔叶林,2468.0,20000101
江西龙南金盆山,江西省,36131100,县市级,森林生态,林业部门,江西省,龙南县,亚热带常绿阔叶林,3041.0,20000101
江西定南云台山,江西省,36131101,县市级,森林生态,林业部门,江西省,定南县,亚热带常绿阔叶林,10234.0,19991225
江西婺源莲花山,江西省,36131102,县市级,森林生态,林业部门,江西省,婺源县,亚热带常绿阔叶林及黑麂,2100.0,19931206
江西赤湖候鸟,江西省,36131103,县市级,森林生态,林业部门,江西省,瑞昌县,越冬候鸟及其栖息地,5300.0,2000
江西峰山,江西省,36131104,县市级,森林生态,林业部门,江西省,赣州市章贡区,亚热带常绿阔叶林,10333.0,19990101
江西芳湖候鸟,江西省,36131105,县市级,湿地生态,林业部门,江西省,彭泽县,湿地及候鸟,1867.0,20010406
江西太泊湖候鸟,江西省,36131106,县市级,湿地生态,林业部门,江西省,彭泽县,湿地生态系统及候鸟,2600.0,20010406
江西青山,江西省,36131107,县市级,森林生态,林业部门,江西省,永修县,中亚热带常绿阔叶林生态系统及红豆杉、香樟、穿山甲、眼睛蛇、虎纹蛙,10.0,20000726
江西泉祠坳,江西省,36131108,县市级,森林生态,林业部门,江西省,永修县,中亚热带常绿阔叶林生态系统,1400.0,20000726
江西鹤田,江西省,36131109,县市级,森林生态,林业部门,江西省,永修县,中亚热带常绿阔叶林生态系统,1000.0,20000726
江西泡桐,江西省,36131110,县市级,森林生态,林业部门,江西省,永修县,亚热带常绿阔叶林生态系统,1000.0,2000
江西野鸡坑,江西省,36131111,县市级,森林生态,林业部门,江西省,永修县,中亚热带常绿阔叶林生态系统,600.0,20000726
江西七里源,江西省,36131112,县市级,森林生态,林业部门,江西省,永修县,亚热带常绿阔叶林生态系统,1000.0,20000726
江西凌华山,江西省,36131113,县市级,森林生态,林业部门,江西省,宁都县,常绿阔叶林森林生态系统,1333.0,1985
江西赛城湖候鸟,江西省,36131114,县市级,野生动物,林业部门,江西省,九江县,小天鹅等越冬候鸟及栖息地,4500.0,20001120
江西枫窝里,江西省,36131115,县市级,森林生态,林业部门,江西省,高安市,亚热带常绿阔叶林、水源林,386.67,19951103
江西白虎岭,江西省,36131116,县市级,森林生态,林业部门,江西省,南昌县,天然常绿阔叶林生态系统,1249.0,19991231
江西大公岭,江西省,36131119,县市级,森林生态,林业部门,江西省,进贤县,亚热带常绿阔叶林生态系统,34577.0,19991106
江西香炉峰,江西省,36131120,县市级,森林生态,林业部门,江西省,进贤县,亚热带常绿阔叶林生态系统,7470.0,19991106
江西安义西山岭,江西省,36131121,县市级,森林生态,林业部门,江西省,安义县,中亚热带常绿阔叶林生态系统,20445.0,19991225
江西梦山,江西省,36131122,县市级,森林生态,林业部门,江西省,新建县,天然常绿阔叶林生态系统,2000.0,1998
江西象山,江西省,36131123,县市级,森林生态,林业部门,江西省,新建县,亚热带常绿阔叶林生态系统,800.0,19981225
江西岭背,江西省,36131124,县市级,森林生态,林业部门,江西省,新建县,亚热带常绿阔叶林生态系统及杉树、松树、油茶,2000.0,19980101
江西海形,江西省,36131125,县市级,森林生态,林业部门,江西省,彭泽县,中亚热带森林生态系统,3200.0,20010406
江西杨岭山,江西省,36131126,县市级,森林生态,林业部门,江西省,永修县,中亚热带常绿阔叶林生态系统,1500.0,20000726
江西金盆山,江西省,36131127,县市级,森林生态,林业部门,江西省,信丰县,亚热带常绿阔叶林森林生态系统,1133.0,1982
江西上犹五指峰,江西省,36131128,省级,森林生态,林业部门,江西省,上犹县,野生动植物,6368.0,19921020
江西三百山,江西省,36131129,县市级,森林生态,林业部门,江西省,安远县,中亚热带常绿阔叶林,15333.0,19920123
江西大余三江口,江西省,36131130,县市级,森林生态,林业部门,江西省,大余县,亚热带常绿阔叶林,2160.0,19960101
江西娑罗山,江西省,36131134,县市级,森林生态,林业部门,江西省,吉安市,中亚热带常绿阔叶林,340.0,20000817
江西宁都莲花山,江西省,36131135,县市级,森林生态,林业部门,江西省,宁都县,中亚热带常绿阔叶林,667.0,19800101
富华山,江西省,36133132,县市级,森林生态,农业部门,江西省,共青城, 次生人工林及夏候鸟,200.0,1992
江西鄱阳湖,江西省,36411002,国家级,湿地生态,林业部门,江西省,永修、星子、新建,越冬候鸟,22400.0,1983
江西南矶山,江西省,36421014,省级,湿地生态,林业部门,江西省,新建县,候鸟及湿地生态系统,33300.0,1997
江西青岚湖,江西省,36421015,省级,野生动物,林业部门,江西省,进贤县,白鹳、小天鹅等珍禽和湿地生态系统,1000.0,19970106
江西锅底潭,江西省,36431058,县市级,湿地生态,林业部门,江西省,芦溪县,"湿地生态系统
湿地候鸟及其生境",3618.0,20020101
江西星子蓼花池湿地候鸟,江西省,36431059,县市级,湿地生态,林业部门,江西省,星子县,"湿地生态系统
越冬候鸟及其栖息地",3333.0,20011228
江西余干康山候鸟,江西省,36431086,县市级,野生动物,林业部门,江西省,余干县,"白鹤、东方白鹳、白头鹤等越冬候鸟和湿地生境
候鸟及湿地生态系统",13333.0,20010326
江西白沙洲,江西省,36431087,县市级,湿地生态,林业部门,江西省,鄱阳县,湿地生态系统及候鸟,40900.0,20001020
江西瑶湖,江西省,36431117,县市级,湿地生态,林业部门,江西省,南昌县,越冬候鸟和湿地生态系统,2050.0,19991231
江西三湖,江西省,36431118,县市级,湿地生态,林业部门,江西省,南昌县,候鸟及湿地生态系统,17100.0,1999
江西桃红岭梅花鹿,江西省,36611001,国家级,野生动物,林业部门,江西省,彭泽县,野生梅花鹿南方亚种及其栖息地,12500.0,19810816
江西鸳鸯湖,江西省,36621016,省级,野生动物,林业部门,江西省,婺源县,鸳鸯及珍禽,917.0,1997
江西鄱阳湖鲤、鲫鱼产卵场,江西省,36623026,省级,野生动物,农业部门,江西省,永修县、南昌县、新建县、余干县、鄱阳县、星子县,鲤、鲫、鲚鱼产卵场,30600.0,19800101
江西鄱阳湖银鱼,江西省,36623027,省级,野生动物,农业部门,江西省,鄱阳县,银鱼,2000.0,19860101
江西鄱阳湖河蚌,江西省,36623028,省级,野生动物,农业部门,江西省,新建县、南昌县、进贤县、星子县、都昌县、余干县、鄱阳县、永修县、德安县、湖口县,三角河蚌、皱纹蚌,15533.0,19800101
江西黄字号黑麂,江西省,36631034,省级,野生动物,林业部门,江西省,浮梁县,黑麂、南方红豆杉,17356.2,20010412
江西茶宝山猕猴,江西省,36631042,县市级,野生动物,林业部门,江西省,浮梁县,猕猴、南方红豆杉,2533.1,20010412
江西黄牛信黑熊,江西省,36631043,县市级,野生动物,林业部门,江西省,浮梁县,黑熊、南方红豆杉,5334.1,20010412
江西八字脑金钱豹,江西省,36631045,县市级,野生动物,林业部门,江西省,浮梁县,金钱豹、南方红豆杉,5783.7,20010412
江西青龙尖云豹,江西省,36631047,县市级,野生动物,林业部门,江西省,浮梁县,云豹、南方红豆杉,3853.5,20010412
江西大岭培白颈长尾雉,江西省,36631056,县市级,野生动物,林业部门,江西省,浮梁县,白颈长尾雉、南方红豆杉,2696.5,20010412
江西靖安大鲵,江西省,36631084,县市级,野生动物,林业部门,江西省,靖安县,大鲵及生境,100.0,19800101
江西弋阳中华秋沙鸭,江西省,36631085,县市级,野生动物,林业部门,江西省,弋阳县,中华秋沙鸭及其生境,2827.0,20000211
江西红嘴相思鸟,江西省,36631089,县市级,野生动物,林业部门,江西省,婺源县,红嘴相思鸟,420.0,1993
江西吉安鲥鱼,江西省,36633131,县市级,野生动物,农业部门,江西省,吉安县、吉水县、新干县,鲥鱼产卵场,1560.0,19860101
江西东乡野生稻,江西省,36733133,县市级,野生植物,农业部门,江西省,东乡县,野生稻,86.0,19720401
项山甑,江西省,赣95,县市级,森林生态,林业部门,江西省,寻乌县,森林生态系统,1987.0,20031212
江西油田—新源,江西省,赣100,县市级,森林生态,林业部门,江西省,吉安市,中亚热带常绿阔叶林,660.0,20000817
江西宫祠,江西省,赣45,县市级,森林生态,林业部门,江西省,都昌县,森林生态系统,1243.0,19921101
江西永修泡桐,江西省,赣36,县市级,森林生态,林业部门,江西省,永修县,中亚热带常绿阔叶林生态系统及红豆杉、香樟、穿山甲、眼睛蛇、虎纹蛙等,1000.0,20000726
江西湖口青檀,江西省,赣51,县市级,野生植物,林业部门,江西省,湖口县,青檀野生种群,2.0,20000925
江西大岗山,江西省,赣64,县市级,森林生态,林业部门,江西省,分宜县,白颈长尾雉及森林生态系统,1200.0,20050520
江西白云山-螺滩,江西省,赣110,县市级,森林生态,林业部门,江西省,吉安市青原区,中亚热带常绿阔叶林,1333.3,20070620
江西白水仙,江西省,赣115,县市级,森林生态,林业部门,江西省,遂川县,中亚热带常绿阔叶林,2000.0,20020125
江西玉京山落叶木莲,江西省,赣133,省级,野生植物,林业部门,江西省,宜春市袁州区,落叶木莲及森林生态系统,1199.0,20070116
江西桃仙岭,江西省,赣138,县市级,森林生态,林业部门,江西省,奉新县,中亚热带常绿阔叶林,178.2,20000506
江西南屏山,江西省,赣149,县市级,森林生态,林业部门,江西省,宜丰县,中亚热带常绿阔叶林,54.67,19960101
江西牛田古樟群落,江西省,赣167,县市级,野生植物,林业部门,江西省,乐安县,古樟群落及其生境,70.0,20060728
江西共产主义水库,江西省,赣191,县市级,森林生态,林业部门,江西省,婺源县,中亚热带常绿阔叶林,1334.0,19931206
江西湖口森林,江西省,赣56,县市级,森林生态,林业部门,江西省,湖口县,森林生态系统,1200.0,20000925
江西新余蒙山,江西省,赣63,县市级,森林生态,林业部门,江西省,新余市渝水区,南方红豆杉及中亚热带常绿阔叶林,560.0,20070101
江西石门寨,江西省,赣65,县市级,森林生态,林业部门,江西省,分宜县,白颈长尾雉及森林生态系统,971.2,20050520
江西龙虎山中华秋沙鸭,江西省,赣66,县市级,野生动物,林业部门,江西省,鹰潭市,中华秋沙鸭及其栖息地,1600.0,20071220
阳天障,江西省,赣93,县市级,森林生态,林业部门,江西省,寻乌县,亚热带常绿阔叶林,635.0,20031212
张天堂,江西省,赣94,县市级,森林生态,林业部门,江西省,寻乌县,亚热带常绿阔叶林,789.0,20031212
江西鄱阳湖南矶湿地,江西省,赣07,国家级,湿地生态,林业部门,江西省,新建县,天鹅、大雁等越冬珍禽和湿地生境,33300.0,19970106
江西信丰金盆山,江西省,赣71,县市级,森林生态,林业部门,江西省,信丰县,亚热带常绿阔叶林,1133.0,19820331
江西婺源鸳鸯湖,江西省,赣189,省级,野生动物,林业部门,江西省,婺源县,鸳鸯等珍禽,917.0,19931206
江西鄱阳湖候鸟,江西省,赣41,国家级,野生动物,林业部门,江西省,永修县、星子县、新建县,白鹤等越冬珍禽及其栖息地,22400.0,19880509
江西婺源红嘴相思鸟,江西省,赣187,县市级,野生动物,林业部门,江西省,婺源县,红嘴相思鸟及常绿阔叶林,420.0,19931206
江西宜黄华南虎,江西省,赣171,省级,野生动物,林业部门,江西省,宜黄县,华南虎栖息地,58300.0,19920606
江西铜钹山,江西省,赣179,省级,森林生态,林业部门,江西省,广丰县,森林生态系统及野生动植物,10800.0,20040820
南昌三湖,江西省,赣03,县市级,湿地生态,林业部门,江西省,南昌县,越冬候鸟和湿地生态系统,17110.0,1999
江西饶河源,江西省,赣199,县市级,森林生态,林业部门,江西省,婺源县,中亚热带常绿阔叶林,11595.8,20041126
江西共库,江西省,赣20,县市级,湿地生态,林业部门,江西省,乐平市,湿地生态系统和鸳鸯等鸟类,5704.0,19990922
江西伊山,江西省,赣27,省级,森林生态,林业部门,江西省,武宁县,中亚热带常绿阔叶林,11340.0,20051020
江西修水黄龙山,江西省,赣28,县市级,森林生态,林业部门,江西省,修水县,红腹角雉、白颈长尾雉、云豹等野生动植物,2333.0,20070809
修河源五梅山,江西省,赣29,省级,森林生态,林业部门,江西省,修水县,红豆杉、红腹角雉、白颈长尾雉、云豹等野生动植物,14485.0,20060809
江西程坊,江西省,赣30,县市级,森林生态,林业部门,江西省,修水县,红腹角雉、白颈长尾雉、云豹等野生动植物,21667.0,20060101
江西修水幕阜山,江西省,赣31,国家级,森林生态,林业部门,江西省,修水县,森林生态系统,40667.0,20031224
江西荷溪湿地,江西省,赣40,县市级,湿地生态,林业部门,江西省,永修县,湿地生态系统及候鸟,4000.0,20070621
江西都昌武山,江西省,赣47,县市级,森林生态,林业部门,江西省,都昌县,森林生态系统及梅花鹿、苏门羚、云豹、白鹇、樟树等,2722.0,19920101
江西新妙、南溪湖候鸟,江西省,赣48,县市级,湿地生态,林业部门,江西省,都昌县,候鸟及湿地生态系统,4000.0,20000928
江西官洞,江西省,赣50,县市级,森林生态,林业部门,江西省,都昌县,森林生态系统,1243.0,19921101
江西瑞昌南方红豆杉,江西省,赣62,省级,野生植物,林业部门,江西省,瑞昌县,南方红豆杉及森林生态系统,2500.0,20060618
江西九峰水库,江西省,赣67,县市级,森林生态,林业部门,江西省,余江县,森林生态系统,308.0,20091019
江西贵溪象山公园,江西省,赣69,县市级,森林生态,其他部门,江西省,贵溪市,森林生态系统,885.0,20040201
江西陡水湖,江西省,赣74,县市级,森林生态,林业部门,江西省,上犹县,中亚热带常绿阔叶林,22600.0,20021230
江西章江源,江西省,赣76,省级,森林生态,林业部门,江西省,崇义县,南亚热带向中亚热带过渡带常绿阔叶林生态系统,10452.0,20040920
江西棋棠山,江西省,赣83,县市级,森林生态,林业部门,江西省,龙南县,亚热带常绿阔叶林,2133.0,20000101
棋棠山,江西省,赣82,县市级,森林生态,林业部门,江西省,龙南县,亚热带常绿阔叶林,2133.0,20000101
江西黄坑,江西省,赣85,县市级,森林生态,林业部门,江西省,龙南县,亚热带常绿阔叶林,2716.0,20000101
江西桃江源,江西省,赣90,省级,森林生态,林业部门,江西省,全南县,中亚热带常绿阔叶林,11560.0,20060919
江西凌云山,江西省,赣92,省级,森林生态,林业部门,江西省,宁都县,亚热带常绿阔叶林,11342.64,19920920
江西东江源,江西省,赣96,县市级,森林生态,林业部门,江西省,寻乌县,水源涵养林,2320.0,20031212
江西大山脑,江西省,赣98,县市级,森林生态,林业部门,江西省,南康市,森林生态系统及南方红豆杉、伯乐树,680.0,20090106
江西玉笥山,江西省,赣112,县市级,森林生态,林业部门,江西省,峡江县,中亚热带常绿阔叶林,10800.0,20071123
江西泰和天湖山,江西省,赣114,县市级,森林生态,林业部门,江西省,泰和县,中亚热带常绿阔叶林,2264.9,20071127
江西大湾里,江西省,赣116,县市级,森林生态,林业部门,江西省,遂川县,中亚热带常绿阔叶林,2700.0,20020125
江西遂川高坪,江西省,赣118,县市级,森林生态,林业部门,江西省,遂川县,中亚热带常绿阔叶林,15000.0,20010101
江西月明,江西省,赣119,县市级,森林生态,林业部门,江西省,万安县,中亚热带常绿阔叶林,2000.0,20061201
江西七溪岭,江西省,赣128,省级,森林生态,林业部门,江西省,永新县,中亚热带森林生态系统,10500.0,19991226
江西井冈山大鲵,江西省,赣130,县市级,野生动物,农业部门,江西省,井冈山市,大鲵及其栖息地,56000.0,19930101
江西店下,江西省,赣131,县市级,森林生态,林业部门,江西省,樟树市,中亚热带常绿阔叶林,2883.0,20070905
江西樟树吴城,江西省,赣132,县市级,湿地生态,林业部门,江西省,樟树市,湿地生态系统及候鸟,2637.83,20081030
江西飞剑潭,江西省,赣134,县市级,森林生态,水利部门,江西省,宜春市袁州区,森林生态系统,4986.0,20090104
江西华林书院,江西省,赣136,县市级,森林生态,林业部门,江西省,奉新县,中亚热带常绿阔叶林,2000.0,20071225
江西奉新五梅山,江西省,赣142,县市级,野生动物,林业部门,江西省,奉新县,云豹、猕猴、麂、穿山甲、金雕、红豆杉、永瓣藤、樟树等,2295.6,20091120
江西南港水源涵养,江西省,赣147,县市级,森林生态,林业部门,江西省,上高县,中亚热带常绿阔叶林,5214.0,19960925
江西洞山,江西省,赣148,县市级,森林生态,其他部门,江西省,宜丰县,中亚热带常绿阔叶林,300.0,19960101
江西和尚坪,江西省,赣152,县市级,森林生态,林业部门,江西省,靖安县,中亚热带常绿阔叶林,3401.0,20080522
江西潦河大鲵,江西省,赣153,省级,野生动物,农业部门,江西省,靖安县,大鲵及其生境,3733.0,20110101
江西铜鼓棘胸蛙,江西省,赣156,县市级,野生动物,农业部门,江西省,铜鼓县,棘胸蛙及其栖息地,3070.0,20061201
江西花山南方红豆杉,江西省,赣157,县市级,森林生态,林业部门,江西省,铜鼓县,南方红豆杉及中亚热带森林生态系统,4762.0,20080101
江西竹山,江西省,赣158,县市级,森林生态,林业部门,江西省,丰城市,香樟及森林生态系统,447.77,20081201
江西仙桂峰,江西省,赣160,县市级,森林生态,林业部门,江西省,抚州市临川区,森林生态系统,2398.0,20091018
江西洪门水库,江西省,赣161,县市级,森林生态,林业部门,江西省,南城县,湿地生态系统,3000.0,20091226
江西南城芙蓉山,江西省,赣162,县市级,森林生态,林业部门,江西省,南城县,森林生态系统,3600.0,20091226
江西百家畲,江西省,赣163,县市级,森林生态,林业部门,江西省,黎川县,森林生态系统,1180.0,20091020
江西黄龙坑红豆杉,江西省,赣165,县市级,森林生态,林业部门,江西省,南丰县,森林生态系统,438.0,20091214
江西清芝峰,江西省,赣166,县市级,森林生态,林业部门,江西省,崇仁县,森林生态系统,514.0,20091112
江西乐安龙潭,江西省,赣169,县市级,森林生态,林业部门,江西省,乐安县,森林、湿地生态系统,2448.5,20091230
江西大龙山南方红豆杉,江西省,赣170,县市级,森林生态,林业部门,江西省,宜黄县,森林生态系统,234.0,20100203
江西马街,江西省,赣172,县市级,森林生态,林业部门,江西省,金溪县,森林生态系统,2962.0,20091212
江西后坑红豆杉,江西省,赣173,县市级,森林生态,林业部门,江西省,资溪县,森林生态系统,265.0,20091026
江西佛岭,江西省,赣176,县市级,森林生态,林业部门,江西省,东乡县,森林生态系统,654.0,20091207
江西牛牯岽,江西省,赣177,县市级,森林生态,林业部门,江西省,广昌县,森林生态系统,926.0,20090711
江西抚河源头,江西省,赣178,省级,森林生态,林业部门,江西省,广昌县,水源涵养林,8187.7,20041216
江西信江源,江西省,赣180,省级,森林生态,林业部门,江西省,玉山县,森林生态系统,7337.0,20030531
江西鄱阳湖长江江豚,江西省,赣185,省级,野生动物,农业部门,江西省,鄱阳县、都昌县,江豚及其生境,6800.0,20040430
江西金竹源,江西省,赣188,县市级,森林生态,林业部门,江西省,婺源县,亚热带常绿阔叶林,483.0,19931206
江西大连山,江西省,赣190,县市级,森林生态,林业部门,江西省,婺源县,亚热带常绿阔叶林,1000.0,19931206
江西许村,江西省,赣194,县市级,森林生态,林业部门,江西省,婺源县,中亚热带常绿阔叶林,3300.0,19931206
江西大鄣山,江西省,赣197,县市级,森林生态,林业部门,江西省,婺源县,中亚热带常绿阔叶林及南方红豆杉、永瓣藤、香果树、黑麂、黑熊等,15370.0,20030101
江西白石,江西省,赣198,县市级,森林生态,林业部门,江西省,婺源县,中亚热带常绿阔叶林,8014.0,19931206
河北雾灵山,河北省,13111005,国家级,森林生态,林业部门,河北省,兴隆县,"温带森林、猕猴分布北限 
金雕、金钱豹等",14247.0,19880509
河北小五台山,河北省,13111007,国家级,森林生态,林业部门,河北省,蔚县、涿鹿县,"温带森林生态系统及褐马鸡
褐马鸡、金钱豹等",21833.0,19831101
河北大海陀国家级自然保护区,河北省,13112002,国家级,森林生态,环保部门,河北省,赤城县,森林生态系统,11224.9,19990701
河北红松洼草地生态系统国家级自然保护区,河北省,13113004,国家级,草原草甸,农业部门,河北省,围场满族蒙古族自治县,草原生态系统,7970.0,19940815
河北灵寿漫山,河北省,13121017,省级,森林生态,林业部门,河北省,灵寿县,"野生动物及其生境
黑鹳、豹、核桃楸",12028.0,20010301
河北隆化茅荆坝,河北省,13121019,国家级,森林生态,林业部门,河北省,隆化县,"森林生态系统和野生动物
金钱豹、黑熊、金雕等",40038.0,20020529
河北木兰围场,河北省,13121020,省级,森林生态,林业部门,河北省,围场县,红松、胡桃楸、刺五加等,50600.0,2002
河北金华山-横岭子褐马鸡,河北省,13121024,省级,森林生态,林业部门,河北省,涞源县、涞水县,"褐马鸡及其生境
森林生态系统",33940.0,19940101
河北辽河源,河北省,13121025,省级,森林生态,林业部门,河北省,平泉县,"森林生态系统
国家保护植物核桃楸等",45225.0,20030701
河北嶂石岩,河北省,13121026,省级,森林生态,林业部门,河北省,赞皇县,嶂石岩地貌及森林,23772.0,20050901
河北驼梁,河北省,13122015,国家级,森林生态,林业部门,河北省,平山县,森林生态系统,21311.9,20010331
河北老岭,河北省,13131029,县市级,森林生态,林业部门,河北省,青龙满族自治县,"暖温带森林生态系统
天女木兰、暖温带森林",8406.0,19920716
河北杏峪,河北省,13132028,县市级,森林生态,环保部门,河北省,内丘县,天然次生林,400.0,20010801
河北滦河源草地,河北省,13222011,省级,草原草甸,环保部门,河北省,丰宁满族自治县,草原湿地生态,21500.0,19971028
河北御道口,河北省,13223012,省级,草原草甸,农业部门,河北省,宽城满族自治县,草原生态系统,32620.0,20020501
河北衡水湖湿地和鸟类,河北省,13411008,国家级,湿地生态,林业部门,河北省,衡水市,"湿地生态系统及鸟类
内陆淡水湿地生态系统",18787.0,20000701
河北唐海湿地鸟类,河北省,13421016,省级,湿地生态,林业部门,河北省,唐海县,湿地生态系统及鸟类,1081.4,20030401
河北塞罕坝,河北省,13421021,国家级,湿地生态,林业部门,河北省,围场满族蒙古族自治县,"森林生态系统
滦河、辽河水源湿地",20029.8,20010801
河北白洋淀湿地,河北省,13421022,省级,湿地生态,林业部门,河北省,安新县,湿地生态系统,29696.0,20021106
河北南大港湿地和鸟类,河北省,13421023,省级,湿地生态,林业部门,河北省,沧州市运河区,"湿地生态系统及鸟类
白鹳、黑鹳、丹顶鹤等",13380.0,19950301
河北海兴湿地和鸟类,河北省,13421027,省级,湿地生态,林业部门,河北省,海兴县,湿地生态系统及鸟类,16800.0,20051101
河北昌黎黄金海岸国家级自然保护区,河北省,13514003,国家级,海洋海岸,海洋部门,河北省,昌黎县,海岸及近海生态系统,30000.0,1990
河北石臼坨诸岛,河北省,13524014,省级,海洋海岸,海洋部门,河北省,乐亭县,海洋生态系统及鸟类,3774.7,20020501
河北围场御道口,河北省,13621018,省级,野生动物,林业部门,河北省,围场县,大鸨、白枕鹤,34800.0,2002
河北阳原泥河弯国家级自然保护区,河北省,13817001,国家级,地质遗迹,国土部门,河北省,阳原,新生代沉积地层,1015.0,2002
河北柳江盆地地质遗迹国家级自然保护区,河北省,13817006,国家级,地质遗迹,国土部门,河北省,抚宁县,标准地质剖面、典型地质构造等地质遗迹,1395.0,19990501
河北小山火山,河北省,13827010,省级,地质遗迹,国土部门,河北省,海兴县,火山遗迹,1381.0,20030701
河北柳江盆地地质遗迹,河北省,13827013,省级,地质遗迹,国土部门,河北省,抚宁县,地质遗迹,630.0,1999
河北黄骅古贝壳堤,河北省,13924009,省级,古生物遗迹,海洋部门,河北省,黄骅市,古贝壳堤,117.0,19950801
河北银河山,河北省,冀13,省级,森林生态,林业部门,河北省,阜平县,森林生态系统、珍稀野生动植物,36210.9,20120120
河北都山,河北省,冀31,省级,森林生态,林业部门,河北省,宽城满族自治县,森林生态系统,19648.0,20010101
河北滦河上游,河北省,冀35,国家级,森林生态,林业部门,河北省,围场满族蒙古族自治县,森林生态系统和野生动物,50637.4,20020626
河北南寺掌,河北省,冀01,省级,森林生态,林业部门,河北省,井陉县,森林生态系统,3058.5,20110301
河北蒋福山,河北省,冀42,县市级,森林生态,林业部门,河北省,三河市,森林及野生植物,5170.0,20010901
河北固安,河北省,冀41,县市级,森林生态,林业部门,河北省,固安县,次生林生态系统,5800.0,200404
河北摩天岭,河北省,冀17,省级,森林生态,林业部门,河北省,易县,华北山地温带森林生态系统,31060.0,20120120
河北葛渔城,河北省,冀40,县市级,森林生态,林业部门,河北省,廊坊市安次区,生态防护林,5006.0,20040501
河北千鹤山,河北省,冀30,县市级,野生动物,环保部门,河北省,宽城满族自治县,苍鹭及其生境,14038.0,20030801
河北北大山,河北省,冀22,省级,森林生态,林业部门,河北省,承德县,森林生态系统,10185.0,20091211
河北六里坪,河北省,冀24,省级,森林生态,林业部门,河北省,兴隆县,温带森林生态系统,14970.0,20071127
河北白草洼,河北省,冀26,省级,草原草甸,林业部门,河北省,滦平县,森林草原,17680.0,20071127
河北三峰山,河北省,冀11,省级,森林生态,林业部门,河北省,临城县,珍稀、濒危野生动植物,5464.4,20120120
河北大茂山,河北省,冀14,省级,森林生态,林业部门,河北省,唐县,森林生态系统、珍稀野生动植物,1353.33,20120120
河北丰宁古生物化石,河北省,冀28,省级,古生物遗迹,国土部门,河北省,丰宁满族自治县,古生物化石,5256.0,20080401
河南新县连康山,河南省,41111002,国家级,森林生态,林业部门,河南省,新县,常绿阔叶与落叶阔叶混交林,10580.0,19820624
河南伏牛山,河南省,41111003,国家级,森林生态,林业部门,河南省,西峡、内乡、南召等县,过渡带森林生态系统,56024.0,19820624
河南信阳鸡公山,河南省,41111004,国家级,森林生态,林业部门,河南省,信阳市狮河区,森林生态系统、野生动物,2917.0,19820624
河南内乡宝天曼,河南省,41111005,国家级,森林生态,林业部门,河南省,内乡县,过渡带森林生态系统,5412.5,19800430
河南灵宝小秦岭,河南省,41111009,国家级,森林生态,林业部门,河南省,灵宝市,暖温带森林生态系统及珍稀动植物,15160.0,19820624
河南信阳天目山,河南省,41121017,省级,森林生态,林业部门,河南省,信阳市平桥区,森林生态系统和野生动植物,6750.0,20011205
河南桐柏高乐山,河南省,41121018,省级,森林生态,林业部门,河南省,桐柏县,森林生态和野生动植物,9060.0,20040226
河南洛阳熊耳山,河南省,41121019,省级,森林生态,林业部门,河南省,嵩县、洛宁县、宜阳县、栾川县,森林生态系统和野生动植物,32524.6,20041119
河南商城金刚台,河南省,41121021,省级,森林生态,林业部门,河南省,商城县,过渡带森林生态系统、珍稀动植物,2972.0,19820624
河南信阳四望山,河南省,41121024,省级,森林生态,林业部门,河南省,信阳市浉河区,森林生态和野生动植物,14000.0,20040226
河南桐柏太白顶,河南省,41121025,省级,森林生态,林业部门,河南省,桐柏县,森林生态和野生动植物,4924.0,19820624
河南林州万宝山,河南省,41121026,省级,森林生态,林业部门,河南省,林州市,森林生态系统和野生动植物,8667.0,20040226
河南黄河湿地,河南省,41411008,国家级,湿地生态,林业部门,河南省,三门峡、济源、洛阳、焦作等市,湿地生态、珍稀鸟类,68000.0,19950818
河南豫北黄河故道湿地鸟类国家级自然保护区,河南省,41412010,国家级,湿地生态,环保部门,河南省,新乡市,天鹅、鹤及湿地,24780.0,1996
河南商城鲇鱼山,河南省,41421011,省级,湿地生态,林业部门,河南省,商城县,湿地生态及鸟类,5805.0,20011205
河南内乡湍河湿地,河南省,41421012,省级,湿地生态,林业部门,河南省,内乡县,湿地生态及鸟类,4547.0,20010810
河南郑州黄河湿地,河南省,41421013,省级,湿地生态,林业部门,河南省,巩义、荥阳、惠济、金水、中牟等市县,湿地生态系统及珍稀鸟类,36574.0,20041119
丹江湿地,河南省,41421015,省级,湿地生态,林业部门,河南省,淅川县,湿地生态及鸟类,64027.0,2001
河南淮滨淮南湿地,河南省,41421016,省级,湿地生态,林业部门,河南省,淮滨县,湿地生态及鸟类,3400.0,20011205
河南开封柳园口湿地,河南省,41421020,省级,湿地生态,林业部门,河南省,开封市,湿地及冬候鸟,16148.0,19940609
河南汝南宿鸭湖湿地,河南省,41421023,省级,湿地生态,林业部门,河南省,汝南县,湿地生态及鸟类,16700.0,20010606
河南太行山猕猴,河南省,41611006,国家级,野生动物,林业部门,河南省,济源、焦作、新乡,猕猴、金钱豹等野生动植物及森林生态系统,56600.0,19820624
河南董寨鸟类,河南省,41611007,国家级,野生动物,林业部门,河南省,罗山县,白冠长尾雉等珍稀鸟类及其栖息地,46800.0,19820624
曹村大鲵,河南省,41622022,省级,野生动物,环保部门,河南省,新安县, 大鲵及其环境,4000.0,1999
卢氏大鲵,河南省,41626014,省级,野生动物,农业部门,河南省,卢氏县,大鲵及其生境,1000.0,19820703
栾川大鲵,河南省,41636028,县市级,野生动物,农业部门,河南省,栾川县,大鲵及其生境,800.0,19950810
嵩县大鲵,河南省,41636029,县市级,野生动物,农业部门,河南省,嵩县,大鲵及其生境,600.0,19960624
温泉,河南省,41837027,县市级,地质遗迹,国土部门,河南省,济源市, 岩溶温泉,163.0,1999
河南南阳恐龙蛋化石群国家级自然保护区,河南省,41917001,国家级,古生物遗迹,国土部门,河南省,南阳市,恐龙蛋化石群古生物遗迹,78015.0,19980101
西峡大鲵,河南省,豫15,省级,野生动物,农业部门,河南省,西峡县,大鲵及其生境,1000.0,19820703
白龟山湿地,河南省,豫07,省级,湿地生态,林业部门,河南省,平顶山市,湿地及野生动物,6600.0,20071120
新乡黄河湿地鸟类,河南省,豫09,国家级,湿地生态,环保部门,河南省,新乡市,天鹅、鹤类等珍禽及湿地生态系统,22780.0,19880727
固始淮河湿地,河南省,豫31,省级,湿地生态,林业部门,河南省,固始县,湿地生态系统,4387.78,20071120
信阳黄缘闭壳龟,河南省,豫28,省级,森林生态,农业部门,河南省,新县,黄缘闭壳龟及其生境，森林生态系统,109930.0,20040226
青要山,河南省,豫03,省级,野生动物,林业部门,河南省,新安县,大鲵及其生境,4000.0,19881120
南阳恐龙蛋省级,河南省,豫16,省级,古生物遗迹,国土部门,河南省,西峡县,恐龙蛋化石,14652.0,20001201
濮阳黄河湿地,河南省,豫10,省级,湿地生态,林业部门,河南省,濮阳县,珍稀濒危鸟类等野生动植物及湿地,3300.0,20071120
浙江天目山,浙江省,33111001,国家级,野生植物,林业部门,浙江省,临安市,"银杏、连香树、金钱松等珍稀植物及森林生态系统
以我国特有的古老植物银杏野生种为代表的中亚热带森林生态系统和珍稀动植物",4284.0,19860709
浙江乌岩岭,浙江省,33111002,国家级,森林生态,林业部门,浙江省,泰顺县,中亚热带森林生态系统及黄腹角雉、猕猴等珍稀动植物,18861.5,19740401
浙江清凉峰,浙江省,33111003,国家级,森林生态,林业部门,浙江省,临安市,"梅花鹿、香果树等野生动植物及森林生态系统
梅花鹿、黑麂、云豹、香果树、杜仲",10800.0,19850801
浙江古田山,浙江省,33111004,国家级,野生动物,林业部门,浙江省,开化县,白颈长尾雉、黑麂、南方红豆杉及常绿阔叶林森林生态系统,8108.0,19750301
浙江凤阳山-百山祖,浙江省,33111005,国家级,森林生态,林业部门,浙江省,庆元县、龙泉市,百山祖冷杉、华南虎等珍稀物种及森林生态系统,26051.5,19750101
浙江九龙山,浙江省,33111009,国家级,森林生态,林业部门,浙江省,遂昌县,"黑麂,黄腹角雉,伯乐树,南方红豆杉等国家一、二级重点保护动植物",5525.0,19830903
浙江龙王山,浙江省,33121010,省级,森林生态,林业部门,浙江省,安吉县,"落叶阔叶林
梅花鹿、黑麂、云豹、香果树、杜仲",1242.47,19850807
浙江庙山坞自然保护区,浙江省,33121037,省级,森林生态,林业部门,浙江省,富阳市,森林生态系统,816.8,2001
浙江松阳箬寮岘,浙江省,33131019,县市级,森林生态,林业部门,浙江省,松阳县,森林生态系统,525.0,1994
浙江瑞安大洋坑,浙江省,33131020,县市级,森林生态,林业部门,浙江省,瑞安市,低海拔地区次生常绿阔叶林及黄腹角雉、豹、猕猴、红豆树等珍稀濒危动植物,555.0,19950608
浙江武义牛头山,浙江省,33131027,县市级,森林生态,林业部门,浙江省,武义县,中亚热带森林生态系统及其栖息的珍贵、濒危野生动物,3000.0,19951226
浙江仙居俞坑,浙江省,33131035,县市级,森林生态,林业部门,浙江省,仙居县,森林生态系统,3000.0,1991
清明尖,浙江省,33132017,县市级,森林生态,环保部门,浙江省,磐安县, 森林生态系统,6000.0,19971214
灵岩山,浙江省,33132034,县市级,森林生态,其他部门,浙江省,象山县,常绿阔叶林及千丈岩景观,1050.0,20020612
夹溪,浙江省,33132036,县市级,森林生态,环保部门,浙江省,磐安县,森林生态系统,4500.0,19940812
浙江六洞山,浙江省,33138018,县市级,森林生态,其他部门,浙江省,兰溪市,自然生态系统,850.0,1992
浙江景宁望东洋高山湿地,浙江省,33431023,省级,湿地生态,林业部门,浙江省,景宁畲族自治县,湿地生态系统,1194.8,20020204
浙江岱山秀山岛关山岛湿地,浙江省,33431026,县市级,湿地生态,林业部门,浙江省,岱山县,湿地生态系统,2000.0,2000
永秀白荡漾,浙江省,33438030,县市级,湿地生态,其他部门,浙江省,桐乡市, 湿地生态系统,720.0,2000
钱塘江尖山,浙江省,33438031,县市级,湿地生态,其他部门,浙江省,海宁市, 湿地生态系统,547.0,2001
浙江南麂列岛国家级自然保护区,浙江省,33514007,国家级,海洋海岸,海洋部门,浙江省,平阳县,海洋贝藻类、海洋性鸟类、野生水仙花及其生境,19600.0,19890110
韭山列岛,浙江省,33524015,国家级,海洋海岸,海洋部门,浙江省,象山县, 海洋生态系统,114950.0,1998
五峙山,浙江省,33622013,省级,野生动物,其他部门,浙江省,舟山市海定区,黄嘴白鹭、黑嘴端凤头燕鸥等鸟类及其生境,500.0,19990523
青田鼋,浙江省,33626016,省级,野生动物,水利部门,浙江省,青田县, 鼋及其生境,360.84,20001211
浙江绍兴兰亭,浙江省,33631024,县市级,野生动物,林业部门,浙江省,绍兴县,野生动植物,150.0,1999
浙江常山太公山,浙江省,33631025,县市级,野生动物,林业部门,浙江省,常山县,野生动植物,300.0,1999
浙江长兴尹家边扬子鳄,浙江省,33631028,省级,野生动物,林业部门,浙江省,长兴县,扬子鳄及其生境,122.67,19790606
浙江磐安大盘山国家级自然保护区,浙江省,33712006,国家级,野生植物,环保部门,浙江省,磐安县,野生药用植物资源,4558.0,19930420
浙江东白山,浙江省,33721014,省级,野生植物,林业部门,浙江省,诸暨,香榧种质资源,5071.5,20031217
八都芥,浙江省,33732021,县市级,野生植物,环保部门,浙江省,长兴县,银杏及其生境,250.0,19940622
顾渚山,浙江省,33732022,县市级,野生植物,环保部门,浙江省,长兴县, 紫笋贡茶 、人文历史遗迹,2600.0,19931012
浙江长兴地质遗迹国家级自然保护区,浙江省,33817008,国家级,地质遗迹,国土部门,浙江省,长兴县,全球二叠—三叠系界线层型剖面、长兴阶层型剖面及古生物化石,275.0,19800314
承天氡泉,浙江省,33822012,省级,地质遗迹,环保部门,浙江省,泰顺县,"含氡硅氟复合型热矿泉
 氡泉",2249.0,19920929
常山奥陶系石灰岩地质剖面,浙江省,33827011,省级,地质遗迹,国土部门,浙江省,常山县,"地质地貌、地层
 “金钉子”地质剖面",2012.0,19830801
花岙岛,浙江省,33832032,县市级,地质遗迹,环保部门,浙江省,象山县, 海蚀地貌、卵石滩、花岙沙滩,5490.0,20020612
象山红岩,浙江省,33832033,县市级,地质遗迹,环保部门,浙江省,象山县, 海蚀地貌、卵石滩、沙滩,460.0,20020612
白岘洞,浙江省,33838029,县市级,地质遗迹,其他部门,浙江省,长兴县, 溶洞,2250.0,1994
杏梅尖,浙江省,浙01,县市级,森林生态,林业部门,浙江省,富阳市,森林生态系统及金钱松、穿山甲,71.0,19911231
临安清凉峰,浙江省,,---,森林生态,林业部门,浙江省,临安市,梅花鹿、香果树等野生动植物及森林生态系,10800.0,19850801
檀山头岛,浙江省,浙07,县市级,海洋海岸,海洋部门,浙江省,象山县,海洋海岸生态系统及人文景观,8030.0,20020612
白岘洞山,浙江省,浙16,县市级,野生植物,其他部门,浙江省,长兴县,洞山罗岕茶、溶洞,2801.0,19940105
大庙坞鹭鸟,浙江省,浙19,县市级,野生动物,林业部门,浙江省,绍兴县,鹭鸟及其湿地,100.0,19990805
仙居括苍山,浙江省,浙28,省级,森林生态,林业部门,浙江省,仙居县,低海拔沟谷常绿阔叶林和珍稀野生动植物,2701.0,19910121
海南尖峰岭,海南省,46111004,国家级,森林生态,林业部门,海南省,乐东黎族自治县、东方市,热带雨林和珍稀野生动植物,20170.0,19761009
海南五指山,海南省,46111005,国家级,森林生态,林业部门,海南省,琼中黎族苗族自治县、五指山市,"热带原始森林
热带雨林及其森林生态系统",13435.9,19851101
海南上溪,海南省,46121010,省级,森林生态,林业部门,海南省,万宁市,热带季雨林,11662.2,19810925
海南猴猕岭,海南省,46121014,省级,森林生态,林业部门,海南省,东方市,热带雨林及其森林生态系统,12215.0,2004
海南鹦哥岭,海南省,46121016,省级,森林生态,林业部门,海南省,白沙、琼中、五指山、乐东、保亭等市县,热带季雨林生态系统,50464.0,20040723
海南佳西,海南省,46121018,省级,森林生态,林业部门,海南省,乐东黎族自治县,热带季雨林及海南粗榧、广东松、坡垒、青梅；蛇周雕、海南山鹧鸪、灰孔雀雉、山皇鸠,8326.67,19810925
海南吊罗山,海南省,46121019,国家级,森林生态,林业部门,海南省,陵水黎族自治县、保亭黎族苗族自治县、琼中黎族苗族自治县,热带雨林及其森林生态系统,18389.0,19840401
海南番加,海南省,46121021,省级,森林生态,林业部门,海南省,儋州市,热带雨林生态系统,3100.0,19810925
海南甘什岭,海南省,46121022,省级,野生植物,林业部门,海南省,三亚市,无翼坡垒等珍稀植物,1715.46,19851101
海南会山,海南省,46121023,省级,森林生态,林业部门,海南省,琼海市,热带季雨林生态系统,4462.4,19810925
海南加新,海南省,46121025,省级,森林生态,林业部门,海南省,万宁市,热带雨林及其森林生态系统,7588.0,1981
海南黎母山,海南省,46121026,省级,森林生态,林业部门,海南省,琼中黎族苗族自治县,热带雨林及其森林生态系统,11701.0,20040723
海南尖岭,海南省,46121027,省级,森林生态,林业部门,海南省,万宁市,热带雨林及其森林生态系统,10898.73,19810925
海南六连岭,海南省,46121029,省级,森林生态,林业部门,海南省,万宁市,热带雨林,2745.47,19810925
海南南林,海南省,46121030,省级,森林生态,林业部门,海南省,万宁市,热带雨林,5775.26,19810925
海南白石岭,海南省,46131051,县市级,森林生态,林业部门,海南省,琼海市,"天然林
热带雨林及其森林生态系统",746.93,19820901
海南七仙岭,海南省,46131052,县市级,森林生态,林业部门,海南省,保亭县,热带雨林及其森林生态系统,4866.0,1981
六道,海南省,46132048,县市级,森林生态,环保部门,海南省,三亚市,水源涵养林、热带季雨林及野生动物,1233.73,19960325
洋浦鼻,海南省,46134037,县市级,海洋海岸,海洋部门,海南省,洋浦开发区,海洋自然景观,132.8,19920427
花场湾沿岸红树林,海南省,46134060,县市级,海洋海岸,海洋部门,海南省,澄迈县,红树林生态系统,150.0,19951201
福万水库,海南省,46136047,县市级,森林生态,水利部门,海南省,三亚市, 水源林,3325.0,1974
保国山,海南省,46137056,县市级,森林生态,环保部门,海南省,乐东黎族自治县,森林生态系统,181.4,19920828
猕猴洞,海南省,46137066,县市级,森林生态,国土部门,海南省,东方市, 热带雨林生态系统、溶洞,330.0,1986
海南东寨港,海南省,46411001,国家级,海洋海岸,林业部门,海南省,海口市美兰区,红树林生态系统及珍稀水禽,3337.0,19800103
海南清澜港,海南省,46421024,省级,海洋海岸,林业部门,海南省,文昌市,红树林生态系统,2948.0,19810925
海南三亚红树林,海南省,46431050,县市级,湿地生态,林业部门,海南省,三亚市,红树林,9230.0,1989
海南新英红树林,海南省,46431053,县市级,湿地生态,林业部门,海南省,儋州市,红树林,115.0,1993
沙河,海南省,46436034,县市级,湿地生态,水利部门,海南省,儋州市, 水源林及水资源,1174.0,1992
松涛,海南省,46436035,县市级,湿地生态,水利部门,海南省,儋州市, 水源林及水资源,31150.0,1992
春江水库水源,海南省,46436043,县市级,湿地生态,水利部门,海南省,儋州市, 水源,1008.0,1992
文澜江,海南省,46437046,县市级,湿地生态,国土部门,海南省,临高县, 河流生态系统,300.0,1986
海南铜鼓岭国家级珊瑚礁国家级自然保护区,海南省,46512007,国家级,海洋海岸,环保部门,海南省,文昌市,珊瑚礁、热带季雨矮林及野生动物,4400.0,19830101
海南三亚市国家级珊瑚礁国家级自然保护区,海南省,46514003,国家级,海洋海岸,海洋部门,海南省,三亚市,珊瑚礁及其生态系统,4000.0,1990
海南大洲岛国家级自然保护区,海南省,46514006,国家级,野生动物,海洋部门,海南省,万宁市,金丝燕及其生境、海洋生态系统,7000.0,19870801
儋州白蝶贝,海南省,46524015,省级,野生动物,海洋部门,海南省,儋州市,白蝶贝及海洋生态系统,29900.0,19830428
大东海珊瑚礁,海南省,46532044,县市级,海洋海岸,环保部门,海南省,三亚市, 珊瑚礁,14.0,1989
临高角,海南省,46537039,县市级,海洋海岸,国土部门,海南省,临高县, 珊瑚礁生态系统,3467.0,1986
彩桥红树林,海南省,46537059,县市级,海洋海岸,环保部门,海南省,临高县,红树林生态系统,350.0,19861201
临高珊瑚礁,海南省,46537062,县市级,海洋海岸,国土部门,海南省,临高县, 珊瑚礁生态系统及白蝶贝等,32400.0,1986
海南霸王岭,海南省,46611002,国家级,野生动物,林业部门,海南省,昌江黎族自治县、白沙黎族自治县,黑冠长臂猿及其生境,29980.0,19800129
海南大田,海南省,46611008,国家级,野生动物,林业部门,海南省,东方市,海南坡鹿及其生境,1314.0,19761009
海南邦溪,海南省,46621020,省级,野生动物,林业部门,海南省,白沙县,海南坡鹿,357.8,1981
海南南湾,海南省,46621031,省级,野生动物,林业部门,海南省,陵水县,猕猴,1026.0,1976
临高白蝶贝,海南省,46624009,省级,野生动物,海洋部门,海南省,临高县,白蝶贝及生境、珊瑚礁生态系统,34300.0,19830428
西、中、南沙群岛,海南省,46624013,省级,野生动物,海洋部门,海南省,海南省, 海龟、玳瑁、虎斑贝等,2400000.0,1983
海南西沙东岛白鲣鸟,海南省,46624017,省级,野生动物,海洋部门,海南省,西沙群岛,白鲣鸟及生境,100.0,19800101
海南名人山,海南省,46631054,县市级,野生动物,林业部门,海南省,文昌市,候鸟及其生态环境,735.0,2003
大东海火岭,海南省,46632045,县市级,野生动物,环保部门,海南省,三亚市,森林景观及野生稻、猕猴等动植物,75.0,19960325
屯昌白鹭鸟,海南省,46632065,县市级,野生动物,环保部门,海南省,屯昌县, 白鹭鸟及其生境,100.0,1986
三亚鲍鱼,海南省,46634036,县市级,野生动物,海洋部门,海南省,三亚市, 鲍鱼及其生境,67.0,1983
永兴鸟类,海南省,46637032,县市级,野生动物,环保部门,海南省,海口市琼山区,鸟类,10000.0,19880719
加连潭,海南省,46637041,县市级,野生动物,环保部门,海南省,澄迈县,白鹭及其生境,31.3,19901101
大花角,海南省,46637058,县市级,野生动物,环保部门,海南省,万宁市,猕猴及其生境,106.0,19840101
百仞滩声,海南省,46637061,县市级,野生动物,国土部门,海南省,临高县, 野生动物及自然景观,700.0,1986
屋基村白鹭,海南省,46638033,县市级,野生动物,其他部门,海南省,儋州市,白鹭及其生境,25.0,19920427
海南青皮林,海南省,46721028,省级,野生植物,林业部门,海南省,万宁市,青皮林及其森林生态系统,925.0,1981
琼海麒麟菜,海南省,46724011,省级,野生植物,海洋部门,海南省,琼海市,麒麟菜、江蓠、拟石花菜及其生境,2500.0,19830428
文昌麒麟菜,海南省,46724012,省级,野生植物,海洋部门,海南省,文昌市,麒麟菜、江蓠、拟石花菜、珊瑚及其生境,6500.0,19830428
毗耶灵石,海南省,46837038,县市级,地质遗迹,国土部门,海南省,临高县, 地质遗迹、地貌景观,1380.0,1986
多文岭,海南省,46837040,县市级,地质遗迹,国土部门,海南省,临高县, 地貌景观、文物古迹,675.0,1986
古银瀑布,海南省,46837042,县市级,地质遗迹,国土部门,海南省,临高县, 平川瀑布、野生动物,200.0,1986
白神头,海南省,46837049,县市级,地质遗迹,国土部门,海南省,儋州市, 地质地貌,15.0,1992
西华矿泉,海南省,46837055,县市级,地质遗迹,国土部门,海南省,儋州市, 地质遗迹及矿泉水水源,850.0,1992
海南龙门激浪,海南省,46837057,县市级,地质遗迹,国土部门,海南省,儋州市, 地质、遗迹,170.0,1992
蓝洋温泉,海南省,46837063,县市级,地质遗迹,国土部门,海南省,儋州市, 冷、热温泉水源,585.0,1992
英岛,海南省,46837064,县市级,地质遗迹,国土部门,海南省,儋州市, 地质遗迹,79.0,1992
黑神头,海南省,46837067,县市级,地质遗迹,国土部门,海南省,儋州市, 地貌景观,28.0,1992
亚龙湾青梅港,海南省,琼05,县市级,海洋海岸,林业部门,海南省,三亚市,红树林生态系统,156.0,19890101
三亚河红树林,海南省,琼07,县市级,海洋海岸,林业部门,海南省,三亚市,红树林生态系统,343.8,19890101
铁炉港红树林,海南省,琼06,县市级,海洋海岸,林业部门,海南省,三亚市,红树林,292.0,19991101
名人山鸟类,海南省,琼22,县市级,野生动物,其他部门,海南省,文昌市,鸟类及其生境,169.53,19970131
三亚珊瑚礁,海南省,琼03,国家级,海洋海岸,海洋部门,海南省,三亚市,珊瑚礁及其生态系统,8500.0,19900930
新英湾红树林,海南省,琼18,县市级,海洋海岸,林业部门,海南省,儋州市,红树林生态系统,115.4,19920427
邦溪坡鹿,海南省,琼39,省级,野生动物,林业部门,海南省,白沙黎族自治县,海南坡鹿及其生境,361.8,19761009
礼纪青皮林,海南省,琼26,省级,森林生态,林业部门,海南省,万宁市,青皮林,991.93,19800716
南湾猕猴,海南省,琼45,省级,野生动物,林业部门,海南省,陵水黎族自治县,猕猴及其生境,1026.0,19761009
儋州磷枪石岛珊瑚礁,海南省,琼15,县市级,海洋海岸,海洋部门,海南省,儋州市,珊瑚礁及其生态系统,131.0,19920427
茄新,海南省,琼25,省级,森林生态,林业部门,海南省,万宁市,热带季雨林,7588.0,19810925
东方黑脸琵鹭,海南省,琼32,省级,野生动物,林业部门,海南省,东方市,黑脸琵鹭及其生境,1429.0,20060518
猕猴岭,海南省,琼33,省级,森林生态,林业部门,海南省,东方市,热带雨林、溶洞,12215.33,20040723
保梅岭,海南省,琼41,省级,森林生态,林业部门,海南省,昌江黎族自治县,热带雨林,3844.3,20060518
西南中沙群岛,海南省,琼49,省级,野生动物,农业部门,海南省,西沙群岛、南沙群岛、中沙群岛的岛礁及其海域,海龟、玳瑁、虎斑贝、珊瑚礁、海鸟等,2400000.0,19830101
海南猴猕岭,海南省,46122068,---,---,---,海南省,,,0.0,0
海南琼海县白石岩林场,海南省,46000069,---,---,---,海南省,,,0.0,0
海南乐东,海南省,46000070,---,---,---,海南省,,,0.0,0
海南松涛水库,海南省,46000071,---,---,---,海南省,,,0.0,0
海南三亚,海南省,46000072,---,---,---,海南省,,,0.0,0
海南琼山,海南省,46837068,---,---,---,海南省,,,0.0,0
海南保亭,海南省,46837069,---,---,---,海南省,,,0.0,0
海南琼海,海南省,46837070,---,---,---,海南省,,,0.0,0
海南海口,海南省,46837071,---,---,---,海南省,,,0.0,0
海南万宁,海南省,46837072,---,---,---,海南省,,,0.0,0
海南屯昌,海南省,46837073,---,---,---,海南省,,,0.0,0
海南通什,海南省,46837074,---,---,---,海南省,,,0.0,0
海南岛西林场,海南省,46837075,---,---,---,海南省,,,0.0,0
海南琼中,海南省,46837076,---,---,---,海南省,,,0.0,0
海南雅林,海南省,46837077,---,---,---,海南省,,,0.0,0
海南保梅,海南省,46837078,---,---,---,海南省,,,0.0,0
海南兴隆,海南省,46837079,---,---,---,海南省,,,0.0,0
海南太平,海南省,46837080,---,---,---,海南省,,,0.0,0
海南定安,海南省,46837081,---,---,---,海南省,,,0.0,0
海南澄迈,海南省,46837082,---,---,---,海南省,,,0.0,0
湖北星斗山,湖北省,42111002,国家级,森林生态,林业部门,湖北省,利川市、咸丰县、恩施市,中亚热带森林生态系统珙桐、水杉等珍稀植物,68339.0,19811218
湖北后河,湖北省,42111003,国家级,森林生态,林业部门,湖北省,五峰县,中亚热带森林生态系统,40964.0,1985
湖北神农架,湖北省,42111005,国家级,森林生态,林业部门,湖北省,神农架林区,亚热带森林生态系统及金丝猴、珙桐等珍稀动植物,70467.0,19860709
湖北木林子,湖北省,42121008,国家级,森林生态,林业部门,湖北省,鹤峰县,中亚热带森林生态系统及珙桐、香果树等珍稀植物,20838.0,19830101
湖北堵河源,湖北省,42121009,国家级,野生动物,林业部门,湖北省,十堰市竹山县,林麝及北亚热带森林生态系统,47173.0,19870101
湖北七姊妹山,湖北省,42121014,国家级,森林生态,林业部门,湖北省,宣恩县,中亚热带森林生态系统、珙桐等珍稀植物及其生境,34550.0,19900301
湖北九宫山,湖北省,42121015,国家级,森林生态,林业部门,湖北省,通山县,中亚热带森林生态系统,16608.7,19810201
湖北赛武当,湖北省,42121016,国家级,森林生态,林业部门,湖北省,十堰市茅箭区,北亚热带森林生态系统及巴山松、铁杉群落,21203.0,19870101
湖北十八里长峡,湖北省,42121017,国家级,森林生态,林业部门,湖北省,十堰市竹溪县,北亚热带森林生态系统及珍稀野生动植物,25604.95,19881001
湖北野生腊梅,湖北省,42131030,县市级,森林生态,林业部门,湖北省,保康县,野生腊梅,2800.0,1985
湖北红豆杉,湖北省,42131032,县市级,森林生态,林业部门,湖北省,保康县,珍稀植物原生地,4000.0,2003
湖北刺滩沟野生腊梅,湖北省,42131033,县市级,野生植物,林业部门,湖北省,保康县,野生腊梅及其生境,800.0,20030901
湖北鹫峰,湖北省,42131036,县市级,野生植物,林业部门,湖北省,保康县,马尾松天然林,134.0,19900215
湖北五道峡,湖北省,42131038,省级,森林生态,林业部门,湖北省,保康县,亚热带森林生态系统及香果树、大鲵等珍稀野生动植物,20816.0,19900213
湖北大贵寺,湖北省,42131042,县市级,森林生态,林业部门,湖北省,广水市,北亚热带森林生态系统及珍稀物种,5300.0,20020525
湖北大洪山银杏,湖北省,42131048,县市级,野生植物,林业部门,湖北省,随州市曾都区,古银杏群落,16000.0,19920101
湖北洪湖湿地,湖北省,42421018,省级,湿地生态,林业部门,湖北省,洪湖市,淡水湖泊湿地生态系统,37088.0,19960101
湖北梁子湖湿地,湖北省,42421019,省级,湿地生态,林业部门,湖北省,鄂州市,淡水湖泊生态系统及珍稀水禽,37946.3,20010101
湖北龙感湖,湖北省,42421020,国家级,湿地生态,林业部门,湖北省,黄冈市黄梅县,淡水湖泊生态系统、湿地生态系统及白头鹤等珍禽,22322.0,19880101
湖北木兰山湿地,湖北省,42431023,县市级,湿地生态,林业部门,湖北省,武汉黄陂区,黄嘴白鹭,3200.0,2001
湖北涨渡湖湿地,湖北省,42431024,县市级,湿地生态,林业部门,湖北省,武汉市新洲区,"淡水湖泊生态系统
湿地水禽、水生动植物",18500.0,20040728
湖北乐园,湖北省,42431026,县市级,湿地生态,林业部门,湖北省,长阳县,珙桐等珍稀野生动植物,1140.0,1980
湖北网湖湿地,湖北省,42431040,县市级,湿地生态,林业部门,湖北省,黄石市阳新县,淡水湖泊生态系统及珍稀水禽,20495.0,20010101
湖北沉湖湿地,湖北省,42431041,省级,野生动物,林业部门,湖北省,武汉市蔡甸区,"淡水湖泊生态系统及其珍稀水禽
白鹳、黑鹳等珍稀水禽",11579.1,19940113
湖北丹江口库区湿地,湖北省,42431045,省级,湿地生态,林业部门,湖北省,十堰市丹江口市、郧县、郧西县,湿地生态系统、水源涵养林,45103.0,20030318
湖北梨花湖,湖北省,42431046,县市级,湿地生态,林业部门,湖北省,老河口市,"淡水湖泊生态系统及珍稀水禽
野生动植物",4200.0,20030928
湖北天鹅洲麋鹿国家级自然保护区,湖北省,42612004,国家级,野生动物,环保部门,湖北省,石首市,麋鹿,1567.0,1998
湖北天鹅洲故道白暨豚国家级自然保护区,湖北省,42613006,国家级,野生动物,农业部门,湖北省,石首市,白暨豚,2000.0,1992
湖北长江新螺段白暨豚国家级自然保护区,湖北省,42613007,国家级,野生动物,农业部门,湖北省,洪湖市境内长江新滩口至螺山段,白暨豚,13500.0,1992
长江宜昌中华鲟,湖北省,42623011,省级,野生动物,农业部门,湖北省,宜昌市,中华鲟及其生境,8000.0,19960401
万江河大鲵,湖北省,42626010,省级,野生动物,农业部门,湖北省,十堰市竹溪县,大鲵及生境,780.0,19890701
忠建河大鲵,湖北省,42626013,省级,野生动物,水利部门,湖北省,咸丰县, 大鲵及其生境,264.0,1990
湖北武当山,湖北省,42631027,县市级,野生动物,林业部门,湖北省,十堰市丹江口市,北亚热带森林生态系统,79523.0,19900101
湖北七里山,湖北省,42631034,县市级,森林生态,林业部门,湖北省,南漳县,"北亚热带森林生态系统及野生动植物
白鹳、红腹锦鸡、大鲵",807.0,20030928
湖北金牛洞,湖北省,42631035,县市级,野生动物,林业部门,湖北省,南漳县,北亚热带森林生态系统及野生动植物,7000.0,20030928
湖北薤山,湖北省,42631037,县市级,野生动物,林业部门,湖北省,谷城县,野生动植物,3557.0,2003
湖北长北山,湖北省,42631043,县市级,野生动物,林业部门,湖北省,宜城市,斑羚、红腹锦鸡、小麂,12560.0,2003
湖北香水河,湖北省,42631044,县市级,森林生态,林业部门,湖北省,南漳县,北亚热带森林生态系统、湿地生态系统及珍稀物种,11000.0,20030928
湖北将军寨,湖北省,42731021,县市级,野生植物,林业部门,湖北省,神农架林区,森林植被及自然景观,634.0,1987
湖北崩尖子,湖北省,42731022,省级,森林生态,林业部门,湖北省,长阳土家族自治县,"中亚热带森林生态系统及珍稀物种
珙桐、林麝等珍稀动植",13500.0,19880101
湖北大堰,湖北省,42731028,县市级,森林生态,林业部门,湖北省,远安县茅坪镇,马尾松林,54.0,19860301
湖北燕子垭,湖北省,42731031,县市级,野生植物,林业部门,湖北省,神农架林区,森林植被及自然景观,3333.0,1987
湖北刘享寨,湖北省,42731039,县市级,野生植物,林业部门,湖北省,神农架林区,森林植被及自然景观,1634.0,1987
湖北红岩岭,湖北省,42731047,县市级,野生植物,林业部门,湖北省,神农架林区,森林植被及自然景观,333.0,1987
湖北杉树坪,湖北省,42731049,县市级,野生植物,林业部门,湖北省,神农架林区,森林植被及自然景观,100.0,1987
湖北摩天岭,湖北省,42731050,县市级,野生植物,林业部门,湖北省,神农架林区,森林植被及自然景观,66.0,1987
湖北红坪画廊,湖北省,42731051,县市级,野生植物,林业部门,湖北省,神农架林区,森林植被及自然景观,1033.0,1987
安陆银杏,湖北省,42732025,县市级,野生植物,环保部门,湖北省,安陆市,古银杏群落,5600.0,19891113
西陵峡震旦系地质剖面,湖北省,42827012,省级,地质遗迹,国土部门,湖北省,宜昌县, 震旦系地质剖面,300.0,1986
湖北青龙山恐龙蛋化石群国家级自然保护区,湖北省,42917001,国家级,古生物遗迹,国土部门,湖北省,十堰市郧县,恐龙蛋化石群,205.25,19970113
梅铺恐龙化石,湖北省,42937029,县市级,古生物遗迹,国土部门,湖北省,郧县, 恐龙化石、古生物遗迹,400.0,1990
西陵峡震旦纪地质剖面,湖北省,鄂18,省级,地质遗迹,国土部门,湖北省,宜昌市夷陵区,震旦纪地质剖面,300.0,19860901
木兰湖岛湿地,湖北省,鄂04,县市级,湿地生态,林业部门,湖北省,武汉市黄陂区,鹭科鸟类及湿地生态系统,333.3,19980601
长江天鹅洲白鱀豚,湖北省,鄂41,国家级,野生动物,农业部门,湖北省,石首市,白鱀豚、江豚及其生境,2000.0,19901201
长江新螺段白鱀豚,湖北省,鄂42,国家级,野生动物,农业部门,湖北省,洪湖市、赤壁市、嘉鱼县,白鱀豚、江豚、中华鲟及其生境,13500.0,19870101
石首麋鹿,湖北省,鄂40,国家级,野生动物,环保部门,湖北省,石首市,野生麋鹿及其生境,1567.0,19911101
五峰后河,湖北省,鄂23,国家级,森林生态,林业部门,湖北省,五峰土家族自治县,中亚热带森林生态系统及珙桐等珍稀动植物,10340.0,19850101
咸丰忠建河大鲵,湖北省,鄂59,国家级,野生动物,农业部门,湖北省,咸丰县,大鲵及其生境,1043.3,19940801
保康野生腊梅,湖北省,鄂31,县市级,野生植物,环保部门,湖北省,保康县,野生腊梅及其生境,2800.0,19860501
上涉湖湿地,湖北省,鄂03,县市级,湿地生态,林业部门,湖北省,武汉市江夏区,淡水湖泊生态系统,4148.75,20060320
武湖湿地,湖北省,鄂01,县市级,湿地生态,林业部门,湖北省,武汉市汉南区,淡水湖泊生态系统,3293.36,20060204
草湖,湖北省,鄂05,县市级,湿地生态,林业部门,湖北省,武汉市黄陂区,淡水湖泊生态系统及珍稀禽类,1148.2,20060508
大老岭,湖北省,鄂19,省级,森林生态,林业部门,湖北省,宜昌市夷陵区,森林生态系统,14225.0,20011121
三峡万朝山,湖北省,鄂21,省级,森林生态,林业部门,湖北省,兴山县,中亚热带森林生态系统及珍稀物种,20986.0,20001201
漳河源,湖北省,鄂27,省级,森林生态,林业部门,湖北省,南漳县,中亚热带森林生态系统及珍稀物种,10265.6,20020701
南河,湖北省,鄂28,省级,森林生态,林业部门,湖北省,谷城县,北亚热带森林生态系统及野生动植物,14834.0,20030928
湖北枣阳兰科植物资源,湖北省,鄂34,县市级,野生植物,林业部门,湖北省,枣阳市,兰科植物及其生境,16650.0,20030901
熊河水系湿地,湖北省,鄂35,县市级,湿地生态,林业部门,湖北省,枣阳市,湿地生态系统及河流生态系统,23333.0,20030901
宜城长北山,湖北省,鄂36,县市级,森林生态,林业部门,湖北省,宜城市,北亚热带森林生态系统,12560.0,20030928
长湖湿地,湖北省,鄂38,县市级,湿地生态,林业部门,湖北省,荆门市沙洋县、荆州市荆州区、沙市区,淡水湖泊生态系统,8470.0,20011211
龙王井化石地质遗迹,湖北省,鄂44,县市级,古生物遗迹,国土部门,湖北省,松滋市,鱼化石,50.0,20010913
洈水溶洞温泉地质遗迹,湖北省,鄂45,县市级,地质遗迹,国土部门,湖北省,松滋市,溶洞、温泉自然景观,1000.0,20010101
西凉湖,湖北省,鄂48,县市级,湿地生态,农业部门,湖北省,咸宁市嘉鱼、赤壁,水生种质资源,8000.0,20100805
隐水洞,湖北省,鄂49,县市级,地质遗迹,国土部门,湖北省,通山县,岩溶景观,250.0,20020101
梭步垭石林,湖北省,鄂53,县市级,地质遗迹,国土部门,湖北省,恩施市,岩溶景观,1000.0,20000101
见天坝,湖北省,鄂54,县市级,古生物遗迹,国土部门,湖北省,利川市,生物礁灰岩,1.0,20040101
神农溪,湖北省,鄂56,省级,森林生态,林业部门,湖北省,巴东县,中亚热带森林生态系统及珍金丝猴等珍稀物种,10150.0,20020101
大九湖湿地,湖北省,鄂64,省级,湿地生态,林业部门,湖北省,神农架林区,北亚热带亚高山沼泽湿地生态系统及珍稀物种,9320.0,20030101
橄榄蛏蚌,湖北省,鄂63,县市级,野生动物,农业部门,湖北省,天门市,橄榄蛏蚌,800.0,20060101
古架山,湖北省,鄂61,县市级,野生植物,林业部门,湖北省,来凤县,古杨梅群落及其生境,14753.0,20020816
老板沟,湖北省,鄂60,县市级,森林生态,林业部门,湖北省,来凤县,中亚热带森林生态系统及珍稀物种,8250.0,20020816
湖北二仙岩湿地省级自然保护区,湖北省,42421052,省级,湿地生态,林业部门,湖北省,咸丰县,湖泊湿地和亚高山沼泽湿地,5404.0,2004
湖北郧西五龙河省级自然保护区,湖北省,42121053,省级,森林生态,林业部门,湖北省,十堰市郧西县,中亚热带森林生态系统及珍稀物种,15121.0,20040501
湖北大别山省级自然保护区,湖北省,42121054,省级,森林生态,林业部门,湖北省,英山县和罗田县,森林生态系统、珍稀野生动植物及其栖息地,16048.2,2003
湖北野人谷省级自然保护区,湖北省,42121055,省级,森林生态,林业部门,湖北省,房县,北亚热带森林生态系统及珍稀树种,28517.0,20030805
湖南小溪,湖南省,43111001,国家级,森林生态,林业部门,湖南省,永顺县,珙桐、南方红豆杉等珍稀植物,24800.0,19820101
湖南炎陵桃源洞,湖南省,43111002,国家级,森林生态,林业部门,湖南省,炎陵县,资源冷杉、银杉、云豹、藏酋猴及森林生态系统,23786.0,19820101
湖南八大公山,湖南省,43111003,国家级,森林生态,林业部门,湖南省,桑植县,"亚热带森林及南方红豆杉、伯乐树等珍稀濒危野生动植物
南方红豆杉,伯乐树等",20000.0,19860709
湖南黄桑,湖南省,43111004,国家级,森林生态,林业部门,湖南省,绥宁县,"森林生态系统及红豆杉、伯乐树、铁杉、大鲵等珍稀动植物
红豆杉、佰乐、银杏等",12590.0,19820403
湖南壶瓶山,湖南省,43111005,国家级,森林生态,林业部门,湖南省,石门县,"森林及云豹等珍稀动物
珙桐、光叶珙桐等",40847.0,19820405
湖南莽山,湖南省,43111006,国家级,森林生态,林业部门,湖南省,宜章县,"南亚热带常绿阔叶林及珍稀动植物
南方红豆杉,伯乐树等",19833.0,19820101
湖南都庞岭,湖南省,43111007,国家级,森林生态,林业部门,湖南省,永州市,林麝、白颈长尾雉等,20066.0,1982
湖南鹰嘴界,湖南省,43111008,国家级,森林生态,林业部门,湖南省,会同县,"亚热带森林植被及南方红豆杉、野生动物
南方红豆杉、银杏等",15900.0,19980101
湖南乌云界国家级自然保护区,湖南省,43112009,国家级,森林生态,环保部门,湖南省,桃源县,"森林生态系统及大型猫科动物
银杏、水杉、伯乐树、华南虎、金钱豹、云豹等国家珍稀保护植物和重点保护野生植物",33818.0,19980501
湖南花岩溪,湖南省,43121012,省级,森林生态,林业部门,湖南省,常德市,"森林及珍贵动物
南方红豆杉,伯乐树等",4032.0,20001201
湖南索溪峪,湖南省,43121013,省级,森林生态,林业部门,湖南省,张家界市,"森林及珙桐、猕猴、砂岩峰林地貌
林麝、白颈长尾雉等",3931.0,19820409
湖南九嶷山,湖南省,43121014,国家级,森林生态,林业部门,湖南省,宁远县,"斑竹林及森林生态系统
林麝、猕猴等",3648.0,19820427
湖南紫云山,湖南省,43121015,省级,森林生态,林业部门,湖南省,新宁县,银杉、佰乐、红腹角雉等,3574.0,1982
湖南云山,湖南省,43121016,省级,森林生态,林业部门,湖南省,武冈市,云山佰乐、红花莲,3110.0,1982
湖南阳明山,湖南省,43121017,国家级,森林生态,林业部门,湖南省,双牌县,"森林及黄杉、红豆杉等珍贵植物
林麝、白颈长尾雉等",12795.0,19840101
湖南洛塔,湖南省,43121018,省级,野生植物,林业部门,湖南省,龙山县,水杉及其生境,4333.3,19840509
湖南南岳衡山,湖南省,43121019,国家级,森林生态,林业部门,湖南省,衡阳市,"野生动植物、濒危动植物
绒毛皂荚，南方红豆杉等",11991.6,19840509
湖南天子山,湖南省,43121020,省级,森林生态,林业部门,湖南省,张家界市,"森林及珙桐、猕猴、砂岩峰林地貌
林麝、白颈长尾雉等",5500.0,19840509
湖南新宁舜皇山,湖南省,43121021,省级,森林生态,林业部门,湖南省,新宁县,红豆杉、佰乐等,3533.0,1984
湖南张家界,湖南省,43121023,省级,森林生态,林业部门,湖南省,张家界市,"森林及珙桐、猕猴、砂岩峰林地貌
林麝、白颈长尾雉等",4800.0,19820409
湖南安化红岩,湖南省,43121024,省级,森林生态,林业部门,湖南省,安化县,森林及野生动植物,8960.0,19990108
湖南康龙,湖南省,43121025,省级,森林生态,林业部门,湖南省,中方县,南方红豆杉、伯乐树等,5561.0,1996
湖南六步溪,湖南省,43121026,国家级,森林生态,林业部门,湖南省,安化县,中亚热带中低山阔叶林、青檀、榉木及白颈长尾雉,14239.0,19990426
湖南两头羊,湖南省,43121027,省级,森林生态,林业部门,湖南省,凤凰县,森林生态系统及国家重点保护动植物,8838.0,20020408
湖南九重岩,湖南省,43121028,省级,森林生态,林业部门,湖南省,凤凰县,"常绿阔叶林生态系统
森林生态系统及国家重点保护动植物",8500.0,20020408
湖南高望界,湖南省,43121030,国家级,森林生态,林业部门,湖南省,古丈县,"常绿阔叶林生态系统
红豆杉、伯乐树等",17169.8,19930901
湖南借母溪,湖南省,43121031,国家级,森林生态,林业部门,湖南省,沅陵县,"森林生态系统及榉木、楠木等珍稀植物
银杏、榉木、楠木等",13041.0,19980101
湖南八面山,湖南省,43121034,国家级,森林生态,林业部门,湖南省,桂东县,森林及银杉、水鹿、黄腹角雉等珍稀动植物,10974.0,19820409
湖南东安舜皇山,湖南省,43121041,国家级,森林生态,林业部门,湖南省,东安县,亚热带常绿阔叶林及资源冷杉、伯乐树、南方红豆杉、华南五针松、林麝、黄腹角雉、白颈长尾雉等珍稀物种,14311.0,19840509
湖南大远源口,湖南省,43121042,省级,森林生态,林业部门,湖南省,江永县,"森林生态系统
林麝、白颈长尾雉等",5527.0,19840509
湖南大围山,湖南省,43121043,省级,森林生态,林业部门,湖南省,浏阳市,南亚热带中山、中低山植被群落及珍稀濒危动植物,5220.0,1982
乌云界,湖南省,43122035,省级,森林生态,环保部门,湖南省,桃源县, 森林生态系统及大型猫科动物,41160.0,1998
花岩溪,湖南省,43122036,省级,森林生态,环保部门,湖南省,常德市鼎城区, 森林及珍贵动物,4302.0,1997
猛洞河,湖南省,43122038,省级,森林生态,其他部门,湖南省,永顺县,次生林、珍稀动植物,10000.0,19910201
湖南赤石库域,湖南省,43131044,县市级,森林生态,林业部门,湖南省,湘乡市,森林生态系统及国家重点保护野生动植物,4666.7,2002
湖南龙山小河沟,湖南省,43131045,县市级,森林生态,林业部门,湖南省,龙山县,森林生态系统,5800.0,20040701
湖南杨家界,湖南省,43131046,县市级,森林生态,林业部门,湖南省,张家界市武陵源区,"森林生态系统
林麝、白颈长尾雉等",3400.0,20010101
湖南齐心金雕,湖南省,43131047,县市级,野生动物,林业部门,湖南省,吉首市,金雕、猕猴及森林生态系统,13346.7,20000309
湖南水府庙,湖南省,43131048,县市级,森林生态,林业部门,湖南省,湘乡市,森林生态系统及国家重点保护野生动植物,25866.7,2002
湖南七眼泉,湖南省,43131049,县市级,野生动物,林业部门,湖南省,桑植县,"大鲵及其生境
黑熊、穿山甲、大鲵等",464.0,20010930
湖南八仙湖,湖南省,43131050,县市级,湿地生态,林业部门,湖南省,吉首市,"湿地和森林生态系统
森林生态系统及国家重点保护野生动植物",7033.3,20000309
湖南龙山,湖南省,43131051,县市级,森林生态,林业部门,湖南省,新邵县,兰科植物,3600.0,2002
湖南大义山,湖南省,43131052,省级,森林生态,林业部门,湖南省,常宁市,"森林及野生动植物
蓖子三尖杉、河麂等",11431.0,20010621
湖南龙底,湖南省,43131053,县市级,森林生态,林业部门,湖南省,通道县,森林生态系统及国家重点保护野生动植物,21867.0,2000
湖南大熊山,湖南省,43131054,县市级,森林生态,林业部门,湖南省,新化县,银杏、南方红豆杉等,7623.0,2001
湖南便江—注江,湖南省,43131055,县市级,森林生态,林业部门,湖南省,永兴县,森林资源、野生动植物、丹霞地貌,18180.0,20010801
湖南泥溪垅,湖南省,43131056,县市级,森林生态,林业部门,湖南省,麻阳苗族自治县,银杏、榉木、鹅掌楸等,867.0,20030305
湖南河佰岭,湖南省,43131057,县市级,森林生态,林业部门,湖南省,邵阳县,森林生态系统及国家重点保护野生动植物,2900.0,2000
湖南雪峰山,湖南省,43131058,县市级,森林生态,林业部门,湖南省,洪江市,"天然阔叶林、珍稀野生动植物
南方红豆杉、银杏等",12341.0,20010401
湖南岐山,湖南省,43131059,县市级,森林生态,林业部门,湖南省,衡南县,"次生阔叶林
榉木、银杏、南方红豆杉",1826.0,19970401
湖南吕洞山,湖南省,43131060,县市级,森林生态,林业部门,湖南省,保靖县,森林生态系统及猕猴、云杉等国家重点保护野生动植物,17000.0,19990312
湖南巴斗山,湖南省,43131061,县市级,森林生态,林业部门,湖南省,泸溪县,森林生态系统及国家重点保护野生动植物,7700.0,1998
湖南高岩河,湖南省,43131062,县市级,湿地生态,林业部门,湖南省,花垣县,森林生态系统及国家重点保护野生动植物,7530.0,19980820
湖南屏风界,湖南省,43131063,县市级,森林生态,林业部门,湖南省,隆回县,候鸟,3600.0,2001
湖南万民岗,湖南省,43131065,县市级,森林生态,林业部门,湖南省,永顺县,森林生态系统及野生动植物,20610.0,20000518
湖南牙溪,湖南省,43131066,县市级,森林生态,林业部门,湖南省,麻阳苗族自治县,"天然针阔叶混交林
森林生态系统及国家重点保护野生动植物",142.0,20030305
湖南麻阳西晃山,湖南省,43131067,县市级,森林生态,林业部门,湖南省,麻阳县,森林生态系统及国家重点保护野生动植物,631.0,2003
湖南芷江西晃山,湖南省,43131068,县市级,森林生态,林业部门,湖南省,芷江侗族自治县,"森林及野生动植物
森林生态系统及国家重点保护野生动植物",4084.0,20030305
湖南柏林,湖南省,43131070,县市级,森林生态,林业部门,湖南省,凤凰县,森林生态系统及国家重点保护野生动植物,75.0,20040401
湖南东台山,湖南省,43131071,县市级,森林生态,林业部门,湖南省,湘乡市,森林生态系统及国家重点保护野生动植物,3333.3,2002
湖南酒埠江,湖南省,43131072,县市级,森林生态,林业部门,湖南省,攸县,森林生态系统及国家重点保护野生动植物,3000.0,2001
湖南岱朝山,湖南省,43131073,县市级,森林生态,林业部门,湖南省,泸溪县,森林生态系统及国家重点保护野生动植物,8300.0,20030101
湖南都罗,湖南省,43131075,县市级,森林生态,林业部门,湖南省,凤凰县,森林生态系统及国家重点保护野生动植物,257.0,20040401
湖南桃花江,湖南省,43131076,县市级,森林生态,林业部门,湖南省,桃江县,"森林及野生动植物
森林生态系统及国家重点保护野生动植物",5110.0,20000601
湖南白泥合水,湖南省,43131077,县市级,森林生态,林业部门,湖南省,凤凰县,森林生态系统及国家重点保护野生动植物,358.0,20040401
湖南早岗,湖南省,43131079,县市级,森林生态,林业部门,湖南省,凤凰县,森林生态系统及国家重点保护野生动植物,336.48,20040401
湖南古夜郎,湖南省,43131080,县市级,野生植物,林业部门,湖南省,新晃侗族自治县,"南方红豆杉
森林生态系统及国家重点保护野生动植物",2375.0,20031231
湖南新光黄茅坪,湖南省,43131081,县市级,森林生态,林业部门,湖南省,凤凰县,森林生态系统及国家重点保护野生动植物,526.7,20040401
湖南皮渡河,湖南省,43131082,县市级,湿地生态,林业部门,湖南省,龙山县,锦鸡、大鲵、兰草等国家重点保护野生动植物,3162.0,20000519
湖南沙角洞,湖南省,43131085,县市级,森林生态,林业部门,湖南省,城步县,银杉、红豆杉,500.0,1985
湖南顶寮,湖南省,43131086,县市级,森林生态,林业部门,湖南省,资兴市,银杉,952.5,1985
湖南米粮洞,湖南省,43131087,县市级,森林生态,林业部门,湖南省,溆浦县,银杏、榉木、楠木等,1000.0,1988
湖南五龙坛,湖南省,43131088,县市级,森林生态,林业部门,湖南省,靖州县,银杏、榉木、鹅掌楸等,3200.0,1998
湖南圣人山,湖南省,43131089,县市级,森林生态,林业部门,湖南省,溆浦县,"森林及珍稀动植物
银杏、榉木、鹅掌楸点保护动植物",3577.0,19930901
湖南仙姑山,湖南省,43131090,县市级,野生动物,林业部门,湖南省,平江县,珍稀动物草鸮及其生境,287.3,19830825
湖南排牙山,湖南省,43131091,县市级,森林生态,林业部门,湖南省,靖州县,榉木、鹅掌楸、楠木等,362.0,1998
湖南保靖白云山,湖南省,43131093,国家级,森林生态,林业部门,湖南省,保靖县,珙桐、南方红豆杉等,17555.0,19980902
湖南大绕坡,湖南省,43131095,县市级,森林生态,林业部门,湖南省,龙山县,森林生态系统,734.0,20020808
湖南莲台山,湖南省,43131096,县市级,森林生态,林业部门,湖南省,花垣县,森林生态系统及国家重点保护野生动植物,8533.3,19980820
湖南明竹老山,湖南省,43131100,县市级,森林生态,林业部门,湖南省,城步县,红豆杉、竹节人参,667.0,1981
湖南花垣摩天岭,湖南省,43131102,县市级,森林生态,林业部门,湖南省,花垣县,森林及金雕、金猫、南方红豆杉,10900.0,19980820
湖南古苗河,湖南省,43131103,县市级,湿地生态,林业部门,湖南省,花垣县,"野生动植物
森林生态系统及自然风景",11000.0,19980820
湖南天桥山,湖南省,43131104,省级,森林生态,林业部门,湖南省,泸溪县,"白颈长尾雉、白冠长尾雉、榉木等濒危物种
森林生态系统及国家重点保护野生动植物",13878.0,19980917
湖南挪溪,湖南省,43131105,县市级,森林生态,林业部门,湖南省,洞口县,红豆杉、榉木、银杏,29800.0,1986
湖南五尖山,湖南省,43131106,县市级,森林生态,林业部门,湖南省,临湘市,白鹇、锦鸡、穿山甲等,1810.0,1996
湖南幕阜山,湖南省,43131107,省级,森林生态,林业部门,湖南省,平江县,"森林生态系统
云豹、金雕、穿山甲等",7733.8,19950101
湖南回龙圩,湖南省,43131108,县市级,森林生态,林业部门,湖南省,永州市,"野生动植物
亚热带常绿阔叶林",1999.0,19900101
湖南秀峰岭,湖南省,43131109,县市级,森林生态,林业部门,湖南省,新田县,"次生林及珍稀动植物
亚热带常绿阔叶林",3333.0,19910827
湖南大龙山,湖南省,43131110,县市级,森林生态,林业部门,湖南省,江华县,亚热带常绿阔叶林,8666.0,1991
湖南龙泊,湖南省,43131111,县市级,森林生态,林业部门,湖南省,双牌县,亚热带常绿阔叶林,667.0,1990
湖南板塘,湖南省,43131112,县市级,森林生态,林业部门,湖南省,蓝山县,"斑竹林及森林生态系统
亚热带常绿阔叶林",7300.0,19880101
湖南观音滩,湖南省,43131113,县市级,森林生态,林业部门,湖南省,祁阳县,亚热带常绿阔叶林,40.0,1987
湖南回龙洲,湖南省,43131114,县市级,森林生态,林业部门,湖南省,洞口县,香樟、银杏等,32.0,1986
湖南天门山,湖南省,43131115,县市级,森林生态,林业部门,湖南省,张家界市,"次生林、珍稀动植物
林麝、白颈长尾雉等",3037.0,19860506
湖南大江林场,湖南省,43131116,县市级,森林生态,林业部门,湖南省,祁阳县,亚热带常绿阔叶林及野生动物,7733.0,19910718
湖南东洞庭湖,湖南省,43411011,国家级,湿地生态,林业部门,湖南省,岳阳市,"湿地生态系统及珍稀水禽
白鳍豚、江豚、白鹤等",190000.0,19841101
湖南江口鸟洲,湖南省,43421022,省级,野生动物,林业部门,湖南省,衡南县,"鸟类及栖息环境
白颧、白鹇、鸳鸯等",210.0,19840509
湖南横岭湖,湖南省,43421029,省级,湿地生态,林业部门,湖南省,湘阴县,"湿地生态系统及珍稀鸟类
白鹤、白头鹤等",43000.0,20020815
湖南南洞庭湖,湖南省,43421033,省级,湿地生态,林业部门,湖南省,沅江市,湿地生态系统及其生物,168000.0,1997
湖南西洞庭湖,湖南省,43421040,国家级,湿地生态,林业部门,湖南省,汉寿县,"湿地生态系统及野生动植物
湿地、水禽及栖息地",35680.0,19980114
湖南印家界,湖南省,43431084,县市级,森林生态,林业部门,湖南省,龙山县,森林生态系统,10795.0,19990818
湖南湖里,湖南省,43431101,县市级,野生植物,林业部门,湖南省,茶陵县,野生稻、长喙毛茛泽泻及其生境,96.0,20021220
张家界大鲵国家级自然保护区,湖南省,43613010,国家级,野生动物,农业部门,湖南省,张家界市武陵源区,以大鲵为主的珍稀动物,14285.0,1996
湖南祁阳小鲵,湖南省,43621032,省级,野生动物,林业部门,湖南省,祁阳县,小鲵等珍稀野生动物,6060.0,20040320
集成麋鹿,湖南省,43622037,省级,野生动物,环保部门,湖南省,华容县,麋鹿及其生境,2460.0,20001027
木子山,湖南省,43632099,县市级,野生动物,环保部门,湖南省,安仁县,白鹭、猫头鹰、古樟树、檀香树等珍稀动植物,100.0,19931123
湖南都桐,湖南省,43731064,县市级,森林生态,林业部门,湖南省,凤凰县,森林生态系统及国家重点保护野生动植物,174.0,20040401
湖南白果,湖南省,43731069,县市级,野生植物,林业部门,湖南省,凤凰县,"森林生态系统及国家重点保护野生动植物
银杏",82.0,20040401
湖南麻良,湖南省,43731074,县市级,森林生态,林业部门,湖南省,凤凰县,"森林生态系统及国家重点保护野生动植物
珍稀乡土树种",142.17,20040401
湖南关田山,湖南省,43731078,县市级,森林生态,林业部门,湖南省,凤凰县,"森林生态系统及国家重点保护野生动植物
珍稀乡土树种",89.0,20040401
湖南黄栗,湖南省,43731083,县市级,森林生态,林业部门,湖南省,凤凰县,"森林生态系统及国家重点保护野生动植物
珍稀乡土树种",289.0,20040401
通道万佛山,湖南省,43822039,省级,地质遗迹,环保部门,湖南省,通道侗族自治县,丹霞地貌`,9435.0,19981025
波月洞,湖南省,43838092,县市级,地质遗迹,其他部门,湖南省,冷水江市, 地质景观,30.0,1987
火岩,湖南省,43838094,县市级,地质遗迹,其他部门,湖南省,龙山县,溶洞群,141.0,19870501
羊角塘岩洞,湖南省,43838097,县市级,地质遗迹,其他部门,湖南省,祁阳县,岩洞群,1800.0,19910718
木子圩岩洞,湖南省,43838098,县市级,地质遗迹,其他部门,湖南省,祁阳县,岩洞,13.0,19871103
鸭婆洲,湖南省,湘60,县市级,森林生态,其他部门,湖南省,祁阳县,自然风景林,40.0,19871103
内下林场,湖南省,湘64,县市级,森林生态,林业部门,湖南省,祁阳县,自然风景林,1800.0,19910718
人民电站,湖南省,湘62,县市级,森林生态,水利部门,湖南省,祁阳县,自然风景林,133.0,19871103
小金洞,湖南省,湘63,县市级,森林生态,其他部门,湖南省,祁阳县,自然风景林,633.0,19871103
浮邱山,湖南省,湘47,县市级,森林生态,林业部门,湖南省,桃江县,森林及野生动植物,1200.0,20010801
隐山,湖南省,湘06,县市级,森林生态,林业部门,湖南省,湘潭县,森林生态系统,4555.5,20050101
永州都庞岭,湖南省,湘76,国家级,森林生态,林业部门,湖南省,道县,森林生态系统、林麝、白颈长尾雉等野生动植物,20066.4,19820101
湖南舜皇山,湖南省,湘20,国家级,森林生态,林业部门,湖南省,新宁县,亚热带常绿阔叶林及银杉、资源冷杉等动植,21719.8,19820401
南洞庭湖湿地,湖南省,湘46,省级,湿地生态,林业部门,湖南省,益阳市,湿地生态系统及水禽,168000.0,19910714
兰岗山米粮洞,湖南省,湘85,县市级,森林生态,林业部门,湖南省,溆浦县,森林及珍稀动植物,1000.0,19851101
武冈云山,湖南省,湘23,省级,森林生态,林业部门,湖南省,武冈市,森林生态系统及珍稀野生动植物,952.0,19820409
沙角洞银杉,湖南省,湘22,县市级,野生植物,林业部门,湖南省,城步苗族自治县,银杉、长苞铁杉等珍稀植物,546.66,19810126
顶辽银杉,湖南省,湘57,省级,野生植物,林业部门,湖南省,资兴市,银杉群落及其生境,953.0,19860101
浏阳大围山,湖南省,湘02,省级,森林生态,林业部门,湖南省,浏阳市,南亚热带中山、中低山植被群落及珍稀濒危动植物,5220.0,19820409
金童山,湖南省,湘21,省级,森林生态,林业部门,湖南省,城步苗族自治县,次生常绿阔叶林、野生动植物,18466.0,20091222
湖南康龙森林,湖南省,湘82,省级,野生动物,林业部门,湖南省,中方县,珍稀野生动植物,6700.0,19961011
宁乡官山,湖南省,湘01,县市级,森林生态,林业部门,湖南省,宁乡县,森林生态系统,350.0,20020601
云阳山,湖南省,湘04,省级,森林生态,林业部门,湖南省,茶陵县,次生常绿阔叶林、珍稀野生动植物,10180.0,20060809
岣喽峰,湖南省,湘08,县市级,森林生态,林业部门,湖南省,衡阳县,禹碑、禹王殿、禹泉、回音古墓、青钱柳,8743.0,20080523
陈坪,湖南省,湘09,县市级,森林生态,林业部门,湖南省,衡阳县,穿山甲、猫头鹰、苏铁、南方红豆杉,4800.0,20091208
灵山庙,湖南省,湘12,县市级,森林生态,林业部门,湖南省,衡东县,森林及野生动植物,5.0,19980101
衡东四方山,湖南省,湘13,县市级,森林生态,林业部门,湖南省,衡东县,森林及野生动植物,380.0,19980101
金觉峰,湖南省,湘14,县市级,森林生态,林业部门,湖南省,衡东县,森林及野生动植物,1357.0,19980101
天光山,湖南省,湘15,省级,森林生态,林业部门,湖南省,衡东县,中亚热带森林生态系统,12020.0,20090316
河伯岭,湖南省,湘17,县市级,森林生态,林业部门,湖南省,邵阳县,森林及野生动植物,3800.0,20000610
那溪,湖南省,湘18,县市级,森林生态,林业部门,湖南省,洞口县,森林及野生动植物,2281.0,19860913
樟树湾白鹭,湖南省,湘39,县市级,野生动物,林业部门,湖南省,慈利县,白鹭及其生境,556.0,20041201
泥鳅凹白鹭,湖南省,湘40,县市级,野生动物,林业部门,湖南省,慈利县,白鹭、穿山甲等珍稀动物及其生境,583.0,20041201
李家湾白鹭,湖南省,湘41,县市级,野生动物,林业部门,湖南省,慈利县,白鹭等珍稀鸟类及其生境,1011.0,20041201
太平山珍稀动植物,湖南省,湘42,县市级,野生植物,林业部门,湖南省,慈利县,黄杉群落及其生境,1367.0,20041201
天心阁白鹭,湖南省,湘43,县市级,野生动物,林业部门,湖南省,慈利县,白鹭及其生境,3592.0,20041201
仰天湖,湖南省,湘51,县市级,森林生态,其他部门,湖南省,郴州市,森林生态系统,5600.0,20021101
汝城,湖南省,湘54,县市级,森林生态,林业部门,湖南省,汝城县,森林生态系统及人文景观,14230.0,20010801
内下林场院落,湖南省,湘61,县市级,森林生态,其他部门,湖南省,祁阳县,院落风景林,133.0,19871101
大忠桥院落,湖南省,湘68,县市级,森林生态,其他部门,湖南省,祁阳县,院落风景,133.0,19871103
太白峰,湖南省,湘69,县市级,森林生态,林业部门,湖南省,祁阳县,亚热带常绿阔叶林,5468.7,20010110
泷泊,湖南省,湘71,县市级,森林生态,林业部门,湖南省,双牌县,森林生态系统,667.0,19900605
双牌水库,湖南省,湘72,县市级,森林生态,林业部门,湖南省,双牌县,水源涵养林,2667.0,19900605
桥头黄枝油杉,湖南省,湘74,县市级,野生植物,林业部门,湖南省,道县,黄枝油杉及其生境,1952.0,20050201
牛路口,湖南省,湘75,县市级,野生植物,林业部门,湖南省,道县,翅夹木等珍稀植物,8671.0,20050201
江华庙子源,湖南省,湘81,县市级,森林生态,林业部门,湖南省,江华瑶族自治县,森林、野生动植物,8667.0,19910801
湖南小龙门娃娃鱼,湖南省,湘84,县市级,野生动物,环保部门,湖南省,辰溪县,大鲵及其生境,1760.0,19840501
天石,湖南省,湘90,县市级,森林生态,林业部门,湖南省,新晃侗族自治县,天然针阔叶混交林,2375.0,20000201
三道坑,湖南省,湘93,省级,森林生态,林业部门,湖南省,芷江侗族自治县,森林及野生动植物,13768.0,20001130
地理冲,湖南省,湘94,省级,森林生态,林业部门,湖南省,靖州苗族侗族自治县,次生林阔叶林群落及穿山甲、娃娃鱼等珍稀物种,362.0,19980921
芭斗山,湖南省,湘99,县市级,森林生态,林业部门,湖南省,泸溪县,森林生态系统,7700.0,20030101
甘肃太统-崆峒山,甘肃省,62111002,国家级,森林生态,林业部门,甘肃省,平凉市崆峒区,温带落叶阔叶林及野生动植物,16283.0,19820101
甘肃连城,甘肃省,62111003,国家级,森林生态,林业部门,甘肃省,永登县,森林生态系统及祁连柏、青杄等物种,47930.0,20010401
甘肃兴隆山,甘肃省,62111006,国家级,森林生态,林业部门,甘肃省,榆中县,森林生态系统及马麝等野生动物,33301.0,19860111
甘肃尕海-则岔,甘肃省,62111007,国家级,森林生态,林业部门,甘肃省,碌曲县,黑颈鹤等野生动物、高寒沼泽湿地森林生态系统,247431.0,19820902
甘肃祁连山,甘肃省,62111008,国家级,森林生态,林业部门,甘肃省,武威市、张掖市、酒泉市,水源涵养林及珍稀动物,230000.0,19870101
甘肃莲花山,甘肃省,62111010,国家级,森林生态,林业部门,甘肃省,康乐、临潭、卓尼、渭源、临洮等县,森林生态系统,11691.0,19821203
甘肃太子山,甘肃省,62121016,省级,森林生态,林业部门,甘肃省,临夏回族自治州、甘南藏族自治州,水源涵养林及野生动植物,84700.0,20050101
甘肃东大山,甘肃省,62121017,省级,森林生态,林业部门,甘肃省,张掖市甘州区,"森林生态系统
青海云杉林",5045.0,19800101
甘肃洮河,甘肃省,62121018,国家级,森林生态,林业部门,甘肃省,卓尼县、临潭县,森林生态系统,287759.0,20050202
甘肃子午岭,甘肃省,62121020,省级,森林生态,林业部门,甘肃省,华池县、合水县、正宁县、宁县,水源涵养林及野生动植物,242106.0,20050202
甘肃岷县双燕,甘肃省,62121023,省级,森林生态,林业部门,甘肃省,岷县,"森林、自然景观
珍稀动植物",64000.0,20020114
甘肃麦草沟,甘肃省,62121024,省级,森林生态,林业部门,甘肃省,天水市北道区,栎类次生林,3600.0,1982
甘肃崛吴山,甘肃省,62121026,省级,森林生态,林业部门,甘肃省,白银市,天然次生林,3700.0,2002
甘肃黑河,甘肃省,62121028,省级,野生动物,林业部门,甘肃省,两当县,扭角羚等珍稀动物及自然生态系统,3495.0,19821103
甘肃郭札沟,甘肃省,62121030,省级,森林生态,林业部门,甘肃省,卓尼县,紫果云杉,2500.0,1982
甘肃哈思山,甘肃省,62121031,省级,森林生态,林业部门,甘肃省,靖远县,森林及云杉、油松,8400.0,20020114
甘肃灵官峡,甘肃省,62121033,省级,森林生态,林业部门,甘肃省,两当县,白皮松,2900.0,1992
甘肃香山,甘肃省,62121034,省级,森林生态,林业部门,甘肃省,礼县,珍稀动物,11300.0,1992
甘肃龙首山,甘肃省,62121045,省级,森林生态,林业部门,甘肃省,张掖市甘州区,青海云杉及岩羊等野生动物,2550.0,19900101
甘肃贵清山,甘肃省,62121046,省级,野生动物,林业部门,甘肃省,漳县,野生动植物资源,1114.0,19920601
甘肃昌岭山,甘肃省,62121048,省级,森林生态,林业部门,甘肃省,古浪县,云杉及水源涵养林,3679.0,19870501
甘肃寿鹿山,甘肃省,62121050,省级,森林生态,林业部门,甘肃省,景泰县,"森林生态系统及林麝等物种
马麝、青海云杉",10875.0,19800101
甘肃铁木山,甘肃省,62121052,省级,森林生态,林业部门,甘肃省,会宁县,森林生态系统、灰雁,749.0,19920401
仁寿山,甘肃省,62122027,省级,森林生态,环保部门,甘肃省,陇西县,森林生态系统,520.0,19970711
崆峒一太统,甘肃省,62128036,省级,森林生态,其他部门,甘肃省,平凉市, 山地落叶阔叶次生林、文化遗址,16283.0,2001
甘肃盐池湾,甘肃省,62311005,国家级,野生动物,林业部门,甘肃省,肃北蒙古族自治县,白唇鹿、野牦牛、野驴等珍稀动物及其生境,1360000.0,19820401
甘肃连古城,甘肃省,62311009,国家级,荒漠生态,林业部门,甘肃省,民勤县,沙生植物、森林,389900.0,2000
甘肃安南坝,甘肃省,62311012,国家级,荒漠生态,林业部门,甘肃省,阿克塞,野骆驼,396000.0,1982
甘肃安西极旱荒漠国家级自然保护区,甘肃省,62312013,国家级,荒漠生态,环保部门,甘肃省,安西县,荒漠生态系统及珍稀动植物,800000.0,19870602
甘肃疏勒河,甘肃省,62321014,省级,荒漠生态,林业部门,甘肃省,安西县,荒漠植被、湿地,324200.0,2002
甘肃沙枣园子,甘肃省,62321015,省级,森林生态,林业部门,甘肃省,金塔县,森林生态系统,163404.0,20020114
甘肃多儿,甘肃省,62321019,省级,野生动物,林业部门,甘肃省,迭部县,大熊猫及其生境,55275.0,20041012
甘肃阿夏,甘肃省,62321022,省级,荒漠生态,林业部门,甘肃省,迭部县,野生动物及荒漠生态系统,135500.0,2004
甘肃南山,甘肃省,62321035,省级,野生动物,林业部门,甘肃省,玉门市,野生动物及其生境,152900.0,20020114
武威沙生植物,甘肃省,62332055,县市级,荒漠生态,其他部门,甘肃省,武威市凉州区,沙生植物,850.0,19721101
甘肃西湖湾腰墩,甘肃省,62411004,国家级,湿地生态,林业部门,甘肃省,敦煌市,荒漠有蹄类动物,660000.0,1992
甘肃黄河三峡湿地,甘肃省,62421029,省级,湿地生态,林业部门,甘肃省,永靖县,"湿地生态系统及水生动植物
黑颈鹤",19500.0,19950210
甘肃黄河首曲,甘肃省,62421032,省级,湿地生态,林业部门,甘肃省,玛曲县,黑颈鹤,375000.0,1995
甘肃黑河湿地,甘肃省,62421037,国家级,湿地生态,环保部门,甘肃省,高台县、张掖市甘州区,候鸟及其生态系统,4900.0,1992
甘肃大苏干湖,甘肃省,62421040,省级,野生动物,林业部门,甘肃省,阿克塞哈萨克族自治县,天鹅、黑颈鹤等珍禽及其生境,9640.0,19821011
甘肃小苏干湖,甘肃省,62421041,省级,野生动物,林业部门,甘肃省,阿克塞哈萨克族自治县,天鹅、黑颈鹤等候鸟及湖泊湿地,2400.0,19821011
甘肃干海子,甘肃省,62421042,省级,湿地生态,林业部门,甘肃省,玉门市,鸟类及其栖息环境,700.0,1982
甘肃昌马河,甘肃省,62421043,省级,荒漠生态,林业部门,甘肃省,玉门市,"高山荒漠
候鸟",68250.0,19960321
甘肃白水江,甘肃省,62611001,国家级,野生动物,林业部门,甘肃省,文县,"大熊猫、金丝猴、扭角羚等野生动物
珙桐",183799.0,19630101
甘肃小陇山,甘肃省,62611011,国家级,野生动物,林业部门,甘肃省,徽县、两当县,扭角羚、红腹锦鸡等野生珍稀动植物,31938.0,19821103
甘肃裕河,甘肃省,62621021,省级,野生动物,林业部门,甘肃省,武都县,金丝猴,74900.0,2002
甘肃尖山,甘肃省,62621025,省级,野生动物,林业部门,甘肃省,文县,大熊猫及森林生态系统,10040.0,19921216
甘肃马鬃山,甘肃省,62621044,省级,野生动物,林业部门,甘肃省,肃北蒙古族自治县,岩羊等野生动物,480000.0,20010410
敦煌南湖,甘肃省,62622038,省级,野生动物,环保部门,甘肃省,敦煌市, 候鸟、湿地,1107.0,1992
黄河首曲,甘肃省,62628051,省级,野生动物,其他部门,甘肃省,玛曲县,珍稀鸟类及其生境,37500.0,1992
甘肃龙神沟,甘肃省,62631053,县市级,野生动物,林业部门,甘肃省,康县,白冠长尾雉等珍稀动物及其生境,100.0,19861003
龙神沟,甘肃省,62638054,县市级,野生动物,其他部门,甘肃省,康县,白冠长尾雉等珍稀动物及生境,100.0,1986
敦煌雅丹地貌,甘肃省,62828039,省级,地质遗迹,国土部门,甘肃省,敦煌市,敦煌雅丹,39840.0,20011214
黄河石林,甘肃省,62828047,省级,地质遗迹,国土部门,甘肃省,景泰县,石林地貌,3040.0,20010305
刘家峡恐龙足迹群,甘肃省,62927049,省级,古生物遗迹,国土部门,甘肃省,永靖县,恐龙足迹化石,1500.0,20011123
干海子候鸟,甘肃省,甘26,省级,野生动物,林业部门,甘肃省,玉门市,鸟类及其生境,300.0,19820101
安南坝野骆驼,甘肃省,甘25,国家级,野生动物,林业部门,甘肃省,阿克塞哈萨克族自治县,野骆驼、野驴等野生动物及荒漠草原,396000.0,19821211
敦煌西湖,甘肃省,甘31,国家级,野生动物,林业部门,甘肃省,敦煌市,野生动物及荒漠湿地,660000.0,19921214
张掖黑河湿地,甘肃省,甘15,国家级,湿地生态,环保部门,甘肃省,高台县、张掖市甘州区、临泽县,湿地及珍稀鸟类,41164.56,19921210
敦煌阳关,甘肃省,甘32,国家级,湿地生态,环保部门,甘肃省,敦煌市,湿地生态系统及候鸟,88177.7,19941008
漳县珍稀水生动物,甘肃省,,---,野生动物,农业部门,甘肃省,漳县,细鳞鲑及其生境,3775.0,20050202
裕河金丝猴,甘肃省,甘38,省级,野生动物,林业部门,甘肃省,陇南市武都区,金丝猴及森林生态系统,74944.0,20020114
礼县香山,甘肃省,甘46,省级,森林生态,林业部门,甘肃省,礼县,森林生态系统,11330.0,19920703
秦州珍稀水生野生动物,甘肃省,,---,野生动物,农业部门,甘肃省,天水市秦州区,大鲵及其生境,3010.0,20100719
白龙江阿夏,甘肃省,甘56,省级,野生动物,林业部门,甘肃省,迭部县,大熊猫及其生境,135536.0,20040912
民勤连古城,甘肃省,甘11,国家级,荒漠生态,林业部门,甘肃省,民勤县,荒漠生态系统及黄羊等野生动物,389883.0,19820101
多尔,甘肃省,,---,野生动物,林业部门,甘肃省,迭部县,大熊猫及其生境,55275.0,20041012
博峪河,甘肃省,甘42,省级,野生动物,林业部门,甘肃省,文县、舟曲县,大熊猫及其生境,91712.0,20061121
黄河首曲湿地候鸟,甘肃省,甘58,省级,野生动物,林业部门,甘肃省,玛曲县,珍稀鸟类,37500.0,19951123
芨芨泉,甘肃省,甘03,省级,荒漠生态,林业部门,甘肃省,金昌市金川区,荒漠生态系统及野生动植物,51070.0,20050806
崛吴山,甘肃省,甘04,省级,森林生态,林业部门,甘肃省,白银市平川区,天然次生林,3715.0,20020114
秦州大鲵,甘肃省,甘09,省级,野生动物,农业部门,甘肃省,天水市秦州区,大鲵及其生境,2350.0,20100719
疏勒河中下游,甘肃省,甘19,省级,湿地生态,林业部门,甘肃省,瓜州县,湿地生态系统及野生动植物,324200.0,20020114
南泉湿地,甘肃省,甘28,县市级,湿地生态,林业部门,甘肃省,玉门市,湿地生态系统及荒漠动物,111400.0,19990101
漳县秦岭细鳞鲑,甘肃省,甘36,省级,野生动物,农业部门,甘肃省,漳县,细鳞鲑及其生境,25330.0,20050202
鸡峰山,甘肃省,甘39,省级,野生动物,林业部门,甘肃省,成县,梅花鹿及其生境,52441.0,20050101
文县大鲵,甘肃省,甘41,省级,野生动物,林业部门,甘肃省,文县,大鲵及其生境,13579.0,20040509
康县大鲵,甘肃省,甘45,省级,野生动物,农业部门,甘肃省,康县,湿地生态系统和野生动物,10247.0,20091021
插岗梁,甘肃省,甘54,省级,野生动物,林业部门,甘肃省,舟曲县,野生动物及其生境,114361.0,20050609
玛曲青藏高原土著鱼类,甘肃省,甘57,省级,野生动物,农业部门,甘肃省,玛曲县,土著鱼类,27416.0,20050202
福建武夷山,福建省,35111001,国家级,森林生态,林业部门,福建省,武夷山市、建阳市、光泽县、邵武市,中亚热带森林生态系统,56527.0,19790703
福建永安天宝岩,福建省,35111003,国家级,森林生态,林业部门,福建省,永安市,"长苞铁杉林、猴头杜鹃林、南方山间盆地泥炭藓沼泽、野生兰科植物及中亚热带常绿阔叶林生态系统
中亚热带常绿阔叶林",11015.0,19881226
福建虎伯寮,福建省,35111004,国家级,森林生态,林业部门,福建省,南靖县,南亚热带雨林森林生态系统,2650.0,19990209
福建建宁闽江源,福建省,35111005,国家级,森林生态,林业部门,福建省,建宁县,"大面积的钟萼木和南方红豆杉原生种群、福建闽江源头森林
中亚热带常绿阔叶林",13022.0,20011008
福建龙栖山,福建省,35111006,国家级,森林生态,林业部门,福建省,将乐县,中亚热带森林生态系统，金钱豹、云豹、黄腹角雉、白颈长尾雉、南方红豆杉等珍稀物种,15693.0,19840911
福建梅花山,福建省,35111007,国家级,森林生态,林业部门,福建省,上杭县、新罗区、连城县,以华南虎为代表的珍稀动植物和典型森林生态系统,22168.0,19850402
福建德化戴云山,福建省,35111008,国家级,森林生态,林业部门,福建省,德化县,"南方红豆杉、长苞铁杉及东南沿海典型的山地森林生态系统
中、南亚热带过渡型常绿阔叶林",13472.4,19850516
福建松溪白马山,福建省,35121012,省级,森林生态,林业部门,福建省,松溪县,中亚热带森林植被及珍稀濒危动植物,3250.2,20030211
福建南平茫荡山,福建省,35121016,国家级,森林生态,林业部门,福建省,南平市延平区,杉木原生种群和典型的中亚热带沟谷森林生态系统,9442.3,19880205
福建莆田老鹰尖,福建省,35121017,省级,森林生态,林业部门,福建省,莆田市涵江区,"南亚热带北缘森林生态系统
中、南亚热带过渡森林",2827.5,20020226
福建明溪均峰山,福建省,35121021,省级,森林生态,林业部门,福建省,明溪县,常绿阔叶林、黄腹角雉等,1710.0,2003
福建建瓯万木林,福建省,35121022,省级,森林生态,林业部门,福建省,建瓯市,中亚热带常绿阔叶林和珍贵树种,189.0,19570607
福建永泰藤山,福建省,35121023,省级,森林生态,林业部门,福建省,永泰县,"南亚热带季雨林
丰富的野生兰花植物",17617.6,19971101
福建永春牛姆林,福建省,35121024,省级,森林生态,林业部门,福建省,永春县,"森林及候鸟
南亚热带常绿阔叶林",249.6,19840729
福建安溪云中山,福建省,35121025,省级,森林生态,林业部门,福建省,安溪县,晋江源头、九龙江支流源头森林及黄腹角雉、南方红豆杉,4095.0,20011008
福建泰宁峨嵋峰,福建省,35121028,省级,森林生态,林业部门,福建省,泰宁县,中亚热带山地森林生态系统及中山沼泽湿地,5418.16,19951101
福建长汀圭龙山,福建省,35121029,省级,森林生态,林业部门,福建省,长汀县,"中亚热带森林生态系统
黑荆、常绿阔叶林",5768.0,20010609
福建大田大仙峰,福建省,35121030,省级,森林生态,林业部门,福建省,大田县,国家重点保护动植物,6893.0,2003
福建明溪君子峰,福建省,35121031,国家级,森林生态,林业部门,福建省,明溪县,中亚热带原生性常绿阔叶林、南方红豆杉,18060.5,19951220
福建尤溪九阜山,福建省,35121032,省级,森林生态,林业部门,福建省,尤溪县,中亚热带常绿阔叶林,2308.3,19960101
福建宁化牙梳山,福建省,35121036,省级,森林生态,林业部门,福建省,宁化县,中亚热带常绿阔叶林生态系统,5249.7,19960501
福建福安白云山,福建省,35131038,县市级,森林生态,林业部门,福建省,福安市,阔叶林、苏门羚、猫头鹰、白鹇,1030.0,19970325
福建太姥山杨家溪,福建省,35131041,县市级,森林生态,林业部门,福建省,福鼎市,阔叶林、穿山甲、猕猴、云豹、白颈长尾雉及自然景观,17753.0,19970325
福建屏南仙山,福建省,35131044,县市级,森林生态,林业部门,福建省,屏南县,森林生态,2000.0,19970325
福建平和三坪,福建省,35131046,县市级,森林生态,林业部门,福建省,平和县,蟒蛇、虎纹娃等珍稀动物及红锥、米锥、木荷等常绿针阔混交林,1321.3,19990801
福建大芹山,福建省,35131047,县市级,森林生态,林业部门,福建省,平和县,蟒蛇、虎纹娃以及常绿针阔混交林,708.3,19990801
福建大溪赤坑,福建省,35131048,县市级,森林生态,林业部门,福建省,平和县,森林生态,71.0,1999
福建南胜太极峰,福建省,35131049,县市级,森林生态,林业部门,福建省,平和县,森林生态,226.0,1999
福建崎岭石皇帝,福建省,35131050,县市级,森林生态,林业部门,福建省,平和县,森林生态,266.6,1999
福建芦溪华峰岩,福建省,35131051,县市级,森林生态,林业部门,福建省,平和县,森林生态,66.0,1999
福建山格土田,福建省,35131052,县市级,森林生态,林业部门,福建省,平和县,森林生态,866.0,1999
福建玉山,福建省,35131053,县市级,森林生态,林业部门,福建省,华安县,森林生态,1944.0,1999
福建岩溪,福建省,35131054,县市级,森林生态,林业部门,福建省,长泰县,森林生态,540.0,1999
福建陈巷镇,福建省,35131055,县市级,森林生态,林业部门,福建省,长泰县,森林生态,621.0,1999
福建枋洋镇,福建省,35131056,县市级,森林生态,林业部门,福建省,长泰县,森林生态,524.0,1999
福建坂里乡,福建省,35131057,县市级,森林生态,林业部门,福建省,长泰县,森林生态,632.0,1999
福建厦门坂头,福建省,35131059,县市级,森林生态,林业部门,福建省,集美区,森林生态,4800.0,1998
福建漳浦坪水,福建省,35131060,县市级,森林生态,林业部门,福建省,漳浦县,亚热带常绿阔叶林,2000.0,19970401
福建泉州市清源山,福建省,35131061,县市级,森林生态,林业部门,福建省,泉州市,森林生态,4790.8,1996
福建仙游九鲤湖,福建省,35131063,县市级,森林生态,林业部门,福建省,仙游县,森林生态,30.0,1998
福建闽侯十八重溪,福建省,35131064,县市级,森林生态,林业部门,福建省,闽侯县,森林生态,6200.0,1998
福建厦门同安金光湖,福建省,35131073,县市级,森林生态,林业部门,福建省,同安区,湿地及水禽,118.0,1998
福建柘荣东狮山,福建省,35131075,县市级,森林生态,林业部门,福建省,柘荣县,阔叶林、苏门羚、猫头鹰、白鹇,2360.0,19970325
福建周宁后垅溪,福建省,35131076,县市级,森林生态,林业部门,福建省,周宁县,森林生态,7490.0,1996
福建霞浦溪南莲花屿岩鹭,福建省,35131077,县市级,森林生态,林业部门,福建省,霞浦县,野生动物,828.0,1997
福建霞浦杯溪,福建省,35131078,县市级,森林生态,林业部门,福建省,霞浦县,森林及野生动植物,1043.0,19970101
福建屏南路下黄连溪,福建省,35131079,县市级,森林生态,林业部门,福建省,屏南县,森林生态,873.0,1998
福建平和灵通,福建省,35131087,县市级,森林生态,林业部门,福建省,平和县,蟒蛇、常绿针阔混交林、火山峰丛地貌、各类火山构造、典型地质地层剖面、温泉,1521.3,19990801
福建顺昌华阳山,福建省,35131090,县市级,森林生态,林业部门,福建省,顺昌县,闽楠、含笑及常绿阔叶林,726.0,19980401
福建浦城匡山,福建省,35131092,县市级,森林生态,林业部门,福建省,浦城县,森林生态,619.0,1996
福建清流大丰山,福建省,35131094,县市级,森林生态,林业部门,福建省,清流县,森林生态,1768.0,1996
福建清流莲花山,福建省,35131095,省级,森林生态,林业部门,福建省,清流县,野大豆、南方红豆杉古树群、与黑锥林等濒危野生动植物，中亚热带常绿阔叶林，水源涵养林,1721.9,20051230
福建尤溪高山,福建省,35131096,县市级,森林生态,林业部门,福建省,尤溪县,森林生态,1000.0,1996
福建尤溪倒排岩,福建省,35131097,县市级,森林生态,林业部门,福建省,尤溪县,森林生态,1479.0,1996
福建漳平紫云洞,福建省,35131098,县市级,森林生态,林业部门,福建省,漳平市,森林生态,4000.0,1996
福建漳平苦笋尖,福建省,35131099,县市级,森林生态,林业部门,福建省,漳平市,森林生态,3000.0,1996
福建福安漳澳,福建省,35131102,县市级,森林生态,林业部门,福建省,福安县,森林生态,400.0,1997
福建云霄漳江口红树林,福建省,35411011,国家级,海洋海岸,林业部门,福建省,云霄县,红树林生态系统和东南沿海水产种质资源,2360.0,19920701
福建泉州湾河口湿地,福建省,35421013,省级,海洋海岸,林业部门,福建省,惠安县、洛江区、丰泽区、晋江市、石狮市,湿地、红树林、珍稀鸟类、中华白海豚和中华鲟等,7008.84,20020226
福建龙海九龙江口红树林,福建省,35421014,省级,海洋海岸,林业部门,福建省,龙海市,红树林生态系统,420.2,19880212
三十六脚湖,福建省,35426027,省级,湿地生态,水利部门,福建省,平潭县,淡水湖泊及海蚀地貌,1340.0,1997
福建环三都澳湿地水禽红树林,福建省,35431039,县市级,湿地生态,林业部门,福建省,蕉城区、霞浦市,湿地、水禽、红树林,39981.0,1997
福建古田人工湖,福建省,35431042,县市级,湿地生态,林业部门,福建省,古田县,湿地、水禽、防护林,4930.0,19970325
福建福鼎台山列岛,福建省,35431043,县市级,湿地生态,林业部门,福建省,福鼎市,海岸湿地、水禽,7300.0,19970325
福建平潭三十六脚湖,福建省,35431067,县市级,湿地生态,水利部门,福建省,平潭县,淡水湖泊及海蚀地貌,1340.0,19970703
福建闽江河口湿地,福建省,35431072,国家级,湿地生态,林业部门,福建省,长乐市、福州市马尾区,"河口湿地及水禽
湿地水禽及植被",3129.0,20030820
福建龙海海澄红树林,福建省,35431089,县市级,湿地生态,林业部门,福建省,龙海县,湿地、红树林,67.0,1996
东山珊瑚礁,福建省,35524037,省级,海洋海岸,海洋部门,福建省,东山县,珊瑚礁生态系统,3630.0,19970703
莱屿列岛,福建省,35533070,县市级,海洋海岸,海洋部门,福建省,漳浦县,天然紫菜、鲍鱼,3200.0,20001201
姚家屿红树林,福建省,35534069,县市级,海洋海岸,海洋部门,福建省,福鼎市, 红树林生态系统,84.0,2002
福建珍稀海洋动物国家级自然保护区,福建省,35612010,国家级,野生动物,环保部门,福建省,厦门市,中华白海豚、文昌鱼、岩鹭、黄嘴白鹭、白鹭等鹭类，湿地,33088.0,2000
福建屏南鸳鸯猕猴,福建省,35621018,省级,野生动物,林业部门,福建省,屏南县,鸳鸯、猕猴及其生境,1457.3,19840807
长乐海蚌,福建省,35623033,省级,野生动物,海洋部门,福建省,长乐市,海蚌及其生境,12999.0,19850212
官井洋大黄鱼,福建省,35624026,省级,海洋海岸,海洋部门,福建省,宁德市,大黄鱼及其生境,19000.0,19851026
福建闽东鸳鸯猕猴,福建省,35631040,县市级,野生动物,林业部门,福建省,周宁县、蕉城区,鸳鸯猕猴,81792.0,1997
福建鲤城乌潭侯鸟,福建省,35631045,县市级,野生动物,林业部门,福建省,鲤城区,侯鸟等野生动物,1502.7,1997
福建德化环颈雉,福建省,35631062,县市级,野生动物,林业部门,福建省,德化县,环颈雉,13000.0,1997
福建闽侯烟垅蟒蛇,福建省,35631065,县市级,野生动物,林业部门,福建省,闽侯县,野生动物,1800.0,1998
福建武夷山樟村猕猴,福建省,35631074,县市级,野生动物,林业部门,福建省,武夷山市,猕猴,457.4,1996
福建寿宁南山顶,福建省,35631080,县市级,森林生态,林业部门,福建省,寿宁县,河麂、穿山甲、小灵猫、赤麂等动物,1336.8,20010629
福建寿宁牛头山雉类,福建省,35631081,县市级,野生动物,林业部门,福建省,寿宁县,白鹇、黄腹角雉,2317.0,2001
福建寿宁六六溪,福建省,35631082,县市级,野生动物,林业部门,福建省,寿宁县,鸳鸯、虎纹蛙,1199.0,2001
福建寿宁羊山,福建省,35631083,县市级,野生动物,林业部门,福建省,寿宁县,苏门羚、穿山甲,1169.0,2001
福建寿宁西山顶,福建省,35631084,县市级,野生动物,林业部门,福建省,寿宁县,"森林及穿山甲、苏门羚、水禽等珍稀物种
蟒蛇、小灵猫",397.0,20010629
福建寿宁甲坑云豹,福建省,35631085,县市级,野生动物,林业部门,福建省,寿宁县,云豹及栖息地,157.53,20010629
福建寿宁金鸡潮,福建省,35631086,县市级,野生动物,林业部门,福建省,寿宁县,河麂、小灵猫,197.0,2001
福建霞浦长春雉类,福建省,35631088,县市级,野生动物,林业部门,福建省,霞浦县,雉类,85.0,1997
福建顺昌宝山,福建省,35631091,县市级,森林生态,林业部门,福建省,顺昌县,常绿阔叶林及三尖杉、金斑喙凤蝶等野生动植物,1093.0,19980401
福建政和洞宫鸳鸯,福建省,35631093,县市级,野生动物,林业部门,福建省,政和县,鸳鸯,2480.0,1996
福建漳浦眉力鸟类,福建省,35631101,县市级,野生动物,林业部门,福建省,漳浦县,珍稀鸟类、阔叶林,1400.0,19970401
福建寿宁三峰寺,福建省,35631103,县市级,野生动物,林业部门,福建省,寿宁县,穿山甲、小灵猫,141.0,2001
坑底大鲵,福建省,35633068,县市级,野生动物,农业部门,福建省,寿宁县, 大鲵及栖息地,19610.0,2001
福建武平梁野山,福建省,35711002,国家级,野生植物,林业部门,福建省,武平县,南方红豆杉林和钩栲林、观光木林生态系统及珍稀动植物,14365.0,19950101
福建邵武将石,福建省,35721015,省级,野生植物,林业部门,福建省,邵武县,长叶榧、喜树、典型的硬叶栎常绿阔叶林、丹霞地貌,1222.1,19860327
福建闽清黄楮林,福建省,35721019,省级,野生植物,林业部门,福建省,闽清县,福建青冈及其生态系统,13511.0,1985
福建福安瓜溪桫椤,福建省,35721020,省级,野生植物,林业部门,福建省,福安市,刺桫椤,1438.0,1999
福建三明罗卜岩,福建省,35721034,省级,野生植物,林业部门,福建省,沙县、明溪县,闽楠、中亚热带常绿阔叶林,327.3,1983
福建三明格氏栲,福建省,35721035,省级,野生植物,林业部门,福建省,三明市三元区,格氏栲、米槠等野生植物,1105.7,19640801
福建闽侯廷坪枳壳,福建省,35731066,县市级,野生植物,林业部门,福建省,闽侯县,植物,1000.0,1998
福建龙岩建兰,福建省,35731100,县市级,野生植物,林业部门,福建省,新罗区,植物,2000.0,1996
福建平海海滩岩、沙丘岩,福建省,35837071,县市级,地质遗迹,国土部门,福建省,莆田市秀屿区,海滩岩、沙丘岩,20.0,19950331
福建深沪湾海底古森林遗迹国家级自然保护区,福建省,35914009,国家级,古生物遗迹,海洋部门,福建省,晋江市,海底古森林遗迹和古牡蛎海滩岩及地质地貌,3100.0,19911009
福建宁化化石,福建省,35938058,县市级,古生物遗迹,其他部门,福建省,宁化县,第四纪脊椎动物化石,200.0,1997
福建宁化湖村化石,福建省,闽19,县市级,古生物遗迹,其他部门,福建省,宁化县,第四纪脊椎动物化石,200.0,19970703
福建贡鸭山,福建省,闽46,县市级,森林生态,林业部门,福建省,华安县,森林生态系统,400.0,19951201
福建浮盖山,福建省,闽53,县市级,森林生态,林业部门,福建省,浦城县,黑麂、娃娃鱼、穿山甲、天然灌木林,619.0,19971201
福建厦门珍稀海洋物种,福建省,闽12,国家级,海洋海岸,海洋部门,福建省,厦门市,中华白海豚、白鹭、文昌鱼等珍稀动物,33088.0,19910101
罗卜岩楠木,福建省,闽23,县市级,野生植物,林业部门,福建省,沙县,闽楠林,340.93,19830328
长泰天柱山,福建省,闽38,县市级,森林生态,林业部门,福建省,长泰县,常绿阔叶林,3121.0,19991001
汀江源,福建省,,国家级,森林生态,林业部门,福建省,长汀县,中亚热带森林生态系统,10379.7,20010609
日溪鸟毛巢,福建省,闽01,县市级,森林生态,林业部门,福建省,福州市晋安区,阔叶林,1044.0,19990514
日溪山仔,福建省,闽02,县市级,森林生态,林业部门,福建省,福州市晋安区,阔叶林、三尖杉,1624.0,19990515
连江山仔,福建省,闽03,县市级,森林生态,林业部门,福建省,连江县,阔叶林及鸟类,5308.6,19990922
东湖尖,福建省,闽05,县市级,森林生态,环保部门,福建省,永泰县,常绿阔叶林,8600.0,19991228
平潭中国鲎,福建省,闽07,县市级,海洋海岸,海洋部门,福建省,平潭县,中国鲎及其生境,960.0,20000114
南阳,福建省,闽11,县市级,森林生态,林业部门,福建省,长乐市,森林,2000.0,20001215
木兰溪源,福建省,闽15,省级,森林生态,林业部门,福建省,仙游县,中、南亚热带过渡区山地森林生态系统、丰富的物种及其珍稀濒危野生动植物资源、木兰溪源头的水源涵养林,18025.0,20121224
泰宁长叶榧,福建省,闽25,县市级,野生植物,林业部门,福建省,泰宁县,长叶榧等珍稀植物,3386.5,20011109
欧寮太极峰,福建省,闽41,县市级,森林生态,林业部门,福建省,平和县,鸳鸯及常绿针阔混交林,800.0,20010601
福建大溪赤坑刺桫椤,福建省,闽42,县市级,森林生态,林业部门,福建省,平和县,刺桫椤、眼镜王蛇及常绿针阔混交林,46.6,20010601
福建龙海九龙江河口湿地,福建省,闽47,县市级,海洋海岸,林业部门,福建省,龙海市,红树林等湿地生态系统及鸟类,4360.0,20041125
福建郭岩山,福建省,闽52,县市级,森林生态,林业部门,福建省,顺昌县,南方红豆杉、猕猴、白鹇等动植物,3034.0,19980401
福建环三都澳红树林,福建省,闽62,县市级,海洋海岸,林业部门,福建省,宁德市蕉城区,红树林、水禽、湿地,1205.6,19970325
福建杨梅州大鲵,福建省,闽68,县市级,野生动物,农业部门,福建省,寿宁县,大鲵及其栖息地,19610.0,20070411
福建横山后门山,福建省,闽69,县市级,森林生态,林业部门,福建省,寿宁县,穿山甲、香樟等珍稀物种,2.73,20010629
福建坑底楼,福建省,闽71,县市级,森林生态,林业部门,福建省,寿宁县,木荷、穿山甲及其生境,3.4,20010629
福建福安桫椤,福建省,闽91,省级,野生植物,林业部门,福建省,福安市,刺桫椤及其生境,1438.0,19970325
福建应加山后门山,福建省,闽72,县市级,森林生态,林业部门,福建省,寿宁县,穿山甲、南方红豆杉、木荷等野生动植物,8.47,20010629
福建槽坑山坑,福建省,闽73,县市级,森林生态,林业部门,福建省,寿宁县,森林及穿山甲、甜槠等动植物,10.93,20010629
福建官田后门山,福建省,闽74,县市级,森林生态,林业部门,福建省,寿宁县,森林及穿山甲、木荷、米槠等野生动植物,13.3,20010629
福建上大洋,福建省,闽75,县市级,森林生态,林业部门,福建省,寿宁县,穿山甲、米槠、木荷,13.4,20010629
福建大皇岗,福建省,闽76,县市级,野生动物,林业部门,福建省,寿宁县,穿山甲、蟒蛇等珍稀动物及其生境,35.8,20010629
福建新村苏门羚,福建省,闽77,县市级,野生动物,林业部门,福建省,寿宁县,苏门羚、河麂及森林植被,44.73,20010629
福建炭山穿山甲,福建省,闽78,县市级,野生动物,林业部门,福建省,寿宁县,穿山甲、苏门羚、米槠、木荷,74.47,20010629
福建龟岭,福建省,闽79,县市级,森林生态,林业部门,福建省,寿宁县,穿山甲、米槠、石楠等珍稀物种,86.47,20010629
福建下岗后,福建省,闽80,县市级,森林生态,林业部门,福建省,寿宁县,穿山甲、苏门羚、蟒蛇、木荷,98.07,20010629
福建碑坑头,福建省,闽81,县市级,森林生态,林业部门,福建省,寿宁县,穿山甲、苏门羚、蟒蛇、木荷,121.8,20010629
福建杨溪头,福建省,闽83,县市级,森林生态,林业部门,福建省,寿宁县,森林植被及穿山甲、甜槠,176.4,20010629
福建村尾,福建省,闽84,县市级,森林生态,林业部门,福建省,寿宁县,穿山甲、丝栗栲、米槠、香樟等野生动植物,217.13,20010629
福建小托水库,福建省,闽85,县市级,森林生态,林业部门,福建省,寿宁县,苏门羚、穿山甲、鸳鸯及水源涵养林,288.87,20010629
福建山羊尖,福建省,闽86,县市级,森林生态,林业部门,福建省,寿宁县,森林及苏门羚、钟萼木、红皮糙果茶,546.2,20010629
福建六六溪流域,福建省,闽87,县市级,森林生态,林业部门,福建省,寿宁县,白鹇、鸳鸯、穿山甲、苏门羚等濒危动物及罗浮栲、青风栎等阔叶林,1070.8,20010629
福建石井,福建省,闽00,县市级,森林生态,林业部门,福建省,寿宁县,穿山甲、白鹇、猴面鹰、福建青冈,8.4,20010629
福建雄江黄楮林自然保护区,福建省,35621104,国家级,森林生态,林业部门,福建省,闽清县,福建青冈、中亚热带南缘常绿阔叶林及两栖爬行动物,12513.3,19850802
西藏珠穆朗玛峰,西藏省,54111002,国家级,森林生态,林业部门,西藏省,定结、定日、聂拉木、吉隆,高山森林、荒漠生态系统及雪豹等野生动物,3381000.0,19880405
西藏察隅慈巴沟,西藏省,54111004,国家级,森林生态,林业部门,西藏省,察隅,山地亚热带森林生态系统及扭角羚、孟加拉虎等濒危动物,101400.0,19850923
西藏雅鲁藏布大峡谷,西藏省,54111005,国家级,森林生态,林业部门,西藏省,墨脱、米林、林芝、波密,山地垂直带带谱及野生动植物,916800.0,19850709
西藏工布,西藏省,54121015,省级,森林生态,林业部门,西藏省,林芝、工布江达、米林、朗县,原始森林生态系统,2014981.0,20030101
西藏忠义乡原始森林,西藏省,54131017,县市级,森林生态,林业部门,西藏省,那曲嘉黎县,原始森林生态系统,122000.0,2003
西藏雅江流域上游流域,西藏省,54131021,县市级,森林生态,林业部门,西藏省,日喀则地区拉孜,森林生态系统,251711.0,1985
西藏结曲河流域,西藏省,54131025,县市级,森林生态,林业部门,西藏省,那曲地区比如县,森林生态系统,186562.0,2003
西藏羌塘,西藏省,54311007,国家级,荒漠生态,林业部门,西藏省,安多、尼玛、双湖、革吉、日土、改则、噶尔,藏羚羊、野牦牛、藏野牛等有蹄类动物及高原荒漠生态系统,29800000.0,19930709
西藏自治区拉鲁湿地国家级自然保护区,西藏省,54412009,国家级,湿地生态,环保部门,西藏省,拉萨市城关区,高寒湿地生态系统,1220.0,19990525
西藏纳木错,西藏省,54422012,省级,湿地生态,环保部门,西藏省,当雄县,野生动物及湖泊、沼泽湿地生态系统,1099796.0,20010705
西藏拉鲁湿地,西藏省,54422013,省级,湿地生态,环保部门,西藏省,拉萨市,湿地生态系统,620.0,1999
西藏拉萨河上游湿地,西藏省,54431019,县市级,湿地生态,林业部门,西藏省,那曲嘉黎县,湿地生态,1000.0,2003
西藏热帮河流域,西藏省,54431022,县市级,湿地生态,林业部门,西藏省,阿里地区日土县,湿地生态系统,196530.0,2003
西藏象泉河流域,西藏省,54431023,县市级,湿地生态,林业部门,西藏省,阿里地区普兰、噶尔县,湿地生态系统,145724.0,2003
西藏玛旁雍措,西藏省,54431024,县市级,湿地生态,林业部门,西藏省,阿里地区普兰县,湿地生态系统,187408.0,2003
西藏色林错黑颈鹤,西藏省,54611001,国家级,野生动物,林业部门,西藏省,申扎、尼玛、那曲、安多、班戈,黑颈鹤及繁殖地、高原湿地生态系统,2032380.0,19930101
西藏芒康滇金丝猴,西藏省,54611003,国家级,野生动物,林业部门,西藏省,芒康县,滇金丝猴等野生动物,185300.0,19930101
西藏雅鲁藏布江中游河谷黑颈鹤,西藏省,54611006,国家级,野生动物,林业部门,西藏省,林周、达孜、浪卡子、南木林、日喀则、拉孜,黑颈鹤及其越冬栖息地,614350.0,19930101
西藏类乌齐马鹿,西藏省,54611008,国家级,野生动物,林业部门,西藏省,类乌齐县,马鹿、白唇鹿等及其栖息地,120614.6,19930101
西藏乌苏绒獐子、马鹿,西藏省,54631018,县市级,野生动物,林业部门,西藏省,那曲嘉黎县,乌苏绒獐子、马鹿等,47510.0,2003
西藏巴结巨柏,西藏省,54721016,省级,野生植物,林业部门,西藏省,林芝,巨柏及其森林生态系统,8.0,19850101
西藏色日绒爬地柏,西藏省,54731020,县市级,野生植物,林业部门,西藏省,那曲嘉黎县,爬地柏,700.0,2003
西藏搭格架喷泉群,西藏省,54827010,省级,地质遗迹,国土部门,西藏省,昂仁县、萨嘎县,地热喷泉群,400.0,20000102
西藏日喀则群让岩溶,西藏省,54827011,省级,地质遗迹,国土部门,西藏省,日喀则市江孜县,岩溶地貌,140.0,20000102
西藏札达土林,西藏省,54827014,省级,地质遗迹,国土部门,西藏省,札达县、噶尔县、普兰县,土林,560000.0,20000102
西藏玉湖沟,西藏省,藏30,县市级,野生动物,林业部门,西藏省,边坝县,野生动物及其生境,30.0,19940501
西藏都瓦,西藏省,藏29,县市级,野生动物,林业部门,西藏省,边坝县,野生动物及其生境,25.0,20030201
西藏然乌湖湿地,西藏省,藏21,省级,野生植物,林业部门,西藏省,八宿县,野生植物,6978.0,19960101
西藏桑桑湿地,西藏省,藏34,省级,湿地生态,林业部门,西藏省,昂仁县,湿地生态系统,5644.0,20100210
西藏麦地卡湿地,西藏省,藏35,省级,湿地生态,林业部门,西藏省,嘉黎县,湿地生态系统,89541.01,20081029
西藏昂孜错—马尔下错湿地,西藏省,藏38,省级,湿地生态,林业部门,西藏省,尼玛县,湿地生态系统,94040.5,20100210
西藏玛旁雍错湿地,西藏省,藏39,省级,湿地生态,林业部门,西藏省,普兰县,湿地生态系统,97498.74,20081029
西藏班公错湿地,西藏省,藏41,省级,湿地生态,林业部门,西藏省,日土县,湿地生态系统,56303.22,20081029
西藏洞错湿地,西藏省,藏42,省级,湿地生态,林业部门,西藏省,改则县、尼玛县,湿地生态系统,41173.23,20081029
西藏扎日南木错湿地,西藏省,藏43,省级,湿地生态,林业部门,西藏省,措勤、尼玛、昂仁等县,湿地生态系统,142981.67,20081029
西藏热振,西藏省,藏02,县市级,森林生态,林业部门,西藏省,林周县,柏树林,70.0,19940101
西藏才纳,西藏省,藏05,县市级,野生动物,环保部门,西藏省,曲水县,藏马鸡及其生境,800.0,20070101
西藏墨竹朗杰沙棘林,西藏省,藏06,县市级,森林生态,环保部门,西藏省,墨竹工卡县,沙棘林、斑头雁等野生动植物,4000.0,20070101
西藏若巴,西藏省,藏07,县市级,野生动物,林业部门,西藏省,昌都县,马鹿及其生境,5.0,19920101
西藏嘎玛,西藏省,藏08,县市级,野生动物,林业部门,西藏省,昌都县,白唇鹿及其生境,18.0,19920101
西藏柴维,西藏省,藏09,县市级,野生动物,林业部门,西藏省,昌都县,马鹿及其生境,28.0,19920101
西藏约巴,西藏省,藏10,县市级,野生动物,林业部门,西藏省,昌都县,岩羊、猞猁及其生境,37.0,19920101
西藏德登,西藏省,藏11,县市级,野生动物,林业部门,西藏省,江达县,马鹿、马麝及其生境,5.0,19970101
西藏生达,西藏省,藏12,县市级,野生动物,林业部门,西藏省,江达县,马鹿及其生境,10.0,19950101
西藏邓柯,西藏省,藏13,县市级,野生动物,林业部门,西藏省,江达县,白唇鹿及其生境,12.0,19950101
西藏哈加,西藏省,藏14,县市级,野生动物,林业部门,西藏省,贡觉县,雉鸡、红腹锦鸡等鸟类,1.0,20000401
西藏拉妥湿地,西藏省,藏15,县市级,野生动物,林业部门,西藏省,贡觉县,灰鹤及其生境,142.0,19970701
西藏则巴,西藏省,藏16,县市级,森林生态,林业部门,西藏省,贡觉县,森林生态系统,469.0,19990801
西藏觉龙,西藏省,藏18,县市级,野生动物,林业部门,西藏省,八宿县,藏原羚及其生境,59.0,20010301
西藏觉村,西藏省,藏19,县市级,野生动物,林业部门,西藏省,八宿县,麝、盘羊等野生动物,72.0,19890601
西藏果拉山,西藏省,藏20,县市级,野生动物,林业部门,西藏省,八宿县,马麝、猞猁、盘羊等野生动物,80.0,19920101
西藏多拉,西藏省,藏22,县市级,野生动物,林业部门,西藏省,芒康县,白唇鹿等野生动物,45.0,19980501
西藏尼果寺,西藏省,藏23,县市级,野生动物,林业部门,西藏省,芒康县,雉鸡、岩羊等野生动物,164.0,19900501
西藏莽措湖,西藏省,藏24,县市级,野生动物,林业部门,西藏省,芒康县,普氏原羚、黑颈鹤等野生动物,242.0,19940501
西藏拉措湖,西藏省,藏26,县市级,野生动物,林业部门,西藏省,洛隆县,野生动物及其生境,7.0,20020501
西藏八冻措湖,西藏省,藏27,县市级,野生动物,林业部门,西藏省,洛隆县,野生动物及其生境,8.0,20020501
西藏金岭,西藏省,藏28,县市级,野生植物,林业部门,西藏省,边坝县,沙棘林,2.0,20000501
西藏一江两河,西藏省,54611026,---,---,---,西藏省,,黑颈鹤及其越冬栖息地,0.0,0
贵州习水,贵州省,52111001,国家级,森林生态,林业部门,贵州省,习水县,典型中亚热带常绿阔叶林,48666.0,1992
贵州雷公山,贵州省,52111003,国家级,森林生态,林业部门,贵州省,雷山县、台江县、剑河县、榕江县,"中亚热带森林及秃杉等珍稀植物
以秃杉为主的珍稀动植物",47300.0,19820601
贵州茂兰,贵州省,52111004,国家级,森林生态,林业部门,贵州省,荔波县,喀斯特森林生态系统,20000.0,19860409
贵州梵净山,贵州省,52111006,国家级,森林生态,林业部门,贵州省,江口县、印江土家族苗族自治县、松桃苗族自治县,森林生态系统及黔金丝猴珍稀动植物,41900.0,19860709
贵州道真大沙河,贵州省,52121009,省级,森林生态,林业部门,贵州省,道真仡佬族苗族自治县,银杉、珙桐、黑叶猴等野生动植物,26990.0,19841010
贵州绥阳宽阔水,贵州省,52121010,国家级,森林生态,林业部门,贵州省,绥阳县,中亚热带常绿阔叶林,26231.0,19891201
贵州毕节罩子山,贵州省,52131021,县市级,森林生态,林业部门,贵州省,毕节市,"森林生态系统
天然植被和野生动植物",2513.0,20021201
贵州洛凡,贵州省,52131024,县市级,森林生态,林业部门,贵州省,册亨县,亚热带森林生态系及珍稀濒危野生动植物,2176.0,1988
贵州捞村河谷,贵州省,52131025,县市级,森林生态,林业部门,贵州省,荔波县,"森林生态系统
喀斯特原始森林和亚热带常绿阔叶林",6066.7,20050101
贵州普安油沙地,贵州省,52131026,县市级,森林生态,林业部门,贵州省,普安县,天然林,175.0,1997
贵州普安关索岭,贵州省,52131027,县市级,森林生态,林业部门,贵州省,普安县,森林及野生动植物,1050.0,19980101
贵州普安五个坡,贵州省,52131028,县市级,森林生态,林业部门,贵州省,普安县,水源涵养林,450.0,19980101
贵州普安汪家河,贵州省,52131029,县市级,森林生态,林业部门,贵州省,普安县,水源涵养林,310.0,19980101
贵州普安旧屋脊,贵州省,52131030,县市级,森林生态,林业部门,贵州省,普安县,天然阔叶林,35.0,1997
贵州普安风火砖,贵州省,52131031,县市级,森林生态,林业部门,贵州省,普安县,水源涵养林,175.0,1997
贵州普安沙子塘,贵州省,52131032,县市级,森林生态,林业部门,贵州省,普安县,风景林,38.0,1997
贵州普安下厂河,贵州省,52131033,县市级,森林生态,林业部门,贵州省,普安县,水源涵养林,1100.0,19980101
贵州普安鲁沟,贵州省,52131035,县市级,森林生态,林业部门,贵州省,普安县,银杏及其生态系统,412.0,1997
贵州者冲,贵州省,52131036,县市级,森林生态,林业部门,贵州省,册亨县,亚热带森林生态系及珍稀濒危野生动植物,300.0,1987
贵州渡邑,贵州省,52131037,县市级,森林生态,林业部门,贵州省,望谟县,南亚热带沟从季雨林,7200.0,19900501
贵州望谟贵州苏铁,贵州省,52131038,县市级,森林生态,林业部门,贵州省,望谟县,贵州苏铁及生态环境,3333.0,2000
贵州水城玉舍,贵州省,52131039,县市级,森林生态,林业部门,贵州省,六盘水市水城特区,光叶珙桐及其生态环境,170.0,1992
贵州大方九龙山,贵州省,52131044,县市级,森林生态,林业部门,贵州省,大方县,森林生态系统,1151.0,1992
贵州普安布岭箐,贵州省,52131045,县市级,野生植物,林业部门,贵州省,普安县,鹅掌揪及其生态环境,33.0,19980101
贵州黎平东风林场,贵州省,52131046,县市级,森林生态,林业部门,贵州省,黎平县,杉木优良种源林,2831.0,19930801
贵州瑶麓单性木兰,贵州省,52131047,县市级,森林生态,林业部门,贵州省,荔波县,"森林生态系统
喀斯特原始森林和亚热带常绿阔叶林",6533.3,20050101
贵州樟江水源涵养林,贵州省,52131048,县市级,森林生态,林业部门,贵州省,黔南州荔波县,喀斯特原始森林和亚热带常绿阔叶林,22600.0,2005
贵州荔波兰顶山,贵州省,52131049,县市级,森林生态,林业部门,贵州省,荔波县,"森林生态系统
喀斯特原始森林和亚热带常绿阔叶林",5466.7,20040101
贵州黎平高坡,贵州省,52131050,县市级,森林生态,林业部门,贵州省,黎平县,天然林,27.0,2002
贵州册亨双江,贵州省,52131051,县市级,森林生态,林业部门,贵州省,册亨县,"南亚热带沟谷季雨林
最北缘的南亚热带沟谷",5400.0,19900720
贵州黎平三龙,贵州省,52131052,县市级,森林生态,林业部门,贵州省,黎平县,天然林,1387.0,2002
贵州黎平龙王滩,贵州省,52131053,县市级,森林生态,林业部门,贵州省,黎平县,天然林,405.0,2002
贵州黎平三省坡,贵州省,52131054,县市级,森林生态,林业部门,贵州省,黎平县,森林生态系统,7745.0,20020901
贵州普安莲花山,贵州省,52131055,县市级,森林生态,林业部门,贵州省,普安县,杜鹃林及其生态系统,338.0,1997
贵州黎平陆倍山,贵州省,52131056,县市级,森林生态,林业部门,贵州省,黎平县,天然林,7353.0,2002
贵州黎平五里江,贵州省,52131058,县市级,森林生态,林业部门,贵州省,黎平县,水源涵养林,3400.0,1997
贵州黎平老山界,贵州省,52131059,县市级,森林生态,林业部门,贵州省,黎平县,天然植被和野生动植物,1330.0,1987
贵州从江岜沙,贵州省,52131060,县市级,森林生态,林业部门,贵州省,从江县,森林生态系统,2568.0,20040101
贵州施秉佛顶山,贵州省,52131061,县市级,森林生态,林业部门,贵州省,施秉县,水源涵养林、野生动植物,2133.0,19850101
贵州黎平弄相山,贵州省,52131062,县市级,森林生态,林业部门,贵州省,黎平县,天然林及野生珍稀濒危野生动植物,1117.0,1987
贵州普安水箐,贵州省,52131063,县市级,森林生态,林业部门,贵州省,普安县,水源涵养林,325.0,19980101
贵州普安仙人洞,贵州省,52131064,县市级,森林生态,林业部门,贵州省,普安县,常绿阔叶林,138.0,19980101
贵州普安幸福水库,贵州省,52131065,县市级,森林生态,林业部门,贵州省,普安县,水源涵养林,563.0,19980101
贵州普安牛角山,贵州省,52131066,县市级,森林生态,林业部门,贵州省,普安县,常绿阔叶林,125.0,19980101
贵州黎平范家山,贵州省,52131067,县市级,森林生态,林业部门,贵州省,黎平县,天然林,1669.0,2002
贵州台江南宫,贵州省,52131068,县市级,森林生态,林业部门,贵州省,台江县,常绿阔叶林,22104.0,20011101
贵州赤水原生林,贵州省,52131070,县市级,森林生态,林业部门,贵州省,赤水县,中亚热带常绿原生林,28000.0,19900701
贵州凤冈万佛山,贵州省,52131071,县市级,森林生态,林业部门,贵州省,凤冈县,"森林生态系统及野生动物
长江中上游防护林及珍稀濒危野生动植物",8400.0,20021201
贵州桐梓柏箐,贵州省,52131072,县市级,森林生态,林业部门,贵州省,桐梓县,珙桐、方竹原生林等珍稀濒危野生动植物,2600.0,1986
贵州花溪青岩,贵州省,52131073,县市级,森林生态,林业部门,贵州省,贵阳市花溪区,青岩油杉及其生态环境,80.0,1982
贵州岑巩小顶山,贵州省,52131074,县市级,森林生态,林业部门,贵州省,岑巩县,"天然林、鹅掌楸
天然林植被及珍贵动物",18508.0,19981201
贵州剑河百里阔叶林,贵州省,52131075,县市级,森林生态,林业部门,贵州省,剑河县,常绿阔叶林、水源涵养林,10000.0,20020101
贵州丹寨老冬寨,贵州省,52131076,县市级,森林生态,林业部门,贵州省,丹寨县,珍稀动植物及水源涵养林,4513.0,19980501
贵州黎平太平山,贵州省,52131078,县市级,森林生态,林业部门,贵州省,黎平县,森林生态系统,31551.0,19850101
贵州绥阳杉木菁,贵州省,52131079,县市级,森林生态,林业部门,贵州省,绥阳县,天然植被,2400.0,2001
贵州从江月亮山,贵州省,52131080,县市级,森林生态,林业部门,贵州省,从江县,马尾松、猕猴及森林植被,24800.0,19860101
贵州正安桴焉,贵州省,52131081,县市级,森林生态,林业部门,贵州省,正安县,落叶阔叶林,32448.0,20001210
贵州黄平上塘,贵州省,52131083,县市级,森林生态,林业部门,贵州省,黄平县,水源涵养林,4613.0,1984
贵州麻江老蛇冲,贵州省,52131084,县市级,森林生态,林业部门,贵州省,麻江县,森林生态系统,8678.0,19921201
贵州兴仁清水河,贵州省,52131085,县市级,森林生态,林业部门,贵州省,兴仁县,喀斯特植被及野生动植物,2556.0,19970701
贵州兴义坡岗喀斯特植被,贵州省,52131086,县市级,森林生态,林业部门,贵州省,兴义市,喀期特森林植被,5030.0,19970701
贵州安龙仙鹤坪,贵州省,52131087,县市级,森林生态,林业部门,贵州省,安龙县,杜鹃林、天然常绿阔叶林,3005.0,19970701
贵州贞丰龙头大山,贵州省,52131088,县市级,森林生态,林业部门,贵州省,贞丰县,"森林及野生动植物
水源涵养林",2817.0,19970701
贵州榕江月亮山,贵州省,52131089,县市级,森林生态,林业部门,贵州省,榕江县,"常绿阔叶林
珍稀植物及生态系统",32849.0,19980101
贵州都匀斗蓬山,贵州省,52131090,县市级,森林生态,林业部门,贵州省,都匀市,水源涵养林,4233.0,19980301
贵州印江石家岭,贵州省,52131092,县市级,森林生态,林业部门,贵州省,印江土家族苗族自治县,野生动植物及生态系统,8815.0,19990101
贵州印江洋溪,贵州省,52131093,县市级,森林生态,林业部门,贵州省,印江土家族苗族自治县,野生动植物及森林生态系统,13000.0,19990101
贵州石阡佛顶山,贵州省,52131094,省级,森林生态,林业部门,贵州省,石阡县,鹅掌楸等珍稀动植物,12634.54,19921001
贵州平塘甲茶,贵州省,52131095,县市级,森林生态,林业部门,贵州省,平塘县,森林生态系统,13000.0,20040101
贵州都匀斗篷山水源涵养林,贵州省,52131096,县市级,森林生态,林业部门,贵州省,都匀市,沟谷季雨林,4233.0,1999
贵州罗甸罗羊,贵州省,52131097,县市级,森林生态,林业部门,贵州省,罗甸县,南亚热带沟谷季雨林,2722.0,19900101
贵州惠水长安喀斯特,贵州省,52131098,县市级,森林生态,林业部门,贵州省,惠水县,森林及珍稀动植物,44310.0,20000801
贵州长顺斗麻喀斯特森林,贵州省,52131099,县市级,森林生态,林业部门,贵州省,长顺县,森林生态系统,3330.0,20040101
贵州红花岗区大坂水,贵州省,52131100,县市级,森林生态,林业部门,贵州省,遵义市红花岗区,天然林,6500.0,1998
贵州瓮安江界河,贵州省,52131101,县市级,森林生态,林业部门,贵州省,瓮安县,森林生态系统,11000.0,19950901
贵州绥阳后水河,贵州省,52131102,县市级,森林生态,林业部门,贵州省,绥阳县,"森林及水源地
杉木为主的针叶林",7500.0,20001210
贵州瓮安朱家山,贵州省,52131103,县市级,森林生态,林业部门,贵州省,瓮安县,"南亚热带森林
中亚热带常绿阔叶林",7638.0,19950801
贵州都匀螺丝壳,贵州省,52131104,县市级,森林生态,林业部门,贵州省,都匀市,水源涵养林,4500.0,19820801
贵州湄谭黄杉,贵州省,52131105,县市级,森林生态,林业部门,贵州省,湄潭县,黄杉及天然植被,28200.0,2001
贵州绥阳万里水库,贵州省,52131106,县市级,森林生态,林业部门,贵州省,绥阳县,水源地、森林生态系统,2667.0,20001210
贵州绥阳双河,贵州省,52131107,县市级,森林生态,林业部门,贵州省,绥阳县,天然林资源及恢复林地,3667.0,2001
贵州绥阳石盘垭,贵州省,52131108,县市级,森林生态,林业部门,贵州省,绥阳县,马尾松林等森林生态系统,2333.0,20001210
贵州金沙冷水河,贵州省,52131111,县市级,森林生态,林业部门,贵州省,金沙县,中亚热带常绿阔叶、福建柏等,8133.0,19920901
贵州独山深沟,贵州省,52131112,县市级,森林生态,林业部门,贵州省,独山县,"天然阔叶林
原始天然林及天然次生林",8000.0,19960601
贵州黎平五龙山,贵州省,52131113,县市级,森林生态,林业部门,贵州省,黎平县,天然林,832.0,2002
大板水,贵州省,52138015,县市级,森林生态,林业部门,贵州省,遵义市红花岗区,森林生态系统,3132.0,19981101
贵州草海,贵州省,52411002,国家级,湿地生态,林业部门,贵州省,威宁,高原湿地生态系统及黑颈鹤等,12000.0,1985
松官水库,贵州省,52436011,县市级,湿地生态,水利部门,贵州省,盘县, 水资源,500.0,1997
纳骂水库,贵州省,52436016,县市级,湿地生态,水利部门,贵州省,六枝特区, 水资源,250.0,1990
中坝水库,贵州省,52436017,县市级,湿地生态,水利部门,贵州省,六枝特区, 水资源,640.0,1989
窑上水库,贵州省,52436019,县市级,湿地生态,水利部门,贵州省,六盘水市, 饮用水源,1730.0,1989
阿哈水库,贵州省,52438020,县市级,湿地生态,其他部门,贵州省,贵阳市, 饮用水源,19000.0,1992
贵州沿河麻阳河,贵州省,52611007,国家级,野生动物,林业部门,贵州省,沿河土家族自治县、务川仡佬族苗族自治县,黑叶猴等珍稀动物及其生境,31113.0,19870801
贵州普安一把伞恒河猴,贵州省,52631034,县市级,野生动物,林业部门,贵州省,普安县,恒河猴及其生境,350.0,19980101
贵州思南四野屯,贵州省,52631057,县市级,森林生态,林业部门,贵州省,思南县,"森林及野生动植物
黑叶猴等",2859.0,19990601
贵州威宁妥打,贵州省,52631077,县市级,野生动物,林业部门,贵州省,威宁彝族回族苗族自治县,白冠长尾雉及生境,9393.0,19920101
贵州野钟黑叶猴,贵州省,52631082,县市级,野生动物,林业部门,贵州省,水城县,黑叶猴及森林生态系统,1362.0,19891201
贵州紫云小穿洞,贵州省,52631091,县市级,野生动物,林业部门,贵州省,紫云县,猕猴及其生态环境,12871.0,2001
贵州绥阳大河白冠长尾雉,贵州省,52631109,县市级,野生动物,林业部门,贵州省,绥阳县,白冠长尾雉及其生境,4000.0,20001210
贵州绥阳火秋坝,贵州省,52631110,县市级,野生动物,林业部门,贵州省,绥阳县,白冠长尾雉,2466.0,2001
黔西娃娃鱼,贵州省,52632012,县市级,野生动物,环保部门,贵州省,黔西县,大鲵及其生境,2000.0,19850101
赤水河特有鱼类,贵州省,52633013,县市级,野生动物,农业部门,贵州省,赤水市, 特有珍稀鱼类,6425.0,2000
贵州赤水桫椤国家级自然保护区,贵州省,52712005,国家级,野生植物,环保部门,贵州省,赤水市,桫椤群落及其生态环境,16700.0,1992
贵州威宁黄杉,贵州省,52731040,县市级,野生植物,林业部门,贵州省,威宁彝族回族苗族自治县,黄杉及其生态环境,936.0,19920701
贵州金沙福建柏,贵州省,52731041,县市级,野生植物,林业部门,贵州省,金沙县,福建柏及其生态环境,150.0,19911001
贵州大方百里杜鹃,贵州省,52731042,县市级,野生植物,林业部门,贵州省,大方县,杜鹃及其森林生态系统,12580.0,20011101
贵州大方福建柏,贵州省,52731043,县市级,野生植物,林业部门,贵州省,大方县,福建柏及其生态环境,56.0,19910301
贵州习水大杉树,贵州省,52731069,县市级,野生植物,林业部门,贵州省,习水县,中国杉王及其生境,9.13,20030301
洞水,贵州省,52732014,县市级,野生植物,林业部门,贵州省,余庆县,古树,10.0,19880501
乌嘎冲,贵州省,52732022,县市级,野生植物,环保部门,贵州省,剑河县, 鹅掌楸及其生境,50.0,1986
老厂矿泉水源,贵州省,52836018,县市级,地质遗迹,水利部门,贵州省,盘县特区, 矿泉水资源,100.0,1993
木贡矿泉水源,贵州省,52836023,县市级,地质遗迹,水利部门,贵州省,六枝特区, 矿泉水资源,100.0,1993
台江古生物化石,贵州省,52927008,省级,古生物遗迹,国土部门,贵州省,台江县, 古生物化石,4760.0,2001
剑河鹅掌楸,贵州省,黔89,县市级,野生植物,环保部门,贵州省,剑河县,鹅掌楸及其生境,50.0,19860101
风火砖水库,贵州省,黔39,县市级,森林生态,林业部门,贵州省,普安县,水源涵养林,175.0,19980101
旧屋基,贵州省,黔35,县市级,森林生态,林业部门,贵州省,普安县,天然阔叶林,35.0,19980101
油沙地灌木林,贵州省,黔40,县市级,森林生态,林业部门,贵州省,普安县,天然灌木林,175.0,19980101
贵州莲花山十里杜鹃,贵州省,黔43,县市级,野生植物,林业部门,贵州省,普安县,杜鹃林,338.0,19980101
鲁沟古大,贵州省,黔45,县市级,野生植物,林业部门,贵州省,普安县,银杏及其生境,412.0,19980101
习水中亚热带常绿阔叶林,贵州省,黔23,国家级,森林生态,林业部门,贵州省,习水县,中亚热带常绿阔叶林及野生动植物,48666.0,19940908
威宁草海,贵州省,黔76,国家级,湿地生态,林业部门,贵州省,威宁彝族回族苗族自治,高原湿地生态系统及黑颈鹤等,12000.0,19850101
桐梓黄连柏箐,贵州省,黔07,县市级,森林生态,林业部门,贵州省,桐梓县,森林生态系统及野生动植物,2542.0,19851103
乐宽苏铁,贵州省,黔52,县市级,野生植物,林业部门,贵州省,望谟县,苏铁及森林生态系统,3300.0,20000101
老林沟,贵州省,黔02,县市级,野生植物,林业部门,贵州省,水城县,光叶珙桐、水青树等野生植物,170.0,19900301
花溪青岩油杉,贵州省,黔01,县市级,野生植物,林业部门,贵州省,贵阳市花溪区,青岩油杉及其生境,80.0,19820101
孙家大林,贵州省,黔05,县市级,森林生态,林业部门,贵州省,遵义县,森林及野生动植物,3000.0,20041111
仙人山,贵州省,黔06,县市级,森林生态,林业部门,贵州省,遵义县,森林及野生动植物,10000.0,20041110
绥阳杉木箐,贵州省,黔09,县市级,森林生态,林业部门,贵州省,绥阳县,森林及水源地,2400.0,20001210
火丘坝,贵州省,黔10,县市级,野生动物,林业部门,贵州省,绥阳县,白冠长尾雉及其生境,2466.0,20001210
双河溶洞,贵州省,黔15,县市级,地质遗迹,林业部门,贵州省,绥阳县,溶洞群,53667.0,20001210
马福林,贵州省,黔18,县市级,野生植物,林业部门,贵州省,务川仡佬族苗族自治县,三尖杉、红豆杉等野生植物,3710.0,19990301
湄潭百面水,贵州省,黔20,县市级,野生植物,林业部门,贵州省,湄潭县,黄杉等森林生态系统,18500.0,20011201
晴隆竹塘,贵州省,黔50,县市级,森林生态,林业部门,贵州省,晴隆县,野生动植物及森林生态系统,4533.33,20080218
者冲口,贵州省,黔54,县市级,森林生态,林业部门,贵州省,册亨县,阔叶林及野生动植物,733.0,19980101
落凡,贵州省,黔55,县市级,森林生态,林业部门,贵州省,册亨县,森林生态系统,3200.0,19980101
赖子山,贵州省,黔57,县市级,森林生态,林业部门,贵州省,册亨县,野生动植物及森林生态系统,3512.6,20080101
板烟,贵州省,黔58,县市级,森林生态,林业部门,贵州省,安龙县,森林生态系统,33.0,19980901
安龙青龙山,贵州省,黔59,县市级,森林生态,林业部门,贵州省,安龙县,森林生态系统,133.0,19980901
贵州安龙莲花山,贵州省,黔60,县市级,森林生态,林业部门,贵州省,安龙县,森林生态系统,533.0,19980801
青山绿塘,贵州省,黔61,县市级,森林生态,林业部门,贵州省,安龙县,森林生态系统,667.0,19980601
王燕喀斯特植被,贵州省,黔62,县市级,森林生态,林业部门,贵州省,安龙县,森林生态系统,667.0,19980801
停西,贵州省,黔63,县市级,森林生态,林业部门,贵州省,安龙县,沟谷雨林、常绿阔叶林,1000.0,19980601
毕节乌箐,贵州省,黔66,县市级,森林生态,林业部门,贵州省,毕节市,森林生态系统,1296.2,20050101
纳雍杉木箐,贵州省,黔72,县市级,森林生态,林业部门,贵州省,纳雍县,森林生态系统,600.0,20080218
纳雍大坪箐,贵州省,黔73,县市级,森林生态,林业部门,贵州省,纳雍县,森林生态系统,1100.0,20080218
大湾山,贵州省,黔77,县市级,森林生态,林业部门,贵州省,黄平县,水源涵养林,1867.0,20020801
上塘朱家山,贵州省,黔78,县市级,森林生态,林业部门,贵州省,黄平县,水源涵养林,12346.0,19840302
岑巩大树林,贵州省,黔80,县市级,野生植物,林业部门,贵州省,岑巩县,古树,1.0,19981201
岑巩后山,贵州省,黔81,县市级,野生植物,林业部门,贵州省,岑巩县,古柏树,1.0,19981201
瓦窑坝上,贵州省,黔82,县市级,森林生态,林业部门,贵州省,岑巩县,落叶阔叶林生态系统,1.0,19981201
槠木林,贵州省,黔83,县市级,森林生态,林业部门,贵州省,岑巩县,槠木林,3.0,19981201
三层洞,贵州省,黔84,县市级,森林生态,林业部门,贵州省,岑巩县,森林及珍稀植物,3465.0,19981201
龙鳖河,贵州省,黔85,县市级,森林生态,林业部门,贵州省,岑巩县,水源涵养林,4025.0,19981201
圭叶,贵州省,黔87,县市级,森林生态,林业部门,贵州省,锦屏县,森林生态系统,2000.0,19980101
八河,贵州省,黔88,县市级,森林生态,林业部门,贵州省,锦屏县,森林生态系统,4200.0,19980101
革东古生物化石,贵州省,黔90,省级,古生物遗迹,国土部门,贵州省,剑河县,古生物化石,4760.0,20010101
高场,贵州省,黔93,县市级,森林生态,林业部门,贵州省,黎平县,森林生态系统,27.0,20020901
山羊界,贵州省,黔102,县市级,森林生态,林业部门,贵州省,丹寨县,水源涵养林,84.0,19901201
丹寨牛角山,贵州省,黔103,县市级,森林生态,林业部门,贵州省,丹寨县,珍稀动植物及水源涵养林,160.0,19901201
龙泉山,贵州省,黔104,县市级,森林生态,林业部门,贵州省,丹寨县,杜鹃林,330.0,19901201
十万千,贵州省,黔108,县市级,森林生态,林业部门,贵州省,福泉市,森林生态系统,1333.3,20010101
岔河,贵州省,黔109,县市级,森林生态,林业部门,贵州省,福泉市,森林生态系统,5333.3,20010101
甲良三层洞,贵州省,黔110,县市级,森林生态,林业部门,贵州省,荔波县,森林生态系统,4200.0,20050101
樟江源头涵养林,贵州省,黔112,县市级,森林生态,林业部门,贵州省,荔波县,森林生态系统,22600.0,20050101
岜岭五针松,贵州省,黔113,县市级,森林生态,林业部门,贵州省,荔波县,森林生态系统,4066.7,20050101
高岩天然林水,贵州省,黔121,县市级,森林生态,林业部门,贵州省,独山县,森林生态系统,466.7,20010101
琴阳天然林,贵州省,黔122,县市级,森林生态,林业部门,贵州省,独山县,森林生态系统,2333.3,20010101
白云山,贵州省,黔126,县市级,森林生态,其他部门,贵州省,长顺县,森林生态系统,1666.7,20000101
猴子沟,贵州省,黔127,县市级,森林生态,林业部门,贵州省,龙里县,森林生态系统,4000.0,20080101
尧人山,贵州省,黔129,县市级,森林生态,林业部门,贵州省,三都水族自治县,森林生态系统,2000.0,19870101
贵州贵定斗蓬山,贵州省,黔117,县市级,森林生态,林业部门,贵州省,贵定县,水源涵养林,2438.0,19980501
辽宁庄河仙人洞,辽宁省,21111001,国家级,森林生态,林业部门,辽宁省,庄河市,赤松—栎林生态系统及珍稀动植物,3574.7,19810915
辽宁医巫闾山,辽宁省,21111004,国家级,森林生态,林业部门,辽宁省,北镇市、义县,"天然油松林、华北植物区系针阔混交林
黑鹳、丹顶鹤、大天鹅等",11459.0,19810909
辽宁努鲁儿虎山,辽宁省,21111008,国家级,森林生态,林业部门,辽宁省,朝阳县,华北、内蒙生物区系交汇地带的森林生态系统,13832.1,20001101
辽宁恒仁老秃顶子,辽宁省,21111009,国家级,森林生态,林业部门,辽宁省,"桓仁县,新宾县","长白植物区系森林及人参等珍稀物种
双蕊兰、紫杉、金雕等",15219.0,19810915
辽宁章古台,辽宁省,21121012,省级,森林生态,林业部门,辽宁省,彰武县,沙地森林生态系统,10200.0,19861201
辽宁本溪和尚帽,辽宁省,21121013,省级,森林生态,林业部门,辽宁省,本溪县,野生动植物资源,10973.0,2005
辽宁凤凰山,辽宁省,21121014,省级,森林生态,林业部门,辽宁省,凤城市,森林和野生动物,2600.0,1981
辽宁朝阳清风岭,辽宁省,21121015,省级,森林生态,林业部门,辽宁省,朝阳县,华北植物区系北缘森林,9010.0,20021210
辽宁北票大黑山,辽宁省,21121016,省级,森林生态,林业部门,辽宁省,朝阳县,"暖温带半湿润向温带半干旱过渡气候条件下的山地落叶阔叶林生态系统；辽梅杏等天然山杏资源；金雕等猛禽
华北、内蒙生物区系交汇地带的森林生态系统",13844.0,20000619
辽宁喀左楼子山,辽宁省,21121017,省级,森林生态,林业部门,辽宁省,喀喇沁左翼蒙古族自治县,华北、内蒙生物区系交汇地带的森林生态系统,11150.0,20010301
辽宁凌源青龙河,辽宁省,21121018,省级,野生动物,林业部门,辽宁省,凌源市,华北、内蒙生物区系交汇地带的森林生态系统,69912.0,20010401
辽宁葫芦岛市白狼山,辽宁省,21121019,国家级,森林生态,林业部门,辽宁省,建昌县,华北植物区系北缘森林生态系统,17440.0,20010709
辽宁老鹰窝山,辽宁省,21121020,省级,森林生态,林业部门,辽宁省,阜新市,天然次生针、阔混交林,6405.0,20020424
辽宁猴石,辽宁省,21121022,省级,森林生态,林业部门,辽宁省,新宾满族自治县,华北、长白植物区系交汇地带森林生态系统,11090.0,20030915
辽宁龙岗山,辽宁省,21121023,省级,森林生态,林业部门,辽宁省,新宾满族自治县,华北、长白植物区系交汇地带森林生态系统,15259.0,20030915
辽宁浑河源,辽宁省,21121024,省级,森林生态,林业部门,辽宁省,清原满族自治县,"华北、长白植物区系交汇地带森林生态系统
森林植物群落和森林生态系统；原始林林相；国家和省重点保护的珍稀濒危动物",18127.0,20030915
辽宁三块石,辽宁省,21121025,省级,森林生态,林业部门,辽宁省,抚顺县,"华北、长白植物区系交汇地带森林生态系统
森林植物群落和森林生态系统；原始林林相；国家和省重点保护的珍稀濒危动物",10434.0,20030901
辽宁海城白云山,辽宁省,21121026,省级,森林生态,林业部门,辽宁省,海城市,"油松、栎林和落叶阔叶林生态系统
华北、长白植物区系交汇的森林生态系统",13300.0,20030901
辽宁青凉山,辽宁省,21121027,省级,森林生态,林业部门,辽宁省,岫岩,华北、长白植物区系交汇的森林生态系统,4300.0,2002
辽宁海棠山,辽宁省,21121028,国家级,森林生态,林业部门,辽宁省,阜新蒙古族自治县,"森林生态系统
天然次生针、阔混交林",11002.7,19861201
辽宁九龙川,辽宁省,21122030,省级,森林生态,环保部门,辽宁省,海城市,油松、栎林和落叶阔林生态系统,3400.0,19860901
白云山,辽宁省,21123029,省级,森林生态,农业部门,辽宁省,海城市, 油松、栎林和落叶阔叶林,13300.0,2003
大伙房水库水源,辽宁省,21126036,省级,森林生态,水利部门,辽宁省,抚顺县,水源地、水源涵养林,530000.0,19900401
辽宁风城帽盔山,辽宁省,21131060,县市级,森林生态,林业部门,辽宁省,凤城市,天然红松,12268.0,20020617
辽宁朝阳凤凰山,辽宁省,21131061,县市级,古生物遗迹,其他部门,辽宁省,朝阳市,"古生物化石
华北、内蒙生物区系交汇地带的森林生态系统",5363.0,20020701
辽宁辽阳金宝湾,辽宁省,21131062,县市级,森林生态,林业部门,辽宁省,辽阳市弓长岭区、辽阳县,"森林及野生动物
天然次生林及野生动物",52720.0,20020407
辽宁辽阳双河,辽宁省,21131063,县市级,森林生态,林业部门,辽宁省,辽阳市灯塔市、弓长岭区、辽阳县,"森林生态系统、水源地
天然次生林及野生动物",31842.5,20020401
辽宁玉石,辽宁省,21131065,省级,森林生态,林业部门,辽宁省,盖州市,森林生态系统,31915.0,20010802
辽宁大石桥老轿顶,辽宁省,21131066,县市级,森林生态,林业部门,辽宁省,营口市,森林及野生动物,11489.0,20040801
辽宁连山区虹螺山,辽宁省,21131067,省级,森林生态,林业部门,辽宁省,葫芦岛市连山区,森林及水曲柳、狼、黄羊等野生动植物,10000.0,20060710
辽宁西平,辽宁省,21131068,县市级,森林生态,林业部门,辽宁省,台安县,"防风固沙林及野生动植物
华北、长白植物区系交汇地带的森林生态系统",4300.0,19840501
辽宁沈阳望海寺,辽宁省,21131069,县市级,森林生态,林业部门,辽宁省,法库,森林和野生动植物种群,13333.0,2002
辽宁喀左化石沟,辽宁省,21131070,县市级,森林生态,林业部门,辽宁省,喀喇沁左翼蒙古族自治县,华北、内蒙生物区系交汇地带的森林生态系统,17645.0,20010301
辽宁千佛山,辽宁省,21131074,县市级,森林生态,林业部门,辽宁省,彰武县,沙地自然生态系统,860.33,1986
辽宁彰武高山台,辽宁省,21131075,县市级,森林生态,林业部门,辽宁省,彰武县,"森林生态系统
天然次生针、阔混交林",576.0,20010901
辽宁大汤河,辽宁省,21131076,县市级,森林生态,林业部门,辽宁省,弓长岭区,天然次生林及野生动物,377.0,2003
辽宁大黑山,辽宁省,21131077,县市级,森林生态,林业部门,辽宁省,辽阳县,天然次生林及野生动物,10000.0,2004
辽宁华表山,辽宁省,21131078,县市级,森林生态,林业部门,辽宁省,弓长岭区,天然次生林及野生动物,240.0,2004
辽宁兴城青山,辽宁省,21131079,县市级,森林生态,林业部门,辽宁省,兴城市,天然次生林,28100.0,20001220
辽宁张其寨,辽宁省,21131082,县市级,森林生态,林业部门,辽宁省,本溪市溪湖区,野生动植物资源,1000.0,20021001
辽宁沈阳白清寨,辽宁省,21131083,县市级,森林生态,林业部门,辽宁省,沈阳市苏家屯,森林和野生动植物种群,4267.0,20020621
辽宁溪湖东风,辽宁省,21131084,县市级,森林生态,林业部门,辽宁省,本溪市溪湖区,野生动植物资源,1350.0,20021001
辽宁法库五龙山,辽宁省,21131085,县市级,森林生态,林业部门,辽宁省,法库县,森林和野生动植物种群,30356.1,20020621
辽宁凤城锅头峪,辽宁省,21131086,县市级,森林生态,林业部门,辽宁省,凤城市,野生动物及珍稀树种,9527.0,20010901
辽宁本溪凉山,辽宁省,21131091,县市级,森林生态,林业部门,辽宁省,桓仁县,野生动植物资源,8449.5,2001
辽宁本溪牛毛大山,辽宁省,21131092,县市级,森林生态,林业部门,辽宁省,桓仁县,野生动植物资源,7175.0,2001
辽宁本溪太子河源,辽宁省,21131093,县市级,森林生态,林业部门,辽宁省,本溪市,野生动植物资源,13383.0,2001
辽宁本溪环城生态,辽宁省,21131094,县市级,森林生态,林业部门,辽宁省,本溪县,野生动植物资源,27292.4,2001
辽宁凤城通远堡,辽宁省,21131095,县市级,森林生态,林业部门,辽宁省,凤城市,红松林,24314.0,20011214
辽宁凤城蒲石河,辽宁省,21131097,县市级,森林生态,林业部门,辽宁省,凤城市,森林生态系统及东北红豆杉、东北刺人参等野生动植物,12184.0,20011214
辽宁丹东五龙山,辽宁省,21131099,县市级,森林生态,林业部门,辽宁省,丹东市振安区,森林生态系统,2281.0,20020401
辽宁丹东黎明,辽宁省,21131100,县市级,森林生态,林业部门,辽宁省,宽甸满族自治县,森林生态系统及珍稀树种,10827.0,20020711
大麦科,辽宁省,21132038,县市级,湿地生态,环保部门,辽宁省,台安县,内陆湿地生态系统与野生动植物资源,7190.0,20020827
大连小黑山,辽宁省,21132044,县市级,森林生态,环保部门,辽宁省,大连市金洲区,森林生态系统,4210.0,20011201
西平,辽宁省,21132045,县市级,森林生态,环保部门,辽宁省,台安县, 防风固沙林及野生动植物,4430.0,1984
老佛爷沟,辽宁省,21132050,县市级,森林生态,环保部门,辽宁省,宽甸满族自治县,原生型红松阔叶混交林,6800.0,19951001
老虎洞山,辽宁省,21132056,县市级,森林生态,林业部门,辽宁省,建平县,森林及温带草原,11000.0,19860101
肖家沟,辽宁省,21136054,县市级,湿地生态,水利部门,辽宁省,昌图县,水源地和兴安岭植物区系天然次生林,507.0,19810701
石人山,辽宁省,21138042,县市级,森林生态,其他部门,辽宁省,沈阳市,天然及次生林生态系统和野生动植物,5708.0,20020801
巴尔虎山,辽宁省,21138043,县市级,森林生态,林业部门,辽宁省,法库县,天然次生林、野生动植物,8434.0,20020701
那木斯莱,辽宁省,21232051,县市级,湿地生态,环保部门,辽宁省,彰武县,湿地、沙地草原,7103.0,19870701
辽宁双台河口,辽宁省,21411007,国家级,野生动物,林业部门,辽宁省,盘山县、大洼县,丹顶鹤、黑嘴鸥珍稀水禽及沿海湿地生态系统,128000.0,19850909
辽宁卧龙湖,辽宁省,21421021,省级,湿地生态,林业部门,辽宁省,康平县,湿地生态系统及鸟类,12750.0,20010501
辽宁辽河口湿地,辽宁省,21431064,县市级,湿地生态,林业部门,辽宁省,营口市,湿地系统、国家重点鸟类,51397.0,2001
辽宁丹东红铜沟白鹭,辽宁省,21431071,县市级,野生动物,林业部门,辽宁省,宽甸满族自治县,大白鹭及其生境,2500.0,19951001
辽宁三岔河湿地,辽宁省,21431072,县市级,湿地生态,林业部门,辽宁省,海城市,"湿地生态系统及珍稀野生动植物
芦苇沼泽和其他草地生物",18568.0,20041201
辽宁沈阳仙子湖,辽宁省,21431087,县市级,湿地生态,林业部门,辽宁省,新民市、辽中县,水生生态系统,8667.0,20020621
辽宁大连黄海岸及石城岛湿地,辽宁省,21431088,县市级,湿地生态,林业部门,辽宁省,庄河,水禽、野生动物,135050.0,2000
辽宁大连三湾湿地,辽宁省,21431089,县市级,湿地生态,林业部门,辽宁省,普兰店,水禽、野生动物,180750.0,2000
辽宁本溪桓龙湖,辽宁省,21431090,县市级,湿地生态,林业部门,辽宁省,桓仁县,湿地、野生动植物资源,18945.0,2001
辽宁丹东双江河,辽宁省,21431096,县市级,森林生态,林业部门,辽宁省,宽甸县,森林生态系统,120914.0,20020115
辽宁凤城玉龙湖,辽宁省,21431098,县市级,野生动物,林业部门,辽宁省,凤城市,天鹅、鸳鸯等野生动物及珍稀树种,5903.0,20011214
汤河饮用水源,辽宁省,21436052,县市级,湿地生态,水利部门,辽宁省,辽阳市弓长岭区、辽阳县,饮用水源地,151200.0,19860901
红山水库,辽宁省,21436053,县市级,湿地生态,林业部门,辽宁省,昌图县,饮用水源地及森林生态系统,10500.0,19930601
辽宁鸭绿江口湿地国家级自然保护区,辽宁省,21512006,国家级,海洋海岸,环保部门,辽宁省,东港市,湿地生态系统及珍稀涉禽,108057.0,1997
海王九岛,辽宁省,21534041,县市级,海洋海岸,海洋部门,辽宁省,庄河市,海滨地貌、海岸景观及鸟类,2143.0,20000801
绥中生沙质海岸,辽宁省,21534058,县市级,海洋海岸,海洋部门,辽宁省,绥中县, 原生沙质海岸、海洋水生动物,207700.0,1996
辽宁白石砬子,辽宁省,21611010,国家级,森林生态,林业部门,辽宁省,宽甸满族自治县,原生型红松针阔混交林,7467.0,19810909
辽宁蛇岛-老铁山国家级自然保护区,辽宁省,21612011,国家级,野生动物,环保部门,辽宁省,大连旅顺口区,候鸟、蛇岛蝮蛇及生境,17073.0,1980
辽宁大连斑海豹国家级自然保护区,辽宁省,21613003,国家级,野生动物,农业部门,辽宁省,大连市旅顺口区,斑海豹及其生境,672275.0,19920920
长海海洋珍稀生物,辽宁省,21622033,省级,野生动物,环保部门,辽宁省,长海县,刺参、皱纹盘鲍、栉孔扇贝等珍稀水生动物,220.0,19850401
小凌河中华鳖,辽宁省,21623032,省级,野生动物,农业部门,辽宁省,朝阳县,中华鳖、瓦氏雅罗鱼等水生生物及其生境,484.5,19991108
辽宁朝阳苍鹭,辽宁省,21631073,县市级,野生动物,林业部门,辽宁省,朝阳县,苍鹭及其生境,3825.0,20060109
辽宁建昌宫山嘴苍鹭,辽宁省,21631080,县市级,野生动物,林业部门,辽宁省,建昌,鸟类,1919.0,2002
辽宁绥中六股河赤麻鸭、绿翅鸭,辽宁省,21631081,县市级,野生动物,林业部门,辽宁省,绥中县,赤麻鸭、绿翅鸭等珍稀鸟类及湿地生态系统,2749.0,20020101
蛇山,辽宁省,21632046,县市级,野生动物,环保部门,辽宁省,清原县, 蝮蛇、棕黑绵蛇、虎斑游蛇等及其生境,100.0,1984
红铜沟鹭鸟,辽宁省,21632049,县市级,野生动物,环保部门,辽宁省,丹东市, 大白鹭及其生境,2500.0,1995
王宝河,辽宁省,21632057,县市级,野生动物,环保部门,辽宁省,绥中县,野生甲鱼资源及饮用水源地,2156.0,19960501
三山岛海珍品,辽宁省,21634037,县市级,野生动物,海洋部门,辽宁省,大连市,海参、鲍鱼等海洋生物,1103.0,19861201
老偏岛－玉皇顶,辽宁省,21634040,县市级,野生动物,海洋部门,辽宁省,大连市,珍品及海洋生态系统,1580.0,20000801
兴城杂色蛤亲贝,辽宁省,21638047,县市级,野生动物,林业部门,辽宁省,兴城市,杂色蛤及其生境,3500.0,19970201
成山头海滨地貌,辽宁省,21812005,国家级,地质遗迹,环保部门,辽宁省,大连市金州区,古生物化石、地质遗迹、海滨喀斯特地貌及珍稀鸟类,1350.0,19890401
本溪地质遗迹省级,辽宁省,21822034,省级,地质遗迹,环保部门,辽宁省,本溪市,地质遗迹,1200.75,20010301
滑石台,辽宁省,21827031,省级,地质遗迹,国土部门,辽宁省,沈阳市,“陨石”地质遗迹,260.0,20030918
桓仁地质,辽宁省,21832048,县市级,地质遗迹,环保部门,辽宁省,桓仁县, 溶洞,240.0,1993
辽宁会元仙人洞,辽宁省,21832059,县市级,地质遗迹,环保部门,辽宁省,抚顺市顺城区,地质遗迹,14.0,1991
金石滩,辽宁省,21838039,县市级,地质遗迹,其他部门,辽宁省,大连市金州区,地质遗迹、古生物化石,3960.0,19860301
辽宁北票鸟化石国家级自然保护区,辽宁省,21917002,国家级,古生物遗迹,国土部门,辽宁省,北票市,中生代晚期凝灰质沙页岩中鸟化石等古生物化石群,4630.0,19970518
义县古生物化石,辽宁省,21927035,省级,古生物遗迹,国土部门,辽宁省,义县,晚中生代热河生物群生物化石,23800.0,20021207
朝阳古生物化石群,辽宁省,21937055,县市级,古生物遗迹,国土部门,辽宁省,朝阳县,古生物化石,113600.0,20020701
彰武千佛山,辽宁省,辽65,县市级,森林生态,林业部门,辽宁省,彰武县,油松、樟松、五角枫等森林生态系统及古生物遗迹,860.0,20011201
本溪地质遗迹市级,辽宁省,辽33,县市级,地质遗迹,环保部门,辽宁省,本溪市,地质遗迹,4676.0,20040501
恒仁大凹岭,辽宁省,辽41,县市级,森林生态,林业部门,辽宁省,桓仁满族自治县,森林,1459.4,20031201
蛇岛老铁山,辽宁省,辽11,国家级,野生动物,环保部门,辽宁省,大连市旅顺口区,蝮蛇、候鸟及其生境,9072.0,19800806
付家樟子松,辽宁省,辽77,县市级,野生植物,林业部门,辽宁省,昌图县,樟子松母树林,640.0,19810701
孙家店,辽宁省,辽82,县市级,森林生态,林业部门,辽宁省,朝阳县,森林生态系统,3600.0,20091222
凤城凤凰山,辽宁省,辽49,省级,森林生态,林业部门,辽宁省,凤城市,红松、黄檗、水曲柳等森林生态系统,2600.0,19811001
刘炮手沟,辽宁省,辽84,县市级,森林生态,林业部门,辽宁省,朝阳县,森林生态系统,4930.0,20091222
丹东鸭绿江口湿地,辽宁省,辽42,国家级,海洋海岸,环保部门,辽宁省,丹东市,沿海滩涂湿地及珍稀水禽,101000.0,19870701
长山列岛海洋生物,辽宁省,辽16,县市级,野生动物,海洋部门,辽宁省,长海县,皱纹盘鲍、刺参、光棘球海胆等珍稀水生动物,413.0,20040101
石城黑脸琵鹭,辽宁省,辽18,县市级,野生动物,林业部门,辽宁省,庄河市,黑脸琵鹭、黄嘴白鹭等珍稀鸟类及其生境,13950.0,20060101
岫岩清凉山,辽宁省,辽22,省级,森林生态,林业部门,辽宁省,岫岩满族自治县,森林生态系统,4300.0,20000801
老平顶,辽宁省,辽23,县市级,森林生态,林业部门,辽宁省,岫岩满族自治县,油松林、栎林和落叶阔叶林生态系统,1372.5,20010801
龙潭湾,辽宁省,辽24,省级,森林生态,林业部门,辽宁省,岫岩满族自治县,油松林、栎林和落叶阔叶林生态系统,5463.8,20021201
平山白石砬子,辽宁省,辽35,县市级,森林生态,林业部门,辽宁省,本溪市平山区,森林,2076.0,20031101
和尚帽子,辽宁省,辽38,省级,森林生态,林业部门,辽宁省,本溪满族自治县,红松、冷杉为主的原生针阔混交林生态系统,10973.0,20010301
刀尖岭,辽宁省,辽39,县市级,森林生态,林业部门,辽宁省,桓仁满族自治县,,667.0,20031101
柏山,辽宁省,辽102,县市级,野生植物,环保部门,辽宁省,建昌县,天然次生柏树林及其生境,5233.0,19880101
宫山咀苍鹭,辽宁省,辽101,县市级,野生动物,林业部门,辽宁省,建昌县,苍鹭等鸟类及其生境,1919.0,20021001
葫芦岛六股河入海口滨海湿地,辽宁省,辽100,县市级,野生动物,林业部门,辽宁省,建昌县,丹顶鹤、灰鹤、赤麻鸭、绿翅鸭等珍稀鸟类及湿地生态系统,1011.0,20060701
黑山饶阳河湿地,辽宁省,辽55,县市级,湿地生态,林业部门,辽宁省,黑山县、新民市,湿地生态系统及迁徒鸟类,8350.0,20070725
凌河口湿地,辽宁省,辽57,县市级,湿地生态,林业部门,辽宁省,凌海市,湿地生态系统及迁徒鸟类,83556.0,20050401
关山,辽宁省,辽63,省级,森林生态,林业部门,辽宁省,阜新蒙古族自治县,森林生态系统,4835.0,20051201
凡河,辽宁省,辽72,省级,湿地生态,林业部门,辽宁省,铁岭市铁岭县,内陆湿地生态系统及水源涵养林,51205.0,20071201
榛子岭,辽宁省,辽73,县市级,森林生态,林业部门,辽宁省,铁岭县,森林生态系统,32051.1,20011217
寇河湿地与水源林,辽宁省,辽74,县市级,湿地生态,林业部门,辽宁省,西丰县,湿地生态系统及水资源,1449.8,20090915
冰砬山,辽宁省,辽75,县市级,森林生态,林业部门,辽宁省,西丰县,森林生态系统,6666.7,20061020
曾家寨苍鹭,辽宁省,辽79,县市级,森林生态,林业部门,辽宁省,开原市,苍鹭及森林生态系统,811.0,20060109
椴木头沟,辽宁省,辽81,省级,森林生态,林业部门,辽宁省,朝阳市,森林生态系统,4857.0,20090401
天秀山,辽宁省,辽90,省级,森林生态,林业部门,辽宁省,建平县,暖温带半干旱季风气候条件下的石灰岩山地矮林生态系统,2425.0,20091215
五花顶,辽宁省,辽98,省级,森林生态,林业部门,辽宁省,绥中县,森林及野生动植物,2558.0,20111029
重庆缙云山,重庆市,50111002,国家级,森林生态,林业部门,重庆市,重庆市北碚区、沙坪坝区、璧山县,"亚热带常绿阔叶林
森林植被及其生境所形成的自然生态系统",7600.0,19790401
重庆四面山,重庆市,50121007,省级,森林生态,林业部门,重庆市,重庆市江津区,亚热带常绿阔叶林珍稀野生动植物,22433.0,19820401
重庆武隆白马山,重庆市,50121008,省级,森林生态,林业部门,重庆市,武隆县,"亚热带常绿阔叶林
野生动植物资源",7200.0,19981001
重庆大风堡,重庆市,50121009,省级,野生植物,林业部门,重庆市,石柱土家族自治县,"水杉及其生境
中亚热带森林植被、云豹和红豆杉、珙桐等一系列国家重庆保护野生动植物",22043.2,19901101
重庆华蓥山,重庆市,50121013,省级,森林生态,林业部门,重庆市,重庆市渝北区,"森林植被等
野生动植物退化生态的恢复群落",4555.8,20020601
重庆王二包,重庆市,50121016,省级,森林生态,林业部门,重庆市,重庆市万州区,"常绿阔叶林
珍稀动、植物",7496.0,20011201
重庆江南,重庆市,50121018,省级,森林生态,林业部门,重庆市,巫山县,"亚热带常绿阔叶林
野生动植物森林植被类型",37051.9,20000901
重庆大木山,重庆市,50121019,省级,森林生态,林业部门,重庆市,重庆市涪陵区,"常绿阔叶林
原始次生林区、濒危珍稀野生动植物三峡库区水源涵养林",14480.1,20010301
重庆西山桫椤,重庆市,50131021,县市级,野生植物,林业部门,重庆市,大足县,桫椤等珍稀植物,988.4,19980801
重庆嘉陵江小三峡,重庆市,50131023,县市级,森林生态,林业部门,重庆市,重庆市北碚区,"亚热带常绿阔叶林
森林植物",2847.0,20001101
重庆金刀峡,重庆市,50131024,县市级,森林生态,林业部门,重庆市,重庆市北碚区,"亚热带常绿阔叶林
森林植物",1734.0,20001101
重庆茅庵,重庆市,50131025,县市级,森林生态,林业部门,重庆市,重庆市北碚区,"亚热带常绿阔叶林
森林植物",1898.0,20001101
重庆黑山,重庆市,50131031,县市级,森林生态,林业部门,重庆市,重庆市万盛区,"常绿阔叶林
森林生态系统",10136.0,20011201
重庆太阳山,重庆市,50131034,县市级,森林生态,林业部门,重庆市,秀山土家族苗族自治县,"森林、水源地
区内人文景观、倒马坎红军战斗遗址等珍稀动植物资源",17200.0,20000801
重庆天坑地缝,重庆市,50131035,县市级,森林生态,林业部门,重庆市,奉节县,珍稀野生动植物,40900.0,2000
重庆梨子坪,重庆市,50131036,县市级,森林生态,林业部门,重庆市,巫山县,"亚热带常绿阔叶林
野生动植物森林植被",1397.0,20000920
重庆七跃山,重庆市,50131039,县市级,野生植物,林业部门,重庆市,彭水苗族土家族自治县,"珍稀野生植物
红豆杉、楠木、水杉",62000.0,20001001
重庆龙河流域,重庆市,50131046,县市级,森林生态,林业部门,重庆市,丰都县,龙河湿地、亚热带常绿,29129.0,2002
天鹅湖,重庆市,50132050,县市级,森林生态,环保部门,重庆市,奉节县,森林生态系统,1333.24,20021001
重庆南天湖,重庆市,50421012,省级,湿地生态,林业部门,重庆市,丰都县,"高山湿地及珍稀野生动植物
野生动植物亚热带常绿林",18136.5,20020316
重庆五里坡,重庆市,50621006,国家级,森林生态,林业部门,重庆市,巫山县,"亚热带常绿阔叶林
野生动植物森林植被类型",35276.6,20000901
重庆安澜鹭类,重庆市,50621011,省级,野生动物,林业部门,重庆市,重庆市巴南区,"鹭类及其生境
白鹭--牛背鹭--黄竹野生生物群落",1004.0,19990801
重庆武陵山,重庆市,50621015,省级,野生动物,林业部门,重庆市,重庆市黔江区,珙桐、金丝猴、云豹等珍稀动植物,7011.0,20000701
重庆大板营,重庆市,50621017,省级,森林生态,林业部门,重庆市,酉阳土家族苗族自治县,"森林及红腹锦鸡、水杉等珍稀动植物
珍稀濒危野生动植物及其生活环境构成的森林生态系统云豹、豹、穿山甲、珙桐、南方红豆杉、秃松",21246.4,19991001
重庆阴条岭,重庆市,50621020,国家级,野生植物,林业部门,重庆市,巫溪县,"珙桐等珍稀植物
野生动物ⅠⅡ、野生植物ⅠⅡ以珍稀野生动植物及其春生境为主的自然生态系统和以物种多样性为主的自然生态系统",22423.1,20000801
重庆黄岭鹭类,重庆市,50631022,县市级,野生动物,林业部门,重庆市,璧山县,"鹭类及其生境
白鹭、夜鹭、池鹭",1500.0,20000901
重庆三多桥鹭类,重庆市,50631027,县市级,野生动物,林业部门,重庆市,九龙坡区,白鹭、池鹭、夜鹭等,150.0,1998
重庆凤凰山鹭类,重庆市,50631028,县市级,野生动物,林业部门,重庆市,沙坪坝区,白鹭、池鹭、夜鹭等,1500.0,1999
重庆中山白鹭,重庆市,50631030,县市级,野生动物,林业部门,重庆市,江津市,白鹭,666.7,2001
重庆万隆,重庆市,50631032,县市级,森林生态,林业部门,重庆市,綦江县,"亚热带常绿阔叶林
猕猴",4800.0,20000301
重庆巴营,重庆市,50631041,县市级,野生动物,林业部门,重庆市,忠县,"森林植被
珍稀野生动植物",2000.0,20010801
重庆精华,重庆市,50631042,县市级,森林生态,林业部门,重庆市,忠县,"森林生态系统
珍稀野生动植物",4000.0,20010801
重庆芙蓉江黑叶猴,重庆市,50631044,县市级,野生动物,林业部门,重庆市,武隆县,"野生动物及其生境
黑叶猴",21.6,20030801
合川大口鲶,重庆市,50633048,县市级,野生动物,农业部门,重庆市,重庆市合川区,大口鲶及其生境,2000.0,19991001
三黛沟,重庆市,50636049,县市级,野生动物,农业部门,重庆市,酉阳土家族苗族自治县,大鲵及其生境,9400.0,19890701
重庆大巴山,重庆市,50711001,国家级,野生植物,林业部门,重庆市,城口县,"森林生态系统及崖柏等珍稀野生植物
具有代表性的中亚热带森林生态系统及其景观及珍稀濒危植物",136017.0,19790501
重庆金佛山,重庆市,50711003,国家级,野生植物,林业部门,重庆市,重庆市南川区,银杉、黑叶猴等珍稀野生动植物及其森林生态系统,41850.0,19790701
重庆雪宝山,重庆市,50721010,国家级,森林生态,林业部门,重庆市,开县,"森林及珍稀动植物
崖柏、珍稀濒危野生动植物",23452.0,20000401
重庆老瀛山,重庆市,50721014,省级,森林生态,林业部门,重庆市,綦江县,"亚热带常绿阔叶林
红豆杉",3414.0,20000301
重庆圣灯山,重庆市,50731026,县市级,野生植物,林业部门,重庆市,重庆市巴南区,"野生植物及森林生态系统
圣灯寺等名胜古迹",19.0,19820501
重庆滚子坪,重庆市,50731029,县市级,野生植物,林业部门,重庆市,重庆市江津区,桫椤及其生境,1933.0,20010401
重庆长田,重庆市,50731033,县市级,森林生态,林业部门,重庆市,綦江县,"亚热带常绿阔叶林
红豆杉、福建柏",19800.0,20010301
重庆茂云山,重庆市,50731038,县市级,野生动物,林业部门,重庆市,彭水苗族土家族自治县,"珍稀野生动物
云豹、黑叶猴、五步蛇",129000.0,20001001
重庆石子,重庆市,50731040,县市级,野生植物,林业部门,重庆市,忠县,"森林植被
珍稀野生动植物",5333.0,20010801
重庆忠县天池,重庆市,50731043,县市级,野生植物,林业部门,重庆市,忠县,"红豆杉、水杉等珍稀植物
珍稀野生动植物",4200.0,19570201
重庆江东桫椤,重庆市,50731045,县市级,森林生态,林业部门,重庆市,重庆市涪陵区,桫椤及其生境,2500.0,20030801
重庆七跃山,重庆市,50731047,县市级,野生植物,林业部门,重庆市,云阳县,珍稀野生植物典型地区,80000.0,2002
天坑地缝,重庆市,50822005,省级,地质遗迹,环保部门,重庆市,奉节县,地质遗迹,26458.0,19981201
小南海,重庆市,50828004,省级,地质遗迹,其他部门,重庆市,重庆市黔江区,地震遗迹,15000.0,19990301
天生三桥,重庆市,50838037,县市级,地质遗迹,其他部门,重庆市,武隆县, 地质遗迹,100.0,2000
忠县湿地,重庆市,渝34,县市级,湿地生态,林业部门,重庆市,忠县,湿地生态系统,300.0,20080401
小金四姑娘山,重庆市,,---,野生动物,环保部门,重庆市,小金县,野生动物及高山生态系统,56000.0,19950301
四川友谊野生动物,重庆市,川121,县市级,野生动物,林业部门,重庆市,新龙县,白唇鹿等珍稀野生动植物及其生境,71452.0,20000101
宅垄,重庆市,,---,森林生态,林业部门,重庆市,小金县,森林及野生动植物,25071.0,20030101
四川雷波麻咪泽,重庆市,川167,省级,森林生态,林业部门,重庆市,雷波县,野生动植物及其生境,38800.0,20010301
闻溪西河湿地,重庆市,川37,县市级,湿地生态,林业部门,重庆市,剑阁县,湿地生态系统及野生动植物,58000.0,20051201
太和鹭鸟,重庆市,川45,县市级,野生动物,林业部门,重庆市,南充市嘉陵区,白鹭类及其生境,1860.0,19871001
四川甘洛马鞍山,重庆市,川165,省级,森林生态,林业部门,重庆市,甘洛县,森林及野生动植物,40826.0,20010101
澎溪河湿地,重庆市,,---,---,林业部门,重庆市,开县,湿地生态系统,3686.0,20080101
江津段湿地,重庆市,渝17,县市级,湿地生态,林业部门,重庆市,重庆市江津区,湿地生态系统,1178.0,20090401
龙河湿地,重庆市,渝28,县市级,湿地生态,林业部门,重庆市,丰都县,湿地生态系统,4000.6,20080101
长寿湖,重庆市,渝30,县市级,湿地生态,林业部门,重庆市,垫江县,湿地生态系统,8912.0,20080101
阳水河湿地,重庆市,渝32,县市级,湿地生态,林业部门,重庆市,武隆县,湿地生态系统,6996.0,20090201
彭溪河湿地,重庆市,渝39,县市级,湿地生态,林业部门,重庆市,开县,湿地生态系统,3686.0,20080101
小江湿地,重庆市,渝41,县市级,湿地生态,林业部门,重庆市,云阳县,湿地生态系统,6736.0,20081201
七曜山,重庆市,渝42,省级,森林生态,林业部门,重庆市,云阳县,森林生态系统,10174.79,20050401
巫山段湿地,重庆市,渝46,县市级,湿地生态,林业部门,重庆市,巫山县,湿地生态系统,24549.0,20071201
石柱段湿地,重庆市,渝50,县市级,湿地生态,林业部门,重庆市,石柱县,湿地生态系统,1529.49,20090401
乌江彭水长溪河,重庆市,渝55,省级,野生动物,农业部门,重庆市,彭水苗族土家族自治县,特有鱼类及其生境,83.0,20070201
陕西太白山,陕西省,61111002,国家级,森林生态,林业部门,陕西省,太白县、眉县、周至县,森林生态系统、大熊猫、金丝猴、扭角羚、羚牛等濒危动物,56325.0,19650909
陕西子午岭,陕西省,61111005,国家级,森林生态,林业部门,陕西省,富县,森林生态系统及豹、黑鹳、金雕等濒危动物,40621.0,19990101
陕西化龙山,陕西省,61121031,国家级,森林生态,林业部门,陕西省,镇坪县、平利县,"森林植物、野生动物
珙桐、银鹊树、豹",28103.0,20010801
陕西龙池,陕西省,61121034,省级,森林生态,林业部门,陕西省,西乡县,金雕、豹、云豹等,34200.0,2002
陕西宝峰山,陕西省,61121035,省级,森林生态,林业部门,陕西省,略阳县,"扭角羚为主的珍稀动植物
云豹、豹、金肩雕等",29485.0,20020801
陕西屋梁山,陕西省,61121037,省级,森林生态,林业部门,陕西省,凤县,云豹、羚牛、秦岭冷杉等,13700.0,2002
陕西旬邑石门山,陕西省,61131042,县市级,森林生态,林业部门,陕西省,旬邑县,"森林生态系统
水曲柳、豹",30049.0,20000702
陕西神木臭柏,陕西省,61131043,县市级,森林生态,林业部门,陕西省,神木县,臭柏林,7902.0,19860101
陕西府谷杜松,陕西省,61131047,县市级,森林生态,林业部门,陕西省,府谷县,杜松林,6368.0,19820101
陕西大荔沙苑,陕西省,61332046,县市级,荒漠生态,环保部门,陕西省,大荔县,荒漠生态系统,5000.0,19991202
陕西新开岭,陕西省,61421008,省级,森林生态,林业部门,陕西省,商南县,"豹、云豹、珙桐等野生动植物
林麝、黑鹳等",14963.0,20040101
陕西野河,陕西省,61421009,省级,野生动物,林业部门,陕西省,扶风县,豹、林麝、金雕等珍稀野生动物,10996.0,20040101
陕西太安,陕西省,61421010,省级,野生动物,林业部门,陕西省,宜君县,金钱豹、金雕、林麝等野生动物,25872.0,20040101
陕西铜川香山,陕西省,61421011,省级,野生动物,林业部门,陕西省,铜川市耀州区,黑鹳、金钱豹、林麝等野生动物,14196.0,20040101
陕西延安柴松,陕西省,61421012,省级,野生动物,林业部门,陕西省,富县,金钱豹、金雕、黑鹳等野生动物,17640.0,20040101
陕西鹰嘴石,陕西省,61421020,省级,野生动物,林业部门,陕西省,镇安县,"扭角羚、云豹等野生动物
羚牛、林麝、金雕等",11462.0,20040101
陕西天竺山,陕西省,61421021,省级,森林生态,林业部门,陕西省,山阳县,"金钱豹、金雕、白肩雕等野生动物
林麝、豹、云豹等",21685.0,20040101
陕西太白牛尾河,陕西省,61421022,省级,湿地生态,林业部门,陕西省,太白县,大熊猫、金丝猴、豹等野生动物,13492.0,20040101
陕西黄龙山天然林,陕西省,61421024,省级,野生动物,林业部门,陕西省,黄龙县,金钱豹、金雕等珍稀野生动物,35563.0,20040101
陕西瀛湖湿地,陕西省,61421028,省级,湿地生态,林业部门,陕西省,安康市汉滨区,"湿地生态系统
大鲵、黑鹳、赤腹鹰等",19800.0,20020101
陕西西安市泾渭湿地,陕西省,61421030,省级,湿地生态,林业部门,陕西省,西安市灞桥区,"湿地及水禽
大天鹅、大鸨、白肩雕等",6353.0,20011101
陕西黄河湿地,陕西省,61431044,县市级,湿地生态,林业部门,陕西省,韩城县、合阳县、大荔县、华阴县、潼关县,丹顶鹤、大鸨、黑鹳等,67600.0,1996
红碱淖,陕西省,61432039,县市级,湿地生态,环保部门,陕西省,神木县, 遗鸥、白天鹅等鸟类及湿地生态系统,21700.0,19960101
灵口大鲵,陕西省,61432040,县市级,湿地生态,环保部门,陕西省,洛南、蓝田县, 大鲵及其生境,27750.0,1999
合阳湿地,陕西省,61438041,县市级,湿地生态,其他部门,陕西省,合阳县, 湿地生态系统、珍禽,16800.0,1996
陕西牛背梁,陕西省,61611001,国家级,野生动物,林业部门,陕西省,柞水县、西安市长安区、宁陕县,"扭角羚等珍稀动物及其栖息地
羚牛及其栖息地",16418.0,19880509
陕西周至,陕西省,61611003,国家级,野生动物,林业部门,陕西省,周至县,"金丝猴等野生动物及其生境
金丝猴、大熊猫",56393.0,19880509
陕西长青,陕西省,61611004,国家级,野生动物,林业部门,陕西省,洋县,大熊猫、扭角羚、林麝等珍稀动物及其生境,29906.0,19940101
陕西汉中朱鹮,陕西省,61611006,国家级,野生动物,林业部门,陕西省,洋县、城固县,朱鹮及其生境,37549.0,19830101
陕西佛坪,陕西省,61611007,国家级,野生动物,林业部门,陕西省,佛坪县,大熊猫、金丝猴、扭角羚等野生动物及森林生态系统,29240.0,19781215
陕西观音山,陕西省,61621018,国家级,野生动物,林业部门,陕西省,佛坪县,红豆杉、独叶草等,13500.0,2002
陕西延安黄龙山褐马鸡,陕西省,61621026,国家级,野生动物,林业部门,陕西省,黄龙县、宜川县,褐马鸡及其生境,81753.0,20010825
陕西青木川,陕西省,61621027,国家级,野生动物,林业部门,陕西省,宁强县,金丝猴、扭角羚、大熊猫等珍稀动物,10200.0,20030521
陕西宁陕大熊猫,陕西省,61621029,省级,野生动物,林业部门,陕西省,宁陕县,大熊猫、羚牛,26732.0,2001
陕西桑园,陕西省,61621032,省级,野生动物,林业部门,陕西省,留坝县,大熊猫、豹、羚牛等,13800.0,2002
陕西韩城黄龙山褐马鸡,陕西省,61621033,国家级,野生动物,林业部门,陕西省,韩城市,褐马鸡及其生境,37756.0,20031021
陕西摩天岭,陕西省,61621036,省级,野生动物,林业部门,陕西省,勉县,大熊猫、金丝猴、羚牛等,11700.0,2002
陕西天华山,陕西省,61621038,国家级,野生动物,林业部门,陕西省,宁陕县,大熊猫、金丝猴、扭角羚等野生动物及其生境,25485.0,20020801
太白胥水河,陕西省,61623019,省级,野生动物,农业部门,陕西省,太白县, 大鲵、细鳞鲑、哲罗鲑等水生动物,5740.0,1990
龙池猕猴,陕西省,61628015,省级,野生动物,其他部门,陕西省,汉中市, 猕猴种群及其生境,34192.0,2002
陕西马家,陕西省,61628016,省级,野生动物,其他部门,陕西省,汉中市, 大熊猫为主的珍稀动植物及其生境,10200.0,2002
陕西宝峰山,陕西省,61628017,省级,野生动物,其他部门,陕西省,汉中市, 羚牛为主的珍稀动植物及其生境,29485.0,2002
陕西屋梁山,陕西省,61628023,省级,野生动物,其他部门,陕西省,宝鸡凤县, 羚牛、云豹等珍稀动物,13684.0,2002
陕西桑园,陕西省,61628025,国家级,野生动物,其他部门,陕西省,汉中市,大熊猫及栖息生境,13806.0,2002
陕西周至老县城,陕西省,61631045,国家级,野生动物,林业部门,陕西省,周至县,"大熊猫及其生境
金丝猴、羚牛",12611.0,19930101
东秦岭地质剖面,陕西省,61827013,省级,地质遗迹,国土部门,陕西省,柞水县、镇安县、周至县,泥盆系地质剖面,25.0,19900101
陕西黄龙铺－石门地质剖面,陕西省,61827014,省级,地质遗迹,国土部门,陕西省,洛南县、蓝田县,远古界岩相地质剖面,100.0,19870101
陕西太白湑水河,陕西省,陕13,国家级,野生动物,农业部门,陕西省,太白县,大鲵、细鳞鲑、哲罗鲑等水生动物,5343.0,19901126
陕西宁陕平河梁,陕西省,陕47,省级,野生动物,林业部门,陕西省,宁陕县,大熊猫、扭角羚、金丝猴、林麝等野生动物,15578.0,20060101
陕西紫柏山,陕西省,陕12,国家级,野生动物,林业部门,陕西省,凤县,扭角羚、云豹等珍稀动物,17472.0,20030101
陕西米仓山,陕西省,陕31,国家级,森林生态,林业部门,陕西省,西乡县,森林生态系统及珍稀动植物,34192.0,20030820
陕西黄柏塬,陕西省,陕15,省级,野生动物,林业部门,陕西省,太白县,大熊猫为主的野生动物资源,21865.0,20060101
陕西佛坪观音山,陕西省,陕38,省级,野生动物,林业部门,陕西省,佛坪县,大熊猫等珍稀动物及其生境,13534.0,20020801
略阳珍稀水生动物,陕西省,,---,野生动物,林业部门,陕西省,略阳县,大鲵及其生境,3415.0,20060101
陕西合阳黄河湿地,陕西省,陕21,省级,湿地生态,林业部门,陕西省,合阳县、韩城市、大荔,湿地生态系统、珍禽,57348.0,19960201
陇县秦岭细鳞鲑,陕西省,陕09,国家级,野生动物,农业部门,陕西省,陇县,细鳞鲑及其生境,6559.0,20011101
陕西周至黑河湿地,陕西省,陕03,省级,湿地生态,林业部门,陕西省,周至县,湿地生态系统,13126.0,20060101
陕西黑河珍稀水生野生动物,陕西省,陕05,省级,野生动物,农业部门,陕西省,周至县,秦岭细鳞鲑、大鲵、水獭等珍稀野生动物及其栖息地,4619.0,20120101
陕西千湖湿地,陕西省,陕10,省级,湿地生态,林业部门,陕西省,千阳县,湿地生态系统及珍稀水禽,7156.0,20060101
陕西安舒庄,陕西省,陕11,省级,森林生态,林业部门,陕西省,宝鸡市麟游县,渭北黄土丘陵沟壑区典型森林系统及其野生动植物,11016.0,20110101
陕西翠屏山,陕西省,陕17,县市级,森林生态,林业部门,陕西省,永寿县,森林生态系统,19200.0,20030101
陕西爷台山,陕西省,陕19,县市级,野生动物,林业部门,陕西省,淳化县,金钱豹、锦鸡、水曲柳等野生动植物,10000.0,20030101
陕西劳山,陕西省,陕23,省级,森林生态,林业部门,陕西省,甘泉县,森林生态系统,20317.0,20091216
陕西桥山,陕西省,陕26,省级,森林生态,林业部门,陕西省,富县,森林生态系统,24650.8,20091216
陕西汉江湿地,陕西省,陕32,省级,湿地生态,林业部门,陕西省,勉县、汉中市汉台区、城固县、西乡县,湿地生态系统,33605.0,20091216
陕西略阳大鲵,陕西省,陕34,省级,野生动物,林业部门,陕西省,略阳县,大鲵及其生境,5600.0,20060101
陕西留坝摩天岭,陕西省,陕36,省级,野生动物,林业部门,陕西省,留坝县,大熊猫、扭角羚等珍稀动物及栖息地,8520.0,20020801
陕西榆横臭柏,陕西省,陕40,县市级,森林生态,林业部门,陕西省,榆林市榆阳区、横山县,臭柏林,25966.0,20000101
陕西无定河,陕西省,陕44,省级,湿地生态,林业部门,陕西省,横山县,湿地生态系统,11480.0,20091216
陕西洛南大鲵,陕西省,陕51,省级,野生动物,其他部门,陕西省,洛南县,大鲵及其生境,5715.0,19990401
陕西丹江武关河,陕西省,陕52,省级,野生动物,农业部门,陕西省,丹江县,大鲵、水獭等珍稀野生动物及其生境,9029.0,20100101
陕西省皇冠山县级自然保护区,陕西省,61621048,省级,野生动物,林业部门,陕西省,宁陕县,大熊猫及其栖息地,12372.0,20010401
青海循化孟达,青海省,63111004,国家级,森林生态,林业部门,青海省,循化撒拉族自治县,森林生态系统及太白红杉、桃儿七等珍稀生物物种,17290.0,19800403
青海大通北川河源区,青海省,63121009,国家级,森林生态,林业部门,青海省,大通回族土族自治县,森林生态系统,198300.0,20051001
青海柴达木梭梭林,青海省,63321006,国家级,荒漠生态,林业部门,青海省,德令哈市,梭梭林、鹅喉羚及荒漠植被等生态系统,373391.0,20000501
青海格尔木胡杨林,青海省,63321008,省级,荒漠生态,林业部门,青海省,格尔木市,胡杨林及荒漠植被等生态系统,4200.0,20000501
青海三江源,青海省,63411001,国家级,湿地生态,林业部门,青海省,治多、玉树、囊谦、称多、杂多、曲玛莱、久治、班玛、玛沁、玛多、泽库、河南、兴海、同德、格尔木市,珍稀动物及湿地、森林、高寒草甸等,15230000.0,20000523
青海可可西里,青海省,63411002,国家级,野生动物,林业部门,青海省,治多县、曲麻莱县,藏羚羊、野牦牛等动物及高原生态系统,4500000.0,19951008
青海玉树隆宝,青海省,63411003,国家级,湿地生态,林业部门,青海省,玉树县,黑颈鹤、天鹅等水禽及草甸生态系统,10000.0,19860709
青海湖,青海省,63411005,国家级,野生动物,林业部门,青海省,刚察县、共和县、海晏县,黑颈鹤,495200.0,19750808
青海克鲁克湖-托索湖,青海省,63421007,省级,野生动物,林业部门,青海省,德令哈市,水禽鸟类与湿地生态系统,41120.0,20000501
诺木洪,青海省,青11,省级,荒漠生态,环保部门,青海省,都兰县,荒漠生态系统、地质遗迹、野生动植物等,118000.0,20051001
海北祁连山,青海省,青03,省级,森林生态,林业部门,青海省,海北藏族自治州,森林生态系统及高寒湿地、冰川、珍稀野生动植物,834700.0,20051201
黑龙江八岔岛,黑龙江省,23111004,国家级,湿地生态,林业部门,黑龙江省,同江市,湿地水域生态系统及珍稀动物,32014.0,19991001
黑龙江凉水,黑龙江省,23111005,国家级,森林生态,林业部门,黑龙江省,伊春市带岭区,以红松为主的温带针阔叶混交林及其生态系统,12133.0,19800707
黑龙江丰林,黑龙江省,23111006,国家级,森林生态,林业部门,黑龙江省,伊春市五营区,为以红松为主的北温带针阔叶混交林生态系统和珍稀的野生动物植物资源,18400.0,19580614
黑龙江牡丹峰,黑龙江省,23111007,国家级,森林生态,林业部门,黑龙江省,牡丹江市东安区,原始森林,19648.0,19810505
黑龙江呼中,黑龙江省,23111010,国家级,森林生态,林业部门,黑龙江省,大兴安岭地区,寒温带针叶落叶林生态系统及野生动植物,167213.0,19840509
黑龙江山河屯大峡谷,黑龙江省,23121017,省级,森林生态,林业部门,黑龙江省,五常市,森林生态系统,24998.0,2004
黑龙江兴隆平顶山,黑龙江省,23121019,省级,森林生态,林业部门,黑龙江省,巴彦县,森林生态系统,38081.0,2004
黑龙江苇河鹰咀峰,黑龙江省,23121020,省级,森林生态,林业部门,黑龙江省,尚志市,森林生态系统,30981.0,2004
黑龙江清河响水河,黑龙江省,23121021,省级,森林生态,林业部门,黑龙江省,通河县,森林生态系统,21030.0,2004
黑龙江方正蝴蝶岭,黑龙江省,23121022,省级,森林生态,林业部门,黑龙江省,方正县,森林生态系统,28557.0,2004
黑龙江茅兰沟,黑龙江省,23121036,省级,森林生态,林业部门,黑龙江省,嘉荫县,森林生态系统及自然景观,47218.0,2002
黑龙江细鳞河,黑龙江省,23121039,省级,森林生态,林业部门,黑龙江省,鹤岗市,"森林、湿地生态系统及其珍稀动物
黑熊、马鹿",20617.0,20040902
黑龙江双河,黑龙江省,23121071,国家级,森林生态,林业部门,黑龙江省,塔河县,寒温带森林生态系统、森林沼泽系统及濒危物种,88849.0,20050316
黑龙江盘中,黑龙江省,23121074,省级,森林生态,林业部门,黑龙江省,塔河县,"森林生态系统
火烧区森林生态",55074.0,20060125
黑龙江绰纳河,黑龙江省,23121075,国家级,湿地生态,林业部门,黑龙江省,大兴安岭地区,寒温带针叶林与温带针阔叶混交林,105580.0,20050316
黑龙江岭峰,黑龙江省,23121076,省级,森林生态,林业部门,黑龙江省,漠河县,"寒温带针叶林及紫貂、原麝、貂熊等濒危动物
森林生态系统和湿地及野生动物",68373.0,20060125
黑龙江北极村,黑龙江省,23121077,省级,森林生态,林业部门,黑龙江省,漠河县,"寒温带森林生态系统、森林湿地生态系统
及栖息野生动物",137553.0,20060125
镜泊湖,黑龙江省,23128047,省级,森林生态,其他部门,黑龙江省,宁安县,水域、森林生态系统及火山口、溶洞、熔岩台地等地质地貌,126000.0,19801101
黑龙江甘南,黑龙江省,23131082,县市级,森林生态,林业部门,黑龙江省,甘南县,樟子松、落叶松,3065.0,2000
黑龙江克山涌泉,黑龙江省,23131083,县市级,森林生态,林业部门,黑龙江省,克山县,天然次生林及野生动物,9540.0,19990501
黑龙江双河林木,黑龙江省,23131089,县市级,森林生态,林业部门,黑龙江省,绥化市,次生林,1190.0,19890601
黑龙江半截河,黑龙江省,23131090,县市级,森林生态,林业部门,黑龙江省,绥棱县,天然次生林,1196.0,1999
黑龙江青岗新青森林,黑龙江省,23131091,县市级,森林生态,林业部门,黑龙江省,青岗县,人工林,1470.0,1999
黑龙江绿色,黑龙江省,23131093,县市级,森林生态,林业部门,黑龙江省,甘南县,樟子松、落叶松,3065.0,2000
黑龙江四海店,黑龙江省,23131095,县市级,森林生态,林业部门,黑龙江省,绥棱县,森林及野生动植物,350.0,19920121
宾县二龙山,黑龙江省,23131097,县市级,森林生态,林业部门,黑龙江省,宾县,天然次生林,8500.0,19800420
黑龙江丹青河,黑龙江省,23131099,县市级,森林生态,林业部门,黑龙江省,依兰县,天然次生林,43333.0,1986
黑龙江七台河龙山,黑龙江省,23131100,县市级,森林生态,林业部门,黑龙江省,七台河市,天然次生林,6307.5,19991201
黑龙江羊鼻山,黑龙江省,23131101,县市级,森林生态,林业部门,黑龙江省,双鸭山市,"森林生态系统及水曲柳、黄菠萝、胡桃楸、蒙古柞、紫椴等珍稀植物
天然次生林",4417.0,19981225
黑龙江西大圈,黑龙江省,23131110,省级,森林生态,林业部门,黑龙江省,勃利县,天然次生林及野生动物,11290.0,19970107
黑龙江巴彦黑山,黑龙江省,23131112,县市级,森林生态,林业部门,黑龙江省,巴彦县,"森林及野生动植物
天然次生林",20000.0,19890501
黑龙江新青,黑龙江省,23131113,县市级,森林生态,林业部门,黑龙江省,青岗县,林木,4470.0,1991
嘉荫次生林,黑龙江省,23132138,县市级,森林生态,环保部门,黑龙江省,嘉荫县,森林及野生动植物,15015.0,20011214
育新林场,黑龙江省,23132147,县市级,森林生态,林业部门,黑龙江省,海伦市,森林、沼泽及野生动植物,3361.0,19970101
青石岭,黑龙江省,23132158,县市级,森林生态,水利部门,黑龙江省,五大连池市,湿地水域生态系统,20300.0,19971110
二龙山,黑龙江省,23132159,县市级,森林生态,环保部门,黑龙江省,五大连池市, 森林及野生动植物,28000.0,1996
苏苏,黑龙江省,23136135,县市级,森林生态,水利部门,黑龙江省,桦川县,森林生态系统,120.0,19911001
柳河,黑龙江省,23136167,县市级,森林生态,水利部门,黑龙江省,庆安县,森林生态系统及湿地,5160.0,19891129
新城,黑龙江省,23136185,县市级,森林生态,水利部门,黑龙江省,延寿县,"森林及湿地生态系统
野生动植物、自然景观",1200.0,19880605
三扬,黑龙江省,23138139,县市级,森林生态,其他部门,黑龙江省,伊春市红星区,红松母树林,3234.0,1999
友好松园,黑龙江省,23138140,县市级,森林生态,其他部门,黑龙江省,汤旺河, 红松母树林,2430.0,1998
汤旺河源头,黑龙江省,23138141,县市级,森林生态,环保部门,黑龙江省,伊春市汤旺河区,天然阔叶红松林、云冷山林、兴安落叶松林、白桦林,4874.0,19991228
南山林木,黑龙江省,23138143,县市级,森林生态,环保部门,黑龙江省,望奎县,森林、矿泉,1600.0,20000901
团山子,黑龙江省,23138171,县市级,森林生态,其他部门,黑龙江省,哈尔滨市呼兰区,森林及自然景观,342.0,19980701
月牙湖,黑龙江省,23223053,省级,草原草甸,农业部门,黑龙江省,虎林市,小叶樟、草甸,5130.0,1986
黑龙江和平青龙,黑龙江省,23232146,县市级,草原草甸,环保部门,黑龙江省,绥化市,盐碱草原草甸、森林生态系统及野生动植物,6500.0,20000301
宋站,黑龙江省,23232149,县市级,草原草甸,环保部门,黑龙江省,肇东市, 草原生态系统,14666.0,1999
黑龙江四方山草原,黑龙江省,23232150,县市级,草原草甸,其他部门,黑龙江省,肇东市,草原生态系统,12000.0,19920201
老虎岗星星草,黑龙江省,23233152,县市级,野生植物,农业部门,黑龙江省,安达市,星星草及草原生态系统,667.0,19921113
立新草原,黑龙江省,23233156,县市级,草原草甸,农业部门,黑龙江省,青冈县,羊草草原生态系统,333.0,19890801
移新草原,黑龙江省,23238145,县市级,草原草甸,其他部门,黑龙江省,兰西县,草原及野生动植物,136.0,19891001
青色草原,黑龙江省,23238180,县市级,草原草甸,农业部门,黑龙江省,讷河市,大叶樟、小叶樟及羊草草原生态系统,12564.0,19920808
黑龙江南瓮河,黑龙江省,23411001,国家级,湿地生态,林业部门,黑龙江省,大兴安岭地区松岭区,森林、沼泽、草甸和水域生态系统以及珍稀动植物,229523.0,19991215
黑龙江洪河,黑龙江省,23411003,国家级,湿地生态,林业部门,黑龙江省,同江市,沼泽湿地生态系统及丹顶鹤、白鹤、白头鹤等珍禽,21835.0,19880111
黑龙江兴凯湖,黑龙江省,23411008,国家级,湿地生态,林业部门,黑龙江省,密山市,湿地生态系统及丹顶鹤等珍稀鸟类,222488.0,19860405
黑龙江三江,黑龙江省,23411009,国家级,湿地生态,林业部门,黑龙江省,抚远县,湿地生态系统及东方白鹳等珍禽,198089.0,19940919
黑龙江挠力河,黑龙江省,23411011,国家级,湿地生态,环保部门,黑龙江省,富锦市、饶河县,沼泽湿地生态系统及水禽,160595.4,19981204
黑龙江七星河,黑龙江省,23411014,国家级,湿地生态,林业部门,黑龙江省,宝清县,湿地与水禽,23000.0,1996
黑龙江扎龙,黑龙江省,23411015,国家级,湿地生态,林业部门,黑龙江省,齐齐哈尔市、大庆市,丹顶鹤等珍禽及湿地生态系统,210000.0,19870418
黑龙江三环泡,黑龙江省,23421016,国家级,湿地生态,其他部门,黑龙江省,富锦市,湿地生态系统及丹顶鹤、天鹅、小叶樟,25075.0,19910701
黑龙江绥棱努敏河,黑龙江省,23421018,省级,湿地生态,林业部门,黑龙江省,绥棱县,湿地生态系统,50025.0,20070112
黑龙江细鳞河,黑龙江省,23421023,省级,湿地生态,林业部门,黑龙江省,鹤岗市,森林、水域生态系统,27850.0,2004
黑龙江桦川松花江,黑龙江省,23421024,省级,湿地生态,林业部门,黑龙江省,桦川县,湿地及东方白鹳、丹顶鹤等,26199.0,2004
黑龙江东升,黑龙江省,23421028,省级,湿地生态,其他部门,黑龙江省,宝清县,"湿地生态系统
湿地和鹤类",19244.0,20040901
黑龙江大佳河,黑龙江省,23421032,省级,湿地生态,林业部门,黑龙江省,饶河县,湿地、森林生态系统及珍稀野生动植物,72604.0,20040901
黑龙江安邦河,黑龙江省,23421033,省级,湿地生态,林业部门,黑龙江省,集贤县,湿地生态系统及其珍稀水禽,10295.0,19930301
黑龙江珍宝岛湿地,黑龙江省,23421034,国家级,湿地生态,林业部门,黑龙江省,虎林市,丹顶鹤、白鹳,23750.0,2002
黑龙江桦川湿地,黑龙江省,23421037,省级,湿地生态,林业部门,黑龙江省,桦川县,"内陆湿地生态系统及其珍稀水禽
丹顶鹤、雁鸭类",26199.0,20040901
黑龙江公别拉河,黑龙江省,23421038,省级,湿地生态,林业部门,黑龙江省,黑河市,湿地生态系统及珍稀动植物,51180.0,20051018
黑龙江东升,黑龙江省,23421041,省级,湿地生态,林业部门,黑龙江省,宝清县,"湿地生态系统
丹顶鹤、雁鸭类",19244.0,20040901
黑龙江大佳河,黑龙江省,23421057,省级,湿地生态,林业部门,黑龙江省,密山市,东北虎、丹顶鹤、白鹳,38081.0,2004
黑龙江翠北湿地,黑龙江省,23421061,省级,湿地生态,林业部门,黑龙江省,伊春市五营区,湿地及水禽,31638.0,2002
黑龙江友好,黑龙江省,23421062,国家级,湿地生态,林业部门,黑龙江省,伊春市友好区,森林沼泽生态系统及珍稀动植物,60687.0,20050101
黑龙江乌伊岭湿地,黑龙江省,23421063,国家级,湿地生态,林业部门,黑龙江省,伊春市乌伊岭区,温带森林森林生态系统、沼泽湿地生态系统,43824.0,19990101
黑龙江南北河,黑龙江省,23421068,省级,湿地生态,林业部门,黑龙江省,北安市,湿地及水禽,126691.0,2002
黑龙江库尔滨湿地,黑龙江省,23421069,省级,湿地生态,环保部门,黑龙江省,伊春市红星区,湿地水域生态系统及冷水鱼类,66964.0,20040101
黑龙江东方红湿地,黑龙江省,23421070,国家级,湿地生态,林业部门,黑龙江省,虎林市,湿地生态系统和国家级重点保护动植物物种及其栖息地,31516.0,20050419
黑龙江大沾河湿地,黑龙江省,23421072,国家级,湿地生态,林业部门,黑龙江省,五大连池市,"小兴安岭林区森林湿地生态系统,白头鹤等水禽及其栖息地及温带森林生态系统",211618.0,20060127
黑龙江多布库尔,黑龙江省,23421079,国家级,湿地生态,林业部门,黑龙江省,大兴安岭地区加格达奇区,寒温带湿地生态系统及野生动植物,128959.0,20060125
黑龙江虎口湿地,黑龙江省,23422043,省级,湿地生态,林业部门,黑龙江省,虎林市,内陆湿地生态系统,15000.0,19970204
黑龙江肇东沿江湿地,黑龙江省,23422050,省级,湿地生态,林业部门,黑龙江省,肇东市,湿地生态系统及其珍稀动植物,36700.0,20030312
乌苏里江,黑龙江省,23422052,省级,湿地生态,环保部门,黑龙江省,饶河县,湿地生态系统,39668.0,20010111
水莲,黑龙江省,23422054,省级,湿地生态,环保部门,黑龙江省,萝北县,湿地水域生态系统,8952.0,20030916
安邦河,黑龙江省,23422055,省级,湿地生态,环保部门,黑龙江省,集贤县, 内陆湿地及水域生态系统,3715.0,1993
黑龙江乌伊岭湿地,黑龙江省,23422059,省级,湿地生态,环保部门,黑龙江省,汤旺河,林间湿地,41861.0,2000
山口,黑龙江省,23426045,省级,湿地生态,水利部门,黑龙江省,黑河市,内陆湿地生态系统,94489.9,20021018
六峰湖,黑龙江省,23426046,省级,湿地生态,水利部门,黑龙江省,穆棱市,水域生态系统及野生动植物,6591.0,19961113
黑龙江安兴湿地,黑龙江省,23426073,省级,湿地生态,水利部门,黑龙江省,依兰县,湿地生态系统及鸟类,11000.0,20020304
黑龙江海林莲花湖,黑龙江省,23428048,省级,湿地生态,其他部门,黑龙江省,海林市,水域、森林生态系统和野生动植物,190000.0,19971226
黑龙江翠北湿地,黑龙江省,23428051,省级,湿地生态,其他部门,黑龙江省,伊春市五营区,森林湿地生态系统及其湿地动植物,27730.0,20011015
黑龙江大庆龙凤湿地,黑龙江省,23428058,省级,湿地生态,其他部门,黑龙江省,大庆市龙凤区,湿地水域生态系统,5050.39,20030313
黑龙江红星,黑龙江省,23431084,国家级,湿地生态,林业部门,黑龙江省,红星林业局,森林湿地生态系统,111995.0,2001
黑龙江连环湖,黑龙江省,23431094,县市级,湿地生态,林业部门,黑龙江省,杜尔伯特自治县,天鹅、白鹭、白琵鹭,43000.0,1986
黑龙江杨大犁水禽,黑龙江省,23431098,县市级,野生动物,林业部门,黑龙江省,通河县,"水禽及其生境
雁、鸭",3534.0,19880101
黑龙江饶河,黑龙江省,23431103,县市级,湿地生态,林业部门,黑龙江省,饶河县,湿地,16300.0,2000
黑龙江长吉岗,黑龙江省,23431105,县市级,湿地生态,林业部门,黑龙江省,甘南县,丹顶鹤及湿地生态系统,5321.0,1986
黑龙江同江莲花河,黑龙江省,23432123,县市级,湿地生态,环保部门,黑龙江省,同江市,湿地生态系统及天鹅、丹顶鹤、苍鹭、白头鸥、党参、黄芪、龙胆草等,13000.0,20001103
黑龙江林口莲花,黑龙江省,23432128,县市级,湿地生态,环保部门,黑龙江省,林口县,水域生态系统,15600.0,19991018
黑龙江富锦莲花泡,黑龙江省,23432133,县市级,湿地生态,环保部门,黑龙江省,富锦市,湿地生态系统,3333.0,1996
科洛河,黑龙江省,23432155,县市级,湿地生态,环保部门,黑龙江省,嫩江县,沼泽湿地、水域及水禽,3577.0,19961202
哈拉海,黑龙江省,23432178,县市级,湿地生态,环保部门,黑龙江省,龙江县,湿地生态系统及其珍稀动植物,14564.0,20070813
嘟噜河流域,黑龙江省,23432184,县市级,湿地生态,林业部门,黑龙江省,萝北县,湿地水域生态系统及丹顶鹤、白尾海雕、白头鹤、野生大豆等珍稀动植物,19967.33,20000801
黑龙江农丰湿地,黑龙江省,23433176,县市级,湿地生态,农业部门,黑龙江省,双城市,湿地生态系统,7225.0,20020304
桦树川,黑龙江省,23436125,县市级,湿地生态,水利部门,黑龙江省,宁安市,水域、森林生态系统和野生动植物,50500.0,19961209
金家沟,黑龙江省,23436126,县市级,湿地生态,水利部门,黑龙江省,绥芬河市,水域生态系统,2080.0,20020701
天长山水库,黑龙江省,23436127,县市级,湿地生态,水利部门,黑龙江省,绥芬河市,水域生态系统,267.0,19950101
绥芬河大马哈鱼、滩头鱼,黑龙江省,23436129,县市级,野生动物,农业部门,黑龙江省,东宁县,大马哈鱼、滩头鱼等鱼类及其生境,12992.0,20021110
向阳山水库,黑龙江省,23436137,县市级,湿地生态,水利部门,黑龙江省,桦南县,水源地,86050.0,19870101
东方红水库,黑龙江省,23436148,县市级,湿地生态,水利部门,黑龙江省,海伦市, 湿地、水源地及野生动植物,16600.0,1992
黑龙江东湖湿地,黑龙江省,23436151,省级,湿地生态,水利部门,黑龙江省,安达市,湿地生态系统及丹顶鹤等珍禽,14600.0,20001205
黑龙江石人沟湿地,黑龙江省,23436168,县市级,湿地生态,水利部门,黑龙江省,双城市,湿地生态系统,8500.0,20020304
音河水库,黑龙江省,23436179,县市级,湿地生态,水利部门,黑龙江省,甘南县,湿地生态系统,2964.0,19890124
细鳞河水库,黑龙江省,23436182,县市级,湿地生态,水利部门,黑龙江省,鹤岗市, 饮用水水源,560.0,1998
黑龙江安达红星湿地,黑龙江省,23438153,县市级,湿地生态,环保部门,黑龙江省,安达市,湿地生态系统,7521.0,20000801
庆安北盖,黑龙江省,23438154,县市级,湿地生态,其他部门,黑龙江省,庆安县,湿地及森林生态系统,2078.0,19991201
嫩江东风水库,黑龙江省,23438160,县市级,湿地生态,环保部门,黑龙江省,嫩江县,湿地生态系统,1666.66,19961202
大庆黑鱼泡,黑龙江省,23438166,县市级,湿地生态,其他部门,黑龙江省,大庆市萨尔图区,湿地生态系统,6000.0,19881120
黑龙江蚂蚁河口湿地,黑龙江省,23438172,县市级,湿地生态,其他部门,黑龙江省,方正县,沼泽、滩涂草甸,3480.0,19991228
黑龙江将军石湿地,黑龙江省,23438181,县市级,湿地生态,其他部门,黑龙江省,鹤岗市,湿地及野生动物、文化古迹,1491.0,19970801
黑龙江凤凰山,黑龙江省,23611013,国家级,野生动物,林业部门,黑龙江省,鸡东县,兴凯松林、东北红豆杉、松茸等野生动植物及森林生态系统,26570.0,19890403
黑龙江饶河东北黑蜂国家级自然保护区,黑龙江省,23613012,国家级,野生动物,环保部门,黑龙江省,饶河县,东北黑蜂蜂种及椴树和毛水苏等蜜源植物,270000.0,19800508
黑龙江通河龙口,黑龙江省,23621025,省级,野生动物,林业部门,黑龙江省,通河县,"红松、蒙古栎及森林生态系统
原麝、青羊",10303.0,19971112
黑龙江铁西,黑龙江省,23621026,省级,森林生态,林业部门,黑龙江省,密山市,梅花鹿、马鹿、刺五加等珍稀动植物及森林生态系统,7235.0,19961113
黑龙江曙光天蚕,黑龙江省,23621027,省级,野生动物,林业部门,黑龙江省,鸡东县,天蚕及柞林生态系统,9766.0,19920801
黑龙江松峰山,黑龙江省,23621029,省级,湿地生态,林业部门,黑龙江省,阿城市,"沼泽、滩涂草甸
次生林、古迹",1465.0,19840523
黑龙江山河,黑龙江省,23621030,省级,野生动物,林业部门,黑龙江省,阿城市,林蛙,870.0,1984
黑龙江七星砬子东北虎,黑龙江省,23621031,省级,野生动物,林业部门,黑龙江省,集贤县,东北虎、马鹿等野生动物及其生境,23000.0,19900101
黑龙江胜山,黑龙江省,23621035,国家级,野生动物,林业部门,黑龙江省,黑河市爱辉区,我国最北端的温带森林生态系统和红松、驼鹿等珍稀濒危动植物,60000.0,20030211
黑龙江黑龙宫,黑龙江省,23621042,省级,野生动物,林业部门,黑龙江省,尚志市,林蛙,3600.0,1982
黑龙江朗乡原麝,黑龙江省,23621056,省级,野生动物,林业部门,黑龙江省,伊春市带岭区,原麝等野生动物及红松林生态系统,31355.0,20050101
黑龙江碧水中华秋沙鸭,黑龙江省,23621064,省级,野生动物,林业部门,黑龙江省,伊春市带岭区,中华秋沙鸭及红松林生态系统,2535.0,19970711
黑龙江新青驼鹿,黑龙江省,23621067,省级,野生动物,林业部门,黑龙江省,伊春市新青区,驼鹿,68234.0,2004
勤得利鲟鳇鱼,黑龙江省,23622049,省级,野生动物,环保部门,黑龙江省,同江市,施氏鲟、达氏鳇等珍稀鱼类及其生境,36663.0,19981204
逊别拉河,黑龙江省,23623044,省级,野生动物,农业部门,黑龙江省,逊克县、孙吴县,哲罗鲑、细鳞鱼、茴鱼、大麻哈鱼等冷水性鱼类及其生境,45000.0,19821203
呼玛河,黑龙江省,23623066,省级,野生动物,农业部门,黑龙江省,呼玛县,施氏鲟、细鳞鱼、哲罗鱼、大马哈鱼等冷水鱼类,52050.0,19821203
黑龙江木良林蛙,黑龙江省,23631080,县市级,野生动物,林业部门,黑龙江省,汤原县,林蛙及次生林,500.0,19880501
黑龙江团结林蛙,黑龙江省,23631081,县市级,野生动物,林业部门,黑龙江省,汤原县,林蛙及次生林,440.0,19980501
黑龙江街津山,黑龙江省,23631085,县市级,野生动物,林业部门,黑龙江省,同江市,动物,16333.0,1992
黑龙江引嫩河草原,黑龙江省,23631086,县市级,野生动物,林业部门,黑龙江省,明水县,"草原生态系统
大鸨",2067.0,19900601
黑龙江香磨山,黑龙江省,23631087,县市级,森林生态,林业部门,黑龙江省,木兰县,"水源林及中国林蛙等野生动植物
狼、野兔",38781.0,19950721
黑龙江克山,黑龙江省,23631088,县市级,野生动物,林业部门,黑龙江省,克山县,狐狸,132.0,2000
黑龙江新店林场,黑龙江省,23631092,县市级,野生动物,林业部门,黑龙江省,杜尔伯特蒙古族自治县,"野生动植物及其生境
狐狸、貉子、黄羊",13290.0,19861202
黑龙江白云蕨菜,黑龙江省,23631096,县市级,野生植物,其他部门,黑龙江省,嫩江县,野生蕨菜及其生境,5000.0,19961016
黑龙江卡伦山,黑龙江省,23631102,县市级,野生动物,林业部门,黑龙江省,黑河市,樟子松、落叶松,2553.0,1989
黑龙江大庆小黑山,黑龙江省,23631104,县市级,湿地生态,环保部门,黑龙江省,林甸县,"湿地生态系统及丹顶鹤等野生动物
狼、野兔",8604.0,19980124
黑龙江富裕（水禽）,黑龙江省,23631106,县市级,野生动物,林业部门,黑龙江省,富裕县,丹顶鹤,2880.0,1990
黑龙江富裕（兽类）,黑龙江省,23631107,县市级,野生动物,林业部门,黑龙江省,富裕县,赤狐、獾子,2000.0,1990
黑龙江拉哈山,黑龙江省,23631108,县市级,野生动物,林业部门,黑龙江省,兰西县,"森林及野生动植物
野兔、獾子",7400.0,19980201
黑龙江黑金河,黑龙江省,23631109,县市级,野生动物,林业部门,黑龙江省,汤原县,林蛙,480.0,1988
黑龙江茂山,黑龙江省,23631111,县市级,野生动物,林业部门,黑龙江省,讷河市,丹顶鹤,26641.0,1992
黑龙江宝兴,黑龙江省,23631114,县市级,野生动物,林业部门,黑龙江省,方正县,马鹿、野猪,22500.0,1983
黑龙江亮子河中游,黑龙江省,23631115,县市级,野生动物,林业部门,黑龙江省,汤原县,中国林蛙、黑龙江林蛙,440.0,1988
黑龙江大窝集,黑龙江省,23631116,县市级,野生动物,林业部门,黑龙江省,汤原县,中国林蛙、黑龙江林蛙,500.0,1988
黑龙江乌底河,黑龙江省,23631117,县市级,野生动物,林业部门,黑龙江省,逊克县,猞猁、马鹿、貂熊,72000.0,1986
黑龙江黑瞎子沟,黑龙江省,23631118,县市级,野生动物,林业部门,黑龙江省,依兰县,中国林蛙、黑龙江林蛙,3799.0,2000
黑龙江劈山岭,黑龙江省,23631119,县市级,野生动物,林业部门,黑龙江省,依兰县,青羊、麝、鹿,2185.0,2000
黑龙江黄泥河,黑龙江省,23631120,县市级,野生动物,林业部门,黑龙江省,方正县,中国林蛙、黑龙江林蛙,600.0,2000
黑龙江石头河子,黑龙江省,23631121,县市级,野生动物,林业部门,黑龙江省,方正县,中国林蛙、黑龙江林蛙,600.0,2000
黑龙江南大肚子,黑龙江省,23631122,县市级,野生动物,林业部门,黑龙江省,桦川县,丹顶鹤、猞猁,1330.0,1992
女雅通岛、黄河口岛,黑龙江省,23632124,县市级,野生动物,环保部门,黑龙江省,黑河市瑷辉区, 候鸟及其生境,210.0,1998
择林,黑龙江省,23632130,县市级,野生动物,其他部门,黑龙江省,富锦市,"丹顶鹤、天鹅及其生境
大、小叶樟",9000.0,20001103
锦山,黑龙江省,23632131,县市级,野生动物,环保部门,黑龙江省,富锦市,"丹顶鹤、天鹅及湿地生态系统
大、小叶樟",8100.0,20001103
苏木河,黑龙江省,23632136,县市级,野生动物,农业部门,黑龙江省,佳木斯市,野生动物及其生境,3000.0,19910801
富锦连山泡,黑龙江省,23632144,县市级,野生动物,环保部门,黑龙江省,富锦市, 湿地生态系统,2000.0,1988
延寿加信子,黑龙江省,23632174,县市级,野生动物,其他部门,黑龙江省,延寿县,野生动物及其生境,1500.0,19961126
西洼荒,黑龙江省,23636170,县市级,野生动物,水利部门,黑龙江省,望奎县, 灰鹊、苍鹭等,2595.0,1990
黑龙江穆棱东北红豆杉,黑龙江省,23721040,国家级,野生植物,林业部门,黑龙江省,穆棱市,东北红豆杉及其森林生态系统,35648.0,20060313
黑龙江小兴安岭天然樟子松林,黑龙江省,23721078,省级,野生植物,林业部门,黑龙江省,伊春市汤旺河区,天然樟子松、红松,20100.0,2002
黑龙江松茸,黑龙江省,23731175,县市级,野生植物,林业部门,黑龙江省,东宁县,松茸,5670.0,1995
车陆湾子,黑龙江省,23732134,县市级,野生植物,环保部门,黑龙江省,逊克县,五味子、越桔、水曲柳及黄鼬、獐,400.0,19860111
麦海蕨菜,黑龙江省,23732157,县市级,野生植物,其他部门,黑龙江省,嫩江县,野生蕨菜及其生境,15200.0,19961016
沿江,黑龙江省,23732161,县市级,野生植物,环保部门,黑龙江省,孙吴县, 五味子,2500.0,1988
新民山,黑龙江省,23732162,县市级,野生植物,环保部门,黑龙江省,孙吴县,笃斯越桔等野生浆果植物及其生境,11000.0,19880302
库尔滨,黑龙江省,23732163,县市级,野生植物,环保部门,黑龙江省,逊克县, 野生浆果,214000.0,1986
黑龙江莲花湖,黑龙江省,23733173,县市级,野生植物,农业部门,黑龙江省,方正县,野生莲花,103.0,1998
沙田山竹,黑龙江省,23738132,县市级,野生植物,其他部门,黑龙江省,杜尔伯特蒙古族自治县,山竹子及其生境,1333.3,19861202
五马沙驼子药材,黑龙江省,23738169,县市级,草原草甸,环保部门,黑龙江省,杜尔伯特蒙古族自治县,野生中药材及草甸草原生态系统,6667.0,19861202
黑龙江五大连池国家级自然保护区,黑龙江省,23817002,国家级,地质遗迹,国土部门,黑龙江省,五大连池市,火山地质遗迹及矿泉水资源,100800.0,19800329
茅兰沟,黑龙江省,23828060,省级,地质遗迹,其他部门,黑龙江省,嘉荫县,森林生态系统及地质遗迹,35868.0,19991228
宝山玛瑙石,黑龙江省,23832164,县市级,地质遗迹,环保部门,黑龙江省,逊克县,玛瑙石,1532.0,19860706
沾河,黑龙江省,23832165,县市级,地质遗迹,林业部门,黑龙江省,逊克县,火山遗迹及野生动植物,2904.0,20010901
汤旺河石林,黑龙江省,23838142,县市级,森林生态,其他部门,黑龙江省,伊春市汤旺河区,红松阔叶混交林森林生态系统及天然花岗岩石,15300.0,19971231
嘉荫恐龙化石,黑龙江省,23927065,省级,古生物遗迹,国土部门,黑龙江省,嘉荫县,恐龙化石,3844.0,19980406
黑金河林蛙,黑龙江省,黑123,县市级,野生动物,林业部门,黑龙江省,汤原县,林蛙及其生境,480.0,19850901
女雅通岛-黄河口岛,黑龙江省,黑161,县市级,野生动物,环保部门,黑龙江省,黑河市爱辉区,候鸟及其生境,210.0,19970101
锦河,黑龙江省,黑158,县市级,野生动物,环保部门,黑龙江省,黑河市,野生动物及中草药,1500.0,19951010
黑龙江方正莲花湖,黑龙江省,黑05,县市级,野生植物,其他部门,黑龙江省,方正县,野生莲花及其生境,103.0,19981208
南大肚子沟,黑龙江省,黑120,县市级,野生动物,林业部门,黑龙江省,桦川县,梅花鹿、白头鹤、马鹿、猞猁、雪兔等野生动物及其生境,1330.0,19921001
新青白头鹤,黑龙江省,黑93,国家级,野生动物,林业部门,黑龙江省,伊春市新青区,白头鹤、驼鹿等珍稀动物及北温带森林生态系统和湿地生态系统,62567.0,20040427
珍宝岛湿地,黑龙江省,黑57,国家级,湿地生态,林业部门,黑龙江省,虎林市,湿地生态系统和珍稀濒危动植物,44364.0,20020415
黑龙江宝清七星河,黑龙江省,黑74,国家级,湿地生态,环保部门,黑龙江省,宝清县,湿地生态系统及其珍稀水禽,20000.0,19911017
富锦沿江湿地,黑龙江省,黑136,省级,湿地生态,其他部门,黑龙江省,富锦市,内陆湿地生态系统及珍稀水禽,26336.0,20080512
孙吴沿江,黑龙江省,黑179,县市级,野生植物,环保部门,黑龙江省,孙吴县,山梨、山荆子、山葡萄、五味子及其生境,2500.0,19880301
茂山林场,黑龙江省,黑50,县市级,野生动物,林业部门,黑龙江省,讷河市,丹顶鹤、狼等濒危动物及其生境,26641.0,19920306
富裕野生动物,黑龙江省,黑43,县市级,野生动物,林业部门,黑龙江省,富裕县,秃鹫、白尾鹞、红脚隼及其生境,2200.0,19950310
傲宝山水禽湿地,黑龙江省,黑41,县市级,野生动物,其他部门,黑龙江省,甘南县,丹顶鹤等水禽及其生境,5321.0,19890124
西洼荒湿地,黑龙江省,黑193,省级,湿地生态,环保部门,黑龙江省,望奎县,湿地生态系统及丹顶鹤等珍稀水禽,10201.0,19900401
连环湖水禽,黑龙江省,黑91,县市级,野生动物,其他部门,黑龙江省,杜尔伯特蒙古族自治县,丹顶鹤等水禽及其生境,42667.0,19861202
黑龙宫林蛙,黑龙江省,黑25,省级,野生动物,林业部门,黑龙江省,尚志市,林蛙及次生林,3600.0,19820430
山河林蛙,黑龙江省,黑20,省级,野生动物,林业部门,黑龙江省,阿城市,林蛙及其生境,870.0,19830101
北安,黑龙江省,黑183,省级,湿地生态,林业部门,黑龙江省,北安市,湿地生态系统及其珍稀动植物,36505.0,20061025
中央站黑嘴松鸡,黑龙江省,黑169,省级,野生动物,林业部门,黑龙江省,嫩江县,黑嘴松鸡及其生境,46743.0,20061226
乌裕尔河,黑龙江省,黑44,县市级,湿地生态,林业部门,黑龙江省,富裕县,湿地生态系统及丹顶鹤、老鸨,55423.0,20060301
五常大峡谷,黑龙江省,黑30,省级,森林生态,林业部门,黑龙江省,五常市,森林生态系统和野生动物,24998.0,20101229
太平沟,黑龙江省,黑63,省级,森林生态,林业部门,黑龙江省,鹤岗市,温带森林生态系统和野生动物,22199.0,20091230
老爷岭东北虎,黑龙江省,黑141,省级,野生动物,林业部门,黑龙江省,牡丹江市,东北虎及栖息地,71278.0,20111223
明水湿地,黑龙江省,黑204,省级,湿地生态,林业部门,黑龙江省,明水县,湿地生态系统及其珍稀动植物,30840.0,20070608
哈东沿江湿地,黑龙江省,黑01,省级,湿地生态,林业部门,黑龙江省,哈尔滨市道外区,湿地生态系统,10725.0,20100225
呼兰河口湿地,黑龙江省,黑03,省级,湿地生态,林业部门,黑龙江省,哈尔滨市呼兰区,湿地生态系统及水禽,19262.0,20080114
保兴野生动物,黑龙江省,黑07,县市级,野生动物,林业部门,黑龙江省,方正县,野生动物及其生境,22500.0,19830101
宾县沿江,黑龙江省,黑09,省级,湿地生态,林业部门,黑龙江省,宾县,湿地生态系统,10989.0,20121228
大通河,黑龙江省,黑14,县市级,地质遗迹,林业部门,黑龙江省,通河县,地质遗迹,300.0,20041101
通河平顶山,黑龙江省,黑15,省级,森林生态,环保部门,黑龙江省,通河县,森林生态系统和野生动物,20241.0,20101229
乌龙野生动物,黑龙江省,黑16,县市级,野生动物,林业部门,黑龙江省,通河县,野生动物及其生境,30000.0,19860101
二龙,黑龙江省,黑19,县市级,森林生态,林业部门,黑龙江省,延寿县,森林及野生动植物,12000.0,20010722
拉林河口湿地,黑龙江省,黑24,省级,湿地生态,林业部门,黑龙江省,双城市,湿地生态系统,17179.0,20091230
帽儿山,黑龙江省,黑26,县市级,森林生态,林业部门,黑龙江省,尚志市,森林及野生动植物,7655.0,19910308
虎峰,黑龙江省,黑27,县市级,森林生态,林业部门,黑龙江省,尚志市,森林及野生动植物,96280.0,20030501
老山头荷花,黑龙江省,黑28,县市级,野生植物,其他部门,黑龙江省,五常市,野生荷花及其生境,47.0,19881123
龙凤湖,黑龙江省,黑29,省级,湿地生态,水利部门,黑龙江省,五常市,湿地生态系统,15000.0,20090930
仙洞山,黑龙江省,黑31,省级,野生动物,其他部门,黑龙江省,齐齐哈尔市,野生梅花鹿及其栖息地,2450.0,20090407
齐齐哈尔沿江湿地,黑龙江省,黑33,省级,湿地生态,林业部门,黑龙江省,齐齐哈尔市梅里斯达斡尔族区,湿地生态系统,31675.0,20101102
龙江哈拉海,黑龙江省,黑35,省级,湿地生态,林业部门,黑龙江省,龙江县,湿地水域生态系统,23109.0,20110309
黑龙江讷谟尔河湿地,黑龙江省,黑36,省级,荒漠生态,其他部门,黑龙江省,依安县,湿地生态系统及其珍稀动植物,61385.0,20070813
二龙涛湿地,黑龙江省,黑37,省级,湿地生态,林业部门,黑龙江省,泰来县,湿地生态系统及珍稀濒危水鸟,13262.0,20100225
泰来东方红,黑龙江省,黑38,县市级,草原草甸,林业部门,黑龙江省,泰来县,森林、湿地及野生动植物,32000.0,19991001
绿色林场,黑龙江省,黑40·,县市级,森林生态,林业部门,黑龙江省,甘南县,水曲柳、樟子松、落叶松林,3065.0,19991229
扎音河湿地,黑龙江省,黑215,省级,湿地生态,环保部门,黑龙江省,海伦市,内陆湿地生态系统及丹顶鹤、中华秋沙鸭等珍稀动植物,21953.0,19940101
宋站草原,黑龙江省,黑212,县市级,草原草甸,环保部门,黑龙江省,肇东市,羊草草原生态系统,14666.0,19990817
二克山,黑龙江省,黑45,县市级,森林生态,其他部门,黑龙江省,克东县,狐狸、白桦、森林及野生动物,132.0,20000101
鹿角湖梅花鹿,黑龙江省,黑46,省级,野生动物,林业部门,黑龙江省,齐齐哈尔市克东县,梅花鹿及栖息地,7678.0,20111223
双阳河,黑龙江省,黑47,省级,湿地生态,林业部门,黑龙江省,齐齐哈尔市拜泉县,湿地水域生态系统,19460.0,20110309
尼尔基,黑龙江省,黑51,省级,湿地生态,环保部门,黑龙江省,讷河市,湿地生态系统,43438.0,20101102
七虎林,黑龙江省,黑55,县市级,野生动物,林业部门,黑龙江省,虎林市,野生动物及其生境,18328.0,19981001
元宝山湿地,黑龙江省,黑61,县市级,湿地生态,其他部门,黑龙江省,鹤岗市,湿地及野生动物,2000.0,19981101
绥滨两江湿地,黑龙江省,黑64,省级,湿地生态,林业部门,黑龙江省,鹤岗市,湿地生态系统,55490.0,20070608
王老好河,黑龙江省,黑65,县市级,湿地生态,环保部门,黑龙江省,萝北县,湿地生态系统及珍稀濒危动物,2700.0,20051001
老等山,黑龙江省,黑66,县市级,湿地生态,林业部门,黑龙江省,萝北县,沼泽湿地及珍稀水禽,5745.0,19890101
友谊,黑龙江省,黑72,县市级,湿地生态,林业部门,黑龙江省,友谊县,湿地生态系统及其珍稀水禽,4593.0,20071217
乌裕尔河-双阳河,黑龙江省,黑49,省级,湿地生态,其他部门,黑龙江省,讷河市,珍稀濒危的野生动植物物种及湿地生态系统,22934.0,20070806
西大海,黑龙江省,黑80,县市级,湿地生态,林业部门,黑龙江省,大庆市大同区,湿地生态系统,30988.0,20101008
卫星牧场草原,黑龙江省,黑82,县市级,草原草甸,农业部门,黑龙江省,肇州县,羊草草原,5605.4,20030501
肇源沿江湿地,黑龙江省,黑81,省级,湿地生态,林业部门,黑龙江省,肇源县,湿地水域生态系统及珍稀濒危野生动植物,57870.0,20080512
黑龙江二站莲花湖,黑龙江省,黑83,县市级,野生植物,其他部门,黑龙江省,肇源县,野生植物,120.0,19891219
东兴草甸草原,黑龙江省,黑87,县市级,草原草甸,农业部门,黑龙江省,林甸县,草甸草原生态系统,39737.0,20101008
大黑山羊草草原,黑龙江省,黑90,县市级,草原草甸,农业部门,黑龙江省,杜尔伯特蒙古族自治县,羊草草原,21000.0,19861202
伊春河源头,黑龙江省,黑92,省级,森林生态,林业部门,黑龙江省,伊春市,森林生态系统和野生动物,78864.0,20090101
黑龙江伊春周边森林,黑龙江省,黑94,县市级,森林生态,林业部门,黑龙江省,伊春市伊春区,森林生态系统,4009.0,20001201
翠峦城区,黑龙江省,黑96,县市级,森林生态,其他部门,黑龙江省,伊春市翠峦区,森林生态系统,66.75,20070501
乌马河紫貂,黑龙江省,黑100,省级,野生动物,林业部门,黑龙江省,伊春市,紫貂小兴安岭亚种及森林生态系统,20730.0,20060313
守虎山,黑龙江省,黑103,县市级,森林生态,林业部门,黑龙江省,伊春市汤旺河区,红松林、樟子松林生态系统,20100.0,20020401
平阳河湿地,黑龙江省,黑114,省级,湿地生态,其他部门,黑龙江省,嘉荫县,森林生态系统、内陆湿地及栖息的珍稀野生动植物,45988.0,20080512
林甸县花园野生药材,黑龙江省,黑84,县市级,野生植物,环保部门,黑龙江省,林甸县,中药材防风、桔梗,690.0,19780801
林甸县东北部草原野生中药材,黑龙江省,黑86,县市级,草原草甸,环保部门,黑龙江省,林甸县,草原草甸,30000.0,19991020
红星三阳,黑龙江省,黑108,县市级,森林生态,林业部门,黑龙江省,伊春市红星区,红松母树林,4644.0,19991229
红旗湿地,黑龙江省,黑181,省级,湿地生态,林业部门,黑龙江省,孙吴县,湿地水域生态系统,21283.0,20080512
平山,黑龙江省,黑182,省级,湿地生态,林业部门,黑龙江省,黑河市,湿地水域生态系统,21394.0,20111223
引龙河,黑龙江省,黑185,省级,湿地生态,林业部门,黑龙江省,黑河市五大连池市,湿地水域生态系统,24217.0,20110714
二龙山跃进水库,黑龙江省,黑188,县市级,森林生态,环保部门,黑龙江省,五大连池市,森林及野生动植物,2800.0,19961016
双岔河,黑龙江省,黑190,省级,湿地生态,林业部门,黑龙江省,绥化市,湿地水域生态系统,10360.0,19890101
佳木斯沿江湿地,黑龙江省,黑115,省级,湿地生态,林业部门,黑龙江省,佳木斯市,湿地生态系统及其珍稀水禽,11267.0,20070813
共和水库,黑龙江省,黑118,县市级,湿地生态,水利部门,黑龙江省,桦南县,湿地生态系统,16800.0,20001103
汤原黑鱼泡,黑龙江省,黑125,省级,湿地生态,林业部门,黑龙江省,汤原县,湿地生态系统及其珍稀水禽,22401.0,20070608
大亮子河,黑龙江省,黑126,县市级,森林生态,林业部门,黑龙江省,汤原县,森林生态系统,7175.0,19880501
锦江,黑龙江省,黑134,县市级,湿地生态,林业部门,黑龙江省,富锦市,内陆湿地生态系统及珍稀水禽,9700.0,20060125
倭肯河,黑龙江省,黑138,省级,湿地生态,林业部门,黑龙江省,七台河市,湿地水域生态系统,7363.0,20111223
东宁松茸,黑龙江省,黑143,县市级,野生植物,林业部门,黑龙江省,东宁县,松茸及其生境,5670.0,20021110
绥阳刺五加,黑龙江省,黑144,县市级,野生植物,林业部门,黑龙江省,东宁县,刺五加及其生境,7766.0,20021110
万宝湾松茸,黑龙江省,黑146,县市级,野生植物,林业部门,黑龙江省,东宁县,松茸及赤松林,17151.0,20021001
东宁鸟青山,黑龙江省,黑147,省级,森林生态,林业部门,黑龙江省,东宁县,温带森林生态系统和东北虎等珍稀动植物,18002.0,20070112
国防林,黑龙江省,黑148,县市级,森林生态,林业部门,黑龙江省,东宁县,森林及野生动物,37072.0,20021110
刺尔滨河,黑龙江省,黑162,省级,湿地生态,林业部门,黑龙江省,黑河市爱辉区,湿地生态系统,37790.0,20101229
科洛南山五味子,黑龙江省,黑164,县市级,野生植物,其他部门,黑龙江省,嫩江县,五味子,0.3,19910605
门鲁河,黑龙江省,黑168,省级,湿地生态,环保部门,黑龙江省,嫩江县,湿地生态系统,26312.0,20060703
库尔滨河,黑龙江省,黑177,县市级,野生植物,环保部门,黑龙江省,逊克县,五味子、越桔、水曲柳、黄菠萝、黄鼬、獐,214000.0,19980515
高滩西北套子,黑龙江省,黑178,县市级,野生植物,环保部门,黑龙江省,逊克县,野生植物及其生境,953.5,20060328
兰远草原,黑龙江省,黑196,省级,草原草甸,农业部门,黑龙江省,绥化市,草原与草甸生态系统,15874.0,20111223
干岔子,黑龙江省,黑174,省级,湿地生态,林业部门,黑龙江省,黑河市逊克县,湿地水域生态系统,21374.0,20111223
都尔滨河,黑龙江省,黑175,省级,湿地生态,林业部门,黑龙江省,黑河市逊克县,湿地水域生态系统,22375.0,20111223
黑龙江青冈新村森林,黑龙江省,黑198,县市级,森林生态,环保部门,黑龙江省,青冈县,森林生态系统及野生动植物,6881.0,19911001
双宝山马鹿,黑龙江省,黑201,省级,野生动物,林业部门,黑龙江省,庆安县,野生动物,21229.0,20080512
爱国水库,黑龙江省,黑202,县市级,湿地生态,环保部门,黑龙江省,明水县,水资源,100.0,19991209
双兴,黑龙江省,黑206,县市级,湿地生态,农业部门,黑龙江省,绥棱县,水资源、水禽及其生境,3396.0,19950701
红星湿地,黑龙江省,黑109,国家级,湿地生态,林业部门,黑龙江省,伊春市红星区,温带森林湿地生态系统,111995.0,20040913
黑龙江小北湖,黑龙江省,23121186,国家级,森林生态,林业部门,黑龙江省,宁安市,红松林生态系统及原麝、紫貂等珍稀动植物,20834.0,20061226
